feature,perm_importance_mean,perm_importance_std,model_name,model_accuracy,model_mcc,model_auc
ESR1,0.765986,0.039000,Combined Sources,0.929204,0.816245,0.943883
TTBK2,0.000000,0.000000,Combined Sources,0.929204,0.816245,0.943883
MTR,0.000000,0.000000,Combined Sources,0.929204,0.816245,0.943883
ABCD3,0.000000,0.000000,Combined Sources,0.929204,0.816245,0.943883
MACF1,0.000000,0.000000,Combined Sources,0.929204,0.816245,0.943883
CDC5L,0.000000,0.000000,Combined Sources,0.929204,0.816245,0.943883
RGS11,0.000000,0.000000,Combined Sources,0.929204,0.816245,0.943883
KRT3,0.000000,0.000000,Combined Sources,0.929204,0.816245,0.943883
HSD3B1,0.000000,0.000000,Combined Sources,0.929204,0.816245,0.943883
CRMP1,0.000000,0.000000,Combined Sources,0.929204,0.816245,0.943883
IDH1,0.000000,0.000000,Combined Sources,0.929204,0.816245,0.943883
RGS20,0.000000,0.000000,Combined Sources,0.929204,0.816245,0.943883
ENPP2,0.000000,0.000000,Combined Sources,0.929204,0.816245,0.943883
GP1BA,0.000000,0.000000,Combined Sources,0.929204,0.816245,0.943883
PA2G4,0.000000,0.000000,Combined Sources,0.929204,0.816245,0.943883
TRABD,0.000000,0.000000,Combined Sources,0.929204,0.816245,0.943883
TRIOBP,0.000000,0.000000,Combined Sources,0.929204,0.816245,0.943883
SGSH,0.000000,0.000000,Combined Sources,0.929204,0.816245,0.943883
TMEM158,0.000000,0.000000,Combined Sources,0.929204,0.816245,0.943883
LRRC1,0.000000,0.000000,Combined Sources,0.929204,0.816245,0.943883
CIITA,0.000000,0.000000,Combined Sources,0.929204,0.816245,0.943883
COLQ,0.000000,0.000000,Combined Sources,0.929204,0.816245,0.943883
JAK3,0.000000,0.000000,Combined Sources,0.929204,0.816245,0.943883
CPEB1,0.000000,0.000000,Combined Sources,0.929204,0.816245,0.943883
DIAPH2,0.000000,0.000000,Combined Sources,0.929204,0.816245,0.943883
PPP1R15A,0.000000,0.000000,Combined Sources,0.929204,0.816245,0.943883
CPS1,0.000000,0.000000,Combined Sources,0.929204,0.816245,0.943883
ARHGEF3,0.000000,0.000000,Combined Sources,0.929204,0.816245,0.943883
CABIN1,0.000000,0.000000,Combined Sources,0.929204,0.816245,0.943883
PLVAP,0.000000,0.000000,Combined Sources,0.929204,0.816245,0.943883
ZMYND11,0.000000,0.000000,Combined Sources,0.929204,0.816245,0.943883
C11orf71,0.000000,0.000000,Combined Sources,0.929204,0.816245,0.943883
FASN,0.000000,0.000000,Combined Sources,0.929204,0.816245,0.943883
SLC11A2,0.000000,0.000000,Combined Sources,0.929204,0.816245,0.943883
TUBA3C,0.000000,0.000000,Combined Sources,0.929204,0.816245,0.943883
MAU2,0.000000,0.000000,Combined Sources,0.929204,0.816245,0.943883
RTN4,0.000000,0.000000,Combined Sources,0.929204,0.816245,0.943883
C21orf91,0.000000,0.000000,Combined Sources,0.929204,0.816245,0.943883
LEMD3,0.000000,0.000000,Combined Sources,0.929204,0.816245,0.943883
DRD5,0.000000,0.000000,Combined Sources,0.929204,0.816245,0.943883
CD2AP,0.000000,0.000000,Combined Sources,0.929204,0.816245,0.943883
VWA5A,0.000000,0.000000,Combined Sources,0.929204,0.816245,0.943883
SLC13A4,0.000000,0.000000,Combined Sources,0.929204,0.816245,0.943883
NR3C1,0.000000,0.000000,Combined Sources,0.929204,0.816245,0.943883
SRSF9,0.000000,0.000000,Combined Sources,0.929204,0.816245,0.943883
DUSP11,0.000000,0.000000,Combined Sources,0.929204,0.816245,0.943883
GUCY2C,0.000000,0.000000,Combined Sources,0.929204,0.816245,0.943883
DEAF1,0.000000,0.000000,Combined Sources,0.929204,0.816245,0.943883
PRKCSH,0.000000,0.000000,Combined Sources,0.929204,0.816245,0.943883
ZNF236,0.000000,0.000000,Combined Sources,0.929204,0.816245,0.943883
ORC3,0.000000,0.000000,Combined Sources,0.929204,0.816245,0.943883
IFIT5,0.000000,0.000000,Combined Sources,0.929204,0.816245,0.943883
PDGFB,0.000000,0.000000,Combined Sources,0.929204,0.816245,0.943883
FBXW7,0.000000,0.000000,Combined Sources,0.929204,0.816245,0.943883
ZFY,0.000000,0.000000,Combined Sources,0.929204,0.816245,0.943883
ADAMTS3,0.000000,0.000000,Combined Sources,0.929204,0.816245,0.943883
STRA6,0.000000,0.000000,Combined Sources,0.929204,0.816245,0.943883
MEFV,0.000000,0.000000,Combined Sources,0.929204,0.816245,0.943883
HECW1,0.000000,0.000000,Combined Sources,0.929204,0.816245,0.943883
SLA,0.000000,0.000000,Combined Sources,0.929204,0.816245,0.943883
DLX5,0.000000,0.000000,Combined Sources,0.929204,0.816245,0.943883
ARIH2,0.000000,0.000000,Combined Sources,0.929204,0.816245,0.943883
STARD7,0.000000,0.000000,Combined Sources,0.929204,0.816245,0.943883
RHOBTB2,0.000000,0.000000,Combined Sources,0.929204,0.816245,0.943883
HMMR,0.000000,0.000000,Combined Sources,0.929204,0.816245,0.943883
SCN3A,0.000000,0.000000,Combined Sources,0.929204,0.816245,0.943883
KCNJ13,0.000000,0.000000,Combined Sources,0.929204,0.816245,0.943883
SEMA7A,0.000000,0.000000,Combined Sources,0.929204,0.816245,0.943883
BOP1,0.000000,0.000000,Combined Sources,0.929204,0.816245,0.943883
ROCK1,0.000000,0.000000,Combined Sources,0.929204,0.816245,0.943883
KIAA0087,0.000000,0.000000,Combined Sources,0.929204,0.816245,0.943883
NUDCD3,0.000000,0.000000,Combined Sources,0.929204,0.816245,0.943883
PAQR5,0.000000,0.000000,Combined Sources,0.929204,0.816245,0.943883
BEX1,0.000000,0.000000,Combined Sources,0.929204,0.816245,0.943883
NOP56,0.000000,0.000000,Combined Sources,0.929204,0.816245,0.943883
HOXA3,0.000000,0.000000,Combined Sources,0.929204,0.816245,0.943883
RANBP3,0.000000,0.000000,Combined Sources,0.929204,0.816245,0.943883
LAT,0.000000,0.000000,Combined Sources,0.929204,0.816245,0.943883
UAP1,0.000000,0.000000,Combined Sources,0.929204,0.816245,0.943883
CYP2J2,0.000000,0.000000,Combined Sources,0.929204,0.816245,0.943883
AFF3,0.000000,0.000000,Combined Sources,0.929204,0.816245,0.943883
BARD1,0.000000,0.000000,Combined Sources,0.929204,0.816245,0.943883
FMO4,0.000000,0.000000,Combined Sources,0.929204,0.816245,0.943883
WDR74,0.000000,0.000000,Combined Sources,0.929204,0.816245,0.943883
PLA2G15,0.000000,0.000000,Combined Sources,0.929204,0.816245,0.943883
GJA4,0.000000,0.000000,Combined Sources,0.929204,0.816245,0.943883
TARP,0.000000,0.000000,Combined Sources,0.929204,0.816245,0.943883
ZSCAN16,0.000000,0.000000,Combined Sources,0.929204,0.816245,0.943883
KIFC3,0.000000,0.000000,Combined Sources,0.929204,0.816245,0.943883
FOXD2,0.000000,0.000000,Combined Sources,0.929204,0.816245,0.943883
EAPP,0.000000,0.000000,Combined Sources,0.929204,0.816245,0.943883
CPEB3,0.000000,0.000000,Combined Sources,0.929204,0.816245,0.943883
RRM1,0.000000,0.000000,Combined Sources,0.929204,0.816245,0.943883
ARHGAP22,0.000000,0.000000,Combined Sources,0.929204,0.816245,0.943883
TSPYL1,0.000000,0.000000,Combined Sources,0.929204,0.816245,0.943883
ZNF304,0.000000,0.000000,Combined Sources,0.929204,0.816245,0.943883
FAM20B,0.000000,0.000000,Combined Sources,0.929204,0.816245,0.943883
IQCB1,0.000000,0.000000,Combined Sources,0.929204,0.816245,0.943883
LNPEP,0.000000,0.000000,Combined Sources,0.929204,0.816245,0.943883
HTR7P1,0.000000,0.000000,Combined Sources,0.929204,0.816245,0.943883
PTGIR,0.000000,0.000000,Combined Sources,0.929204,0.816245,0.943883
TMEM184B,0.000000,0.000000,Combined Sources,0.929204,0.816245,0.943883
CACNA1G,0.000000,0.000000,Combined Sources,0.929204,0.816245,0.943883
EIF2AK2,0.000000,0.000000,Combined Sources,0.929204,0.816245,0.943883
BLVRB,0.000000,0.000000,Combined Sources,0.929204,0.816245,0.943883
OXSR1,0.000000,0.000000,Combined Sources,0.929204,0.816245,0.943883
SRD5A3,0.000000,0.000000,Combined Sources,0.929204,0.816245,0.943883
ALOX5,0.000000,0.000000,Combined Sources,0.929204,0.816245,0.943883
HNRNPA1,0.000000,0.000000,Combined Sources,0.929204,0.816245,0.943883
DPP6,0.000000,0.000000,Combined Sources,0.929204,0.816245,0.943883
SBF1,0.000000,0.000000,Combined Sources,0.929204,0.816245,0.943883
IL1R2,0.000000,0.000000,Combined Sources,0.929204,0.816245,0.943883
MRPS7,0.000000,0.000000,Combined Sources,0.929204,0.816245,0.943883
DDX3X,0.000000,0.000000,Combined Sources,0.929204,0.816245,0.943883
CBFA2T2,0.000000,0.000000,Combined Sources,0.929204,0.816245,0.943883
L1TD1,0.000000,0.000000,Combined Sources,0.929204,0.816245,0.943883
CDK10,0.000000,0.000000,Combined Sources,0.929204,0.816245,0.943883
ABCD2,0.000000,0.000000,Combined Sources,0.929204,0.816245,0.943883
RAD1,0.000000,0.000000,Combined Sources,0.929204,0.816245,0.943883
ING4,0.000000,0.000000,Combined Sources,0.929204,0.816245,0.943883
COQ4,0.000000,0.000000,Combined Sources,0.929204,0.816245,0.943883
PITX3,0.000000,0.000000,Combined Sources,0.929204,0.816245,0.943883
PMM2,0.000000,0.000000,Combined Sources,0.929204,0.816245,0.943883
ACAA1,0.000000,0.000000,Combined Sources,0.929204,0.816245,0.943883
TCF21,0.000000,0.000000,Combined Sources,0.929204,0.816245,0.943883
PRCP,0.000000,0.000000,Combined Sources,0.929204,0.816245,0.943883
ROR1,0.000000,0.000000,Combined Sources,0.929204,0.816245,0.943883
PDGFA,0.000000,0.000000,Combined Sources,0.929204,0.816245,0.943883
ASMT,0.000000,0.000000,Combined Sources,0.929204,0.816245,0.943883
CHD9,0.000000,0.000000,Combined Sources,0.929204,0.816245,0.943883
NFKBIB,0.000000,0.000000,Combined Sources,0.929204,0.816245,0.943883
RAB3A,0.000000,0.000000,Combined Sources,0.929204,0.816245,0.943883
FGF22,0.000000,0.000000,Combined Sources,0.929204,0.816245,0.943883
RHCG,0.000000,0.000000,Combined Sources,0.929204,0.816245,0.943883
MT4,0.000000,0.000000,Combined Sources,0.929204,0.816245,0.943883
ZBTB1,0.000000,0.000000,Combined Sources,0.929204,0.816245,0.943883
PDP1,0.000000,0.000000,Combined Sources,0.929204,0.816245,0.943883
DCLRE1A,0.000000,0.000000,Combined Sources,0.929204,0.816245,0.943883
DNASE1,0.000000,0.000000,Combined Sources,0.929204,0.816245,0.943883
ZMPSTE24,0.000000,0.000000,Combined Sources,0.929204,0.816245,0.943883
CAPZA2,0.000000,0.000000,Combined Sources,0.929204,0.816245,0.943883
MYCN,0.000000,0.000000,Combined Sources,0.929204,0.816245,0.943883
SF3B1,0.000000,0.000000,Combined Sources,0.929204,0.816245,0.943883
STK38,0.000000,0.000000,Combined Sources,0.929204,0.816245,0.943883
TBL1XR1,0.000000,0.000000,Combined Sources,0.929204,0.816245,0.943883
BASP1,0.000000,0.000000,Combined Sources,0.929204,0.816245,0.943883
FOXI1,0.000000,0.000000,Combined Sources,0.929204,0.816245,0.943883
TBRG4,0.000000,0.000000,Combined Sources,0.929204,0.816245,0.943883
SIPA1L1,0.000000,0.000000,Combined Sources,0.929204,0.816245,0.943883
TCERG1,0.000000,0.000000,Combined Sources,0.929204,0.816245,0.943883
LXN,0.000000,0.000000,Combined Sources,0.929204,0.816245,0.943883
SMOX,0.000000,0.000000,Combined Sources,0.929204,0.816245,0.943883
ATP1A3,0.000000,0.000000,Combined Sources,0.929204,0.816245,0.943883
TULP2,0.000000,0.000000,Combined Sources,0.929204,0.816245,0.943883
ARL4C,0.000000,0.000000,Combined Sources,0.929204,0.816245,0.943883
HSPB6,0.000000,0.000000,Combined Sources,0.929204,0.816245,0.943883
ADRA2A,0.000000,0.000000,Combined Sources,0.929204,0.816245,0.943883
RHBDF2,0.000000,0.000000,Combined Sources,0.929204,0.816245,0.943883
KCTD15,0.000000,0.000000,Combined Sources,0.929204,0.816245,0.943883
RPGRIP1,0.000000,0.000000,Combined Sources,0.929204,0.816245,0.943883
CSNK1G2,0.000000,0.000000,Combined Sources,0.929204,0.816245,0.943883
MPV17,0.000000,0.000000,Combined Sources,0.929204,0.816245,0.943883
TMX4,0.000000,0.000000,Combined Sources,0.929204,0.816245,0.943883
HOXB5,0.000000,0.000000,Combined Sources,0.929204,0.816245,0.943883
SCP2,0.000000,0.000000,Combined Sources,0.929204,0.816245,0.943883
PLA2G2F,0.000000,0.000000,Combined Sources,0.929204,0.816245,0.943883
CAMK2B,0.000000,0.000000,Combined Sources,0.929204,0.816245,0.943883
PRB4,0.000000,0.000000,Combined Sources,0.929204,0.816245,0.943883
CD160,0.000000,0.000000,Combined Sources,0.929204,0.816245,0.943883
PIGK,0.000000,0.000000,Combined Sources,0.929204,0.816245,0.943883
SAMM50,0.000000,0.000000,Combined Sources,0.929204,0.816245,0.943883
SDC4,0.000000,0.000000,Combined Sources,0.929204,0.816245,0.943883
CLEC4E,0.000000,0.000000,Combined Sources,0.929204,0.816245,0.943883
PDE6G,0.000000,0.000000,Combined Sources,0.929204,0.816245,0.943883
MTMR9,0.000000,0.000000,Combined Sources,0.929204,0.816245,0.943883
GTF3C5,0.000000,0.000000,Combined Sources,0.929204,0.816245,0.943883
RBM5,0.000000,0.000000,Combined Sources,0.929204,0.816245,0.943883
CITED2,0.000000,0.000000,Combined Sources,0.929204,0.816245,0.943883
COL9A2,0.000000,0.000000,Combined Sources,0.929204,0.816245,0.943883
WWTR1,0.000000,0.000000,Combined Sources,0.929204,0.816245,0.943883
SMARCAL1,0.000000,0.000000,Combined Sources,0.929204,0.816245,0.943883
ACOT9,0.000000,0.000000,Combined Sources,0.929204,0.816245,0.943883
CDC123,0.000000,0.000000,Combined Sources,0.929204,0.816245,0.943883
TWF2,0.000000,0.000000,Combined Sources,0.929204,0.816245,0.943883
SIRT1,0.000000,0.000000,Combined Sources,0.929204,0.816245,0.943883
CARD9,0.000000,0.000000,Combined Sources,0.929204,0.816245,0.943883
CYP2B6,0.000000,0.000000,Combined Sources,0.929204,0.816245,0.943883
ASPSCR1,0.000000,0.000000,Combined Sources,0.929204,0.816245,0.943883
GPR176,0.000000,0.000000,Combined Sources,0.929204,0.816245,0.943883
PAX8,0.000000,0.000000,Combined Sources,0.929204,0.816245,0.943883
HIPK2,0.000000,0.000000,Combined Sources,0.929204,0.816245,0.943883
EYA4,0.000000,0.000000,Combined Sources,0.929204,0.816245,0.943883
C3orf36,0.000000,0.000000,Combined Sources,0.929204,0.816245,0.943883
ZNF467,0.000000,0.000000,Combined Sources,0.929204,0.816245,0.943883
SOCS1,0.000000,0.000000,Combined Sources,0.929204,0.816245,0.943883
AATF,0.000000,0.000000,Combined Sources,0.929204,0.816245,0.943883
MAZ,0.000000,0.000000,Combined Sources,0.929204,0.816245,0.943883
RTF1,0.000000,0.000000,Combined Sources,0.929204,0.816245,0.943883
EIF1AX,0.000000,0.000000,Combined Sources,0.929204,0.816245,0.943883
FNDC4,0.000000,0.000000,Combined Sources,0.929204,0.816245,0.943883
IARS2,0.000000,0.000000,Combined Sources,0.929204,0.816245,0.943883
TNIP1,0.000000,0.000000,Combined Sources,0.929204,0.816245,0.943883
ZNF552,0.000000,0.000000,Combined Sources,0.929204,0.816245,0.943883
GEM,0.000000,0.000000,Combined Sources,0.929204,0.816245,0.943883
FGF3,0.000000,0.000000,Combined Sources,0.929204,0.816245,0.943883
ARGLU1,0.000000,0.000000,Combined Sources,0.929204,0.816245,0.943883
ZNF224,0.000000,0.000000,Combined Sources,0.929204,0.816245,0.943883
DDRGK1,0.000000,0.000000,Combined Sources,0.929204,0.816245,0.943883
PCSK1,0.000000,0.000000,Combined Sources,0.929204,0.816245,0.943883
HTR2B,0.000000,0.000000,Combined Sources,0.929204,0.816245,0.943883
NFU1,0.000000,0.000000,Combined Sources,0.929204,0.816245,0.943883
SIGLEC7,0.000000,0.000000,Combined Sources,0.929204,0.816245,0.943883
BPIFA1,0.000000,0.000000,Combined Sources,0.929204,0.816245,0.943883
ARID4B,0.000000,0.000000,Combined Sources,0.929204,0.816245,0.943883
FBN2,0.000000,0.000000,Combined Sources,0.929204,0.816245,0.943883
ALB,0.000000,0.000000,Combined Sources,0.929204,0.816245,0.943883
APBB1,0.000000,0.000000,Combined Sources,0.929204,0.816245,0.943883
CACNA1H,0.000000,0.000000,Combined Sources,0.929204,0.816245,0.943883
ARHGEF11,0.000000,0.000000,Combined Sources,0.929204,0.816245,0.943883
TAX1BP1,0.000000,0.000000,Combined Sources,0.929204,0.816245,0.943883
RABEPK,0.000000,0.000000,Combined Sources,0.929204,0.816245,0.943883
CHMP4A,0.000000,0.000000,Combined Sources,0.929204,0.816245,0.943883
FHL5,0.000000,0.000000,Combined Sources,0.929204,0.816245,0.943883
B3GALT2,0.000000,0.000000,Combined Sources,0.929204,0.816245,0.943883
MEA1,0.000000,0.000000,Combined Sources,0.929204,0.816245,0.943883
SLC33A1,0.000000,0.000000,Combined Sources,0.929204,0.816245,0.943883
PIK3R4,0.000000,0.000000,Combined Sources,0.929204,0.816245,0.943883
COL4A4,0.000000,0.000000,Combined Sources,0.929204,0.816245,0.943883
VPS11,0.000000,0.000000,Combined Sources,0.929204,0.816245,0.943883
GSR,0.000000,0.000000,Combined Sources,0.929204,0.816245,0.943883
DIO2,0.000000,0.000000,Combined Sources,0.929204,0.816245,0.943883
KCNK13,0.000000,0.000000,Combined Sources,0.929204,0.816245,0.943883
CDK5,0.000000,0.000000,Combined Sources,0.929204,0.816245,0.943883
SLC6A16,0.000000,0.000000,Combined Sources,0.929204,0.816245,0.943883
DSCAM,0.000000,0.000000,Combined Sources,0.929204,0.816245,0.943883
GIN1,0.000000,0.000000,Combined Sources,0.929204,0.816245,0.943883
PSAT1,0.000000,0.000000,Combined Sources,0.929204,0.816245,0.943883
ACOT13,0.000000,0.000000,Combined Sources,0.929204,0.816245,0.943883
TRAF3IP1,0.000000,0.000000,Combined Sources,0.929204,0.816245,0.943883
ZG16,0.000000,0.000000,Combined Sources,0.929204,0.816245,0.943883
GHRHR,0.000000,0.000000,Combined Sources,0.929204,0.816245,0.943883
UNC50,0.000000,0.000000,Combined Sources,0.929204,0.816245,0.943883
TMEM30B,0.000000,0.000000,Combined Sources,0.929204,0.816245,0.943883
NEIL3,0.000000,0.000000,Combined Sources,0.929204,0.816245,0.943883
LPAL2,0.000000,0.000000,Combined Sources,0.929204,0.816245,0.943883
TRPV5,0.000000,0.000000,Combined Sources,0.929204,0.816245,0.943883
PEX13,0.000000,0.000000,Combined Sources,0.929204,0.816245,0.943883
LAMB2,0.000000,0.000000,Combined Sources,0.929204,0.816245,0.943883
ITGB3,0.000000,0.000000,Combined Sources,0.929204,0.816245,0.943883
CSN1S1,0.000000,0.000000,Combined Sources,0.929204,0.816245,0.943883
BICD2,0.000000,0.000000,Combined Sources,0.929204,0.816245,0.943883
RNF125,0.000000,0.000000,Combined Sources,0.929204,0.816245,0.943883
NRP1,0.000000,0.000000,Combined Sources,0.929204,0.816245,0.943883
TES,0.000000,0.000000,Combined Sources,0.929204,0.816245,0.943883
CTTN,0.000000,0.000000,Combined Sources,0.929204,0.816245,0.943883
MARK2,0.000000,0.000000,Combined Sources,0.929204,0.816245,0.943883
TPPP,0.000000,0.000000,Combined Sources,0.929204,0.816245,0.943883
DLGAP2,0.000000,0.000000,Combined Sources,0.929204,0.816245,0.943883
MRPL4,0.000000,0.000000,Combined Sources,0.929204,0.816245,0.943883
CHMP5,0.000000,0.000000,Combined Sources,0.929204,0.816245,0.943883
RFNG,0.000000,0.000000,Combined Sources,0.929204,0.816245,0.943883
PADI4,0.000000,0.000000,Combined Sources,0.929204,0.816245,0.943883
KLHL24,0.000000,0.000000,Combined Sources,0.929204,0.816245,0.943883
CYP27A1,0.000000,0.000000,Combined Sources,0.929204,0.816245,0.943883
USP13,0.000000,0.000000,Combined Sources,0.929204,0.816245,0.943883
LGALS3,0.000000,0.000000,Combined Sources,0.929204,0.816245,0.943883
VGLL1,0.000000,0.000000,Combined Sources,0.929204,0.816245,0.943883
C1S,0.000000,0.000000,Combined Sources,0.929204,0.816245,0.943883
PSORS1C2,0.000000,0.000000,Combined Sources,0.929204,0.816245,0.943883
GRK1,0.000000,0.000000,Combined Sources,0.929204,0.816245,0.943883
PKP1,0.000000,0.000000,Combined Sources,0.929204,0.816245,0.943883
C15orf39,0.000000,0.000000,Combined Sources,0.929204,0.816245,0.943883
GTF2H5,0.000000,0.000000,Combined Sources,0.929204,0.816245,0.943883
TRIM31,0.000000,0.000000,Combined Sources,0.929204,0.816245,0.943883
FBXL15,0.000000,0.000000,Combined Sources,0.929204,0.816245,0.943883
FLCN,0.000000,0.000000,Combined Sources,0.929204,0.816245,0.943883
ZNF639,0.000000,0.000000,Combined Sources,0.929204,0.816245,0.943883
BGN,0.000000,0.000000,Combined Sources,0.929204,0.816245,0.943883
VNN1,0.000000,0.000000,Combined Sources,0.929204,0.816245,0.943883
TRMT112,0.000000,0.000000,Combined Sources,0.929204,0.816245,0.943883
BTRC,0.000000,0.000000,Combined Sources,0.929204,0.816245,0.943883
ULK1,0.000000,0.000000,Combined Sources,0.929204,0.816245,0.943883
BCL2L14,0.000000,0.000000,Combined Sources,0.929204,0.816245,0.943883
SART3,0.000000,0.000000,Combined Sources,0.929204,0.816245,0.943883
PLCH1,0.000000,0.000000,Combined Sources,0.929204,0.816245,0.943883
SIRT7,0.000000,0.000000,Combined Sources,0.929204,0.816245,0.943883
CELA3B,0.000000,0.000000,Combined Sources,0.929204,0.816245,0.943883
PPA2,0.000000,0.000000,Combined Sources,0.929204,0.816245,0.943883
HOMER3,0.000000,0.000000,Combined Sources,0.929204,0.816245,0.943883
SH3GLB1,0.000000,0.000000,Combined Sources,0.929204,0.816245,0.943883
TMED1,0.000000,0.000000,Combined Sources,0.929204,0.816245,0.943883
PCDHGA8,0.000000,0.000000,Combined Sources,0.929204,0.816245,0.943883
PCDHGC3,0.000000,0.000000,Combined Sources,0.929204,0.816245,0.943883
PEX14,0.000000,0.000000,Combined Sources,0.929204,0.816245,0.943883
SP3,0.000000,0.000000,Combined Sources,0.929204,0.816245,0.943883
B3GALNT1,0.000000,0.000000,Combined Sources,0.929204,0.816245,0.943883
SLC1A7,0.000000,0.000000,Combined Sources,0.929204,0.816245,0.943883
SMPD3,0.000000,0.000000,Combined Sources,0.929204,0.816245,0.943883
ARHGAP12,0.000000,0.000000,Combined Sources,0.929204,0.816245,0.943883
CYP4A11,0.000000,0.000000,Combined Sources,0.929204,0.816245,0.943883
FAM163A,0.000000,0.000000,Combined Sources,0.929204,0.816245,0.943883
ERICH1,0.000000,0.000000,Combined Sources,0.929204,0.816245,0.943883
PPP1R9A,0.000000,0.000000,Combined Sources,0.929204,0.816245,0.943883
CD9,0.000000,0.000000,Combined Sources,0.929204,0.816245,0.943883
TKTL1,0.000000,0.000000,Combined Sources,0.929204,0.816245,0.943883
SLIT2,0.000000,0.000000,Combined Sources,0.929204,0.816245,0.943883
SLC25A20,0.000000,0.000000,Combined Sources,0.929204,0.816245,0.943883
ST8SIA1,0.000000,0.000000,Combined Sources,0.929204,0.816245,0.943883
RPL4,0.000000,0.000000,Combined Sources,0.929204,0.816245,0.943883
ARAP3,0.000000,0.000000,Combined Sources,0.929204,0.816245,0.943883
SLC7A4,0.000000,0.000000,Combined Sources,0.929204,0.816245,0.943883
DBP,0.000000,0.000000,Combined Sources,0.929204,0.816245,0.943883
IPW,0.000000,0.000000,Combined Sources,0.929204,0.816245,0.943883
LUC7L,0.000000,0.000000,Combined Sources,0.929204,0.816245,0.943883
CD22,0.000000,0.000000,Combined Sources,0.929204,0.816245,0.943883
TIMP3,0.000000,0.000000,Combined Sources,0.929204,0.816245,0.943883
CLTB,0.000000,0.000000,Combined Sources,0.929204,0.816245,0.943883
RALBP1,0.000000,0.000000,Combined Sources,0.929204,0.816245,0.943883
PITPNB,0.000000,0.000000,Combined Sources,0.929204,0.816245,0.943883
SPINT3,0.000000,0.000000,Combined Sources,0.929204,0.816245,0.943883
HIF1AN,0.000000,0.000000,Combined Sources,0.929204,0.816245,0.943883
ZNF432,0.000000,0.000000,Combined Sources,0.929204,0.816245,0.943883
SYN3,0.000000,0.000000,Combined Sources,0.929204,0.816245,0.943883
DHCR7,0.000000,0.000000,Combined Sources,0.929204,0.816245,0.943883
ZNF140,0.000000,0.000000,Combined Sources,0.929204,0.816245,0.943883
B3GALT4,0.000000,0.000000,Combined Sources,0.929204,0.816245,0.943883
CNGA3,0.000000,0.000000,Combined Sources,0.929204,0.816245,0.943883
NCAPH2,0.000000,0.000000,Combined Sources,0.929204,0.816245,0.943883
HBBP1,0.000000,0.000000,Combined Sources,0.929204,0.816245,0.943883
LPGAT1,0.000000,0.000000,Combined Sources,0.929204,0.816245,0.943883
TCAP,0.000000,0.000000,Combined Sources,0.929204,0.816245,0.943883
ARTN,0.000000,0.000000,Combined Sources,0.929204,0.816245,0.943883
DHX30,0.000000,0.000000,Combined Sources,0.929204,0.816245,0.943883
RBM39,0.000000,0.000000,Combined Sources,0.929204,0.816245,0.943883
OR1D2,0.000000,0.000000,Combined Sources,0.929204,0.816245,0.943883
PGLS,0.000000,0.000000,Combined Sources,0.929204,0.816245,0.943883
TRPV6,0.000000,0.000000,Combined Sources,0.929204,0.816245,0.943883
RNF216,0.000000,0.000000,Combined Sources,0.929204,0.816245,0.943883
ADNP,0.000000,0.000000,Combined Sources,0.929204,0.816245,0.943883
FAM216A,0.000000,0.000000,Combined Sources,0.929204,0.816245,0.943883
P4HA1,0.000000,0.000000,Combined Sources,0.929204,0.816245,0.943883
TNIP3,0.000000,0.000000,Combined Sources,0.929204,0.816245,0.943883
DR1,0.000000,0.000000,Combined Sources,0.929204,0.816245,0.943883
CLCA1,0.000000,0.000000,Combined Sources,0.929204,0.816245,0.943883
RNF7,0.000000,0.000000,Combined Sources,0.929204,0.816245,0.943883
TRAPPC3,0.000000,0.000000,Combined Sources,0.929204,0.816245,0.943883
DRAM1,0.000000,0.000000,Combined Sources,0.929204,0.816245,0.943883
OR7C2,0.000000,0.000000,Combined Sources,0.929204,0.816245,0.943883
SRSF1,0.000000,0.000000,Combined Sources,0.929204,0.816245,0.943883
AHR,0.000000,0.000000,Combined Sources,0.929204,0.816245,0.943883
PAK2,0.000000,0.000000,Combined Sources,0.929204,0.816245,0.943883
ATP6V0E1,0.000000,0.000000,Combined Sources,0.929204,0.816245,0.943883
LILRA1,0.000000,0.000000,Combined Sources,0.929204,0.816245,0.943883
UBD,0.000000,0.000000,Combined Sources,0.929204,0.816245,0.943883
EFNB2,0.000000,0.000000,Combined Sources,0.929204,0.816245,0.943883
EIF2S1,0.000000,0.000000,Combined Sources,0.929204,0.816245,0.943883
NOX1,0.000000,0.000000,Combined Sources,0.929204,0.816245,0.943883
DDAH1,0.000000,0.000000,Combined Sources,0.929204,0.816245,0.943883
DTNB,0.000000,0.000000,Combined Sources,0.929204,0.816245,0.943883
C11orf24,0.000000,0.000000,Combined Sources,0.929204,0.816245,0.943883
SPANXB1,0.000000,0.000000,Combined Sources,0.929204,0.816245,0.943883
TSHZ2,0.000000,0.000000,Combined Sources,0.929204,0.816245,0.943883
RAB28,0.000000,0.000000,Combined Sources,0.929204,0.816245,0.943883
ADCY2,0.000000,0.000000,Combined Sources,0.929204,0.816245,0.943883
ELP3,0.000000,0.000000,Combined Sources,0.929204,0.816245,0.943883
DNM3,0.000000,0.000000,Combined Sources,0.929204,0.816245,0.943883
RRM2,0.000000,0.000000,Combined Sources,0.929204,0.816245,0.943883
FOXB1,0.000000,0.000000,Combined Sources,0.929204,0.816245,0.943883
GNPDA1,0.000000,0.000000,Combined Sources,0.929204,0.816245,0.943883
PAWR,0.000000,0.000000,Combined Sources,0.929204,0.816245,0.943883
APOC3,0.000000,0.000000,Combined Sources,0.929204,0.816245,0.943883
SLC30A5,0.000000,0.000000,Combined Sources,0.929204,0.816245,0.943883
STXBP6,0.000000,0.000000,Combined Sources,0.929204,0.816245,0.943883
TSC2,0.000000,0.000000,Combined Sources,0.929204,0.816245,0.943883
NEFL,0.000000,0.000000,Combined Sources,0.929204,0.816245,0.943883
AP1G1,0.000000,0.000000,Combined Sources,0.929204,0.816245,0.943883
PAX3,0.000000,0.000000,Combined Sources,0.929204,0.816245,0.943883
CCL24,0.000000,0.000000,Combined Sources,0.929204,0.816245,0.943883
DAD1,0.000000,0.000000,Combined Sources,0.929204,0.816245,0.943883
CDA,0.000000,0.000000,Combined Sources,0.929204,0.816245,0.943883
GOSR2,0.000000,0.000000,Combined Sources,0.929204,0.816245,0.943883
CCDC33,0.000000,0.000000,Combined Sources,0.929204,0.816245,0.943883
FOXJ3,0.000000,0.000000,Combined Sources,0.929204,0.816245,0.943883
HLA-DRA,0.000000,0.000000,Combined Sources,0.929204,0.816245,0.943883
PLCL1,0.000000,0.000000,Combined Sources,0.929204,0.816245,0.943883
PLIN3,0.000000,0.000000,Combined Sources,0.929204,0.816245,0.943883
FZD5,0.000000,0.000000,Combined Sources,0.929204,0.816245,0.943883
ETFB,0.000000,0.000000,Combined Sources,0.929204,0.816245,0.943883
WDR44,0.000000,0.000000,Combined Sources,0.929204,0.816245,0.943883
NEDD4,0.000000,0.000000,Combined Sources,0.929204,0.816245,0.943883
WSB2,0.000000,0.000000,Combined Sources,0.929204,0.816245,0.943883
HAUS2,0.000000,0.000000,Combined Sources,0.929204,0.816245,0.943883
EML2,0.000000,0.000000,Combined Sources,0.929204,0.816245,0.943883
MRFAP1L1,0.000000,0.000000,Combined Sources,0.929204,0.816245,0.943883
SFXN1,0.000000,0.000000,Combined Sources,0.929204,0.816245,0.943883
CDIPT,0.000000,0.000000,Combined Sources,0.929204,0.816245,0.943883
TCTN1,0.000000,0.000000,Combined Sources,0.929204,0.816245,0.943883
VWA7,0.000000,0.000000,Combined Sources,0.929204,0.816245,0.943883
SLC39A2,0.000000,0.000000,Combined Sources,0.929204,0.816245,0.943883
FAM118A,0.000000,0.000000,Combined Sources,0.929204,0.816245,0.943883
CLEC2B,0.000000,0.000000,Combined Sources,0.929204,0.816245,0.943883
LUM,0.000000,0.000000,Combined Sources,0.929204,0.816245,0.943883
GALNT12,0.000000,0.000000,Combined Sources,0.929204,0.816245,0.943883
PCDHA6,0.000000,0.000000,Combined Sources,0.929204,0.816245,0.943883
GUCY2F,0.000000,0.000000,Combined Sources,0.929204,0.816245,0.943883
GATA2,0.000000,0.000000,Combined Sources,0.929204,0.816245,0.943883
COQ2,0.000000,0.000000,Combined Sources,0.929204,0.816245,0.943883
CTDSPL,0.000000,0.000000,Combined Sources,0.929204,0.816245,0.943883
COL1A1,0.000000,0.000000,Combined Sources,0.929204,0.816245,0.943883
HOXB6,0.000000,0.000000,Combined Sources,0.929204,0.816245,0.943883
IKZF2,0.000000,0.000000,Combined Sources,0.929204,0.816245,0.943883
DDO,0.000000,0.000000,Combined Sources,0.929204,0.816245,0.943883
ERP29,0.000000,0.000000,Combined Sources,0.929204,0.816245,0.943883
COL8A2,0.000000,0.000000,Combined Sources,0.929204,0.816245,0.943883
PCDHGA9,0.000000,0.000000,Combined Sources,0.929204,0.816245,0.943883
EVI2A,0.000000,0.000000,Combined Sources,0.929204,0.816245,0.943883
HSD17B14,0.000000,0.000000,Combined Sources,0.929204,0.816245,0.943883
IKZF1,0.000000,0.000000,Combined Sources,0.929204,0.816245,0.943883
MN1,0.000000,0.000000,Combined Sources,0.929204,0.816245,0.943883
EGF,0.000000,0.000000,Combined Sources,0.929204,0.816245,0.943883
HRK,0.000000,0.000000,Combined Sources,0.929204,0.816245,0.943883
GPR135,0.000000,0.000000,Combined Sources,0.929204,0.816245,0.943883
TMEM222,0.000000,0.000000,Combined Sources,0.929204,0.816245,0.943883
THNSL2,0.000000,0.000000,Combined Sources,0.929204,0.816245,0.943883
GABRA2,0.000000,0.000000,Combined Sources,0.929204,0.816245,0.943883
CAMTA2,0.000000,0.000000,Combined Sources,0.929204,0.816245,0.943883
ZNF23,0.000000,0.000000,Combined Sources,0.929204,0.816245,0.943883
HOXD12,0.000000,0.000000,Combined Sources,0.929204,0.816245,0.943883
SCRT1,0.000000,0.000000,Combined Sources,0.929204,0.816245,0.943883
EIF2D,0.000000,0.000000,Combined Sources,0.929204,0.816245,0.943883
HTR1E,0.000000,0.000000,Combined Sources,0.929204,0.816245,0.943883
GRK6,0.000000,0.000000,Combined Sources,0.929204,0.816245,0.943883
BAALC,0.000000,0.000000,Combined Sources,0.929204,0.816245,0.943883
AMELY,0.000000,0.000000,Combined Sources,0.929204,0.816245,0.943883
RFX1,0.000000,0.000000,Combined Sources,0.929204,0.816245,0.943883
FPGS,0.000000,0.000000,Combined Sources,0.929204,0.816245,0.943883
CCDC68,0.000000,0.000000,Combined Sources,0.929204,0.816245,0.943883
TJP2,0.000000,0.000000,Combined Sources,0.929204,0.816245,0.943883
RPH3AL,0.000000,0.000000,Combined Sources,0.929204,0.816245,0.943883
STAM,0.000000,0.000000,Combined Sources,0.929204,0.816245,0.943883
NCOA2,0.000000,0.000000,Combined Sources,0.929204,0.816245,0.943883
GIT1,0.000000,0.000000,Combined Sources,0.929204,0.816245,0.943883
ARRB2,0.000000,0.000000,Combined Sources,0.929204,0.816245,0.943883
TP53AIP1,0.000000,0.000000,Combined Sources,0.929204,0.816245,0.943883
ASL,0.000000,0.000000,Combined Sources,0.929204,0.816245,0.943883
CER1,0.000000,0.000000,Combined Sources,0.929204,0.816245,0.943883
CCNL1,0.000000,0.000000,Combined Sources,0.929204,0.816245,0.943883
ING3,0.000000,0.000000,Combined Sources,0.929204,0.816245,0.943883
MPHOSPH9,0.000000,0.000000,Combined Sources,0.929204,0.816245,0.943883
FBXW4,0.000000,0.000000,Combined Sources,0.929204,0.816245,0.943883
SYNGR2,0.000000,0.000000,Combined Sources,0.929204,0.816245,0.943883
SMARCA5,0.000000,0.000000,Combined Sources,0.929204,0.816245,0.943883
F2RL2,0.000000,0.000000,Combined Sources,0.929204,0.816245,0.943883
SLC17A6,0.000000,0.000000,Combined Sources,0.929204,0.816245,0.943883
PTH1R,0.000000,0.000000,Combined Sources,0.929204,0.816245,0.943883
ZNF3,0.000000,0.000000,Combined Sources,0.929204,0.816245,0.943883
SYN2,0.000000,0.000000,Combined Sources,0.929204,0.816245,0.943883
PTAFR,0.000000,0.000000,Combined Sources,0.929204,0.816245,0.943883
GLRB,0.000000,0.000000,Combined Sources,0.929204,0.816245,0.943883
HAPLN2,0.000000,0.000000,Combined Sources,0.929204,0.816245,0.943883
RHOA,0.000000,0.000000,Combined Sources,0.929204,0.816245,0.943883
MEOX2,0.000000,0.000000,Combined Sources,0.929204,0.816245,0.943883
UBE2G1,0.000000,0.000000,Combined Sources,0.929204,0.816245,0.943883
PIN4,0.000000,0.000000,Combined Sources,0.929204,0.816245,0.943883
GLOD4,0.000000,0.000000,Combined Sources,0.929204,0.816245,0.943883
HCFC1R1,0.000000,0.000000,Combined Sources,0.929204,0.816245,0.943883
ZNF22,0.000000,0.000000,Combined Sources,0.929204,0.816245,0.943883
ANG,0.000000,0.000000,Combined Sources,0.929204,0.816245,0.943883
FOXJ2,0.000000,0.000000,Combined Sources,0.929204,0.816245,0.943883
ACTR2,0.000000,0.000000,Combined Sources,0.929204,0.816245,0.943883
EXOSC9,0.000000,0.000000,Combined Sources,0.929204,0.816245,0.943883
FUT5,0.000000,0.000000,Combined Sources,0.929204,0.816245,0.943883
ADRA1D,0.000000,0.000000,Combined Sources,0.929204,0.816245,0.943883
ANKRD28,0.000000,0.000000,Combined Sources,0.929204,0.816245,0.943883
WDR5B,0.000000,0.000000,Combined Sources,0.929204,0.816245,0.943883
TNN,0.000000,0.000000,Combined Sources,0.929204,0.816245,0.943883
HMGN3,0.000000,0.000000,Combined Sources,0.929204,0.816245,0.943883
N4BP3,0.000000,0.000000,Combined Sources,0.929204,0.816245,0.943883
LDHAL6B,0.000000,0.000000,Combined Sources,0.929204,0.816245,0.943883
MBL2,0.000000,0.000000,Combined Sources,0.929204,0.816245,0.943883
ZIM2,0.000000,0.000000,Combined Sources,0.929204,0.816245,0.943883
ATP1B2,0.000000,0.000000,Combined Sources,0.929204,0.816245,0.943883
F7,0.000000,0.000000,Combined Sources,0.929204,0.816245,0.943883
PSAP,0.000000,0.000000,Combined Sources,0.929204,0.816245,0.943883
PDGFRB,0.000000,0.000000,Combined Sources,0.929204,0.816245,0.943883
ST7,0.000000,0.000000,Combined Sources,0.929204,0.816245,0.943883
OAS2,0.000000,0.000000,Combined Sources,0.929204,0.816245,0.943883
HADH,0.000000,0.000000,Combined Sources,0.929204,0.816245,0.943883
HRH3,0.000000,0.000000,Combined Sources,0.929204,0.816245,0.943883
CNTNAP2,0.000000,0.000000,Combined Sources,0.929204,0.816245,0.943883
GALE,0.000000,0.000000,Combined Sources,0.929204,0.816245,0.943883
PLEKHA6,0.000000,0.000000,Combined Sources,0.929204,0.816245,0.943883
CEACAM7,0.000000,0.000000,Combined Sources,0.929204,0.816245,0.943883
CD28,0.000000,0.000000,Combined Sources,0.929204,0.816245,0.943883
HSP90AB1,0.000000,0.000000,Combined Sources,0.929204,0.816245,0.943883
CIB2,0.000000,0.000000,Combined Sources,0.929204,0.816245,0.943883
KIAA0319L,0.000000,0.000000,Combined Sources,0.929204,0.816245,0.943883
SNX5,0.000000,0.000000,Combined Sources,0.929204,0.816245,0.943883
MME,0.000000,0.000000,Combined Sources,0.929204,0.816245,0.943883
SERPINB4,0.000000,0.000000,Combined Sources,0.929204,0.816245,0.943883
SV2B,0.000000,0.000000,Combined Sources,0.929204,0.816245,0.943883
NFYA,0.000000,0.000000,Combined Sources,0.929204,0.816245,0.943883
MTM1,0.000000,0.000000,Combined Sources,0.929204,0.816245,0.943883
TRIT1,0.000000,0.000000,Combined Sources,0.929204,0.816245,0.943883
MPPE1,0.000000,0.000000,Combined Sources,0.929204,0.816245,0.943883
MYH11,0.000000,0.000000,Combined Sources,0.929204,0.816245,0.943883
TMEM39A,0.000000,0.000000,Combined Sources,0.929204,0.816245,0.943883
FZD1,0.000000,0.000000,Combined Sources,0.929204,0.816245,0.943883
NCK1,0.000000,0.000000,Combined Sources,0.929204,0.816245,0.943883
PTGDR2,0.000000,0.000000,Combined Sources,0.929204,0.816245,0.943883
GPN3,0.000000,0.000000,Combined Sources,0.929204,0.816245,0.943883
KIF26B,0.000000,0.000000,Combined Sources,0.929204,0.816245,0.943883
PLEKHO1,0.000000,0.000000,Combined Sources,0.929204,0.816245,0.943883
SEZ6L,0.000000,0.000000,Combined Sources,0.929204,0.816245,0.943883
OR7A5,0.000000,0.000000,Combined Sources,0.929204,0.816245,0.943883
NPFFR1,0.000000,0.000000,Combined Sources,0.929204,0.816245,0.943883
TCF15,0.000000,0.000000,Combined Sources,0.929204,0.816245,0.943883
CPSF1,0.000000,0.000000,Combined Sources,0.929204,0.816245,0.943883
MECOM,0.000000,0.000000,Combined Sources,0.929204,0.816245,0.943883
PNLIPRP1,0.000000,0.000000,Combined Sources,0.929204,0.816245,0.943883
TMEM147,0.000000,0.000000,Combined Sources,0.929204,0.816245,0.943883
PSMF1,0.000000,0.000000,Combined Sources,0.929204,0.816245,0.943883
OCEL1,0.000000,0.000000,Combined Sources,0.929204,0.816245,0.943883
NCSTN,0.000000,0.000000,Combined Sources,0.929204,0.816245,0.943883
ZNF549,0.000000,0.000000,Combined Sources,0.929204,0.816245,0.943883
FAH,0.000000,0.000000,Combined Sources,0.929204,0.816245,0.943883
TMPRSS11E,0.000000,0.000000,Combined Sources,0.929204,0.816245,0.943883
EPHA4,0.000000,0.000000,Combined Sources,0.929204,0.816245,0.943883
SCRN3,0.000000,0.000000,Combined Sources,0.929204,0.816245,0.943883
HAS2,0.000000,0.000000,Combined Sources,0.929204,0.816245,0.943883
HSPA1L,0.000000,0.000000,Combined Sources,0.929204,0.816245,0.943883
NHLRC2,0.000000,0.000000,Combined Sources,0.929204,0.816245,0.943883
SIVA1,0.000000,0.000000,Combined Sources,0.929204,0.816245,0.943883
ALPL,0.000000,0.000000,Combined Sources,0.929204,0.816245,0.943883
CCL4,0.000000,0.000000,Combined Sources,0.929204,0.816245,0.943883
NCAPG,0.000000,0.000000,Combined Sources,0.929204,0.816245,0.943883
DPYSL4,0.000000,0.000000,Combined Sources,0.929204,0.816245,0.943883
PNRC1,0.000000,0.000000,Combined Sources,0.929204,0.816245,0.943883
ST3GAL4,0.000000,0.000000,Combined Sources,0.929204,0.816245,0.943883
POLR1E,0.000000,0.000000,Combined Sources,0.929204,0.816245,0.943883
ZNF646,0.000000,0.000000,Combined Sources,0.929204,0.816245,0.943883
ISL1,0.000000,0.000000,Combined Sources,0.929204,0.816245,0.943883
ZBTB7C,0.000000,0.000000,Combined Sources,0.929204,0.816245,0.943883
CPB1,0.000000,0.000000,Combined Sources,0.929204,0.816245,0.943883
CCNB2,0.000000,0.000000,Combined Sources,0.929204,0.816245,0.943883
COG7,0.000000,0.000000,Combined Sources,0.929204,0.816245,0.943883
INTS7,0.000000,0.000000,Combined Sources,0.929204,0.816245,0.943883
SIX3,0.000000,0.000000,Combined Sources,0.929204,0.816245,0.943883
MMP14,0.000000,0.000000,Combined Sources,0.929204,0.816245,0.943883
GFPT1,0.000000,0.000000,Combined Sources,0.929204,0.816245,0.943883
LHB,0.000000,0.000000,Combined Sources,0.929204,0.816245,0.943883
CADM4,0.000000,0.000000,Combined Sources,0.929204,0.816245,0.943883
STRN,0.000000,0.000000,Combined Sources,0.929204,0.816245,0.943883
ACTN1,0.000000,0.000000,Combined Sources,0.929204,0.816245,0.943883
ZNF384,0.000000,0.000000,Combined Sources,0.929204,0.816245,0.943883
CDC27,0.000000,0.000000,Combined Sources,0.929204,0.816245,0.943883
KLF10,0.000000,0.000000,Combined Sources,0.929204,0.816245,0.943883
MTNR1A,0.000000,0.000000,Combined Sources,0.929204,0.816245,0.943883
MPST,0.000000,0.000000,Combined Sources,0.929204,0.816245,0.943883
OR5I1,0.000000,0.000000,Combined Sources,0.929204,0.816245,0.943883
TAGLN2,0.000000,0.000000,Combined Sources,0.929204,0.816245,0.943883
ZNF266,0.000000,0.000000,Combined Sources,0.929204,0.816245,0.943883
CINP,0.000000,0.000000,Combined Sources,0.929204,0.816245,0.943883
ZNF337,0.000000,0.000000,Combined Sources,0.929204,0.816245,0.943883
CLDN14,0.000000,0.000000,Combined Sources,0.929204,0.816245,0.943883
TEX264,0.000000,0.000000,Combined Sources,0.929204,0.816245,0.943883
ZNF668,0.000000,0.000000,Combined Sources,0.929204,0.816245,0.943883
RGS6,0.000000,0.000000,Combined Sources,0.929204,0.816245,0.943883
GPR50,0.000000,0.000000,Combined Sources,0.929204,0.816245,0.943883
EYA3,0.000000,0.000000,Combined Sources,0.929204,0.816245,0.943883
RING1,0.000000,0.000000,Combined Sources,0.929204,0.816245,0.943883
HKDC1,0.000000,0.000000,Combined Sources,0.929204,0.816245,0.943883
LMCD1,0.000000,0.000000,Combined Sources,0.929204,0.816245,0.943883
BPESC1,0.000000,0.000000,Combined Sources,0.929204,0.816245,0.943883
PDZRN3,0.000000,0.000000,Combined Sources,0.929204,0.816245,0.943883
RNF128,0.000000,0.000000,Combined Sources,0.929204,0.816245,0.943883
SASH3,0.000000,0.000000,Combined Sources,0.929204,0.816245,0.943883
VPS16,0.000000,0.000000,Combined Sources,0.929204,0.816245,0.943883
FIS1,0.000000,0.000000,Combined Sources,0.929204,0.816245,0.943883
BRWD1,0.000000,0.000000,Combined Sources,0.929204,0.816245,0.943883
TMEM59L,0.000000,0.000000,Combined Sources,0.929204,0.816245,0.943883
BAHD1,0.000000,0.000000,Combined Sources,0.929204,0.816245,0.943883
PPP1R13L,0.000000,0.000000,Combined Sources,0.929204,0.816245,0.943883
CYP26B1,0.000000,0.000000,Combined Sources,0.929204,0.816245,0.943883
RMND1,0.000000,0.000000,Combined Sources,0.929204,0.816245,0.943883
SYT17,0.000000,0.000000,Combined Sources,0.929204,0.816245,0.943883
DBNDD1,0.000000,0.000000,Combined Sources,0.929204,0.816245,0.943883
TGM1,0.000000,0.000000,Combined Sources,0.929204,0.816245,0.943883
ARCN1,0.000000,0.000000,Combined Sources,0.929204,0.816245,0.943883
GPR137B,0.000000,0.000000,Combined Sources,0.929204,0.816245,0.943883
ANGPTL2,0.000000,0.000000,Combined Sources,0.929204,0.816245,0.943883
ST6GALNAC4,0.000000,0.000000,Combined Sources,0.929204,0.816245,0.943883
WFDC2,0.000000,0.000000,Combined Sources,0.929204,0.816245,0.943883
PRSS23,0.000000,0.000000,Combined Sources,0.929204,0.816245,0.943883
NEAT1,0.000000,0.000000,Combined Sources,0.929204,0.816245,0.943883
CORO7,0.000000,0.000000,Combined Sources,0.929204,0.816245,0.943883
RGS16,0.000000,0.000000,Combined Sources,0.929204,0.816245,0.943883
ALDH1A3,0.000000,0.000000,Combined Sources,0.929204,0.816245,0.943883
MAT1A,0.000000,0.000000,Combined Sources,0.929204,0.816245,0.943883
FLRT1,0.000000,0.000000,Combined Sources,0.929204,0.816245,0.943883
ARL4D,0.000000,0.000000,Combined Sources,0.929204,0.816245,0.943883
MUC16,0.000000,0.000000,Combined Sources,0.929204,0.816245,0.943883
EMILIN2,0.000000,0.000000,Combined Sources,0.929204,0.816245,0.943883
GPR22,0.000000,0.000000,Combined Sources,0.929204,0.816245,0.943883
CDC14B,0.000000,0.000000,Combined Sources,0.929204,0.816245,0.943883
ZNF747,0.000000,0.000000,Combined Sources,0.929204,0.816245,0.943883
CPLX3,0.000000,0.000000,Combined Sources,0.929204,0.816245,0.943883
RUNX3,0.000000,0.000000,Combined Sources,0.929204,0.816245,0.943883
ZMYM6,0.000000,0.000000,Combined Sources,0.929204,0.816245,0.943883
LRRFIP1,0.000000,0.000000,Combined Sources,0.929204,0.816245,0.943883
CCDC90B,0.000000,0.000000,Combined Sources,0.929204,0.816245,0.943883
ZNF510,0.000000,0.000000,Combined Sources,0.929204,0.816245,0.943883
STOML1,0.000000,0.000000,Combined Sources,0.929204,0.816245,0.943883
KCNK7,0.000000,0.000000,Combined Sources,0.929204,0.816245,0.943883
PAOX,0.000000,0.000000,Combined Sources,0.929204,0.816245,0.943883
ACOX2,0.000000,0.000000,Combined Sources,0.929204,0.816245,0.943883
NDN,0.000000,0.000000,Combined Sources,0.929204,0.816245,0.943883
BMP4,0.000000,0.000000,Combined Sources,0.929204,0.816245,0.943883
KIF18B,0.000000,0.000000,Combined Sources,0.929204,0.816245,0.943883
P2RX7,0.000000,0.000000,Combined Sources,0.929204,0.816245,0.943883
CD300C,0.000000,0.000000,Combined Sources,0.929204,0.816245,0.943883
CYP3A5,0.000000,0.000000,Combined Sources,0.929204,0.816245,0.943883
RAB9BP1,0.000000,0.000000,Combined Sources,0.929204,0.816245,0.943883
PKP2,0.000000,0.000000,Combined Sources,0.929204,0.816245,0.943883
FERMT1,0.000000,0.000000,Combined Sources,0.929204,0.816245,0.943883
CCNA2,0.000000,0.000000,Combined Sources,0.929204,0.816245,0.943883
TLE3,0.000000,0.000000,Combined Sources,0.929204,0.816245,0.943883
RPL5,0.000000,0.000000,Combined Sources,0.929204,0.816245,0.943883
STXBP3,0.000000,0.000000,Combined Sources,0.929204,0.816245,0.943883
TBC1D30,0.000000,0.000000,Combined Sources,0.929204,0.816245,0.943883
HLA-J,0.000000,0.000000,Combined Sources,0.929204,0.816245,0.943883
MED27,0.000000,0.000000,Combined Sources,0.929204,0.816245,0.943883
NME4,0.000000,0.000000,Combined Sources,0.929204,0.816245,0.943883
SPI1,0.000000,0.000000,Combined Sources,0.929204,0.816245,0.943883
CCL21,0.000000,0.000000,Combined Sources,0.929204,0.816245,0.943883
CXCR1,0.000000,0.000000,Combined Sources,0.929204,0.816245,0.943883
GABARAPL2,0.000000,0.000000,Combined Sources,0.929204,0.816245,0.943883
WNT5B,0.000000,0.000000,Combined Sources,0.929204,0.816245,0.943883
DES,0.000000,0.000000,Combined Sources,0.929204,0.816245,0.943883
LST1,0.000000,0.000000,Combined Sources,0.929204,0.816245,0.943883
CNNM4,0.000000,0.000000,Combined Sources,0.929204,0.816245,0.943883
SEC61A1,0.000000,0.000000,Combined Sources,0.929204,0.816245,0.943883
ETF1,0.000000,0.000000,Combined Sources,0.929204,0.816245,0.943883
GPS1,0.000000,0.000000,Combined Sources,0.929204,0.816245,0.943883
ERCC8,0.000000,0.000000,Combined Sources,0.929204,0.816245,0.943883
CLDN11,0.000000,0.000000,Combined Sources,0.929204,0.816245,0.943883
CUTA,0.000000,0.000000,Combined Sources,0.929204,0.816245,0.943883
GRID2,0.000000,0.000000,Combined Sources,0.929204,0.816245,0.943883
FAM53C,0.000000,0.000000,Combined Sources,0.929204,0.816245,0.943883
ALDH7A1,0.000000,0.000000,Combined Sources,0.929204,0.816245,0.943883
NUDT13,0.000000,0.000000,Combined Sources,0.929204,0.816245,0.943883
ZKSCAN1,0.000000,0.000000,Combined Sources,0.929204,0.816245,0.943883
CYP20A1,0.000000,0.000000,Combined Sources,0.929204,0.816245,0.943883
CD1E,0.000000,0.000000,Combined Sources,0.929204,0.816245,0.943883
EPO,0.000000,0.000000,Combined Sources,0.929204,0.816245,0.943883
LCT,0.000000,0.000000,Combined Sources,0.929204,0.816245,0.943883
SLC9A2,0.000000,0.000000,Combined Sources,0.929204,0.816245,0.943883
DDX60,0.000000,0.000000,Combined Sources,0.929204,0.816245,0.943883
STK4,0.000000,0.000000,Combined Sources,0.929204,0.816245,0.943883
DOK5,0.000000,0.000000,Combined Sources,0.929204,0.816245,0.943883
DUS1L,0.000000,0.000000,Combined Sources,0.929204,0.816245,0.943883
HOXB13,0.000000,0.000000,Combined Sources,0.929204,0.816245,0.943883
TAF9B,0.000000,0.000000,Combined Sources,0.929204,0.816245,0.943883
HLX,0.000000,0.000000,Combined Sources,0.929204,0.816245,0.943883
CD1D,0.000000,0.000000,Combined Sources,0.929204,0.816245,0.943883
CDKN2AIP,0.000000,0.000000,Combined Sources,0.929204,0.816245,0.943883
MICAL3,0.000000,0.000000,Combined Sources,0.929204,0.816245,0.943883
ERLIN2,0.000000,0.000000,Combined Sources,0.929204,0.816245,0.943883
ZBTB24,0.000000,0.000000,Combined Sources,0.929204,0.816245,0.943883
PLSCR1,0.000000,0.000000,Combined Sources,0.929204,0.816245,0.943883
ZFYVE9,0.000000,0.000000,Combined Sources,0.929204,0.816245,0.943883
RABIF,0.000000,0.000000,Combined Sources,0.929204,0.816245,0.943883
PRLH,0.000000,0.000000,Combined Sources,0.929204,0.816245,0.943883
TM4SF1,0.000000,0.000000,Combined Sources,0.929204,0.816245,0.943883
LRRC8E,0.000000,0.000000,Combined Sources,0.929204,0.816245,0.943883
SRPX,0.000000,0.000000,Combined Sources,0.929204,0.816245,0.943883
ZBED1,0.000000,0.000000,Combined Sources,0.929204,0.816245,0.943883
KLHL11,0.000000,0.000000,Combined Sources,0.929204,0.816245,0.943883
PICK1,0.000000,0.000000,Combined Sources,0.929204,0.816245,0.943883
SLC38A3,0.000000,0.000000,Combined Sources,0.929204,0.816245,0.943883
RNF38,0.000000,0.000000,Combined Sources,0.929204,0.816245,0.943883
LAMP5,0.000000,0.000000,Combined Sources,0.929204,0.816245,0.943883
ABCG5,0.000000,0.000000,Combined Sources,0.929204,0.816245,0.943883
PTGER2,0.000000,0.000000,Combined Sources,0.929204,0.816245,0.943883
STXBP1,0.000000,0.000000,Combined Sources,0.929204,0.816245,0.943883
TSC1,0.000000,0.000000,Combined Sources,0.929204,0.816245,0.943883
DAPK1,0.000000,0.000000,Combined Sources,0.929204,0.816245,0.943883
HLA-C,0.000000,0.000000,Combined Sources,0.929204,0.816245,0.943883
INPP5J,0.000000,0.000000,Combined Sources,0.929204,0.816245,0.943883
VAMP4,0.000000,0.000000,Combined Sources,0.929204,0.816245,0.943883
SNN,0.000000,0.000000,Combined Sources,0.929204,0.816245,0.943883
CT62,0.000000,0.000000,Combined Sources,0.929204,0.816245,0.943883
TRAF3IP3,0.000000,0.000000,Combined Sources,0.929204,0.816245,0.943883
ASTN1,0.000000,0.000000,Combined Sources,0.929204,0.816245,0.943883
FMO3,0.000000,0.000000,Combined Sources,0.929204,0.816245,0.943883
ICAM5,0.000000,0.000000,Combined Sources,0.929204,0.816245,0.943883
MDN1,0.000000,0.000000,Combined Sources,0.929204,0.816245,0.943883
ELAVL3,0.000000,0.000000,Combined Sources,0.929204,0.816245,0.943883
RTN1,0.000000,0.000000,Combined Sources,0.929204,0.816245,0.943883
ZBTB7A,0.000000,0.000000,Combined Sources,0.929204,0.816245,0.943883
CACNB1,0.000000,0.000000,Combined Sources,0.929204,0.816245,0.943883
PRDM4,0.000000,0.000000,Combined Sources,0.929204,0.816245,0.943883
CLCN5,0.000000,0.000000,Combined Sources,0.929204,0.816245,0.943883
ZFAND3,0.000000,0.000000,Combined Sources,0.929204,0.816245,0.943883
MPO,0.000000,0.000000,Combined Sources,0.929204,0.816245,0.943883
FAM3A,0.000000,0.000000,Combined Sources,0.929204,0.816245,0.943883
LMO4,0.000000,0.000000,Combined Sources,0.929204,0.816245,0.943883
PDPK1,0.000000,0.000000,Combined Sources,0.929204,0.816245,0.943883
ELAVL2,0.000000,0.000000,Combined Sources,0.929204,0.816245,0.943883
BDH2,0.000000,0.000000,Combined Sources,0.929204,0.816245,0.943883
L3MBTL1,0.000000,0.000000,Combined Sources,0.929204,0.816245,0.943883
HIF3A,0.000000,0.000000,Combined Sources,0.929204,0.816245,0.943883
DDX11,0.000000,0.000000,Combined Sources,0.929204,0.816245,0.943883
PROZ,0.000000,0.000000,Combined Sources,0.929204,0.816245,0.943883
KCNJ14,0.000000,0.000000,Combined Sources,0.929204,0.816245,0.943883
KCNMB2,0.000000,0.000000,Combined Sources,0.929204,0.816245,0.943883
LILRA2,0.000000,0.000000,Combined Sources,0.929204,0.816245,0.943883
OLFML2A,0.000000,0.000000,Combined Sources,0.929204,0.816245,0.943883
ALDH5A1,0.000000,0.000000,Combined Sources,0.929204,0.816245,0.943883
HCG4,0.000000,0.000000,Combined Sources,0.929204,0.816245,0.943883
PBX1,0.000000,0.000000,Combined Sources,0.929204,0.816245,0.943883
GORASP2,0.000000,0.000000,Combined Sources,0.929204,0.816245,0.943883
TCOF1,0.000000,0.000000,Combined Sources,0.929204,0.816245,0.943883
SAMSN1,0.000000,0.000000,Combined Sources,0.929204,0.816245,0.943883
FGF4,0.000000,0.000000,Combined Sources,0.929204,0.816245,0.943883
EFEMP1,0.000000,0.000000,Combined Sources,0.929204,0.816245,0.943883
ZNF426,0.000000,0.000000,Combined Sources,0.929204,0.816245,0.943883
GCK,0.000000,0.000000,Combined Sources,0.929204,0.816245,0.943883
LAMB1,0.000000,0.000000,Combined Sources,0.929204,0.816245,0.943883
SUMO3,0.000000,0.000000,Combined Sources,0.929204,0.816245,0.943883
DEFA4,0.000000,0.000000,Combined Sources,0.929204,0.816245,0.943883
UPK3B,0.000000,0.000000,Combined Sources,0.929204,0.816245,0.943883
ZNF7,0.000000,0.000000,Combined Sources,0.929204,0.816245,0.943883
LSM14B,0.000000,0.000000,Combined Sources,0.929204,0.816245,0.943883
ATP2B4,0.000000,0.000000,Combined Sources,0.929204,0.816245,0.943883
SENP5,0.000000,0.000000,Combined Sources,0.929204,0.816245,0.943883
CENPI,0.000000,0.000000,Combined Sources,0.929204,0.816245,0.943883
SMC5,0.000000,0.000000,Combined Sources,0.929204,0.816245,0.943883
FNBP1L,0.000000,0.000000,Combined Sources,0.929204,0.816245,0.943883
NCLN,0.000000,0.000000,Combined Sources,0.929204,0.816245,0.943883
CFTR,0.000000,0.000000,Combined Sources,0.929204,0.816245,0.943883
UGT2B17,0.000000,0.000000,Combined Sources,0.929204,0.816245,0.943883
PHACTR2,0.000000,0.000000,Combined Sources,0.929204,0.816245,0.943883
SHQ1,0.000000,0.000000,Combined Sources,0.929204,0.816245,0.943883
SULT1A1,0.000000,0.000000,Combined Sources,0.929204,0.816245,0.943883
SPTBN5,0.000000,0.000000,Combined Sources,0.929204,0.816245,0.943883
PIGN,0.000000,0.000000,Combined Sources,0.929204,0.816245,0.943883
AGT,0.000000,0.000000,Combined Sources,0.929204,0.816245,0.943883
OPRL1,0.000000,0.000000,Combined Sources,0.929204,0.816245,0.943883
ALKBH1,0.000000,0.000000,Combined Sources,0.929204,0.816245,0.943883
POPDC2,0.000000,0.000000,Combined Sources,0.929204,0.816245,0.943883
BNIP1,0.000000,0.000000,Combined Sources,0.929204,0.816245,0.943883
YEATS4,0.000000,0.000000,Combined Sources,0.929204,0.816245,0.943883
CDC42BPA,0.000000,0.000000,Combined Sources,0.929204,0.816245,0.943883
GNA13,0.000000,0.000000,Combined Sources,0.929204,0.816245,0.943883
NRSN2,0.000000,0.000000,Combined Sources,0.929204,0.816245,0.943883
CLEC1B,0.000000,0.000000,Combined Sources,0.929204,0.816245,0.943883
KLHL1,0.000000,0.000000,Combined Sources,0.929204,0.816245,0.943883
PHLPP1,0.000000,0.000000,Combined Sources,0.929204,0.816245,0.943883
ICAM1,0.000000,0.000000,Combined Sources,0.929204,0.816245,0.943883
CLPP,0.000000,0.000000,Combined Sources,0.929204,0.816245,0.943883
BMP6,0.000000,0.000000,Combined Sources,0.929204,0.816245,0.943883
TCF7L2,0.000000,0.000000,Combined Sources,0.929204,0.816245,0.943883
NR2F1,0.000000,0.000000,Combined Sources,0.929204,0.816245,0.943883
RAB11B,0.000000,0.000000,Combined Sources,0.929204,0.816245,0.943883
GCLC,0.000000,0.000000,Combined Sources,0.929204,0.816245,0.943883
TRMT2B,0.000000,0.000000,Combined Sources,0.929204,0.816245,0.943883
TRPC4,0.000000,0.000000,Combined Sources,0.929204,0.816245,0.943883
MYL6,0.000000,0.000000,Combined Sources,0.929204,0.816245,0.943883
CDCA8,0.000000,0.000000,Combined Sources,0.929204,0.816245,0.943883
RASGRP2,0.000000,0.000000,Combined Sources,0.929204,0.816245,0.943883
FKBP15,0.000000,0.000000,Combined Sources,0.929204,0.816245,0.943883
CASP8AP2,0.000000,0.000000,Combined Sources,0.929204,0.816245,0.943883
SEPHS1,0.000000,0.000000,Combined Sources,0.929204,0.816245,0.943883
AQP6,0.000000,0.000000,Combined Sources,0.929204,0.816245,0.943883
ELAVL1,0.000000,0.000000,Combined Sources,0.929204,0.816245,0.943883
DPEP3,0.000000,0.000000,Combined Sources,0.929204,0.816245,0.943883
CXCR3,0.000000,0.000000,Combined Sources,0.929204,0.816245,0.943883
COASY,0.000000,0.000000,Combined Sources,0.929204,0.816245,0.943883
SSBP1,0.000000,0.000000,Combined Sources,0.929204,0.816245,0.943883
CDK14,0.000000,0.000000,Combined Sources,0.929204,0.816245,0.943883
C17orf75,0.000000,0.000000,Combined Sources,0.929204,0.816245,0.943883
PACSIN2,0.000000,0.000000,Combined Sources,0.929204,0.816245,0.943883
PPWD1,0.000000,0.000000,Combined Sources,0.929204,0.816245,0.943883
MOK,0.000000,0.000000,Combined Sources,0.929204,0.816245,0.943883
PRKAG2,0.000000,0.000000,Combined Sources,0.929204,0.816245,0.943883
COL3A1,0.000000,0.000000,Combined Sources,0.929204,0.816245,0.943883
BABAM1,0.000000,0.000000,Combined Sources,0.929204,0.816245,0.943883
CAD,0.000000,0.000000,Combined Sources,0.929204,0.816245,0.943883
XYLT1,0.000000,0.000000,Combined Sources,0.929204,0.816245,0.943883
AP3B1,0.000000,0.000000,Combined Sources,0.929204,0.816245,0.943883
KLRC3,0.000000,0.000000,Combined Sources,0.929204,0.816245,0.943883
DGUOK,0.000000,0.000000,Combined Sources,0.929204,0.816245,0.943883
BANF1,0.000000,0.000000,Combined Sources,0.929204,0.816245,0.943883
GJA3,0.000000,0.000000,Combined Sources,0.929204,0.816245,0.943883
LIMD2,0.000000,0.000000,Combined Sources,0.929204,0.816245,0.943883
PPL,0.000000,0.000000,Combined Sources,0.929204,0.816245,0.943883
KCNA2,0.000000,0.000000,Combined Sources,0.929204,0.816245,0.943883
FOXC2,0.000000,0.000000,Combined Sources,0.929204,0.816245,0.943883
GPR25,0.000000,0.000000,Combined Sources,0.929204,0.816245,0.943883
CHRNB1,0.000000,0.000000,Combined Sources,0.929204,0.816245,0.943883
EIF2B4,0.000000,0.000000,Combined Sources,0.929204,0.816245,0.943883
APH1B,0.000000,0.000000,Combined Sources,0.929204,0.816245,0.943883
COL15A1,0.000000,0.000000,Combined Sources,0.929204,0.816245,0.943883
MST1R,0.000000,0.000000,Combined Sources,0.929204,0.816245,0.943883
PHF10,0.000000,0.000000,Combined Sources,0.929204,0.816245,0.943883
TTC39A,0.000000,0.000000,Combined Sources,0.929204,0.816245,0.943883
ITGB1BP2,0.000000,0.000000,Combined Sources,0.929204,0.816245,0.943883
LGALS3BP,0.000000,0.000000,Combined Sources,0.929204,0.816245,0.943883
NEK3,0.000000,0.000000,Combined Sources,0.929204,0.816245,0.943883
SH3D21,0.000000,0.000000,Combined Sources,0.929204,0.816245,0.943883
BTG2,0.000000,0.000000,Combined Sources,0.929204,0.816245,0.943883
TMPRSS15,0.000000,0.000000,Combined Sources,0.929204,0.816245,0.943883
MED18,0.000000,0.000000,Combined Sources,0.929204,0.816245,0.943883
ERH,0.000000,0.000000,Combined Sources,0.929204,0.816245,0.943883
NCAM2,0.000000,0.000000,Combined Sources,0.929204,0.816245,0.943883
OPCML,0.000000,0.000000,Combined Sources,0.929204,0.816245,0.943883
C7orf25,0.000000,0.000000,Combined Sources,0.929204,0.816245,0.943883
ULBP2,0.000000,0.000000,Combined Sources,0.929204,0.816245,0.943883
AJAP1,0.000000,0.000000,Combined Sources,0.929204,0.816245,0.943883
NR1I3,0.000000,0.000000,Combined Sources,0.929204,0.816245,0.943883
ME2,0.000000,0.000000,Combined Sources,0.929204,0.816245,0.943883
PRKCH,0.000000,0.000000,Combined Sources,0.929204,0.816245,0.943883
GMEB2,0.000000,0.000000,Combined Sources,0.929204,0.816245,0.943883
ZNF219,0.000000,0.000000,Combined Sources,0.929204,0.816245,0.943883
CEP290,0.000000,0.000000,Combined Sources,0.929204,0.816245,0.943883
ICAM2,0.000000,0.000000,Combined Sources,0.929204,0.816245,0.943883
ECM2,0.000000,0.000000,Combined Sources,0.929204,0.816245,0.943883
MAST4,0.000000,0.000000,Combined Sources,0.929204,0.816245,0.943883
CDR1,0.000000,0.000000,Combined Sources,0.929204,0.816245,0.943883
E2F5,0.000000,0.000000,Combined Sources,0.929204,0.816245,0.943883
FCHO1,0.000000,0.000000,Combined Sources,0.929204,0.816245,0.943883
KIF16B,0.000000,0.000000,Combined Sources,0.929204,0.816245,0.943883
UBE4B,0.000000,0.000000,Combined Sources,0.929204,0.816245,0.943883
F2RL1,0.000000,0.000000,Combined Sources,0.929204,0.816245,0.943883
NPM1,0.000000,0.000000,Combined Sources,0.929204,0.816245,0.943883
ARHGAP4,0.000000,0.000000,Combined Sources,0.929204,0.816245,0.943883
NOL11,0.000000,0.000000,Combined Sources,0.929204,0.816245,0.943883
CLTA,0.000000,0.000000,Combined Sources,0.929204,0.816245,0.943883
SLC35B1,0.000000,0.000000,Combined Sources,0.929204,0.816245,0.943883
ATP6V1B2,0.000000,0.000000,Combined Sources,0.929204,0.816245,0.943883
DENND2A,0.000000,0.000000,Combined Sources,0.929204,0.816245,0.943883
PTBP2,0.000000,0.000000,Combined Sources,0.929204,0.816245,0.943883
TMEM50A,0.000000,0.000000,Combined Sources,0.929204,0.816245,0.943883
LIN37,0.000000,0.000000,Combined Sources,0.929204,0.816245,0.943883
ABCB1,0.000000,0.000000,Combined Sources,0.929204,0.816245,0.943883
SLC43A3,0.000000,0.000000,Combined Sources,0.929204,0.816245,0.943883
GLO1,0.000000,0.000000,Combined Sources,0.929204,0.816245,0.943883
OTOR,0.000000,0.000000,Combined Sources,0.929204,0.816245,0.943883
NXF1,0.000000,0.000000,Combined Sources,0.929204,0.816245,0.943883
GTF2B,0.000000,0.000000,Combined Sources,0.929204,0.816245,0.943883
LY9,0.000000,0.000000,Combined Sources,0.929204,0.816245,0.943883
NUBP2,0.000000,0.000000,Combined Sources,0.929204,0.816245,0.943883
UBE2NL,0.000000,0.000000,Combined Sources,0.929204,0.816245,0.943883
PRR7,0.000000,0.000000,Combined Sources,0.929204,0.816245,0.943883
MBOAT7,0.000000,0.000000,Combined Sources,0.929204,0.816245,0.943883
MCCC1,0.000000,0.000000,Combined Sources,0.929204,0.816245,0.943883
CCNG1,0.000000,0.000000,Combined Sources,0.929204,0.816245,0.943883
FXYD3,0.000000,0.000000,Combined Sources,0.929204,0.816245,0.943883
NDRG1,0.000000,0.000000,Combined Sources,0.929204,0.816245,0.943883
FTO,0.000000,0.000000,Combined Sources,0.929204,0.816245,0.943883
GNAT2,0.000000,0.000000,Combined Sources,0.929204,0.816245,0.943883
CRELD2,0.000000,0.000000,Combined Sources,0.929204,0.816245,0.943883
CSF2RA,0.000000,0.000000,Combined Sources,0.929204,0.816245,0.943883
GZMB,0.000000,0.000000,Combined Sources,0.929204,0.816245,0.943883
KDELR2,0.000000,0.000000,Combined Sources,0.929204,0.816245,0.943883
DIMT1,0.000000,0.000000,Combined Sources,0.929204,0.816245,0.943883
IFIT2,0.000000,0.000000,Combined Sources,0.929204,0.816245,0.943883
PDE4B,0.000000,0.000000,Combined Sources,0.929204,0.816245,0.943883
CACNB3,0.000000,0.000000,Combined Sources,0.929204,0.816245,0.943883
QPCTL,0.000000,0.000000,Combined Sources,0.929204,0.816245,0.943883
CPT2,0.000000,0.000000,Combined Sources,0.929204,0.816245,0.943883
GFRA2,0.000000,0.000000,Combined Sources,0.929204,0.816245,0.943883
C12orf43,0.000000,0.000000,Combined Sources,0.929204,0.816245,0.943883
MFSD10,0.000000,0.000000,Combined Sources,0.929204,0.816245,0.943883
GBX2,0.000000,0.000000,Combined Sources,0.929204,0.816245,0.943883
LMNB1,0.000000,0.000000,Combined Sources,0.929204,0.816245,0.943883
TIPARP,0.000000,0.000000,Combined Sources,0.929204,0.816245,0.943883
DGKB,0.000000,0.000000,Combined Sources,0.929204,0.816245,0.943883
PODNL1,0.000000,0.000000,Combined Sources,0.929204,0.816245,0.943883
PGM1,0.000000,0.000000,Combined Sources,0.929204,0.816245,0.943883
RCAN1,0.000000,0.000000,Combined Sources,0.929204,0.816245,0.943883
TMEM14A,0.000000,0.000000,Combined Sources,0.929204,0.816245,0.943883
CTPS2,0.000000,0.000000,Combined Sources,0.929204,0.816245,0.943883
TNK2,0.000000,0.000000,Combined Sources,0.929204,0.816245,0.943883
CLNS1A,0.000000,0.000000,Combined Sources,0.929204,0.816245,0.943883
PPA1,0.000000,0.000000,Combined Sources,0.929204,0.816245,0.943883
VIL1,0.000000,0.000000,Combined Sources,0.929204,0.816245,0.943883
GPR173,0.000000,0.000000,Combined Sources,0.929204,0.816245,0.943883
CCDC102B,0.000000,0.000000,Combined Sources,0.929204,0.816245,0.943883
IL7,0.000000,0.000000,Combined Sources,0.929204,0.816245,0.943883
GRPEL1,0.000000,0.000000,Combined Sources,0.929204,0.816245,0.943883
SELP,0.000000,0.000000,Combined Sources,0.929204,0.816245,0.943883
DKK3,0.000000,0.000000,Combined Sources,0.929204,0.816245,0.943883
ECHDC3,0.000000,0.000000,Combined Sources,0.929204,0.816245,0.943883
SMC2,0.000000,0.000000,Combined Sources,0.929204,0.816245,0.943883
AMBRA1,0.000000,0.000000,Combined Sources,0.929204,0.816245,0.943883
KLF9,0.000000,0.000000,Combined Sources,0.929204,0.816245,0.943883
PARD3,0.000000,0.000000,Combined Sources,0.929204,0.816245,0.943883
PRICKLE3,0.000000,0.000000,Combined Sources,0.929204,0.816245,0.943883
EGLN3,0.000000,0.000000,Combined Sources,0.929204,0.816245,0.943883
TNFRSF25,0.000000,0.000000,Combined Sources,0.929204,0.816245,0.943883
VSX1,0.000000,0.000000,Combined Sources,0.929204,0.816245,0.943883
AAK1,0.000000,0.000000,Combined Sources,0.929204,0.816245,0.943883
ZNF280B,0.000000,0.000000,Combined Sources,0.929204,0.816245,0.943883
ADRA2C,0.000000,0.000000,Combined Sources,0.929204,0.816245,0.943883
GDF10,0.000000,0.000000,Combined Sources,0.929204,0.816245,0.943883
SEC61G,0.000000,0.000000,Combined Sources,0.929204,0.816245,0.943883
DSP,0.000000,0.000000,Combined Sources,0.929204,0.816245,0.943883
AMELX,0.000000,0.000000,Combined Sources,0.929204,0.816245,0.943883
CHMP2B,0.000000,0.000000,Combined Sources,0.929204,0.816245,0.943883
DIAPH3,0.000000,0.000000,Combined Sources,0.929204,0.816245,0.943883
DPP8,0.000000,0.000000,Combined Sources,0.929204,0.816245,0.943883
SMAD6,0.000000,0.000000,Combined Sources,0.929204,0.816245,0.943883
SLC12A9,0.000000,0.000000,Combined Sources,0.929204,0.816245,0.943883
ADAMTS12,0.000000,0.000000,Combined Sources,0.929204,0.816245,0.943883
MALT1,0.000000,0.000000,Combined Sources,0.929204,0.816245,0.943883
HSD17B12,0.000000,0.000000,Combined Sources,0.929204,0.816245,0.943883
DNAH7,0.000000,0.000000,Combined Sources,0.929204,0.816245,0.943883
PPP1R26,0.000000,0.000000,Combined Sources,0.929204,0.816245,0.943883
COL10A1,0.000000,0.000000,Combined Sources,0.929204,0.816245,0.943883
NAAA,0.000000,0.000000,Combined Sources,0.929204,0.816245,0.943883
RAB11FIP2,0.000000,0.000000,Combined Sources,0.929204,0.816245,0.943883
UTP6,0.000000,0.000000,Combined Sources,0.929204,0.816245,0.943883
PLEKHA4,0.000000,0.000000,Combined Sources,0.929204,0.816245,0.943883
CEP72,0.000000,0.000000,Combined Sources,0.929204,0.816245,0.943883
PRRG2,0.000000,0.000000,Combined Sources,0.929204,0.816245,0.943883
CHD3,0.000000,0.000000,Combined Sources,0.929204,0.816245,0.943883
MOG,0.000000,0.000000,Combined Sources,0.929204,0.816245,0.943883
BHMT2,0.000000,0.000000,Combined Sources,0.929204,0.816245,0.943883
NXPH4,0.000000,0.000000,Combined Sources,0.929204,0.816245,0.943883
SAA3P,0.000000,0.000000,Combined Sources,0.929204,0.816245,0.943883
PLS1,0.000000,0.000000,Combined Sources,0.929204,0.816245,0.943883
TMEM132A,0.000000,0.000000,Combined Sources,0.929204,0.816245,0.943883
CCT6A,0.000000,0.000000,Combined Sources,0.929204,0.816245,0.943883
PRKAR2A,0.000000,0.000000,Combined Sources,0.929204,0.816245,0.943883
ZNF557,0.000000,0.000000,Combined Sources,0.929204,0.816245,0.943883
NFKB1,0.000000,0.000000,Combined Sources,0.929204,0.816245,0.943883
CTSD,0.000000,0.000000,Combined Sources,0.929204,0.816245,0.943883
PSG11,0.000000,0.000000,Combined Sources,0.929204,0.816245,0.943883
PLN,0.000000,0.000000,Combined Sources,0.929204,0.816245,0.943883
RNF139,0.000000,0.000000,Combined Sources,0.929204,0.816245,0.943883
NACAD,0.000000,0.000000,Combined Sources,0.929204,0.816245,0.943883
RRP1,0.000000,0.000000,Combined Sources,0.929204,0.816245,0.943883
TCTN3,0.000000,0.000000,Combined Sources,0.929204,0.816245,0.943883
ZNF37A,0.000000,0.000000,Combined Sources,0.929204,0.816245,0.943883
AIF1,0.000000,0.000000,Combined Sources,0.929204,0.816245,0.943883
SLC25A4,0.000000,0.000000,Combined Sources,0.929204,0.816245,0.943883
TNFAIP1,0.000000,0.000000,Combined Sources,0.929204,0.816245,0.943883
IL7R,0.000000,0.000000,Combined Sources,0.929204,0.816245,0.943883
NOS1AP,0.000000,0.000000,Combined Sources,0.929204,0.816245,0.943883
SMAD3,0.000000,0.000000,Combined Sources,0.929204,0.816245,0.943883
KCTD13,0.000000,0.000000,Combined Sources,0.929204,0.816245,0.943883
CCNI,0.000000,0.000000,Combined Sources,0.929204,0.816245,0.943883
KCTD5,0.000000,0.000000,Combined Sources,0.929204,0.816245,0.943883
LTB4R,0.000000,0.000000,Combined Sources,0.929204,0.816245,0.943883
P2RX4,0.000000,0.000000,Combined Sources,0.929204,0.816245,0.943883
ATF7IP2,0.000000,0.000000,Combined Sources,0.929204,0.816245,0.943883
SND1-IT1,0.000000,0.000000,Combined Sources,0.929204,0.816245,0.943883
BAHCC1,0.000000,0.000000,Combined Sources,0.929204,0.816245,0.943883
RRP7A,0.000000,0.000000,Combined Sources,0.929204,0.816245,0.943883
GDF15,0.000000,0.000000,Combined Sources,0.929204,0.816245,0.943883
MSLN,0.000000,0.000000,Combined Sources,0.929204,0.816245,0.943883
CLEC11A,0.000000,0.000000,Combined Sources,0.929204,0.816245,0.943883
CA4,0.000000,0.000000,Combined Sources,0.929204,0.816245,0.943883
LZTFL1,0.000000,0.000000,Combined Sources,0.929204,0.816245,0.943883
TINF2,0.000000,0.000000,Combined Sources,0.929204,0.816245,0.943883
G0S2,0.000000,0.000000,Combined Sources,0.929204,0.816245,0.943883
UBP1,0.000000,0.000000,Combined Sources,0.929204,0.816245,0.943883
TFB1M,0.000000,0.000000,Combined Sources,0.929204,0.816245,0.943883
SECISBP2L,0.000000,0.000000,Combined Sources,0.929204,0.816245,0.943883
TLR7,0.000000,0.000000,Combined Sources,0.929204,0.816245,0.943883
HSD17B2,0.000000,0.000000,Combined Sources,0.929204,0.816245,0.943883
LOC100130331,0.000000,0.000000,Combined Sources,0.929204,0.816245,0.943883
CBL,0.000000,0.000000,Combined Sources,0.929204,0.816245,0.943883
MED21,0.000000,0.000000,Combined Sources,0.929204,0.816245,0.943883
ZFX,0.000000,0.000000,Combined Sources,0.929204,0.816245,0.943883
SAFB,0.000000,0.000000,Combined Sources,0.929204,0.816245,0.943883
SMARCC2,0.000000,0.000000,Combined Sources,0.929204,0.816245,0.943883
CCDC69,0.000000,0.000000,Combined Sources,0.929204,0.816245,0.943883
B4GALT3,0.000000,0.000000,Combined Sources,0.929204,0.816245,0.943883
OR2J2,0.000000,0.000000,Combined Sources,0.929204,0.816245,0.943883
MAMLD1,0.000000,0.000000,Combined Sources,0.929204,0.816245,0.943883
BUB1,0.000000,0.000000,Combined Sources,0.929204,0.816245,0.943883
KCTD12,0.000000,0.000000,Combined Sources,0.929204,0.816245,0.943883
NTSR2,0.000000,0.000000,Combined Sources,0.929204,0.816245,0.943883
OR7A17,0.000000,0.000000,Combined Sources,0.929204,0.816245,0.943883
ADIPOQ,0.000000,0.000000,Combined Sources,0.929204,0.816245,0.943883
FAM168A,0.000000,0.000000,Combined Sources,0.929204,0.816245,0.943883
INHA,0.000000,0.000000,Combined Sources,0.929204,0.816245,0.943883
SKP2,0.000000,0.000000,Combined Sources,0.929204,0.816245,0.943883
CCDC51,0.000000,0.000000,Combined Sources,0.929204,0.816245,0.943883
CDKL2,0.000000,0.000000,Combined Sources,0.929204,0.816245,0.943883
NUP93,0.000000,0.000000,Combined Sources,0.929204,0.816245,0.943883
GLTP,0.000000,0.000000,Combined Sources,0.929204,0.816245,0.943883
OPRM1,0.000000,0.000000,Combined Sources,0.929204,0.816245,0.943883
EHD4,0.000000,0.000000,Combined Sources,0.929204,0.816245,0.943883
LYPLA2,0.000000,0.000000,Combined Sources,0.929204,0.816245,0.943883
APPBP2,0.000000,0.000000,Combined Sources,0.929204,0.816245,0.943883
FNBP4,0.000000,0.000000,Combined Sources,0.929204,0.816245,0.943883
MGAT2,0.000000,0.000000,Combined Sources,0.929204,0.816245,0.943883
GPRC5B,0.000000,0.000000,Combined Sources,0.929204,0.816245,0.943883
GALNT10,0.000000,0.000000,Combined Sources,0.929204,0.816245,0.943883
AQP2,0.000000,0.000000,Combined Sources,0.929204,0.816245,0.943883
ENC1,0.000000,0.000000,Combined Sources,0.929204,0.816245,0.943883
CLCA3P,0.000000,0.000000,Combined Sources,0.929204,0.816245,0.943883
NET1,0.000000,0.000000,Combined Sources,0.929204,0.816245,0.943883
MINPP1,0.000000,0.000000,Combined Sources,0.929204,0.816245,0.943883
PPP2R1B,0.000000,0.000000,Combined Sources,0.929204,0.816245,0.943883
HOXA11,0.000000,0.000000,Combined Sources,0.929204,0.816245,0.943883
DECR2,0.000000,0.000000,Combined Sources,0.929204,0.816245,0.943883
RAC1,0.000000,0.000000,Combined Sources,0.929204,0.816245,0.943883
TMEM140,0.000000,0.000000,Combined Sources,0.929204,0.816245,0.943883
RNF220,0.000000,0.000000,Combined Sources,0.929204,0.816245,0.943883
AKAP13,0.000000,0.000000,Combined Sources,0.929204,0.816245,0.943883
FLT3LG,0.000000,0.000000,Combined Sources,0.929204,0.816245,0.943883
LONP2,0.000000,0.000000,Combined Sources,0.929204,0.816245,0.943883
FOXN1,0.000000,0.000000,Combined Sources,0.929204,0.816245,0.943883
ZNF331,0.000000,0.000000,Combined Sources,0.929204,0.816245,0.943883
ZNF576,0.000000,0.000000,Combined Sources,0.929204,0.816245,0.943883
THYN1,0.000000,0.000000,Combined Sources,0.929204,0.816245,0.943883
BACE1,0.000000,0.000000,Combined Sources,0.929204,0.816245,0.943883
SLC13A2,0.000000,0.000000,Combined Sources,0.929204,0.816245,0.943883
IFNA2,0.000000,0.000000,Combined Sources,0.929204,0.816245,0.943883
MTHFD1,0.000000,0.000000,Combined Sources,0.929204,0.816245,0.943883
B4GALT7,0.000000,0.000000,Combined Sources,0.929204,0.816245,0.943883
APLNR,0.000000,0.000000,Combined Sources,0.929204,0.816245,0.943883
MCF2L2,0.000000,0.000000,Combined Sources,0.929204,0.816245,0.943883
GFI1,0.000000,0.000000,Combined Sources,0.929204,0.816245,0.943883
TMEM187,0.000000,0.000000,Combined Sources,0.929204,0.816245,0.943883
STK17B,0.000000,0.000000,Combined Sources,0.929204,0.816245,0.943883
ERAP2,0.000000,0.000000,Combined Sources,0.929204,0.816245,0.943883
GSG1,0.000000,0.000000,Combined Sources,0.929204,0.816245,0.943883
PIP5K1C,0.000000,0.000000,Combined Sources,0.929204,0.816245,0.943883
CDK8,0.000000,0.000000,Combined Sources,0.929204,0.816245,0.943883
FKBP11,0.000000,0.000000,Combined Sources,0.929204,0.816245,0.943883
CUL2,0.000000,0.000000,Combined Sources,0.929204,0.816245,0.943883
OSGEP,0.000000,0.000000,Combined Sources,0.929204,0.816245,0.943883
SERPINB7,0.000000,0.000000,Combined Sources,0.929204,0.816245,0.943883
SETDB1,0.000000,0.000000,Combined Sources,0.929204,0.816245,0.943883
HOXC4,0.000000,0.000000,Combined Sources,0.929204,0.816245,0.943883
SRRM1,0.000000,0.000000,Combined Sources,0.929204,0.816245,0.943883
PLEKHB1,0.000000,0.000000,Combined Sources,0.929204,0.816245,0.943883
GORASP1,0.000000,0.000000,Combined Sources,0.929204,0.816245,0.943883
TUBB4B,0.000000,0.000000,Combined Sources,0.929204,0.816245,0.943883
UBTF,0.000000,0.000000,Combined Sources,0.929204,0.816245,0.943883
IRGQ,0.000000,0.000000,Combined Sources,0.929204,0.816245,0.943883
MYOZ1,0.000000,0.000000,Combined Sources,0.929204,0.816245,0.943883
ZNF134,0.000000,0.000000,Combined Sources,0.929204,0.816245,0.943883
RPL3,0.000000,0.000000,Combined Sources,0.929204,0.816245,0.943883
NELL1,0.000000,0.000000,Combined Sources,0.929204,0.816245,0.943883
GPR45,0.000000,0.000000,Combined Sources,0.929204,0.816245,0.943883
FARSA,0.000000,0.000000,Combined Sources,0.929204,0.816245,0.943883
INVS,0.000000,0.000000,Combined Sources,0.929204,0.816245,0.943883
MPRIP,0.000000,0.000000,Combined Sources,0.929204,0.816245,0.943883
C22orf31,0.000000,0.000000,Combined Sources,0.929204,0.816245,0.943883
CYB5R4,0.000000,0.000000,Combined Sources,0.929204,0.816245,0.943883
FAT4,0.000000,0.000000,Combined Sources,0.929204,0.816245,0.943883
TNP2,0.000000,0.000000,Combined Sources,0.929204,0.816245,0.943883
TRNAU1AP,0.000000,0.000000,Combined Sources,0.929204,0.816245,0.943883
LRP8,0.000000,0.000000,Combined Sources,0.929204,0.816245,0.943883
FAM13B,0.000000,0.000000,Combined Sources,0.929204,0.816245,0.943883
GBX1,0.000000,0.000000,Combined Sources,0.929204,0.816245,0.943883
JAM3,0.000000,0.000000,Combined Sources,0.929204,0.816245,0.943883
UFL1,0.000000,0.000000,Combined Sources,0.929204,0.816245,0.943883
BFSP2,0.000000,0.000000,Combined Sources,0.929204,0.816245,0.943883
C3AR1,0.000000,0.000000,Combined Sources,0.929204,0.816245,0.943883
DRD3,0.000000,0.000000,Combined Sources,0.929204,0.816245,0.943883
UXS1,0.000000,0.000000,Combined Sources,0.929204,0.816245,0.943883
FCER1A,0.000000,0.000000,Combined Sources,0.929204,0.816245,0.943883
PEBP1,0.000000,0.000000,Combined Sources,0.929204,0.816245,0.943883
XYLT2,0.000000,0.000000,Combined Sources,0.929204,0.816245,0.943883
VAV2,0.000000,0.000000,Combined Sources,0.929204,0.816245,0.943883
SLC5A1,0.000000,0.000000,Combined Sources,0.929204,0.816245,0.943883
GPR171,0.000000,0.000000,Combined Sources,0.929204,0.816245,0.943883
RBM15,0.000000,0.000000,Combined Sources,0.929204,0.816245,0.943883
FAM13A,0.000000,0.000000,Combined Sources,0.929204,0.816245,0.943883
AKT2,0.000000,0.000000,Combined Sources,0.929204,0.816245,0.943883
MMP7,0.000000,0.000000,Combined Sources,0.929204,0.816245,0.943883
TRIO,0.000000,0.000000,Combined Sources,0.929204,0.816245,0.943883
PIGC,0.000000,0.000000,Combined Sources,0.929204,0.816245,0.943883
GPT,0.000000,0.000000,Combined Sources,0.929204,0.816245,0.943883
TM4SF4,0.000000,0.000000,Combined Sources,0.929204,0.816245,0.943883
PCSK2,0.000000,0.000000,Combined Sources,0.929204,0.816245,0.943883
TNFSF4,0.000000,0.000000,Combined Sources,0.929204,0.816245,0.943883
PLCB4,0.000000,0.000000,Combined Sources,0.929204,0.816245,0.943883
CR2,0.000000,0.000000,Combined Sources,0.929204,0.816245,0.943883
SCRIB,0.000000,0.000000,Combined Sources,0.929204,0.816245,0.943883
SLC30A10,0.000000,0.000000,Combined Sources,0.929204,0.816245,0.943883
ARF1,0.000000,0.000000,Combined Sources,0.929204,0.816245,0.943883
CTCF,0.000000,0.000000,Combined Sources,0.929204,0.816245,0.943883
ZNF211,0.000000,0.000000,Combined Sources,0.929204,0.816245,0.943883
CEP55,0.000000,0.000000,Combined Sources,0.929204,0.816245,0.943883
TMPO,0.000000,0.000000,Combined Sources,0.929204,0.816245,0.943883
FBXO40,0.000000,0.000000,Combined Sources,0.929204,0.816245,0.943883
OMP,0.000000,0.000000,Combined Sources,0.929204,0.816245,0.943883
ALCAM,0.000000,0.000000,Combined Sources,0.929204,0.816245,0.943883
CAND2,0.000000,0.000000,Combined Sources,0.929204,0.816245,0.943883
PTTG2,0.000000,0.000000,Combined Sources,0.929204,0.816245,0.943883
VTN,0.000000,0.000000,Combined Sources,0.929204,0.816245,0.943883
KRT32,0.000000,0.000000,Combined Sources,0.929204,0.816245,0.943883
GAD1,0.000000,0.000000,Combined Sources,0.929204,0.816245,0.943883
CD40,0.000000,0.000000,Combined Sources,0.929204,0.816245,0.943883
PDE12,0.000000,0.000000,Combined Sources,0.929204,0.816245,0.943883
MTTP,0.000000,0.000000,Combined Sources,0.929204,0.816245,0.943883
TEX11,0.000000,0.000000,Combined Sources,0.929204,0.816245,0.943883
IKZF5,0.000000,0.000000,Combined Sources,0.929204,0.816245,0.943883
CDS2,0.000000,0.000000,Combined Sources,0.929204,0.816245,0.943883
ATXN7L3B,0.000000,0.000000,Combined Sources,0.929204,0.816245,0.943883
CACYBP,0.000000,0.000000,Combined Sources,0.929204,0.816245,0.943883
MAGT1,0.000000,0.000000,Combined Sources,0.929204,0.816245,0.943883
TRIM36,0.000000,0.000000,Combined Sources,0.929204,0.816245,0.943883
GRIK5,0.000000,0.000000,Combined Sources,0.929204,0.816245,0.943883
CD40LG,0.000000,0.000000,Combined Sources,0.929204,0.816245,0.943883
ACP2,0.000000,0.000000,Combined Sources,0.929204,0.816245,0.943883
JPH2,0.000000,0.000000,Combined Sources,0.929204,0.816245,0.943883
ATP1A1,0.000000,0.000000,Combined Sources,0.929204,0.816245,0.943883
NNAT,0.000000,0.000000,Combined Sources,0.929204,0.816245,0.943883
ZNF276,0.000000,0.000000,Combined Sources,0.929204,0.816245,0.943883
SPSB3,0.000000,0.000000,Combined Sources,0.929204,0.816245,0.943883
FHL1,0.000000,0.000000,Combined Sources,0.929204,0.816245,0.943883
MYO6,0.000000,0.000000,Combined Sources,0.929204,0.816245,0.943883
RNF111,0.000000,0.000000,Combined Sources,0.929204,0.816245,0.943883
ASMTL-AS1,0.000000,0.000000,Combined Sources,0.929204,0.816245,0.943883
CST1,0.000000,0.000000,Combined Sources,0.929204,0.816245,0.943883
CRYL1,0.000000,0.000000,Combined Sources,0.929204,0.816245,0.943883
ZFP36L1,0.000000,0.000000,Combined Sources,0.929204,0.816245,0.943883
HYAL3,0.000000,0.000000,Combined Sources,0.929204,0.816245,0.943883
NME7,0.000000,0.000000,Combined Sources,0.929204,0.816245,0.943883
AMZ2,0.000000,0.000000,Combined Sources,0.929204,0.816245,0.943883
CALY,0.000000,0.000000,Combined Sources,0.929204,0.816245,0.943883
CAT,0.000000,0.000000,Combined Sources,0.929204,0.816245,0.943883
NEUROG3,0.000000,0.000000,Combined Sources,0.929204,0.816245,0.943883
OAS1,0.000000,0.000000,Combined Sources,0.929204,0.816245,0.943883
BAG5,0.000000,0.000000,Combined Sources,0.929204,0.816245,0.943883
ISLR,0.000000,0.000000,Combined Sources,0.929204,0.816245,0.943883
CUL4B,0.000000,0.000000,Combined Sources,0.929204,0.816245,0.943883
SLC6A20,0.000000,0.000000,Combined Sources,0.929204,0.816245,0.943883
THRB,0.000000,0.000000,Combined Sources,0.929204,0.816245,0.943883
MAP4K5,0.000000,0.000000,Combined Sources,0.929204,0.816245,0.943883
SLC25A31,0.000000,0.000000,Combined Sources,0.929204,0.816245,0.943883
DLEU2,0.000000,0.000000,Combined Sources,0.929204,0.816245,0.943883
AMFR,0.000000,0.000000,Combined Sources,0.929204,0.816245,0.943883
TTC17,0.000000,0.000000,Combined Sources,0.929204,0.816245,0.943883
NAP1L3,0.000000,0.000000,Combined Sources,0.929204,0.816245,0.943883
SEC24A,0.000000,0.000000,Combined Sources,0.929204,0.816245,0.943883
SEMA6B,0.000000,0.000000,Combined Sources,0.929204,0.816245,0.943883
EHMT2,0.000000,0.000000,Combined Sources,0.929204,0.816245,0.943883
MPHOSPH8,0.000000,0.000000,Combined Sources,0.929204,0.816245,0.943883
SDHAF1,0.000000,0.000000,Combined Sources,0.929204,0.816245,0.943883
TXN2,0.000000,0.000000,Combined Sources,0.929204,0.816245,0.943883
TROAP,0.000000,0.000000,Combined Sources,0.929204,0.816245,0.943883
USPL1,0.000000,0.000000,Combined Sources,0.929204,0.816245,0.943883
MORN1,0.000000,0.000000,Combined Sources,0.929204,0.816245,0.943883
SF3B3,0.000000,0.000000,Combined Sources,0.929204,0.816245,0.943883
COMT,0.000000,0.000000,Combined Sources,0.929204,0.816245,0.943883
RNF8,0.000000,0.000000,Combined Sources,0.929204,0.816245,0.943883
FAM184A,0.000000,0.000000,Combined Sources,0.929204,0.816245,0.943883
ACE2,0.000000,0.000000,Combined Sources,0.929204,0.816245,0.943883
ATG4B,0.000000,0.000000,Combined Sources,0.929204,0.816245,0.943883
NEUROD1,0.000000,0.000000,Combined Sources,0.929204,0.816245,0.943883
LONRF3,0.000000,0.000000,Combined Sources,0.929204,0.816245,0.943883
THY1,0.000000,0.000000,Combined Sources,0.929204,0.816245,0.943883
RAB27A,0.000000,0.000000,Combined Sources,0.929204,0.816245,0.943883
ARPC4,0.000000,0.000000,Combined Sources,0.929204,0.816245,0.943883
MBOAT2,0.000000,0.000000,Combined Sources,0.929204,0.816245,0.943883
TREX2,0.000000,0.000000,Combined Sources,0.929204,0.816245,0.943883
ZNF473,0.000000,0.000000,Combined Sources,0.929204,0.816245,0.943883
EIF1,0.000000,0.000000,Combined Sources,0.929204,0.816245,0.943883
PTRH2,0.000000,0.000000,Combined Sources,0.929204,0.816245,0.943883
EGFR,0.000000,0.000000,Combined Sources,0.929204,0.816245,0.943883
AHNAK,0.000000,0.000000,Combined Sources,0.929204,0.816245,0.943883
DENND1A,0.000000,0.000000,Combined Sources,0.929204,0.816245,0.943883
TSPYL5,0.000000,0.000000,Combined Sources,0.929204,0.816245,0.943883
FSTL1,0.000000,0.000000,Combined Sources,0.929204,0.816245,0.943883
IL10RA,0.000000,0.000000,Combined Sources,0.929204,0.816245,0.943883
CYP1B1,0.000000,0.000000,Combined Sources,0.929204,0.816245,0.943883
RNF122,0.000000,0.000000,Combined Sources,0.929204,0.816245,0.943883
TUBB4A,0.000000,0.000000,Combined Sources,0.929204,0.816245,0.943883
KREMEN2,0.000000,0.000000,Combined Sources,0.929204,0.816245,0.943883
SUN1,0.000000,0.000000,Combined Sources,0.929204,0.816245,0.943883
HELZ,0.000000,0.000000,Combined Sources,0.929204,0.816245,0.943883
GOLGB1,0.000000,0.000000,Combined Sources,0.929204,0.816245,0.943883
LMBR1L,0.000000,0.000000,Combined Sources,0.929204,0.816245,0.943883
DDX46,0.000000,0.000000,Combined Sources,0.929204,0.816245,0.943883
CBX2,0.000000,0.000000,Combined Sources,0.929204,0.816245,0.943883
STAG2,0.000000,0.000000,Combined Sources,0.929204,0.816245,0.943883
LMTK2,0.000000,0.000000,Combined Sources,0.929204,0.816245,0.943883
ARPC5,0.000000,0.000000,Combined Sources,0.929204,0.816245,0.943883
GDF3,0.000000,0.000000,Combined Sources,0.929204,0.816245,0.943883
NPR2,0.000000,0.000000,Combined Sources,0.929204,0.816245,0.943883
RIPK1,0.000000,0.000000,Combined Sources,0.929204,0.816245,0.943883
TRPM4,0.000000,0.000000,Combined Sources,0.929204,0.816245,0.943883
BCL11B,0.000000,0.000000,Combined Sources,0.929204,0.816245,0.943883
RIC8A,0.000000,0.000000,Combined Sources,0.929204,0.816245,0.943883
BRDT,0.000000,0.000000,Combined Sources,0.929204,0.816245,0.943883
CBX8,0.000000,0.000000,Combined Sources,0.929204,0.816245,0.943883
DIO1,0.000000,0.000000,Combined Sources,0.929204,0.816245,0.943883
FUT1,0.000000,0.000000,Combined Sources,0.929204,0.816245,0.943883
APOBEC3B,0.000000,0.000000,Combined Sources,0.929204,0.816245,0.943883
ANP32E,0.000000,0.000000,Combined Sources,0.929204,0.816245,0.943883
RPL13A,0.000000,0.000000,Combined Sources,0.929204,0.816245,0.943883
STAMBP,0.000000,0.000000,Combined Sources,0.929204,0.816245,0.943883
UROD,0.000000,0.000000,Combined Sources,0.929204,0.816245,0.943883
ETFA,0.000000,0.000000,Combined Sources,0.929204,0.816245,0.943883
PFKL,0.000000,0.000000,Combined Sources,0.929204,0.816245,0.943883
PHACTR1,0.000000,0.000000,Combined Sources,0.929204,0.816245,0.943883
FAAH,0.000000,0.000000,Combined Sources,0.929204,0.816245,0.943883
CMC2,0.000000,0.000000,Combined Sources,0.929204,0.816245,0.943883
COL1A2,0.000000,0.000000,Combined Sources,0.929204,0.816245,0.943883
ZNF419,0.000000,0.000000,Combined Sources,0.929204,0.816245,0.943883
PDIA2,0.000000,0.000000,Combined Sources,0.929204,0.816245,0.943883
ELF4,0.000000,0.000000,Combined Sources,0.929204,0.816245,0.943883
UXT,0.000000,0.000000,Combined Sources,0.929204,0.816245,0.943883
TUBB3,0.000000,0.000000,Combined Sources,0.929204,0.816245,0.943883
C3orf52,0.000000,0.000000,Combined Sources,0.929204,0.816245,0.943883
GK,0.000000,0.000000,Combined Sources,0.929204,0.816245,0.943883
FOLR3,0.000000,0.000000,Combined Sources,0.929204,0.816245,0.943883
GPKOW,0.000000,0.000000,Combined Sources,0.929204,0.816245,0.943883
SCUBE2,0.000000,0.000000,Combined Sources,0.929204,0.816245,0.943883
LPO,0.000000,0.000000,Combined Sources,0.929204,0.816245,0.943883
EDN3,0.000000,0.000000,Combined Sources,0.929204,0.816245,0.943883
DLX6,0.000000,0.000000,Combined Sources,0.929204,0.816245,0.943883
LHCGR,0.000000,0.000000,Combined Sources,0.929204,0.816245,0.943883
PCDH12,0.000000,0.000000,Combined Sources,0.929204,0.816245,0.943883
PRKRA,0.000000,0.000000,Combined Sources,0.929204,0.816245,0.943883
TMEM41B,0.000000,0.000000,Combined Sources,0.929204,0.816245,0.943883
CTBP2,0.000000,0.000000,Combined Sources,0.929204,0.816245,0.943883
POLR3F,0.000000,0.000000,Combined Sources,0.929204,0.816245,0.943883
CADM3,0.000000,0.000000,Combined Sources,0.929204,0.816245,0.943883
COL4A1,0.000000,0.000000,Combined Sources,0.929204,0.816245,0.943883
HJURP,0.000000,0.000000,Combined Sources,0.929204,0.816245,0.943883
CDK18,0.000000,0.000000,Combined Sources,0.929204,0.816245,0.943883
HNF1B,0.000000,0.000000,Combined Sources,0.929204,0.816245,0.943883
ACE,0.000000,0.000000,Combined Sources,0.929204,0.816245,0.943883
DHDDS,0.000000,0.000000,Combined Sources,0.929204,0.816245,0.943883
RAB30,0.000000,0.000000,Combined Sources,0.929204,0.816245,0.943883
QDPR,0.000000,0.000000,Combined Sources,0.929204,0.816245,0.943883
ZNF451,0.000000,0.000000,Combined Sources,0.929204,0.816245,0.943883
MCM5,0.000000,0.000000,Combined Sources,0.929204,0.816245,0.943883
ACAD10,0.000000,0.000000,Combined Sources,0.929204,0.816245,0.943883
OSBPL10,0.000000,0.000000,Combined Sources,0.929204,0.816245,0.943883
PLAC8,0.000000,0.000000,Combined Sources,0.929204,0.816245,0.943883
MTSS1,0.000000,0.000000,Combined Sources,0.929204,0.816245,0.943883
HCFC1,0.000000,0.000000,Combined Sources,0.929204,0.816245,0.943883
NADK,0.000000,0.000000,Combined Sources,0.929204,0.816245,0.943883
MRPL3,0.000000,0.000000,Combined Sources,0.929204,0.816245,0.943883
CSTF3,0.000000,0.000000,Combined Sources,0.929204,0.816245,0.943883
LMO2,0.000000,0.000000,Combined Sources,0.929204,0.816245,0.943883
GC,0.000000,0.000000,Combined Sources,0.929204,0.816245,0.943883
FOXO1,0.000000,0.000000,Combined Sources,0.929204,0.816245,0.943883
LY86,0.000000,0.000000,Combined Sources,0.929204,0.816245,0.943883
HOXD13,0.000000,0.000000,Combined Sources,0.929204,0.816245,0.943883
SCG2,0.000000,0.000000,Combined Sources,0.929204,0.816245,0.943883
YTHDF3,0.000000,0.000000,Combined Sources,0.929204,0.816245,0.943883
COMMD10,0.000000,0.000000,Combined Sources,0.929204,0.816245,0.943883
LMAN1,0.000000,0.000000,Combined Sources,0.929204,0.816245,0.943883
ZNF669,0.000000,0.000000,Combined Sources,0.929204,0.816245,0.943883
MFNG,0.000000,0.000000,Combined Sources,0.929204,0.816245,0.943883
PPM1H,0.000000,0.000000,Combined Sources,0.929204,0.816245,0.943883
ALOX12P2,0.000000,0.000000,Combined Sources,0.929204,0.816245,0.943883
IQSEC3,0.000000,0.000000,Combined Sources,0.929204,0.816245,0.943883
PWP1,0.000000,0.000000,Combined Sources,0.929204,0.816245,0.943883
GDF5,0.000000,0.000000,Combined Sources,0.929204,0.816245,0.943883
GSK3A,0.000000,0.000000,Combined Sources,0.929204,0.816245,0.943883
TCEAL2,0.000000,0.000000,Combined Sources,0.929204,0.816245,0.943883
SERGEF,0.000000,0.000000,Combined Sources,0.929204,0.816245,0.943883
SLC25A28,0.000000,0.000000,Combined Sources,0.929204,0.816245,0.943883
SERPINB3,0.000000,0.000000,Combined Sources,0.929204,0.816245,0.943883
AKAP11,0.000000,0.000000,Combined Sources,0.929204,0.816245,0.943883
KDM4B,0.000000,0.000000,Combined Sources,0.929204,0.816245,0.943883
ULBP1,0.000000,0.000000,Combined Sources,0.929204,0.816245,0.943883
HSD17B11,0.000000,0.000000,Combined Sources,0.929204,0.816245,0.943883
MFSD6,0.000000,0.000000,Combined Sources,0.929204,0.816245,0.943883
SAMD14,0.000000,0.000000,Combined Sources,0.929204,0.816245,0.943883
SLC44A4,0.000000,0.000000,Combined Sources,0.929204,0.816245,0.943883
CENPE,0.000000,0.000000,Combined Sources,0.929204,0.816245,0.943883
DRD2,0.000000,0.000000,Combined Sources,0.929204,0.816245,0.943883
PAPOLA,0.000000,0.000000,Combined Sources,0.929204,0.816245,0.943883
SF3B4,0.000000,0.000000,Combined Sources,0.929204,0.816245,0.943883
CARM1,0.000000,0.000000,Combined Sources,0.929204,0.816245,0.943883
LIPG,0.000000,0.000000,Combined Sources,0.929204,0.816245,0.943883
CAMKK2,0.000000,0.000000,Combined Sources,0.929204,0.816245,0.943883
PTPRA,0.000000,0.000000,Combined Sources,0.929204,0.816245,0.943883
ARL15,0.000000,0.000000,Combined Sources,0.929204,0.816245,0.943883
CEMP1,0.000000,0.000000,Combined Sources,0.929204,0.816245,0.943883
MAST1,0.000000,0.000000,Combined Sources,0.929204,0.816245,0.943883
PRKCE,0.000000,0.000000,Combined Sources,0.929204,0.816245,0.943883
STX12,0.000000,0.000000,Combined Sources,0.929204,0.816245,0.943883
CLPS,0.000000,0.000000,Combined Sources,0.929204,0.816245,0.943883
CD58,0.000000,0.000000,Combined Sources,0.929204,0.816245,0.943883
FGF1,0.000000,0.000000,Combined Sources,0.929204,0.816245,0.943883
TBX5,0.000000,0.000000,Combined Sources,0.929204,0.816245,0.943883
AP2A2,0.000000,0.000000,Combined Sources,0.929204,0.816245,0.943883
PCNP,0.000000,0.000000,Combined Sources,0.929204,0.816245,0.943883
SCGB2A2,0.000000,0.000000,Combined Sources,0.929204,0.816245,0.943883
TOX3,0.000000,0.000000,Combined Sources,0.929204,0.816245,0.943883
GAA,0.000000,0.000000,Combined Sources,0.929204,0.816245,0.943883
STXBP5L,0.000000,0.000000,Combined Sources,0.929204,0.816245,0.943883
SERPINA6,0.000000,0.000000,Combined Sources,0.929204,0.816245,0.943883
AAGAB,0.000000,0.000000,Combined Sources,0.929204,0.816245,0.943883
NDST4,0.000000,0.000000,Combined Sources,0.929204,0.816245,0.943883
MATN4,0.000000,0.000000,Combined Sources,0.929204,0.816245,0.943883
SACM1L,0.000000,0.000000,Combined Sources,0.929204,0.816245,0.943883
IL2RG,0.000000,0.000000,Combined Sources,0.929204,0.816245,0.943883
FCER1G,0.000000,0.000000,Combined Sources,0.929204,0.816245,0.943883
HSD11B1,0.000000,0.000000,Combined Sources,0.929204,0.816245,0.943883
KCNK5,0.000000,0.000000,Combined Sources,0.929204,0.816245,0.943883
ABCF1,0.000000,0.000000,Combined Sources,0.929204,0.816245,0.943883
AFG3L2,0.000000,0.000000,Combined Sources,0.929204,0.816245,0.943883
FEZ1,0.000000,0.000000,Combined Sources,0.929204,0.816245,0.943883
KCNK10,0.000000,0.000000,Combined Sources,0.929204,0.816245,0.943883
TNP1,0.000000,0.000000,Combined Sources,0.929204,0.816245,0.943883
PLXND1,0.000000,0.000000,Combined Sources,0.929204,0.816245,0.943883
RCOR3,0.000000,0.000000,Combined Sources,0.929204,0.816245,0.943883
MYO9A,0.000000,0.000000,Combined Sources,0.929204,0.816245,0.943883
POLB,0.000000,0.000000,Combined Sources,0.929204,0.816245,0.943883
MAP2K7,0.000000,0.000000,Combined Sources,0.929204,0.816245,0.943883
MAPK14,0.000000,0.000000,Combined Sources,0.929204,0.816245,0.943883
NR0B1,0.000000,0.000000,Combined Sources,0.929204,0.816245,0.943883
GDAP1L1,0.000000,0.000000,Combined Sources,0.929204,0.816245,0.943883
TPK1,0.000000,0.000000,Combined Sources,0.929204,0.816245,0.943883
MOSPD2,0.000000,0.000000,Combined Sources,0.929204,0.816245,0.943883
NCS1,0.000000,0.000000,Combined Sources,0.929204,0.816245,0.943883
GATAD1,0.000000,0.000000,Combined Sources,0.929204,0.816245,0.943883
SIRPA,0.000000,0.000000,Combined Sources,0.929204,0.816245,0.943883
TARDBP,0.000000,0.000000,Combined Sources,0.929204,0.816245,0.943883
VPS39,0.000000,0.000000,Combined Sources,0.929204,0.816245,0.943883
FAU,0.000000,0.000000,Combined Sources,0.929204,0.816245,0.943883
TEX10,0.000000,0.000000,Combined Sources,0.929204,0.816245,0.943883
CTRB2,0.000000,0.000000,Combined Sources,0.929204,0.816245,0.943883
SNAI1,0.000000,0.000000,Combined Sources,0.929204,0.816245,0.943883
FN3K,0.000000,0.000000,Combined Sources,0.929204,0.816245,0.943883
ZBTB22,0.000000,0.000000,Combined Sources,0.929204,0.816245,0.943883
ASPA,0.000000,0.000000,Combined Sources,0.929204,0.816245,0.943883
SARS2,0.000000,0.000000,Combined Sources,0.929204,0.816245,0.943883
ERN2,0.000000,0.000000,Combined Sources,0.929204,0.816245,0.943883
COL17A1,0.000000,0.000000,Combined Sources,0.929204,0.816245,0.943883
ARF5,0.000000,0.000000,Combined Sources,0.929204,0.816245,0.943883
ETV2,0.000000,0.000000,Combined Sources,0.929204,0.816245,0.943883
ZNF207,0.000000,0.000000,Combined Sources,0.929204,0.816245,0.943883
FOXD3,0.000000,0.000000,Combined Sources,0.929204,0.816245,0.943883
TUSC3,0.000000,0.000000,Combined Sources,0.929204,0.816245,0.943883
KLK12,0.000000,0.000000,Combined Sources,0.929204,0.816245,0.943883
TPMT,0.000000,0.000000,Combined Sources,0.929204,0.816245,0.943883
CFP,0.000000,0.000000,Combined Sources,0.929204,0.816245,0.943883
KCNJ16,0.000000,0.000000,Combined Sources,0.929204,0.816245,0.943883
RRAGB,0.000000,0.000000,Combined Sources,0.929204,0.816245,0.943883
KIFAP3,0.000000,0.000000,Combined Sources,0.929204,0.816245,0.943883
ARHGEF4,0.000000,0.000000,Combined Sources,0.929204,0.816245,0.943883
EBAG9,0.000000,0.000000,Combined Sources,0.929204,0.816245,0.943883
MED31,0.000000,0.000000,Combined Sources,0.929204,0.816245,0.943883
CAPN10,0.000000,0.000000,Combined Sources,0.929204,0.816245,0.943883
CDK2,0.000000,0.000000,Combined Sources,0.929204,0.816245,0.943883
RASSF4,0.000000,0.000000,Combined Sources,0.929204,0.816245,0.943883
SLC39A14,0.000000,0.000000,Combined Sources,0.929204,0.816245,0.943883
ANKRD11,0.000000,0.000000,Combined Sources,0.929204,0.816245,0.943883
MSI1,0.000000,0.000000,Combined Sources,0.929204,0.816245,0.943883
MRPS27,0.000000,0.000000,Combined Sources,0.929204,0.816245,0.943883
PRRX1,0.000000,0.000000,Combined Sources,0.929204,0.816245,0.943883
AKAP9,0.000000,0.000000,Combined Sources,0.929204,0.816245,0.943883
AKR7A2,0.000000,0.000000,Combined Sources,0.929204,0.816245,0.943883
HLA-DQA1,0.000000,0.000000,Combined Sources,0.929204,0.816245,0.943883
DNALI1,0.000000,0.000000,Combined Sources,0.929204,0.816245,0.943883
AR,0.000000,0.000000,Combined Sources,0.929204,0.816245,0.943883
JAM2,0.000000,0.000000,Combined Sources,0.929204,0.816245,0.943883
EPB41,0.000000,0.000000,Combined Sources,0.929204,0.816245,0.943883
SPACA1,0.000000,0.000000,Combined Sources,0.929204,0.816245,0.943883
SUPT5H,0.000000,0.000000,Combined Sources,0.929204,0.816245,0.943883
RARRES1,0.000000,0.000000,Combined Sources,0.929204,0.816245,0.943883
TMEM123,0.000000,0.000000,Combined Sources,0.929204,0.816245,0.943883
TAS2R16,0.000000,0.000000,Combined Sources,0.929204,0.816245,0.943883
CDH22,0.000000,0.000000,Combined Sources,0.929204,0.816245,0.943883
ALG8,0.000000,0.000000,Combined Sources,0.929204,0.816245,0.943883
GABRD,0.000000,0.000000,Combined Sources,0.929204,0.816245,0.943883
KLK13,0.000000,0.000000,Combined Sources,0.929204,0.816245,0.943883
SPATA2,0.000000,0.000000,Combined Sources,0.929204,0.816245,0.943883
TMEM100,0.000000,0.000000,Combined Sources,0.929204,0.816245,0.943883
CLN3,0.000000,0.000000,Combined Sources,0.929204,0.816245,0.943883
DIABLO,0.000000,0.000000,Combined Sources,0.929204,0.816245,0.943883
NMT2,0.000000,0.000000,Combined Sources,0.929204,0.816245,0.943883
SUGP1,0.000000,0.000000,Combined Sources,0.929204,0.816245,0.943883
YIPF2,0.000000,0.000000,Combined Sources,0.929204,0.816245,0.943883
ACOXL,0.000000,0.000000,Combined Sources,0.929204,0.816245,0.943883
EDN2,0.000000,0.000000,Combined Sources,0.929204,0.816245,0.943883
TASP1,0.000000,0.000000,Combined Sources,0.929204,0.816245,0.943883
ANK1,0.000000,0.000000,Combined Sources,0.929204,0.816245,0.943883
LGALS13,0.000000,0.000000,Combined Sources,0.929204,0.816245,0.943883
PDYN,0.000000,0.000000,Combined Sources,0.929204,0.816245,0.943883
SAR1B,0.000000,0.000000,Combined Sources,0.929204,0.816245,0.943883
FGF9,0.000000,0.000000,Combined Sources,0.929204,0.816245,0.943883
PCDHA2,0.000000,0.000000,Combined Sources,0.929204,0.816245,0.943883
PRR15L,0.000000,0.000000,Combined Sources,0.929204,0.816245,0.943883
GCNT4,0.000000,0.000000,Combined Sources,0.929204,0.816245,0.943883
ZNF654,0.000000,0.000000,Combined Sources,0.929204,0.816245,0.943883
KCNN4,0.000000,0.000000,Combined Sources,0.929204,0.816245,0.943883
GTF2H3,0.000000,0.000000,Combined Sources,0.929204,0.816245,0.943883
SRPK2,0.000000,0.000000,Combined Sources,0.929204,0.816245,0.943883
PPP1R17,0.000000,0.000000,Combined Sources,0.929204,0.816245,0.943883
SPAG5,0.000000,0.000000,Combined Sources,0.929204,0.816245,0.943883
KLRC4,0.000000,0.000000,Combined Sources,0.929204,0.816245,0.943883
KLF2,0.000000,0.000000,Combined Sources,0.929204,0.816245,0.943883
PLA2G3,0.000000,0.000000,Combined Sources,0.929204,0.816245,0.943883
UNC119B,0.000000,0.000000,Combined Sources,0.929204,0.816245,0.943883
TXNRD2,0.000000,0.000000,Combined Sources,0.929204,0.816245,0.943883
CLTCL1,0.000000,0.000000,Combined Sources,0.929204,0.816245,0.943883
CSNK1G3,0.000000,0.000000,Combined Sources,0.929204,0.816245,0.943883
NDUFAF3,0.000000,0.000000,Combined Sources,0.929204,0.816245,0.943883
IL36A,0.000000,0.000000,Combined Sources,0.929204,0.816245,0.943883
CENPQ,0.000000,0.000000,Combined Sources,0.929204,0.816245,0.943883
ARAP2,0.000000,0.000000,Combined Sources,0.929204,0.816245,0.943883
GUK1,0.000000,0.000000,Combined Sources,0.929204,0.816245,0.943883
S1PR2,0.000000,0.000000,Combined Sources,0.929204,0.816245,0.943883
EDC3,0.000000,0.000000,Combined Sources,0.929204,0.816245,0.943883
TAPBPL,0.000000,0.000000,Combined Sources,0.929204,0.816245,0.943883
ANXA2P3,0.000000,0.000000,Combined Sources,0.929204,0.816245,0.943883
CLASP1,0.000000,0.000000,Combined Sources,0.929204,0.816245,0.943883
PAF1,0.000000,0.000000,Combined Sources,0.929204,0.816245,0.943883
CDH9,0.000000,0.000000,Combined Sources,0.929204,0.816245,0.943883
FXR2,0.000000,0.000000,Combined Sources,0.929204,0.816245,0.943883
KLHL3,0.000000,0.000000,Combined Sources,0.929204,0.816245,0.943883
MAGEB1,0.000000,0.000000,Combined Sources,0.929204,0.816245,0.943883
IFNA8,0.000000,0.000000,Combined Sources,0.929204,0.816245,0.943883
CHRNB3,0.000000,0.000000,Combined Sources,0.929204,0.816245,0.943883
LBH,0.000000,0.000000,Combined Sources,0.929204,0.816245,0.943883
MLF2,0.000000,0.000000,Combined Sources,0.929204,0.816245,0.943883
ZFAND5,0.000000,0.000000,Combined Sources,0.929204,0.816245,0.943883
CBR3,0.000000,0.000000,Combined Sources,0.929204,0.816245,0.943883
GALR1,0.000000,0.000000,Combined Sources,0.929204,0.816245,0.943883
CSF2RB,0.000000,0.000000,Combined Sources,0.929204,0.816245,0.943883
SDHB,0.000000,0.000000,Combined Sources,0.929204,0.816245,0.943883
P2RX2,0.000000,0.000000,Combined Sources,0.929204,0.816245,0.943883
HBP1,0.000000,0.000000,Combined Sources,0.929204,0.816245,0.943883
GLB1L2,0.000000,0.000000,Combined Sources,0.929204,0.816245,0.943883
N4BP2L1,0.000000,0.000000,Combined Sources,0.929204,0.816245,0.943883
PPRC1,0.000000,0.000000,Combined Sources,0.929204,0.816245,0.943883
CDC42,0.000000,0.000000,Combined Sources,0.929204,0.816245,0.943883
LPAR2,0.000000,0.000000,Combined Sources,0.929204,0.816245,0.943883
MIS18A,0.000000,0.000000,Combined Sources,0.929204,0.816245,0.943883
VPS41,0.000000,0.000000,Combined Sources,0.929204,0.816245,0.943883
ZMYM1,0.000000,0.000000,Combined Sources,0.929204,0.816245,0.943883
FGF21,0.000000,0.000000,Combined Sources,0.929204,0.816245,0.943883
KRT9,0.000000,0.000000,Combined Sources,0.929204,0.816245,0.943883
THOC7,0.000000,0.000000,Combined Sources,0.929204,0.816245,0.943883
GNL2,0.000000,0.000000,Combined Sources,0.929204,0.816245,0.943883
AGBL2,0.000000,0.000000,Combined Sources,0.929204,0.816245,0.943883
REEP4,0.000000,0.000000,Combined Sources,0.929204,0.816245,0.943883
ECM1,0.000000,0.000000,Combined Sources,0.929204,0.816245,0.943883
FGF23,0.000000,0.000000,Combined Sources,0.929204,0.816245,0.943883
HOXB1,0.000000,0.000000,Combined Sources,0.929204,0.816245,0.943883
SH3BGRL,0.000000,0.000000,Combined Sources,0.929204,0.816245,0.943883
RNF10,0.000000,0.000000,Combined Sources,0.929204,0.816245,0.943883
PDLIM4,0.000000,0.000000,Combined Sources,0.929204,0.816245,0.943883
DCAF15,0.000000,0.000000,Combined Sources,0.929204,0.816245,0.943883
BPTF,0.000000,0.000000,Combined Sources,0.929204,0.816245,0.943883
CASP7,0.000000,0.000000,Combined Sources,0.929204,0.816245,0.943883
CSRP3,0.000000,0.000000,Combined Sources,0.929204,0.816245,0.943883
SMARCE1,0.000000,0.000000,Combined Sources,0.929204,0.816245,0.943883
CHKA,0.000000,0.000000,Combined Sources,0.929204,0.816245,0.943883
CA14,0.000000,0.000000,Combined Sources,0.929204,0.816245,0.943883
CASQ2,0.000000,0.000000,Combined Sources,0.929204,0.816245,0.943883
SFT2D2,0.000000,0.000000,Combined Sources,0.929204,0.816245,0.943883
TSPYL4,0.000000,0.000000,Combined Sources,0.929204,0.816245,0.943883
PELI2,0.000000,0.000000,Combined Sources,0.929204,0.816245,0.943883
CCDC88A,0.000000,0.000000,Combined Sources,0.929204,0.816245,0.943883
SFTPC,0.000000,0.000000,Combined Sources,0.929204,0.816245,0.943883
SCN1B,0.000000,0.000000,Combined Sources,0.929204,0.816245,0.943883
MUC13,0.000000,0.000000,Combined Sources,0.929204,0.816245,0.943883
TGDS,0.000000,0.000000,Combined Sources,0.929204,0.816245,0.943883
TFAP2A,0.000000,0.000000,Combined Sources,0.929204,0.816245,0.943883
PPIG,0.000000,0.000000,Combined Sources,0.929204,0.816245,0.943883
KDM2A,0.000000,0.000000,Combined Sources,0.929204,0.816245,0.943883
PDK1,0.000000,0.000000,Combined Sources,0.929204,0.816245,0.943883
CD68,0.000000,0.000000,Combined Sources,0.929204,0.816245,0.943883
DNAJC2,0.000000,0.000000,Combined Sources,0.929204,0.816245,0.943883
NKX2-5,0.000000,0.000000,Combined Sources,0.929204,0.816245,0.943883
REST,0.000000,0.000000,Combined Sources,0.929204,0.816245,0.943883
INTS3,0.000000,0.000000,Combined Sources,0.929204,0.816245,0.943883
KCNE2,0.000000,0.000000,Combined Sources,0.929204,0.816245,0.943883
TBCA,0.000000,0.000000,Combined Sources,0.929204,0.816245,0.943883
GPR20,0.000000,0.000000,Combined Sources,0.929204,0.816245,0.943883
MYL5,0.000000,0.000000,Combined Sources,0.929204,0.816245,0.943883
ASGR1,0.000000,0.000000,Combined Sources,0.929204,0.816245,0.943883
PCSK5,0.000000,0.000000,Combined Sources,0.929204,0.816245,0.943883
ZNF273,0.000000,0.000000,Combined Sources,0.929204,0.816245,0.943883
PCDHA5,0.000000,0.000000,Combined Sources,0.929204,0.816245,0.943883
DUOX1,0.000000,0.000000,Combined Sources,0.929204,0.816245,0.943883
PDE5A,0.000000,0.000000,Combined Sources,0.929204,0.816245,0.943883
IL18R1,0.000000,0.000000,Combined Sources,0.929204,0.816245,0.943883
ARHGAP17,0.000000,0.000000,Combined Sources,0.929204,0.816245,0.943883
ADCY3,0.000000,0.000000,Combined Sources,0.929204,0.816245,0.943883
NDRG2,0.000000,0.000000,Combined Sources,0.929204,0.816245,0.943883
MYBL2,0.000000,0.000000,Combined Sources,0.929204,0.816245,0.943883
MYO16,0.000000,0.000000,Combined Sources,0.929204,0.816245,0.943883
PBX3,0.000000,0.000000,Combined Sources,0.929204,0.816245,0.943883
BCKDHA,0.000000,0.000000,Combined Sources,0.929204,0.816245,0.943883
AHDC1,0.000000,0.000000,Combined Sources,0.929204,0.816245,0.943883
WDR1,0.000000,0.000000,Combined Sources,0.929204,0.816245,0.943883
COL4A3,0.000000,0.000000,Combined Sources,0.929204,0.816245,0.943883
IQCC,0.000000,0.000000,Combined Sources,0.929204,0.816245,0.943883
PKNOX2,0.000000,0.000000,Combined Sources,0.929204,0.816245,0.943883
DMRT1,0.000000,0.000000,Combined Sources,0.929204,0.816245,0.943883
ADAMTS5,0.000000,0.000000,Combined Sources,0.929204,0.816245,0.943883
TFF3,0.000000,0.000000,Combined Sources,0.929204,0.816245,0.943883
CLDN3,0.000000,0.000000,Combined Sources,0.929204,0.816245,0.943883
GNAT3,0.000000,0.000000,Combined Sources,0.929204,0.816245,0.943883
SMARCD2,0.000000,0.000000,Combined Sources,0.929204,0.816245,0.943883
PVRIG,0.000000,0.000000,Combined Sources,0.929204,0.816245,0.943883
GPR68,0.000000,0.000000,Combined Sources,0.929204,0.816245,0.943883
WNT7B,0.000000,0.000000,Combined Sources,0.929204,0.816245,0.943883
MYO15B,0.000000,0.000000,Combined Sources,0.929204,0.816245,0.943883
GOLGA2P5,0.000000,0.000000,Combined Sources,0.929204,0.816245,0.943883
GNG3,0.000000,0.000000,Combined Sources,0.929204,0.816245,0.943883
ARHGAP1,0.000000,0.000000,Combined Sources,0.929204,0.816245,0.943883
FPR3,0.000000,0.000000,Combined Sources,0.929204,0.816245,0.943883
FAM114A1,0.000000,0.000000,Combined Sources,0.929204,0.816245,0.943883
TUBG1,0.000000,0.000000,Combined Sources,0.929204,0.816245,0.943883
SLC4A7,0.000000,0.000000,Combined Sources,0.929204,0.816245,0.943883
CTBP1,0.000000,0.000000,Combined Sources,0.929204,0.816245,0.943883
CHST4,0.000000,0.000000,Combined Sources,0.929204,0.816245,0.943883
BRIP1,0.000000,0.000000,Combined Sources,0.929204,0.816245,0.943883
PTTG1,0.000000,0.000000,Combined Sources,0.929204,0.816245,0.943883
SMURF1,0.000000,0.000000,Combined Sources,0.929204,0.816245,0.943883
SLC39A4,0.000000,0.000000,Combined Sources,0.929204,0.816245,0.943883
CAND1,0.000000,0.000000,Combined Sources,0.929204,0.816245,0.943883
CSNK1A1,0.000000,0.000000,Combined Sources,0.929204,0.816245,0.943883
OTOF,0.000000,0.000000,Combined Sources,0.929204,0.816245,0.943883
MRPL44,0.000000,0.000000,Combined Sources,0.929204,0.816245,0.943883
ATPAF2,0.000000,0.000000,Combined Sources,0.929204,0.816245,0.943883
NDRG4,0.000000,0.000000,Combined Sources,0.929204,0.816245,0.943883
AKR1C3,0.000000,0.000000,Combined Sources,0.929204,0.816245,0.943883
UGGT2,0.000000,0.000000,Combined Sources,0.929204,0.816245,0.943883
PREX2,0.000000,0.000000,Combined Sources,0.929204,0.816245,0.943883
LETMD1,0.000000,0.000000,Combined Sources,0.929204,0.816245,0.943883
LIN7A,0.000000,0.000000,Combined Sources,0.929204,0.816245,0.943883
CENPA,0.000000,0.000000,Combined Sources,0.929204,0.816245,0.943883
JAK1,0.000000,0.000000,Combined Sources,0.929204,0.816245,0.943883
ENAH,0.000000,0.000000,Combined Sources,0.929204,0.816245,0.943883
MIP,0.000000,0.000000,Combined Sources,0.929204,0.816245,0.943883
VPS35,0.000000,0.000000,Combined Sources,0.929204,0.816245,0.943883
XPO4,0.000000,0.000000,Combined Sources,0.929204,0.816245,0.943883
NPAS2,0.000000,0.000000,Combined Sources,0.929204,0.816245,0.943883
BBS9,0.000000,0.000000,Combined Sources,0.929204,0.816245,0.943883
MIPEP,0.000000,0.000000,Combined Sources,0.929204,0.816245,0.943883
TCFL5,0.000000,0.000000,Combined Sources,0.929204,0.816245,0.943883
SCAMP3,0.000000,0.000000,Combined Sources,0.929204,0.816245,0.943883
MOCS1,0.000000,0.000000,Combined Sources,0.929204,0.816245,0.943883
BTN3A1,0.000000,0.000000,Combined Sources,0.929204,0.816245,0.943883
SGPL1,0.000000,0.000000,Combined Sources,0.929204,0.816245,0.943883
UBE2D1,0.000000,0.000000,Combined Sources,0.929204,0.816245,0.943883
AKR1A1,0.000000,0.000000,Combined Sources,0.929204,0.816245,0.943883
STARD3,0.000000,0.000000,Combined Sources,0.929204,0.816245,0.943883
FBXO34,0.000000,0.000000,Combined Sources,0.929204,0.816245,0.943883
CSGALNACT1,0.000000,0.000000,Combined Sources,0.929204,0.816245,0.943883
ALDH1B1,0.000000,0.000000,Combined Sources,0.929204,0.816245,0.943883
PRDX4,0.000000,0.000000,Combined Sources,0.929204,0.816245,0.943883
CHST10,0.000000,0.000000,Combined Sources,0.929204,0.816245,0.943883
LRRC36,0.000000,0.000000,Combined Sources,0.929204,0.816245,0.943883
ATG2A,0.000000,0.000000,Combined Sources,0.929204,0.816245,0.943883
FGL1,0.000000,0.000000,Combined Sources,0.929204,0.816245,0.943883
LIPT1,0.000000,0.000000,Combined Sources,0.929204,0.816245,0.943883
MCOLN1,0.000000,0.000000,Combined Sources,0.929204,0.816245,0.943883
LRP2,0.000000,0.000000,Combined Sources,0.929204,0.816245,0.943883
FLT3,0.000000,0.000000,Combined Sources,0.929204,0.816245,0.943883
FAM215A,0.000000,0.000000,Combined Sources,0.929204,0.816245,0.943883
MC2R,0.000000,0.000000,Combined Sources,0.929204,0.816245,0.943883
HYOU1,0.000000,0.000000,Combined Sources,0.929204,0.816245,0.943883
TXK,0.000000,0.000000,Combined Sources,0.929204,0.816245,0.943883
EHD2,0.000000,0.000000,Combined Sources,0.929204,0.816245,0.943883
RENBP,0.000000,0.000000,Combined Sources,0.929204,0.816245,0.943883
TUBGCP4,0.000000,0.000000,Combined Sources,0.929204,0.816245,0.943883
TFDP1,0.000000,0.000000,Combined Sources,0.929204,0.816245,0.943883
CDR2,0.000000,0.000000,Combined Sources,0.929204,0.816245,0.943883
SFPQ,0.000000,0.000000,Combined Sources,0.929204,0.816245,0.943883
LRCH3,0.000000,0.000000,Combined Sources,0.929204,0.816245,0.943883
SLC5A4,0.000000,0.000000,Combined Sources,0.929204,0.816245,0.943883
SH2B1,0.000000,0.000000,Combined Sources,0.929204,0.816245,0.943883
C8G,0.000000,0.000000,Combined Sources,0.929204,0.816245,0.943883
OR51E2,0.000000,0.000000,Combined Sources,0.929204,0.816245,0.943883
MED9,0.000000,0.000000,Combined Sources,0.929204,0.816245,0.943883
TSTD2,0.000000,0.000000,Combined Sources,0.929204,0.816245,0.943883
PSMA6,0.000000,0.000000,Combined Sources,0.929204,0.816245,0.943883
MAPK13,0.000000,0.000000,Combined Sources,0.929204,0.816245,0.943883
PLA2G4A,0.000000,0.000000,Combined Sources,0.929204,0.816245,0.943883
XPO1,0.000000,0.000000,Combined Sources,0.929204,0.816245,0.943883
BCR,0.000000,0.000000,Combined Sources,0.929204,0.816245,0.943883
MTOR,0.000000,0.000000,Combined Sources,0.929204,0.816245,0.943883
RCL1,0.000000,0.000000,Combined Sources,0.929204,0.816245,0.943883
P2RY10,0.000000,0.000000,Combined Sources,0.929204,0.816245,0.943883
TPGS2,0.000000,0.000000,Combined Sources,0.929204,0.816245,0.943883
TNFAIP3,0.000000,0.000000,Combined Sources,0.929204,0.816245,0.943883
TFDP2,0.000000,0.000000,Combined Sources,0.929204,0.816245,0.943883
ZIC3,0.000000,0.000000,Combined Sources,0.929204,0.816245,0.943883
BNC1,0.000000,0.000000,Combined Sources,0.929204,0.816245,0.943883
RPP30,0.000000,0.000000,Combined Sources,0.929204,0.816245,0.943883
QPRT,0.000000,0.000000,Combined Sources,0.929204,0.816245,0.943883
DHX34,0.000000,0.000000,Combined Sources,0.929204,0.816245,0.943883
ZBTB38,0.000000,0.000000,Combined Sources,0.929204,0.816245,0.943883
ACSL3,0.000000,0.000000,Combined Sources,0.929204,0.816245,0.943883
MAT2B,0.000000,0.000000,Combined Sources,0.929204,0.816245,0.943883
NOL6,0.000000,0.000000,Combined Sources,0.929204,0.816245,0.943883
MXD3,0.000000,0.000000,Combined Sources,0.929204,0.816245,0.943883
ICAM4,0.000000,0.000000,Combined Sources,0.929204,0.816245,0.943883
GOLIM4,0.000000,0.000000,Combined Sources,0.929204,0.816245,0.943883
MTF2,0.000000,0.000000,Combined Sources,0.929204,0.816245,0.943883
POLQ,0.000000,0.000000,Combined Sources,0.929204,0.816245,0.943883
ATRN,0.000000,0.000000,Combined Sources,0.929204,0.816245,0.943883
TCF4,0.000000,0.000000,Combined Sources,0.929204,0.816245,0.943883
MAN2B1,0.000000,0.000000,Combined Sources,0.929204,0.816245,0.943883
TRIM8,0.000000,0.000000,Combined Sources,0.929204,0.816245,0.943883
EFHC1,0.000000,0.000000,Combined Sources,0.929204,0.816245,0.943883
BET1,0.000000,0.000000,Combined Sources,0.929204,0.816245,0.943883
SERPING1,0.000000,0.000000,Combined Sources,0.929204,0.816245,0.943883
HABP4,0.000000,0.000000,Combined Sources,0.929204,0.816245,0.943883
RPS6KA5,0.000000,0.000000,Combined Sources,0.929204,0.816245,0.943883
RNF146,0.000000,0.000000,Combined Sources,0.929204,0.816245,0.943883
TBR1,0.000000,0.000000,Combined Sources,0.929204,0.816245,0.943883
CAMK4,0.000000,0.000000,Combined Sources,0.929204,0.816245,0.943883
GAK,0.000000,0.000000,Combined Sources,0.929204,0.816245,0.943883
NBR2,0.000000,0.000000,Combined Sources,0.929204,0.816245,0.943883
KLRD1,0.000000,0.000000,Combined Sources,0.929204,0.816245,0.943883
PREB,0.000000,0.000000,Combined Sources,0.929204,0.816245,0.943883
SERPINB10,0.000000,0.000000,Combined Sources,0.929204,0.816245,0.943883
ECI1,0.000000,0.000000,Combined Sources,0.929204,0.816245,0.943883
LAMC2,0.000000,0.000000,Combined Sources,0.929204,0.816245,0.943883
BANP,0.000000,0.000000,Combined Sources,0.929204,0.816245,0.943883
UBA5,0.000000,0.000000,Combined Sources,0.929204,0.816245,0.943883
GALNT3,0.000000,0.000000,Combined Sources,0.929204,0.816245,0.943883
AGFG1,0.000000,0.000000,Combined Sources,0.929204,0.816245,0.943883
SPAG9,0.000000,0.000000,Combined Sources,0.929204,0.816245,0.943883
TOMM7,0.000000,0.000000,Combined Sources,0.929204,0.816245,0.943883
RNPS1,0.000000,0.000000,Combined Sources,0.929204,0.816245,0.943883
BCAS3,0.000000,0.000000,Combined Sources,0.929204,0.816245,0.943883
TIPRL,0.000000,0.000000,Combined Sources,0.929204,0.816245,0.943883
CLPTM1,0.000000,0.000000,Combined Sources,0.929204,0.816245,0.943883
DCTPP1,0.000000,0.000000,Combined Sources,0.929204,0.816245,0.943883
TRPV1,0.000000,0.000000,Combined Sources,0.929204,0.816245,0.943883
CACNA2D1,0.000000,0.000000,Combined Sources,0.929204,0.816245,0.943883
SQSTM1,0.000000,0.000000,Combined Sources,0.929204,0.816245,0.943883
APEX1,0.000000,0.000000,Combined Sources,0.929204,0.816245,0.943883
SLC9A5,0.000000,0.000000,Combined Sources,0.929204,0.816245,0.943883
SCGB1A1,0.000000,0.000000,Combined Sources,0.929204,0.816245,0.943883
MOB1A,0.000000,0.000000,Combined Sources,0.929204,0.816245,0.943883
S100A5,0.000000,0.000000,Combined Sources,0.929204,0.816245,0.943883
PLAG1,0.000000,0.000000,Combined Sources,0.929204,0.816245,0.943883
SLC24A2,0.000000,0.000000,Combined Sources,0.929204,0.816245,0.943883
CYB561,0.000000,0.000000,Combined Sources,0.929204,0.816245,0.943883
GKN1,0.000000,0.000000,Combined Sources,0.929204,0.816245,0.943883
NUDT6,0.000000,0.000000,Combined Sources,0.929204,0.816245,0.943883
PAGE1,0.000000,0.000000,Combined Sources,0.929204,0.816245,0.943883
NUDT1,0.000000,0.000000,Combined Sources,0.929204,0.816245,0.943883
PCDHA3,0.000000,0.000000,Combined Sources,0.929204,0.816245,0.943883
FBXO41,0.000000,0.000000,Combined Sources,0.929204,0.816245,0.943883
CRCP,0.000000,0.000000,Combined Sources,0.929204,0.816245,0.943883
SLC25A36,0.000000,0.000000,Combined Sources,0.929204,0.816245,0.943883
PON3,0.000000,0.000000,Combined Sources,0.929204,0.816245,0.943883
CD101,0.000000,0.000000,Combined Sources,0.929204,0.816245,0.943883
DOCK3,0.000000,0.000000,Combined Sources,0.929204,0.816245,0.943883
PUS1,0.000000,0.000000,Combined Sources,0.929204,0.816245,0.943883
MGAM,0.000000,0.000000,Combined Sources,0.929204,0.816245,0.943883
PPFIA4,0.000000,0.000000,Combined Sources,0.929204,0.816245,0.943883
GOLPH3,0.000000,0.000000,Combined Sources,0.929204,0.816245,0.943883
AHSG,0.000000,0.000000,Combined Sources,0.929204,0.816245,0.943883
SMAD9,0.000000,0.000000,Combined Sources,0.929204,0.816245,0.943883
KLK11,0.000000,0.000000,Combined Sources,0.929204,0.816245,0.943883
SYNPO2L,0.000000,0.000000,Combined Sources,0.929204,0.816245,0.943883
MRS2,0.000000,0.000000,Combined Sources,0.929204,0.816245,0.943883
CUEDC2,0.000000,0.000000,Combined Sources,0.929204,0.816245,0.943883
AGBL3,0.000000,0.000000,Combined Sources,0.929204,0.816245,0.943883
SLC43A1,0.000000,0.000000,Combined Sources,0.929204,0.816245,0.943883
BIRC7,0.000000,0.000000,Combined Sources,0.929204,0.816245,0.943883
RIN1,0.000000,0.000000,Combined Sources,0.929204,0.816245,0.943883
YWHAH,0.000000,0.000000,Combined Sources,0.929204,0.816245,0.943883
SART1,0.000000,0.000000,Combined Sources,0.929204,0.816245,0.943883
DCUN1D4,0.000000,0.000000,Combined Sources,0.929204,0.816245,0.943883
CCNA1,0.000000,0.000000,Combined Sources,0.929204,0.816245,0.943883
GMFB,0.000000,0.000000,Combined Sources,0.929204,0.816245,0.943883
RABAC1,0.000000,0.000000,Combined Sources,0.929204,0.816245,0.943883
CCL27,0.000000,0.000000,Combined Sources,0.929204,0.816245,0.943883
HBD,0.000000,0.000000,Combined Sources,0.929204,0.816245,0.943883
AP3B2,0.000000,0.000000,Combined Sources,0.929204,0.816245,0.943883
FHIT,0.000000,0.000000,Combined Sources,0.929204,0.816245,0.943883
MREG,0.000000,0.000000,Combined Sources,0.929204,0.816245,0.943883
TEX12,0.000000,0.000000,Combined Sources,0.929204,0.816245,0.943883
TLR2,0.000000,0.000000,Combined Sources,0.929204,0.816245,0.943883
PGD,0.000000,0.000000,Combined Sources,0.929204,0.816245,0.943883
DAPP1,0.000000,0.000000,Combined Sources,0.929204,0.816245,0.943883
ERBB3,0.000000,0.000000,Combined Sources,0.929204,0.816245,0.943883
PPP2R3B,0.000000,0.000000,Combined Sources,0.929204,0.816245,0.943883
BTBD2,0.000000,0.000000,Combined Sources,0.929204,0.816245,0.943883
CPA4,0.000000,0.000000,Combined Sources,0.929204,0.816245,0.943883
ACVR1B,0.000000,0.000000,Combined Sources,0.929204,0.816245,0.943883
MET,0.000000,0.000000,Combined Sources,0.929204,0.816245,0.943883
GNB3,0.000000,0.000000,Combined Sources,0.929204,0.816245,0.943883
PTCRA,0.000000,0.000000,Combined Sources,0.929204,0.816245,0.943883
RUNX1,0.000000,0.000000,Combined Sources,0.929204,0.816245,0.943883
TBC1D9B,0.000000,0.000000,Combined Sources,0.929204,0.816245,0.943883
SLC16A2,0.000000,0.000000,Combined Sources,0.929204,0.816245,0.943883
MUC6,0.000000,0.000000,Combined Sources,0.929204,0.816245,0.943883
CPZ,0.000000,0.000000,Combined Sources,0.929204,0.816245,0.943883
DHRS2,0.000000,0.000000,Combined Sources,0.929204,0.816245,0.943883
MPI,0.000000,0.000000,Combined Sources,0.929204,0.816245,0.943883
GPC5,0.000000,0.000000,Combined Sources,0.929204,0.816245,0.943883
HDHD3,0.000000,0.000000,Combined Sources,0.929204,0.816245,0.943883
BCL2L11,0.000000,0.000000,Combined Sources,0.929204,0.816245,0.943883
CYB5B,0.000000,0.000000,Combined Sources,0.929204,0.816245,0.943883
EMP1,0.000000,0.000000,Combined Sources,0.929204,0.816245,0.943883
SNPH,0.000000,0.000000,Combined Sources,0.929204,0.816245,0.943883
NTSR1,0.000000,0.000000,Combined Sources,0.929204,0.816245,0.943883
PAX4,0.000000,0.000000,Combined Sources,0.929204,0.816245,0.943883
ZNF222,0.000000,0.000000,Combined Sources,0.929204,0.816245,0.943883
EPN2,0.000000,0.000000,Combined Sources,0.929204,0.816245,0.943883
MARK4,0.000000,0.000000,Combined Sources,0.929204,0.816245,0.943883
TMED7,0.000000,0.000000,Combined Sources,0.929204,0.816245,0.943883
TRAK2,0.000000,0.000000,Combined Sources,0.929204,0.816245,0.943883
LRIF1,0.000000,0.000000,Combined Sources,0.929204,0.816245,0.943883
PPP1CC,0.000000,0.000000,Combined Sources,0.929204,0.816245,0.943883
ARHGDIA,0.000000,0.000000,Combined Sources,0.929204,0.816245,0.943883
TESK1,0.000000,0.000000,Combined Sources,0.929204,0.816245,0.943883
COPZ2,0.000000,0.000000,Combined Sources,0.929204,0.816245,0.943883
NRBF2,0.000000,0.000000,Combined Sources,0.929204,0.816245,0.943883
EHD1,0.000000,0.000000,Combined Sources,0.929204,0.816245,0.943883
TRIM46,0.000000,0.000000,Combined Sources,0.929204,0.816245,0.943883
GLUD1,0.000000,0.000000,Combined Sources,0.929204,0.816245,0.943883
MC3R,0.000000,0.000000,Combined Sources,0.929204,0.816245,0.943883
CYLC2,0.000000,0.000000,Combined Sources,0.929204,0.816245,0.943883
CTNNBIP1,0.000000,0.000000,Combined Sources,0.929204,0.816245,0.943883
FBXL2,0.000000,0.000000,Combined Sources,0.929204,0.816245,0.943883
TRAK1,0.000000,0.000000,Combined Sources,0.929204,0.816245,0.943883
GTSE1,0.000000,0.000000,Combined Sources,0.929204,0.816245,0.943883
FARP2,0.000000,0.000000,Combined Sources,0.929204,0.816245,0.943883
LAMB4,0.000000,0.000000,Combined Sources,0.929204,0.816245,0.943883
ATF7IP,0.000000,0.000000,Combined Sources,0.929204,0.816245,0.943883
MED14,0.000000,0.000000,Combined Sources,0.929204,0.816245,0.943883
SNCA,0.000000,0.000000,Combined Sources,0.929204,0.816245,0.943883
STOML2,0.000000,0.000000,Combined Sources,0.929204,0.816245,0.943883
TMPRSS4,0.000000,0.000000,Combined Sources,0.929204,0.816245,0.943883
MRPL16,0.000000,0.000000,Combined Sources,0.929204,0.816245,0.943883
RGS13,0.000000,0.000000,Combined Sources,0.929204,0.816245,0.943883
BET1L,0.000000,0.000000,Combined Sources,0.929204,0.816245,0.943883
LOX,0.000000,0.000000,Combined Sources,0.929204,0.816245,0.943883
MSRB2,0.000000,0.000000,Combined Sources,0.929204,0.816245,0.943883
ATM,0.000000,0.000000,Combined Sources,0.929204,0.816245,0.943883
CDH7,0.000000,0.000000,Combined Sources,0.929204,0.816245,0.943883
NUP54,0.000000,0.000000,Combined Sources,0.929204,0.816245,0.943883
FCGR3B,0.000000,0.000000,Combined Sources,0.929204,0.816245,0.943883
COMMD8,0.000000,0.000000,Combined Sources,0.929204,0.816245,0.943883
CENPT,0.000000,0.000000,Combined Sources,0.929204,0.816245,0.943883
LYPLA1,0.000000,0.000000,Combined Sources,0.929204,0.816245,0.943883
TTC22,0.000000,0.000000,Combined Sources,0.929204,0.816245,0.943883
FMOD,0.000000,0.000000,Combined Sources,0.929204,0.816245,0.943883
APOB,0.000000,0.000000,Combined Sources,0.929204,0.816245,0.943883
ACSM1,0.000000,0.000000,Combined Sources,0.929204,0.816245,0.943883
GPI,0.000000,0.000000,Combined Sources,0.929204,0.816245,0.943883
TTPAL,0.000000,0.000000,Combined Sources,0.929204,0.816245,0.943883
ADAM12,0.000000,0.000000,Combined Sources,0.929204,0.816245,0.943883
FUBP3,0.000000,0.000000,Combined Sources,0.929204,0.816245,0.943883
TNFRSF8,0.000000,0.000000,Combined Sources,0.929204,0.816245,0.943883
CIB1,0.000000,0.000000,Combined Sources,0.929204,0.816245,0.943883
CD37,0.000000,0.000000,Combined Sources,0.929204,0.816245,0.943883
ITK,0.000000,0.000000,Combined Sources,0.929204,0.816245,0.943883
ITM2C,0.000000,0.000000,Combined Sources,0.929204,0.816245,0.943883
SLC25A5,0.000000,0.000000,Combined Sources,0.929204,0.816245,0.943883
PARP8,0.000000,0.000000,Combined Sources,0.929204,0.816245,0.943883
GABBR2,0.000000,0.000000,Combined Sources,0.929204,0.816245,0.943883
NLRP1,0.000000,0.000000,Combined Sources,0.929204,0.816245,0.943883
UNKL,0.000000,0.000000,Combined Sources,0.929204,0.816245,0.943883
GFRA3,0.000000,0.000000,Combined Sources,0.929204,0.816245,0.943883
AP4S1,0.000000,0.000000,Combined Sources,0.929204,0.816245,0.943883
WDR46,0.000000,0.000000,Combined Sources,0.929204,0.816245,0.943883
ATP6V1D,0.000000,0.000000,Combined Sources,0.929204,0.816245,0.943883
PCCA,0.000000,0.000000,Combined Sources,0.929204,0.816245,0.943883
SNRPD3,0.000000,0.000000,Combined Sources,0.929204,0.816245,0.943883
SYT1,0.000000,0.000000,Combined Sources,0.929204,0.816245,0.943883
TLX3,0.000000,0.000000,Combined Sources,0.929204,0.816245,0.943883
ELK4,0.000000,0.000000,Combined Sources,0.929204,0.816245,0.943883
INCENP,0.000000,0.000000,Combined Sources,0.929204,0.816245,0.943883
DENND5A,0.000000,0.000000,Combined Sources,0.929204,0.816245,0.943883
SON,0.000000,0.000000,Combined Sources,0.929204,0.816245,0.943883
NCBP2,0.000000,0.000000,Combined Sources,0.929204,0.816245,0.943883
MYO1C,0.000000,0.000000,Combined Sources,0.929204,0.816245,0.943883
GRIN2C,0.000000,0.000000,Combined Sources,0.929204,0.816245,0.943883
MAGEA4,0.000000,0.000000,Combined Sources,0.929204,0.816245,0.943883
GOLM1,0.000000,0.000000,Combined Sources,0.929204,0.816245,0.943883
SCPEP1,0.000000,0.000000,Combined Sources,0.929204,0.816245,0.943883
PANX1,0.000000,0.000000,Combined Sources,0.929204,0.816245,0.943883
SLC20A2,0.000000,0.000000,Combined Sources,0.929204,0.816245,0.943883
MYH9,0.000000,0.000000,Combined Sources,0.929204,0.816245,0.943883
CCR9,0.000000,0.000000,Combined Sources,0.929204,0.816245,0.943883
SLCO2B1,0.000000,0.000000,Combined Sources,0.929204,0.816245,0.943883
PENK,0.000000,0.000000,Combined Sources,0.929204,0.816245,0.943883
CHP2,0.000000,0.000000,Combined Sources,0.929204,0.816245,0.943883
RARRES2,0.000000,0.000000,Combined Sources,0.929204,0.816245,0.943883
TMF1,0.000000,0.000000,Combined Sources,0.929204,0.816245,0.943883
SLC35F5,0.000000,0.000000,Combined Sources,0.929204,0.816245,0.943883
RLF,0.000000,0.000000,Combined Sources,0.929204,0.816245,0.943883
FAM162A,0.000000,0.000000,Combined Sources,0.929204,0.816245,0.943883
ACSL1,0.000000,0.000000,Combined Sources,0.929204,0.816245,0.943883
CST5,0.000000,0.000000,Combined Sources,0.929204,0.816245,0.943883
TAS2R14,0.000000,0.000000,Combined Sources,0.929204,0.816245,0.943883
FOXE1,0.000000,0.000000,Combined Sources,0.929204,0.816245,0.943883
MGAT4A,0.000000,0.000000,Combined Sources,0.929204,0.816245,0.943883
ZNF692,0.000000,0.000000,Combined Sources,0.929204,0.816245,0.943883
TTLL12,0.000000,0.000000,Combined Sources,0.929204,0.816245,0.943883
ZC3H11A,0.000000,0.000000,Combined Sources,0.929204,0.816245,0.943883
HOXB8,0.000000,0.000000,Combined Sources,0.929204,0.816245,0.943883
CYCS,0.000000,0.000000,Combined Sources,0.929204,0.816245,0.943883
CDC42EP1,0.000000,0.000000,Combined Sources,0.929204,0.816245,0.943883
LAP3,0.000000,0.000000,Combined Sources,0.929204,0.816245,0.943883
ITSN1,0.000000,0.000000,Combined Sources,0.929204,0.816245,0.943883
CHCHD3,0.000000,0.000000,Combined Sources,0.929204,0.816245,0.943883
SPTB,0.000000,0.000000,Combined Sources,0.929204,0.816245,0.943883
SKAP1,0.000000,0.000000,Combined Sources,0.929204,0.816245,0.943883
RAD23B,0.000000,0.000000,Combined Sources,0.929204,0.816245,0.943883
HEXA,0.000000,0.000000,Combined Sources,0.929204,0.816245,0.943883
KLC1,0.000000,0.000000,Combined Sources,0.929204,0.816245,0.943883
FSHB,0.000000,0.000000,Combined Sources,0.929204,0.816245,0.943883
PLK4,0.000000,0.000000,Combined Sources,0.929204,0.816245,0.943883
FETUB,0.000000,0.000000,Combined Sources,0.929204,0.816245,0.943883
MAFB,0.000000,0.000000,Combined Sources,0.929204,0.816245,0.943883
USP33,0.000000,0.000000,Combined Sources,0.929204,0.816245,0.943883
MADCAM1,0.000000,0.000000,Combined Sources,0.929204,0.816245,0.943883
SEMG1,0.000000,0.000000,Combined Sources,0.929204,0.816245,0.943883
COPB1,0.000000,0.000000,Combined Sources,0.929204,0.816245,0.943883
IPO9,0.000000,0.000000,Combined Sources,0.929204,0.816245,0.943883
CCDC85B,0.000000,0.000000,Combined Sources,0.929204,0.816245,0.943883
EP300,0.000000,0.000000,Combined Sources,0.929204,0.816245,0.943883
TUFT1,0.000000,0.000000,Combined Sources,0.929204,0.816245,0.943883
SLC25A24,0.000000,0.000000,Combined Sources,0.929204,0.816245,0.943883
SENP3,0.000000,0.000000,Combined Sources,0.929204,0.816245,0.943883
AGTR1,0.000000,0.000000,Combined Sources,0.929204,0.816245,0.943883
SLC35A1,0.000000,0.000000,Combined Sources,0.929204,0.816245,0.943883
PDSS1,0.000000,0.000000,Combined Sources,0.929204,0.816245,0.943883
SLC26A2,0.000000,0.000000,Combined Sources,0.929204,0.816245,0.943883
MNAT1,0.000000,0.000000,Combined Sources,0.929204,0.816245,0.943883
PPM1E,0.000000,0.000000,Combined Sources,0.929204,0.816245,0.943883
LGALS14,0.000000,0.000000,Combined Sources,0.929204,0.816245,0.943883
TRIP13,0.000000,0.000000,Combined Sources,0.929204,0.816245,0.943883
PRR5L,0.000000,0.000000,Combined Sources,0.929204,0.816245,0.943883
HCP5,0.000000,0.000000,Combined Sources,0.929204,0.816245,0.943883
ARHGAP11A,0.000000,0.000000,Combined Sources,0.929204,0.816245,0.943883
STARD8,0.000000,0.000000,Combined Sources,0.929204,0.816245,0.943883
C19orf53,0.000000,0.000000,Combined Sources,0.929204,0.816245,0.943883
EML3,0.000000,0.000000,Combined Sources,0.929204,0.816245,0.943883
ZNF280D,0.000000,0.000000,Combined Sources,0.929204,0.816245,0.943883
SLC30A9,0.000000,0.000000,Combined Sources,0.929204,0.816245,0.943883
FSCN3,0.000000,0.000000,Combined Sources,0.929204,0.816245,0.943883
RGSL1,0.000000,0.000000,Combined Sources,0.929204,0.816245,0.943883
KLHL4,0.000000,0.000000,Combined Sources,0.929204,0.816245,0.943883
SLC17A3,0.000000,0.000000,Combined Sources,0.929204,0.816245,0.943883
PLAC4,0.000000,0.000000,Combined Sources,0.929204,0.816245,0.943883
RBM7,0.000000,0.000000,Combined Sources,0.929204,0.816245,0.943883
RGL1,0.000000,0.000000,Combined Sources,0.929204,0.816245,0.943883
ARFIP1,0.000000,0.000000,Combined Sources,0.929204,0.816245,0.943883
IFFO1,0.000000,0.000000,Combined Sources,0.929204,0.816245,0.943883
ADAM22,0.000000,0.000000,Combined Sources,0.929204,0.816245,0.943883
MCL1,0.000000,0.000000,Combined Sources,0.929204,0.816245,0.943883
AMHR2,0.000000,0.000000,Combined Sources,0.929204,0.816245,0.943883
SYT5,0.000000,0.000000,Combined Sources,0.929204,0.816245,0.943883
PLA2G1B,0.000000,0.000000,Combined Sources,0.929204,0.816245,0.943883
ATP1A2,0.000000,0.000000,Combined Sources,0.929204,0.816245,0.943883
SOSTDC1,0.000000,0.000000,Combined Sources,0.929204,0.816245,0.943883
ELAC2,0.000000,0.000000,Combined Sources,0.929204,0.816245,0.943883
PPP1R7,0.000000,0.000000,Combined Sources,0.929204,0.816245,0.943883
PUS7L,0.000000,0.000000,Combined Sources,0.929204,0.816245,0.943883
UFSP2,0.000000,0.000000,Combined Sources,0.929204,0.816245,0.943883
RPUSD2,0.000000,0.000000,Combined Sources,0.929204,0.816245,0.943883
STX6,0.000000,0.000000,Combined Sources,0.929204,0.816245,0.943883
STC1,0.000000,0.000000,Combined Sources,0.929204,0.816245,0.943883
CORO1A,0.000000,0.000000,Combined Sources,0.929204,0.816245,0.943883
EIF2AK3,0.000000,0.000000,Combined Sources,0.929204,0.816245,0.943883
GDI2,0.000000,0.000000,Combined Sources,0.929204,0.816245,0.943883
FER,0.000000,0.000000,Combined Sources,0.929204,0.816245,0.943883
ROM1,0.000000,0.000000,Combined Sources,0.929204,0.816245,0.943883
GOLGA5,0.000000,0.000000,Combined Sources,0.929204,0.816245,0.943883
BTF3P11,0.000000,0.000000,Combined Sources,0.929204,0.816245,0.943883
NEK7,0.000000,0.000000,Combined Sources,0.929204,0.816245,0.943883
AMOT,0.000000,0.000000,Combined Sources,0.929204,0.816245,0.943883
PHKB,0.000000,0.000000,Combined Sources,0.929204,0.816245,0.943883
CKB,0.000000,0.000000,Combined Sources,0.929204,0.816245,0.943883
SLC19A3,0.000000,0.000000,Combined Sources,0.929204,0.816245,0.943883
DDX39A,0.000000,0.000000,Combined Sources,0.929204,0.816245,0.943883
CHD8,0.000000,0.000000,Combined Sources,0.929204,0.816245,0.943883
SGSM2,0.000000,0.000000,Combined Sources,0.929204,0.816245,0.943883
COL19A1,0.000000,0.000000,Combined Sources,0.929204,0.816245,0.943883
MED24,0.000000,0.000000,Combined Sources,0.929204,0.816245,0.943883
PSMG1,0.000000,0.000000,Combined Sources,0.929204,0.816245,0.943883
ESYT1,0.000000,0.000000,Combined Sources,0.929204,0.816245,0.943883
CCIN,0.000000,0.000000,Combined Sources,0.929204,0.816245,0.943883
HAL,0.000000,0.000000,Combined Sources,0.929204,0.816245,0.943883
SLC13A1,0.000000,0.000000,Combined Sources,0.929204,0.816245,0.943883
FAT2,0.000000,0.000000,Combined Sources,0.929204,0.816245,0.943883
HDAC3,0.000000,0.000000,Combined Sources,0.929204,0.816245,0.943883
MAGEB3,0.000000,0.000000,Combined Sources,0.929204,0.816245,0.943883
CDH12,0.000000,0.000000,Combined Sources,0.929204,0.816245,0.943883
CYTH4,0.000000,0.000000,Combined Sources,0.929204,0.816245,0.943883
IRS2,0.000000,0.000000,Combined Sources,0.929204,0.816245,0.943883
ACACB,0.000000,0.000000,Combined Sources,0.929204,0.816245,0.943883
NOC4L,0.000000,0.000000,Combined Sources,0.929204,0.816245,0.943883
SMG8,0.000000,0.000000,Combined Sources,0.929204,0.816245,0.943883
STK25,0.000000,0.000000,Combined Sources,0.929204,0.816245,0.943883
NDUFS8,0.000000,0.000000,Combined Sources,0.929204,0.816245,0.943883
PODXL2,0.000000,0.000000,Combined Sources,0.929204,0.816245,0.943883
TMPRSS11D,0.000000,0.000000,Combined Sources,0.929204,0.816245,0.943883
EIF4G2,0.000000,0.000000,Combined Sources,0.929204,0.816245,0.943883
RUNX1T1,0.000000,0.000000,Combined Sources,0.929204,0.816245,0.943883
PER1,0.000000,0.000000,Combined Sources,0.929204,0.816245,0.943883
SS18L1,0.000000,0.000000,Combined Sources,0.929204,0.816245,0.943883
ATP2A2,0.000000,0.000000,Combined Sources,0.929204,0.816245,0.943883
CSTF1,0.000000,0.000000,Combined Sources,0.929204,0.816245,0.943883
PHF20L1,0.000000,0.000000,Combined Sources,0.929204,0.816245,0.943883
KALRN,0.000000,0.000000,Combined Sources,0.929204,0.816245,0.943883
CPN1,0.000000,0.000000,Combined Sources,0.929204,0.816245,0.943883
DDN,0.000000,0.000000,Combined Sources,0.929204,0.816245,0.943883
MYBBP1A,0.000000,0.000000,Combined Sources,0.929204,0.816245,0.943883
KCNQ4,0.000000,0.000000,Combined Sources,0.929204,0.816245,0.943883
MRPS22,0.000000,0.000000,Combined Sources,0.929204,0.816245,0.943883
IRF2,0.000000,0.000000,Combined Sources,0.929204,0.816245,0.943883
CRISP3,0.000000,0.000000,Combined Sources,0.929204,0.816245,0.943883
PIEZO2,0.000000,0.000000,Combined Sources,0.929204,0.816245,0.943883
ETFDH,0.000000,0.000000,Combined Sources,0.929204,0.816245,0.943883
PLD1,0.000000,0.000000,Combined Sources,0.929204,0.816245,0.943883
TESK2,0.000000,0.000000,Combined Sources,0.929204,0.816245,0.943883
SEC24D,0.000000,0.000000,Combined Sources,0.929204,0.816245,0.943883
TACR3,0.000000,0.000000,Combined Sources,0.929204,0.816245,0.943883
RPS6KB1,0.000000,0.000000,Combined Sources,0.929204,0.816245,0.943883
CREB3L2,0.000000,0.000000,Combined Sources,0.929204,0.816245,0.943883
PDCD11,0.000000,0.000000,Combined Sources,0.929204,0.816245,0.943883
PLCH2,0.000000,0.000000,Combined Sources,0.929204,0.816245,0.943883
RALGAPB,0.000000,0.000000,Combined Sources,0.929204,0.816245,0.943883
CBX4,0.000000,0.000000,Combined Sources,0.929204,0.816245,0.943883
CALB2,0.000000,0.000000,Combined Sources,0.929204,0.816245,0.943883
IK,0.000000,0.000000,Combined Sources,0.929204,0.816245,0.943883
BCL7C,0.000000,0.000000,Combined Sources,0.929204,0.816245,0.943883
FBXO46,0.000000,0.000000,Combined Sources,0.929204,0.816245,0.943883
OR1F1,0.000000,0.000000,Combined Sources,0.929204,0.816245,0.943883
WDR3,0.000000,0.000000,Combined Sources,0.929204,0.816245,0.943883
PCGF2,0.000000,0.000000,Combined Sources,0.929204,0.816245,0.943883
SSNA1,0.000000,0.000000,Combined Sources,0.929204,0.816245,0.943883
SIGLEC1,0.000000,0.000000,Combined Sources,0.929204,0.816245,0.943883
CPSF6,0.000000,0.000000,Combined Sources,0.929204,0.816245,0.943883
ANXA7,0.000000,0.000000,Combined Sources,0.929204,0.816245,0.943883
REN,0.000000,0.000000,Combined Sources,0.929204,0.816245,0.943883
RBFOX2,0.000000,0.000000,Combined Sources,0.929204,0.816245,0.943883
GCFC2,0.000000,0.000000,Combined Sources,0.929204,0.816245,0.943883
CRHR2,0.000000,0.000000,Combined Sources,0.929204,0.816245,0.943883
CRKL,0.000000,0.000000,Combined Sources,0.929204,0.816245,0.943883
ESR2,0.000000,0.000000,Combined Sources,0.929204,0.816245,0.943883
CTDP1,0.000000,0.000000,Combined Sources,0.929204,0.816245,0.943883
GNAL,0.000000,0.000000,Combined Sources,0.929204,0.816245,0.943883
GOT2,0.000000,0.000000,Combined Sources,0.929204,0.816245,0.943883
MCOLN3,0.000000,0.000000,Combined Sources,0.929204,0.816245,0.943883
TACC2,0.000000,0.000000,Combined Sources,0.929204,0.816245,0.943883
ZNF711,0.000000,0.000000,Combined Sources,0.929204,0.816245,0.943883
RNASEH1,0.000000,0.000000,Combined Sources,0.929204,0.816245,0.943883
SLC7A9,0.000000,0.000000,Combined Sources,0.929204,0.816245,0.943883
ALDH4A1,0.000000,0.000000,Combined Sources,0.929204,0.816245,0.943883
AGTPBP1,0.000000,0.000000,Combined Sources,0.929204,0.816245,0.943883
UBE3A,0.000000,0.000000,Combined Sources,0.929204,0.816245,0.943883
FZD4,0.000000,0.000000,Combined Sources,0.929204,0.816245,0.943883
PEX5,0.000000,0.000000,Combined Sources,0.929204,0.816245,0.943883
GALT,0.000000,0.000000,Combined Sources,0.929204,0.816245,0.943883
REEP1,0.000000,0.000000,Combined Sources,0.929204,0.816245,0.943883
NR5A2,0.000000,0.000000,Combined Sources,0.929204,0.816245,0.943883
TRIM9,0.000000,0.000000,Combined Sources,0.929204,0.816245,0.943883
UBR2,0.000000,0.000000,Combined Sources,0.929204,0.816245,0.943883
CUL7,0.000000,0.000000,Combined Sources,0.929204,0.816245,0.943883
RUSC2,0.000000,0.000000,Combined Sources,0.929204,0.816245,0.943883
CRX,0.000000,0.000000,Combined Sources,0.929204,0.816245,0.943883
FBXO9,0.000000,0.000000,Combined Sources,0.929204,0.816245,0.943883
MYBPC2,0.000000,0.000000,Combined Sources,0.929204,0.816245,0.943883
DLAT,0.000000,0.000000,Combined Sources,0.929204,0.816245,0.943883
CAPRIN1,0.000000,0.000000,Combined Sources,0.929204,0.816245,0.943883
INHBC,0.000000,0.000000,Combined Sources,0.929204,0.816245,0.943883
SGCE,0.000000,0.000000,Combined Sources,0.929204,0.816245,0.943883
TMBIM6,0.000000,0.000000,Combined Sources,0.929204,0.816245,0.943883
TNPO2,0.000000,0.000000,Combined Sources,0.929204,0.816245,0.943883
WDR55,0.000000,0.000000,Combined Sources,0.929204,0.816245,0.943883
SH3GLB2,0.000000,0.000000,Combined Sources,0.929204,0.816245,0.943883
IFRD1,0.000000,0.000000,Combined Sources,0.929204,0.816245,0.943883
TCF25,0.000000,0.000000,Combined Sources,0.929204,0.816245,0.943883
GNAS,0.000000,0.000000,Combined Sources,0.929204,0.816245,0.943883
KIF3C,0.000000,0.000000,Combined Sources,0.929204,0.816245,0.943883
FSCN1,0.000000,0.000000,Combined Sources,0.929204,0.816245,0.943883
NF1,0.000000,0.000000,Combined Sources,0.929204,0.816245,0.943883
ZNF324B,0.000000,0.000000,Combined Sources,0.929204,0.816245,0.943883
LARP7,0.000000,0.000000,Combined Sources,0.929204,0.816245,0.943883
SNTA1,0.000000,0.000000,Combined Sources,0.929204,0.816245,0.943883
BPHL,0.000000,0.000000,Combined Sources,0.929204,0.816245,0.943883
CYP4F11,0.000000,0.000000,Combined Sources,0.929204,0.816245,0.943883
COX15,0.000000,0.000000,Combined Sources,0.929204,0.816245,0.943883
SEMA4G,0.000000,0.000000,Combined Sources,0.929204,0.816245,0.943883
TBC1D8,0.000000,0.000000,Combined Sources,0.929204,0.816245,0.943883
ATG12,0.000000,0.000000,Combined Sources,0.929204,0.816245,0.943883
PNN,0.000000,0.000000,Combined Sources,0.929204,0.816245,0.943883
RAE1,0.000000,0.000000,Combined Sources,0.929204,0.816245,0.943883
CACNA1S,0.000000,0.000000,Combined Sources,0.929204,0.816245,0.943883
NDUFAF1,0.000000,0.000000,Combined Sources,0.929204,0.816245,0.943883
USP34,0.000000,0.000000,Combined Sources,0.929204,0.816245,0.943883
PLEKHO2,0.000000,0.000000,Combined Sources,0.929204,0.816245,0.943883
GOLGA7,0.000000,0.000000,Combined Sources,0.929204,0.816245,0.943883
AKAP8,0.000000,0.000000,Combined Sources,0.929204,0.816245,0.943883
CD163,0.000000,0.000000,Combined Sources,0.929204,0.816245,0.943883
TNMD,0.000000,0.000000,Combined Sources,0.929204,0.816245,0.943883
DNAJA1,0.000000,0.000000,Combined Sources,0.929204,0.816245,0.943883
ZNF81,0.000000,0.000000,Combined Sources,0.929204,0.816245,0.943883
NFKBIA,0.000000,0.000000,Combined Sources,0.929204,0.816245,0.943883
TNFRSF11A,0.000000,0.000000,Combined Sources,0.929204,0.816245,0.943883
TNFSF10,0.000000,0.000000,Combined Sources,0.929204,0.816245,0.943883
XCL1,0.000000,0.000000,Combined Sources,0.929204,0.816245,0.943883
ZNF593,0.000000,0.000000,Combined Sources,0.929204,0.816245,0.943883
TAT,0.000000,0.000000,Combined Sources,0.929204,0.816245,0.943883
RSAD1,0.000000,0.000000,Combined Sources,0.929204,0.816245,0.943883
SETD2,0.000000,0.000000,Combined Sources,0.929204,0.816245,0.943883
ABCC5,0.000000,0.000000,Combined Sources,0.929204,0.816245,0.943883
OGT,0.000000,0.000000,Combined Sources,0.929204,0.816245,0.943883
FBXO42,0.000000,0.000000,Combined Sources,0.929204,0.816245,0.943883
ZNF292,0.000000,0.000000,Combined Sources,0.929204,0.816245,0.943883
CD99,0.000000,0.000000,Combined Sources,0.929204,0.816245,0.943883
CYP3A7,0.000000,0.000000,Combined Sources,0.929204,0.816245,0.943883
SCRG1,0.000000,0.000000,Combined Sources,0.929204,0.816245,0.943883
WDR47,0.000000,0.000000,Combined Sources,0.929204,0.816245,0.943883
SSPN,0.000000,0.000000,Combined Sources,0.929204,0.816245,0.943883
PNMT,0.000000,0.000000,Combined Sources,0.929204,0.816245,0.943883
MFSD11,0.000000,0.000000,Combined Sources,0.929204,0.816245,0.943883
ASAH1,0.000000,0.000000,Combined Sources,0.929204,0.816245,0.943883
ALKBH4,0.000000,0.000000,Combined Sources,0.929204,0.816245,0.943883
EPHB6,0.000000,0.000000,Combined Sources,0.929204,0.816245,0.943883
PCSK1N,0.000000,0.000000,Combined Sources,0.929204,0.816245,0.943883
MEOX1,0.000000,0.000000,Combined Sources,0.929204,0.816245,0.943883
TBX21,0.000000,0.000000,Combined Sources,0.929204,0.816245,0.943883
HOXB7,0.000000,0.000000,Combined Sources,0.929204,0.816245,0.943883
CCL17,0.000000,0.000000,Combined Sources,0.929204,0.816245,0.943883
MFAP4,0.000000,0.000000,Combined Sources,0.929204,0.816245,0.943883
SPINK2,0.000000,0.000000,Combined Sources,0.929204,0.816245,0.943883
TMC7,0.000000,0.000000,Combined Sources,0.929204,0.816245,0.943883
DEFB126,0.000000,0.000000,Combined Sources,0.929204,0.816245,0.943883
MNDA,0.000000,0.000000,Combined Sources,0.929204,0.816245,0.943883
PRG3,0.000000,0.000000,Combined Sources,0.929204,0.816245,0.943883
PLEKHG3,0.000000,0.000000,Combined Sources,0.929204,0.816245,0.943883
DTYMK,0.000000,0.000000,Combined Sources,0.929204,0.816245,0.943883
KLF1,0.000000,0.000000,Combined Sources,0.929204,0.816245,0.943883
CDR2L,0.000000,0.000000,Combined Sources,0.929204,0.816245,0.943883
PGK1,0.000000,0.000000,Combined Sources,0.929204,0.816245,0.943883
PSMD8,0.000000,0.000000,Combined Sources,0.929204,0.816245,0.943883
NR6A1,0.000000,0.000000,Combined Sources,0.929204,0.816245,0.943883
PTPN1,0.000000,0.000000,Combined Sources,0.929204,0.816245,0.943883
AVPR1B,0.000000,0.000000,Combined Sources,0.929204,0.816245,0.943883
SCN2B,0.000000,0.000000,Combined Sources,0.929204,0.816245,0.943883
SUMO4,0.000000,0.000000,Combined Sources,0.929204,0.816245,0.943883
NCDN,0.000000,0.000000,Combined Sources,0.929204,0.816245,0.943883
CD3D,0.000000,0.000000,Combined Sources,0.929204,0.816245,0.943883
CTAGE1,0.000000,0.000000,Combined Sources,0.929204,0.816245,0.943883
LIPA,0.000000,0.000000,Combined Sources,0.929204,0.816245,0.943883
C1D,0.000000,0.000000,Combined Sources,0.929204,0.816245,0.943883
PANK4,0.000000,0.000000,Combined Sources,0.929204,0.816245,0.943883
ARL17B,0.000000,0.000000,Combined Sources,0.929204,0.816245,0.943883
SLC8A2,0.000000,0.000000,Combined Sources,0.929204,0.816245,0.943883
HARS2,0.000000,0.000000,Combined Sources,0.929204,0.816245,0.943883
NCR2,0.000000,0.000000,Combined Sources,0.929204,0.816245,0.943883
CALB1,0.000000,0.000000,Combined Sources,0.929204,0.816245,0.943883
PPP3CB,0.000000,0.000000,Combined Sources,0.929204,0.816245,0.943883
NDUFA6,0.000000,0.000000,Combined Sources,0.929204,0.816245,0.943883
SNRNP70,0.000000,0.000000,Combined Sources,0.929204,0.816245,0.943883
PTPRF,0.000000,0.000000,Combined Sources,0.929204,0.816245,0.943883
SLC11A1,0.000000,0.000000,Combined Sources,0.929204,0.816245,0.943883
BHLHE41,0.000000,0.000000,Combined Sources,0.929204,0.816245,0.943883
GABBR1,0.000000,0.000000,Combined Sources,0.929204,0.816245,0.943883
OSBPL11,0.000000,0.000000,Combined Sources,0.929204,0.816245,0.943883
ID3,0.000000,0.000000,Combined Sources,0.929204,0.816245,0.943883
TOPBP1,0.000000,0.000000,Combined Sources,0.929204,0.816245,0.943883
PFKP,0.000000,0.000000,Combined Sources,0.929204,0.816245,0.943883
GDPD5,0.000000,0.000000,Combined Sources,0.929204,0.816245,0.943883
HMGA2,0.000000,0.000000,Combined Sources,0.929204,0.816245,0.943883
AGA,0.000000,0.000000,Combined Sources,0.929204,0.816245,0.943883
RFC4,0.000000,0.000000,Combined Sources,0.929204,0.816245,0.943883
ATP6V1C1,0.000000,0.000000,Combined Sources,0.929204,0.816245,0.943883
GSN,0.000000,0.000000,Combined Sources,0.929204,0.816245,0.943883
CD33,0.000000,0.000000,Combined Sources,0.929204,0.816245,0.943883
PPIL2,0.000000,0.000000,Combined Sources,0.929204,0.816245,0.943883
SPRR1A,0.000000,0.000000,Combined Sources,0.929204,0.816245,0.943883
MICU1,0.000000,0.000000,Combined Sources,0.929204,0.816245,0.943883
CNPPD1,0.000000,0.000000,Combined Sources,0.929204,0.816245,0.943883
MUS81,0.000000,0.000000,Combined Sources,0.929204,0.816245,0.943883
ZNF280A,0.000000,0.000000,Combined Sources,0.929204,0.816245,0.943883
HMBS,0.000000,0.000000,Combined Sources,0.929204,0.816245,0.943883
LHPP,0.000000,0.000000,Combined Sources,0.929204,0.816245,0.943883
DMTF1,0.000000,0.000000,Combined Sources,0.929204,0.816245,0.943883
SERINC1,0.000000,0.000000,Combined Sources,0.929204,0.816245,0.943883
CCNT2,0.000000,0.000000,Combined Sources,0.929204,0.816245,0.943883
FOXD1,0.000000,0.000000,Combined Sources,0.929204,0.816245,0.943883
ANXA2P2,0.000000,0.000000,Combined Sources,0.929204,0.816245,0.943883
CDK20,0.000000,0.000000,Combined Sources,0.929204,0.816245,0.943883
HYAL4,0.000000,0.000000,Combined Sources,0.929204,0.816245,0.943883
DCAF11,0.000000,0.000000,Combined Sources,0.929204,0.816245,0.943883
DOT1L,0.000000,0.000000,Combined Sources,0.929204,0.816245,0.943883
CES1P1,0.000000,0.000000,Combined Sources,0.929204,0.816245,0.943883
AQP5,0.000000,0.000000,Combined Sources,0.929204,0.816245,0.943883
TM7SF3,0.000000,0.000000,Combined Sources,0.929204,0.816245,0.943883
ZNF263,0.000000,0.000000,Combined Sources,0.929204,0.816245,0.943883
CCR10,0.000000,0.000000,Combined Sources,0.929204,0.816245,0.943883
PTPRO,0.000000,0.000000,Combined Sources,0.929204,0.816245,0.943883
SKIL,0.000000,0.000000,Combined Sources,0.929204,0.816245,0.943883
SETD3,0.000000,0.000000,Combined Sources,0.929204,0.816245,0.943883
IGSF6,0.000000,0.000000,Combined Sources,0.929204,0.816245,0.943883
NOL12,0.000000,0.000000,Combined Sources,0.929204,0.816245,0.943883
KXD1,0.000000,0.000000,Combined Sources,0.929204,0.816245,0.943883
PCDHB11,0.000000,0.000000,Combined Sources,0.929204,0.816245,0.943883
DYNLT1,0.000000,0.000000,Combined Sources,0.929204,0.816245,0.943883
TCF3,0.000000,0.000000,Combined Sources,0.929204,0.816245,0.943883
SUSD5,0.000000,0.000000,Combined Sources,0.929204,0.816245,0.943883
ERCC4,0.000000,0.000000,Combined Sources,0.929204,0.816245,0.943883
MFAP3L,0.000000,0.000000,Combined Sources,0.929204,0.816245,0.943883
PCYT1A,0.000000,0.000000,Combined Sources,0.929204,0.816245,0.943883
MED13L,0.000000,0.000000,Combined Sources,0.929204,0.816245,0.943883
CFHR2,0.000000,0.000000,Combined Sources,0.929204,0.816245,0.943883
SLC35E1,0.000000,0.000000,Combined Sources,0.929204,0.816245,0.943883
FEZ2,0.000000,0.000000,Combined Sources,0.929204,0.816245,0.943883
ADAM17,0.000000,0.000000,Combined Sources,0.929204,0.816245,0.943883
PSMB9,0.000000,0.000000,Combined Sources,0.929204,0.816245,0.943883
HCFC2,0.000000,0.000000,Combined Sources,0.929204,0.816245,0.943883
PEX16,0.000000,0.000000,Combined Sources,0.929204,0.816245,0.943883
CTDSP1,0.000000,0.000000,Combined Sources,0.929204,0.816245,0.943883
SLC13A3,0.000000,0.000000,Combined Sources,0.929204,0.816245,0.943883
STXBP2,0.000000,0.000000,Combined Sources,0.929204,0.816245,0.943883
GLDC,0.000000,0.000000,Combined Sources,0.929204,0.816245,0.943883
NECAP1,0.000000,0.000000,Combined Sources,0.929204,0.816245,0.943883
GABRB1,0.000000,0.000000,Combined Sources,0.929204,0.816245,0.943883
MCTP1,0.000000,0.000000,Combined Sources,0.929204,0.816245,0.943883
OR3A2,0.000000,0.000000,Combined Sources,0.929204,0.816245,0.943883
SDK2,0.000000,0.000000,Combined Sources,0.929204,0.816245,0.943883
PLXNB1,0.000000,0.000000,Combined Sources,0.929204,0.816245,0.943883
ARHGAP35,0.000000,0.000000,Combined Sources,0.929204,0.816245,0.943883
GNG7,0.000000,0.000000,Combined Sources,0.929204,0.816245,0.943883
POU1F1,0.000000,0.000000,Combined Sources,0.929204,0.816245,0.943883
KBTBD4,0.000000,0.000000,Combined Sources,0.929204,0.816245,0.943883
SASH1,0.000000,0.000000,Combined Sources,0.929204,0.816245,0.943883
HSD17B4,0.000000,0.000000,Combined Sources,0.929204,0.816245,0.943883
DNAJA3,0.000000,0.000000,Combined Sources,0.929204,0.816245,0.943883
ARF4,0.000000,0.000000,Combined Sources,0.929204,0.816245,0.943883
UEVLD,0.000000,0.000000,Combined Sources,0.929204,0.816245,0.943883
MOXD1,0.000000,0.000000,Combined Sources,0.929204,0.816245,0.943883
KLHL26,0.000000,0.000000,Combined Sources,0.929204,0.816245,0.943883
CDC73,0.000000,0.000000,Combined Sources,0.929204,0.816245,0.943883
SFI1,0.000000,0.000000,Combined Sources,0.929204,0.816245,0.943883
ATRX,0.000000,0.000000,Combined Sources,0.929204,0.816245,0.943883
CELA3A,0.000000,0.000000,Combined Sources,0.929204,0.816245,0.943883
NBR1,0.000000,0.000000,Combined Sources,0.929204,0.816245,0.943883
PAQR6,0.000000,0.000000,Combined Sources,0.929204,0.816245,0.943883
PGBD5,0.000000,0.000000,Combined Sources,0.929204,0.816245,0.943883
SRRM2,0.000000,0.000000,Combined Sources,0.929204,0.816245,0.943883
KIF3A,0.000000,0.000000,Combined Sources,0.929204,0.816245,0.943883
CAPN7,0.000000,0.000000,Combined Sources,0.929204,0.816245,0.943883
RASIP1,0.000000,0.000000,Combined Sources,0.929204,0.816245,0.943883
CRNKL1,0.000000,0.000000,Combined Sources,0.929204,0.816245,0.943883
POLR3C,0.000000,0.000000,Combined Sources,0.929204,0.816245,0.943883
VAMP5,0.000000,0.000000,Combined Sources,0.929204,0.816245,0.943883
GABARAP,0.000000,0.000000,Combined Sources,0.929204,0.816245,0.943883
RAG1,0.000000,0.000000,Combined Sources,0.929204,0.816245,0.943883
UBE2I,0.000000,0.000000,Combined Sources,0.929204,0.816245,0.943883
NSL1,0.000000,0.000000,Combined Sources,0.929204,0.816245,0.943883
KCNQ1,0.000000,0.000000,Combined Sources,0.929204,0.816245,0.943883
MUL1,0.000000,0.000000,Combined Sources,0.929204,0.816245,0.943883
NR2E3,0.000000,0.000000,Combined Sources,0.929204,0.816245,0.943883
RAB11A,0.000000,0.000000,Combined Sources,0.929204,0.816245,0.943883
RPL23AP32,0.000000,0.000000,Combined Sources,0.929204,0.816245,0.943883
ZNF136,0.000000,0.000000,Combined Sources,0.929204,0.816245,0.943883
METTL16,0.000000,0.000000,Combined Sources,0.929204,0.816245,0.943883
TBCCD1,0.000000,0.000000,Combined Sources,0.929204,0.816245,0.943883
DEXI,0.000000,0.000000,Combined Sources,0.929204,0.816245,0.943883
TBL3,0.000000,0.000000,Combined Sources,0.929204,0.816245,0.943883
TGFBR3,0.000000,0.000000,Combined Sources,0.929204,0.816245,0.943883
GDPD3,0.000000,0.000000,Combined Sources,0.929204,0.816245,0.943883
ID4,0.000000,0.000000,Combined Sources,0.929204,0.816245,0.943883
PSME4,0.000000,0.000000,Combined Sources,0.929204,0.816245,0.943883
AEBP1,0.000000,0.000000,Combined Sources,0.929204,0.816245,0.943883
ZNF212,0.000000,0.000000,Combined Sources,0.929204,0.816245,0.943883
SPCS3,0.000000,0.000000,Combined Sources,0.929204,0.816245,0.943883
EXTL1,0.000000,0.000000,Combined Sources,0.929204,0.816245,0.943883
NUP85,0.000000,0.000000,Combined Sources,0.929204,0.816245,0.943883
UBE2N,0.000000,0.000000,Combined Sources,0.929204,0.816245,0.943883
B4GALNT1,0.000000,0.000000,Combined Sources,0.929204,0.816245,0.943883
EEA1,0.000000,0.000000,Combined Sources,0.929204,0.816245,0.943883
ERLIN1,0.000000,0.000000,Combined Sources,0.929204,0.816245,0.943883
RAD9A,0.000000,0.000000,Combined Sources,0.929204,0.816245,0.943883
HCG9,0.000000,0.000000,Combined Sources,0.929204,0.816245,0.943883
SDAD1,0.000000,0.000000,Combined Sources,0.929204,0.816245,0.943883
TP53BP2,0.000000,0.000000,Combined Sources,0.929204,0.816245,0.943883
RANBP6,0.000000,0.000000,Combined Sources,0.929204,0.816245,0.943883
REEP5,0.000000,0.000000,Combined Sources,0.929204,0.816245,0.943883
SALL2,0.000000,0.000000,Combined Sources,0.929204,0.816245,0.943883
LTBP3,0.000000,0.000000,Combined Sources,0.929204,0.816245,0.943883
GCHFR,0.000000,0.000000,Combined Sources,0.929204,0.816245,0.943883
ATG9A,0.000000,0.000000,Combined Sources,0.929204,0.816245,0.943883
STAT5A,0.000000,0.000000,Combined Sources,0.929204,0.816245,0.943883
ZNF528,0.000000,0.000000,Combined Sources,0.929204,0.816245,0.943883
PCYOX1L,0.000000,0.000000,Combined Sources,0.929204,0.816245,0.943883
IBTK,0.000000,0.000000,Combined Sources,0.929204,0.816245,0.943883
KRT4,0.000000,0.000000,Combined Sources,0.929204,0.816245,0.943883
USP36,0.000000,0.000000,Combined Sources,0.929204,0.816245,0.943883
HP1BP3,0.000000,0.000000,Combined Sources,0.929204,0.816245,0.943883
MPP1,0.000000,0.000000,Combined Sources,0.929204,0.816245,0.943883
RIMS2,0.000000,0.000000,Combined Sources,0.929204,0.816245,0.943883
TNIK,0.000000,0.000000,Combined Sources,0.929204,0.816245,0.943883
EVI5,0.000000,0.000000,Combined Sources,0.929204,0.816245,0.943883
BDH1,0.000000,0.000000,Combined Sources,0.929204,0.816245,0.943883
PROX1,0.000000,0.000000,Combined Sources,0.929204,0.816245,0.943883
DERA,0.000000,0.000000,Combined Sources,0.929204,0.816245,0.943883
CHN1,0.000000,0.000000,Combined Sources,0.929204,0.816245,0.943883
EPCAM,0.000000,0.000000,Combined Sources,0.929204,0.816245,0.943883
ALOXE3,0.000000,0.000000,Combined Sources,0.929204,0.816245,0.943883
NCR3,0.000000,0.000000,Combined Sources,0.929204,0.816245,0.943883
NEBL,0.000000,0.000000,Combined Sources,0.929204,0.816245,0.943883
MYL2,0.000000,0.000000,Combined Sources,0.929204,0.816245,0.943883
DEGS1,0.000000,0.000000,Combined Sources,0.929204,0.816245,0.943883
FLRT3,0.000000,0.000000,Combined Sources,0.929204,0.816245,0.943883
HCN2,0.000000,0.000000,Combined Sources,0.929204,0.816245,0.943883
TMEM63A,0.000000,0.000000,Combined Sources,0.929204,0.816245,0.943883
MPL,0.000000,0.000000,Combined Sources,0.929204,0.816245,0.943883
IL5,0.000000,0.000000,Combined Sources,0.929204,0.816245,0.943883
LY6H,0.000000,0.000000,Combined Sources,0.929204,0.816245,0.943883
ADPGK,0.000000,0.000000,Combined Sources,0.929204,0.816245,0.943883
WDR18,0.000000,0.000000,Combined Sources,0.929204,0.816245,0.943883
ARIH1,0.000000,0.000000,Combined Sources,0.929204,0.816245,0.943883
ZNF529,0.000000,0.000000,Combined Sources,0.929204,0.816245,0.943883
NUBP1,0.000000,0.000000,Combined Sources,0.929204,0.816245,0.943883
ZDHHC14,0.000000,0.000000,Combined Sources,0.929204,0.816245,0.943883
DPM2,0.000000,0.000000,Combined Sources,0.929204,0.816245,0.943883
TSPAN6,0.000000,0.000000,Combined Sources,0.929204,0.816245,0.943883
CCR1,0.000000,0.000000,Combined Sources,0.929204,0.816245,0.943883
KIR2DS4,0.000000,0.000000,Combined Sources,0.929204,0.816245,0.943883
TACR2,0.000000,0.000000,Combined Sources,0.929204,0.816245,0.943883
MEIS1,0.000000,0.000000,Combined Sources,0.929204,0.816245,0.943883
ACIN1,0.000000,0.000000,Combined Sources,0.929204,0.816245,0.943883
RAB25,0.000000,0.000000,Combined Sources,0.929204,0.816245,0.943883
TNXB,0.000000,0.000000,Combined Sources,0.929204,0.816245,0.943883
C1orf21,0.000000,0.000000,Combined Sources,0.929204,0.816245,0.943883
OLFML1,0.000000,0.000000,Combined Sources,0.929204,0.816245,0.943883
TBX19,0.000000,0.000000,Combined Sources,0.929204,0.816245,0.943883
GABPB1,0.000000,0.000000,Combined Sources,0.929204,0.816245,0.943883
TRMT1,0.000000,0.000000,Combined Sources,0.929204,0.816245,0.943883
GPSM2,0.000000,0.000000,Combined Sources,0.929204,0.816245,0.943883
GMPR2,0.000000,0.000000,Combined Sources,0.929204,0.816245,0.943883
HNF4G,0.000000,0.000000,Combined Sources,0.929204,0.816245,0.943883
FZD6,0.000000,0.000000,Combined Sources,0.929204,0.816245,0.943883
PDE4C,0.000000,0.000000,Combined Sources,0.929204,0.816245,0.943883
CDKN1B,0.000000,0.000000,Combined Sources,0.929204,0.816245,0.943883
CTSA,0.000000,0.000000,Combined Sources,0.929204,0.816245,0.943883
SLC4A3,0.000000,0.000000,Combined Sources,0.929204,0.816245,0.943883
ATP13A2,0.000000,0.000000,Combined Sources,0.929204,0.816245,0.943883
CLN5,0.000000,0.000000,Combined Sources,0.929204,0.816245,0.943883
IRGC,0.000000,0.000000,Combined Sources,0.929204,0.816245,0.943883
BPGM,0.000000,0.000000,Combined Sources,0.929204,0.816245,0.943883
MRPL18,0.000000,0.000000,Combined Sources,0.929204,0.816245,0.943883
CGREF1,0.000000,0.000000,Combined Sources,0.929204,0.816245,0.943883
CRCT1,0.000000,0.000000,Combined Sources,0.929204,0.816245,0.943883
CCNK,0.000000,0.000000,Combined Sources,0.929204,0.816245,0.943883
HTRA1,0.000000,0.000000,Combined Sources,0.929204,0.816245,0.943883
BHMT,0.000000,0.000000,Combined Sources,0.929204,0.816245,0.943883
TUBB1,0.000000,0.000000,Combined Sources,0.929204,0.816245,0.943883
CST6,0.000000,0.000000,Combined Sources,0.929204,0.816245,0.943883
CC2D1A,0.000000,0.000000,Combined Sources,0.929204,0.816245,0.943883
APC2,0.000000,0.000000,Combined Sources,0.929204,0.816245,0.943883
MAP3K3,0.000000,0.000000,Combined Sources,0.929204,0.816245,0.943883
CRLF3,0.000000,0.000000,Combined Sources,0.929204,0.816245,0.943883
LUC7L3,0.000000,0.000000,Combined Sources,0.929204,0.816245,0.943883
PRODH,0.000000,0.000000,Combined Sources,0.929204,0.816245,0.943883
CYP21A2,0.000000,0.000000,Combined Sources,0.929204,0.816245,0.943883
OTUD7B,0.000000,0.000000,Combined Sources,0.929204,0.816245,0.943883
CDC40,0.000000,0.000000,Combined Sources,0.929204,0.816245,0.943883
LRP1B,0.000000,0.000000,Combined Sources,0.929204,0.816245,0.943883
NOTCH1,0.000000,0.000000,Combined Sources,0.929204,0.816245,0.943883
USH1C,0.000000,0.000000,Combined Sources,0.929204,0.816245,0.943883
PIPOX,0.000000,0.000000,Combined Sources,0.929204,0.816245,0.943883
MASP2,0.000000,0.000000,Combined Sources,0.929204,0.816245,0.943883
PIGG,0.000000,0.000000,Combined Sources,0.929204,0.816245,0.943883
TMEM151B,0.000000,0.000000,Combined Sources,0.929204,0.816245,0.943883
PTPRR,0.000000,0.000000,Combined Sources,0.929204,0.816245,0.943883
NRAS,0.000000,0.000000,Combined Sources,0.929204,0.816245,0.943883
GABRA4,0.000000,0.000000,Combined Sources,0.929204,0.816245,0.943883
THAP9,0.000000,0.000000,Combined Sources,0.929204,0.816245,0.943883
PRSS8,0.000000,0.000000,Combined Sources,0.929204,0.816245,0.943883
RASSF8,0.000000,0.000000,Combined Sources,0.929204,0.816245,0.943883
BAZ1B,0.000000,0.000000,Combined Sources,0.929204,0.816245,0.943883
TM2D3,0.000000,0.000000,Combined Sources,0.929204,0.816245,0.943883
SPOCK2,0.000000,0.000000,Combined Sources,0.929204,0.816245,0.943883
CLIC5,0.000000,0.000000,Combined Sources,0.929204,0.816245,0.943883
IPO8,0.000000,0.000000,Combined Sources,0.929204,0.816245,0.943883
UBXN1,0.000000,0.000000,Combined Sources,0.929204,0.816245,0.943883
IZUMO4,0.000000,0.000000,Combined Sources,0.929204,0.816245,0.943883
MDFIC,0.000000,0.000000,Combined Sources,0.929204,0.816245,0.943883
PELI1,0.000000,0.000000,Combined Sources,0.929204,0.816245,0.943883
MEGF9,0.000000,0.000000,Combined Sources,0.929204,0.816245,0.943883
RAB40A,0.000000,0.000000,Combined Sources,0.929204,0.816245,0.943883
STRAP,0.000000,0.000000,Combined Sources,0.929204,0.816245,0.943883
ADSL,0.000000,0.000000,Combined Sources,0.929204,0.816245,0.943883
CSNK2A2,0.000000,0.000000,Combined Sources,0.929204,0.816245,0.943883
HNRNPUL1,0.000000,0.000000,Combined Sources,0.929204,0.816245,0.943883
GSS,0.000000,0.000000,Combined Sources,0.929204,0.816245,0.943883
SLC16A7,0.000000,0.000000,Combined Sources,0.929204,0.816245,0.943883
FKRP,0.000000,0.000000,Combined Sources,0.929204,0.816245,0.943883
TRIM13,0.000000,0.000000,Combined Sources,0.929204,0.816245,0.943883
PTGFR,0.000000,0.000000,Combined Sources,0.929204,0.816245,0.943883
SH2B3,0.000000,0.000000,Combined Sources,0.929204,0.816245,0.943883
URB2,0.000000,0.000000,Combined Sources,0.929204,0.816245,0.943883
EPB41L5,0.000000,0.000000,Combined Sources,0.929204,0.816245,0.943883
SPATA2L,0.000000,0.000000,Combined Sources,0.929204,0.816245,0.943883
BATF3,0.000000,0.000000,Combined Sources,0.929204,0.816245,0.943883
CDC37L1,0.000000,0.000000,Combined Sources,0.929204,0.816245,0.943883
SNAP25,0.000000,0.000000,Combined Sources,0.929204,0.816245,0.943883
TOB1,0.000000,0.000000,Combined Sources,0.929204,0.816245,0.943883
DCLRE1C,0.000000,0.000000,Combined Sources,0.929204,0.816245,0.943883
FIP1L1,0.000000,0.000000,Combined Sources,0.929204,0.816245,0.943883
MTCP1,0.000000,0.000000,Combined Sources,0.929204,0.816245,0.943883
AXIN1,0.000000,0.000000,Combined Sources,0.929204,0.816245,0.943883
MYC,0.000000,0.000000,Combined Sources,0.929204,0.816245,0.943883
EIF3M,0.000000,0.000000,Combined Sources,0.929204,0.816245,0.943883
PRMT5,0.000000,0.000000,Combined Sources,0.929204,0.816245,0.943883
U2SURP,0.000000,0.000000,Combined Sources,0.929204,0.816245,0.943883
E2F8,0.000000,0.000000,Combined Sources,0.929204,0.816245,0.943883
METTL17,0.000000,0.000000,Combined Sources,0.929204,0.816245,0.943883
USP9Y,0.000000,0.000000,Combined Sources,0.929204,0.816245,0.943883
ZNF33B,0.000000,0.000000,Combined Sources,0.929204,0.816245,0.943883
PAM,0.000000,0.000000,Combined Sources,0.929204,0.816245,0.943883
HEMK1,0.000000,0.000000,Combined Sources,0.929204,0.816245,0.943883
NDUFAB1,0.000000,0.000000,Combined Sources,0.929204,0.816245,0.943883
YTHDC2,0.000000,0.000000,Combined Sources,0.929204,0.816245,0.943883
ASRGL1,0.000000,0.000000,Combined Sources,0.929204,0.816245,0.943883
S100B,0.000000,0.000000,Combined Sources,0.929204,0.816245,0.943883
SRP14,0.000000,0.000000,Combined Sources,0.929204,0.816245,0.943883
CCL23,0.000000,0.000000,Combined Sources,0.929204,0.816245,0.943883
CHRNA4,0.000000,0.000000,Combined Sources,0.929204,0.816245,0.943883
TMX2,0.000000,0.000000,Combined Sources,0.929204,0.816245,0.943883
PDPR,0.000000,0.000000,Combined Sources,0.929204,0.816245,0.943883
BAG1,0.000000,0.000000,Combined Sources,0.929204,0.816245,0.943883
UNC119,0.000000,0.000000,Combined Sources,0.929204,0.816245,0.943883
CDC6,0.000000,0.000000,Combined Sources,0.929204,0.816245,0.943883
WWC3,0.000000,0.000000,Combined Sources,0.929204,0.816245,0.943883
ACSM5,0.000000,0.000000,Combined Sources,0.929204,0.816245,0.943883
MXRA8,0.000000,0.000000,Combined Sources,0.929204,0.816245,0.943883
OLFML3,0.000000,0.000000,Combined Sources,0.929204,0.816245,0.943883
ARFGEF2,0.000000,0.000000,Combined Sources,0.929204,0.816245,0.943883
CDC14A,0.000000,0.000000,Combined Sources,0.929204,0.816245,0.943883
TRA2B,0.000000,0.000000,Combined Sources,0.929204,0.816245,0.943883
PRPF8,0.000000,0.000000,Combined Sources,0.929204,0.816245,0.943883
CASP1,0.000000,0.000000,Combined Sources,0.929204,0.816245,0.943883
ADAM8,0.000000,0.000000,Combined Sources,0.929204,0.816245,0.943883
IL1RL2,0.000000,0.000000,Combined Sources,0.929204,0.816245,0.943883
TCIRG1,0.000000,0.000000,Combined Sources,0.929204,0.816245,0.943883
PPIF,0.000000,0.000000,Combined Sources,0.929204,0.816245,0.943883
TBC1D16,0.000000,0.000000,Combined Sources,0.929204,0.816245,0.943883
PAPOLB,0.000000,0.000000,Combined Sources,0.929204,0.816245,0.943883
SMARCA4,0.000000,0.000000,Combined Sources,0.929204,0.816245,0.943883
ASXL1,0.000000,0.000000,Combined Sources,0.929204,0.816245,0.943883
NPAT,0.000000,0.000000,Combined Sources,0.929204,0.816245,0.943883
UQCR11,0.000000,0.000000,Combined Sources,0.929204,0.816245,0.943883
NTRK3,0.000000,0.000000,Combined Sources,0.929204,0.816245,0.943883
RGS10,0.000000,0.000000,Combined Sources,0.929204,0.816245,0.943883
NUP43,0.000000,0.000000,Combined Sources,0.929204,0.816245,0.943883
PAFAH1B1,0.000000,0.000000,Combined Sources,0.929204,0.816245,0.943883
LCE2B,0.000000,0.000000,Combined Sources,0.929204,0.816245,0.943883
CABP1,0.000000,0.000000,Combined Sources,0.929204,0.816245,0.943883
PGM5,0.000000,0.000000,Combined Sources,0.929204,0.816245,0.943883
POLR3K,0.000000,0.000000,Combined Sources,0.929204,0.816245,0.943883
TTC31,0.000000,0.000000,Combined Sources,0.929204,0.816245,0.943883
NDST3,0.000000,0.000000,Combined Sources,0.929204,0.816245,0.943883
FUT2,0.000000,0.000000,Combined Sources,0.929204,0.816245,0.943883
IL12B,0.000000,0.000000,Combined Sources,0.929204,0.816245,0.943883
NFASC,0.000000,0.000000,Combined Sources,0.929204,0.816245,0.943883
TMEM106B,0.000000,0.000000,Combined Sources,0.929204,0.816245,0.943883
TMEM144,0.000000,0.000000,Combined Sources,0.929204,0.816245,0.943883
ESRRA,0.000000,0.000000,Combined Sources,0.929204,0.816245,0.943883
BCL9,0.000000,0.000000,Combined Sources,0.929204,0.816245,0.943883
FRMD4B,0.000000,0.000000,Combined Sources,0.929204,0.816245,0.943883
ZMIZ1,0.000000,0.000000,Combined Sources,0.929204,0.816245,0.943883
PIWIL2,0.000000,0.000000,Combined Sources,0.929204,0.816245,0.943883
CRNN,0.000000,0.000000,Combined Sources,0.929204,0.816245,0.943883
RNF34,0.000000,0.000000,Combined Sources,0.929204,0.816245,0.943883
APOL2,0.000000,0.000000,Combined Sources,0.929204,0.816245,0.943883
BMP2,0.000000,0.000000,Combined Sources,0.929204,0.816245,0.943883
PYGM,0.000000,0.000000,Combined Sources,0.929204,0.816245,0.943883
PMM1,0.000000,0.000000,Combined Sources,0.929204,0.816245,0.943883
EDEM1,0.000000,0.000000,Combined Sources,0.929204,0.816245,0.943883
ASB9,0.000000,0.000000,Combined Sources,0.929204,0.816245,0.943883
SLC25A21,0.000000,0.000000,Combined Sources,0.929204,0.816245,0.943883
CHST2,0.000000,0.000000,Combined Sources,0.929204,0.816245,0.943883
TBL2,0.000000,0.000000,Combined Sources,0.929204,0.816245,0.943883
FXYD1,0.000000,0.000000,Combined Sources,0.929204,0.816245,0.943883
PIK3C2A,0.000000,0.000000,Combined Sources,0.929204,0.816245,0.943883
SFRP4,0.000000,0.000000,Combined Sources,0.929204,0.816245,0.943883
KCNIP2,0.000000,0.000000,Combined Sources,0.929204,0.816245,0.943883
LINC00474,0.000000,0.000000,Combined Sources,0.929204,0.816245,0.943883
KCNJ1,0.000000,0.000000,Combined Sources,0.929204,0.816245,0.943883
MYOG,0.000000,0.000000,Combined Sources,0.929204,0.816245,0.943883
ST7L,0.000000,0.000000,Combined Sources,0.929204,0.816245,0.943883
ZFYVE16,0.000000,0.000000,Combined Sources,0.929204,0.816245,0.943883
PGRMC2,0.000000,0.000000,Combined Sources,0.929204,0.816245,0.943883
PEA15,0.000000,0.000000,Combined Sources,0.929204,0.816245,0.943883
UBE2L6,0.000000,0.000000,Combined Sources,0.929204,0.816245,0.943883
PRRC2A,0.000000,0.000000,Combined Sources,0.929204,0.816245,0.943883
PNOC,0.000000,0.000000,Combined Sources,0.929204,0.816245,0.943883
VAC14,0.000000,0.000000,Combined Sources,0.929204,0.816245,0.943883
RPGRIP1L,0.000000,0.000000,Combined Sources,0.929204,0.816245,0.943883
PRIM1,0.000000,0.000000,Combined Sources,0.929204,0.816245,0.943883
EZR,0.000000,0.000000,Combined Sources,0.929204,0.816245,0.943883
DIRAS3,0.000000,0.000000,Combined Sources,0.929204,0.816245,0.943883
DSE,0.000000,0.000000,Combined Sources,0.929204,0.816245,0.943883
S100A14,0.000000,0.000000,Combined Sources,0.929204,0.816245,0.943883
CD38,0.000000,0.000000,Combined Sources,0.929204,0.816245,0.943883
MMP24,0.000000,0.000000,Combined Sources,0.929204,0.816245,0.943883
CUX2,0.000000,0.000000,Combined Sources,0.929204,0.816245,0.943883
INTS9,0.000000,0.000000,Combined Sources,0.929204,0.816245,0.943883
F13A1,0.000000,0.000000,Combined Sources,0.929204,0.816245,0.943883
DHX58,0.000000,0.000000,Combined Sources,0.929204,0.816245,0.943883
MUSK,0.000000,0.000000,Combined Sources,0.929204,0.816245,0.943883
MOSPD1,0.000000,0.000000,Combined Sources,0.929204,0.816245,0.943883
CACNA1A,0.000000,0.000000,Combined Sources,0.929204,0.816245,0.943883
INF2,0.000000,0.000000,Combined Sources,0.929204,0.816245,0.943883
ATP11B,0.000000,0.000000,Combined Sources,0.929204,0.816245,0.943883
HDAC4,0.000000,0.000000,Combined Sources,0.929204,0.816245,0.943883
KCNJ15,0.000000,0.000000,Combined Sources,0.929204,0.816245,0.943883
KERA,0.000000,0.000000,Combined Sources,0.929204,0.816245,0.943883
LRRC32,0.000000,0.000000,Combined Sources,0.929204,0.816245,0.943883
TGFBRAP1,0.000000,0.000000,Combined Sources,0.929204,0.816245,0.943883
ZBTB40,0.000000,0.000000,Combined Sources,0.929204,0.816245,0.943883
PSMB7,0.000000,0.000000,Combined Sources,0.929204,0.816245,0.943883
EXOSC8,0.000000,0.000000,Combined Sources,0.929204,0.816245,0.943883
IFITM2,0.000000,0.000000,Combined Sources,0.929204,0.816245,0.943883
HLA-DPB1,0.000000,0.000000,Combined Sources,0.929204,0.816245,0.943883
DLG5,0.000000,0.000000,Combined Sources,0.929204,0.816245,0.943883
LSG1,0.000000,0.000000,Combined Sources,0.929204,0.816245,0.943883
CEBPZ,0.000000,0.000000,Combined Sources,0.929204,0.816245,0.943883
PTP4A2,0.000000,0.000000,Combined Sources,0.929204,0.816245,0.943883
RIMS1,0.000000,0.000000,Combined Sources,0.929204,0.816245,0.943883
KIF23,0.000000,0.000000,Combined Sources,0.929204,0.816245,0.943883
B3GNT4,0.000000,0.000000,Combined Sources,0.929204,0.816245,0.943883
KCNA4,0.000000,0.000000,Combined Sources,0.929204,0.816245,0.943883
NCF2,0.000000,0.000000,Combined Sources,0.929204,0.816245,0.943883
ASTN2,0.000000,0.000000,Combined Sources,0.929204,0.816245,0.943883
RHOH,0.000000,0.000000,Combined Sources,0.929204,0.816245,0.943883
SIPA1L3,0.000000,0.000000,Combined Sources,0.929204,0.816245,0.943883
URGCP,0.000000,0.000000,Combined Sources,0.929204,0.816245,0.943883
USP21,0.000000,0.000000,Combined Sources,0.929204,0.816245,0.943883
EPB41L4B,0.000000,0.000000,Combined Sources,0.929204,0.816245,0.943883
CNP,0.000000,0.000000,Combined Sources,0.929204,0.816245,0.943883
MRPS18A,0.000000,0.000000,Combined Sources,0.929204,0.816245,0.943883
PTPRK,0.000000,0.000000,Combined Sources,0.929204,0.816245,0.943883
HES2,0.000000,0.000000,Combined Sources,0.929204,0.816245,0.943883
BRPF1,0.000000,0.000000,Combined Sources,0.929204,0.816245,0.943883
PANK2,0.000000,0.000000,Combined Sources,0.929204,0.816245,0.943883
MANBA,0.000000,0.000000,Combined Sources,0.929204,0.816245,0.943883
CD63,0.000000,0.000000,Combined Sources,0.929204,0.816245,0.943883
CHPF,0.000000,0.000000,Combined Sources,0.929204,0.816245,0.943883
ISCU,0.000000,0.000000,Combined Sources,0.929204,0.816245,0.943883
PF4V1,0.000000,0.000000,Combined Sources,0.929204,0.816245,0.943883
SOX3,0.000000,0.000000,Combined Sources,0.929204,0.816245,0.943883
ISCA1,0.000000,0.000000,Combined Sources,0.929204,0.816245,0.943883
NCOA1,0.000000,0.000000,Combined Sources,0.929204,0.816245,0.943883
COL14A1,0.000000,0.000000,Combined Sources,0.929204,0.816245,0.943883
ORC5,0.000000,0.000000,Combined Sources,0.929204,0.816245,0.943883
CD164,0.000000,0.000000,Combined Sources,0.929204,0.816245,0.943883
LAMC1,0.000000,0.000000,Combined Sources,0.929204,0.816245,0.943883
TSNAXIP1,0.000000,0.000000,Combined Sources,0.929204,0.816245,0.943883
NPR3,0.000000,0.000000,Combined Sources,0.929204,0.816245,0.943883
ABO,0.000000,0.000000,Combined Sources,0.929204,0.816245,0.943883
IDS,0.000000,0.000000,Combined Sources,0.929204,0.816245,0.943883
APOOL,0.000000,0.000000,Combined Sources,0.929204,0.816245,0.943883
SYNJ2BP,0.000000,0.000000,Combined Sources,0.929204,0.816245,0.943883
CFHR5,0.000000,0.000000,Combined Sources,0.929204,0.816245,0.943883
CXCL14,0.000000,0.000000,Combined Sources,0.929204,0.816245,0.943883
KCNE4,0.000000,0.000000,Combined Sources,0.929204,0.816245,0.943883
INPP4A,0.000000,0.000000,Combined Sources,0.929204,0.816245,0.943883
EIF5A2,0.000000,0.000000,Combined Sources,0.929204,0.816245,0.943883
PALM,0.000000,0.000000,Combined Sources,0.929204,0.816245,0.943883
PF4,0.000000,0.000000,Combined Sources,0.929204,0.816245,0.943883
EXOC5,0.000000,0.000000,Combined Sources,0.929204,0.816245,0.943883
PAH,0.000000,0.000000,Combined Sources,0.929204,0.816245,0.943883
COPG1,0.000000,0.000000,Combined Sources,0.929204,0.816245,0.943883
PRKCD,0.000000,0.000000,Combined Sources,0.929204,0.816245,0.943883
SLC28A1,0.000000,0.000000,Combined Sources,0.929204,0.816245,0.943883
CYFIP1,0.000000,0.000000,Combined Sources,0.929204,0.816245,0.943883
B3GNTL1,0.000000,0.000000,Combined Sources,0.929204,0.816245,0.943883
SCAI,0.000000,0.000000,Combined Sources,0.929204,0.816245,0.943883
CEP350,0.000000,0.000000,Combined Sources,0.929204,0.816245,0.943883
DCHS2,0.000000,0.000000,Combined Sources,0.929204,0.816245,0.943883
PPIEL,0.000000,0.000000,Combined Sources,0.929204,0.816245,0.943883
ZC3H3,0.000000,0.000000,Combined Sources,0.929204,0.816245,0.943883
TXNL4B,0.000000,0.000000,Combined Sources,0.929204,0.816245,0.943883
DCLK1,0.000000,0.000000,Combined Sources,0.929204,0.816245,0.943883
SERPINA10,0.000000,0.000000,Combined Sources,0.929204,0.816245,0.943883
SULT2A1,0.000000,0.000000,Combined Sources,0.929204,0.816245,0.943883
XBP1,0.000000,0.000000,Combined Sources,0.929204,0.816245,0.943883
TPM2,0.000000,0.000000,Combined Sources,0.929204,0.816245,0.943883
CD24,0.000000,0.000000,Combined Sources,0.929204,0.816245,0.943883
LRRC61,0.000000,0.000000,Combined Sources,0.929204,0.816245,0.943883
POLR2E,0.000000,0.000000,Combined Sources,0.929204,0.816245,0.943883
EMCN,0.000000,0.000000,Combined Sources,0.929204,0.816245,0.943883
SP140,0.000000,0.000000,Combined Sources,0.929204,0.816245,0.943883
CIDEB,0.000000,0.000000,Combined Sources,0.929204,0.816245,0.943883
CMTM6,0.000000,0.000000,Combined Sources,0.929204,0.816245,0.943883
KDM3A,0.000000,0.000000,Combined Sources,0.929204,0.816245,0.943883
EHBP1,0.000000,0.000000,Combined Sources,0.929204,0.816245,0.943883
TMEM242,0.000000,0.000000,Combined Sources,0.929204,0.816245,0.943883
FRMD4A,0.000000,0.000000,Combined Sources,0.929204,0.816245,0.943883
HADHA,0.000000,0.000000,Combined Sources,0.929204,0.816245,0.943883
BTC,0.000000,0.000000,Combined Sources,0.929204,0.816245,0.943883
ADORA2B,0.000000,0.000000,Combined Sources,0.929204,0.816245,0.943883
AFAP1,0.000000,0.000000,Combined Sources,0.929204,0.816245,0.943883
AKR1B10,0.000000,0.000000,Combined Sources,0.929204,0.816245,0.943883
CEACAM1,0.000000,0.000000,Combined Sources,0.929204,0.816245,0.943883
ALX1,0.000000,0.000000,Combined Sources,0.929204,0.816245,0.943883
HSPA13,0.000000,0.000000,Combined Sources,0.929204,0.816245,0.943883
DRAP1,0.000000,0.000000,Combined Sources,0.929204,0.816245,0.943883
SRSF3,0.000000,0.000000,Combined Sources,0.929204,0.816245,0.943883
SLC6A4,0.000000,0.000000,Combined Sources,0.929204,0.816245,0.943883
OTUB2,0.000000,0.000000,Combined Sources,0.929204,0.816245,0.943883
FBXO3,0.000000,0.000000,Combined Sources,0.929204,0.816245,0.943883
POLD1,0.000000,0.000000,Combined Sources,0.929204,0.816245,0.943883
CHRDL1,0.000000,0.000000,Combined Sources,0.929204,0.816245,0.943883
TANK,0.000000,0.000000,Combined Sources,0.929204,0.816245,0.943883
CDKN2C,0.000000,0.000000,Combined Sources,0.929204,0.816245,0.943883
TAS2R7,0.000000,0.000000,Combined Sources,0.929204,0.816245,0.943883
IL17RB,0.000000,0.000000,Combined Sources,0.929204,0.816245,0.943883
PALLD,0.000000,0.000000,Combined Sources,0.929204,0.816245,0.943883
RASSF1,0.000000,0.000000,Combined Sources,0.929204,0.816245,0.943883
ZNF135,0.000000,0.000000,Combined Sources,0.929204,0.816245,0.943883
AKAP1,0.000000,0.000000,Combined Sources,0.929204,0.816245,0.943883
PCOLCE,0.000000,0.000000,Combined Sources,0.929204,0.816245,0.943883
HMBOX1,0.000000,0.000000,Combined Sources,0.929204,0.816245,0.943883
SLC38A7,0.000000,0.000000,Combined Sources,0.929204,0.816245,0.943883
OSGIN2,0.000000,0.000000,Combined Sources,0.929204,0.816245,0.943883
MTMR2,0.000000,0.000000,Combined Sources,0.929204,0.816245,0.943883
MNS1,0.000000,0.000000,Combined Sources,0.929204,0.816245,0.943883
LIN7B,0.000000,0.000000,Combined Sources,0.929204,0.816245,0.943883
NDNF,0.000000,0.000000,Combined Sources,0.929204,0.816245,0.943883
ACOX1,0.000000,0.000000,Combined Sources,0.929204,0.816245,0.943883
IMPA1,0.000000,0.000000,Combined Sources,0.929204,0.816245,0.943883
YIF1B,0.000000,0.000000,Combined Sources,0.929204,0.816245,0.943883
POMP,0.000000,0.000000,Combined Sources,0.929204,0.816245,0.943883
RPN1,0.000000,0.000000,Combined Sources,0.929204,0.816245,0.943883
EIF4E,0.000000,0.000000,Combined Sources,0.929204,0.816245,0.943883
SYT2,0.000000,0.000000,Combined Sources,0.929204,0.816245,0.943883
GGA3,0.000000,0.000000,Combined Sources,0.929204,0.816245,0.943883
CREM,0.000000,0.000000,Combined Sources,0.929204,0.816245,0.943883
CEP135,0.000000,0.000000,Combined Sources,0.929204,0.816245,0.943883
SNTB2,0.000000,0.000000,Combined Sources,0.929204,0.816245,0.943883
UQCRC2,0.000000,0.000000,Combined Sources,0.929204,0.816245,0.943883
XRCC1,0.000000,0.000000,Combined Sources,0.929204,0.816245,0.943883
PRKAA2,0.000000,0.000000,Combined Sources,0.929204,0.816245,0.943883
PKN1,0.000000,0.000000,Combined Sources,0.929204,0.816245,0.943883
BIN2,0.000000,0.000000,Combined Sources,0.929204,0.816245,0.943883
BPI,0.000000,0.000000,Combined Sources,0.929204,0.816245,0.943883
KLF4,0.000000,0.000000,Combined Sources,0.929204,0.816245,0.943883
SLC6A2,0.000000,0.000000,Combined Sources,0.929204,0.816245,0.943883
PCOLCE2,0.000000,0.000000,Combined Sources,0.929204,0.816245,0.943883
CXCR4,0.000000,0.000000,Combined Sources,0.929204,0.816245,0.943883
PAK3,0.000000,0.000000,Combined Sources,0.929204,0.816245,0.943883
SLC2A10,0.000000,0.000000,Combined Sources,0.929204,0.816245,0.943883
KLHDC10,0.000000,0.000000,Combined Sources,0.929204,0.816245,0.943883
CALCOCO1,0.000000,0.000000,Combined Sources,0.929204,0.816245,0.943883
KEAP1,0.000000,0.000000,Combined Sources,0.929204,0.816245,0.943883
CD19,0.000000,0.000000,Combined Sources,0.929204,0.816245,0.943883
RAP1GDS1,0.000000,0.000000,Combined Sources,0.929204,0.816245,0.943883
GLG1,0.000000,0.000000,Combined Sources,0.929204,0.816245,0.943883
RAP2A,0.000000,0.000000,Combined Sources,0.929204,0.816245,0.943883
ACOT11,0.000000,0.000000,Combined Sources,0.929204,0.816245,0.943883
SDR39U1,0.000000,0.000000,Combined Sources,0.929204,0.816245,0.943883
PGM3,0.000000,0.000000,Combined Sources,0.929204,0.816245,0.943883
RALB,0.000000,0.000000,Combined Sources,0.929204,0.816245,0.943883
IL12RB1,0.000000,0.000000,Combined Sources,0.929204,0.816245,0.943883
RDH16,0.000000,0.000000,Combined Sources,0.929204,0.816245,0.943883
TAOK3,0.000000,0.000000,Combined Sources,0.929204,0.816245,0.943883
ETNK1,0.000000,0.000000,Combined Sources,0.929204,0.816245,0.943883
PIK3CG,0.000000,0.000000,Combined Sources,0.929204,0.816245,0.943883
CELSR2,0.000000,0.000000,Combined Sources,0.929204,0.816245,0.943883
CD72,0.000000,0.000000,Combined Sources,0.929204,0.816245,0.943883
ABHD14A,0.000000,0.000000,Combined Sources,0.929204,0.816245,0.943883
MATN1,0.000000,0.000000,Combined Sources,0.929204,0.816245,0.943883
PRDM5,0.000000,0.000000,Combined Sources,0.929204,0.816245,0.943883
ZCCHC14,0.000000,0.000000,Combined Sources,0.929204,0.816245,0.943883
CETN3,0.000000,0.000000,Combined Sources,0.929204,0.816245,0.943883
AMT,0.000000,0.000000,Combined Sources,0.929204,0.816245,0.943883
C9orf78,0.000000,0.000000,Combined Sources,0.929204,0.816245,0.943883
CACNA1C,0.000000,0.000000,Combined Sources,0.929204,0.816245,0.943883
MFN2,0.000000,0.000000,Combined Sources,0.929204,0.816245,0.943883
RAD54L,0.000000,0.000000,Combined Sources,0.929204,0.816245,0.943883
GPS2,0.000000,0.000000,Combined Sources,0.929204,0.816245,0.943883
CCKBR,0.000000,0.000000,Combined Sources,0.929204,0.816245,0.943883
PNKP,0.000000,0.000000,Combined Sources,0.929204,0.816245,0.943883
ELL,0.000000,0.000000,Combined Sources,0.929204,0.816245,0.943883
KL,0.000000,0.000000,Combined Sources,0.929204,0.816245,0.943883
BTG1,0.000000,0.000000,Combined Sources,0.929204,0.816245,0.943883
FKBP4,0.000000,0.000000,Combined Sources,0.929204,0.816245,0.943883
SLC10A1,0.000000,0.000000,Combined Sources,0.929204,0.816245,0.943883
BCAN,0.000000,0.000000,Combined Sources,0.929204,0.816245,0.943883
CEBPB,0.000000,0.000000,Combined Sources,0.929204,0.816245,0.943883
SLC44A1,0.000000,0.000000,Combined Sources,0.929204,0.816245,0.943883
TFDP3,0.000000,0.000000,Combined Sources,0.929204,0.816245,0.943883
PEG3,0.000000,0.000000,Combined Sources,0.929204,0.816245,0.943883
DYNC2H1,0.000000,0.000000,Combined Sources,0.929204,0.816245,0.943883
FAM136A,0.000000,0.000000,Combined Sources,0.929204,0.816245,0.943883
SMAP1,0.000000,0.000000,Combined Sources,0.929204,0.816245,0.943883
KAT6A,0.000000,0.000000,Combined Sources,0.929204,0.816245,0.943883
GUCA1B,0.000000,0.000000,Combined Sources,0.929204,0.816245,0.943883
NFE2L1,0.000000,0.000000,Combined Sources,0.929204,0.816245,0.943883
IGFBP6,0.000000,0.000000,Combined Sources,0.929204,0.816245,0.943883
MDFI,0.000000,0.000000,Combined Sources,0.929204,0.816245,0.943883
ZMAT3,0.000000,0.000000,Combined Sources,0.929204,0.816245,0.943883
ZDHHC17,0.000000,0.000000,Combined Sources,0.929204,0.816245,0.943883
CLN8,0.000000,0.000000,Combined Sources,0.929204,0.816245,0.943883
MTX2,0.000000,0.000000,Combined Sources,0.929204,0.816245,0.943883
ZNF132,0.000000,0.000000,Combined Sources,0.929204,0.816245,0.943883
TIAM1,0.000000,0.000000,Combined Sources,0.929204,0.816245,0.943883
APOO,0.000000,0.000000,Combined Sources,0.929204,0.816245,0.943883
ELOVL6,0.000000,0.000000,Combined Sources,0.929204,0.816245,0.943883
PIH1D1,0.000000,0.000000,Combined Sources,0.929204,0.816245,0.943883
CXCL10,0.000000,0.000000,Combined Sources,0.929204,0.816245,0.943883
KLK15,0.000000,0.000000,Combined Sources,0.929204,0.816245,0.943883
SPRY2,0.000000,0.000000,Combined Sources,0.929204,0.816245,0.943883
RNF19B,0.000000,0.000000,Combined Sources,0.929204,0.816245,0.943883
EGFL6,0.000000,0.000000,Combined Sources,0.929204,0.816245,0.943883
CDK5RAP2,0.000000,0.000000,Combined Sources,0.929204,0.816245,0.943883
OPN3,0.000000,0.000000,Combined Sources,0.929204,0.816245,0.943883
APOBEC1,0.000000,0.000000,Combined Sources,0.929204,0.816245,0.943883
CACNG1,0.000000,0.000000,Combined Sources,0.929204,0.816245,0.943883
GRB14,0.000000,0.000000,Combined Sources,0.929204,0.816245,0.943883
SRSF6,0.000000,0.000000,Combined Sources,0.929204,0.816245,0.943883
MT2A,0.000000,0.000000,Combined Sources,0.929204,0.816245,0.943883
PUS7,0.000000,0.000000,Combined Sources,0.929204,0.816245,0.943883
BRAF,0.000000,0.000000,Combined Sources,0.929204,0.816245,0.943883
NPEPPS,0.000000,0.000000,Combined Sources,0.929204,0.816245,0.943883
TIAL1,0.000000,0.000000,Combined Sources,0.929204,0.816245,0.943883
PIK3IP1,0.000000,0.000000,Combined Sources,0.929204,0.816245,0.943883
LUZP1,0.000000,0.000000,Combined Sources,0.929204,0.816245,0.943883
HTR5A,0.000000,0.000000,Combined Sources,0.929204,0.816245,0.943883
AURKA,0.000000,0.000000,Combined Sources,0.929204,0.816245,0.943883
TMEM39B,0.000000,0.000000,Combined Sources,0.929204,0.816245,0.943883
TSPAN31,0.000000,0.000000,Combined Sources,0.929204,0.816245,0.943883
OBP2A,0.000000,0.000000,Combined Sources,0.929204,0.816245,0.943883
TAF1D,0.000000,0.000000,Combined Sources,0.929204,0.816245,0.943883
CA6,0.000000,0.000000,Combined Sources,0.929204,0.816245,0.943883
RPA2,0.000000,0.000000,Combined Sources,0.929204,0.816245,0.943883
PPP2R5A,0.000000,0.000000,Combined Sources,0.929204,0.816245,0.943883
PEX19,0.000000,0.000000,Combined Sources,0.929204,0.816245,0.943883
C14orf132,0.000000,0.000000,Combined Sources,0.929204,0.816245,0.943883
SMC4,0.000000,0.000000,Combined Sources,0.929204,0.816245,0.943883
ALDH1L1,0.000000,0.000000,Combined Sources,0.929204,0.816245,0.943883
ABCF2,0.000000,0.000000,Combined Sources,0.929204,0.816245,0.943883
LAPTM4B,0.000000,0.000000,Combined Sources,0.929204,0.816245,0.943883
TBC1D12,0.000000,0.000000,Combined Sources,0.929204,0.816245,0.943883
SLC22A14,0.000000,0.000000,Combined Sources,0.929204,0.816245,0.943883
MRC1,0.000000,0.000000,Combined Sources,0.929204,0.816245,0.943883
ZNF750,0.000000,0.000000,Combined Sources,0.929204,0.816245,0.943883
MFF,0.000000,0.000000,Combined Sources,0.929204,0.816245,0.943883
NECAB2,0.000000,0.000000,Combined Sources,0.929204,0.816245,0.943883
TNKS,0.000000,0.000000,Combined Sources,0.929204,0.816245,0.943883
ELL3,0.000000,0.000000,Combined Sources,0.929204,0.816245,0.943883
TLL2,0.000000,0.000000,Combined Sources,0.929204,0.816245,0.943883
MEP1B,0.000000,0.000000,Combined Sources,0.929204,0.816245,0.943883
ATP10D,0.000000,0.000000,Combined Sources,0.929204,0.816245,0.943883
SCD,0.000000,0.000000,Combined Sources,0.929204,0.816245,0.943883
CPPED1,0.000000,0.000000,Combined Sources,0.929204,0.816245,0.943883
ERP44,0.000000,0.000000,Combined Sources,0.929204,0.816245,0.943883
WNT6,0.000000,0.000000,Combined Sources,0.929204,0.816245,0.943883
KHDRBS1,0.000000,0.000000,Combined Sources,0.929204,0.816245,0.943883
AP1AR,0.000000,0.000000,Combined Sources,0.929204,0.816245,0.943883
SLIT1,0.000000,0.000000,Combined Sources,0.929204,0.816245,0.943883
PGAM2,0.000000,0.000000,Combined Sources,0.929204,0.816245,0.943883
KLHDC8A,0.000000,0.000000,Combined Sources,0.929204,0.816245,0.943883
GPHN,0.000000,0.000000,Combined Sources,0.929204,0.816245,0.943883
AGXT,0.000000,0.000000,Combined Sources,0.929204,0.816245,0.943883
BMPR1A,0.000000,0.000000,Combined Sources,0.929204,0.816245,0.943883
TRIM23,0.000000,0.000000,Combined Sources,0.929204,0.816245,0.943883
STATH,0.000000,0.000000,Combined Sources,0.929204,0.816245,0.943883
ITGB1BP1,0.000000,0.000000,Combined Sources,0.929204,0.816245,0.943883
CSRNP2,0.000000,0.000000,Combined Sources,0.929204,0.816245,0.943883
RPS6KC1,0.000000,0.000000,Combined Sources,0.929204,0.816245,0.943883
TXLNG,0.000000,0.000000,Combined Sources,0.929204,0.816245,0.943883
DAG1,0.000000,0.000000,Combined Sources,0.929204,0.816245,0.943883
FMO6P,0.000000,0.000000,Combined Sources,0.929204,0.816245,0.943883
LRRC8D,0.000000,0.000000,Combined Sources,0.929204,0.816245,0.943883
PART1,0.000000,0.000000,Combined Sources,0.929204,0.816245,0.943883
CRYM,0.000000,0.000000,Combined Sources,0.929204,0.816245,0.943883
PPP1R37,0.000000,0.000000,Combined Sources,0.929204,0.816245,0.943883
ZNF37BP,0.000000,0.000000,Combined Sources,0.929204,0.816245,0.943883
MZB1,0.000000,0.000000,Combined Sources,0.929204,0.816245,0.943883
NPPC,0.000000,0.000000,Combined Sources,0.929204,0.816245,0.943883
FLG,0.000000,0.000000,Combined Sources,0.929204,0.816245,0.943883
RAF1,0.000000,0.000000,Combined Sources,0.929204,0.816245,0.943883
TK1,0.000000,0.000000,Combined Sources,0.929204,0.816245,0.943883
GADD45G,0.000000,0.000000,Combined Sources,0.929204,0.816245,0.943883
RYK,0.000000,0.000000,Combined Sources,0.929204,0.816245,0.943883
LRAT,0.000000,0.000000,Combined Sources,0.929204,0.816245,0.943883
PIWIL1,0.000000,0.000000,Combined Sources,0.929204,0.816245,0.943883
ANXA2P1,0.000000,0.000000,Combined Sources,0.929204,0.816245,0.943883
LRP5,0.000000,0.000000,Combined Sources,0.929204,0.816245,0.943883
KPNB1,0.000000,0.000000,Combined Sources,0.929204,0.816245,0.943883
STAB2,0.000000,0.000000,Combined Sources,0.929204,0.816245,0.943883
CNOT3,0.000000,0.000000,Combined Sources,0.929204,0.816245,0.943883
RRP9,0.000000,0.000000,Combined Sources,0.929204,0.816245,0.943883
DSN1,0.000000,0.000000,Combined Sources,0.929204,0.816245,0.943883
TIMM17B,0.000000,0.000000,Combined Sources,0.929204,0.816245,0.943883
AQP9,0.000000,0.000000,Combined Sources,0.929204,0.816245,0.943883
IL9,0.000000,0.000000,Combined Sources,0.929204,0.816245,0.943883
PKN2,0.000000,0.000000,Combined Sources,0.929204,0.816245,0.943883
HBQ1,0.000000,0.000000,Combined Sources,0.929204,0.816245,0.943883
UBA1,0.000000,0.000000,Combined Sources,0.929204,0.816245,0.943883
PDC,0.000000,0.000000,Combined Sources,0.929204,0.816245,0.943883
EFHC2,0.000000,0.000000,Combined Sources,0.929204,0.816245,0.943883
PPP6C,0.000000,0.000000,Combined Sources,0.929204,0.816245,0.943883
KRTAP1-3,0.000000,0.000000,Combined Sources,0.929204,0.816245,0.943883
LGMN,0.000000,0.000000,Combined Sources,0.929204,0.816245,0.943883
NKG7,0.000000,0.000000,Combined Sources,0.929204,0.816245,0.943883
SLC25A6,0.000000,0.000000,Combined Sources,0.929204,0.816245,0.943883
TMED10,0.000000,0.000000,Combined Sources,0.929204,0.816245,0.943883
SPAG16,0.000000,0.000000,Combined Sources,0.929204,0.816245,0.943883
LAIR2,0.000000,0.000000,Combined Sources,0.929204,0.816245,0.943883
SMPX,0.000000,0.000000,Combined Sources,0.929204,0.816245,0.943883
SUSD4,0.000000,0.000000,Combined Sources,0.929204,0.816245,0.943883
FASTKD3,0.000000,0.000000,Combined Sources,0.929204,0.816245,0.943883
PPP6R2,0.000000,0.000000,Combined Sources,0.929204,0.816245,0.943883
CSE1L,0.000000,0.000000,Combined Sources,0.929204,0.816245,0.943883
BRD4,0.000000,0.000000,Combined Sources,0.929204,0.816245,0.943883
MYO19,0.000000,0.000000,Combined Sources,0.929204,0.816245,0.943883
LYL1,0.000000,0.000000,Combined Sources,0.929204,0.816245,0.943883
XPNPEP3,0.000000,0.000000,Combined Sources,0.929204,0.816245,0.943883
TTPA,0.000000,0.000000,Combined Sources,0.929204,0.816245,0.943883
JMJD6,0.000000,0.000000,Combined Sources,0.929204,0.816245,0.943883
CCT7,0.000000,0.000000,Combined Sources,0.929204,0.816245,0.943883
SIM1,0.000000,0.000000,Combined Sources,0.929204,0.816245,0.943883
NUP210,0.000000,0.000000,Combined Sources,0.929204,0.816245,0.943883
NDUFB8,0.000000,0.000000,Combined Sources,0.929204,0.816245,0.943883
PISD,0.000000,0.000000,Combined Sources,0.929204,0.816245,0.943883
SFTPA2,0.000000,0.000000,Combined Sources,0.929204,0.816245,0.943883
SFN,0.000000,0.000000,Combined Sources,0.929204,0.816245,0.943883
GJB1,0.000000,0.000000,Combined Sources,0.929204,0.816245,0.943883
PCDHA10,0.000000,0.000000,Combined Sources,0.929204,0.816245,0.943883
ABCC3,0.000000,0.000000,Combined Sources,0.929204,0.816245,0.943883
ATP6V0A4,0.000000,0.000000,Combined Sources,0.929204,0.816245,0.943883
ACAP2,0.000000,0.000000,Combined Sources,0.929204,0.816245,0.943883
CLSPN,0.000000,0.000000,Combined Sources,0.929204,0.816245,0.943883
OPN1SW,0.000000,0.000000,Combined Sources,0.929204,0.816245,0.943883
ANXA4,0.000000,0.000000,Combined Sources,0.929204,0.816245,0.943883
NOD1,0.000000,0.000000,Combined Sources,0.929204,0.816245,0.943883
UBIAD1,0.000000,0.000000,Combined Sources,0.929204,0.816245,0.943883
CACNG3,0.000000,0.000000,Combined Sources,0.929204,0.816245,0.943883
YME1L1,0.000000,0.000000,Combined Sources,0.929204,0.816245,0.943883
ZFP37,0.000000,0.000000,Combined Sources,0.929204,0.816245,0.943883
ARL6IP5,0.000000,0.000000,Combined Sources,0.929204,0.816245,0.943883
ALOX15,0.000000,0.000000,Combined Sources,0.929204,0.816245,0.943883
RCBTB2,0.000000,0.000000,Combined Sources,0.929204,0.816245,0.943883
MS4A1,0.000000,0.000000,Combined Sources,0.929204,0.816245,0.943883
MAL,0.000000,0.000000,Combined Sources,0.929204,0.816245,0.943883
EPHB1,0.000000,0.000000,Combined Sources,0.929204,0.816245,0.943883
USP6,0.000000,0.000000,Combined Sources,0.929204,0.816245,0.943883
SDC3,0.000000,0.000000,Combined Sources,0.929204,0.816245,0.943883
NEMF,0.000000,0.000000,Combined Sources,0.929204,0.816245,0.943883
DBI,0.000000,0.000000,Combined Sources,0.929204,0.816245,0.943883
SCN7A,0.000000,0.000000,Combined Sources,0.929204,0.816245,0.943883
CRTC1,0.000000,0.000000,Combined Sources,0.929204,0.816245,0.943883
TMUB2,0.000000,0.000000,Combined Sources,0.929204,0.816245,0.943883
GCM2,0.000000,0.000000,Combined Sources,0.929204,0.816245,0.943883
IRF8,0.000000,0.000000,Combined Sources,0.929204,0.816245,0.943883
SCO2,0.000000,0.000000,Combined Sources,0.929204,0.816245,0.943883
TAF15,0.000000,0.000000,Combined Sources,0.929204,0.816245,0.943883
NUDC,0.000000,0.000000,Combined Sources,0.929204,0.816245,0.943883
PIK3R1,0.000000,0.000000,Combined Sources,0.929204,0.816245,0.943883
NLE1,0.000000,0.000000,Combined Sources,0.929204,0.816245,0.943883
SACS,0.000000,0.000000,Combined Sources,0.929204,0.816245,0.943883
REC8,0.000000,0.000000,Combined Sources,0.929204,0.816245,0.943883
FGF17,0.000000,0.000000,Combined Sources,0.929204,0.816245,0.943883
OR10J1,0.000000,0.000000,Combined Sources,0.929204,0.816245,0.943883
TUBA1B,0.000000,0.000000,Combined Sources,0.929204,0.816245,0.943883
ZNF518A,0.000000,0.000000,Combined Sources,0.929204,0.816245,0.943883
HLA-DQB1,0.000000,0.000000,Combined Sources,0.929204,0.816245,0.943883
BCAT2,0.000000,0.000000,Combined Sources,0.929204,0.816245,0.943883
PLEKHM1,0.000000,0.000000,Combined Sources,0.929204,0.816245,0.943883
POLR2J,0.000000,0.000000,Combined Sources,0.929204,0.816245,0.943883
SYPL1,0.000000,0.000000,Combined Sources,0.929204,0.816245,0.943883
PDE8B,0.000000,0.000000,Combined Sources,0.929204,0.816245,0.943883
TAC3,0.000000,0.000000,Combined Sources,0.929204,0.816245,0.943883
SFMBT1,0.000000,0.000000,Combined Sources,0.929204,0.816245,0.943883
PLS3,0.000000,0.000000,Combined Sources,0.929204,0.816245,0.943883
TLN1,0.000000,0.000000,Combined Sources,0.929204,0.816245,0.943883
HS1BP3,0.000000,0.000000,Combined Sources,0.929204,0.816245,0.943883
OR2H1,0.000000,0.000000,Combined Sources,0.929204,0.816245,0.943883
RBBP6,0.000000,0.000000,Combined Sources,0.929204,0.816245,0.943883
ZBTB48,0.000000,0.000000,Combined Sources,0.929204,0.816245,0.943883
PACS2,0.000000,0.000000,Combined Sources,0.929204,0.816245,0.943883
RIBC2,0.000000,0.000000,Combined Sources,0.929204,0.816245,0.943883
TRIM62,0.000000,0.000000,Combined Sources,0.929204,0.816245,0.943883
RAB5C,0.000000,0.000000,Combined Sources,0.929204,0.816245,0.943883
DCTN3,0.000000,0.000000,Combined Sources,0.929204,0.816245,0.943883
PRSS3,0.000000,0.000000,Combined Sources,0.929204,0.816245,0.943883
FBLN5,0.000000,0.000000,Combined Sources,0.929204,0.816245,0.943883
NLK,0.000000,0.000000,Combined Sources,0.929204,0.816245,0.943883
ANXA5,0.000000,0.000000,Combined Sources,0.929204,0.816245,0.943883
S1PR1,0.000000,0.000000,Combined Sources,0.929204,0.816245,0.943883
NCOA6,0.000000,0.000000,Combined Sources,0.929204,0.816245,0.943883
VGF,0.000000,0.000000,Combined Sources,0.929204,0.816245,0.943883
SCG3,0.000000,0.000000,Combined Sources,0.929204,0.816245,0.943883
ALAS2,0.000000,0.000000,Combined Sources,0.929204,0.816245,0.943883
CSTF2,0.000000,0.000000,Combined Sources,0.929204,0.816245,0.943883
CNN3,0.000000,0.000000,Combined Sources,0.929204,0.816245,0.943883
ARRB1,0.000000,0.000000,Combined Sources,0.929204,0.816245,0.943883
GPR161,0.000000,0.000000,Combined Sources,0.929204,0.816245,0.943883
MCRS1,0.000000,0.000000,Combined Sources,0.929204,0.816245,0.943883
MANSC1,0.000000,0.000000,Combined Sources,0.929204,0.816245,0.943883
NOX4,0.000000,0.000000,Combined Sources,0.929204,0.816245,0.943883
DHX38,0.000000,0.000000,Combined Sources,0.929204,0.816245,0.943883
MYL1,0.000000,0.000000,Combined Sources,0.929204,0.816245,0.943883
ST8SIA5,0.000000,0.000000,Combined Sources,0.929204,0.816245,0.943883
PTH,0.000000,0.000000,Combined Sources,0.929204,0.816245,0.943883
PPFIBP1,0.000000,0.000000,Combined Sources,0.929204,0.816245,0.943883
IL15RA,0.000000,0.000000,Combined Sources,0.929204,0.816245,0.943883
PSG3,0.000000,0.000000,Combined Sources,0.929204,0.816245,0.943883
ARHGEF38,0.000000,0.000000,Combined Sources,0.929204,0.816245,0.943883
SUCLA2,0.000000,0.000000,Combined Sources,0.929204,0.816245,0.943883
RPP40,0.000000,0.000000,Combined Sources,0.929204,0.816245,0.943883
CCDC59,0.000000,0.000000,Combined Sources,0.929204,0.816245,0.943883
RASL12,0.000000,0.000000,Combined Sources,0.929204,0.816245,0.943883
GADD45B,0.000000,0.000000,Combined Sources,0.929204,0.816245,0.943883
GAR1,0.000000,0.000000,Combined Sources,0.929204,0.816245,0.943883
MAD1L1,0.000000,0.000000,Combined Sources,0.929204,0.816245,0.943883
PPP1R14D,0.000000,0.000000,Combined Sources,0.929204,0.816245,0.943883
C1orf105,0.000000,0.000000,Combined Sources,0.929204,0.816245,0.943883
PSCA,0.000000,0.000000,Combined Sources,0.929204,0.816245,0.943883
TRIM5,0.000000,0.000000,Combined Sources,0.929204,0.816245,0.943883
MRPL49,0.000000,0.000000,Combined Sources,0.929204,0.816245,0.943883
TAS2R3,0.000000,0.000000,Combined Sources,0.929204,0.816245,0.943883
TFPI,0.000000,0.000000,Combined Sources,0.929204,0.816245,0.943883
APOA4,0.000000,0.000000,Combined Sources,0.929204,0.816245,0.943883
CILP,0.000000,0.000000,Combined Sources,0.929204,0.816245,0.943883
SLC7A10,0.000000,0.000000,Combined Sources,0.929204,0.816245,0.943883
CYBA,0.000000,0.000000,Combined Sources,0.929204,0.816245,0.943883
RBMS3,0.000000,0.000000,Combined Sources,0.929204,0.816245,0.943883
ABI1,0.000000,0.000000,Combined Sources,0.929204,0.816245,0.943883
TRIL,0.000000,0.000000,Combined Sources,0.929204,0.816245,0.943883
PRPF31,0.000000,0.000000,Combined Sources,0.929204,0.816245,0.943883
NOS3,0.000000,0.000000,Combined Sources,0.929204,0.816245,0.943883
HPD,0.000000,0.000000,Combined Sources,0.929204,0.816245,0.943883
KRT23,0.000000,0.000000,Combined Sources,0.929204,0.816245,0.943883
PRRX2,0.000000,0.000000,Combined Sources,0.929204,0.816245,0.943883
SPATA7,0.000000,0.000000,Combined Sources,0.929204,0.816245,0.943883
SPTLC2,0.000000,0.000000,Combined Sources,0.929204,0.816245,0.943883
CLDND1,0.000000,0.000000,Combined Sources,0.929204,0.816245,0.943883
CRYBB3,0.000000,0.000000,Combined Sources,0.929204,0.816245,0.943883
RPL11,0.000000,0.000000,Combined Sources,0.929204,0.816245,0.943883
DPY19L4,0.000000,0.000000,Combined Sources,0.929204,0.816245,0.943883
POPDC3,0.000000,0.000000,Combined Sources,0.929204,0.816245,0.943883
ODC1,0.000000,0.000000,Combined Sources,0.929204,0.816245,0.943883
EID1,0.000000,0.000000,Combined Sources,0.929204,0.816245,0.943883
CCNE1,0.000000,0.000000,Combined Sources,0.929204,0.816245,0.943883
EIF3E,0.000000,0.000000,Combined Sources,0.929204,0.816245,0.943883
GPN2,0.000000,0.000000,Combined Sources,0.929204,0.816245,0.943883
ITPK1,0.000000,0.000000,Combined Sources,0.929204,0.816245,0.943883
MFGE8,0.000000,0.000000,Combined Sources,0.929204,0.816245,0.943883
TCF7,0.000000,0.000000,Combined Sources,0.929204,0.816245,0.943883
DNASE2,0.000000,0.000000,Combined Sources,0.929204,0.816245,0.943883
DDX56,0.000000,0.000000,Combined Sources,0.929204,0.816245,0.943883
PCNA,0.000000,0.000000,Combined Sources,0.929204,0.816245,0.943883
CACNG4,0.000000,0.000000,Combined Sources,0.929204,0.816245,0.943883
UBA6,0.000000,0.000000,Combined Sources,0.929204,0.816245,0.943883
LMAN2,0.000000,0.000000,Combined Sources,0.929204,0.816245,0.943883
PEX10,0.000000,0.000000,Combined Sources,0.929204,0.816245,0.943883
NACA2,0.000000,0.000000,Combined Sources,0.929204,0.816245,0.943883
ODF1,0.000000,0.000000,Combined Sources,0.929204,0.816245,0.943883
FGL2,0.000000,0.000000,Combined Sources,0.929204,0.816245,0.943883
TGFB2,0.000000,0.000000,Combined Sources,0.929204,0.816245,0.943883
HPSE,0.000000,0.000000,Combined Sources,0.929204,0.816245,0.943883
RAI1,0.000000,0.000000,Combined Sources,0.929204,0.816245,0.943883
DNAJC28,0.000000,0.000000,Combined Sources,0.929204,0.816245,0.943883
F11,0.000000,0.000000,Combined Sources,0.929204,0.816245,0.943883
GCGR,0.000000,0.000000,Combined Sources,0.929204,0.816245,0.943883
AKTIP,0.000000,0.000000,Combined Sources,0.929204,0.816245,0.943883
GYG2,0.000000,0.000000,Combined Sources,0.929204,0.816245,0.943883
DBF4,0.000000,0.000000,Combined Sources,0.929204,0.816245,0.943883
NOTCH3,0.000000,0.000000,Combined Sources,0.929204,0.816245,0.943883
AGFG2,0.000000,0.000000,Combined Sources,0.929204,0.816245,0.943883
SLC22A2,0.000000,0.000000,Combined Sources,0.929204,0.816245,0.943883
DNASE1L3,0.000000,0.000000,Combined Sources,0.929204,0.816245,0.943883
HOMER2,0.000000,0.000000,Combined Sources,0.929204,0.816245,0.943883
RNASEH2B,0.000000,0.000000,Combined Sources,0.929204,0.816245,0.943883
SLC29A1,0.000000,0.000000,Combined Sources,0.929204,0.816245,0.943883
NELL2,0.000000,0.000000,Combined Sources,0.929204,0.816245,0.943883
APOBR,0.000000,0.000000,Combined Sources,0.929204,0.816245,0.943883
DFFA,0.000000,0.000000,Combined Sources,0.929204,0.816245,0.943883
NSF,0.000000,0.000000,Combined Sources,0.929204,0.816245,0.943883
CCR4,0.000000,0.000000,Combined Sources,0.929204,0.816245,0.943883
HEY2,0.000000,0.000000,Combined Sources,0.929204,0.816245,0.943883
CYP27B1,0.000000,0.000000,Combined Sources,0.929204,0.816245,0.943883
UNC13A,0.000000,0.000000,Combined Sources,0.929204,0.816245,0.943883
RNF19A,0.000000,0.000000,Combined Sources,0.929204,0.816245,0.943883
DLX2,0.000000,0.000000,Combined Sources,0.929204,0.816245,0.943883
NFATC4,0.000000,0.000000,Combined Sources,0.929204,0.816245,0.943883
PLIN1,0.000000,0.000000,Combined Sources,0.929204,0.816245,0.943883
BTNL8,0.000000,0.000000,Combined Sources,0.929204,0.816245,0.943883
DTX2,0.000000,0.000000,Combined Sources,0.929204,0.816245,0.943883
F13B,0.000000,0.000000,Combined Sources,0.929204,0.816245,0.943883
EPX,0.000000,0.000000,Combined Sources,0.929204,0.816245,0.943883
HDAC5,0.000000,0.000000,Combined Sources,0.929204,0.816245,0.943883
C10orf88,0.000000,0.000000,Combined Sources,0.929204,0.816245,0.943883
FIBP,0.000000,0.000000,Combined Sources,0.929204,0.816245,0.943883
CARD14,0.000000,0.000000,Combined Sources,0.929204,0.816245,0.943883
SLIT3,0.000000,0.000000,Combined Sources,0.929204,0.816245,0.943883
IL6R,0.000000,0.000000,Combined Sources,0.929204,0.816245,0.943883
RFC1,0.000000,0.000000,Combined Sources,0.929204,0.816245,0.943883
GUCY2D,0.000000,0.000000,Combined Sources,0.929204,0.816245,0.943883
RAB38,0.000000,0.000000,Combined Sources,0.929204,0.816245,0.943883
P2RY13,0.000000,0.000000,Combined Sources,0.929204,0.816245,0.943883
NUDT21,0.000000,0.000000,Combined Sources,0.929204,0.816245,0.943883
ZWINT,0.000000,0.000000,Combined Sources,0.929204,0.816245,0.943883
RIMS3,0.000000,0.000000,Combined Sources,0.929204,0.816245,0.943883
SRSF8,0.000000,0.000000,Combined Sources,0.929204,0.816245,0.943883
PDHA2,0.000000,0.000000,Combined Sources,0.929204,0.816245,0.943883
WIF1,0.000000,0.000000,Combined Sources,0.929204,0.816245,0.943883
EVC,0.000000,0.000000,Combined Sources,0.929204,0.816245,0.943883
MKNK1,0.000000,0.000000,Combined Sources,0.929204,0.816245,0.943883
NCL,0.000000,0.000000,Combined Sources,0.929204,0.816245,0.943883
HSPA8,0.000000,0.000000,Combined Sources,0.929204,0.816245,0.943883
GFPT2,0.000000,0.000000,Combined Sources,0.929204,0.816245,0.943883
NDUFB11,0.000000,0.000000,Combined Sources,0.929204,0.816245,0.943883
ITGAM,0.000000,0.000000,Combined Sources,0.929204,0.816245,0.943883
FBXW11,0.000000,0.000000,Combined Sources,0.929204,0.816245,0.943883
ZNF606,0.000000,0.000000,Combined Sources,0.929204,0.816245,0.943883
NAA16,0.000000,0.000000,Combined Sources,0.929204,0.816245,0.943883
SHB,0.000000,0.000000,Combined Sources,0.929204,0.816245,0.943883
METTL5,0.000000,0.000000,Combined Sources,0.929204,0.816245,0.943883
ZNF32,0.000000,0.000000,Combined Sources,0.929204,0.816245,0.943883
LASP1,0.000000,0.000000,Combined Sources,0.929204,0.816245,0.943883
SFTPB,0.000000,0.000000,Combined Sources,0.929204,0.816245,0.943883
ZNF24,0.000000,0.000000,Combined Sources,0.929204,0.816245,0.943883
HOXA10,0.000000,0.000000,Combined Sources,0.929204,0.816245,0.943883
CIRBP,0.000000,0.000000,Combined Sources,0.929204,0.816245,0.943883
LRRC15,0.000000,0.000000,Combined Sources,0.929204,0.816245,0.943883
MTMR14,0.000000,0.000000,Combined Sources,0.929204,0.816245,0.943883
MPG,0.000000,0.000000,Combined Sources,0.929204,0.816245,0.943883
PRDX3,0.000000,0.000000,Combined Sources,0.929204,0.816245,0.943883
CYB5R2,0.000000,0.000000,Combined Sources,0.929204,0.816245,0.943883
SETMAR,0.000000,0.000000,Combined Sources,0.929204,0.816245,0.943883
SORCS3,0.000000,0.000000,Combined Sources,0.929204,0.816245,0.943883
ZRSR2,0.000000,0.000000,Combined Sources,0.929204,0.816245,0.943883
SLC25A10,0.000000,0.000000,Combined Sources,0.929204,0.816245,0.943883
SLC12A4,0.000000,0.000000,Combined Sources,0.929204,0.816245,0.943883
ADAM15,0.000000,0.000000,Combined Sources,0.929204,0.816245,0.943883
ITM2B,0.000000,0.000000,Combined Sources,0.929204,0.816245,0.943883
PCBP3,0.000000,0.000000,Combined Sources,0.929204,0.816245,0.943883
RAD54L2,0.000000,0.000000,Combined Sources,0.929204,0.816245,0.943883
KLF3,0.000000,0.000000,Combined Sources,0.929204,0.816245,0.943883
C6orf62,0.000000,0.000000,Combined Sources,0.929204,0.816245,0.943883
CXCL9,0.000000,0.000000,Combined Sources,0.929204,0.816245,0.943883
IDH3B,0.000000,0.000000,Combined Sources,0.929204,0.816245,0.943883
KRT19,0.000000,0.000000,Combined Sources,0.929204,0.816245,0.943883
STK24,0.000000,0.000000,Combined Sources,0.929204,0.816245,0.943883
WDR7,0.000000,0.000000,Combined Sources,0.929204,0.816245,0.943883
GRHPR,0.000000,0.000000,Combined Sources,0.929204,0.816245,0.943883
ZNF26,0.000000,0.000000,Combined Sources,0.929204,0.816245,0.943883
ANKRD2,0.000000,0.000000,Combined Sources,0.929204,0.816245,0.943883
BTAF1,0.000000,0.000000,Combined Sources,0.929204,0.816245,0.943883
TTI1,0.000000,0.000000,Combined Sources,0.929204,0.816245,0.943883
DPH1,0.000000,0.000000,Combined Sources,0.929204,0.816245,0.943883
MYH1,0.000000,0.000000,Combined Sources,0.929204,0.816245,0.943883
ASXL2,0.000000,0.000000,Combined Sources,0.929204,0.816245,0.943883
LRRC31,0.000000,0.000000,Combined Sources,0.929204,0.816245,0.943883
AMDHD2,0.000000,0.000000,Combined Sources,0.929204,0.816245,0.943883
RANBP17,0.000000,0.000000,Combined Sources,0.929204,0.816245,0.943883
ELMO1,0.000000,0.000000,Combined Sources,0.929204,0.816245,0.943883
ZNF208,0.000000,0.000000,Combined Sources,0.929204,0.816245,0.943883
FTSJ3,0.000000,0.000000,Combined Sources,0.929204,0.816245,0.943883
UMOD,0.000000,0.000000,Combined Sources,0.929204,0.816245,0.943883
ZNF484,0.000000,0.000000,Combined Sources,0.929204,0.816245,0.943883
SUPT16H,0.000000,0.000000,Combined Sources,0.929204,0.816245,0.943883
NNT,0.000000,0.000000,Combined Sources,0.929204,0.816245,0.943883
ZCWPW1,0.000000,0.000000,Combined Sources,0.929204,0.816245,0.943883
SERPINH1,0.000000,0.000000,Combined Sources,0.929204,0.816245,0.943883
MT1G,0.000000,0.000000,Combined Sources,0.929204,0.816245,0.943883
SLC6A12,0.000000,0.000000,Combined Sources,0.929204,0.816245,0.943883
TAF9,0.000000,0.000000,Combined Sources,0.929204,0.816245,0.943883
TFF2,0.000000,0.000000,Combined Sources,0.929204,0.816245,0.943883
JUN,0.000000,0.000000,Combined Sources,0.929204,0.816245,0.943883
HPX,0.000000,0.000000,Combined Sources,0.929204,0.816245,0.943883
PER3,0.000000,0.000000,Combined Sources,0.929204,0.816245,0.943883
TMEM30A,0.000000,0.000000,Combined Sources,0.929204,0.816245,0.943883
PIGA,0.000000,0.000000,Combined Sources,0.929204,0.816245,0.943883
FGF18,0.000000,0.000000,Combined Sources,0.929204,0.816245,0.943883
SRC,0.000000,0.000000,Combined Sources,0.929204,0.816245,0.943883
METTL8,0.000000,0.000000,Combined Sources,0.929204,0.816245,0.943883
MYH14,0.000000,0.000000,Combined Sources,0.929204,0.816245,0.943883
SLC9A8,0.000000,0.000000,Combined Sources,0.929204,0.816245,0.943883
CLASP2,0.000000,0.000000,Combined Sources,0.929204,0.816245,0.943883
LPCAT3,0.000000,0.000000,Combined Sources,0.929204,0.816245,0.943883
MED16,0.000000,0.000000,Combined Sources,0.929204,0.816245,0.943883
MRPL22,0.000000,0.000000,Combined Sources,0.929204,0.816245,0.943883
AKR1C4,0.000000,0.000000,Combined Sources,0.929204,0.816245,0.943883
TIA1,0.000000,0.000000,Combined Sources,0.929204,0.816245,0.943883
ZNF143,0.000000,0.000000,Combined Sources,0.929204,0.816245,0.943883
FOS,0.000000,0.000000,Combined Sources,0.929204,0.816245,0.943883
ABCA8,0.000000,0.000000,Combined Sources,0.929204,0.816245,0.943883
AGPAT5,0.000000,0.000000,Combined Sources,0.929204,0.816245,0.943883
SLC35C2,0.000000,0.000000,Combined Sources,0.929204,0.816245,0.943883
SLC1A2,0.000000,0.000000,Combined Sources,0.929204,0.816245,0.943883
SVEP1,0.000000,0.000000,Combined Sources,0.929204,0.816245,0.943883
KCNV2,0.000000,0.000000,Combined Sources,0.929204,0.816245,0.943883
MOGAT2,0.000000,0.000000,Combined Sources,0.929204,0.816245,0.943883
SHROOM2,0.000000,0.000000,Combined Sources,0.929204,0.816245,0.943883
USP22,0.000000,0.000000,Combined Sources,0.929204,0.816245,0.943883
CAMLG,0.000000,0.000000,Combined Sources,0.929204,0.816245,0.943883
SCAMP5,0.000000,0.000000,Combined Sources,0.929204,0.816245,0.943883
ADH7,0.000000,0.000000,Combined Sources,0.929204,0.816245,0.943883
PAEP,0.000000,0.000000,Combined Sources,0.929204,0.816245,0.943883
POLA2,0.000000,0.000000,Combined Sources,0.929204,0.816245,0.943883
TEAD1,0.000000,0.000000,Combined Sources,0.929204,0.816245,0.943883
BAZ2B,0.000000,0.000000,Combined Sources,0.929204,0.816245,0.943883
RBM14,0.000000,0.000000,Combined Sources,0.929204,0.816245,0.943883
CERS4,0.000000,0.000000,Combined Sources,0.929204,0.816245,0.943883
CYP3A43,0.000000,0.000000,Combined Sources,0.929204,0.816245,0.943883
BIRC2,0.000000,0.000000,Combined Sources,0.929204,0.816245,0.943883
DOCK4,0.000000,0.000000,Combined Sources,0.929204,0.816245,0.943883
MCM9,0.000000,0.000000,Combined Sources,0.929204,0.816245,0.943883
OR2H2,0.000000,0.000000,Combined Sources,0.929204,0.816245,0.943883
CD79A,0.000000,0.000000,Combined Sources,0.929204,0.816245,0.943883
FA2H,0.000000,0.000000,Combined Sources,0.929204,0.816245,0.943883
HTR3B,0.000000,0.000000,Combined Sources,0.929204,0.816245,0.943883
SI,0.000000,0.000000,Combined Sources,0.929204,0.816245,0.943883
KEL,0.000000,0.000000,Combined Sources,0.929204,0.816245,0.943883
PMPCA,0.000000,0.000000,Combined Sources,0.929204,0.816245,0.943883
HOXD9,0.000000,0.000000,Combined Sources,0.929204,0.816245,0.943883
GVINP1,0.000000,0.000000,Combined Sources,0.929204,0.816245,0.943883
UBQLN3,0.000000,0.000000,Combined Sources,0.929204,0.816245,0.943883
PNMA3,0.000000,0.000000,Combined Sources,0.929204,0.816245,0.943883
HMGCS2,0.000000,0.000000,Combined Sources,0.929204,0.816245,0.943883
WWC2,0.000000,0.000000,Combined Sources,0.929204,0.816245,0.943883
EPS8L2,0.000000,0.000000,Combined Sources,0.929204,0.816245,0.943883
POP1,0.000000,0.000000,Combined Sources,0.929204,0.816245,0.943883
SEC16A,0.000000,0.000000,Combined Sources,0.929204,0.816245,0.943883
PARL,0.000000,0.000000,Combined Sources,0.929204,0.816245,0.943883
MAGIX,0.000000,0.000000,Combined Sources,0.929204,0.816245,0.943883
CERK,0.000000,0.000000,Combined Sources,0.929204,0.816245,0.943883
ADD2,0.000000,0.000000,Combined Sources,0.929204,0.816245,0.943883
PLCXD1,0.000000,0.000000,Combined Sources,0.929204,0.816245,0.943883
SDC1,0.000000,0.000000,Combined Sources,0.929204,0.816245,0.943883
EDN1,0.000000,0.000000,Combined Sources,0.929204,0.816245,0.943883
FZD7,0.000000,0.000000,Combined Sources,0.929204,0.816245,0.943883
NAT2,0.000000,0.000000,Combined Sources,0.929204,0.816245,0.943883
CRP,0.000000,0.000000,Combined Sources,0.929204,0.816245,0.943883
ENPP4,0.000000,0.000000,Combined Sources,0.929204,0.816245,0.943883
JUNB,0.000000,0.000000,Combined Sources,0.929204,0.816245,0.943883
NFKB2,0.000000,0.000000,Combined Sources,0.929204,0.816245,0.943883
TXN,0.000000,0.000000,Combined Sources,0.929204,0.816245,0.943883
PSMD14,0.000000,0.000000,Combined Sources,0.929204,0.816245,0.943883
TRAFD1,0.000000,0.000000,Combined Sources,0.929204,0.816245,0.943883
PRKD3,0.000000,0.000000,Combined Sources,0.929204,0.816245,0.943883
ACP6,0.000000,0.000000,Combined Sources,0.929204,0.816245,0.943883
TRMT12,0.000000,0.000000,Combined Sources,0.929204,0.816245,0.943883
ZXDA,0.000000,0.000000,Combined Sources,0.929204,0.816245,0.943883
GABRG2,0.000000,0.000000,Combined Sources,0.929204,0.816245,0.943883
NTN1,0.000000,0.000000,Combined Sources,0.929204,0.816245,0.943883
SCN1A,0.000000,0.000000,Combined Sources,0.929204,0.816245,0.943883
ITGA7,0.000000,0.000000,Combined Sources,0.929204,0.816245,0.943883
TRIP10,0.000000,0.000000,Combined Sources,0.929204,0.816245,0.943883
CTBS,0.000000,0.000000,Combined Sources,0.929204,0.816245,0.943883
SERPINE1,0.000000,0.000000,Combined Sources,0.929204,0.816245,0.943883
ISG20L2,0.000000,0.000000,Combined Sources,0.929204,0.816245,0.943883
TFRC,0.000000,0.000000,Combined Sources,0.929204,0.816245,0.943883
ZDHHC18,0.000000,0.000000,Combined Sources,0.929204,0.816245,0.943883
FLOT2,0.000000,0.000000,Combined Sources,0.929204,0.816245,0.943883
SLC7A1,0.000000,0.000000,Combined Sources,0.929204,0.816245,0.943883
VEZF1,0.000000,0.000000,Combined Sources,0.929204,0.816245,0.943883
EZH2,0.000000,0.000000,Combined Sources,0.929204,0.816245,0.943883
PDE3B,0.000000,0.000000,Combined Sources,0.929204,0.816245,0.943883
MED8,0.000000,0.000000,Combined Sources,0.929204,0.816245,0.943883
SIGMAR1,0.000000,0.000000,Combined Sources,0.929204,0.816245,0.943883
DUSP5,0.000000,0.000000,Combined Sources,0.929204,0.816245,0.943883
MRPL24,0.000000,0.000000,Combined Sources,0.929204,0.816245,0.943883
ORMDL2,0.000000,0.000000,Combined Sources,0.929204,0.816245,0.943883
CD52,0.000000,0.000000,Combined Sources,0.929204,0.816245,0.943883
NBEA,0.000000,0.000000,Combined Sources,0.929204,0.816245,0.943883
STAM2,0.000000,0.000000,Combined Sources,0.929204,0.816245,0.943883
USP19,0.000000,0.000000,Combined Sources,0.929204,0.816245,0.943883
KAT6B,0.000000,0.000000,Combined Sources,0.929204,0.816245,0.943883
GM2A,0.000000,0.000000,Combined Sources,0.929204,0.816245,0.943883
BMPR2,0.000000,0.000000,Combined Sources,0.929204,0.816245,0.943883
SLC12A7,0.000000,0.000000,Combined Sources,0.929204,0.816245,0.943883
XDH,0.000000,0.000000,Combined Sources,0.929204,0.816245,0.943883
MRPS31,0.000000,0.000000,Combined Sources,0.929204,0.816245,0.943883
CNOT6,0.000000,0.000000,Combined Sources,0.929204,0.816245,0.943883
DHCR24,0.000000,0.000000,Combined Sources,0.929204,0.816245,0.943883
MEG3,0.000000,0.000000,Combined Sources,0.929204,0.816245,0.943883
CRTC3,0.000000,0.000000,Combined Sources,0.929204,0.816245,0.943883
CLK4,0.000000,0.000000,Combined Sources,0.929204,0.816245,0.943883
HSF4,0.000000,0.000000,Combined Sources,0.929204,0.816245,0.943883
ADRA1A,0.000000,0.000000,Combined Sources,0.929204,0.816245,0.943883
ENOSF1,0.000000,0.000000,Combined Sources,0.929204,0.816245,0.943883
TBCD,0.000000,0.000000,Combined Sources,0.929204,0.816245,0.943883
CX3CR1,0.000000,0.000000,Combined Sources,0.929204,0.816245,0.943883
GZMH,0.000000,0.000000,Combined Sources,0.929204,0.816245,0.943883
ITGB5,0.000000,0.000000,Combined Sources,0.929204,0.816245,0.943883
COG2,0.000000,0.000000,Combined Sources,0.929204,0.816245,0.943883
TACC1,0.000000,0.000000,Combined Sources,0.929204,0.816245,0.943883
VWF,0.000000,0.000000,Combined Sources,0.929204,0.816245,0.943883
KPTN,0.000000,0.000000,Combined Sources,0.929204,0.816245,0.943883
DGKZ,0.000000,0.000000,Combined Sources,0.929204,0.816245,0.943883
GTF3C4,0.000000,0.000000,Combined Sources,0.929204,0.816245,0.943883
SLAMF7,0.000000,0.000000,Combined Sources,0.929204,0.816245,0.943883
CCL8,0.000000,0.000000,Combined Sources,0.929204,0.816245,0.943883
ZNHIT2,0.000000,0.000000,Combined Sources,0.929204,0.816245,0.943883
GOSR1,0.000000,0.000000,Combined Sources,0.929204,0.816245,0.943883
ZNF672,0.000000,0.000000,Combined Sources,0.929204,0.816245,0.943883
BRD7P3,0.000000,0.000000,Combined Sources,0.929204,0.816245,0.943883
FTH1,0.000000,0.000000,Combined Sources,0.929204,0.816245,0.943883
PEX11A,0.000000,0.000000,Combined Sources,0.929204,0.816245,0.943883
BZW2,0.000000,0.000000,Combined Sources,0.929204,0.816245,0.943883
TNFAIP8,0.000000,0.000000,Combined Sources,0.929204,0.816245,0.943883
PRPF18,0.000000,0.000000,Combined Sources,0.929204,0.816245,0.943883
ATAD5,0.000000,0.000000,Combined Sources,0.929204,0.816245,0.943883
SOCS3,0.000000,0.000000,Combined Sources,0.929204,0.816245,0.943883
MZF1,0.000000,0.000000,Combined Sources,0.929204,0.816245,0.943883
PLBD1,0.000000,0.000000,Combined Sources,0.929204,0.816245,0.943883
PTPN4,0.000000,0.000000,Combined Sources,0.929204,0.816245,0.943883
SIRT6,0.000000,0.000000,Combined Sources,0.929204,0.816245,0.943883
ADAM11,0.000000,0.000000,Combined Sources,0.929204,0.816245,0.943883
CRABP1,0.000000,0.000000,Combined Sources,0.929204,0.816245,0.943883
HGF,0.000000,0.000000,Combined Sources,0.929204,0.816245,0.943883
PBLD,0.000000,0.000000,Combined Sources,0.929204,0.816245,0.943883
TCP11L1,0.000000,0.000000,Combined Sources,0.929204,0.816245,0.943883
PC,0.000000,0.000000,Combined Sources,0.929204,0.816245,0.943883
SAMD4B,0.000000,0.000000,Combined Sources,0.929204,0.816245,0.943883
DNAJB14,0.000000,0.000000,Combined Sources,0.929204,0.816245,0.943883
MUC2,0.000000,0.000000,Combined Sources,0.929204,0.816245,0.943883
PLA2G6,0.000000,0.000000,Combined Sources,0.929204,0.816245,0.943883
FEN1,0.000000,0.000000,Combined Sources,0.929204,0.816245,0.943883
COX7A2,0.000000,0.000000,Combined Sources,0.929204,0.816245,0.943883
JMJD1C,0.000000,0.000000,Combined Sources,0.929204,0.816245,0.943883
GUCY1B2,0.000000,0.000000,Combined Sources,0.929204,0.816245,0.943883
HRH1,0.000000,0.000000,Combined Sources,0.929204,0.816245,0.943883
PPARGC1A,0.000000,0.000000,Combined Sources,0.929204,0.816245,0.943883
PUM2,0.000000,0.000000,Combined Sources,0.929204,0.816245,0.943883
TERF1,0.000000,0.000000,Combined Sources,0.929204,0.816245,0.943883
VANGL1,0.000000,0.000000,Combined Sources,0.929204,0.816245,0.943883
SURF2,0.000000,0.000000,Combined Sources,0.929204,0.816245,0.943883
WNT4,0.000000,0.000000,Combined Sources,0.929204,0.816245,0.943883
LILRB1,0.000000,0.000000,Combined Sources,0.929204,0.816245,0.943883
ZC3H14,0.000000,0.000000,Combined Sources,0.929204,0.816245,0.943883
PHF3,0.000000,0.000000,Combined Sources,0.929204,0.816245,0.943883
GTF3C1,0.000000,0.000000,Combined Sources,0.929204,0.816245,0.943883
LAMP1,0.000000,0.000000,Combined Sources,0.929204,0.816245,0.943883
BRF1,0.000000,0.000000,Combined Sources,0.929204,0.816245,0.943883
IGFBP7,0.000000,0.000000,Combined Sources,0.929204,0.816245,0.943883
TK2,0.000000,0.000000,Combined Sources,0.929204,0.816245,0.943883
TBC1D2B,0.000000,0.000000,Combined Sources,0.929204,0.816245,0.943883
AGPAT1,0.000000,0.000000,Combined Sources,0.929204,0.816245,0.943883
SSR2,0.000000,0.000000,Combined Sources,0.929204,0.816245,0.943883
MCM3AP,0.000000,0.000000,Combined Sources,0.929204,0.816245,0.943883
TESC,0.000000,0.000000,Combined Sources,0.929204,0.816245,0.943883
SLC12A1,0.000000,0.000000,Combined Sources,0.929204,0.816245,0.943883
CYTH1,0.000000,0.000000,Combined Sources,0.929204,0.816245,0.943883
MAB21L2,0.000000,0.000000,Combined Sources,0.929204,0.816245,0.943883
PLCB1,0.000000,0.000000,Combined Sources,0.929204,0.816245,0.943883
TSPAN9,0.000000,0.000000,Combined Sources,0.929204,0.816245,0.943883
DVL2,0.000000,0.000000,Combined Sources,0.929204,0.816245,0.943883
P2RY2,0.000000,0.000000,Combined Sources,0.929204,0.816245,0.943883
CDK9,0.000000,0.000000,Combined Sources,0.929204,0.816245,0.943883
PSMC2,0.000000,0.000000,Combined Sources,0.929204,0.816245,0.943883
GH1,0.000000,0.000000,Combined Sources,0.929204,0.816245,0.943883
SREBF1,0.000000,0.000000,Combined Sources,0.929204,0.816245,0.943883
ATF6B,0.000000,0.000000,Combined Sources,0.929204,0.816245,0.943883
PLEKHH3,0.000000,0.000000,Combined Sources,0.929204,0.816245,0.943883
CENPF,0.000000,0.000000,Combined Sources,0.929204,0.816245,0.943883
F11R,0.000000,0.000000,Combined Sources,0.929204,0.816245,0.943883
NAA15,0.000000,0.000000,Combined Sources,0.929204,0.816245,0.943883
MASP1,0.000000,0.000000,Combined Sources,0.929204,0.816245,0.943883
APEH,0.000000,0.000000,Combined Sources,0.929204,0.816245,0.943883
GEMIN6,0.000000,0.000000,Combined Sources,0.929204,0.816245,0.943883
MILR1,0.000000,0.000000,Combined Sources,0.929204,0.816245,0.943883
SMURF2,0.000000,0.000000,Combined Sources,0.929204,0.816245,0.943883
PSMD6,0.000000,0.000000,Combined Sources,0.929204,0.816245,0.943883
JRK,0.000000,0.000000,Combined Sources,0.929204,0.816245,0.943883
MLF1,0.000000,0.000000,Combined Sources,0.929204,0.816245,0.943883
TM6SF1,0.000000,0.000000,Combined Sources,0.929204,0.816245,0.943883
WDR77,0.000000,0.000000,Combined Sources,0.929204,0.816245,0.943883
ZBP1,0.000000,0.000000,Combined Sources,0.929204,0.816245,0.943883
EMP3,0.000000,0.000000,Combined Sources,0.929204,0.816245,0.943883
SLC19A1,0.000000,0.000000,Combined Sources,0.929204,0.816245,0.943883
DNAJC16,0.000000,0.000000,Combined Sources,0.929204,0.816245,0.943883
LHFPL2,0.000000,0.000000,Combined Sources,0.929204,0.816245,0.943883
SERTAD3,0.000000,0.000000,Combined Sources,0.929204,0.816245,0.943883
SLC7A6,0.000000,0.000000,Combined Sources,0.929204,0.816245,0.943883
EFNA1,0.000000,0.000000,Combined Sources,0.929204,0.816245,0.943883
SCARF1,0.000000,0.000000,Combined Sources,0.929204,0.816245,0.943883
SEC23B,0.000000,0.000000,Combined Sources,0.929204,0.816245,0.943883
PSD4,0.000000,0.000000,Combined Sources,0.929204,0.816245,0.943883
CFLAR,0.000000,0.000000,Combined Sources,0.929204,0.816245,0.943883
TULP3,0.000000,0.000000,Combined Sources,0.929204,0.816245,0.943883
NEUROD2,0.000000,0.000000,Combined Sources,0.929204,0.816245,0.943883
STS,0.000000,0.000000,Combined Sources,0.929204,0.816245,0.943883
NOS1,0.000000,0.000000,Combined Sources,0.929204,0.816245,0.943883
BTK,0.000000,0.000000,Combined Sources,0.929204,0.816245,0.943883
SNHG3,0.000000,0.000000,Combined Sources,0.929204,0.816245,0.943883
G3BP2,0.000000,0.000000,Combined Sources,0.929204,0.816245,0.943883
MED15,0.000000,0.000000,Combined Sources,0.929204,0.816245,0.943883
FHL3,0.000000,0.000000,Combined Sources,0.929204,0.816245,0.943883
GEMIN2,0.000000,0.000000,Combined Sources,0.929204,0.816245,0.943883
DLK2,0.000000,0.000000,Combined Sources,0.929204,0.816245,0.943883
NGDN,0.000000,0.000000,Combined Sources,0.929204,0.816245,0.943883
EHD3,0.000000,0.000000,Combined Sources,0.929204,0.816245,0.943883
RPL15,0.000000,0.000000,Combined Sources,0.929204,0.816245,0.943883
SETD4,0.000000,0.000000,Combined Sources,0.929204,0.816245,0.943883
TMEM186,0.000000,0.000000,Combined Sources,0.929204,0.816245,0.943883
OSTM1,0.000000,0.000000,Combined Sources,0.929204,0.816245,0.943883
PTGER4,0.000000,0.000000,Combined Sources,0.929204,0.816245,0.943883
PEX3,0.000000,0.000000,Combined Sources,0.929204,0.816245,0.943883
DAPK2,0.000000,0.000000,Combined Sources,0.929204,0.816245,0.943883
ZNF512B,0.000000,0.000000,Combined Sources,0.929204,0.816245,0.943883
GUCA2B,0.000000,0.000000,Combined Sources,0.929204,0.816245,0.943883
MOB3B,0.000000,0.000000,Combined Sources,0.929204,0.816245,0.943883
SNX17,0.000000,0.000000,Combined Sources,0.929204,0.816245,0.943883
TM9SF4,0.000000,0.000000,Combined Sources,0.929204,0.816245,0.943883
GJC1,0.000000,0.000000,Combined Sources,0.929204,0.816245,0.943883
BTBD8,0.000000,0.000000,Combined Sources,0.929204,0.816245,0.943883
GAL3ST1,0.000000,0.000000,Combined Sources,0.929204,0.816245,0.943883
SERPINB9,0.000000,0.000000,Combined Sources,0.929204,0.816245,0.943883
BMP8B,0.000000,0.000000,Combined Sources,0.929204,0.816245,0.943883
SEC14L2,0.000000,0.000000,Combined Sources,0.929204,0.816245,0.943883
WLS,0.000000,0.000000,Combined Sources,0.929204,0.816245,0.943883
SLC23A2,0.000000,0.000000,Combined Sources,0.929204,0.816245,0.943883
PRDM1,0.000000,0.000000,Combined Sources,0.929204,0.816245,0.943883
CDC42EP2,0.000000,0.000000,Combined Sources,0.929204,0.816245,0.943883
GADD45A,0.000000,0.000000,Combined Sources,0.929204,0.816245,0.943883
DECR1,0.000000,0.000000,Combined Sources,0.929204,0.816245,0.943883
MAP3K14,0.000000,0.000000,Combined Sources,0.929204,0.816245,0.943883
SCGB1D1,0.000000,0.000000,Combined Sources,0.929204,0.816245,0.943883
OR52A1,0.000000,0.000000,Combined Sources,0.929204,0.816245,0.943883
TMPRSS3,0.000000,0.000000,Combined Sources,0.929204,0.816245,0.943883
FAM111A,0.000000,0.000000,Combined Sources,0.929204,0.816245,0.943883
OR2S2,0.000000,0.000000,Combined Sources,0.929204,0.816245,0.943883
AMPD2,0.000000,0.000000,Combined Sources,0.929204,0.816245,0.943883
ASAP2,0.000000,0.000000,Combined Sources,0.929204,0.816245,0.943883
SNX2,0.000000,0.000000,Combined Sources,0.929204,0.816245,0.943883
RABGGTA,0.000000,0.000000,Combined Sources,0.929204,0.816245,0.943883
TRMT2A,0.000000,0.000000,Combined Sources,0.929204,0.816245,0.943883
AMPD1,0.000000,0.000000,Combined Sources,0.929204,0.816245,0.943883
LIG4,0.000000,0.000000,Combined Sources,0.929204,0.816245,0.943883
BMP3,0.000000,0.000000,Combined Sources,0.929204,0.816245,0.943883
ATP4A,0.000000,0.000000,Combined Sources,0.929204,0.816245,0.943883
SRSF11,0.000000,0.000000,Combined Sources,0.929204,0.816245,0.943883
C4BPB,0.000000,0.000000,Combined Sources,0.929204,0.816245,0.943883
FOXA2,0.000000,0.000000,Combined Sources,0.929204,0.816245,0.943883
ATP2B3,0.000000,0.000000,Combined Sources,0.929204,0.816245,0.943883
C1RL,0.000000,0.000000,Combined Sources,0.929204,0.816245,0.943883
NAALAD2,0.000000,0.000000,Combined Sources,0.929204,0.816245,0.943883
SPP1,0.000000,0.000000,Combined Sources,0.929204,0.816245,0.943883
UTRN,0.000000,0.000000,Combined Sources,0.929204,0.816245,0.943883
SYTL2,0.000000,0.000000,Combined Sources,0.929204,0.816245,0.943883
HNRNPK,0.000000,0.000000,Combined Sources,0.929204,0.816245,0.943883
BBC3,0.000000,0.000000,Combined Sources,0.929204,0.816245,0.943883
BIRC3,0.000000,0.000000,Combined Sources,0.929204,0.816245,0.943883
CD48,0.000000,0.000000,Combined Sources,0.929204,0.816245,0.943883
FAM131B,0.000000,0.000000,Combined Sources,0.929204,0.816245,0.943883
FZD8,0.000000,0.000000,Combined Sources,0.929204,0.816245,0.943883
GALNT11,0.000000,0.000000,Combined Sources,0.929204,0.816245,0.943883
STAT3,0.000000,0.000000,Combined Sources,0.929204,0.816245,0.943883
RBM4B,0.000000,0.000000,Combined Sources,0.929204,0.816245,0.943883
C2CD3,0.000000,0.000000,Combined Sources,0.929204,0.816245,0.943883
PDX1,0.000000,0.000000,Combined Sources,0.929204,0.816245,0.943883
SRBD1,0.000000,0.000000,Combined Sources,0.929204,0.816245,0.943883
ZDHHC24,0.000000,0.000000,Combined Sources,0.929204,0.816245,0.943883
FGF5,0.000000,0.000000,Combined Sources,0.929204,0.816245,0.943883
PRSS21,0.000000,0.000000,Combined Sources,0.929204,0.816245,0.943883
IL25,0.000000,0.000000,Combined Sources,0.929204,0.816245,0.943883
DDX28,0.000000,0.000000,Combined Sources,0.929204,0.816245,0.943883
SLC38A4,0.000000,0.000000,Combined Sources,0.929204,0.816245,0.943883
ZNRF4,0.000000,0.000000,Combined Sources,0.929204,0.816245,0.943883
GCAT,0.000000,0.000000,Combined Sources,0.929204,0.816245,0.943883
WNT2B,0.000000,0.000000,Combined Sources,0.929204,0.816245,0.943883
SLC35F2,0.000000,0.000000,Combined Sources,0.929204,0.816245,0.943883
MTIF2,0.000000,0.000000,Combined Sources,0.929204,0.816245,0.943883
DDC,0.000000,0.000000,Combined Sources,0.929204,0.816245,0.943883
RHBDF1,0.000000,0.000000,Combined Sources,0.929204,0.816245,0.943883
PSTPIP2,0.000000,0.000000,Combined Sources,0.929204,0.816245,0.943883
DPEP1,0.000000,0.000000,Combined Sources,0.929204,0.816245,0.943883
LILRA5,0.000000,0.000000,Combined Sources,0.929204,0.816245,0.943883
FLJ13224,0.000000,0.000000,Combined Sources,0.929204,0.816245,0.943883
ACTL6A,0.000000,0.000000,Combined Sources,0.929204,0.816245,0.943883
PKLR,0.000000,0.000000,Combined Sources,0.929204,0.816245,0.943883
APOBEC3F,0.000000,0.000000,Combined Sources,0.929204,0.816245,0.943883
ARC,0.000000,0.000000,Combined Sources,0.929204,0.816245,0.943883
WIPI1,0.000000,0.000000,Combined Sources,0.929204,0.816245,0.943883
MYLIP,0.000000,0.000000,Combined Sources,0.929204,0.816245,0.943883
RNF126,0.000000,0.000000,Combined Sources,0.929204,0.816245,0.943883
SAYSD1,0.000000,0.000000,Combined Sources,0.929204,0.816245,0.943883
SLC7A5,0.000000,0.000000,Combined Sources,0.929204,0.816245,0.943883
ISOC1,0.000000,0.000000,Combined Sources,0.929204,0.816245,0.943883
AP2M1,0.000000,0.000000,Combined Sources,0.929204,0.816245,0.943883
LMNB2,0.000000,0.000000,Combined Sources,0.929204,0.816245,0.943883
ARHGEF12,0.000000,0.000000,Combined Sources,0.929204,0.816245,0.943883
MICA,0.000000,0.000000,Combined Sources,0.929204,0.816245,0.943883
LEPROTL1,0.000000,0.000000,Combined Sources,0.929204,0.816245,0.943883
SLC12A5,0.000000,0.000000,Combined Sources,0.929204,0.816245,0.943883
CREBL2,0.000000,0.000000,Combined Sources,0.929204,0.816245,0.943883
MSN,0.000000,0.000000,Combined Sources,0.929204,0.816245,0.943883
EPS8L1,0.000000,0.000000,Combined Sources,0.929204,0.816245,0.943883
TMEM131,0.000000,0.000000,Combined Sources,0.929204,0.816245,0.943883
GMNN,0.000000,0.000000,Combined Sources,0.929204,0.816245,0.943883
PTMS,0.000000,0.000000,Combined Sources,0.929204,0.816245,0.943883
AKAP5,0.000000,0.000000,Combined Sources,0.929204,0.816245,0.943883
PSMD12,0.000000,0.000000,Combined Sources,0.929204,0.816245,0.943883
ACD,0.000000,0.000000,Combined Sources,0.929204,0.816245,0.943883
EFHD1,0.000000,0.000000,Combined Sources,0.929204,0.816245,0.943883
PHF2,0.000000,0.000000,Combined Sources,0.929204,0.816245,0.943883
DLC1,0.000000,0.000000,Combined Sources,0.929204,0.816245,0.943883
HPS5,0.000000,0.000000,Combined Sources,0.929204,0.816245,0.943883
F9,0.000000,0.000000,Combined Sources,0.929204,0.816245,0.943883
IL2,0.000000,0.000000,Combined Sources,0.929204,0.816245,0.943883
CCL25,0.000000,0.000000,Combined Sources,0.929204,0.816245,0.943883
EDEM3,0.000000,0.000000,Combined Sources,0.929204,0.816245,0.943883
GPRIN2,0.000000,0.000000,Combined Sources,0.929204,0.816245,0.943883
RAD51D,0.000000,0.000000,Combined Sources,0.929204,0.816245,0.943883
DHX29,0.000000,0.000000,Combined Sources,0.929204,0.816245,0.943883
ACTR6,0.000000,0.000000,Combined Sources,0.929204,0.816245,0.943883
MAG,0.000000,0.000000,Combined Sources,0.929204,0.816245,0.943883
PODXL,0.000000,0.000000,Combined Sources,0.929204,0.816245,0.943883
FSTL4,0.000000,0.000000,Combined Sources,0.929204,0.816245,0.943883
ZZZ3,0.000000,0.000000,Combined Sources,0.929204,0.816245,0.943883
TMEM160,0.000000,0.000000,Combined Sources,0.929204,0.816245,0.943883
SRPK1,0.000000,0.000000,Combined Sources,0.929204,0.816245,0.943883
RAG2,0.000000,0.000000,Combined Sources,0.929204,0.816245,0.943883
POGZ,0.000000,0.000000,Combined Sources,0.929204,0.816245,0.943883
PDHB,0.000000,0.000000,Combined Sources,0.929204,0.816245,0.943883
WSCD1,0.000000,0.000000,Combined Sources,0.929204,0.816245,0.943883
HDGF,0.000000,0.000000,Combined Sources,0.929204,0.816245,0.943883
GFOD2,0.000000,0.000000,Combined Sources,0.929204,0.816245,0.943883
ATP8B3,0.000000,0.000000,Combined Sources,0.929204,0.816245,0.943883
CRYBA1,0.000000,0.000000,Combined Sources,0.929204,0.816245,0.943883
LAMTOR2,0.000000,0.000000,Combined Sources,0.929204,0.816245,0.943883
RHOBTB3,0.000000,0.000000,Combined Sources,0.929204,0.816245,0.943883
PSMD1,0.000000,0.000000,Combined Sources,0.929204,0.816245,0.943883
RORB,0.000000,0.000000,Combined Sources,0.929204,0.816245,0.943883
TRAT1,0.000000,0.000000,Combined Sources,0.929204,0.816245,0.943883
SCYL3,0.000000,0.000000,Combined Sources,0.929204,0.816245,0.943883
SDF2,0.000000,0.000000,Combined Sources,0.929204,0.816245,0.943883
BARX1,0.000000,0.000000,Combined Sources,0.929204,0.816245,0.943883
VRK3,0.000000,0.000000,Combined Sources,0.929204,0.816245,0.943883
LAGE3,0.000000,0.000000,Combined Sources,0.929204,0.816245,0.943883
TTC28,0.000000,0.000000,Combined Sources,0.929204,0.816245,0.943883
TMOD1,0.000000,0.000000,Combined Sources,0.929204,0.816245,0.943883
ATN1,0.000000,0.000000,Combined Sources,0.929204,0.816245,0.943883
CLCC1,0.000000,0.000000,Combined Sources,0.929204,0.816245,0.943883
FOXF1,0.000000,0.000000,Combined Sources,0.929204,0.816245,0.943883
ITPKA,0.000000,0.000000,Combined Sources,0.929204,0.816245,0.943883
SOD3,0.000000,0.000000,Combined Sources,0.929204,0.816245,0.943883
SPRYD7,0.000000,0.000000,Combined Sources,0.929204,0.816245,0.943883
DRP2,0.000000,0.000000,Combined Sources,0.929204,0.816245,0.943883
IKBKE,0.000000,0.000000,Combined Sources,0.929204,0.816245,0.943883
AKT3,0.000000,0.000000,Combined Sources,0.929204,0.816245,0.943883
ZNF142,0.000000,0.000000,Combined Sources,0.929204,0.816245,0.943883
FADS3,0.000000,0.000000,Combined Sources,0.929204,0.816245,0.943883
PAX6,0.000000,0.000000,Combined Sources,0.929204,0.816245,0.943883
ARL8B,0.000000,0.000000,Combined Sources,0.929204,0.816245,0.943883
RGS4,0.000000,0.000000,Combined Sources,0.929204,0.816245,0.943883
NRP2,0.000000,0.000000,Combined Sources,0.929204,0.816245,0.943883
TELO2,0.000000,0.000000,Combined Sources,0.929204,0.816245,0.943883
IDI2-AS1,0.000000,0.000000,Combined Sources,0.929204,0.816245,0.943883
TNFRSF11B,0.000000,0.000000,Combined Sources,0.929204,0.816245,0.943883
ELAC1,0.000000,0.000000,Combined Sources,0.929204,0.816245,0.943883
ZNF141,0.000000,0.000000,Combined Sources,0.929204,0.816245,0.943883
SLC12A2,0.000000,0.000000,Combined Sources,0.929204,0.816245,0.943883
LIG3,0.000000,0.000000,Combined Sources,0.929204,0.816245,0.943883
OGG1,0.000000,0.000000,Combined Sources,0.929204,0.816245,0.943883
AFTPH,0.000000,0.000000,Combined Sources,0.929204,0.816245,0.943883
ATOX1,0.000000,0.000000,Combined Sources,0.929204,0.816245,0.943883
RHOG,0.000000,0.000000,Combined Sources,0.929204,0.816245,0.943883
B4GALT5,0.000000,0.000000,Combined Sources,0.929204,0.816245,0.943883
RNF24,0.000000,0.000000,Combined Sources,0.929204,0.816245,0.943883
NLRX1,0.000000,0.000000,Combined Sources,0.929204,0.816245,0.943883
HOXA7,0.000000,0.000000,Combined Sources,0.929204,0.816245,0.943883
MAF,0.000000,0.000000,Combined Sources,0.929204,0.816245,0.943883
MARK1,0.000000,0.000000,Combined Sources,0.929204,0.816245,0.943883
NGFR,0.000000,0.000000,Combined Sources,0.929204,0.816245,0.943883
HTR6,0.000000,0.000000,Combined Sources,0.929204,0.816245,0.943883
SLC15A1,0.000000,0.000000,Combined Sources,0.929204,0.816245,0.943883
ANKMY1,0.000000,0.000000,Combined Sources,0.929204,0.816245,0.943883
GYPC,0.000000,0.000000,Combined Sources,0.929204,0.816245,0.943883
ASCC2,0.000000,0.000000,Combined Sources,0.929204,0.816245,0.943883
ACAA2,0.000000,0.000000,Combined Sources,0.929204,0.816245,0.943883
GRIA4,0.000000,0.000000,Combined Sources,0.929204,0.816245,0.943883
NOLC1,0.000000,0.000000,Combined Sources,0.929204,0.816245,0.943883
UCHL5,0.000000,0.000000,Combined Sources,0.929204,0.816245,0.943883
INTS1,0.000000,0.000000,Combined Sources,0.929204,0.816245,0.943883
PAPOLG,0.000000,0.000000,Combined Sources,0.929204,0.816245,0.943883
SCNN1B,0.000000,0.000000,Combined Sources,0.929204,0.816245,0.943883
MYD88,0.000000,0.000000,Combined Sources,0.929204,0.816245,0.943883
STRADA,0.000000,0.000000,Combined Sources,0.929204,0.816245,0.943883
IKZF3,0.000000,0.000000,Combined Sources,0.929204,0.816245,0.943883
PIGL,0.000000,0.000000,Combined Sources,0.929204,0.816245,0.943883
SCAP,0.000000,0.000000,Combined Sources,0.929204,0.816245,0.943883
ZFC3H1,0.000000,0.000000,Combined Sources,0.929204,0.816245,0.943883
SYNCRIP,0.000000,0.000000,Combined Sources,0.929204,0.816245,0.943883
MCHR1,0.000000,0.000000,Combined Sources,0.929204,0.816245,0.943883
CASS4,0.000000,0.000000,Combined Sources,0.929204,0.816245,0.943883
TRIM29,0.000000,0.000000,Combined Sources,0.929204,0.816245,0.943883
CEACAM6,0.000000,0.000000,Combined Sources,0.929204,0.816245,0.943883
OVOL1,0.000000,0.000000,Combined Sources,0.929204,0.816245,0.943883
CHRM4,0.000000,0.000000,Combined Sources,0.929204,0.816245,0.943883
TTC9,0.000000,0.000000,Combined Sources,0.929204,0.816245,0.943883
SGCD,0.000000,0.000000,Combined Sources,0.929204,0.816245,0.943883
RBM26,0.000000,0.000000,Combined Sources,0.929204,0.816245,0.943883
KLKB1,0.000000,0.000000,Combined Sources,0.929204,0.816245,0.943883
PICALM,0.000000,0.000000,Combined Sources,0.929204,0.816245,0.943883
TINAGL1,0.000000,0.000000,Combined Sources,0.929204,0.816245,0.943883
ZNF35,0.000000,0.000000,Combined Sources,0.929204,0.816245,0.943883
PRR16,0.000000,0.000000,Combined Sources,0.929204,0.816245,0.943883
ECSIT,0.000000,0.000000,Combined Sources,0.929204,0.816245,0.943883
IL12A,0.000000,0.000000,Combined Sources,0.929204,0.816245,0.943883
BBS7,0.000000,0.000000,Combined Sources,0.929204,0.816245,0.943883
MAGEC3,0.000000,0.000000,Combined Sources,0.929204,0.816245,0.943883
ACTR3,0.000000,0.000000,Combined Sources,0.929204,0.816245,0.943883
SS18L2,0.000000,0.000000,Combined Sources,0.929204,0.816245,0.943883
TREM2,0.000000,0.000000,Combined Sources,0.929204,0.816245,0.943883
TMEM109,0.000000,0.000000,Combined Sources,0.929204,0.816245,0.943883
SPDEF,0.000000,0.000000,Combined Sources,0.929204,0.816245,0.943883
PGC,0.000000,0.000000,Combined Sources,0.929204,0.816245,0.943883
MBNL3,0.000000,0.000000,Combined Sources,0.929204,0.816245,0.943883
CDC20,0.000000,0.000000,Combined Sources,0.929204,0.816245,0.943883
REEP2,0.000000,0.000000,Combined Sources,0.929204,0.816245,0.943883
THADA,0.000000,0.000000,Combined Sources,0.929204,0.816245,0.943883
F2R,0.000000,0.000000,Combined Sources,0.929204,0.816245,0.943883
FSCN2,0.000000,0.000000,Combined Sources,0.929204,0.816245,0.943883
ZBTB39,0.000000,0.000000,Combined Sources,0.929204,0.816245,0.943883
CASP3,0.000000,0.000000,Combined Sources,0.929204,0.816245,0.943883
CROT,0.000000,0.000000,Combined Sources,0.929204,0.816245,0.943883
TCN2,0.000000,0.000000,Combined Sources,0.929204,0.816245,0.943883
MTPAP,0.000000,0.000000,Combined Sources,0.929204,0.816245,0.943883
NDUFA4L2,0.000000,0.000000,Combined Sources,0.929204,0.816245,0.943883
XCR1,0.000000,0.000000,Combined Sources,0.929204,0.816245,0.943883
DOCK6,0.000000,0.000000,Combined Sources,0.929204,0.816245,0.943883
PPFIBP2,0.000000,0.000000,Combined Sources,0.929204,0.816245,0.943883
FGFR2,0.000000,0.000000,Combined Sources,0.929204,0.816245,0.943883
ATR,0.000000,0.000000,Combined Sources,0.929204,0.816245,0.943883
HOXC11,0.000000,0.000000,Combined Sources,0.929204,0.816245,0.943883
ARVCF,0.000000,0.000000,Combined Sources,0.929204,0.816245,0.943883
GUCA2A,0.000000,0.000000,Combined Sources,0.929204,0.816245,0.943883
FKBP6,0.000000,0.000000,Combined Sources,0.929204,0.816245,0.943883
RYBP,0.000000,0.000000,Combined Sources,0.929204,0.816245,0.943883
TBC1D10B,0.000000,0.000000,Combined Sources,0.929204,0.816245,0.943883
INTS5,0.000000,0.000000,Combined Sources,0.929204,0.816245,0.943883
PHKA2,0.000000,0.000000,Combined Sources,0.929204,0.816245,0.943883
YPEL5,0.000000,0.000000,Combined Sources,0.929204,0.816245,0.943883
MAPK8IP3,0.000000,0.000000,Combined Sources,0.929204,0.816245,0.943883
GPR87,0.000000,0.000000,Combined Sources,0.929204,0.816245,0.943883
GDPD2,0.000000,0.000000,Combined Sources,0.929204,0.816245,0.943883
MLLT1,0.000000,0.000000,Combined Sources,0.929204,0.816245,0.943883
MRPS30,0.000000,0.000000,Combined Sources,0.929204,0.816245,0.943883
SEC24C,0.000000,0.000000,Combined Sources,0.929204,0.816245,0.943883
GPR3,0.000000,0.000000,Combined Sources,0.929204,0.816245,0.943883
PAPSS1,0.000000,0.000000,Combined Sources,0.929204,0.816245,0.943883
SYCP1,0.000000,0.000000,Combined Sources,0.929204,0.816245,0.943883
ATG2B,0.000000,0.000000,Combined Sources,0.929204,0.816245,0.943883
MAGEF1,0.000000,0.000000,Combined Sources,0.929204,0.816245,0.943883
MAGI2,0.000000,0.000000,Combined Sources,0.929204,0.816245,0.943883
SLC22A7,0.000000,0.000000,Combined Sources,0.929204,0.816245,0.943883
WSB1,0.000000,0.000000,Combined Sources,0.929204,0.816245,0.943883
LTBP1,0.000000,0.000000,Combined Sources,0.929204,0.816245,0.943883
MAP3K1,0.000000,0.000000,Combined Sources,0.929204,0.816245,0.943883
TTC33,0.000000,0.000000,Combined Sources,0.929204,0.816245,0.943883
GBE1,0.000000,0.000000,Combined Sources,0.929204,0.816245,0.943883
CLIP2,0.000000,0.000000,Combined Sources,0.929204,0.816245,0.943883
HIC1,0.000000,0.000000,Combined Sources,0.929204,0.816245,0.943883
ROR2,0.000000,0.000000,Combined Sources,0.929204,0.816245,0.943883
PRAME,0.000000,0.000000,Combined Sources,0.929204,0.816245,0.943883
DMD,0.000000,0.000000,Combined Sources,0.929204,0.816245,0.943883
TSHB,0.000000,0.000000,Combined Sources,0.929204,0.816245,0.943883
MRPL15,0.000000,0.000000,Combined Sources,0.929204,0.816245,0.943883
ANKRD6,0.000000,0.000000,Combined Sources,0.929204,0.816245,0.943883
MAP3K12,0.000000,0.000000,Combined Sources,0.929204,0.816245,0.943883
ATP13A3,0.000000,0.000000,Combined Sources,0.929204,0.816245,0.943883
NECAB3,0.000000,0.000000,Combined Sources,0.929204,0.816245,0.943883
FABP2,0.000000,0.000000,Combined Sources,0.929204,0.816245,0.943883
BRMS1,0.000000,0.000000,Combined Sources,0.929204,0.816245,0.943883
ITGBL1,0.000000,0.000000,Combined Sources,0.929204,0.816245,0.943883
SOBP,0.000000,0.000000,Combined Sources,0.929204,0.816245,0.943883
MYO15A,0.000000,0.000000,Combined Sources,0.929204,0.816245,0.943883
SF3A1,0.000000,0.000000,Combined Sources,0.929204,0.816245,0.943883
SLURP1,0.000000,0.000000,Combined Sources,0.929204,0.816245,0.943883
PLEKHA8P1,0.000000,0.000000,Combined Sources,0.929204,0.816245,0.943883
TOB2,0.000000,0.000000,Combined Sources,0.929204,0.816245,0.943883
NNMT,0.000000,0.000000,Combined Sources,0.929204,0.816245,0.943883
CLDN16,0.000000,0.000000,Combined Sources,0.929204,0.816245,0.943883
SULF1,0.000000,0.000000,Combined Sources,0.929204,0.816245,0.943883
HMGXB3,0.000000,0.000000,Combined Sources,0.929204,0.816245,0.943883
SLC28A3,0.000000,0.000000,Combined Sources,0.929204,0.816245,0.943883
DDX1,0.000000,0.000000,Combined Sources,0.929204,0.816245,0.943883
PLCB3,0.000000,0.000000,Combined Sources,0.929204,0.816245,0.943883
SNX19,0.000000,0.000000,Combined Sources,0.929204,0.816245,0.943883
CLEC2D,0.000000,0.000000,Combined Sources,0.929204,0.816245,0.943883
PMAIP1,0.000000,0.000000,Combined Sources,0.929204,0.816245,0.943883
MYB,0.000000,0.000000,Combined Sources,0.929204,0.816245,0.943883
NPTXR,0.000000,0.000000,Combined Sources,0.929204,0.816245,0.943883
SULT1B1,0.000000,0.000000,Combined Sources,0.929204,0.816245,0.943883
PARD6A,0.000000,0.000000,Combined Sources,0.929204,0.816245,0.943883
CDH15,0.000000,0.000000,Combined Sources,0.929204,0.816245,0.943883
PRKAR1A,0.000000,0.000000,Combined Sources,0.929204,0.816245,0.943883
GPR17,0.000000,0.000000,Combined Sources,0.929204,0.816245,0.943883
PRPS1L1,0.000000,0.000000,Combined Sources,0.929204,0.816245,0.943883
ZNF771,0.000000,0.000000,Combined Sources,0.929204,0.816245,0.943883
ADCY8,0.000000,0.000000,Combined Sources,0.929204,0.816245,0.943883
CCNO,0.000000,0.000000,Combined Sources,0.929204,0.816245,0.943883
TNFRSF14,0.000000,0.000000,Combined Sources,0.929204,0.816245,0.943883
BCS1L,0.000000,0.000000,Combined Sources,0.929204,0.816245,0.943883
FECH,0.000000,0.000000,Combined Sources,0.929204,0.816245,0.943883
PRKAB1,0.000000,0.000000,Combined Sources,0.929204,0.816245,0.943883
EVX1,0.000000,0.000000,Combined Sources,0.929204,0.816245,0.943883
MMRN2,0.000000,0.000000,Combined Sources,0.929204,0.816245,0.943883
AP1G2,0.000000,0.000000,Combined Sources,0.929204,0.816245,0.943883
S100A9,0.000000,0.000000,Combined Sources,0.929204,0.816245,0.943883
ST14,0.000000,0.000000,Combined Sources,0.929204,0.816245,0.943883
MSH6,0.000000,0.000000,Combined Sources,0.929204,0.816245,0.943883
AHSA1,0.000000,0.000000,Combined Sources,0.929204,0.816245,0.943883
TCF20,0.000000,0.000000,Combined Sources,0.929204,0.816245,0.943883
UFC1,0.000000,0.000000,Combined Sources,0.929204,0.816245,0.943883
FRAT2,0.000000,0.000000,Combined Sources,0.929204,0.816245,0.943883
PARP1,0.000000,0.000000,Combined Sources,0.929204,0.816245,0.943883
SEC13,0.000000,0.000000,Combined Sources,0.929204,0.816245,0.943883
FAM120A,0.000000,0.000000,Combined Sources,0.929204,0.816245,0.943883
PCDHB13,0.000000,0.000000,Combined Sources,0.929204,0.816245,0.943883
CSF1,0.000000,0.000000,Combined Sources,0.929204,0.816245,0.943883
FCGR2B,0.000000,0.000000,Combined Sources,0.929204,0.816245,0.943883
MBNL1,0.000000,0.000000,Combined Sources,0.929204,0.816245,0.943883
PI4KB,0.000000,0.000000,Combined Sources,0.929204,0.816245,0.943883
KHDRBS3,0.000000,0.000000,Combined Sources,0.929204,0.816245,0.943883
LMOD1,0.000000,0.000000,Combined Sources,0.929204,0.816245,0.943883
CCDC9,0.000000,0.000000,Combined Sources,0.929204,0.816245,0.943883
B2M,0.000000,0.000000,Combined Sources,0.929204,0.816245,0.943883
TBX2,0.000000,0.000000,Combined Sources,0.929204,0.816245,0.943883
CLIC3,0.000000,0.000000,Combined Sources,0.929204,0.816245,0.943883
NOD2,0.000000,0.000000,Combined Sources,0.929204,0.816245,0.943883
ZNF274,0.000000,0.000000,Combined Sources,0.929204,0.816245,0.943883
ANK2,0.000000,0.000000,Combined Sources,0.929204,0.816245,0.943883
TNNI1,0.000000,0.000000,Combined Sources,0.929204,0.816245,0.943883
FLNA,0.000000,0.000000,Combined Sources,0.929204,0.816245,0.943883
LYZL6,0.000000,0.000000,Combined Sources,0.929204,0.816245,0.943883
SPRY4,0.000000,0.000000,Combined Sources,0.929204,0.816245,0.943883
THRAP3,0.000000,0.000000,Combined Sources,0.929204,0.816245,0.943883
SCMH1,0.000000,0.000000,Combined Sources,0.929204,0.816245,0.943883
EXD2,0.000000,0.000000,Combined Sources,0.929204,0.816245,0.943883
MAP3K2,0.000000,0.000000,Combined Sources,0.929204,0.816245,0.943883
CLIC2,0.000000,0.000000,Combined Sources,0.929204,0.816245,0.943883
OLFM4,0.000000,0.000000,Combined Sources,0.929204,0.816245,0.943883
LRP4,0.000000,0.000000,Combined Sources,0.929204,0.816245,0.943883
PSPC1,0.000000,0.000000,Combined Sources,0.929204,0.816245,0.943883
KCNC1,0.000000,0.000000,Combined Sources,0.929204,0.816245,0.943883
PRKAA1,0.000000,0.000000,Combined Sources,0.929204,0.816245,0.943883
ACTN2,0.000000,0.000000,Combined Sources,0.929204,0.816245,0.943883
ZZEF1,0.000000,0.000000,Combined Sources,0.929204,0.816245,0.943883
ARF6,0.000000,0.000000,Combined Sources,0.929204,0.816245,0.943883
LILRB3,0.000000,0.000000,Combined Sources,0.929204,0.816245,0.943883
TBC1D9,0.000000,0.000000,Combined Sources,0.929204,0.816245,0.943883
TMEM176B,0.000000,0.000000,Combined Sources,0.929204,0.816245,0.943883
SLC39A9,0.000000,0.000000,Combined Sources,0.929204,0.816245,0.943883
TNS4,0.000000,0.000000,Combined Sources,0.929204,0.816245,0.943883
XRCC5,0.000000,0.000000,Combined Sources,0.929204,0.816245,0.943883
BAD,0.000000,0.000000,Combined Sources,0.929204,0.816245,0.943883
CHRM5,0.000000,0.000000,Combined Sources,0.929204,0.816245,0.943883
KRT75,0.000000,0.000000,Combined Sources,0.929204,0.816245,0.943883
MAP3K4,0.000000,0.000000,Combined Sources,0.929204,0.816245,0.943883
REG3A,0.000000,0.000000,Combined Sources,0.929204,0.816245,0.943883
SPAG6,0.000000,0.000000,Combined Sources,0.929204,0.816245,0.943883
LRRK1,0.000000,0.000000,Combined Sources,0.929204,0.816245,0.943883
SYF2,0.000000,0.000000,Combined Sources,0.929204,0.816245,0.943883
RAB3GAP1,0.000000,0.000000,Combined Sources,0.929204,0.816245,0.943883
TUBA4A,0.000000,0.000000,Combined Sources,0.929204,0.816245,0.943883
PROCR,0.000000,0.000000,Combined Sources,0.929204,0.816245,0.943883
RNF13,0.000000,0.000000,Combined Sources,0.929204,0.816245,0.943883
TIMM44,0.000000,0.000000,Combined Sources,0.929204,0.816245,0.943883
DDX49,0.000000,0.000000,Combined Sources,0.929204,0.816245,0.943883
NPY,0.000000,0.000000,Combined Sources,0.929204,0.816245,0.943883
C1orf54,0.000000,0.000000,Combined Sources,0.929204,0.816245,0.943883
NPY1R,0.000000,0.000000,Combined Sources,0.929204,0.816245,0.943883
TSSK2,0.000000,0.000000,Combined Sources,0.929204,0.816245,0.943883
TAS2R10,0.000000,0.000000,Combined Sources,0.929204,0.816245,0.943883
KDELR1,0.000000,0.000000,Combined Sources,0.929204,0.816245,0.943883
ATP8A1,0.000000,0.000000,Combined Sources,0.929204,0.816245,0.943883
HOXD3,0.000000,0.000000,Combined Sources,0.929204,0.816245,0.943883
CNTN1,0.000000,0.000000,Combined Sources,0.929204,0.816245,0.943883
TRPV4,0.000000,0.000000,Combined Sources,0.929204,0.816245,0.943883
MLH1,0.000000,0.000000,Combined Sources,0.929204,0.816245,0.943883
NME1,0.000000,0.000000,Combined Sources,0.929204,0.816245,0.943883
RPS21,0.000000,0.000000,Combined Sources,0.929204,0.816245,0.943883
ELL2,0.000000,0.000000,Combined Sources,0.929204,0.816245,0.943883
MC4R,0.000000,0.000000,Combined Sources,0.929204,0.816245,0.943883
PTK2B,0.000000,0.000000,Combined Sources,0.929204,0.816245,0.943883
SLC5A5,0.000000,0.000000,Combined Sources,0.929204,0.816245,0.943883
CCPG1,0.000000,0.000000,Combined Sources,0.929204,0.816245,0.943883
IMP4,0.000000,0.000000,Combined Sources,0.929204,0.816245,0.943883
LY6D,0.000000,0.000000,Combined Sources,0.929204,0.816245,0.943883
IL10RB,0.000000,0.000000,Combined Sources,0.929204,0.816245,0.943883
PTPRT,0.000000,0.000000,Combined Sources,0.929204,0.816245,0.943883
TPX2,0.000000,0.000000,Combined Sources,0.929204,0.816245,0.943883
MAP2K5,0.000000,0.000000,Combined Sources,0.929204,0.816245,0.943883
CHD5,0.000000,0.000000,Combined Sources,0.929204,0.816245,0.943883
HLA-DRB1,0.000000,0.000000,Combined Sources,0.929204,0.816245,0.943883
ARL14,0.000000,0.000000,Combined Sources,0.929204,0.816245,0.943883
BUB1B,0.000000,0.000000,Combined Sources,0.929204,0.816245,0.943883
RAB11FIP5,0.000000,0.000000,Combined Sources,0.929204,0.816245,0.943883
PRPF4,0.000000,0.000000,Combined Sources,0.929204,0.816245,0.943883
PDE4DIP,0.000000,0.000000,Combined Sources,0.929204,0.816245,0.943883
HEATR6,0.000000,0.000000,Combined Sources,0.929204,0.816245,0.943883
WT1,0.000000,0.000000,Combined Sources,0.929204,0.816245,0.943883
WIPI2,0.000000,0.000000,Combined Sources,0.929204,0.816245,0.943883
SHCBP1L,0.000000,0.000000,Combined Sources,0.929204,0.816245,0.943883
YES1,0.000000,0.000000,Combined Sources,0.929204,0.816245,0.943883
THTPA,0.000000,0.000000,Combined Sources,0.929204,0.816245,0.943883
LPA,0.000000,0.000000,Combined Sources,0.929204,0.816245,0.943883
GPR52,0.000000,0.000000,Combined Sources,0.929204,0.816245,0.943883
HOXA4,0.000000,0.000000,Combined Sources,0.929204,0.816245,0.943883
TFG,0.000000,0.000000,Combined Sources,0.929204,0.816245,0.943883
KCNQ1DN,0.000000,0.000000,Combined Sources,0.929204,0.816245,0.943883
TTLL7,0.000000,0.000000,Combined Sources,0.929204,0.816245,0.943883
RPA3,0.000000,0.000000,Combined Sources,0.929204,0.816245,0.943883
LIMK1,0.000000,0.000000,Combined Sources,0.929204,0.816245,0.943883
OVGP1,0.000000,0.000000,Combined Sources,0.929204,0.816245,0.943883
PDE4A,0.000000,0.000000,Combined Sources,0.929204,0.816245,0.943883
PFDN6,0.000000,0.000000,Combined Sources,0.929204,0.816245,0.943883
TAF12,0.000000,0.000000,Combined Sources,0.929204,0.816245,0.943883
SIGLEC8,0.000000,0.000000,Combined Sources,0.929204,0.816245,0.943883
IRF4,0.000000,0.000000,Combined Sources,0.929204,0.816245,0.943883
PDIA3,0.000000,0.000000,Combined Sources,0.929204,0.816245,0.943883
SP110,0.000000,0.000000,Combined Sources,0.929204,0.816245,0.943883
DICER1,0.000000,0.000000,Combined Sources,0.929204,0.816245,0.943883
RELN,0.000000,0.000000,Combined Sources,0.929204,0.816245,0.943883
NAT1,0.000000,0.000000,Combined Sources,0.929204,0.816245,0.943883
TRIM45,0.000000,0.000000,Combined Sources,0.929204,0.816245,0.943883
TAS2R4,0.000000,0.000000,Combined Sources,0.929204,0.816245,0.943883
PLXDC1,0.000000,0.000000,Combined Sources,0.929204,0.816245,0.943883
SGK2,0.000000,0.000000,Combined Sources,0.929204,0.816245,0.943883
GALNT6,0.000000,0.000000,Combined Sources,0.929204,0.816245,0.943883
MKI67,0.000000,0.000000,Combined Sources,0.929204,0.816245,0.943883
PTK6,0.000000,0.000000,Combined Sources,0.929204,0.816245,0.943883
TRIM37,0.000000,0.000000,Combined Sources,0.929204,0.816245,0.943883
PHKG2,0.000000,0.000000,Combined Sources,0.929204,0.816245,0.943883
INSIG1,0.000000,0.000000,Combined Sources,0.929204,0.816245,0.943883
STIP1,0.000000,0.000000,Combined Sources,0.929204,0.816245,0.943883
EEF2,0.000000,0.000000,Combined Sources,0.929204,0.816245,0.943883
KDM1A,0.000000,0.000000,Combined Sources,0.929204,0.816245,0.943883
ZYX,0.000000,0.000000,Combined Sources,0.929204,0.816245,0.943883
PPP2CA,0.000000,0.000000,Combined Sources,0.929204,0.816245,0.943883
PTPRS,0.000000,0.000000,Combined Sources,0.929204,0.816245,0.943883
GPA33,0.000000,0.000000,Combined Sources,0.929204,0.816245,0.943883
UBAP2L,0.000000,0.000000,Combined Sources,0.929204,0.816245,0.943883
MXRA5,0.000000,0.000000,Combined Sources,0.929204,0.816245,0.943883
GNA11,0.000000,0.000000,Combined Sources,0.929204,0.816245,0.943883
EMX1,0.000000,0.000000,Combined Sources,0.929204,0.816245,0.943883
FCER2,0.000000,0.000000,Combined Sources,0.929204,0.816245,0.943883
GRIP2,0.000000,0.000000,Combined Sources,0.929204,0.816245,0.943883
MKRN2,0.000000,0.000000,Combined Sources,0.929204,0.816245,0.943883
TRPM3,0.000000,0.000000,Combined Sources,0.929204,0.816245,0.943883
TSPAN13,0.000000,0.000000,Combined Sources,0.929204,0.816245,0.943883
LINC00472,0.000000,0.000000,Combined Sources,0.929204,0.816245,0.943883
RPP25,0.000000,0.000000,Combined Sources,0.929204,0.816245,0.943883
EVPL,0.000000,0.000000,Combined Sources,0.929204,0.816245,0.943883
RUVBL1,0.000000,0.000000,Combined Sources,0.929204,0.816245,0.943883
APPL2,0.000000,0.000000,Combined Sources,0.929204,0.816245,0.943883
KCNH1,0.000000,0.000000,Combined Sources,0.929204,0.816245,0.943883
LSM1,0.000000,0.000000,Combined Sources,0.929204,0.816245,0.943883
SRP54,0.000000,0.000000,Combined Sources,0.929204,0.816245,0.943883
DHODH,0.000000,0.000000,Combined Sources,0.929204,0.816245,0.943883
DNAJC24,0.000000,0.000000,Combined Sources,0.929204,0.816245,0.943883
TM9SF3,0.000000,0.000000,Combined Sources,0.929204,0.816245,0.943883
TEKT2,0.000000,0.000000,Combined Sources,0.929204,0.816245,0.943883
ZNF638,0.000000,0.000000,Combined Sources,0.929204,0.816245,0.943883
TBX4,0.000000,0.000000,Combined Sources,0.929204,0.816245,0.943883
UTF1,0.000000,0.000000,Combined Sources,0.929204,0.816245,0.943883
BCAM,0.000000,0.000000,Combined Sources,0.929204,0.816245,0.943883
CALCRL,0.000000,0.000000,Combined Sources,0.929204,0.816245,0.943883
MR1,0.000000,0.000000,Combined Sources,0.929204,0.816245,0.943883
SENP2,0.000000,0.000000,Combined Sources,0.929204,0.816245,0.943883
GAST,0.000000,0.000000,Combined Sources,0.929204,0.816245,0.943883
PIM2,0.000000,0.000000,Combined Sources,0.929204,0.816245,0.943883
EFCAB2,0.000000,0.000000,Combined Sources,0.929204,0.816245,0.943883
ARMC6,0.000000,0.000000,Combined Sources,0.929204,0.816245,0.943883
MT1M,0.000000,0.000000,Combined Sources,0.929204,0.816245,0.943883
CYP2E1,0.000000,0.000000,Combined Sources,0.929204,0.816245,0.943883
PFAS,0.000000,0.000000,Combined Sources,0.929204,0.816245,0.943883
BAG2,0.000000,0.000000,Combined Sources,0.929204,0.816245,0.943883
RPS6KA3,0.000000,0.000000,Combined Sources,0.929204,0.816245,0.943883
TOR1AIP2,0.000000,0.000000,Combined Sources,0.929204,0.816245,0.943883
VCL,0.000000,0.000000,Combined Sources,0.929204,0.816245,0.943883
GBA3,0.000000,0.000000,Combined Sources,0.929204,0.816245,0.943883
TRADD,0.000000,0.000000,Combined Sources,0.929204,0.816245,0.943883
IPPK,0.000000,0.000000,Combined Sources,0.929204,0.816245,0.943883
SUPV3L1,0.000000,0.000000,Combined Sources,0.929204,0.816245,0.943883
DYNLL1,0.000000,0.000000,Combined Sources,0.929204,0.816245,0.943883
PLEKHG6,0.000000,0.000000,Combined Sources,0.929204,0.816245,0.943883
RELB,0.000000,0.000000,Combined Sources,0.929204,0.816245,0.943883
TAS2R8,0.000000,0.000000,Combined Sources,0.929204,0.816245,0.943883
CUL4A,0.000000,0.000000,Combined Sources,0.929204,0.816245,0.943883
C9,0.000000,0.000000,Combined Sources,0.929204,0.816245,0.943883
BCL2,0.000000,0.000000,Combined Sources,0.929204,0.816245,0.943883
RAMP2,0.000000,0.000000,Combined Sources,0.929204,0.816245,0.943883
MGC2889,0.000000,0.000000,Combined Sources,0.929204,0.816245,0.943883
C1QA,0.000000,0.000000,Combined Sources,0.929204,0.816245,0.943883
TERT,0.000000,0.000000,Combined Sources,0.929204,0.816245,0.943883
TRPC6,0.000000,0.000000,Combined Sources,0.929204,0.816245,0.943883
TRIP4,0.000000,0.000000,Combined Sources,0.929204,0.816245,0.943883
ITPR3,0.000000,0.000000,Combined Sources,0.929204,0.816245,0.943883
DNAJB1,0.000000,0.000000,Combined Sources,0.929204,0.816245,0.943883
FXYD7,0.000000,0.000000,Combined Sources,0.929204,0.816245,0.943883
HOXD1,0.000000,0.000000,Combined Sources,0.929204,0.816245,0.943883
PIK3R5,0.000000,0.000000,Combined Sources,0.929204,0.816245,0.943883
TONSL,0.000000,0.000000,Combined Sources,0.929204,0.816245,0.943883
CDC37,0.000000,0.000000,Combined Sources,0.929204,0.816245,0.943883
KRT34,0.000000,0.000000,Combined Sources,0.929204,0.816245,0.943883
DIS3,0.000000,0.000000,Combined Sources,0.929204,0.816245,0.943883
IFNGR2,0.000000,0.000000,Combined Sources,0.929204,0.816245,0.943883
THAP4,0.000000,0.000000,Combined Sources,0.929204,0.816245,0.943883
HOXC5,0.000000,0.000000,Combined Sources,0.929204,0.816245,0.943883
MMP8,0.000000,0.000000,Combined Sources,0.929204,0.816245,0.943883
DPH2,0.000000,0.000000,Combined Sources,0.929204,0.816245,0.943883
DNMBP,0.000000,0.000000,Combined Sources,0.929204,0.816245,0.943883
MSH2,0.000000,0.000000,Combined Sources,0.929204,0.816245,0.943883
FANCL,0.000000,0.000000,Combined Sources,0.929204,0.816245,0.943883
TMED3,0.000000,0.000000,Combined Sources,0.929204,0.816245,0.943883
RETN,0.000000,0.000000,Combined Sources,0.929204,0.816245,0.943883
CLEC4A,0.000000,0.000000,Combined Sources,0.929204,0.816245,0.943883
GHITM,0.000000,0.000000,Combined Sources,0.929204,0.816245,0.943883
PIP5K1B,0.000000,0.000000,Combined Sources,0.929204,0.816245,0.943883
ELMO2,0.000000,0.000000,Combined Sources,0.929204,0.816245,0.943883
AKAP17A,0.000000,0.000000,Combined Sources,0.929204,0.816245,0.943883
RAB3IL1,0.000000,0.000000,Combined Sources,0.929204,0.816245,0.943883
GNRH1,0.000000,0.000000,Combined Sources,0.929204,0.816245,0.943883
PNPO,0.000000,0.000000,Combined Sources,0.929204,0.816245,0.943883
PCYT1B,0.000000,0.000000,Combined Sources,0.929204,0.816245,0.943883
DCN,0.000000,0.000000,Combined Sources,0.929204,0.816245,0.943883
MMP11,0.000000,0.000000,Combined Sources,0.929204,0.816245,0.943883
KCNAB2,0.000000,0.000000,Combined Sources,0.929204,0.816245,0.943883
RBMXL2,0.000000,0.000000,Combined Sources,0.929204,0.816245,0.943883
RHBDL1,0.000000,0.000000,Combined Sources,0.929204,0.816245,0.943883
XRCC3,0.000000,0.000000,Combined Sources,0.929204,0.816245,0.943883
OSBPL7,0.000000,0.000000,Combined Sources,0.929204,0.816245,0.943883
RARA,0.000000,0.000000,Combined Sources,0.929204,0.816245,0.943883
COX10,0.000000,0.000000,Combined Sources,0.929204,0.816245,0.943883
NDEL1,0.000000,0.000000,Combined Sources,0.929204,0.816245,0.943883
RHOBTB1,0.000000,0.000000,Combined Sources,0.929204,0.816245,0.943883
TATDN2,0.000000,0.000000,Combined Sources,0.929204,0.816245,0.943883
MYO1D,0.000000,0.000000,Combined Sources,0.929204,0.816245,0.943883
WEE1,0.000000,0.000000,Combined Sources,0.929204,0.816245,0.943883
PTGDS,0.000000,0.000000,Combined Sources,0.929204,0.816245,0.943883
VPS13D,0.000000,0.000000,Combined Sources,0.929204,0.816245,0.943883
HHEX,0.000000,0.000000,Combined Sources,0.929204,0.816245,0.943883
CHAT,0.000000,0.000000,Combined Sources,0.929204,0.816245,0.943883
ATP13A1,0.000000,0.000000,Combined Sources,0.929204,0.816245,0.943883
PRCC,0.000000,0.000000,Combined Sources,0.929204,0.816245,0.943883
BORA,0.000000,0.000000,Combined Sources,0.929204,0.816245,0.943883
SMAD1,0.000000,0.000000,Combined Sources,0.929204,0.816245,0.943883
GNPTAB,0.000000,0.000000,Combined Sources,0.929204,0.816245,0.943883
C1orf35,0.000000,0.000000,Combined Sources,0.929204,0.816245,0.943883
OXT,0.000000,0.000000,Combined Sources,0.929204,0.816245,0.943883
GRM7,0.000000,0.000000,Combined Sources,0.929204,0.816245,0.943883
PYY,0.000000,0.000000,Combined Sources,0.929204,0.816245,0.943883
ZBED2,0.000000,0.000000,Combined Sources,0.929204,0.816245,0.943883
OR10H2,0.000000,0.000000,Combined Sources,0.929204,0.816245,0.943883
POM121L2,0.000000,0.000000,Combined Sources,0.929204,0.816245,0.943883
LARS2,0.000000,0.000000,Combined Sources,0.929204,0.816245,0.943883
CEP85,0.000000,0.000000,Combined Sources,0.929204,0.816245,0.943883
PRRC2C,0.000000,0.000000,Combined Sources,0.929204,0.816245,0.943883
PRKCZ,0.000000,0.000000,Combined Sources,0.929204,0.816245,0.943883
PTEN,0.000000,0.000000,Combined Sources,0.929204,0.816245,0.943883
PTCD2,0.000000,0.000000,Combined Sources,0.929204,0.816245,0.943883
KCNMB4,0.000000,0.000000,Combined Sources,0.929204,0.816245,0.943883
RARG,0.000000,0.000000,Combined Sources,0.929204,0.816245,0.943883
MDM2,0.000000,0.000000,Combined Sources,0.929204,0.816245,0.943883
ATXN8OS,0.000000,0.000000,Combined Sources,0.929204,0.816245,0.943883
ZNF354A,0.000000,0.000000,Combined Sources,0.929204,0.816245,0.943883
MPPED2,0.000000,0.000000,Combined Sources,0.929204,0.816245,0.943883
ELSPBP1,0.000000,0.000000,Combined Sources,0.929204,0.816245,0.943883
HUNK,0.000000,0.000000,Combined Sources,0.929204,0.816245,0.943883
NRIP2,0.000000,0.000000,Combined Sources,0.929204,0.816245,0.943883
POT1,0.000000,0.000000,Combined Sources,0.929204,0.816245,0.943883
RWDD3,0.000000,0.000000,Combined Sources,0.929204,0.816245,0.943883
ZNF407,0.000000,0.000000,Combined Sources,0.929204,0.816245,0.943883
CCL2,0.000000,0.000000,Combined Sources,0.929204,0.816245,0.943883
DENND1C,0.000000,0.000000,Combined Sources,0.929204,0.816245,0.943883
MTRR,0.000000,0.000000,Combined Sources,0.929204,0.816245,0.943883
MMP10,0.000000,0.000000,Combined Sources,0.929204,0.816245,0.943883
CR1,0.000000,0.000000,Combined Sources,0.929204,0.816245,0.943883
ABCC10,0.000000,0.000000,Combined Sources,0.929204,0.816245,0.943883
DNASE1L1,0.000000,0.000000,Combined Sources,0.929204,0.816245,0.943883
ALX4,0.000000,0.000000,Combined Sources,0.929204,0.816245,0.943883
MORF4L2,0.000000,0.000000,Combined Sources,0.929204,0.816245,0.943883
RECQL4,0.000000,0.000000,Combined Sources,0.929204,0.816245,0.943883
ULK2,0.000000,0.000000,Combined Sources,0.929204,0.816245,0.943883
ZFP64,0.000000,0.000000,Combined Sources,0.929204,0.816245,0.943883
RNF41,0.000000,0.000000,Combined Sources,0.929204,0.816245,0.943883
KRT84,0.000000,0.000000,Combined Sources,0.929204,0.816245,0.943883
RPS20,0.000000,0.000000,Combined Sources,0.929204,0.816245,0.943883
TNFRSF9,0.000000,0.000000,Combined Sources,0.929204,0.816245,0.943883
PDGFD,0.000000,0.000000,Combined Sources,0.929204,0.816245,0.943883
SLC5A2,0.000000,0.000000,Combined Sources,0.929204,0.816245,0.943883
RANGAP1,0.000000,0.000000,Combined Sources,0.929204,0.816245,0.943883
EXOSC10,0.000000,0.000000,Combined Sources,0.929204,0.816245,0.943883
RIF1,0.000000,0.000000,Combined Sources,0.929204,0.816245,0.943883
ZNF215,0.000000,0.000000,Combined Sources,0.929204,0.816245,0.943883
TUBB6,0.000000,0.000000,Combined Sources,0.929204,0.816245,0.943883
IRF1,0.000000,0.000000,Combined Sources,0.929204,0.816245,0.943883
SLC35A2,0.000000,0.000000,Combined Sources,0.929204,0.816245,0.943883
CASK,0.000000,0.000000,Combined Sources,0.929204,0.816245,0.943883
MAPK7,0.000000,0.000000,Combined Sources,0.929204,0.816245,0.943883
COL4A5,0.000000,0.000000,Combined Sources,0.929204,0.816245,0.943883
LDLRAP1,0.000000,0.000000,Combined Sources,0.929204,0.816245,0.943883
RGS14,0.000000,0.000000,Combined Sources,0.929204,0.816245,0.943883
NUP160,0.000000,0.000000,Combined Sources,0.929204,0.816245,0.943883
NDUFB4,0.000000,0.000000,Combined Sources,0.929204,0.816245,0.943883
ZNF75D,0.000000,0.000000,Combined Sources,0.929204,0.816245,0.943883
LILRA4,0.000000,0.000000,Combined Sources,0.929204,0.816245,0.943883
NFIX,0.000000,0.000000,Combined Sources,0.929204,0.816245,0.943883
RGL2,0.000000,0.000000,Combined Sources,0.929204,0.816245,0.943883
ATXN3L,0.000000,0.000000,Combined Sources,0.929204,0.816245,0.943883
BTG4,0.000000,0.000000,Combined Sources,0.929204,0.816245,0.943883
GNAT1,0.000000,0.000000,Combined Sources,0.929204,0.816245,0.943883
MCF2L-AS1,0.000000,0.000000,Combined Sources,0.929204,0.816245,0.943883
LTN1,0.000000,0.000000,Combined Sources,0.929204,0.816245,0.943883
GART,0.000000,0.000000,Combined Sources,0.929204,0.816245,0.943883
HERC5,0.000000,0.000000,Combined Sources,0.929204,0.816245,0.943883
DBR1,0.000000,0.000000,Combined Sources,0.929204,0.816245,0.943883
OSR2,0.000000,0.000000,Combined Sources,0.929204,0.816245,0.943883
ALOX12,0.000000,0.000000,Combined Sources,0.929204,0.816245,0.943883
NRTN,0.000000,0.000000,Combined Sources,0.929204,0.816245,0.943883
EGR1,0.000000,0.000000,Combined Sources,0.929204,0.816245,0.943883
GLP1R,0.000000,0.000000,Combined Sources,0.929204,0.816245,0.943883
ST18,0.000000,0.000000,Combined Sources,0.929204,0.816245,0.943883
CACNG5,0.000000,0.000000,Combined Sources,0.929204,0.816245,0.943883
KIF2C,0.000000,0.000000,Combined Sources,0.929204,0.816245,0.943883
BMX,0.000000,0.000000,Combined Sources,0.929204,0.816245,0.943883
CDK5RAP3,0.000000,0.000000,Combined Sources,0.929204,0.816245,0.943883
CYP2C18,0.000000,0.000000,Combined Sources,0.929204,0.816245,0.943883
COL6A1,0.000000,0.000000,Combined Sources,0.929204,0.816245,0.943883
THOC1,0.000000,0.000000,Combined Sources,0.929204,0.816245,0.943883
SH2D1A,0.000000,0.000000,Combined Sources,0.929204,0.816245,0.943883
GPR18,0.000000,0.000000,Combined Sources,0.929204,0.816245,0.943883
MRPL33,0.000000,0.000000,Combined Sources,0.929204,0.816245,0.943883
DEFA6,0.000000,0.000000,Combined Sources,0.929204,0.816245,0.943883
ARHGAP5,0.000000,0.000000,Combined Sources,0.929204,0.816245,0.943883
LAD1,0.000000,0.000000,Combined Sources,0.929204,0.816245,0.943883
NDUFS6,0.000000,0.000000,Combined Sources,0.929204,0.816245,0.943883
RNF113A,0.000000,0.000000,Combined Sources,0.929204,0.816245,0.943883
LRRC14,0.000000,0.000000,Combined Sources,0.929204,0.816245,0.943883
VPS33B,0.000000,0.000000,Combined Sources,0.929204,0.816245,0.943883
PRKAR2B,0.000000,0.000000,Combined Sources,0.929204,0.816245,0.943883
SPC25,0.000000,0.000000,Combined Sources,0.929204,0.816245,0.943883
WBP11,0.000000,0.000000,Combined Sources,0.929204,0.816245,0.943883
CADPS,0.000000,0.000000,Combined Sources,0.929204,0.816245,0.943883
ZNF281,0.000000,0.000000,Combined Sources,0.929204,0.816245,0.943883
CDH19,0.000000,0.000000,Combined Sources,0.929204,0.816245,0.943883
ZNF365,0.000000,0.000000,Combined Sources,0.929204,0.816245,0.943883
THOP1,0.000000,0.000000,Combined Sources,0.929204,0.816245,0.943883
HTR4,0.000000,0.000000,Combined Sources,0.929204,0.816245,0.943883
DACH1,0.000000,0.000000,Combined Sources,0.929204,0.816245,0.943883
PPM1B,0.000000,0.000000,Combined Sources,0.929204,0.816245,0.943883
INE1,0.000000,0.000000,Combined Sources,0.929204,0.816245,0.943883
HTATSF1,0.000000,0.000000,Combined Sources,0.929204,0.816245,0.943883
ARHGEF1,0.000000,0.000000,Combined Sources,0.929204,0.816245,0.943883
ANXA11,0.000000,0.000000,Combined Sources,0.929204,0.816245,0.943883
GRPR,0.000000,0.000000,Combined Sources,0.929204,0.816245,0.943883
TCF7L1,0.000000,0.000000,Combined Sources,0.929204,0.816245,0.943883
SLC35D2,0.000000,0.000000,Combined Sources,0.929204,0.816245,0.943883
ALLC,0.000000,0.000000,Combined Sources,0.929204,0.816245,0.943883
ARHGAP33,0.000000,0.000000,Combined Sources,0.929204,0.816245,0.943883
GPRC5C,0.000000,0.000000,Combined Sources,0.929204,0.816245,0.943883
DST,0.000000,0.000000,Combined Sources,0.929204,0.816245,0.943883
PTPN6,0.000000,0.000000,Combined Sources,0.929204,0.816245,0.943883
GRAMD4,0.000000,0.000000,Combined Sources,0.929204,0.816245,0.943883
MAP1A,0.000000,0.000000,Combined Sources,0.929204,0.816245,0.943883
FAM76A,0.000000,0.000000,Combined Sources,0.929204,0.816245,0.943883
UBL3,0.000000,0.000000,Combined Sources,0.929204,0.816245,0.943883
EFNA2,0.000000,0.000000,Combined Sources,0.929204,0.816245,0.943883
NPM3,0.000000,0.000000,Combined Sources,0.929204,0.816245,0.943883
PFDN2,0.000000,0.000000,Combined Sources,0.929204,0.816245,0.943883
JAG1,0.000000,0.000000,Combined Sources,0.929204,0.816245,0.943883
FCN3,0.000000,0.000000,Combined Sources,0.929204,0.816245,0.943883
SERPINB1,0.000000,0.000000,Combined Sources,0.929204,0.816245,0.943883
EFNA3,0.000000,0.000000,Combined Sources,0.929204,0.816245,0.943883
FANCI,0.000000,0.000000,Combined Sources,0.929204,0.816245,0.943883
BEND5,0.000000,0.000000,Combined Sources,0.929204,0.816245,0.943883
FAM114A2,0.000000,0.000000,Combined Sources,0.929204,0.816245,0.943883
PSMC5,0.000000,0.000000,Combined Sources,0.929204,0.816245,0.943883
CALM3,0.000000,0.000000,Combined Sources,0.929204,0.816245,0.943883
TRPC5,0.000000,0.000000,Combined Sources,0.929204,0.816245,0.943883
DHX15,0.000000,0.000000,Combined Sources,0.929204,0.816245,0.943883
SLC34A2,0.000000,0.000000,Combined Sources,0.929204,0.816245,0.943883
ZFP2,0.000000,0.000000,Combined Sources,0.929204,0.816245,0.943883
SSX1,0.000000,0.000000,Combined Sources,0.929204,0.816245,0.943883
UBE2M,0.000000,0.000000,Combined Sources,0.929204,0.816245,0.943883
ANP32B,0.000000,0.000000,Combined Sources,0.929204,0.816245,0.943883
RAI14,0.000000,0.000000,Combined Sources,0.929204,0.816245,0.943883
SNAPC3,0.000000,0.000000,Combined Sources,0.929204,0.816245,0.943883
HOPX,0.000000,0.000000,Combined Sources,0.929204,0.816245,0.943883
EIF3L,0.000000,0.000000,Combined Sources,0.929204,0.816245,0.943883
CALML3,0.000000,0.000000,Combined Sources,0.929204,0.816245,0.943883
BANK1,0.000000,0.000000,Combined Sources,0.929204,0.816245,0.943883
CLDN7,0.000000,0.000000,Combined Sources,0.929204,0.816245,0.943883
SSRP1,0.000000,0.000000,Combined Sources,0.929204,0.816245,0.943883
PLXNB3,0.000000,0.000000,Combined Sources,0.929204,0.816245,0.943883
LPP,0.000000,0.000000,Combined Sources,0.929204,0.816245,0.943883
GPX5,0.000000,0.000000,Combined Sources,0.929204,0.816245,0.943883
CYLC1,0.000000,0.000000,Combined Sources,0.929204,0.816245,0.943883
CRB1,0.000000,0.000000,Combined Sources,0.929204,0.816245,0.943883
KRIT1,0.000000,0.000000,Combined Sources,0.929204,0.816245,0.943883
HNRNPL,0.000000,0.000000,Combined Sources,0.929204,0.816245,0.943883
PIAS2,0.000000,0.000000,Combined Sources,0.929204,0.816245,0.943883
SLC30A1,0.000000,0.000000,Combined Sources,0.929204,0.816245,0.943883
MAPK8IP1,0.000000,0.000000,Combined Sources,0.929204,0.816245,0.943883
PAK1,0.000000,0.000000,Combined Sources,0.929204,0.816245,0.943883
MBTPS2,0.000000,0.000000,Combined Sources,0.929204,0.816245,0.943883
DIRAS2,0.000000,0.000000,Combined Sources,0.929204,0.816245,0.943883
UFM1,0.000000,0.000000,Combined Sources,0.929204,0.816245,0.943883
LRRC3,0.000000,0.000000,Combined Sources,0.929204,0.816245,0.943883
LRIT1,0.000000,0.000000,Combined Sources,0.929204,0.816245,0.943883
STX4,0.000000,0.000000,Combined Sources,0.929204,0.816245,0.943883
ANKFY1,0.000000,0.000000,Combined Sources,0.929204,0.816245,0.943883
HERPUD1,0.000000,0.000000,Combined Sources,0.929204,0.816245,0.943883
NEU3,0.000000,0.000000,Combined Sources,0.929204,0.816245,0.943883
STX17,0.000000,0.000000,Combined Sources,0.929204,0.816245,0.943883
CLOCK,0.000000,0.000000,Combined Sources,0.929204,0.816245,0.943883
EBF2,0.000000,0.000000,Combined Sources,0.929204,0.816245,0.943883
TP73,0.000000,0.000000,Combined Sources,0.929204,0.816245,0.943883
BCL2L1,0.000000,0.000000,Combined Sources,0.929204,0.816245,0.943883
INPP5E,0.000000,0.000000,Combined Sources,0.929204,0.816245,0.943883
CRIPT,0.000000,0.000000,Combined Sources,0.929204,0.816245,0.943883
CNTN5,0.000000,0.000000,Combined Sources,0.929204,0.816245,0.943883
MYH10,0.000000,0.000000,Combined Sources,0.929204,0.816245,0.943883
MATK,0.000000,0.000000,Combined Sources,0.929204,0.816245,0.943883
LMBRD1,0.000000,0.000000,Combined Sources,0.929204,0.816245,0.943883
BTNL3,0.000000,0.000000,Combined Sources,0.929204,0.816245,0.943883
RSAD2,0.000000,0.000000,Combined Sources,0.929204,0.816245,0.943883
MRPS18B,0.000000,0.000000,Combined Sources,0.929204,0.816245,0.943883
CAV2,0.000000,0.000000,Combined Sources,0.929204,0.816245,0.943883
PRKG1,0.000000,0.000000,Combined Sources,0.929204,0.816245,0.943883
OSBPL1A,0.000000,0.000000,Combined Sources,0.929204,0.816245,0.943883
CTDSP2,0.000000,0.000000,Combined Sources,0.929204,0.816245,0.943883
FUCA1,0.000000,0.000000,Combined Sources,0.929204,0.816245,0.943883
TTC23,0.000000,0.000000,Combined Sources,0.929204,0.816245,0.943883
CNNM1,0.000000,0.000000,Combined Sources,0.929204,0.816245,0.943883
CUEDC1,0.000000,0.000000,Combined Sources,0.929204,0.816245,0.943883
ADRB1,0.000000,0.000000,Combined Sources,0.929204,0.816245,0.943883
IFNA6,0.000000,0.000000,Combined Sources,0.929204,0.816245,0.943883
UNC13B,0.000000,0.000000,Combined Sources,0.929204,0.816245,0.943883
C3orf18,0.000000,0.000000,Combined Sources,0.929204,0.816245,0.943883
RIOK3,0.000000,0.000000,Combined Sources,0.929204,0.816245,0.943883
SERPINC1,0.000000,0.000000,Combined Sources,0.929204,0.816245,0.943883
SH3BP2,0.000000,0.000000,Combined Sources,0.929204,0.816245,0.943883
DLL3,0.000000,0.000000,Combined Sources,0.929204,0.816245,0.943883
NRXN1,0.000000,0.000000,Combined Sources,0.929204,0.816245,0.943883
LGALSL,0.000000,0.000000,Combined Sources,0.929204,0.816245,0.943883
SLC22A6,0.000000,0.000000,Combined Sources,0.929204,0.816245,0.943883
ANXA6,0.000000,0.000000,Combined Sources,0.929204,0.816245,0.943883
PRDM14,0.000000,0.000000,Combined Sources,0.929204,0.816245,0.943883
LRRC20,0.000000,0.000000,Combined Sources,0.929204,0.816245,0.943883
APAF1,0.000000,0.000000,Combined Sources,0.929204,0.816245,0.943883
DDX6,0.000000,0.000000,Combined Sources,0.929204,0.816245,0.943883
CIZ1,0.000000,0.000000,Combined Sources,0.929204,0.816245,0.943883
SLC39A8,0.000000,0.000000,Combined Sources,0.929204,0.816245,0.943883
VPS28,0.000000,0.000000,Combined Sources,0.929204,0.816245,0.943883
MAFK,0.000000,0.000000,Combined Sources,0.929204,0.816245,0.943883
ZNF516,0.000000,0.000000,Combined Sources,0.929204,0.816245,0.943883
SETD5,0.000000,0.000000,Combined Sources,0.929204,0.816245,0.943883
CORO1C,0.000000,0.000000,Combined Sources,0.929204,0.816245,0.943883
NR1H3,0.000000,0.000000,Combined Sources,0.929204,0.816245,0.943883
PTPRJ,0.000000,0.000000,Combined Sources,0.929204,0.816245,0.943883
USP1,0.000000,0.000000,Combined Sources,0.929204,0.816245,0.943883
SOCS7,0.000000,0.000000,Combined Sources,0.929204,0.816245,0.943883
KCNJ9,0.000000,0.000000,Combined Sources,0.929204,0.816245,0.943883
LRRC8B,0.000000,0.000000,Combined Sources,0.929204,0.816245,0.943883
RAP1GAP,0.000000,0.000000,Combined Sources,0.929204,0.816245,0.943883
ZNF267,0.000000,0.000000,Combined Sources,0.929204,0.816245,0.943883
MX1,0.000000,0.000000,Combined Sources,0.929204,0.816245,0.943883
ADA,0.000000,0.000000,Combined Sources,0.929204,0.816245,0.943883
GLI3,0.000000,0.000000,Combined Sources,0.929204,0.816245,0.943883
DYNLRB1,0.000000,0.000000,Combined Sources,0.929204,0.816245,0.943883
SCGB2A1,0.000000,0.000000,Combined Sources,0.929204,0.816245,0.943883
SMG6,0.000000,0.000000,Combined Sources,0.929204,0.816245,0.943883
PXMP2,0.000000,0.000000,Combined Sources,0.929204,0.816245,0.943883
ENPP1,0.000000,0.000000,Combined Sources,0.929204,0.816245,0.943883
MYCBP2,0.000000,0.000000,Combined Sources,0.929204,0.816245,0.943883
GAPDH,0.000000,0.000000,Combined Sources,0.929204,0.816245,0.943883
MZT2B,0.000000,0.000000,Combined Sources,0.929204,0.816245,0.943883
TTR,0.000000,0.000000,Combined Sources,0.929204,0.816245,0.943883
RNF32,0.000000,0.000000,Combined Sources,0.929204,0.816245,0.943883
BRSK2,0.000000,0.000000,Combined Sources,0.929204,0.816245,0.943883
NEDD4L,0.000000,0.000000,Combined Sources,0.929204,0.816245,0.943883
RPL35A,0.000000,0.000000,Combined Sources,0.929204,0.816245,0.943883
SNCB,0.000000,0.000000,Combined Sources,0.929204,0.816245,0.943883
FHOD3,0.000000,0.000000,Combined Sources,0.929204,0.816245,0.943883
MKLN1,0.000000,0.000000,Combined Sources,0.929204,0.816245,0.943883
ATXN3,0.000000,0.000000,Combined Sources,0.929204,0.816245,0.943883
LIAS,0.000000,0.000000,Combined Sources,0.929204,0.816245,0.943883
C2orf42,0.000000,0.000000,Combined Sources,0.929204,0.816245,0.943883
SMG7,0.000000,0.000000,Combined Sources,0.929204,0.816245,0.943883
MPHOSPH10,0.000000,0.000000,Combined Sources,0.929204,0.816245,0.943883
PYGL,0.000000,0.000000,Combined Sources,0.929204,0.816245,0.943883
SPTBN2,0.000000,0.000000,Combined Sources,0.929204,0.816245,0.943883
APOE,0.000000,0.000000,Combined Sources,0.929204,0.816245,0.943883
MAGOH,0.000000,0.000000,Combined Sources,0.929204,0.816245,0.943883
DYNC1LI2,0.000000,0.000000,Combined Sources,0.929204,0.816245,0.943883
TRIB1,0.000000,0.000000,Combined Sources,0.929204,0.816245,0.943883
GDF9,0.000000,0.000000,Combined Sources,0.929204,0.816245,0.943883
NPVF,0.000000,0.000000,Combined Sources,0.929204,0.816245,0.943883
SNX27,0.000000,0.000000,Combined Sources,0.929204,0.816245,0.943883
RPL30,0.000000,0.000000,Combined Sources,0.929204,0.816245,0.943883
ACSL6,0.000000,0.000000,Combined Sources,0.929204,0.816245,0.943883
ARFGAP3,0.000000,0.000000,Combined Sources,0.929204,0.816245,0.943883
ZNF394,0.000000,0.000000,Combined Sources,0.929204,0.816245,0.943883
DHRS1,0.000000,0.000000,Combined Sources,0.929204,0.816245,0.943883
IL24,0.000000,0.000000,Combined Sources,0.929204,0.816245,0.943883
LMO1,0.000000,0.000000,Combined Sources,0.929204,0.816245,0.943883
QSOX1,0.000000,0.000000,Combined Sources,0.929204,0.816245,0.943883
SOCS5,0.000000,0.000000,Combined Sources,0.929204,0.816245,0.943883
PIP,0.000000,0.000000,Combined Sources,0.929204,0.816245,0.943883
TGFBI,0.000000,0.000000,Combined Sources,0.929204,0.816245,0.943883
ZNF248,0.000000,0.000000,Combined Sources,0.929204,0.816245,0.943883
CACNA2D3,0.000000,0.000000,Combined Sources,0.929204,0.816245,0.943883
QSER1,0.000000,0.000000,Combined Sources,0.929204,0.816245,0.943883
ANKRD27,0.000000,0.000000,Combined Sources,0.929204,0.816245,0.943883
ZCCHC4,0.000000,0.000000,Combined Sources,0.929204,0.816245,0.943883
RIC8B,0.000000,0.000000,Combined Sources,0.929204,0.816245,0.943883
TDRKH,0.000000,0.000000,Combined Sources,0.929204,0.816245,0.943883
GABRG3,0.000000,0.000000,Combined Sources,0.929204,0.816245,0.943883
ATP6V0B,0.000000,0.000000,Combined Sources,0.929204,0.816245,0.943883
FOXO3,0.000000,0.000000,Combined Sources,0.929204,0.816245,0.943883
SUMO2,0.000000,0.000000,Combined Sources,0.929204,0.816245,0.943883
DKFZP586I1420,0.000000,0.000000,Combined Sources,0.929204,0.816245,0.943883
CHST1,0.000000,0.000000,Combined Sources,0.929204,0.816245,0.943883
SIRPG,0.000000,0.000000,Combined Sources,0.929204,0.816245,0.943883
TM4SF5,0.000000,0.000000,Combined Sources,0.929204,0.816245,0.943883
GATC,0.000000,0.000000,Combined Sources,0.929204,0.816245,0.943883
PKD1,0.000000,0.000000,Combined Sources,0.929204,0.816245,0.943883
CXCL3,0.000000,0.000000,Combined Sources,0.929204,0.816245,0.943883
MLX,0.000000,0.000000,Combined Sources,0.929204,0.816245,0.943883
UAP1L1,0.000000,0.000000,Combined Sources,0.929204,0.816245,0.943883
ARFRP1,0.000000,0.000000,Combined Sources,0.929204,0.816245,0.943883
TAF10,0.000000,0.000000,Combined Sources,0.929204,0.816245,0.943883
KRT33B,0.000000,0.000000,Combined Sources,0.929204,0.816245,0.943883
CRYGD,0.000000,0.000000,Combined Sources,0.929204,0.816245,0.943883
NF2,0.000000,0.000000,Combined Sources,0.929204,0.816245,0.943883
MOAP1,0.000000,0.000000,Combined Sources,0.929204,0.816245,0.943883
PDCD5,0.000000,0.000000,Combined Sources,0.929204,0.816245,0.943883
VAV3,0.000000,0.000000,Combined Sources,0.929204,0.816245,0.943883
WNK1,0.000000,0.000000,Combined Sources,0.929204,0.816245,0.943883
SLC27A6,0.000000,0.000000,Combined Sources,0.929204,0.816245,0.943883
ASCL1,0.000000,0.000000,Combined Sources,0.929204,0.816245,0.943883
ADPRH,0.000000,0.000000,Combined Sources,0.929204,0.816245,0.943883
TNC,0.000000,0.000000,Combined Sources,0.929204,0.816245,0.943883
LOC728392,0.000000,0.000000,Combined Sources,0.929204,0.816245,0.943883
NDUFA3,0.000000,0.000000,Combined Sources,0.929204,0.816245,0.943883
TFAP2C,0.000000,0.000000,Combined Sources,0.929204,0.816245,0.943883
LY6E,0.000000,0.000000,Combined Sources,0.929204,0.816245,0.943883
SVIL,0.000000,0.000000,Combined Sources,0.929204,0.816245,0.943883
GPR182,0.000000,0.000000,Combined Sources,0.929204,0.816245,0.943883
SLC25A23,0.000000,0.000000,Combined Sources,0.929204,0.816245,0.943883
CAPRIN2,0.000000,0.000000,Combined Sources,0.929204,0.816245,0.943883
ZNF318,0.000000,0.000000,Combined Sources,0.929204,0.816245,0.943883
RPS16,0.000000,0.000000,Combined Sources,0.929204,0.816245,0.943883
CHRNB2,0.000000,0.000000,Combined Sources,0.929204,0.816245,0.943883
ACBD4,0.000000,0.000000,Combined Sources,0.929204,0.816245,0.943883
ETHE1,0.000000,0.000000,Combined Sources,0.929204,0.816245,0.943883
LUZP4,0.000000,0.000000,Combined Sources,0.929204,0.816245,0.943883
APRT,0.000000,0.000000,Combined Sources,0.929204,0.816245,0.943883
POLI,0.000000,0.000000,Combined Sources,0.929204,0.816245,0.943883
TEC,0.000000,0.000000,Combined Sources,0.929204,0.816245,0.943883
PDZRN4,0.000000,0.000000,Combined Sources,0.929204,0.816245,0.943883
IFT122,0.000000,0.000000,Combined Sources,0.929204,0.816245,0.943883
UBE2Q1,0.000000,0.000000,Combined Sources,0.929204,0.816245,0.943883
CEP57,0.000000,0.000000,Combined Sources,0.929204,0.816245,0.943883
HSPBP1,0.000000,0.000000,Combined Sources,0.929204,0.816245,0.943883
GTF3C2,0.000000,0.000000,Combined Sources,0.929204,0.816245,0.943883
TNNC1,0.000000,0.000000,Combined Sources,0.929204,0.816245,0.943883
PROS1,0.000000,0.000000,Combined Sources,0.929204,0.816245,0.943883
CD2,0.000000,0.000000,Combined Sources,0.929204,0.816245,0.943883
SLC6A5,0.000000,0.000000,Combined Sources,0.929204,0.816245,0.943883
GRM6,0.000000,0.000000,Combined Sources,0.929204,0.816245,0.943883
TNFSF14,0.000000,0.000000,Combined Sources,0.929204,0.816245,0.943883
RPS6KA2,0.000000,0.000000,Combined Sources,0.929204,0.816245,0.943883
COL4A6,0.000000,0.000000,Combined Sources,0.929204,0.816245,0.943883
GNB1,0.000000,0.000000,Combined Sources,0.929204,0.816245,0.943883
POLR3D,0.000000,0.000000,Combined Sources,0.929204,0.816245,0.943883
SOD2,0.000000,0.000000,Combined Sources,0.929204,0.816245,0.943883
TADA2A,0.000000,0.000000,Combined Sources,0.929204,0.816245,0.943883
TRIM33,0.000000,0.000000,Combined Sources,0.929204,0.816245,0.943883
GTF2IRD1,0.000000,0.000000,Combined Sources,0.929204,0.816245,0.943883
PLAGL2,0.000000,0.000000,Combined Sources,0.929204,0.816245,0.943883
EIF4A2,0.000000,0.000000,Combined Sources,0.929204,0.816245,0.943883
CDX4,0.000000,0.000000,Combined Sources,0.929204,0.816245,0.943883
IL13,0.000000,0.000000,Combined Sources,0.929204,0.816245,0.943883
RB1CC1,0.000000,0.000000,Combined Sources,0.929204,0.816245,0.943883
SLC7A2,0.000000,0.000000,Combined Sources,0.929204,0.816245,0.943883
MLXIP,0.000000,0.000000,Combined Sources,0.929204,0.816245,0.943883
PDCD4,0.000000,0.000000,Combined Sources,0.929204,0.816245,0.943883
CNIH3,0.000000,0.000000,Combined Sources,0.929204,0.816245,0.943883
ENO1,0.000000,0.000000,Combined Sources,0.929204,0.816245,0.943883
ANKRD46,0.000000,0.000000,Combined Sources,0.929204,0.816245,0.943883
CD69,0.000000,0.000000,Combined Sources,0.929204,0.816245,0.943883
TRIM14,0.000000,0.000000,Combined Sources,0.929204,0.816245,0.943883
NKX2-8,0.000000,0.000000,Combined Sources,0.929204,0.816245,0.943883
SNAPC5,0.000000,0.000000,Combined Sources,0.929204,0.816245,0.943883
TFAM,0.000000,0.000000,Combined Sources,0.929204,0.816245,0.943883
LDB3,0.000000,0.000000,Combined Sources,0.929204,0.816245,0.943883
RAMP3,0.000000,0.000000,Combined Sources,0.929204,0.816245,0.943883
TJP3,0.000000,0.000000,Combined Sources,0.929204,0.816245,0.943883
GNG13,0.000000,0.000000,Combined Sources,0.929204,0.816245,0.943883
CLCN2,0.000000,0.000000,Combined Sources,0.929204,0.816245,0.943883
MZT2A,0.000000,0.000000,Combined Sources,0.929204,0.816245,0.943883
PITX2,0.000000,0.000000,Combined Sources,0.929204,0.816245,0.943883
MCTP2,0.000000,0.000000,Combined Sources,0.929204,0.816245,0.943883
TET1,0.000000,0.000000,Combined Sources,0.929204,0.816245,0.943883
SCN9A,0.000000,0.000000,Combined Sources,0.929204,0.816245,0.943883
TBC1D17,0.000000,0.000000,Combined Sources,0.929204,0.816245,0.943883
COPS6,0.000000,0.000000,Combined Sources,0.929204,0.816245,0.943883
THSD7A,0.000000,0.000000,Combined Sources,0.929204,0.816245,0.943883
LSM14A,0.000000,0.000000,Combined Sources,0.929204,0.816245,0.943883
NLGN4X,0.000000,0.000000,Combined Sources,0.929204,0.816245,0.943883
PHIP,0.000000,0.000000,Combined Sources,0.929204,0.816245,0.943883
TALDO1,0.000000,0.000000,Combined Sources,0.929204,0.816245,0.943883
DDIT3,0.000000,0.000000,Combined Sources,0.929204,0.816245,0.943883
CSPG4,0.000000,0.000000,Combined Sources,0.929204,0.816245,0.943883
GNG5,0.000000,0.000000,Combined Sources,0.929204,0.816245,0.943883
PGS1,0.000000,0.000000,Combined Sources,0.929204,0.816245,0.943883
IQGAP2,0.000000,0.000000,Combined Sources,0.929204,0.816245,0.943883
CARD8,0.000000,0.000000,Combined Sources,0.929204,0.816245,0.943883
ZNF44,0.000000,0.000000,Combined Sources,0.929204,0.816245,0.943883
MAP7D3,0.000000,0.000000,Combined Sources,0.929204,0.816245,0.943883
ARID4A,0.000000,0.000000,Combined Sources,0.929204,0.816245,0.943883
PON1,0.000000,0.000000,Combined Sources,0.929204,0.816245,0.943883
TNPO3,0.000000,0.000000,Combined Sources,0.929204,0.816245,0.943883
DAXX,0.000000,0.000000,Combined Sources,0.929204,0.816245,0.943883
TBC1D4,0.000000,0.000000,Combined Sources,0.929204,0.816245,0.943883
UBFD1,0.000000,0.000000,Combined Sources,0.929204,0.816245,0.943883
CD46,0.000000,0.000000,Combined Sources,0.929204,0.816245,0.943883
RBM25,0.000000,0.000000,Combined Sources,0.929204,0.816245,0.943883
UBR5,0.000000,0.000000,Combined Sources,0.929204,0.816245,0.943883
LSM4,0.000000,0.000000,Combined Sources,0.929204,0.816245,0.943883
CDADC1,0.000000,0.000000,Combined Sources,0.929204,0.816245,0.943883
PYGB,0.000000,0.000000,Combined Sources,0.929204,0.816245,0.943883
ZNF442,0.000000,0.000000,Combined Sources,0.929204,0.816245,0.943883
RARB,0.000000,0.000000,Combined Sources,0.929204,0.816245,0.943883
COPS2,0.000000,0.000000,Combined Sources,0.929204,0.816245,0.943883
UBA52,0.000000,0.000000,Combined Sources,0.929204,0.816245,0.943883
KLHL7,0.000000,0.000000,Combined Sources,0.929204,0.816245,0.943883
GAS2L1,0.000000,0.000000,Combined Sources,0.929204,0.816245,0.943883
RPP38,0.000000,0.000000,Combined Sources,0.929204,0.816245,0.943883
DRG1,0.000000,0.000000,Combined Sources,0.929204,0.816245,0.943883
HILPDA,0.000000,0.000000,Combined Sources,0.929204,0.816245,0.943883
NDUFAF4,0.000000,0.000000,Combined Sources,0.929204,0.816245,0.943883
RBMX2,0.000000,0.000000,Combined Sources,0.929204,0.816245,0.943883
CCHCR1,0.000000,0.000000,Combined Sources,0.929204,0.816245,0.943883
RFPL3,0.000000,0.000000,Combined Sources,0.929204,0.816245,0.943883
KLF8,0.000000,0.000000,Combined Sources,0.929204,0.816245,0.943883
SUZ12,0.000000,0.000000,Combined Sources,0.929204,0.816245,0.943883
IL26,0.000000,0.000000,Combined Sources,0.929204,0.816245,0.943883
EPN1,0.000000,0.000000,Combined Sources,0.929204,0.816245,0.943883
KCNK3,0.000000,0.000000,Combined Sources,0.929204,0.816245,0.943883
BRCA1,0.000000,0.000000,Combined Sources,0.929204,0.816245,0.943883
PIK3C3,0.000000,0.000000,Combined Sources,0.929204,0.816245,0.943883
HK1,0.000000,0.000000,Combined Sources,0.929204,0.816245,0.943883
GPR63,0.000000,0.000000,Combined Sources,0.929204,0.816245,0.943883
PDHX,0.000000,0.000000,Combined Sources,0.929204,0.816245,0.943883
ZNF573,0.000000,0.000000,Combined Sources,0.929204,0.816245,0.943883
PCDHA9,0.000000,0.000000,Combined Sources,0.929204,0.816245,0.943883
XPO6,0.000000,0.000000,Combined Sources,0.929204,0.816245,0.943883
RAD23A,0.000000,0.000000,Combined Sources,0.929204,0.816245,0.943883
LYRM1,0.000000,0.000000,Combined Sources,0.929204,0.816245,0.943883
LATS1,0.000000,0.000000,Combined Sources,0.929204,0.816245,0.943883
FAM32A,0.000000,0.000000,Combined Sources,0.929204,0.816245,0.943883
FSTL3,0.000000,0.000000,Combined Sources,0.929204,0.816245,0.943883
OSBP2,0.000000,0.000000,Combined Sources,0.929204,0.816245,0.943883
CPSF7,0.000000,0.000000,Combined Sources,0.929204,0.816245,0.943883
WNT8B,0.000000,0.000000,Combined Sources,0.929204,0.816245,0.943883
TEX13A,0.000000,0.000000,Combined Sources,0.929204,0.816245,0.943883
PHF20,0.000000,0.000000,Combined Sources,0.929204,0.816245,0.943883
ADRA2B,0.000000,0.000000,Combined Sources,0.929204,0.816245,0.943883
NTAN1,0.000000,0.000000,Combined Sources,0.929204,0.816245,0.943883
MFAP2,0.000000,0.000000,Combined Sources,0.929204,0.816245,0.943883
TRA2A,0.000000,0.000000,Combined Sources,0.929204,0.816245,0.943883
RYR2,0.000000,0.000000,Combined Sources,0.929204,0.816245,0.943883
ABCE1,0.000000,0.000000,Combined Sources,0.929204,0.816245,0.943883
UPF3A,0.000000,0.000000,Combined Sources,0.929204,0.816245,0.943883
ECH1,0.000000,0.000000,Combined Sources,0.929204,0.816245,0.943883
TCL1B,0.000000,0.000000,Combined Sources,0.929204,0.816245,0.943883
ILF2,0.000000,0.000000,Combined Sources,0.929204,0.816245,0.943883
R3HDM2,0.000000,0.000000,Combined Sources,0.929204,0.816245,0.943883
DRD4,0.000000,0.000000,Combined Sources,0.929204,0.816245,0.943883
NOP16,0.000000,0.000000,Combined Sources,0.929204,0.816245,0.943883
CALM1,0.000000,0.000000,Combined Sources,0.929204,0.816245,0.943883
POU3F1,0.000000,0.000000,Combined Sources,0.929204,0.816245,0.943883
PRODH2,0.000000,0.000000,Combined Sources,0.929204,0.816245,0.943883
EPHB4,0.000000,0.000000,Combined Sources,0.929204,0.816245,0.943883
RNF6,0.000000,0.000000,Combined Sources,0.929204,0.816245,0.943883
TLE1,0.000000,0.000000,Combined Sources,0.929204,0.816245,0.943883
HIVEP2,0.000000,0.000000,Combined Sources,0.929204,0.816245,0.943883
PSMA1,0.000000,0.000000,Combined Sources,0.929204,0.816245,0.943883
GP5,0.000000,0.000000,Combined Sources,0.929204,0.816245,0.943883
ZNF93,0.000000,0.000000,Combined Sources,0.929204,0.816245,0.943883
BEAN1,0.000000,0.000000,Combined Sources,0.929204,0.816245,0.943883
MRPL40,0.000000,0.000000,Combined Sources,0.929204,0.816245,0.943883
PNO1,0.000000,0.000000,Combined Sources,0.929204,0.816245,0.943883
EXOSC7,0.000000,0.000000,Combined Sources,0.929204,0.816245,0.943883
RMND5A,0.000000,0.000000,Combined Sources,0.929204,0.816245,0.943883
POLH,0.000000,0.000000,Combined Sources,0.929204,0.816245,0.943883
RASA2,0.000000,0.000000,Combined Sources,0.929204,0.816245,0.943883
OR2W1,0.000000,0.000000,Combined Sources,0.929204,0.816245,0.943883
COPS8,0.000000,0.000000,Combined Sources,0.929204,0.816245,0.943883
MX2,0.000000,0.000000,Combined Sources,0.929204,0.816245,0.943883
ORM1,0.000000,0.000000,Combined Sources,0.929204,0.816245,0.943883
CREB1,0.000000,0.000000,Combined Sources,0.929204,0.816245,0.943883
TOR3A,0.000000,0.000000,Combined Sources,0.929204,0.816245,0.943883
BCL6,0.000000,0.000000,Combined Sources,0.929204,0.816245,0.943883
SIGLEC9,0.000000,0.000000,Combined Sources,0.929204,0.816245,0.943883
SNX10,0.000000,0.000000,Combined Sources,0.929204,0.816245,0.943883
IL1RAP,0.000000,0.000000,Combined Sources,0.929204,0.816245,0.943883
YIPF6,0.000000,0.000000,Combined Sources,0.929204,0.816245,0.943883
RNF25,0.000000,0.000000,Combined Sources,0.929204,0.816245,0.943883
MGAT5,0.000000,0.000000,Combined Sources,0.929204,0.816245,0.943883
HOXC6,0.000000,0.000000,Combined Sources,0.929204,0.816245,0.943883
MTFR1,0.000000,0.000000,Combined Sources,0.929204,0.816245,0.943883
KCNJ5,0.000000,0.000000,Combined Sources,0.929204,0.816245,0.943883
GJB5,0.000000,0.000000,Combined Sources,0.929204,0.816245,0.943883
PRPF19,0.000000,0.000000,Combined Sources,0.929204,0.816245,0.943883
ABCA1,0.000000,0.000000,Combined Sources,0.929204,0.816245,0.943883
ENO3,0.000000,0.000000,Combined Sources,0.929204,0.816245,0.943883
RCOR1,0.000000,0.000000,Combined Sources,0.929204,0.816245,0.943883
GLB1,0.000000,0.000000,Combined Sources,0.929204,0.816245,0.943883
INSM1,0.000000,0.000000,Combined Sources,0.929204,0.816245,0.943883
KIF3B,0.000000,0.000000,Combined Sources,0.929204,0.816245,0.943883
NREP,0.000000,0.000000,Combined Sources,0.929204,0.816245,0.943883
IDE,0.000000,0.000000,Combined Sources,0.929204,0.816245,0.943883
ATF3,0.000000,0.000000,Combined Sources,0.929204,0.816245,0.943883
LY6G6E,0.000000,0.000000,Combined Sources,0.929204,0.816245,0.943883
PCP4,0.000000,0.000000,Combined Sources,0.929204,0.816245,0.943883
UBE2V2,0.000000,0.000000,Combined Sources,0.929204,0.816245,0.943883
PCK1,0.000000,0.000000,Combined Sources,0.929204,0.816245,0.943883
DALRD3,0.000000,0.000000,Combined Sources,0.929204,0.816245,0.943883
DYNC1I1,0.000000,0.000000,Combined Sources,0.929204,0.816245,0.943883
PHF21A,0.000000,0.000000,Combined Sources,0.929204,0.816245,0.943883
CDC42BPB,0.000000,0.000000,Combined Sources,0.929204,0.816245,0.943883
SHC3,0.000000,0.000000,Combined Sources,0.929204,0.816245,0.943883
TMBIM1,0.000000,0.000000,Combined Sources,0.929204,0.816245,0.943883
VPS45,0.000000,0.000000,Combined Sources,0.929204,0.816245,0.943883
PPP4R2,0.000000,0.000000,Combined Sources,0.929204,0.816245,0.943883
PSMD11,0.000000,0.000000,Combined Sources,0.929204,0.816245,0.943883
CRK,0.000000,0.000000,Combined Sources,0.929204,0.816245,0.943883
GREB1,0.000000,0.000000,Combined Sources,0.929204,0.816245,0.943883
EIF1B,0.000000,0.000000,Combined Sources,0.929204,0.816245,0.943883
PRSS50,0.000000,0.000000,Combined Sources,0.929204,0.816245,0.943883
KLF15,0.000000,0.000000,Combined Sources,0.929204,0.816245,0.943883
CD55,0.000000,0.000000,Combined Sources,0.929204,0.816245,0.943883
PSG9,0.000000,0.000000,Combined Sources,0.929204,0.816245,0.943883
RORC,0.000000,0.000000,Combined Sources,0.929204,0.816245,0.943883
FOLR1,0.000000,0.000000,Combined Sources,0.929204,0.816245,0.943883
NID2,0.000000,0.000000,Combined Sources,0.929204,0.816245,0.943883
SPG7,0.000000,0.000000,Combined Sources,0.929204,0.816245,0.943883
MAPK6,0.000000,0.000000,Combined Sources,0.929204,0.816245,0.943883
DHRS12,0.000000,0.000000,Combined Sources,0.929204,0.816245,0.943883
OR7C1,0.000000,0.000000,Combined Sources,0.929204,0.816245,0.943883
P2RY14,0.000000,0.000000,Combined Sources,0.929204,0.816245,0.943883
HMGN4,0.000000,0.000000,Combined Sources,0.929204,0.816245,0.943883
ZSCAN12,0.000000,0.000000,Combined Sources,0.929204,0.816245,0.943883
TAPBP,0.000000,0.000000,Combined Sources,0.929204,0.816245,0.943883
GTPBP4,0.000000,0.000000,Combined Sources,0.929204,0.816245,0.943883
DNAH6,0.000000,0.000000,Combined Sources,0.929204,0.816245,0.943883
RGS12,0.000000,0.000000,Combined Sources,0.929204,0.816245,0.943883
GREM1,0.000000,0.000000,Combined Sources,0.929204,0.816245,0.943883
CBX7,0.000000,0.000000,Combined Sources,0.929204,0.816245,0.943883
PADI1,0.000000,0.000000,Combined Sources,0.929204,0.816245,0.943883
RBX1,0.000000,0.000000,Combined Sources,0.929204,0.816245,0.943883
STAB1,0.000000,0.000000,Combined Sources,0.929204,0.816245,0.943883
TACR1,0.000000,0.000000,Combined Sources,0.929204,0.816245,0.943883
SAV1,0.000000,0.000000,Combined Sources,0.929204,0.816245,0.943883
TAF5,0.000000,0.000000,Combined Sources,0.929204,0.816245,0.943883
FEZF2,0.000000,0.000000,Combined Sources,0.929204,0.816245,0.943883
FUBP1,0.000000,0.000000,Combined Sources,0.929204,0.816245,0.943883
SHPK,0.000000,0.000000,Combined Sources,0.929204,0.816245,0.943883
CX3CL1,0.000000,0.000000,Combined Sources,0.929204,0.816245,0.943883
DPYSL2,0.000000,0.000000,Combined Sources,0.929204,0.816245,0.943883
MMP2,0.000000,0.000000,Combined Sources,0.929204,0.816245,0.943883
GATA3,0.000000,0.000000,Combined Sources,0.929204,0.816245,0.943883
PKDREJ,0.000000,0.000000,Combined Sources,0.929204,0.816245,0.943883
ABCD4,0.000000,0.000000,Combined Sources,0.929204,0.816245,0.943883
AGTR2,0.000000,0.000000,Combined Sources,0.929204,0.816245,0.943883
POLA1,0.000000,0.000000,Combined Sources,0.929204,0.816245,0.943883
ATP10B,0.000000,0.000000,Combined Sources,0.929204,0.816245,0.943883
BST1,0.000000,0.000000,Combined Sources,0.929204,0.816245,0.943883
OR10C1,0.000000,0.000000,Combined Sources,0.929204,0.816245,0.943883
CAV3,0.000000,0.000000,Combined Sources,0.929204,0.816245,0.943883
HIGD2A,0.000000,0.000000,Combined Sources,0.929204,0.816245,0.943883
PLD2,0.000000,0.000000,Combined Sources,0.929204,0.816245,0.943883
MEP1A,0.000000,0.000000,Combined Sources,0.929204,0.816245,0.943883
NEDD9,0.000000,0.000000,Combined Sources,0.929204,0.816245,0.943883
GTF2F1,0.000000,0.000000,Combined Sources,0.929204,0.816245,0.943883
SECISBP2,0.000000,0.000000,Combined Sources,0.929204,0.816245,0.943883
VPS8,0.000000,0.000000,Combined Sources,0.929204,0.816245,0.943883
BMP1,0.000000,0.000000,Combined Sources,0.929204,0.816245,0.943883
EMP2,0.000000,0.000000,Combined Sources,0.929204,0.816245,0.943883
ZNF749,0.000000,0.000000,Combined Sources,0.929204,0.816245,0.943883
SNX29,0.000000,0.000000,Combined Sources,0.929204,0.816245,0.943883
FAR2,0.000000,0.000000,Combined Sources,0.929204,0.816245,0.943883
COL5A3,0.000000,0.000000,Combined Sources,0.929204,0.816245,0.943883
RABL3,0.000000,0.000000,Combined Sources,0.929204,0.816245,0.943883
SLAMF8,0.000000,0.000000,Combined Sources,0.929204,0.816245,0.943883
SLC2A4RG,0.000000,0.000000,Combined Sources,0.929204,0.816245,0.943883
SERINC5,0.000000,0.000000,Combined Sources,0.929204,0.816245,0.943883
CEBPE,0.000000,0.000000,Combined Sources,0.929204,0.816245,0.943883
PPP1R3C,0.000000,0.000000,Combined Sources,0.929204,0.816245,0.943883
C19orf73,0.000000,0.000000,Combined Sources,0.929204,0.816245,0.943883
PRG4,0.000000,0.000000,Combined Sources,0.929204,0.816245,0.943883
ZNF253,0.000000,0.000000,Combined Sources,0.929204,0.816245,0.943883
ZC4H2,0.000000,0.000000,Combined Sources,0.929204,0.816245,0.943883
GPR21,0.000000,0.000000,Combined Sources,0.929204,0.816245,0.943883
TOR1B,0.000000,0.000000,Combined Sources,0.929204,0.816245,0.943883
ANKRD49,0.000000,0.000000,Combined Sources,0.929204,0.816245,0.943883
DOK1,0.000000,0.000000,Combined Sources,0.929204,0.816245,0.943883
RND2,0.000000,0.000000,Combined Sources,0.929204,0.816245,0.943883
COIL,0.000000,0.000000,Combined Sources,0.929204,0.816245,0.943883
SLCO4C1,0.000000,0.000000,Combined Sources,0.929204,0.816245,0.943883
APLP1,0.000000,0.000000,Combined Sources,0.929204,0.816245,0.943883
MED13,0.000000,0.000000,Combined Sources,0.929204,0.816245,0.943883
FOXL2,0.000000,0.000000,Combined Sources,0.929204,0.816245,0.943883
DDX5,0.000000,0.000000,Combined Sources,0.929204,0.816245,0.943883
SCIN,0.000000,0.000000,Combined Sources,0.929204,0.816245,0.943883
MFHAS1,0.000000,0.000000,Combined Sources,0.929204,0.816245,0.943883
SEH1L,0.000000,0.000000,Combined Sources,0.929204,0.816245,0.943883
TBC1D15,0.000000,0.000000,Combined Sources,0.929204,0.816245,0.943883
CAPN5,0.000000,0.000000,Combined Sources,0.929204,0.816245,0.943883
VSTM4,0.000000,0.000000,Combined Sources,0.929204,0.816245,0.943883
AQP4,0.000000,0.000000,Combined Sources,0.929204,0.816245,0.943883
GIP,0.000000,0.000000,Combined Sources,0.929204,0.816245,0.943883
RPS23,0.000000,0.000000,Combined Sources,0.929204,0.816245,0.943883
CDC42EP4,0.000000,0.000000,Combined Sources,0.929204,0.816245,0.943883
CETP,0.000000,0.000000,Combined Sources,0.929204,0.816245,0.943883
BAIAP2,0.000000,0.000000,Combined Sources,0.929204,0.816245,0.943883
OFD1,0.000000,0.000000,Combined Sources,0.929204,0.816245,0.943883
PVALB,0.000000,0.000000,Combined Sources,0.929204,0.816245,0.943883
FGD6,0.000000,0.000000,Combined Sources,0.929204,0.816245,0.943883
TRMU,0.000000,0.000000,Combined Sources,0.929204,0.816245,0.943883
USE1,0.000000,0.000000,Combined Sources,0.929204,0.816245,0.943883
PGRMC1,0.000000,0.000000,Combined Sources,0.929204,0.816245,0.943883
PRDM10,0.000000,0.000000,Combined Sources,0.929204,0.816245,0.943883
SNRNP27,0.000000,0.000000,Combined Sources,0.929204,0.816245,0.943883
SERPINB13,0.000000,0.000000,Combined Sources,0.929204,0.816245,0.943883
EPYC,0.000000,0.000000,Combined Sources,0.929204,0.816245,0.943883
KRAS,0.000000,0.000000,Combined Sources,0.929204,0.816245,0.943883
PRKY,0.000000,0.000000,Combined Sources,0.929204,0.816245,0.943883
TICAM1,0.000000,0.000000,Combined Sources,0.929204,0.816245,0.943883
MICALL1,0.000000,0.000000,Combined Sources,0.929204,0.816245,0.943883
METAP2,0.000000,0.000000,Combined Sources,0.929204,0.816245,0.943883
CRYBA2,0.000000,0.000000,Combined Sources,0.929204,0.816245,0.943883
RNF115,0.000000,0.000000,Combined Sources,0.929204,0.816245,0.943883
SGTA,0.000000,0.000000,Combined Sources,0.929204,0.816245,0.943883
ASB8,0.000000,0.000000,Combined Sources,0.929204,0.816245,0.943883
NFAT5,0.000000,0.000000,Combined Sources,0.929204,0.816245,0.943883
AGR2,0.000000,0.000000,Combined Sources,0.929204,0.816245,0.943883
TLK1,0.000000,0.000000,Combined Sources,0.929204,0.816245,0.943883
CTSS,0.000000,0.000000,Combined Sources,0.929204,0.816245,0.943883
MBD4,0.000000,0.000000,Combined Sources,0.929204,0.816245,0.943883
SSB,0.000000,0.000000,Combined Sources,0.929204,0.816245,0.943883
RFC2,0.000000,0.000000,Combined Sources,0.929204,0.816245,0.943883
UBXN8,0.000000,0.000000,Combined Sources,0.929204,0.816245,0.943883
WNT11,0.000000,0.000000,Combined Sources,0.929204,0.816245,0.943883
SLC25A14,0.000000,0.000000,Combined Sources,0.929204,0.816245,0.943883
ARMC7,0.000000,0.000000,Combined Sources,0.929204,0.816245,0.943883
HOXB2,0.000000,0.000000,Combined Sources,0.929204,0.816245,0.943883
ILVBL,0.000000,0.000000,Combined Sources,0.929204,0.816245,0.943883
SLTM,0.000000,0.000000,Combined Sources,0.929204,0.816245,0.943883
AGL,0.000000,0.000000,Combined Sources,0.929204,0.816245,0.943883
MYL3,0.000000,0.000000,Combined Sources,0.929204,0.816245,0.943883
SLC5A12,0.000000,0.000000,Combined Sources,0.929204,0.816245,0.943883
COLEC11,0.000000,0.000000,Combined Sources,0.929204,0.816245,0.943883
GPR4,0.000000,0.000000,Combined Sources,0.929204,0.816245,0.943883
TPM1,0.000000,0.000000,Combined Sources,0.929204,0.816245,0.943883
UBE2D3,0.000000,0.000000,Combined Sources,0.929204,0.816245,0.943883
RECQL5,0.000000,0.000000,Combined Sources,0.929204,0.816245,0.943883
WDR26,0.000000,0.000000,Combined Sources,0.929204,0.816245,0.943883
ABL1,0.000000,0.000000,Combined Sources,0.929204,0.816245,0.943883
BRD1,0.000000,0.000000,Combined Sources,0.929204,0.816245,0.943883
FKTN,0.000000,0.000000,Combined Sources,0.929204,0.816245,0.943883
HSP90B1,0.000000,0.000000,Combined Sources,0.929204,0.816245,0.943883
SLC16A8,0.000000,0.000000,Combined Sources,0.929204,0.816245,0.943883
GCNT3,0.000000,0.000000,Combined Sources,0.929204,0.816245,0.943883
STX1A,0.000000,0.000000,Combined Sources,0.929204,0.816245,0.943883
AURKAIP1,0.000000,0.000000,Combined Sources,0.929204,0.816245,0.943883
GCLM,0.000000,0.000000,Combined Sources,0.929204,0.816245,0.943883
KDELR3,0.000000,0.000000,Combined Sources,0.929204,0.816245,0.943883
BAG4,0.000000,0.000000,Combined Sources,0.929204,0.816245,0.943883
RAB31,0.000000,0.000000,Combined Sources,0.929204,0.816245,0.943883
HDAC6,0.000000,0.000000,Combined Sources,0.929204,0.816245,0.943883
DGKE,0.000000,0.000000,Combined Sources,0.929204,0.816245,0.943883
THBD,0.000000,0.000000,Combined Sources,0.929204,0.816245,0.943883
MYNN,0.000000,0.000000,Combined Sources,0.929204,0.816245,0.943883
ASCC3,0.000000,0.000000,Combined Sources,0.929204,0.816245,0.943883
NR2F6,0.000000,0.000000,Combined Sources,0.929204,0.816245,0.943883
DSC3,0.000000,0.000000,Combined Sources,0.929204,0.816245,0.943883
ATP12A,0.000000,0.000000,Combined Sources,0.929204,0.816245,0.943883
SLITRK5,0.000000,0.000000,Combined Sources,0.929204,0.816245,0.943883
OMD,0.000000,0.000000,Combined Sources,0.929204,0.816245,0.943883
SNAPC4,0.000000,0.000000,Combined Sources,0.929204,0.816245,0.943883
TLR8,0.000000,0.000000,Combined Sources,0.929204,0.816245,0.943883
THBS3,0.000000,0.000000,Combined Sources,0.929204,0.816245,0.943883
SLC31A1,0.000000,0.000000,Combined Sources,0.929204,0.816245,0.943883
RNASE2,0.000000,0.000000,Combined Sources,0.929204,0.816245,0.943883
ESPL1,0.000000,0.000000,Combined Sources,0.929204,0.816245,0.943883
KCND2,0.000000,0.000000,Combined Sources,0.929204,0.816245,0.943883
DCLRE1B,0.000000,0.000000,Combined Sources,0.929204,0.816245,0.943883
IKBKB,0.000000,0.000000,Combined Sources,0.929204,0.816245,0.943883
CPSF4,0.000000,0.000000,Combined Sources,0.929204,0.816245,0.943883
URI1,0.000000,0.000000,Combined Sources,0.929204,0.816245,0.943883
TCEA2,0.000000,0.000000,Combined Sources,0.929204,0.816245,0.943883
OR10H3,0.000000,0.000000,Combined Sources,0.929204,0.816245,0.943883
RNASEL,0.000000,0.000000,Combined Sources,0.929204,0.816245,0.943883
SCML2,0.000000,0.000000,Combined Sources,0.929204,0.816245,0.943883
ADAM20,0.000000,0.000000,Combined Sources,0.929204,0.816245,0.943883
SENP6,0.000000,0.000000,Combined Sources,0.929204,0.816245,0.943883
SERPIND1,0.000000,0.000000,Combined Sources,0.929204,0.816245,0.943883
ZNF468,0.000000,0.000000,Combined Sources,0.929204,0.816245,0.943883
LHX6,0.000000,0.000000,Combined Sources,0.929204,0.816245,0.943883
SUPT6H,0.000000,0.000000,Combined Sources,0.929204,0.816245,0.943883
DCAF8,0.000000,0.000000,Combined Sources,0.929204,0.816245,0.943883
KLF6,0.000000,0.000000,Combined Sources,0.929204,0.816245,0.943883
CHEK1,0.000000,0.000000,Combined Sources,0.929204,0.816245,0.943883
ZNF614,0.000000,0.000000,Combined Sources,0.929204,0.816245,0.943883
FNTA,0.000000,0.000000,Combined Sources,0.929204,0.816245,0.943883
WIZ,0.000000,0.000000,Combined Sources,0.929204,0.816245,0.943883
SHARPIN,0.000000,0.000000,Combined Sources,0.929204,0.816245,0.943883
PCBD1,0.000000,0.000000,Combined Sources,0.929204,0.816245,0.943883
HOXB9,0.000000,0.000000,Combined Sources,0.929204,0.816245,0.943883
ATP6V1G1,0.000000,0.000000,Combined Sources,0.929204,0.816245,0.943883
ADAM19,0.000000,0.000000,Combined Sources,0.929204,0.816245,0.943883
LARP1,0.000000,0.000000,Combined Sources,0.929204,0.816245,0.943883
ATP4B,0.000000,0.000000,Combined Sources,0.929204,0.816245,0.943883
KCTD20,0.000000,0.000000,Combined Sources,0.929204,0.816245,0.943883
CCNJL,0.000000,0.000000,Combined Sources,0.929204,0.816245,0.943883
CCDC91,0.000000,0.000000,Combined Sources,0.929204,0.816245,0.943883
RAI2,0.000000,0.000000,Combined Sources,0.929204,0.816245,0.943883
REL,0.000000,0.000000,Combined Sources,0.929204,0.816245,0.943883
PRKG2,0.000000,0.000000,Combined Sources,0.929204,0.816245,0.943883
SOX4,0.000000,0.000000,Combined Sources,0.929204,0.816245,0.943883
FOSL2,0.000000,0.000000,Combined Sources,0.929204,0.816245,0.943883
MAPK12,0.000000,0.000000,Combined Sources,0.929204,0.816245,0.943883
FBLN1,0.000000,0.000000,Combined Sources,0.929204,0.816245,0.943883
ATG7,0.000000,0.000000,Combined Sources,0.929204,0.816245,0.943883
NUMB,0.000000,0.000000,Combined Sources,0.929204,0.816245,0.943883
CSNK2B,0.000000,0.000000,Combined Sources,0.929204,0.816245,0.943883
PPP1R12A,0.000000,0.000000,Combined Sources,0.929204,0.816245,0.943883
STAU1,0.000000,0.000000,Combined Sources,0.929204,0.816245,0.943883
KRT83,0.000000,0.000000,Combined Sources,0.929204,0.816245,0.943883
IFT81,0.000000,0.000000,Combined Sources,0.929204,0.816245,0.943883
KIF5C,0.000000,0.000000,Combined Sources,0.929204,0.816245,0.943883
PLEC,0.000000,0.000000,Combined Sources,0.929204,0.816245,0.943883
SNRK,0.000000,0.000000,Combined Sources,0.929204,0.816245,0.943883
PRND,0.000000,0.000000,Combined Sources,0.929204,0.816245,0.943883
HEATR3,0.000000,0.000000,Combined Sources,0.929204,0.816245,0.943883
NISCH,0.000000,0.000000,Combined Sources,0.929204,0.816245,0.943883
RPIA,0.000000,0.000000,Combined Sources,0.929204,0.816245,0.943883
POLR3G,0.000000,0.000000,Combined Sources,0.929204,0.816245,0.943883
ZNF324,0.000000,0.000000,Combined Sources,0.929204,0.816245,0.943883
GALR3,0.000000,0.000000,Combined Sources,0.929204,0.816245,0.943883
VSIG10,0.000000,0.000000,Combined Sources,0.929204,0.816245,0.943883
GLRX5,0.000000,0.000000,Combined Sources,0.929204,0.816245,0.943883
NUP155,0.000000,0.000000,Combined Sources,0.929204,0.816245,0.943883
MTNR1B,0.000000,0.000000,Combined Sources,0.929204,0.816245,0.943883
H6PD,0.000000,0.000000,Combined Sources,0.929204,0.816245,0.943883
ADIPOR2,0.000000,0.000000,Combined Sources,0.929204,0.816245,0.943883
CD5,0.000000,0.000000,Combined Sources,0.929204,0.816245,0.943883
CLDN1,0.000000,0.000000,Combined Sources,0.929204,0.816245,0.943883
NIPSNAP1,0.000000,0.000000,Combined Sources,0.929204,0.816245,0.943883
ASPH,0.000000,0.000000,Combined Sources,0.929204,0.816245,0.943883
LRRTM2,0.000000,0.000000,Combined Sources,0.929204,0.816245,0.943883
ARHGEF9,0.000000,0.000000,Combined Sources,0.929204,0.816245,0.943883
DCTN2,0.000000,0.000000,Combined Sources,0.929204,0.816245,0.943883
PPP5C,0.000000,0.000000,Combined Sources,0.929204,0.816245,0.943883
MAGED1,0.000000,0.000000,Combined Sources,0.929204,0.816245,0.943883
PRELP,0.000000,0.000000,Combined Sources,0.929204,0.816245,0.943883
ACTL8,0.000000,0.000000,Combined Sources,0.929204,0.816245,0.943883
CYP2C19,0.000000,0.000000,Combined Sources,0.929204,0.816245,0.943883
CBLN1,0.000000,0.000000,Combined Sources,0.929204,0.816245,0.943883
MATR3,0.000000,0.000000,Combined Sources,0.929204,0.816245,0.943883
RYR3,0.000000,0.000000,Combined Sources,0.929204,0.816245,0.943883
ZBTB6,0.000000,0.000000,Combined Sources,0.929204,0.816245,0.943883
MAP4K1,0.000000,0.000000,Combined Sources,0.929204,0.816245,0.943883
ATP2B2,0.000000,0.000000,Combined Sources,0.929204,0.816245,0.943883
ZFPM2,0.000000,0.000000,Combined Sources,0.929204,0.816245,0.943883
NMBR,0.000000,0.000000,Combined Sources,0.929204,0.816245,0.943883
S100A10,0.000000,0.000000,Combined Sources,0.929204,0.816245,0.943883
KCNJ3,0.000000,0.000000,Combined Sources,0.929204,0.816245,0.943883
TRAPPC11,0.000000,0.000000,Combined Sources,0.929204,0.816245,0.943883
EFR3A,0.000000,0.000000,Combined Sources,0.929204,0.816245,0.943883
GGCX,0.000000,0.000000,Combined Sources,0.929204,0.816245,0.943883
SLC17A2,0.000000,0.000000,Combined Sources,0.929204,0.816245,0.943883
FZD10,0.000000,0.000000,Combined Sources,0.929204,0.816245,0.943883
NR2E1,0.000000,0.000000,Combined Sources,0.929204,0.816245,0.943883
AUH,0.000000,0.000000,Combined Sources,0.929204,0.816245,0.943883
TGS1,0.000000,0.000000,Combined Sources,0.929204,0.816245,0.943883
WDR82,0.000000,0.000000,Combined Sources,0.929204,0.816245,0.943883
PPP1R2,0.000000,0.000000,Combined Sources,0.929204,0.816245,0.943883
MID1IP1,0.000000,0.000000,Combined Sources,0.929204,0.816245,0.943883
MIA2,0.000000,0.000000,Combined Sources,0.929204,0.816245,0.943883
HSPA1B,0.000000,0.000000,Combined Sources,0.929204,0.816245,0.943883
ANKRD1,0.000000,0.000000,Combined Sources,0.929204,0.816245,0.943883
TAF7L,0.000000,0.000000,Combined Sources,0.929204,0.816245,0.943883
RNF121,0.000000,0.000000,Combined Sources,0.929204,0.816245,0.943883
MAP3K13,0.000000,0.000000,Combined Sources,0.929204,0.816245,0.943883
ABTB2,0.000000,0.000000,Combined Sources,0.929204,0.816245,0.943883
MTMR8,0.000000,0.000000,Combined Sources,0.929204,0.816245,0.943883
GNAQ,0.000000,0.000000,Combined Sources,0.929204,0.816245,0.943883
NIPA2,0.000000,0.000000,Combined Sources,0.929204,0.816245,0.943883
GATA6,0.000000,0.000000,Combined Sources,0.929204,0.816245,0.943883
NFE2L3,0.000000,0.000000,Combined Sources,0.929204,0.816245,0.943883
G3BP1,0.000000,0.000000,Combined Sources,0.929204,0.816245,0.943883
CCDC7,0.000000,0.000000,Combined Sources,0.929204,0.816245,0.943883
KDM4C,0.000000,0.000000,Combined Sources,0.929204,0.816245,0.943883
IRAK4,0.000000,0.000000,Combined Sources,0.929204,0.816245,0.943883
RPL13P5,0.000000,0.000000,Combined Sources,0.929204,0.816245,0.943883
NMI,0.000000,0.000000,Combined Sources,0.929204,0.816245,0.943883
NPY2R,0.000000,0.000000,Combined Sources,0.929204,0.816245,0.943883
GPR32,0.000000,0.000000,Combined Sources,0.929204,0.816245,0.943883
PER2,0.000000,0.000000,Combined Sources,0.929204,0.816245,0.943883
NTRK1,0.000000,0.000000,Combined Sources,0.929204,0.816245,0.943883
ARL5A,0.000000,0.000000,Combined Sources,0.929204,0.816245,0.943883
CIT,0.000000,0.000000,Combined Sources,0.929204,0.816245,0.943883
INSL5,0.000000,0.000000,Combined Sources,0.929204,0.816245,0.943883
RPE,0.000000,0.000000,Combined Sources,0.929204,0.816245,0.943883
ATG13,0.000000,0.000000,Combined Sources,0.929204,0.816245,0.943883
KHNYN,0.000000,0.000000,Combined Sources,0.929204,0.816245,0.943883
TEX30,0.000000,0.000000,Combined Sources,0.929204,0.816245,0.943883
ANGPT1,0.000000,0.000000,Combined Sources,0.929204,0.816245,0.943883
CLDN5,0.000000,0.000000,Combined Sources,0.929204,0.816245,0.943883
SSH3,0.000000,0.000000,Combined Sources,0.929204,0.816245,0.943883
SEC61A2,0.000000,0.000000,Combined Sources,0.929204,0.816245,0.943883
TDP1,0.000000,0.000000,Combined Sources,0.929204,0.816245,0.943883
FXYD5,0.000000,0.000000,Combined Sources,0.929204,0.816245,0.943883
MMP9,0.000000,0.000000,Combined Sources,0.929204,0.816245,0.943883
HNRNPR,0.000000,0.000000,Combined Sources,0.929204,0.816245,0.943883
HELLS,0.000000,0.000000,Combined Sources,0.929204,0.816245,0.943883
CBLL1,0.000000,0.000000,Combined Sources,0.929204,0.816245,0.943883
STEAP1B,0.000000,0.000000,Combined Sources,0.929204,0.816245,0.943883
CXCL12,0.000000,0.000000,Combined Sources,0.929204,0.816245,0.943883
ABHD3,0.000000,0.000000,Combined Sources,0.929204,0.816245,0.943883
CREBBP,0.000000,0.000000,Combined Sources,0.929204,0.816245,0.943883
HAUS6,0.000000,0.000000,Combined Sources,0.929204,0.816245,0.943883
OR1F2P,0.000000,0.000000,Combined Sources,0.929204,0.816245,0.943883
DCAF7,0.000000,0.000000,Combined Sources,0.929204,0.816245,0.943883
ZNF157,0.000000,0.000000,Combined Sources,0.929204,0.816245,0.943883
TMEM62,0.000000,0.000000,Combined Sources,0.929204,0.816245,0.943883
IL13RA2,0.000000,0.000000,Combined Sources,0.929204,0.816245,0.943883
ABHD6,0.000000,0.000000,Combined Sources,0.929204,0.816245,0.943883
PPP1R12B,0.000000,0.000000,Combined Sources,0.929204,0.816245,0.943883
LCAT,0.000000,0.000000,Combined Sources,0.929204,0.816245,0.943883
MBNL2,0.000000,0.000000,Combined Sources,0.929204,0.816245,0.943883
CFDP1,0.000000,0.000000,Combined Sources,0.929204,0.816245,0.943883
GPR6,0.000000,0.000000,Combined Sources,0.929204,0.816245,0.943883
TAS2R9,0.000000,0.000000,Combined Sources,0.929204,0.816245,0.943883
KAT2B,0.000000,0.000000,Combined Sources,0.929204,0.816245,0.943883
TPRA1,0.000000,0.000000,Combined Sources,0.929204,0.816245,0.943883
AMOTL2,0.000000,0.000000,Combined Sources,0.929204,0.816245,0.943883
KRT20,0.000000,0.000000,Combined Sources,0.929204,0.816245,0.943883
CYTIP,0.000000,0.000000,Combined Sources,0.929204,0.816245,0.943883
ACTN3,0.000000,0.000000,Combined Sources,0.929204,0.816245,0.943883
AZGP1,0.000000,0.000000,Combined Sources,0.929204,0.816245,0.943883
GATAD2A,0.000000,0.000000,Combined Sources,0.929204,0.816245,0.943883
CCL16,0.000000,0.000000,Combined Sources,0.929204,0.816245,0.943883
CCT8L2,0.000000,0.000000,Combined Sources,0.929204,0.816245,0.943883
VAMP2,0.000000,0.000000,Combined Sources,0.929204,0.816245,0.943883
ADH6,0.000000,0.000000,Combined Sources,0.929204,0.816245,0.943883
AMBN,0.000000,0.000000,Combined Sources,0.929204,0.816245,0.943883
GLRX,0.000000,0.000000,Combined Sources,0.929204,0.816245,0.943883
UPK1B,0.000000,0.000000,Combined Sources,0.929204,0.816245,0.943883
MYL9,0.000000,0.000000,Combined Sources,0.929204,0.816245,0.943883
MEST,0.000000,0.000000,Combined Sources,0.929204,0.816245,0.943883
NSUN5,0.000000,0.000000,Combined Sources,0.929204,0.816245,0.943883
HNRNPD,0.000000,0.000000,Combined Sources,0.929204,0.816245,0.943883
DMXL2,0.000000,0.000000,Combined Sources,0.929204,0.816245,0.943883
CNBP,0.000000,0.000000,Combined Sources,0.929204,0.816245,0.943883
ADAP2,0.000000,0.000000,Combined Sources,0.929204,0.816245,0.943883
SLC2A8,0.000000,0.000000,Combined Sources,0.929204,0.816245,0.943883
OIP5,0.000000,0.000000,Combined Sources,0.929204,0.816245,0.943883
CLCN7,0.000000,0.000000,Combined Sources,0.929204,0.816245,0.943883
COL9A1,0.000000,0.000000,Combined Sources,0.929204,0.816245,0.943883
LPCAT1,0.000000,0.000000,Combined Sources,0.929204,0.816245,0.943883
FDX1,0.000000,0.000000,Combined Sources,0.929204,0.816245,0.943883
CIDEC,0.000000,0.000000,Combined Sources,0.929204,0.816245,0.943883
TMEM168,0.000000,0.000000,Combined Sources,0.929204,0.816245,0.943883
DCBLD2,0.000000,0.000000,Combined Sources,0.929204,0.816245,0.943883
CHRNA10,0.000000,0.000000,Combined Sources,0.929204,0.816245,0.943883
IFITM1,0.000000,0.000000,Combined Sources,0.929204,0.816245,0.943883
MLXIPL,0.000000,0.000000,Combined Sources,0.929204,0.816245,0.943883
ZC3H12A,0.000000,0.000000,Combined Sources,0.929204,0.816245,0.943883
UBOX5,0.000000,0.000000,Combined Sources,0.929204,0.816245,0.943883
ZFP36L2,0.000000,0.000000,Combined Sources,0.929204,0.816245,0.943883
MTUS2,0.000000,0.000000,Combined Sources,0.929204,0.816245,0.943883
IL1RAPL1,0.000000,0.000000,Combined Sources,0.929204,0.816245,0.943883
LPAR6,0.000000,0.000000,Combined Sources,0.929204,0.816245,0.943883
LRRN3,0.000000,0.000000,Combined Sources,0.929204,0.816245,0.943883
ZNF839,0.000000,0.000000,Combined Sources,0.929204,0.816245,0.943883
KTN1,0.000000,0.000000,Combined Sources,0.929204,0.816245,0.943883
SEPHS2,0.000000,0.000000,Combined Sources,0.929204,0.816245,0.943883
CACNG2,0.000000,0.000000,Combined Sources,0.929204,0.816245,0.943883
MYLK,0.000000,0.000000,Combined Sources,0.929204,0.816245,0.943883
GLI2,0.000000,0.000000,Combined Sources,0.929204,0.816245,0.943883
SLC6A9,0.000000,0.000000,Combined Sources,0.929204,0.816245,0.943883
TOMM34,0.000000,0.000000,Combined Sources,0.929204,0.816245,0.943883
DSPP,0.000000,0.000000,Combined Sources,0.929204,0.816245,0.943883
FLNB,0.000000,0.000000,Combined Sources,0.929204,0.816245,0.943883
PIK3CB,0.000000,0.000000,Combined Sources,0.929204,0.816245,0.943883
SAGE1,0.000000,0.000000,Combined Sources,0.929204,0.816245,0.943883
PPP2R2B,0.000000,0.000000,Combined Sources,0.929204,0.816245,0.943883
SLC26A6,0.000000,0.000000,Combined Sources,0.929204,0.816245,0.943883
LBP,0.000000,0.000000,Combined Sources,0.929204,0.816245,0.943883
VENTXP1,0.000000,0.000000,Combined Sources,0.929204,0.816245,0.943883
IRAK3,0.000000,0.000000,Combined Sources,0.929204,0.816245,0.943883
CHCHD2,0.000000,0.000000,Combined Sources,0.929204,0.816245,0.943883
ZC2HC1A,0.000000,0.000000,Combined Sources,0.929204,0.816245,0.943883
CSHL1,0.000000,0.000000,Combined Sources,0.929204,0.816245,0.943883
CD226,0.000000,0.000000,Combined Sources,0.929204,0.816245,0.943883
VASH1,0.000000,0.000000,Combined Sources,0.929204,0.816245,0.943883
IGFBP3,0.000000,0.000000,Combined Sources,0.929204,0.816245,0.943883
SLC2A5,0.000000,0.000000,Combined Sources,0.929204,0.816245,0.943883
PIM1,0.000000,0.000000,Combined Sources,0.929204,0.816245,0.943883
IL17RC,0.000000,0.000000,Combined Sources,0.929204,0.816245,0.943883
SH2D2A,0.000000,0.000000,Combined Sources,0.929204,0.816245,0.943883
UTY,0.000000,0.000000,Combined Sources,0.929204,0.816245,0.943883
GNAO1,0.000000,0.000000,Combined Sources,0.929204,0.816245,0.943883
GRAP,0.000000,0.000000,Combined Sources,0.929204,0.816245,0.943883
TRIM27,0.000000,0.000000,Combined Sources,0.929204,0.816245,0.943883
CCL13,0.000000,0.000000,Combined Sources,0.929204,0.816245,0.943883
MAP1B,0.000000,0.000000,Combined Sources,0.929204,0.816245,0.943883
PRKAG1,0.000000,0.000000,Combined Sources,0.929204,0.816245,0.943883
RBM48,0.000000,0.000000,Combined Sources,0.929204,0.816245,0.943883
GALNT1,0.000000,0.000000,Combined Sources,0.929204,0.816245,0.943883
ZFYVE21,0.000000,0.000000,Combined Sources,0.929204,0.816245,0.943883
IFI35,0.000000,0.000000,Combined Sources,0.929204,0.816245,0.943883
CYP19A1,0.000000,0.000000,Combined Sources,0.929204,0.816245,0.943883
FOXP3,0.000000,0.000000,Combined Sources,0.929204,0.816245,0.943883
PCDH9,0.000000,0.000000,Combined Sources,0.929204,0.816245,0.943883
DSTYK,0.000000,0.000000,Combined Sources,0.929204,0.816245,0.943883
SLC25A44,0.000000,0.000000,Combined Sources,0.929204,0.816245,0.943883
MT1F,0.000000,0.000000,Combined Sources,0.929204,0.816245,0.943883
TG,0.000000,0.000000,Combined Sources,0.929204,0.816245,0.943883
TLX2,0.000000,0.000000,Combined Sources,0.929204,0.816245,0.943883
TUBA1A,0.000000,0.000000,Combined Sources,0.929204,0.816245,0.943883
CTNND2,0.000000,0.000000,Combined Sources,0.929204,0.816245,0.943883
MCM6,0.000000,0.000000,Combined Sources,0.929204,0.816245,0.943883
IGF2BP3,0.000000,0.000000,Combined Sources,0.929204,0.816245,0.943883
KCNMA1,0.000000,0.000000,Combined Sources,0.929204,0.816245,0.943883
NSMCE4A,0.000000,0.000000,Combined Sources,0.929204,0.816245,0.943883
CNTN6,0.000000,0.000000,Combined Sources,0.929204,0.816245,0.943883
PCBP4,0.000000,0.000000,Combined Sources,0.929204,0.816245,0.943883
PRMT1,0.000000,0.000000,Combined Sources,0.929204,0.816245,0.943883
HAO1,0.000000,0.000000,Combined Sources,0.929204,0.816245,0.943883
BCL2L2,0.000000,0.000000,Combined Sources,0.929204,0.816245,0.943883
USP46,0.000000,0.000000,Combined Sources,0.929204,0.816245,0.943883
ACTR10,0.000000,0.000000,Combined Sources,0.929204,0.816245,0.943883
MRPS16,0.000000,0.000000,Combined Sources,0.929204,0.816245,0.943883
MSH3,0.000000,0.000000,Combined Sources,0.929204,0.816245,0.943883
ICAM3,0.000000,0.000000,Combined Sources,0.929204,0.816245,0.943883
ABHD2,0.000000,0.000000,Combined Sources,0.929204,0.816245,0.943883
CALM2,0.000000,0.000000,Combined Sources,0.929204,0.816245,0.943883
KCNMB1,0.000000,0.000000,Combined Sources,0.929204,0.816245,0.943883
MAP3K6,0.000000,0.000000,Combined Sources,0.929204,0.816245,0.943883
PAPSS2,0.000000,0.000000,Combined Sources,0.929204,0.816245,0.943883
KRT6C,0.000000,0.000000,Combined Sources,0.929204,0.816245,0.943883
GGT5,0.000000,0.000000,Combined Sources,0.929204,0.816245,0.943883
MAP7,0.000000,0.000000,Combined Sources,0.929204,0.816245,0.943883
ATG4A,0.000000,0.000000,Combined Sources,0.929204,0.816245,0.943883
ARHGEF2,0.000000,0.000000,Combined Sources,0.929204,0.816245,0.943883
SCRN1,0.000000,0.000000,Combined Sources,0.929204,0.816245,0.943883
TCHH,0.000000,0.000000,Combined Sources,0.929204,0.816245,0.943883
FBXO17,0.000000,0.000000,Combined Sources,0.929204,0.816245,0.943883
KIR3DL1,0.000000,0.000000,Combined Sources,0.929204,0.816245,0.943883
AHCYL2,0.000000,0.000000,Combined Sources,0.929204,0.816245,0.943883
IFIH1,0.000000,0.000000,Combined Sources,0.929204,0.816245,0.943883
COL2A1,0.000000,0.000000,Combined Sources,0.929204,0.816245,0.943883
ATP6V1E1,0.000000,0.000000,Combined Sources,0.929204,0.816245,0.943883
SLC22A11,0.000000,0.000000,Combined Sources,0.929204,0.816245,0.943883
PRKCQ,0.000000,0.000000,Combined Sources,0.929204,0.816245,0.943883
FBXO24,0.000000,0.000000,Combined Sources,0.929204,0.816245,0.943883
FADD,0.000000,0.000000,Combined Sources,0.929204,0.816245,0.943883
CD47,0.000000,0.000000,Combined Sources,0.929204,0.816245,0.943883
ESD,0.000000,0.000000,Combined Sources,0.929204,0.816245,0.943883
CCNC,0.000000,0.000000,Combined Sources,0.929204,0.816245,0.943883
RHOQ,0.000000,0.000000,Combined Sources,0.929204,0.816245,0.943883
RANBP1,0.000000,0.000000,Combined Sources,0.929204,0.816245,0.943883
THRA,0.000000,0.000000,Combined Sources,0.929204,0.816245,0.943883
NUP153,0.000000,0.000000,Combined Sources,0.929204,0.816245,0.943883
SEC14L4,0.000000,0.000000,Combined Sources,0.929204,0.816245,0.943883
TGFBR2,0.000000,0.000000,Combined Sources,0.929204,0.816245,0.943883
SEMA3C,0.000000,0.000000,Combined Sources,0.929204,0.816245,0.943883
PLEKHA5,0.000000,0.000000,Combined Sources,0.929204,0.816245,0.943883
MAPK1IP1L,0.000000,0.000000,Combined Sources,0.929204,0.816245,0.943883
DARS2,0.000000,0.000000,Combined Sources,0.929204,0.816245,0.943883
MPZ,0.000000,0.000000,Combined Sources,0.929204,0.816245,0.943883
VCAN,0.000000,0.000000,Combined Sources,0.929204,0.816245,0.943883
MAGEC1,0.000000,0.000000,Combined Sources,0.929204,0.816245,0.943883
HBS1L,0.000000,0.000000,Combined Sources,0.929204,0.816245,0.943883
SPRR3,0.000000,0.000000,Combined Sources,0.929204,0.816245,0.943883
CHIA,0.000000,0.000000,Combined Sources,0.929204,0.816245,0.943883
TMCC1,0.000000,0.000000,Combined Sources,0.929204,0.816245,0.943883
GPX3,0.000000,0.000000,Combined Sources,0.929204,0.816245,0.943883
SERPINA1,0.000000,0.000000,Combined Sources,0.929204,0.816245,0.943883
SOWAHC,0.000000,0.000000,Combined Sources,0.929204,0.816245,0.943883
BRD8,0.000000,0.000000,Combined Sources,0.929204,0.816245,0.943883
LGR5,0.000000,0.000000,Combined Sources,0.929204,0.816245,0.943883
DDX3Y,0.000000,0.000000,Combined Sources,0.929204,0.816245,0.943883
PIK3CA,0.000000,0.000000,Combined Sources,0.929204,0.816245,0.943883
DGKA,0.000000,0.000000,Combined Sources,0.929204,0.816245,0.943883
SLC12A6,0.000000,0.000000,Combined Sources,0.929204,0.816245,0.943883
PRDX2,0.000000,0.000000,Combined Sources,0.929204,0.816245,0.943883
MYOM2,0.000000,0.000000,Combined Sources,0.929204,0.816245,0.943883
BIK,0.000000,0.000000,Combined Sources,0.929204,0.816245,0.943883
PRM1,0.000000,0.000000,Combined Sources,0.929204,0.816245,0.943883
SCN10A,0.000000,0.000000,Combined Sources,0.929204,0.816245,0.943883
ZNF480,0.000000,0.000000,Combined Sources,0.929204,0.816245,0.943883
HHIPL2,0.000000,0.000000,Combined Sources,0.929204,0.816245,0.943883
CD320,0.000000,0.000000,Combined Sources,0.929204,0.816245,0.943883
NAA35,0.000000,0.000000,Combined Sources,0.929204,0.816245,0.943883
PDLIM2,0.000000,0.000000,Combined Sources,0.929204,0.816245,0.943883
ZC3H7A,0.000000,0.000000,Combined Sources,0.929204,0.816245,0.943883
NBN,0.000000,0.000000,Combined Sources,0.929204,0.816245,0.943883
SETBP1,0.000000,0.000000,Combined Sources,0.929204,0.816245,0.943883
RALGDS,0.000000,0.000000,Combined Sources,0.929204,0.816245,0.943883
CDK19,0.000000,0.000000,Combined Sources,0.929204,0.816245,0.943883
ANK3,0.000000,0.000000,Combined Sources,0.929204,0.816245,0.943883
ATMIN,0.000000,0.000000,Combined Sources,0.929204,0.816245,0.943883
PLAT,0.000000,0.000000,Combined Sources,0.929204,0.816245,0.943883
SRD5A1,0.000000,0.000000,Combined Sources,0.929204,0.816245,0.943883
YIPF3,0.000000,0.000000,Combined Sources,0.929204,0.816245,0.943883
CKM,0.000000,0.000000,Combined Sources,0.929204,0.816245,0.943883
ANGPT2,0.000000,0.000000,Combined Sources,0.929204,0.816245,0.943883
KCNA6,0.000000,0.000000,Combined Sources,0.929204,0.816245,0.943883
KIF20A,0.000000,0.000000,Combined Sources,0.929204,0.816245,0.943883
ZNF671,0.000000,0.000000,Combined Sources,0.929204,0.816245,0.943883
MAML1,0.000000,0.000000,Combined Sources,0.929204,0.816245,0.943883
MS4A3,0.000000,0.000000,Combined Sources,0.929204,0.816245,0.943883
TMC5,0.000000,0.000000,Combined Sources,0.929204,0.816245,0.943883
UCK2,0.000000,0.000000,Combined Sources,0.929204,0.816245,0.943883
ZNF185,0.000000,0.000000,Combined Sources,0.929204,0.816245,0.943883
CBX3,0.000000,0.000000,Combined Sources,0.929204,0.816245,0.943883
ZNF282,0.000000,0.000000,Combined Sources,0.929204,0.816245,0.943883
SCAND1,0.000000,0.000000,Combined Sources,0.929204,0.816245,0.943883
ALOX5AP,0.000000,0.000000,Combined Sources,0.929204,0.816245,0.943883
BEST1,0.000000,0.000000,Combined Sources,0.929204,0.816245,0.943883
ENOX1,0.000000,0.000000,Combined Sources,0.929204,0.816245,0.943883
DBN1,0.000000,0.000000,Combined Sources,0.929204,0.816245,0.943883
RABGEF1,0.000000,0.000000,Combined Sources,0.929204,0.816245,0.943883
THSD4,0.000000,0.000000,Combined Sources,0.929204,0.816245,0.943883
DNPEP,0.000000,0.000000,Combined Sources,0.929204,0.816245,0.943883
LCP1,0.000000,0.000000,Combined Sources,0.929204,0.816245,0.943883
ZFR,0.000000,0.000000,Combined Sources,0.929204,0.816245,0.943883
PSTPIP1,0.000000,0.000000,Combined Sources,0.929204,0.816245,0.943883
DGAT1,0.000000,0.000000,Combined Sources,0.929204,0.816245,0.943883
DCT,0.000000,0.000000,Combined Sources,0.929204,0.816245,0.943883
TOR1A,0.000000,0.000000,Combined Sources,0.929204,0.816245,0.943883
RNF43,0.000000,0.000000,Combined Sources,0.929204,0.816245,0.943883
CDH11,0.000000,0.000000,Combined Sources,0.929204,0.816245,0.943883
FUT3,0.000000,0.000000,Combined Sources,0.929204,0.816245,0.943883
ZNF175,0.000000,0.000000,Combined Sources,0.929204,0.816245,0.943883
SMG1,0.000000,0.000000,Combined Sources,0.929204,0.816245,0.943883
ETS2,0.000000,0.000000,Combined Sources,0.929204,0.816245,0.943883
ADAM10,0.000000,0.000000,Combined Sources,0.929204,0.816245,0.943883
RB1,0.000000,0.000000,Combined Sources,0.929204,0.816245,0.943883
IRF7,0.000000,0.000000,Combined Sources,0.929204,0.816245,0.943883
SOX30,0.000000,0.000000,Combined Sources,0.929204,0.816245,0.943883
DNAJC15,0.000000,0.000000,Combined Sources,0.929204,0.816245,0.943883
TSHR,0.000000,0.000000,Combined Sources,0.929204,0.816245,0.943883
RAB11FIP3,0.000000,0.000000,Combined Sources,0.929204,0.816245,0.943883
NOL10,0.000000,0.000000,Combined Sources,0.929204,0.816245,0.943883
PTPRC,0.000000,0.000000,Combined Sources,0.929204,0.816245,0.943883
CD80,0.000000,0.000000,Combined Sources,0.929204,0.816245,0.943883
ALG5,0.000000,0.000000,Combined Sources,0.929204,0.816245,0.943883
FANCC,0.000000,0.000000,Combined Sources,0.929204,0.816245,0.943883
ARMC8,0.000000,0.000000,Combined Sources,0.929204,0.816245,0.943883
GRIN1,0.000000,0.000000,Combined Sources,0.929204,0.816245,0.943883
MAK16,0.000000,0.000000,Combined Sources,0.929204,0.816245,0.943883
CRYBA4,0.000000,0.000000,Combined Sources,0.929204,0.816245,0.943883
TRMT1L,0.000000,0.000000,Combined Sources,0.929204,0.816245,0.943883
C5AR1,0.000000,0.000000,Combined Sources,0.929204,0.816245,0.943883
RBP4,0.000000,0.000000,Combined Sources,0.929204,0.816245,0.943883
ELOVL1,0.000000,0.000000,Combined Sources,0.929204,0.816245,0.943883
RANBP10,0.000000,0.000000,Combined Sources,0.929204,0.816245,0.943883
OAT,0.000000,0.000000,Combined Sources,0.929204,0.816245,0.943883
PI3,0.000000,0.000000,Combined Sources,0.929204,0.816245,0.943883
TRIP11,0.000000,0.000000,Combined Sources,0.929204,0.816245,0.943883
NR0B2,0.000000,0.000000,Combined Sources,0.929204,0.816245,0.943883
GNAI2,0.000000,0.000000,Combined Sources,0.929204,0.816245,0.943883
CLN6,0.000000,0.000000,Combined Sources,0.929204,0.816245,0.943883
POLD4,0.000000,0.000000,Combined Sources,0.929204,0.816245,0.943883
POP4,0.000000,0.000000,Combined Sources,0.929204,0.816245,0.943883
PIP5K1A,0.000000,0.000000,Combined Sources,0.929204,0.816245,0.943883
DHRS11,0.000000,0.000000,Combined Sources,0.929204,0.816245,0.943883
TPD52L2,0.000000,0.000000,Combined Sources,0.929204,0.816245,0.943883
FGF7,0.000000,0.000000,Combined Sources,0.929204,0.816245,0.943883
CAP2,0.000000,0.000000,Combined Sources,0.929204,0.816245,0.943883
CFH,0.000000,0.000000,Combined Sources,0.929204,0.816245,0.943883
CLEC7A,0.000000,0.000000,Combined Sources,0.929204,0.816245,0.943883
PDS5A,0.000000,0.000000,Combined Sources,0.929204,0.816245,0.943883
ZMYM3,0.000000,0.000000,Combined Sources,0.929204,0.816245,0.943883
GRM2,0.000000,0.000000,Combined Sources,0.929204,0.816245,0.943883
E2F3,0.000000,0.000000,Combined Sources,0.929204,0.816245,0.943883
LAMA4,0.000000,0.000000,Combined Sources,0.929204,0.816245,0.943883
SYNGR4,0.000000,0.000000,Combined Sources,0.929204,0.816245,0.943883
N4BP2L2,0.000000,0.000000,Combined Sources,0.929204,0.816245,0.943883
ACAN,0.000000,0.000000,Combined Sources,0.929204,0.816245,0.943883
NOL7,0.000000,0.000000,Combined Sources,0.929204,0.816245,0.943883
ZNF165,0.000000,0.000000,Combined Sources,0.929204,0.816245,0.943883
YBX2,0.000000,0.000000,Combined Sources,0.929204,0.816245,0.943883
C5orf15,0.000000,0.000000,Combined Sources,0.929204,0.816245,0.943883
KNTC1,0.000000,0.000000,Combined Sources,0.929204,0.816245,0.943883
CLTC,0.000000,0.000000,Combined Sources,0.929204,0.816245,0.943883
PREP,0.000000,0.000000,Combined Sources,0.929204,0.816245,0.943883
LIMD1,0.000000,0.000000,Combined Sources,0.929204,0.816245,0.943883
MSMB,0.000000,0.000000,Combined Sources,0.929204,0.816245,0.943883
NEB,0.000000,0.000000,Combined Sources,0.929204,0.816245,0.943883
C1R,0.000000,0.000000,Combined Sources,0.929204,0.816245,0.943883
TUT1,0.000000,0.000000,Combined Sources,0.929204,0.816245,0.943883
CORO2A,0.000000,0.000000,Combined Sources,0.929204,0.816245,0.943883
ALDH3A1,0.000000,0.000000,Combined Sources,0.929204,0.816245,0.943883
DHRS3,0.000000,0.000000,Combined Sources,0.929204,0.816245,0.943883
HCRTR1,0.000000,0.000000,Combined Sources,0.929204,0.816245,0.943883
SIRT2,0.000000,0.000000,Combined Sources,0.929204,0.816245,0.943883
SOCS6,0.000000,0.000000,Combined Sources,0.929204,0.816245,0.943883
SERPINB8,0.000000,0.000000,Combined Sources,0.929204,0.816245,0.943883
TMEM70,0.000000,0.000000,Combined Sources,0.929204,0.816245,0.943883
NRG2,0.000000,0.000000,Combined Sources,0.929204,0.816245,0.943883
PLOD3,0.000000,0.000000,Combined Sources,0.929204,0.816245,0.943883
ART3,0.000000,0.000000,Combined Sources,0.929204,0.816245,0.943883
CYP11B1,0.000000,0.000000,Combined Sources,0.929204,0.816245,0.943883
DCX,0.000000,0.000000,Combined Sources,0.929204,0.816245,0.943883
EYA1,0.000000,0.000000,Combined Sources,0.929204,0.816245,0.943883
MAN2A1,0.000000,0.000000,Combined Sources,0.929204,0.816245,0.943883
NOTCH4,0.000000,0.000000,Combined Sources,0.929204,0.816245,0.943883
FANCA,0.000000,0.000000,Combined Sources,0.929204,0.816245,0.943883
CBX5,0.000000,0.000000,Combined Sources,0.929204,0.816245,0.943883
PRPF40A,0.000000,0.000000,Combined Sources,0.929204,0.816245,0.943883
BEX4,0.000000,0.000000,Combined Sources,0.929204,0.816245,0.943883
COL6A2,0.000000,0.000000,Combined Sources,0.929204,0.816245,0.943883
DLGAP4,0.000000,0.000000,Combined Sources,0.929204,0.816245,0.943883
TUBGCP2,0.000000,0.000000,Combined Sources,0.929204,0.816245,0.943883
CSPG5,0.000000,0.000000,Combined Sources,0.929204,0.816245,0.943883
RBFOX1,0.000000,0.000000,Combined Sources,0.929204,0.816245,0.943883
RASA1,0.000000,0.000000,Combined Sources,0.929204,0.816245,0.943883
DLGAP1,0.000000,0.000000,Combined Sources,0.929204,0.816245,0.943883
CCNJ,0.000000,0.000000,Combined Sources,0.929204,0.816245,0.943883
LTK,0.000000,0.000000,Combined Sources,0.929204,0.816245,0.943883
MYBPC1,0.000000,0.000000,Combined Sources,0.929204,0.816245,0.943883
BRF2,0.000000,0.000000,Combined Sources,0.929204,0.816245,0.943883
PRPS2,0.000000,0.000000,Combined Sources,0.929204,0.816245,0.943883
UNG,0.000000,0.000000,Combined Sources,0.929204,0.816245,0.943883
MED28,0.000000,0.000000,Combined Sources,0.929204,0.816245,0.943883
CASP9,0.000000,0.000000,Combined Sources,0.929204,0.816245,0.943883
NPTX2,0.000000,0.000000,Combined Sources,0.929204,0.816245,0.943883
YTHDC1,0.000000,0.000000,Combined Sources,0.929204,0.816245,0.943883
VGLL4,0.000000,0.000000,Combined Sources,0.929204,0.816245,0.943883
GYS1,0.000000,0.000000,Combined Sources,0.929204,0.816245,0.943883
USP47,0.000000,0.000000,Combined Sources,0.929204,0.816245,0.943883
RCAN2,0.000000,0.000000,Combined Sources,0.929204,0.816245,0.943883
MID2,0.000000,0.000000,Combined Sources,0.929204,0.816245,0.943883
VASP,0.000000,0.000000,Combined Sources,0.929204,0.816245,0.943883
ADAM30,0.000000,0.000000,Combined Sources,0.929204,0.816245,0.943883
RBM12B,0.000000,0.000000,Combined Sources,0.929204,0.816245,0.943883
MIER2,0.000000,0.000000,Combined Sources,0.929204,0.816245,0.943883
MMP1,0.000000,0.000000,Combined Sources,0.929204,0.816245,0.943883
GALNT8,0.000000,0.000000,Combined Sources,0.929204,0.816245,0.943883
STAG3,0.000000,0.000000,Combined Sources,0.929204,0.816245,0.943883
AGAP1,0.000000,0.000000,Combined Sources,0.929204,0.816245,0.943883
HBB,0.000000,0.000000,Combined Sources,0.929204,0.816245,0.943883
GTF3C3,0.000000,0.000000,Combined Sources,0.929204,0.816245,0.943883
PRDM8,0.000000,0.000000,Combined Sources,0.929204,0.816245,0.943883
NRN1,0.000000,0.000000,Combined Sources,0.929204,0.816245,0.943883
ECE1,0.000000,0.000000,Combined Sources,0.929204,0.816245,0.943883
ANKS1A,0.000000,0.000000,Combined Sources,0.929204,0.816245,0.943883
CYP2R1,0.000000,0.000000,Combined Sources,0.929204,0.816245,0.943883
ITPKC,0.000000,0.000000,Combined Sources,0.929204,0.816245,0.943883
CAPZB,0.000000,0.000000,Combined Sources,0.929204,0.816245,0.943883
DHX9,0.000000,0.000000,Combined Sources,0.929204,0.816245,0.943883
CDX1,0.000000,0.000000,Combined Sources,0.929204,0.816245,0.943883
MKS1,0.000000,0.000000,Combined Sources,0.929204,0.816245,0.943883
PFKFB2,0.000000,0.000000,Combined Sources,0.929204,0.816245,0.943883
DNAJC17,0.000000,0.000000,Combined Sources,0.929204,0.816245,0.943883
UBAC1,0.000000,0.000000,Combined Sources,0.929204,0.816245,0.943883
AP1M2,0.000000,0.000000,Combined Sources,0.929204,0.816245,0.943883
OLIG2,0.000000,0.000000,Combined Sources,0.929204,0.816245,0.943883
BSG,0.000000,0.000000,Combined Sources,0.929204,0.816245,0.943883
PLK1,0.000000,0.000000,Combined Sources,0.929204,0.816245,0.943883
ACTR1B,0.000000,0.000000,Combined Sources,0.929204,0.816245,0.943883
TSPAN8,0.000000,0.000000,Combined Sources,0.929204,0.816245,0.943883
SPA17,0.000000,0.000000,Combined Sources,0.929204,0.816245,0.943883
KYNU,0.000000,0.000000,Combined Sources,0.929204,0.816245,0.943883
HLA-DOA,0.000000,0.000000,Combined Sources,0.929204,0.816245,0.943883
FAM153B,0.000000,0.000000,Combined Sources,0.929204,0.816245,0.943883
CDH10,0.000000,0.000000,Combined Sources,0.929204,0.816245,0.943883
ISYNA1,0.000000,0.000000,Combined Sources,0.929204,0.816245,0.943883
GP6,0.000000,0.000000,Combined Sources,0.929204,0.816245,0.943883
OR6A2,0.000000,0.000000,Combined Sources,0.929204,0.816245,0.943883
GLUD2,0.000000,0.000000,Combined Sources,0.929204,0.816245,0.943883
DNAI2,0.000000,0.000000,Combined Sources,0.929204,0.816245,0.943883
HESX1,0.000000,0.000000,Combined Sources,0.929204,0.816245,0.943883
TMEM40,0.000000,0.000000,Combined Sources,0.929204,0.816245,0.943883
CCR8,0.000000,0.000000,Combined Sources,0.929204,0.816245,0.943883
RANBP2,0.000000,0.000000,Combined Sources,0.929204,0.816245,0.943883
TSPAN3,0.000000,0.000000,Combined Sources,0.929204,0.816245,0.943883
TMED5,0.000000,0.000000,Combined Sources,0.929204,0.816245,0.943883
SYN1,0.000000,0.000000,Combined Sources,0.929204,0.816245,0.943883
UBE3C,0.000000,0.000000,Combined Sources,0.929204,0.816245,0.943883
FKBP3,0.000000,0.000000,Combined Sources,0.929204,0.816245,0.943883
IL17A,0.000000,0.000000,Combined Sources,0.929204,0.816245,0.943883
ZNF410,0.000000,0.000000,Combined Sources,0.929204,0.816245,0.943883
ANXA9,0.000000,0.000000,Combined Sources,0.929204,0.816245,0.943883
PLAC1,0.000000,0.000000,Combined Sources,0.929204,0.816245,0.943883
PLSCR2,0.000000,0.000000,Combined Sources,0.929204,0.816245,0.943883
TM7SF2,0.000000,0.000000,Combined Sources,0.929204,0.816245,0.943883
TMEM165,0.000000,0.000000,Combined Sources,0.929204,0.816245,0.943883
GABRR2,0.000000,0.000000,Combined Sources,0.929204,0.816245,0.943883
SFRP5,0.000000,0.000000,Combined Sources,0.929204,0.816245,0.943883
SLC35C1,0.000000,0.000000,Combined Sources,0.929204,0.816245,0.943883
ICMT,0.000000,0.000000,Combined Sources,0.929204,0.816245,0.943883
CLIC4,0.000000,0.000000,Combined Sources,0.929204,0.816245,0.943883
ROBO3,0.000000,0.000000,Combined Sources,0.929204,0.816245,0.943883
UGDH,0.000000,0.000000,Combined Sources,0.929204,0.816245,0.943883
TMSB4Y,0.000000,0.000000,Combined Sources,0.929204,0.816245,0.943883
B9D1,0.000000,0.000000,Combined Sources,0.929204,0.816245,0.943883
SZT2,0.000000,0.000000,Combined Sources,0.929204,0.816245,0.943883
MMADHC,0.000000,0.000000,Combined Sources,0.929204,0.816245,0.943883
PTPN9,0.000000,0.000000,Combined Sources,0.929204,0.816245,0.943883
DDX43,0.000000,0.000000,Combined Sources,0.929204,0.816245,0.943883
MAD2L1BP,0.000000,0.000000,Combined Sources,0.929204,0.816245,0.943883
TOP3B,0.000000,0.000000,Combined Sources,0.929204,0.816245,0.943883
SMAD7,0.000000,0.000000,Combined Sources,0.929204,0.816245,0.943883
CADM1,0.000000,0.000000,Combined Sources,0.929204,0.816245,0.943883
BMPR1B,0.000000,0.000000,Combined Sources,0.929204,0.816245,0.943883
OLR1,0.000000,0.000000,Combined Sources,0.929204,0.816245,0.943883
SRY,0.000000,0.000000,Combined Sources,0.929204,0.816245,0.943883
MRPL48,0.000000,0.000000,Combined Sources,0.929204,0.816245,0.943883
KIF20B,0.000000,0.000000,Combined Sources,0.929204,0.816245,0.943883
ABI2,0.000000,0.000000,Combined Sources,0.929204,0.816245,0.943883
ATXN1,0.000000,0.000000,Combined Sources,0.929204,0.816245,0.943883
RNF4,0.000000,0.000000,Combined Sources,0.929204,0.816245,0.943883
TRIM58,0.000000,0.000000,Combined Sources,0.929204,0.816245,0.943883
ETV3,0.000000,0.000000,Combined Sources,0.929204,0.816245,0.943883
PTPN18,0.000000,0.000000,Combined Sources,0.929204,0.816245,0.943883
MYOT,0.000000,0.000000,Combined Sources,0.929204,0.816245,0.943883
ITPKB,0.000000,0.000000,Combined Sources,0.929204,0.816245,0.943883
ABL2,0.000000,0.000000,Combined Sources,0.929204,0.816245,0.943883
PROM1,0.000000,0.000000,Combined Sources,0.929204,0.816245,0.943883
SAP25,0.000000,0.000000,Combined Sources,0.929204,0.816245,0.943883
GK2,0.000000,0.000000,Combined Sources,0.929204,0.816245,0.943883
CA12,0.000000,0.000000,Combined Sources,0.929204,0.816245,0.943883
GTF2F2,0.000000,0.000000,Combined Sources,0.929204,0.816245,0.943883
S100A6,0.000000,0.000000,Combined Sources,0.929204,0.816245,0.943883
DPYSL3,0.000000,0.000000,Combined Sources,0.929204,0.816245,0.943883
TMED2,0.000000,0.000000,Combined Sources,0.929204,0.816245,0.943883
HOMER1,0.000000,0.000000,Combined Sources,0.929204,0.816245,0.943883
SH3BGRL3,0.000000,0.000000,Combined Sources,0.929204,0.816245,0.943883
FAM193B,0.000000,0.000000,Combined Sources,0.929204,0.816245,0.943883
ZNHIT6,0.000000,0.000000,Combined Sources,0.929204,0.816245,0.943883
PRR5,0.000000,0.000000,Combined Sources,0.929204,0.816245,0.943883
ZBTB20,0.000000,0.000000,Combined Sources,0.929204,0.816245,0.943883
ADRB2,0.000000,0.000000,Combined Sources,0.929204,0.816245,0.943883
HIVEP3,0.000000,0.000000,Combined Sources,0.929204,0.816245,0.943883
SAE1,0.000000,0.000000,Combined Sources,0.929204,0.816245,0.943883
OGFOD2,0.000000,0.000000,Combined Sources,0.929204,0.816245,0.943883
CHCHD7,0.000000,0.000000,Combined Sources,0.929204,0.816245,0.943883
TLR4,0.000000,0.000000,Combined Sources,0.929204,0.816245,0.943883
NDUFA13,0.000000,0.000000,Combined Sources,0.929204,0.816245,0.943883
CTNNAL1,0.000000,0.000000,Combined Sources,0.929204,0.816245,0.943883
GNB1L,0.000000,0.000000,Combined Sources,0.929204,0.816245,0.943883
NDUFA7,0.000000,0.000000,Combined Sources,0.929204,0.816245,0.943883
NAA10,0.000000,0.000000,Combined Sources,0.929204,0.816245,0.943883
RAB1B,0.000000,0.000000,Combined Sources,0.929204,0.816245,0.943883
RBM8A,0.000000,0.000000,Combined Sources,0.929204,0.816245,0.943883
LPL,0.000000,0.000000,Combined Sources,0.929204,0.816245,0.943883
PPDPF,0.000000,0.000000,Combined Sources,0.929204,0.816245,0.943883
PTGER1,0.000000,0.000000,Combined Sources,0.929204,0.816245,0.943883
SLC22A17,0.000000,0.000000,Combined Sources,0.929204,0.816245,0.943883
HIC2,0.000000,0.000000,Combined Sources,0.929204,0.816245,0.943883
RNF123,0.000000,0.000000,Combined Sources,0.929204,0.816245,0.943883
PHTF2,0.000000,0.000000,Combined Sources,0.929204,0.816245,0.943883
SLC38A1,0.000000,0.000000,Combined Sources,0.929204,0.816245,0.943883
XAF1,0.000000,0.000000,Combined Sources,0.929204,0.816245,0.943883
RAD50,0.000000,0.000000,Combined Sources,0.929204,0.816245,0.943883
SYK,0.000000,0.000000,Combined Sources,0.929204,0.816245,0.943883
DAPK3,0.000000,0.000000,Combined Sources,0.929204,0.816245,0.943883
ZNF12,0.000000,0.000000,Combined Sources,0.929204,0.816245,0.943883
HOXD4,0.000000,0.000000,Combined Sources,0.929204,0.816245,0.943883
CSDC2,0.000000,0.000000,Combined Sources,0.929204,0.816245,0.943883
VPS72,0.000000,0.000000,Combined Sources,0.929204,0.816245,0.943883
KNG1,0.000000,0.000000,Combined Sources,0.929204,0.816245,0.943883
CACNB2,0.000000,0.000000,Combined Sources,0.929204,0.816245,0.943883
TUBA4B,0.000000,0.000000,Combined Sources,0.929204,0.816245,0.943883
MUC5B,0.000000,0.000000,Combined Sources,0.929204,0.816245,0.943883
DUT,0.000000,0.000000,Combined Sources,0.929204,0.816245,0.943883
BCCIP,0.000000,0.000000,Combined Sources,0.929204,0.816245,0.943883
RHEB,0.000000,0.000000,Combined Sources,0.929204,0.816245,0.943883
SKI,0.000000,0.000000,Combined Sources,0.929204,0.816245,0.943883
SLC2A11,0.000000,0.000000,Combined Sources,0.929204,0.816245,0.943883
RCN3,0.000000,0.000000,Combined Sources,0.929204,0.816245,0.943883
CAP1,0.000000,0.000000,Combined Sources,0.929204,0.816245,0.943883
PDE1C,0.000000,0.000000,Combined Sources,0.929204,0.816245,0.943883
MYL10,0.000000,0.000000,Combined Sources,0.929204,0.816245,0.943883
ADAT1,0.000000,0.000000,Combined Sources,0.929204,0.816245,0.943883
AVP,0.000000,0.000000,Combined Sources,0.929204,0.816245,0.943883
GPR35,0.000000,0.000000,Combined Sources,0.929204,0.816245,0.943883
TRPS1,0.000000,0.000000,Combined Sources,0.929204,0.816245,0.943883
DERL2,0.000000,0.000000,Combined Sources,0.929204,0.816245,0.943883
MAST3,0.000000,0.000000,Combined Sources,0.929204,0.816245,0.943883
AGPS,0.000000,0.000000,Combined Sources,0.929204,0.816245,0.943883
NFIB,0.000000,0.000000,Combined Sources,0.929204,0.816245,0.943883
COQ6,0.000000,0.000000,Combined Sources,0.929204,0.816245,0.943883
DPYS,0.000000,0.000000,Combined Sources,0.929204,0.816245,0.943883
PAQR4,0.000000,0.000000,Combined Sources,0.929204,0.816245,0.943883
NFE2,0.000000,0.000000,Combined Sources,0.929204,0.816245,0.943883
SLC5A7,0.000000,0.000000,Combined Sources,0.929204,0.816245,0.943883
HLA-DOB,0.000000,0.000000,Combined Sources,0.929204,0.816245,0.943883
NOC2L,0.000000,0.000000,Combined Sources,0.929204,0.816245,0.943883
SLC6A3,0.000000,0.000000,Combined Sources,0.929204,0.816245,0.943883
CHM,0.000000,0.000000,Combined Sources,0.929204,0.816245,0.943883
SNCG,0.000000,0.000000,Combined Sources,0.929204,0.816245,0.943883
PLA2G2A,0.000000,0.000000,Combined Sources,0.929204,0.816245,0.943883
PMEPA1,0.000000,0.000000,Combined Sources,0.929204,0.816245,0.943883
CSGALNACT2,0.000000,0.000000,Combined Sources,0.929204,0.816245,0.943883
SYNRG,0.000000,0.000000,Combined Sources,0.929204,0.816245,0.943883
DSCC1,0.000000,0.000000,Combined Sources,0.929204,0.816245,0.943883
WDR33,0.000000,0.000000,Combined Sources,0.929204,0.816245,0.943883
MCF2L,0.000000,0.000000,Combined Sources,0.929204,0.816245,0.943883
TRIM26,0.000000,0.000000,Combined Sources,0.929204,0.816245,0.943883
CYP2W1,0.000000,0.000000,Combined Sources,0.929204,0.816245,0.943883
UBL4A,0.000000,0.000000,Combined Sources,0.929204,0.816245,0.943883
PDGFC,0.000000,0.000000,Combined Sources,0.929204,0.816245,0.943883
EIF5,0.000000,0.000000,Combined Sources,0.929204,0.816245,0.943883
KRTAP9-9,0.000000,0.000000,Combined Sources,0.929204,0.816245,0.943883
C11orf21,0.000000,0.000000,Combined Sources,0.929204,0.816245,0.943883
NINJ2,0.000000,0.000000,Combined Sources,0.929204,0.816245,0.943883
DNA2,0.000000,0.000000,Combined Sources,0.929204,0.816245,0.943883
RTEL1,0.000000,0.000000,Combined Sources,0.929204,0.816245,0.943883
SH3YL1,0.000000,0.000000,Combined Sources,0.929204,0.816245,0.943883
AFF2,0.000000,0.000000,Combined Sources,0.929204,0.816245,0.943883
EI24,0.000000,0.000000,Combined Sources,0.929204,0.816245,0.943883
SLC35A3,0.000000,0.000000,Combined Sources,0.929204,0.816245,0.943883
PLA2G12A,0.000000,0.000000,Combined Sources,0.929204,0.816245,0.943883
EGR3,0.000000,0.000000,Combined Sources,0.929204,0.816245,0.943883
GINS3,0.000000,0.000000,Combined Sources,0.929204,0.816245,0.943883
DCXR,0.000000,0.000000,Combined Sources,0.929204,0.816245,0.943883
RIN2,0.000000,0.000000,Combined Sources,0.929204,0.816245,0.943883
NPTN,0.000000,0.000000,Combined Sources,0.929204,0.816245,0.943883
PRSS22,0.000000,0.000000,Combined Sources,0.929204,0.816245,0.943883
ZNF230,0.000000,0.000000,Combined Sources,0.929204,0.816245,0.943883
SNX1,0.000000,0.000000,Combined Sources,0.929204,0.816245,0.943883
SRCAP,0.000000,0.000000,Combined Sources,0.929204,0.816245,0.943883
SMU1,0.000000,0.000000,Combined Sources,0.929204,0.816245,0.943883
DNAAF1,0.000000,0.000000,Combined Sources,0.929204,0.816245,0.943883
ST13,0.000000,0.000000,Combined Sources,0.929204,0.816245,0.943883
BDKRB1,0.000000,0.000000,Combined Sources,0.929204,0.816245,0.943883
AURKB,0.000000,0.000000,Combined Sources,0.929204,0.816245,0.943883
P2RY1,0.000000,0.000000,Combined Sources,0.929204,0.816245,0.943883
TIPIN,0.000000,0.000000,Combined Sources,0.929204,0.816245,0.943883
SRM,0.000000,0.000000,Combined Sources,0.929204,0.816245,0.943883
PEX7,0.000000,0.000000,Combined Sources,0.929204,0.816245,0.943883
MC5R,0.000000,0.000000,Combined Sources,0.929204,0.816245,0.943883
ROGDI,0.000000,0.000000,Combined Sources,0.929204,0.816245,0.943883
EGR2,0.000000,0.000000,Combined Sources,0.929204,0.816245,0.943883
DNMT3B,0.000000,0.000000,Combined Sources,0.929204,0.816245,0.943883
PPP2R3C,0.000000,0.000000,Combined Sources,0.929204,0.816245,0.943883
ORC4,0.000000,0.000000,Combined Sources,0.929204,0.816245,0.943883
ITGA3,0.000000,0.000000,Combined Sources,0.929204,0.816245,0.943883
RNF31,0.000000,0.000000,Combined Sources,0.929204,0.816245,0.943883
TPI1,0.000000,0.000000,Combined Sources,0.929204,0.816245,0.943883
DUSP22,0.000000,0.000000,Combined Sources,0.929204,0.816245,0.943883
MMS19,0.000000,0.000000,Combined Sources,0.929204,0.816245,0.943883
ZKSCAN3,0.000000,0.000000,Combined Sources,0.929204,0.816245,0.943883
DDX21,0.000000,0.000000,Combined Sources,0.929204,0.816245,0.943883
F12,0.000000,0.000000,Combined Sources,0.929204,0.816245,0.943883
SPHK1,0.000000,0.000000,Combined Sources,0.929204,0.816245,0.943883
FHL2,0.000000,0.000000,Combined Sources,0.929204,0.816245,0.943883
ACTR5,0.000000,0.000000,Combined Sources,0.929204,0.816245,0.943883
ENDOD1,0.000000,0.000000,Combined Sources,0.929204,0.816245,0.943883
KPNA2,0.000000,0.000000,Combined Sources,0.929204,0.816245,0.943883
PARG,0.000000,0.000000,Combined Sources,0.929204,0.816245,0.943883
ARMCX2,0.000000,0.000000,Combined Sources,0.929204,0.816245,0.943883
TRAP1,0.000000,0.000000,Combined Sources,0.929204,0.816245,0.943883
EHMT1,0.000000,0.000000,Combined Sources,0.929204,0.816245,0.943883
SEC14L5,0.000000,0.000000,Combined Sources,0.929204,0.816245,0.943883
CYFIP2,0.000000,0.000000,Combined Sources,0.929204,0.816245,0.943883
FLAD1,0.000000,0.000000,Combined Sources,0.929204,0.816245,0.943883
ERF,0.000000,0.000000,Combined Sources,0.929204,0.816245,0.943883
VPS4B,0.000000,0.000000,Combined Sources,0.929204,0.816245,0.943883
EIF5A,0.000000,0.000000,Combined Sources,0.929204,0.816245,0.943883
SNX11,0.000000,0.000000,Combined Sources,0.929204,0.816245,0.943883
TRIP6,0.000000,0.000000,Combined Sources,0.929204,0.816245,0.943883
KRI1,0.000000,0.000000,Combined Sources,0.929204,0.816245,0.943883
PTPN22,0.000000,0.000000,Combined Sources,0.929204,0.816245,0.943883
MRPL9,0.000000,0.000000,Combined Sources,0.929204,0.816245,0.943883
ATP2A1,0.000000,0.000000,Combined Sources,0.929204,0.816245,0.943883
MED20,0.000000,0.000000,Combined Sources,0.929204,0.816245,0.943883
PLEKHM2,0.000000,0.000000,Combined Sources,0.929204,0.816245,0.943883
MCAT,0.000000,0.000000,Combined Sources,0.929204,0.816245,0.943883
PPFIA1,0.000000,0.000000,Combined Sources,0.929204,0.816245,0.943883
PPP3CA,0.000000,0.000000,Combined Sources,0.929204,0.816245,0.943883
TM9SF1,0.000000,0.000000,Combined Sources,0.929204,0.816245,0.943883
ENPEP,0.000000,0.000000,Combined Sources,0.929204,0.816245,0.943883
DCAF6,0.000000,0.000000,Combined Sources,0.929204,0.816245,0.943883
IFT57,0.000000,0.000000,Combined Sources,0.929204,0.816245,0.943883
FJX1,0.000000,0.000000,Combined Sources,0.929204,0.816245,0.943883
STK3,0.000000,0.000000,Combined Sources,0.929204,0.816245,0.943883
MBP,0.000000,0.000000,Combined Sources,0.929204,0.816245,0.943883
P4HA2,0.000000,0.000000,Combined Sources,0.929204,0.816245,0.943883
PBK,0.000000,0.000000,Combined Sources,0.929204,0.816245,0.943883
TPD52,0.000000,0.000000,Combined Sources,0.929204,0.816245,0.943883
LIM2,0.000000,0.000000,Combined Sources,0.929204,0.816245,0.943883
IFI27,0.000000,0.000000,Combined Sources,0.929204,0.816245,0.943883
POLE3,0.000000,0.000000,Combined Sources,0.929204,0.816245,0.943883
CDC42SE1,0.000000,0.000000,Combined Sources,0.929204,0.816245,0.943883
SLC6A14,0.000000,0.000000,Combined Sources,0.929204,0.816245,0.943883
TGFBR1,0.000000,0.000000,Combined Sources,0.929204,0.816245,0.943883
MRPL11,0.000000,0.000000,Combined Sources,0.929204,0.816245,0.943883
LDB1,0.000000,0.000000,Combined Sources,0.929204,0.816245,0.943883
ARPC1B,0.000000,0.000000,Combined Sources,0.929204,0.816245,0.943883
PI4KA,0.000000,0.000000,Combined Sources,0.929204,0.816245,0.943883
LIMA1,0.000000,0.000000,Combined Sources,0.929204,0.816245,0.943883
KCNK1,0.000000,0.000000,Combined Sources,0.929204,0.816245,0.943883
TUB,0.000000,0.000000,Combined Sources,0.929204,0.816245,0.943883
ASPM,0.000000,0.000000,Combined Sources,0.929204,0.816245,0.943883
NOX5,0.000000,0.000000,Combined Sources,0.929204,0.816245,0.943883
GPR27,0.000000,0.000000,Combined Sources,0.929204,0.816245,0.943883
GPX2,0.000000,0.000000,Combined Sources,0.929204,0.816245,0.943883
NUP214,0.000000,0.000000,Combined Sources,0.929204,0.816245,0.943883
ZNF226,0.000000,0.000000,Combined Sources,0.929204,0.816245,0.943883
ESRP2,0.000000,0.000000,Combined Sources,0.929204,0.816245,0.943883
LYPD3,0.000000,0.000000,Combined Sources,0.929204,0.816245,0.943883
SELENBP1,0.000000,0.000000,Combined Sources,0.929204,0.816245,0.943883
NBAS,0.000000,0.000000,Combined Sources,0.929204,0.816245,0.943883
PEX5L,0.000000,0.000000,Combined Sources,0.929204,0.816245,0.943883
TMEM33,0.000000,0.000000,Combined Sources,0.929204,0.816245,0.943883
BLCAP,0.000000,0.000000,Combined Sources,0.929204,0.816245,0.943883
IGFBP1,0.000000,0.000000,Combined Sources,0.929204,0.816245,0.943883
FKBP1A,0.000000,0.000000,Combined Sources,0.929204,0.816245,0.943883
PSMD7,0.000000,0.000000,Combined Sources,0.929204,0.816245,0.943883
TRPV2,0.000000,0.000000,Combined Sources,0.929204,0.816245,0.943883
HINT1,0.000000,0.000000,Combined Sources,0.929204,0.816245,0.943883
PMCH,0.000000,0.000000,Combined Sources,0.929204,0.816245,0.943883
PTCH2,0.000000,0.000000,Combined Sources,0.929204,0.816245,0.943883
MMP28,0.000000,0.000000,Combined Sources,0.929204,0.816245,0.943883
CITED1,0.000000,0.000000,Combined Sources,0.929204,0.816245,0.943883
PDSS2,0.000000,0.000000,Combined Sources,0.929204,0.816245,0.943883
CXCR6,0.000000,0.000000,Combined Sources,0.929204,0.816245,0.943883
CKAP5,0.000000,0.000000,Combined Sources,0.929204,0.816245,0.943883
RALYL,0.000000,0.000000,Combined Sources,0.929204,0.816245,0.943883
LTBP2,0.000000,0.000000,Combined Sources,0.929204,0.816245,0.943883
LSM6,0.000000,0.000000,Combined Sources,0.929204,0.816245,0.943883
FCGBP,0.000000,0.000000,Combined Sources,0.929204,0.816245,0.943883
USP24,0.000000,0.000000,Combined Sources,0.929204,0.816245,0.943883
HSPA12A,0.000000,0.000000,Combined Sources,0.929204,0.816245,0.943883
PCCB,0.000000,0.000000,Combined Sources,0.929204,0.816245,0.943883
SOX12,0.000000,0.000000,Combined Sources,0.929204,0.816245,0.943883
TEP1,0.000000,0.000000,Combined Sources,0.929204,0.816245,0.943883
IL16,0.000000,0.000000,Combined Sources,0.929204,0.816245,0.943883
APEX2,0.000000,0.000000,Combined Sources,0.929204,0.816245,0.943883
FAT1,0.000000,0.000000,Combined Sources,0.929204,0.816245,0.943883
NCAPG2,0.000000,0.000000,Combined Sources,0.929204,0.816245,0.943883
OMG,0.000000,0.000000,Combined Sources,0.929204,0.816245,0.943883
RWDD1,0.000000,0.000000,Combined Sources,0.929204,0.816245,0.943883
NEK4,0.000000,0.000000,Combined Sources,0.929204,0.816245,0.943883
ZNF493,0.000000,0.000000,Combined Sources,0.929204,0.816245,0.943883
MARCKS,0.000000,0.000000,Combined Sources,0.929204,0.816245,0.943883
ADRB3,0.000000,0.000000,Combined Sources,0.929204,0.816245,0.943883
CASR,0.000000,0.000000,Combined Sources,0.929204,0.816245,0.943883
MYL4,0.000000,0.000000,Combined Sources,0.929204,0.816245,0.943883
GRIP1,0.000000,0.000000,Combined Sources,0.929204,0.816245,0.943883
DZIP1,0.000000,0.000000,Combined Sources,0.929204,0.816245,0.943883
TDRD12,0.000000,0.000000,Combined Sources,0.929204,0.816245,0.943883
KLHDC2,0.000000,0.000000,Combined Sources,0.929204,0.816245,0.943883
RAPSN,0.000000,0.000000,Combined Sources,0.929204,0.816245,0.943883
HNRNPF,0.000000,0.000000,Combined Sources,0.929204,0.816245,0.943883
NARS2,0.000000,0.000000,Combined Sources,0.929204,0.816245,0.943883
HRH4,0.000000,0.000000,Combined Sources,0.929204,0.816245,0.943883
SLC18A3,0.000000,0.000000,Combined Sources,0.929204,0.816245,0.943883
RAB4A,0.000000,0.000000,Combined Sources,0.929204,0.816245,0.943883
CHRNA1,0.000000,0.000000,Combined Sources,0.929204,0.816245,0.943883
DNM1L,0.000000,0.000000,Combined Sources,0.929204,0.816245,0.943883
OTC,0.000000,0.000000,Combined Sources,0.929204,0.816245,0.943883
MOCS2,0.000000,0.000000,Combined Sources,0.929204,0.816245,0.943883
PTDSS2,0.000000,0.000000,Combined Sources,0.929204,0.816245,0.943883
KCNC3,0.000000,0.000000,Combined Sources,0.929204,0.816245,0.943883
PLLP,0.000000,0.000000,Combined Sources,0.929204,0.816245,0.943883
LTC4S,0.000000,0.000000,Combined Sources,0.929204,0.816245,0.943883
PEX12,0.000000,0.000000,Combined Sources,0.929204,0.816245,0.943883
SIGLEC15,0.000000,0.000000,Combined Sources,0.929204,0.816245,0.943883
SRRT,0.000000,0.000000,Combined Sources,0.929204,0.816245,0.943883
LTB,0.000000,0.000000,Combined Sources,0.929204,0.816245,0.943883
PML,0.000000,0.000000,Combined Sources,0.929204,0.816245,0.943883
PSG1,0.000000,0.000000,Combined Sources,0.929204,0.816245,0.943883
MBD1,0.000000,0.000000,Combined Sources,0.929204,0.816245,0.943883
PAK1IP1,0.000000,0.000000,Combined Sources,0.929204,0.816245,0.943883
ACAT2,0.000000,0.000000,Combined Sources,0.929204,0.816245,0.943883
LDHC,0.000000,0.000000,Combined Sources,0.929204,0.816245,0.943883
SLC27A2,0.000000,0.000000,Combined Sources,0.929204,0.816245,0.943883
SEC61B,0.000000,0.000000,Combined Sources,0.929204,0.816245,0.943883
KRT24,0.000000,0.000000,Combined Sources,0.929204,0.816245,0.943883
SLC50A1,0.000000,0.000000,Combined Sources,0.929204,0.816245,0.943883
SERPINA7,0.000000,0.000000,Combined Sources,0.929204,0.816245,0.943883
CLEC3B,0.000000,0.000000,Combined Sources,0.929204,0.816245,0.943883
COX11,0.000000,0.000000,Combined Sources,0.929204,0.816245,0.943883
HTRA2,0.000000,0.000000,Combined Sources,0.929204,0.816245,0.943883
MTA2,0.000000,0.000000,Combined Sources,0.929204,0.816245,0.943883
TMEM161A,0.000000,0.000000,Combined Sources,0.929204,0.816245,0.943883
CLEC10A,0.000000,0.000000,Combined Sources,0.929204,0.816245,0.943883
MEF2D,0.000000,0.000000,Combined Sources,0.929204,0.816245,0.943883
HAPLN1,0.000000,0.000000,Combined Sources,0.929204,0.816245,0.943883
SPRED2,0.000000,0.000000,Combined Sources,0.929204,0.816245,0.943883
PKD2L1,0.000000,0.000000,Combined Sources,0.929204,0.816245,0.943883
DDOST,0.000000,0.000000,Combined Sources,0.929204,0.816245,0.943883
DDX47,0.000000,0.000000,Combined Sources,0.929204,0.816245,0.943883
TEAD4,0.000000,0.000000,Combined Sources,0.929204,0.816245,0.943883
RBPJ,0.000000,0.000000,Combined Sources,0.929204,0.816245,0.943883
OPA1,0.000000,0.000000,Combined Sources,0.929204,0.816245,0.943883
NIPAL3,0.000000,0.000000,Combined Sources,0.929204,0.816245,0.943883
ASS1,0.000000,0.000000,Combined Sources,0.929204,0.816245,0.943883
INPP5B,0.000000,0.000000,Combined Sources,0.929204,0.816245,0.943883
KCNJ4,0.000000,0.000000,Combined Sources,0.929204,0.816245,0.943883
DDR2,0.000000,0.000000,Combined Sources,0.929204,0.816245,0.943883
PCIF1,0.000000,0.000000,Combined Sources,0.929204,0.816245,0.943883
TAAR5,0.000000,0.000000,Combined Sources,0.929204,0.816245,0.943883
CLCF1,0.000000,0.000000,Combined Sources,0.929204,0.816245,0.943883
UPK3A,0.000000,0.000000,Combined Sources,0.929204,0.816245,0.943883
POLR3E,0.000000,0.000000,Combined Sources,0.929204,0.816245,0.943883
PFKFB3,0.000000,0.000000,Combined Sources,0.929204,0.816245,0.943883
MCMBP,0.000000,0.000000,Combined Sources,0.929204,0.816245,0.943883
SIRT4,0.000000,0.000000,Combined Sources,0.929204,0.816245,0.943883
KCNF1,0.000000,0.000000,Combined Sources,0.929204,0.816245,0.943883
IFIT3,0.000000,0.000000,Combined Sources,0.929204,0.816245,0.943883
MXI1,0.000000,0.000000,Combined Sources,0.929204,0.816245,0.943883
TRIM38,0.000000,0.000000,Combined Sources,0.929204,0.816245,0.943883
EHBP1L1,0.000000,0.000000,Combined Sources,0.929204,0.816245,0.943883
NUCKS1,0.000000,0.000000,Combined Sources,0.929204,0.816245,0.943883
OR7E2P,0.000000,0.000000,Combined Sources,0.929204,0.816245,0.943883
CIAO1,0.000000,0.000000,Combined Sources,0.929204,0.816245,0.943883
DNAJB9,0.000000,0.000000,Combined Sources,0.929204,0.816245,0.943883
ZNF277,0.000000,0.000000,Combined Sources,0.929204,0.816245,0.943883
CYTH3,0.000000,0.000000,Combined Sources,0.929204,0.816245,0.943883
PNPLA3,0.000000,0.000000,Combined Sources,0.929204,0.816245,0.943883
KIR3DL2,0.000000,0.000000,Combined Sources,0.929204,0.816245,0.943883
TRH,0.000000,0.000000,Combined Sources,0.929204,0.816245,0.943883
MSTN,0.000000,0.000000,Combined Sources,0.929204,0.816245,0.943883
CTIF,0.000000,0.000000,Combined Sources,0.929204,0.816245,0.943883
PSMD3,0.000000,0.000000,Combined Sources,0.929204,0.816245,0.943883
SOAT1,0.000000,0.000000,Combined Sources,0.929204,0.816245,0.943883
MDC1,0.000000,0.000000,Combined Sources,0.929204,0.816245,0.943883
NFKBIE,0.000000,0.000000,Combined Sources,0.929204,0.816245,0.943883
PACS1,0.000000,0.000000,Combined Sources,0.929204,0.816245,0.943883
GZMK,0.000000,0.000000,Combined Sources,0.929204,0.816245,0.943883
RPS27L,0.000000,0.000000,Combined Sources,0.929204,0.816245,0.943883
UBR4,0.000000,0.000000,Combined Sources,0.929204,0.816245,0.943883
SP4,0.000000,0.000000,Combined Sources,0.929204,0.816245,0.943883
NCKAP1L,0.000000,0.000000,Combined Sources,0.929204,0.816245,0.943883
ABHD5,0.000000,0.000000,Combined Sources,0.929204,0.816245,0.943883
AKAP3,0.000000,0.000000,Combined Sources,0.929204,0.816245,0.943883
RPL14,0.000000,0.000000,Combined Sources,0.929204,0.816245,0.943883
EIF6,0.000000,0.000000,Combined Sources,0.929204,0.816245,0.943883
CNPY3,0.000000,0.000000,Combined Sources,0.929204,0.816245,0.943883
TGFB1I1,0.000000,0.000000,Combined Sources,0.929204,0.816245,0.943883
COG4,0.000000,0.000000,Combined Sources,0.929204,0.816245,0.943883
HSF2,0.000000,0.000000,Combined Sources,0.929204,0.816245,0.943883
KIAA0040,0.000000,0.000000,Combined Sources,0.929204,0.816245,0.943883
FGFR4,0.000000,0.000000,Combined Sources,0.929204,0.816245,0.943883
THAP7,0.000000,0.000000,Combined Sources,0.929204,0.816245,0.943883
CHIT1,0.000000,0.000000,Combined Sources,0.929204,0.816245,0.943883
MAB21L1,0.000000,0.000000,Combined Sources,0.929204,0.816245,0.943883
EDNRA,0.000000,0.000000,Combined Sources,0.929204,0.816245,0.943883
DNAJC4,0.000000,0.000000,Combined Sources,0.929204,0.816245,0.943883
PDXK,0.000000,0.000000,Combined Sources,0.929204,0.816245,0.943883
FXN,0.000000,0.000000,Combined Sources,0.929204,0.816245,0.943883
MMP25,0.000000,0.000000,Combined Sources,0.929204,0.816245,0.943883
GPR37,0.000000,0.000000,Combined Sources,0.929204,0.816245,0.943883
SHANK2,0.000000,0.000000,Combined Sources,0.929204,0.816245,0.943883
SGCA,0.000000,0.000000,Combined Sources,0.929204,0.816245,0.943883
CAPN6,0.000000,0.000000,Combined Sources,0.929204,0.816245,0.943883
IGFALS,0.000000,0.000000,Combined Sources,0.929204,0.816245,0.943883
PTPN21,0.000000,0.000000,Combined Sources,0.929204,0.816245,0.943883
TNFSF11,0.000000,0.000000,Combined Sources,0.929204,0.816245,0.943883
DBH,0.000000,0.000000,Combined Sources,0.929204,0.816245,0.943883
DGKD,0.000000,0.000000,Combined Sources,0.929204,0.816245,0.943883
RASGRF1,0.000000,0.000000,Combined Sources,0.929204,0.816245,0.943883
DDR1,0.000000,0.000000,Combined Sources,0.929204,0.816245,0.943883
PAGE4,0.000000,0.000000,Combined Sources,0.929204,0.816245,0.943883
SEMA4F,0.000000,0.000000,Combined Sources,0.929204,0.816245,0.943883
PDK2,0.000000,0.000000,Combined Sources,0.929204,0.816245,0.943883
PRM2,0.000000,0.000000,Combined Sources,0.929204,0.816245,0.943883
ROBO4,0.000000,0.000000,Combined Sources,0.929204,0.816245,0.943883
SH3GL3,0.000000,0.000000,Combined Sources,0.929204,0.816245,0.943883
MAN2A2,0.000000,0.000000,Combined Sources,0.929204,0.816245,0.943883
RUFY3,0.000000,0.000000,Combined Sources,0.929204,0.816245,0.943883
PAX1,0.000000,0.000000,Combined Sources,0.929204,0.816245,0.943883
XPNPEP1,0.000000,0.000000,Combined Sources,0.929204,0.816245,0.943883
ZNF682,0.000000,0.000000,Combined Sources,0.929204,0.816245,0.943883
TNFAIP2,0.000000,0.000000,Combined Sources,0.929204,0.816245,0.943883
FLRT2,0.000000,0.000000,Combined Sources,0.929204,0.816245,0.943883
SRF,0.000000,0.000000,Combined Sources,0.929204,0.816245,0.943883
MLLT3,0.000000,0.000000,Combined Sources,0.929204,0.816245,0.943883
EIF4ENIF1,0.000000,0.000000,Combined Sources,0.929204,0.816245,0.943883
TBC1D2,0.000000,0.000000,Combined Sources,0.929204,0.816245,0.943883
CRLF1,0.000000,0.000000,Combined Sources,0.929204,0.816245,0.943883
MGMT,0.000000,0.000000,Combined Sources,0.929204,0.816245,0.943883
LY75,0.000000,0.000000,Combined Sources,0.929204,0.816245,0.943883
CDH3,0.000000,0.000000,Combined Sources,0.929204,0.816245,0.943883
PPP1R3D,0.000000,0.000000,Combined Sources,0.929204,0.816245,0.943883
HNRNPA2B1,0.000000,0.000000,Combined Sources,0.929204,0.816245,0.943883
IKZF4,0.000000,0.000000,Combined Sources,0.929204,0.816245,0.943883
POLR3B,0.000000,0.000000,Combined Sources,0.929204,0.816245,0.943883
TMSB10,0.000000,0.000000,Combined Sources,0.929204,0.816245,0.943883
ARMCX1,0.000000,0.000000,Combined Sources,0.929204,0.816245,0.943883
COMMD3,0.000000,0.000000,Combined Sources,0.929204,0.816245,0.943883
CHD4,0.000000,0.000000,Combined Sources,0.929204,0.816245,0.943883
RNASET2,0.000000,0.000000,Combined Sources,0.929204,0.816245,0.943883
ZNF286A,0.000000,0.000000,Combined Sources,0.929204,0.816245,0.943883
SMAD5-AS1,0.000000,0.000000,Combined Sources,0.929204,0.816245,0.943883
CDC23,0.000000,0.000000,Combined Sources,0.929204,0.816245,0.943883
TRPC2,0.000000,0.000000,Combined Sources,0.929204,0.816245,0.943883
PNMA1,0.000000,0.000000,Combined Sources,0.929204,0.816245,0.943883
ACVRL1,0.000000,0.000000,Combined Sources,0.929204,0.816245,0.943883
ZBTB43,0.000000,0.000000,Combined Sources,0.929204,0.816245,0.943883
PSMA5,0.000000,0.000000,Combined Sources,0.929204,0.816245,0.943883
ANGEL2,0.000000,0.000000,Combined Sources,0.929204,0.816245,0.943883
CCDC82,0.000000,0.000000,Combined Sources,0.929204,0.816245,0.943883
C6orf120,0.000000,0.000000,Combined Sources,0.929204,0.816245,0.943883
RLN3,0.000000,0.000000,Combined Sources,0.929204,0.816245,0.943883
UBE2L3,0.000000,0.000000,Combined Sources,0.929204,0.816245,0.943883
MICALL2,0.000000,0.000000,Combined Sources,0.929204,0.816245,0.943883
BTN2A1,0.000000,0.000000,Combined Sources,0.929204,0.816245,0.943883
TRIAP1,0.000000,0.000000,Combined Sources,0.929204,0.816245,0.943883
RAB32,0.000000,0.000000,Combined Sources,0.929204,0.816245,0.943883
FAM110D,0.000000,0.000000,Combined Sources,0.929204,0.816245,0.943883
LRTM1,0.000000,0.000000,Combined Sources,0.929204,0.816245,0.943883
TGOLN2,0.000000,0.000000,Combined Sources,0.929204,0.816245,0.943883
TMEM204,0.000000,0.000000,Combined Sources,0.929204,0.816245,0.943883
BCL11A,0.000000,0.000000,Combined Sources,0.929204,0.816245,0.943883
RRS1,0.000000,0.000000,Combined Sources,0.929204,0.816245,0.943883
TRIM44,0.000000,0.000000,Combined Sources,0.929204,0.816245,0.943883
PDE9A,0.000000,0.000000,Combined Sources,0.929204,0.816245,0.943883
TRPM2,0.000000,0.000000,Combined Sources,0.929204,0.816245,0.943883
MB,0.000000,0.000000,Combined Sources,0.929204,0.816245,0.943883
PCYOX1,0.000000,0.000000,Combined Sources,0.929204,0.816245,0.943883
KPNA4,0.000000,0.000000,Combined Sources,0.929204,0.816245,0.943883
CLASRP,0.000000,0.000000,Combined Sources,0.929204,0.816245,0.943883
COQ9,0.000000,0.000000,Combined Sources,0.929204,0.816245,0.943883
SCNN1D,0.000000,0.000000,Combined Sources,0.929204,0.816245,0.943883
BNIP3L,0.000000,0.000000,Combined Sources,0.929204,0.816245,0.943883
OSGEPL1,0.000000,0.000000,Combined Sources,0.929204,0.816245,0.943883
SHH,0.000000,0.000000,Combined Sources,0.929204,0.816245,0.943883
LHX1,0.000000,0.000000,Combined Sources,0.929204,0.816245,0.943883
NEUROD4,0.000000,0.000000,Combined Sources,0.929204,0.816245,0.943883
LSS,0.000000,0.000000,Combined Sources,0.929204,0.816245,0.943883
CLCN6,0.000000,0.000000,Combined Sources,0.929204,0.816245,0.943883
NUP88,0.000000,0.000000,Combined Sources,0.929204,0.816245,0.943883
SGCG,0.000000,0.000000,Combined Sources,0.929204,0.816245,0.943883
DYRK4,0.000000,0.000000,Combined Sources,0.929204,0.816245,0.943883
FASTKD2,0.000000,0.000000,Combined Sources,0.929204,0.816245,0.943883
SLPI,0.000000,0.000000,Combined Sources,0.929204,0.816245,0.943883
PNLIPRP2,0.000000,0.000000,Combined Sources,0.929204,0.816245,0.943883
PTP4A3,0.000000,0.000000,Combined Sources,0.929204,0.816245,0.943883
BCL7B,0.000000,0.000000,Combined Sources,0.929204,0.816245,0.943883
BSPRY,0.000000,0.000000,Combined Sources,0.929204,0.816245,0.943883
POU2F1,0.000000,0.000000,Combined Sources,0.929204,0.816245,0.943883
DNAJC9,0.000000,0.000000,Combined Sources,0.929204,0.816245,0.943883
ST8SIA2,0.000000,0.000000,Combined Sources,0.929204,0.816245,0.943883
C1orf115,0.000000,0.000000,Combined Sources,0.929204,0.816245,0.943883
STYXL1,0.000000,0.000000,Combined Sources,0.929204,0.816245,0.943883
MAT2A,0.000000,0.000000,Combined Sources,0.929204,0.816245,0.943883
MEF2C,0.000000,0.000000,Combined Sources,0.929204,0.816245,0.943883
SEMA3A,0.000000,0.000000,Combined Sources,0.929204,0.816245,0.943883
SLC6A11,0.000000,0.000000,Combined Sources,0.929204,0.816245,0.943883
RBP1,0.000000,0.000000,Combined Sources,0.929204,0.816245,0.943883
LFNG,0.000000,0.000000,Combined Sources,0.929204,0.816245,0.943883
EML1,0.000000,0.000000,Combined Sources,0.929204,0.816245,0.943883
PDZD8,0.000000,0.000000,Combined Sources,0.929204,0.816245,0.943883
KANSL3,0.000000,0.000000,Combined Sources,0.929204,0.816245,0.943883
ABHD4,0.000000,0.000000,Combined Sources,0.929204,0.816245,0.943883
IFNGR1,0.000000,0.000000,Combined Sources,0.929204,0.816245,0.943883
LOC155060,0.000000,0.000000,Combined Sources,0.929204,0.816245,0.943883
IL3RA,0.000000,0.000000,Combined Sources,0.929204,0.816245,0.943883
DNAH3,0.000000,0.000000,Combined Sources,0.929204,0.816245,0.943883
IRF5,0.000000,0.000000,Combined Sources,0.929204,0.816245,0.943883
GABPA,0.000000,0.000000,Combined Sources,0.929204,0.816245,0.943883
MAP3K10,0.000000,0.000000,Combined Sources,0.929204,0.816245,0.943883
UBAP1,0.000000,0.000000,Combined Sources,0.929204,0.816245,0.943883
POLR2A,0.000000,0.000000,Combined Sources,0.929204,0.816245,0.943883
LETM1,0.000000,0.000000,Combined Sources,0.929204,0.816245,0.943883
PLEKHJ1,0.000000,0.000000,Combined Sources,0.929204,0.816245,0.943883
FCF1,0.000000,0.000000,Combined Sources,0.929204,0.816245,0.943883
AMPH,0.000000,0.000000,Combined Sources,0.929204,0.816245,0.943883
APBA2,0.000000,0.000000,Combined Sources,0.929204,0.816245,0.943883
ARHGAP28,0.000000,0.000000,Combined Sources,0.929204,0.816245,0.943883
DDX27,0.000000,0.000000,Combined Sources,0.929204,0.816245,0.943883
P2RY6,0.000000,0.000000,Combined Sources,0.929204,0.816245,0.943883
BAMBI,0.000000,0.000000,Combined Sources,0.929204,0.816245,0.943883
YY2,0.000000,0.000000,Combined Sources,0.929204,0.816245,0.943883
BMP5,0.000000,0.000000,Combined Sources,0.929204,0.816245,0.943883
ALDOB,0.000000,0.000000,Combined Sources,0.929204,0.816245,0.943883
CUL3,0.000000,0.000000,Combined Sources,0.929204,0.816245,0.943883
IGHMBP2,0.000000,0.000000,Combined Sources,0.929204,0.816245,0.943883
SH3BP1,0.000000,0.000000,Combined Sources,0.929204,0.816245,0.943883
CFI,0.000000,0.000000,Combined Sources,0.929204,0.816245,0.943883
ZNF460,0.000000,0.000000,Combined Sources,0.929204,0.816245,0.943883
GALNT7,0.000000,0.000000,Combined Sources,0.929204,0.816245,0.943883
MSR1,0.000000,0.000000,Combined Sources,0.929204,0.816245,0.943883
PDE6H,0.000000,0.000000,Combined Sources,0.929204,0.816245,0.943883
CLCA2,0.000000,0.000000,Combined Sources,0.929204,0.816245,0.943883
RAB17,0.000000,0.000000,Combined Sources,0.929204,0.816245,0.943883
CD59,0.000000,0.000000,Combined Sources,0.929204,0.816245,0.943883
PHLDA3,0.000000,0.000000,Combined Sources,0.929204,0.816245,0.943883
FOXM1,0.000000,0.000000,Combined Sources,0.929204,0.816245,0.943883
DNAJC1,0.000000,0.000000,Combined Sources,0.929204,0.816245,0.943883
NDUFA10,0.000000,0.000000,Combined Sources,0.929204,0.816245,0.943883
TP53BP1,0.000000,0.000000,Combined Sources,0.929204,0.816245,0.943883
GYPE,0.000000,0.000000,Combined Sources,0.929204,0.816245,0.943883
PDE1B,0.000000,0.000000,Combined Sources,0.929204,0.816245,0.943883
POP7,0.000000,0.000000,Combined Sources,0.929204,0.816245,0.943883
SLC38A10,0.000000,0.000000,Combined Sources,0.929204,0.816245,0.943883
ADCYAP1R1,0.000000,0.000000,Combined Sources,0.929204,0.816245,0.943883
LILRB5,0.000000,0.000000,Combined Sources,0.929204,0.816245,0.943883
LOXL2,0.000000,0.000000,Combined Sources,0.929204,0.816245,0.943883
PDAP1,0.000000,0.000000,Combined Sources,0.929204,0.816245,0.943883
PIGZ,0.000000,0.000000,Combined Sources,0.929204,0.816245,0.943883
CIR1,0.000000,0.000000,Combined Sources,0.929204,0.816245,0.943883
MEGF6,0.000000,0.000000,Combined Sources,0.929204,0.816245,0.943883
CD36,0.000000,0.000000,Combined Sources,0.929204,0.816245,0.943883
MAPKAPK5,0.000000,0.000000,Combined Sources,0.929204,0.816245,0.943883
PSMA3,0.000000,0.000000,Combined Sources,0.929204,0.816245,0.943883
SMUG1,0.000000,0.000000,Combined Sources,0.929204,0.816245,0.943883
NDUFS1,0.000000,0.000000,Combined Sources,0.929204,0.816245,0.943883
IMMT,0.000000,0.000000,Combined Sources,0.929204,0.816245,0.943883
CALHM2,0.000000,0.000000,Combined Sources,0.929204,0.816245,0.943883
GLE1,0.000000,0.000000,Combined Sources,0.929204,0.816245,0.943883
SMPDL3A,0.000000,0.000000,Combined Sources,0.929204,0.816245,0.943883
ARHGEF16,0.000000,0.000000,Combined Sources,0.929204,0.816245,0.943883
MKRN1,0.000000,0.000000,Combined Sources,0.929204,0.816245,0.943883
NCOA3,0.000000,0.000000,Combined Sources,0.929204,0.816245,0.943883
SCAMP4,0.000000,0.000000,Combined Sources,0.929204,0.816245,0.943883
KIF15,0.000000,0.000000,Combined Sources,0.929204,0.816245,0.943883
QTRT1,0.000000,0.000000,Combined Sources,0.929204,0.816245,0.943883
ABCF3,0.000000,0.000000,Combined Sources,0.929204,0.816245,0.943883
ELK3,0.000000,0.000000,Combined Sources,0.929204,0.816245,0.943883
EFNB3,0.000000,0.000000,Combined Sources,0.929204,0.816245,0.943883
UTP3,0.000000,0.000000,Combined Sources,0.929204,0.816245,0.943883
RWDD2A,0.000000,0.000000,Combined Sources,0.929204,0.816245,0.943883
ADAMTSL3,0.000000,0.000000,Combined Sources,0.929204,0.816245,0.943883
MAP9,0.000000,0.000000,Combined Sources,0.929204,0.816245,0.943883
GNAZ,0.000000,0.000000,Combined Sources,0.929204,0.816245,0.943883
SLC27A3,0.000000,0.000000,Combined Sources,0.929204,0.816245,0.943883
RBMS1,0.000000,0.000000,Combined Sources,0.929204,0.816245,0.943883
BCAR3,0.000000,0.000000,Combined Sources,0.929204,0.816245,0.943883
ANXA3,0.000000,0.000000,Combined Sources,0.929204,0.816245,0.943883
CNTFR,0.000000,0.000000,Combined Sources,0.929204,0.816245,0.943883
A1CF,0.000000,0.000000,Combined Sources,0.929204,0.816245,0.943883
GUSBP11,0.000000,0.000000,Combined Sources,0.929204,0.816245,0.943883
AGRN,0.000000,0.000000,Combined Sources,0.929204,0.816245,0.943883
FAM131A,0.000000,0.000000,Combined Sources,0.929204,0.816245,0.943883
ITPR2,0.000000,0.000000,Combined Sources,0.929204,0.816245,0.943883
KDM6B,0.000000,0.000000,Combined Sources,0.929204,0.816245,0.943883
BTN2A2,0.000000,0.000000,Combined Sources,0.929204,0.816245,0.943883
TARBP2,0.000000,0.000000,Combined Sources,0.929204,0.816245,0.943883
ATP1B4,0.000000,0.000000,Combined Sources,0.929204,0.816245,0.943883
DHX32,0.000000,0.000000,Combined Sources,0.929204,0.816245,0.943883
MMP12,0.000000,0.000000,Combined Sources,0.929204,0.816245,0.943883
SSTR4,0.000000,0.000000,Combined Sources,0.929204,0.816245,0.943883
GSDMD,0.000000,0.000000,Combined Sources,0.929204,0.816245,0.943883
KLK3,0.000000,0.000000,Combined Sources,0.929204,0.816245,0.943883
HDDC2,0.000000,0.000000,Combined Sources,0.929204,0.816245,0.943883
TIGD6,0.000000,0.000000,Combined Sources,0.929204,0.816245,0.943883
SLCO1B3,0.000000,0.000000,Combined Sources,0.929204,0.816245,0.943883
PRB3,0.000000,0.000000,Combined Sources,0.929204,0.816245,0.943883
SGK1,0.000000,0.000000,Combined Sources,0.929204,0.816245,0.943883
PDK4,0.000000,0.000000,Combined Sources,0.929204,0.816245,0.943883
TTLL5,0.000000,0.000000,Combined Sources,0.929204,0.816245,0.943883
CKMT2,0.000000,0.000000,Combined Sources,0.929204,0.816245,0.943883
OSBPL3,0.000000,0.000000,Combined Sources,0.929204,0.816245,0.943883
RFWD3,0.000000,0.000000,Combined Sources,0.929204,0.816245,0.943883
GFRA1,0.000000,0.000000,Combined Sources,0.929204,0.816245,0.943883
MKKS,0.000000,0.000000,Combined Sources,0.929204,0.816245,0.943883
TGFB1,0.000000,0.000000,Combined Sources,0.929204,0.816245,0.943883
TNFSF12,0.000000,0.000000,Combined Sources,0.929204,0.816245,0.943883
ASH2L,0.000000,0.000000,Combined Sources,0.929204,0.816245,0.943883
EIF2B3,0.000000,0.000000,Combined Sources,0.929204,0.816245,0.943883
PCLO,0.000000,0.000000,Combined Sources,0.929204,0.816245,0.943883
SEMA4D,0.000000,0.000000,Combined Sources,0.929204,0.816245,0.943883
ZNHIT3,0.000000,0.000000,Combined Sources,0.929204,0.816245,0.943883
ADH5,0.000000,0.000000,Combined Sources,0.929204,0.816245,0.943883
IP6K2,0.000000,0.000000,Combined Sources,0.929204,0.816245,0.943883
WRN,0.000000,0.000000,Combined Sources,0.929204,0.816245,0.943883
WAC,0.000000,0.000000,Combined Sources,0.929204,0.816245,0.943883
PGAP3,0.000000,0.000000,Combined Sources,0.929204,0.816245,0.943883
EPB41L4A,0.000000,0.000000,Combined Sources,0.929204,0.816245,0.943883
ZGPAT,0.000000,0.000000,Combined Sources,0.929204,0.816245,0.943883
PPP1R10,0.000000,0.000000,Combined Sources,0.929204,0.816245,0.943883
IFI44,0.000000,0.000000,Combined Sources,0.929204,0.816245,0.943883
YY1,0.000000,0.000000,Combined Sources,0.929204,0.816245,0.943883
NPBWR2,0.000000,0.000000,Combined Sources,0.929204,0.816245,0.943883
LYVE1,0.000000,0.000000,Combined Sources,0.929204,0.816245,0.943883
SLC30A3,0.000000,0.000000,Combined Sources,0.929204,0.816245,0.943883
EEF1D,0.000000,0.000000,Combined Sources,0.929204,0.816245,0.943883
GTDC1,0.000000,0.000000,Combined Sources,0.929204,0.816245,0.943883
XK,0.000000,0.000000,Combined Sources,0.929204,0.816245,0.943883
C8A,0.000000,0.000000,Combined Sources,0.929204,0.816245,0.943883
RPS6,0.000000,0.000000,Combined Sources,0.929204,0.816245,0.943883
NDFIP1,0.000000,0.000000,Combined Sources,0.929204,0.816245,0.943883
CKLF,0.000000,0.000000,Combined Sources,0.929204,0.816245,0.943883
PPCS,0.000000,0.000000,Combined Sources,0.929204,0.816245,0.943883
TMEM134,0.000000,0.000000,Combined Sources,0.929204,0.816245,0.943883
LTB4R2,0.000000,0.000000,Combined Sources,0.929204,0.816245,0.943883
IFNA10,0.000000,0.000000,Combined Sources,0.929204,0.816245,0.943883
TPO,0.000000,0.000000,Combined Sources,0.929204,0.816245,0.943883
MLPH,0.000000,0.000000,Combined Sources,0.929204,0.816245,0.943883
RNF144A,0.000000,0.000000,Combined Sources,0.929204,0.816245,0.943883
CWC25,0.000000,0.000000,Combined Sources,0.929204,0.816245,0.943883
ADM2,0.000000,0.000000,Combined Sources,0.929204,0.816245,0.943883
NEK2,0.000000,0.000000,Combined Sources,0.929204,0.816245,0.943883
PFDN1,0.000000,0.000000,Combined Sources,0.929204,0.816245,0.943883
IFT52,0.000000,0.000000,Combined Sources,0.929204,0.816245,0.943883
GINS1,0.000000,0.000000,Combined Sources,0.929204,0.816245,0.943883
GNAI1,0.000000,0.000000,Combined Sources,0.929204,0.816245,0.943883
LRPPRC,0.000000,0.000000,Combined Sources,0.929204,0.816245,0.943883
RBP3,0.000000,0.000000,Combined Sources,0.929204,0.816245,0.943883
RPL3L,0.000000,0.000000,Combined Sources,0.929204,0.816245,0.943883
GPR37L1,0.000000,0.000000,Combined Sources,0.929204,0.816245,0.943883
GNB2,0.000000,0.000000,Combined Sources,0.929204,0.816245,0.943883
CA2,0.000000,0.000000,Combined Sources,0.929204,0.816245,0.943883
EXTL2,0.000000,0.000000,Combined Sources,0.929204,0.816245,0.943883
HSPH1,0.000000,0.000000,Combined Sources,0.929204,0.816245,0.943883
ZKSCAN5,0.000000,0.000000,Combined Sources,0.929204,0.816245,0.943883
RBM12,0.000000,0.000000,Combined Sources,0.929204,0.816245,0.943883
PDZD7,0.000000,0.000000,Combined Sources,0.929204,0.816245,0.943883
LAMP3,0.000000,0.000000,Combined Sources,0.929204,0.816245,0.943883
TUBGCP5,0.000000,0.000000,Combined Sources,0.929204,0.816245,0.943883
PDE7B,0.000000,0.000000,Combined Sources,0.929204,0.816245,0.943883
BCL2L10,0.000000,0.000000,Combined Sources,0.929204,0.816245,0.943883
MBIP,0.000000,0.000000,Combined Sources,0.929204,0.816245,0.943883
CASP4,0.000000,0.000000,Combined Sources,0.929204,0.816245,0.943883
EMX2,0.000000,0.000000,Combined Sources,0.929204,0.816245,0.943883
PFDN5,0.000000,0.000000,Combined Sources,0.929204,0.816245,0.943883
UBAP2,0.000000,0.000000,Combined Sources,0.929204,0.816245,0.943883
VPS13A,0.000000,0.000000,Combined Sources,0.929204,0.816245,0.943883
SNRPD1,0.000000,0.000000,Combined Sources,0.929204,0.816245,0.943883
WDTC1,0.000000,0.000000,Combined Sources,0.929204,0.816245,0.943883
ADK,0.000000,0.000000,Combined Sources,0.929204,0.816245,0.943883
AANAT,0.000000,0.000000,Combined Sources,0.929204,0.816245,0.943883
PLD3,0.000000,0.000000,Combined Sources,0.929204,0.816245,0.943883
TDRD3,0.000000,0.000000,Combined Sources,0.929204,0.816245,0.943883
BCAS1,0.000000,0.000000,Combined Sources,0.929204,0.816245,0.943883
ELANE,0.000000,0.000000,Combined Sources,0.929204,0.816245,0.943883
MAGEA10,0.000000,0.000000,Combined Sources,0.929204,0.816245,0.943883
KLK10,0.000000,0.000000,Combined Sources,0.929204,0.816245,0.943883
ATP6AP2,0.000000,0.000000,Combined Sources,0.929204,0.816245,0.943883
TSPAN4,0.000000,0.000000,Combined Sources,0.929204,0.816245,0.943883
CEBPA,0.000000,0.000000,Combined Sources,0.929204,0.816245,0.943883
PRR14L,0.000000,0.000000,Combined Sources,0.929204,0.816245,0.943883
GUSB,0.000000,0.000000,Combined Sources,0.929204,0.816245,0.943883
SLC6A13,0.000000,0.000000,Combined Sources,0.929204,0.816245,0.943883
RASL10A,0.000000,0.000000,Combined Sources,0.929204,0.816245,0.943883
ACTC1,0.000000,0.000000,Combined Sources,0.929204,0.816245,0.943883
ARMCX3,0.000000,0.000000,Combined Sources,0.929204,0.816245,0.943883
POLG,0.000000,0.000000,Combined Sources,0.929204,0.816245,0.943883
METTL13,0.000000,0.000000,Combined Sources,0.929204,0.816245,0.943883
ARHGEF15,0.000000,0.000000,Combined Sources,0.929204,0.816245,0.943883
PSORS1C1,0.000000,0.000000,Combined Sources,0.929204,0.816245,0.943883
DKFZP434A062,0.000000,0.000000,Combined Sources,0.929204,0.816245,0.943883
NIF3L1,0.000000,0.000000,Combined Sources,0.929204,0.816245,0.943883
BTN1A1,0.000000,0.000000,Combined Sources,0.929204,0.816245,0.943883
ANGPTL4,0.000000,0.000000,Combined Sources,0.929204,0.816245,0.943883
PPP4R1,0.000000,0.000000,Combined Sources,0.929204,0.816245,0.943883
IL21R,0.000000,0.000000,Combined Sources,0.929204,0.816245,0.943883
RUNX1-IT1,0.000000,0.000000,Combined Sources,0.929204,0.816245,0.943883
SLC25A22,0.000000,0.000000,Combined Sources,0.929204,0.816245,0.943883
PLA1A,0.000000,0.000000,Combined Sources,0.929204,0.816245,0.943883
PPP2R1A,0.000000,0.000000,Combined Sources,0.929204,0.816245,0.943883
ETAA1,0.000000,0.000000,Combined Sources,0.929204,0.816245,0.943883
ABCA2,0.000000,0.000000,Combined Sources,0.929204,0.816245,0.943883
SP2,0.000000,0.000000,Combined Sources,0.929204,0.816245,0.943883
FBXL5,0.000000,0.000000,Combined Sources,0.929204,0.816245,0.943883
EXOC2,0.000000,0.000000,Combined Sources,0.929204,0.816245,0.943883
AKAP4,0.000000,0.000000,Combined Sources,0.929204,0.816245,0.943883
NARF,0.000000,0.000000,Combined Sources,0.929204,0.816245,0.943883
SRGAP2,0.000000,0.000000,Combined Sources,0.929204,0.816245,0.943883
RXRA,0.000000,0.000000,Combined Sources,0.929204,0.816245,0.943883
DROSHA,0.000000,0.000000,Combined Sources,0.929204,0.816245,0.943883
PIGR,0.000000,0.000000,Combined Sources,0.929204,0.816245,0.943883
ANAPC13,0.000000,0.000000,Combined Sources,0.929204,0.816245,0.943883
CSNK1D,0.000000,0.000000,Combined Sources,0.929204,0.816245,0.943883
GHR,0.000000,0.000000,Combined Sources,0.929204,0.816245,0.943883
ZC3H15,0.000000,0.000000,Combined Sources,0.929204,0.816245,0.943883
HDAC9,0.000000,0.000000,Combined Sources,0.929204,0.816245,0.943883
UBE2C,0.000000,0.000000,Combined Sources,0.929204,0.816245,0.943883
HHLA1,0.000000,0.000000,Combined Sources,0.929204,0.816245,0.943883
GDI1,0.000000,0.000000,Combined Sources,0.929204,0.816245,0.943883
TUSC2,0.000000,0.000000,Combined Sources,0.929204,0.816245,0.943883
TMEM209,0.000000,0.000000,Combined Sources,0.929204,0.816245,0.943883
IST1,0.000000,0.000000,Combined Sources,0.929204,0.816245,0.943883
UPF2,0.000000,0.000000,Combined Sources,0.929204,0.816245,0.943883
GLRX3,0.000000,0.000000,Combined Sources,0.929204,0.816245,0.943883
UCP1,0.000000,0.000000,Combined Sources,0.929204,0.816245,0.943883
CLPB,0.000000,0.000000,Combined Sources,0.929204,0.816245,0.943883
SEZ6L2,0.000000,0.000000,Combined Sources,0.929204,0.816245,0.943883
IPO7,0.000000,0.000000,Combined Sources,0.929204,0.816245,0.943883
MYOC,0.000000,0.000000,Combined Sources,0.929204,0.816245,0.943883
CDKN3,0.000000,0.000000,Combined Sources,0.929204,0.816245,0.943883
PKIA,0.000000,0.000000,Combined Sources,0.929204,0.816245,0.943883
RPS4Y1,0.000000,0.000000,Combined Sources,0.929204,0.816245,0.943883
RABGAP1L,0.000000,0.000000,Combined Sources,0.929204,0.816245,0.943883
GPR162,0.000000,0.000000,Combined Sources,0.929204,0.816245,0.943883
RASGRP1,0.000000,0.000000,Combined Sources,0.929204,0.816245,0.943883
SUN2,0.000000,0.000000,Combined Sources,0.929204,0.816245,0.943883
SGPP1,0.000000,0.000000,Combined Sources,0.929204,0.816245,0.943883
GAS1,0.000000,0.000000,Combined Sources,0.929204,0.816245,0.943883
RAD51AP1,0.000000,0.000000,Combined Sources,0.929204,0.816245,0.943883
GSDMB,0.000000,0.000000,Combined Sources,0.929204,0.816245,0.943883
PALB2,0.000000,0.000000,Combined Sources,0.929204,0.816245,0.943883
TSEN2,0.000000,0.000000,Combined Sources,0.929204,0.816245,0.943883
KDM3B,0.000000,0.000000,Combined Sources,0.929204,0.816245,0.943883
OAZ2,0.000000,0.000000,Combined Sources,0.929204,0.816245,0.943883
SULT4A1,0.000000,0.000000,Combined Sources,0.929204,0.816245,0.943883
TSEN34,0.000000,0.000000,Combined Sources,0.929204,0.816245,0.943883
SLCO2A1,0.000000,0.000000,Combined Sources,0.929204,0.816245,0.943883
PDLIM3,0.000000,0.000000,Combined Sources,0.929204,0.816245,0.943883
AFF4,0.000000,0.000000,Combined Sources,0.929204,0.816245,0.943883
ZNF264,0.000000,0.000000,Combined Sources,0.929204,0.816245,0.943883
FASTKD5,0.000000,0.000000,Combined Sources,0.929204,0.816245,0.943883
GGH,0.000000,0.000000,Combined Sources,0.929204,0.816245,0.943883
HTR7,0.000000,0.000000,Combined Sources,0.929204,0.816245,0.943883
PAK4,0.000000,0.000000,Combined Sources,0.929204,0.816245,0.943883
GMPPB,0.000000,0.000000,Combined Sources,0.929204,0.816245,0.943883
SPN,0.000000,0.000000,Combined Sources,0.929204,0.816245,0.943883
CTSW,0.000000,0.000000,Combined Sources,0.929204,0.816245,0.943883
DENND2D,0.000000,0.000000,Combined Sources,0.929204,0.816245,0.943883
KRT7,0.000000,0.000000,Combined Sources,0.929204,0.816245,0.943883
TTC3,0.000000,0.000000,Combined Sources,0.929204,0.816245,0.943883
SLC27A5,0.000000,0.000000,Combined Sources,0.929204,0.816245,0.943883
KBTBD11,0.000000,0.000000,Combined Sources,0.929204,0.816245,0.943883
PSMA4,0.000000,0.000000,Combined Sources,0.929204,0.816245,0.943883
USP3,0.000000,0.000000,Combined Sources,0.929204,0.816245,0.943883
WWP2,0.000000,0.000000,Combined Sources,0.929204,0.816245,0.943883
ABCD1,0.000000,0.000000,Combined Sources,0.929204,0.816245,0.943883
MLN,0.000000,0.000000,Combined Sources,0.929204,0.816245,0.943883
FAP,0.000000,0.000000,Combined Sources,0.929204,0.816245,0.943883
PFN1,0.000000,0.000000,Combined Sources,0.929204,0.816245,0.943883
CEP97,0.000000,0.000000,Combined Sources,0.929204,0.816245,0.943883
FABP4,0.000000,0.000000,Combined Sources,0.929204,0.816245,0.943883
VPS54,0.000000,0.000000,Combined Sources,0.929204,0.816245,0.943883
KRT1,0.000000,0.000000,Combined Sources,0.929204,0.816245,0.943883
MTG1,0.000000,0.000000,Combined Sources,0.929204,0.816245,0.943883
SETX,0.000000,0.000000,Combined Sources,0.929204,0.816245,0.943883
TRAIP,0.000000,0.000000,Combined Sources,0.929204,0.816245,0.943883
FOXC1,0.000000,0.000000,Combined Sources,0.929204,0.816245,0.943883
GAS8,0.000000,0.000000,Combined Sources,0.929204,0.816245,0.943883
PSMD9,0.000000,0.000000,Combined Sources,0.929204,0.816245,0.943883
RAPGEF5,0.000000,0.000000,Combined Sources,0.929204,0.816245,0.943883
KCNG1,0.000000,0.000000,Combined Sources,0.929204,0.816245,0.943883
NPAS3,0.000000,0.000000,Combined Sources,0.929204,0.816245,0.943883
EFHD2,0.000000,0.000000,Combined Sources,0.929204,0.816245,0.943883
VASH2,0.000000,0.000000,Combined Sources,0.929204,0.816245,0.943883
NDUFA4,0.000000,0.000000,Combined Sources,0.929204,0.816245,0.943883
GNA15,0.000000,0.000000,Combined Sources,0.929204,0.816245,0.943883
SF1,0.000000,0.000000,Combined Sources,0.929204,0.816245,0.943883
UTP14A,0.000000,0.000000,Combined Sources,0.929204,0.816245,0.943883
HLF,0.000000,0.000000,Combined Sources,0.929204,0.816245,0.943883
IGFBP4,0.000000,0.000000,Combined Sources,0.929204,0.816245,0.943883
CCDC92,0.000000,0.000000,Combined Sources,0.929204,0.816245,0.943883
METTL22,0.000000,0.000000,Combined Sources,0.929204,0.816245,0.943883
TMBIM4,0.000000,0.000000,Combined Sources,0.929204,0.816245,0.943883
MYO9B,0.000000,0.000000,Combined Sources,0.929204,0.816245,0.943883
IREB2,0.000000,0.000000,Combined Sources,0.929204,0.816245,0.943883
UBN1,0.000000,0.000000,Combined Sources,0.929204,0.816245,0.943883
CLCN1,0.000000,0.000000,Combined Sources,0.929204,0.816245,0.943883
AGK,0.000000,0.000000,Combined Sources,0.929204,0.816245,0.943883
GRIK3,0.000000,0.000000,Combined Sources,0.929204,0.816245,0.943883
KPNA1,0.000000,0.000000,Combined Sources,0.929204,0.816245,0.943883
OXCT1,0.000000,0.000000,Combined Sources,0.929204,0.816245,0.943883
FUT7,0.000000,0.000000,Combined Sources,0.929204,0.816245,0.943883
NKAIN1,0.000000,0.000000,Combined Sources,0.929204,0.816245,0.943883
COBL,0.000000,0.000000,Combined Sources,0.929204,0.816245,0.943883
VCP,0.000000,0.000000,Combined Sources,0.929204,0.816245,0.943883
TARBP1,0.000000,0.000000,Combined Sources,0.929204,0.816245,0.943883
MRPS2,0.000000,0.000000,Combined Sources,0.929204,0.816245,0.943883
PRMT3,0.000000,0.000000,Combined Sources,0.929204,0.816245,0.943883
TMEM115,0.000000,0.000000,Combined Sources,0.929204,0.816245,0.943883
NR2F2,0.000000,0.000000,Combined Sources,0.929204,0.816245,0.943883
DNTT,0.000000,0.000000,Combined Sources,0.929204,0.816245,0.943883
KCNA1,0.000000,0.000000,Combined Sources,0.929204,0.816245,0.943883
GCM1,0.000000,0.000000,Combined Sources,0.929204,0.816245,0.943883
VRK2,0.000000,0.000000,Combined Sources,0.929204,0.816245,0.943883
CD209,0.000000,0.000000,Combined Sources,0.929204,0.816245,0.943883
SH3BP4,0.000000,0.000000,Combined Sources,0.929204,0.816245,0.943883
ANTXR1,0.000000,0.000000,Combined Sources,0.929204,0.816245,0.943883
ZNF225,0.000000,0.000000,Combined Sources,0.929204,0.816245,0.943883
CPNE7,0.000000,0.000000,Combined Sources,0.929204,0.816245,0.943883
MEX3C,0.000000,0.000000,Combined Sources,0.929204,0.816245,0.943883
KRT14,0.000000,0.000000,Combined Sources,0.929204,0.816245,0.943883
JARID2,0.000000,0.000000,Combined Sources,0.929204,0.816245,0.943883
XIST,0.000000,0.000000,Combined Sources,0.929204,0.816245,0.943883
GSK3B,0.000000,0.000000,Combined Sources,0.929204,0.816245,0.943883
ASF1B,0.000000,0.000000,Combined Sources,0.929204,0.816245,0.943883
IL27RA,0.000000,0.000000,Combined Sources,0.929204,0.816245,0.943883
GCC2,0.000000,0.000000,Combined Sources,0.929204,0.816245,0.943883
HLA-DMA,0.000000,0.000000,Combined Sources,0.929204,0.816245,0.943883
FEV,0.000000,0.000000,Combined Sources,0.929204,0.816245,0.943883
MAN2C1,0.000000,0.000000,Combined Sources,0.929204,0.816245,0.943883
CASP2,0.000000,0.000000,Combined Sources,0.929204,0.816245,0.943883
C16orf95,0.000000,0.000000,Combined Sources,0.929204,0.816245,0.943883
ABCG2,0.000000,0.000000,Combined Sources,0.929204,0.816245,0.943883
WWP1,0.000000,0.000000,Combined Sources,0.929204,0.816245,0.943883
AOC3,0.000000,0.000000,Combined Sources,0.929204,0.816245,0.943883
CD1C,0.000000,0.000000,Combined Sources,0.929204,0.816245,0.943883
BEST2,0.000000,0.000000,Combined Sources,0.929204,0.816245,0.943883
CATSPERB,0.000000,0.000000,Combined Sources,0.929204,0.816245,0.943883
SOAT2,0.000000,0.000000,Combined Sources,0.929204,0.816245,0.943883
UPF1,0.000000,0.000000,Combined Sources,0.929204,0.816245,0.943883
RAX,0.000000,0.000000,Combined Sources,0.929204,0.816245,0.943883
PRDM11,0.000000,0.000000,Combined Sources,0.929204,0.816245,0.943883
SHOX2,0.000000,0.000000,Combined Sources,0.929204,0.816245,0.943883
NINL,0.000000,0.000000,Combined Sources,0.929204,0.816245,0.943883
CEPT1,0.000000,0.000000,Combined Sources,0.929204,0.816245,0.943883
VDAC3,0.000000,0.000000,Combined Sources,0.929204,0.816245,0.943883
FAM110B,0.000000,0.000000,Combined Sources,0.929204,0.816245,0.943883
NME3,0.000000,0.000000,Combined Sources,0.929204,0.816245,0.943883
SV2A,0.000000,0.000000,Combined Sources,0.929204,0.816245,0.943883
LINC00574,0.000000,0.000000,Combined Sources,0.929204,0.816245,0.943883
FERMT2,0.000000,0.000000,Combined Sources,0.929204,0.816245,0.943883
VPS13C,0.000000,0.000000,Combined Sources,0.929204,0.816245,0.943883
ELF3,0.000000,0.000000,Combined Sources,0.929204,0.816245,0.943883
ZNF423,0.000000,0.000000,Combined Sources,0.929204,0.816245,0.943883
DDX50,0.000000,0.000000,Combined Sources,0.929204,0.816245,0.943883
NAA60,0.000000,0.000000,Combined Sources,0.929204,0.816245,0.943883
SYMPK,0.000000,0.000000,Combined Sources,0.929204,0.816245,0.943883
MTMR3,0.000000,0.000000,Combined Sources,0.929204,0.816245,0.943883
ZBTB16,0.000000,0.000000,Combined Sources,0.929204,0.816245,0.943883
TCL1A,0.000000,0.000000,Combined Sources,0.929204,0.816245,0.943883
TMEM53,0.000000,0.000000,Combined Sources,0.929204,0.816245,0.943883
AGPAT2,0.000000,0.000000,Combined Sources,0.929204,0.816245,0.943883
NXT1,0.000000,0.000000,Combined Sources,0.929204,0.816245,0.943883
EIF3I,0.000000,0.000000,Combined Sources,0.929204,0.816245,0.943883
DENND3,0.000000,0.000000,Combined Sources,0.929204,0.816245,0.943883
DOLK,0.000000,0.000000,Combined Sources,0.929204,0.816245,0.943883
KLHL20,0.000000,0.000000,Combined Sources,0.929204,0.816245,0.943883
UBE3B,0.000000,0.000000,Combined Sources,0.929204,0.816245,0.943883
CTNNB1,0.000000,0.000000,Combined Sources,0.929204,0.816245,0.943883
SLCO4A1,0.000000,0.000000,Combined Sources,0.929204,0.816245,0.943883
ZNF34,0.000000,0.000000,Combined Sources,0.929204,0.816245,0.943883
C6orf47,0.000000,0.000000,Combined Sources,0.929204,0.816245,0.943883
CNIH4,0.000000,0.000000,Combined Sources,0.929204,0.816245,0.943883
PRL,0.000000,0.000000,Combined Sources,0.929204,0.816245,0.943883
PRPF3,0.000000,0.000000,Combined Sources,0.929204,0.816245,0.943883
MTHFD2L,0.000000,0.000000,Combined Sources,0.929204,0.816245,0.943883
USP6NL,0.000000,0.000000,Combined Sources,0.929204,0.816245,0.943883
GGA1,0.000000,0.000000,Combined Sources,0.929204,0.816245,0.943883
HK2,0.000000,0.000000,Combined Sources,0.929204,0.816245,0.943883
NUP133,0.000000,0.000000,Combined Sources,0.929204,0.816245,0.943883
FLT1,0.000000,0.000000,Combined Sources,0.929204,0.816245,0.943883
ZNF131,0.000000,0.000000,Combined Sources,0.929204,0.816245,0.943883
TRAM1,0.000000,0.000000,Combined Sources,0.929204,0.816245,0.943883
CCDC87,0.000000,0.000000,Combined Sources,0.929204,0.816245,0.943883
BCKDK,0.000000,0.000000,Combined Sources,0.929204,0.816245,0.943883
MAP2K3,0.000000,0.000000,Combined Sources,0.929204,0.816245,0.943883
ZNF701,0.000000,0.000000,Combined Sources,0.929204,0.816245,0.943883
MRPS34,0.000000,0.000000,Combined Sources,0.929204,0.816245,0.943883
FGA,0.000000,0.000000,Combined Sources,0.929204,0.816245,0.943883
CLIP1,0.000000,0.000000,Combined Sources,0.929204,0.816245,0.943883
FFAR2,0.000000,0.000000,Combined Sources,0.929204,0.816245,0.943883
SPARC,0.000000,0.000000,Combined Sources,0.929204,0.816245,0.943883
RANBP9,0.000000,0.000000,Combined Sources,0.929204,0.816245,0.943883
TSC22D2,0.000000,0.000000,Combined Sources,0.929204,0.816245,0.943883
NOL3,0.000000,0.000000,Combined Sources,0.929204,0.816245,0.943883
TNFSF15,0.000000,0.000000,Combined Sources,0.929204,0.816245,0.943883
DENR,0.000000,0.000000,Combined Sources,0.929204,0.816245,0.943883
LYN,0.000000,0.000000,Combined Sources,0.929204,0.816245,0.943883
PBOV1,0.000000,0.000000,Combined Sources,0.929204,0.816245,0.943883
LPAR4,0.000000,0.000000,Combined Sources,0.929204,0.816245,0.943883
QRSL1,0.000000,0.000000,Combined Sources,0.929204,0.816245,0.943883
SMR3B,0.000000,0.000000,Combined Sources,0.929204,0.816245,0.943883
UTP18,0.000000,0.000000,Combined Sources,0.929204,0.816245,0.943883
RYR1,0.000000,0.000000,Combined Sources,0.929204,0.816245,0.943883
POLR2D,0.000000,0.000000,Combined Sources,0.929204,0.816245,0.943883
CLDN15,0.000000,0.000000,Combined Sources,0.929204,0.816245,0.943883
AREG,0.000000,0.000000,Combined Sources,0.929204,0.816245,0.943883
GOLGA4,0.000000,0.000000,Combined Sources,0.929204,0.816245,0.943883
SPOCK1,0.000000,0.000000,Combined Sources,0.929204,0.816245,0.943883
VPS37B,0.000000,0.000000,Combined Sources,0.929204,0.816245,0.943883
UMPS,0.000000,0.000000,Combined Sources,0.929204,0.816245,0.943883
OXSM,0.000000,0.000000,Combined Sources,0.929204,0.816245,0.943883
RGS3,0.000000,0.000000,Combined Sources,0.929204,0.816245,0.943883
RPS6KA6,0.000000,0.000000,Combined Sources,0.929204,0.816245,0.943883
BYSL,0.000000,0.000000,Combined Sources,0.929204,0.816245,0.943883
KIF2A,0.000000,0.000000,Combined Sources,0.929204,0.816245,0.943883
DKC1,0.000000,0.000000,Combined Sources,0.929204,0.816245,0.943883
TNIP2,0.000000,0.000000,Combined Sources,0.929204,0.816245,0.943883
IGSF1,0.000000,0.000000,Combined Sources,0.929204,0.816245,0.943883
MDH2,0.000000,0.000000,Combined Sources,0.929204,0.816245,0.943883
NUAK1,0.000000,0.000000,Combined Sources,0.929204,0.816245,0.943883
PPP1R1A,0.000000,0.000000,Combined Sources,0.929204,0.816245,0.943883
TRIM2,0.000000,0.000000,Combined Sources,0.929204,0.816245,0.943883
UBE2D2,0.000000,0.000000,Combined Sources,0.929204,0.816245,0.943883
CHD1L,0.000000,0.000000,Combined Sources,0.929204,0.816245,0.943883
ADAM7,0.000000,0.000000,Combined Sources,0.929204,0.816245,0.943883
PFKFB1,0.000000,0.000000,Combined Sources,0.929204,0.816245,0.943883
MRPS17,0.000000,0.000000,Combined Sources,0.929204,0.816245,0.943883
PGGT1B,0.000000,0.000000,Combined Sources,0.929204,0.816245,0.943883
BRS3,0.000000,0.000000,Combined Sources,0.929204,0.816245,0.943883
STYK1,0.000000,0.000000,Combined Sources,0.929204,0.816245,0.943883
BEGAIN,0.000000,0.000000,Combined Sources,0.929204,0.816245,0.943883
NAGLU,0.000000,0.000000,Combined Sources,0.929204,0.816245,0.943883
STAT5B,0.000000,0.000000,Combined Sources,0.929204,0.816245,0.943883
AGAP2,0.000000,0.000000,Combined Sources,0.929204,0.816245,0.943883
ARMCX4,0.000000,0.000000,Combined Sources,0.929204,0.816245,0.943883
PLEK2,0.000000,0.000000,Combined Sources,0.929204,0.816245,0.943883
ATG3,0.000000,0.000000,Combined Sources,0.929204,0.816245,0.943883
ZNF562,0.000000,0.000000,Combined Sources,0.929204,0.816245,0.943883
BLVRA,0.000000,0.000000,Combined Sources,0.929204,0.816245,0.943883
STIM1,0.000000,0.000000,Combined Sources,0.929204,0.816245,0.943883
PDIA5,0.000000,0.000000,Combined Sources,0.929204,0.816245,0.943883
CLEC1A,0.000000,0.000000,Combined Sources,0.929204,0.816245,0.943883
STRN4,0.000000,0.000000,Combined Sources,0.929204,0.816245,0.943883
TNS3,0.000000,0.000000,Combined Sources,0.929204,0.816245,0.943883
BCL2L13,0.000000,0.000000,Combined Sources,0.929204,0.816245,0.943883
GSC2,0.000000,0.000000,Combined Sources,0.929204,0.816245,0.943883
PARP3,0.000000,0.000000,Combined Sources,0.929204,0.816245,0.943883
TOM1,0.000000,0.000000,Combined Sources,0.929204,0.816245,0.943883
RXRB,0.000000,0.000000,Combined Sources,0.929204,0.816245,0.943883
QKI,0.000000,0.000000,Combined Sources,0.929204,0.816245,0.943883
NPAS1,0.000000,0.000000,Combined Sources,0.929204,0.816245,0.943883
THNSL1,0.000000,0.000000,Combined Sources,0.929204,0.816245,0.943883
SLBP,0.000000,0.000000,Combined Sources,0.929204,0.816245,0.943883
NPDC1,0.000000,0.000000,Combined Sources,0.929204,0.816245,0.943883
GPR85,0.000000,0.000000,Combined Sources,0.929204,0.816245,0.943883
UBQLN2,0.000000,0.000000,Combined Sources,0.929204,0.816245,0.943883
ZNF804A,0.000000,0.000000,Combined Sources,0.929204,0.816245,0.943883
TAF7,0.000000,0.000000,Combined Sources,0.929204,0.816245,0.943883
LSM3,0.000000,0.000000,Combined Sources,0.929204,0.816245,0.943883
CDC45,0.000000,0.000000,Combined Sources,0.929204,0.816245,0.943883
FST,0.000000,0.000000,Combined Sources,0.929204,0.816245,0.943883
TSSK1B,0.000000,0.000000,Combined Sources,0.929204,0.816245,0.943883
SMAD2,0.000000,0.000000,Combined Sources,0.929204,0.816245,0.943883
CAPG,0.000000,0.000000,Combined Sources,0.929204,0.816245,0.943883
ADAMTSL2,0.000000,0.000000,Combined Sources,0.929204,0.816245,0.943883
BTNL2,0.000000,0.000000,Combined Sources,0.929204,0.816245,0.943883
TNNC2,0.000000,0.000000,Combined Sources,0.929204,0.816245,0.943883
UQCRQ,0.000000,0.000000,Combined Sources,0.929204,0.816245,0.943883
HDAC2,0.000000,0.000000,Combined Sources,0.929204,0.816245,0.943883
MAP2K6,0.000000,0.000000,Combined Sources,0.929204,0.816245,0.943883
LZTS1,0.000000,0.000000,Combined Sources,0.929204,0.816245,0.943883
PPP1CB,0.000000,0.000000,Combined Sources,0.929204,0.816245,0.943883
HS3ST1,0.000000,0.000000,Combined Sources,0.929204,0.816245,0.943883
PRMT8,0.000000,0.000000,Combined Sources,0.929204,0.816245,0.943883
TNFRSF13B,0.000000,0.000000,Combined Sources,0.929204,0.816245,0.943883
CDKN2B,0.000000,0.000000,Combined Sources,0.929204,0.816245,0.943883
HABP2,0.000000,0.000000,Combined Sources,0.929204,0.816245,0.943883
PELO,0.000000,0.000000,Combined Sources,0.929204,0.816245,0.943883
RRAD,0.000000,0.000000,Combined Sources,0.929204,0.816245,0.943883
CDC7,0.000000,0.000000,Combined Sources,0.929204,0.816245,0.943883
ATAD2,0.000000,0.000000,Combined Sources,0.929204,0.816245,0.943883
KCNH2,0.000000,0.000000,Combined Sources,0.929204,0.816245,0.943883
RUNDC3A,0.000000,0.000000,Combined Sources,0.929204,0.816245,0.943883
SPAM1,0.000000,0.000000,Combined Sources,0.929204,0.816245,0.943883
RPL38,0.000000,0.000000,Combined Sources,0.929204,0.816245,0.943883
CPM,0.000000,0.000000,Combined Sources,0.929204,0.816245,0.943883
ARHGDIG,0.000000,0.000000,Combined Sources,0.929204,0.816245,0.943883
CPA3,0.000000,0.000000,Combined Sources,0.929204,0.816245,0.943883
MSL1,0.000000,0.000000,Combined Sources,0.929204,0.816245,0.943883
TRIM17,0.000000,0.000000,Combined Sources,0.929204,0.816245,0.943883
MRPS11,0.000000,0.000000,Combined Sources,0.929204,0.816245,0.943883
ATF5,0.000000,0.000000,Combined Sources,0.929204,0.816245,0.943883
KIR2DL4,0.000000,0.000000,Combined Sources,0.929204,0.816245,0.943883
SLC1A5,0.000000,0.000000,Combined Sources,0.929204,0.816245,0.943883
ACADM,0.000000,0.000000,Combined Sources,0.929204,0.816245,0.943883
FAS,0.000000,0.000000,Combined Sources,0.929204,0.816245,0.943883
SET,0.000000,0.000000,Combined Sources,0.929204,0.816245,0.943883
HNF4A,0.000000,0.000000,Combined Sources,0.929204,0.816245,0.943883
FCN2,0.000000,0.000000,Combined Sources,0.929204,0.816245,0.943883
RIPK2,0.000000,0.000000,Combined Sources,0.929204,0.816245,0.943883
PAX5,0.000000,0.000000,Combined Sources,0.929204,0.816245,0.943883
ATXN2,0.000000,0.000000,Combined Sources,0.929204,0.816245,0.943883
SIL1,0.000000,0.000000,Combined Sources,0.929204,0.816245,0.943883
FLI1,0.000000,0.000000,Combined Sources,0.929204,0.816245,0.943883
IL11RA,0.000000,0.000000,Combined Sources,0.929204,0.816245,0.943883
ZNF586,0.000000,0.000000,Combined Sources,0.929204,0.816245,0.943883
DUOX2,0.000000,0.000000,Combined Sources,0.929204,0.816245,0.943883
DENND4B,0.000000,0.000000,Combined Sources,0.929204,0.816245,0.943883
C1GALT1,0.000000,0.000000,Combined Sources,0.929204,0.816245,0.943883
SLC9A6,0.000000,0.000000,Combined Sources,0.929204,0.816245,0.943883
TFIP11,0.000000,0.000000,Combined Sources,0.929204,0.816245,0.943883
LIPE,0.000000,0.000000,Combined Sources,0.929204,0.816245,0.943883
GYPB,0.000000,0.000000,Combined Sources,0.929204,0.816245,0.943883
FAM8A1,0.000000,0.000000,Combined Sources,0.929204,0.816245,0.943883
SMAD4,0.000000,0.000000,Combined Sources,0.929204,0.816245,0.943883
GCKR,0.000000,0.000000,Combined Sources,0.929204,0.816245,0.943883
TXNDC15,0.000000,0.000000,Combined Sources,0.929204,0.816245,0.943883
LDHB,0.000000,0.000000,Combined Sources,0.929204,0.816245,0.943883
CDH6,0.000000,0.000000,Combined Sources,0.929204,0.816245,0.943883
AOC2,0.000000,0.000000,Combined Sources,0.929204,0.816245,0.943883
CHUK,0.000000,0.000000,Combined Sources,0.929204,0.816245,0.943883
LRRC47,0.000000,0.000000,Combined Sources,0.929204,0.816245,0.943883
AMMECR1,0.000000,0.000000,Combined Sources,0.929204,0.816245,0.943883
SLC2A1,0.000000,0.000000,Combined Sources,0.929204,0.816245,0.943883
ATAD2B,0.000000,0.000000,Combined Sources,0.929204,0.816245,0.943883
DYSF,0.000000,0.000000,Combined Sources,0.929204,0.816245,0.943883
HUWE1,0.000000,0.000000,Combined Sources,0.929204,0.816245,0.943883
PYCR1,0.000000,0.000000,Combined Sources,0.929204,0.816245,0.943883
TFCP2,0.000000,0.000000,Combined Sources,0.929204,0.816245,0.943883
TNKS2,0.000000,0.000000,Combined Sources,0.929204,0.816245,0.943883
MFSD1,0.000000,0.000000,Combined Sources,0.929204,0.816245,0.943883
CCP110,0.000000,0.000000,Combined Sources,0.929204,0.816245,0.943883
FBXO28,0.000000,0.000000,Combined Sources,0.929204,0.816245,0.943883
ALG6,0.000000,0.000000,Combined Sources,0.929204,0.816245,0.943883
ZBTB32,0.000000,0.000000,Combined Sources,0.929204,0.816245,0.943883
ZNF155,0.000000,0.000000,Combined Sources,0.929204,0.816245,0.943883
AIMP1,0.000000,0.000000,Combined Sources,0.929204,0.816245,0.943883
C1orf116,0.000000,0.000000,Combined Sources,0.929204,0.816245,0.943883
ENGASE,0.000000,0.000000,Combined Sources,0.929204,0.816245,0.943883
CEACAM8,0.000000,0.000000,Combined Sources,0.929204,0.816245,0.943883
ZNF107,0.000000,0.000000,Combined Sources,0.929204,0.816245,0.943883
CAMK1,0.000000,0.000000,Combined Sources,0.929204,0.816245,0.943883
DDX10,0.000000,0.000000,Combined Sources,0.929204,0.816245,0.943883
EDNRB,0.000000,0.000000,Combined Sources,0.929204,0.816245,0.943883
ELAVL4,0.000000,0.000000,Combined Sources,0.929204,0.816245,0.943883
LAX1,0.000000,0.000000,Combined Sources,0.929204,0.816245,0.943883
RPAP2,0.000000,0.000000,Combined Sources,0.929204,0.816245,0.943883
BCL10,0.000000,0.000000,Combined Sources,0.929204,0.816245,0.943883
TAF11,0.000000,0.000000,Combined Sources,0.929204,0.816245,0.943883
WDR4,0.000000,0.000000,Combined Sources,0.929204,0.816245,0.943883
XRCC2,0.000000,0.000000,Combined Sources,0.929204,0.816245,0.943883
HTR1A,0.000000,0.000000,Combined Sources,0.929204,0.816245,0.943883
MCTS1,0.000000,0.000000,Combined Sources,0.929204,0.816245,0.943883
NCOA4,0.000000,0.000000,Combined Sources,0.929204,0.816245,0.943883
PCBP2,0.000000,0.000000,Combined Sources,0.929204,0.816245,0.943883
IRX5,0.000000,0.000000,Combined Sources,0.929204,0.816245,0.943883
LRRTM4,0.000000,0.000000,Combined Sources,0.929204,0.816245,0.943883
ARL1,0.000000,0.000000,Combined Sources,0.929204,0.816245,0.943883
STX2,0.000000,0.000000,Combined Sources,0.929204,0.816245,0.943883
ZNF500,0.000000,0.000000,Combined Sources,0.929204,0.816245,0.943883
ELMO3,0.000000,0.000000,Combined Sources,0.929204,0.816245,0.943883
PEAK1,0.000000,0.000000,Combined Sources,0.929204,0.816245,0.943883
KIF14,0.000000,0.000000,Combined Sources,0.929204,0.816245,0.943883
ATF7,0.000000,0.000000,Combined Sources,0.929204,0.816245,0.943883
EPN3,0.000000,0.000000,Combined Sources,0.929204,0.816245,0.943883
SYNGR1,0.000000,0.000000,Combined Sources,0.929204,0.816245,0.943883
GAD2,0.000000,0.000000,Combined Sources,0.929204,0.816245,0.943883
COX7B,0.000000,0.000000,Combined Sources,0.929204,0.816245,0.943883
CALML4,0.000000,0.000000,Combined Sources,0.929204,0.816245,0.943883
NTM,0.000000,0.000000,Combined Sources,0.929204,0.816245,0.943883
BNIP3,0.000000,0.000000,Combined Sources,0.929204,0.816245,0.943883
BARX2,0.000000,0.000000,Combined Sources,0.929204,0.816245,0.943883
SPTBN1,0.000000,0.000000,Combined Sources,0.929204,0.816245,0.943883
GABRB3,0.000000,0.000000,Combined Sources,0.929204,0.816245,0.943883
CDH20,0.000000,0.000000,Combined Sources,0.929204,0.816245,0.943883
CNOT7,0.000000,0.000000,Combined Sources,0.929204,0.816245,0.943883
TGIF2,0.000000,0.000000,Combined Sources,0.929204,0.816245,0.943883
BCLAF1,0.000000,0.000000,Combined Sources,0.929204,0.816245,0.943883
MED7,0.000000,0.000000,Combined Sources,0.929204,0.816245,0.943883
TOMM20,0.000000,0.000000,Combined Sources,0.929204,0.816245,0.943883
LRRN2,0.000000,0.000000,Combined Sources,0.929204,0.816245,0.943883
GSTM4,0.000000,0.000000,Combined Sources,0.929204,0.816245,0.943883
SERPINB2,0.000000,0.000000,Combined Sources,0.929204,0.816245,0.943883
VILL,0.000000,0.000000,Combined Sources,0.929204,0.816245,0.943883
CHAC1,0.000000,0.000000,Combined Sources,0.929204,0.816245,0.943883
TAB1,0.000000,0.000000,Combined Sources,0.929204,0.816245,0.943883
DNAJC12,0.000000,0.000000,Combined Sources,0.929204,0.816245,0.943883
LAMA2,0.000000,0.000000,Combined Sources,0.929204,0.816245,0.943883
IFNA5,0.000000,0.000000,Combined Sources,0.929204,0.816245,0.943883
SLC22A13,0.000000,0.000000,Combined Sources,0.929204,0.816245,0.943883
AKR1D1,0.000000,0.000000,Combined Sources,0.929204,0.816245,0.943883
KRT85,0.000000,0.000000,Combined Sources,0.929204,0.816245,0.943883
TBX6,0.000000,0.000000,Combined Sources,0.929204,0.816245,0.943883
TMEM208,0.000000,0.000000,Combined Sources,0.929204,0.816245,0.943883
CABP5,0.000000,0.000000,Combined Sources,0.929204,0.816245,0.943883
IBSP,0.000000,0.000000,Combined Sources,0.929204,0.816245,0.943883
SPECC1L,0.000000,0.000000,Combined Sources,0.929204,0.816245,0.943883
DAO,0.000000,0.000000,Combined Sources,0.929204,0.816245,0.943883
FASLG,0.000000,0.000000,Combined Sources,0.929204,0.816245,0.943883
SCAF8,0.000000,0.000000,Combined Sources,0.929204,0.816245,0.943883
CD81,0.000000,0.000000,Combined Sources,0.929204,0.816245,0.943883
HDAC7,0.000000,0.000000,Combined Sources,0.929204,0.816245,0.943883
IFT46,0.000000,0.000000,Combined Sources,0.929204,0.816245,0.943883
RSRC2,0.000000,0.000000,Combined Sources,0.929204,0.816245,0.943883
SLC8A1,0.000000,0.000000,Combined Sources,0.929204,0.816245,0.943883
REG1B,0.000000,0.000000,Combined Sources,0.929204,0.816245,0.943883
SULT1A2,0.000000,0.000000,Combined Sources,0.929204,0.816245,0.943883
SLC25A16,0.000000,0.000000,Combined Sources,0.929204,0.816245,0.943883
USP12,0.000000,0.000000,Combined Sources,0.929204,0.816245,0.943883
ANAPC5,0.000000,0.000000,Combined Sources,0.929204,0.816245,0.943883
HEYL,0.000000,0.000000,Combined Sources,0.929204,0.816245,0.943883
KRTAP5-9,0.000000,0.000000,Combined Sources,0.929204,0.816245,0.943883
C2CD2,0.000000,0.000000,Combined Sources,0.929204,0.816245,0.943883
UPP1,0.000000,0.000000,Combined Sources,0.929204,0.816245,0.943883
GMEB1,0.000000,0.000000,Combined Sources,0.929204,0.816245,0.943883
INPPL1,0.000000,0.000000,Combined Sources,0.929204,0.816245,0.943883
STARD5,0.000000,0.000000,Combined Sources,0.929204,0.816245,0.943883
ANAPC2,0.000000,0.000000,Combined Sources,0.929204,0.816245,0.943883
SMC1A,0.000000,0.000000,Combined Sources,0.929204,0.816245,0.943883
THOC6,0.000000,0.000000,Combined Sources,0.929204,0.816245,0.943883
CHRNA3,0.000000,0.000000,Combined Sources,0.929204,0.816245,0.943883
PACSIN3,0.000000,0.000000,Combined Sources,0.929204,0.816245,0.943883
ABCA6,0.000000,0.000000,Combined Sources,0.929204,0.816245,0.943883
COPS5,0.000000,0.000000,Combined Sources,0.929204,0.816245,0.943883
CTDNEP1,0.000000,0.000000,Combined Sources,0.929204,0.816245,0.943883
AVEN,0.000000,0.000000,Combined Sources,0.929204,0.816245,0.943883
GATA4,0.000000,0.000000,Combined Sources,0.929204,0.816245,0.943883
USP10,0.000000,0.000000,Combined Sources,0.929204,0.816245,0.943883
TIMM22,0.000000,0.000000,Combined Sources,0.929204,0.816245,0.943883
HTR1F,0.000000,0.000000,Combined Sources,0.929204,0.816245,0.943883
SORBS1,0.000000,0.000000,Combined Sources,0.929204,0.816245,0.943883
NDUFA2,0.000000,0.000000,Combined Sources,0.929204,0.816245,0.943883
CCT6B,0.000000,0.000000,Combined Sources,0.929204,0.816245,0.943883
CATSPERG,0.000000,0.000000,Combined Sources,0.929204,0.816245,0.943883
FRMPD1,0.000000,0.000000,Combined Sources,0.929204,0.816245,0.943883
ITPR1,0.000000,0.000000,Combined Sources,0.929204,0.816245,0.943883
NUP62CL,0.000000,0.000000,Combined Sources,0.929204,0.816245,0.943883
RMI1,0.000000,0.000000,Combined Sources,0.929204,0.816245,0.943883
HMG20B,0.000000,0.000000,Combined Sources,0.929204,0.816245,0.943883
NOVA1,0.000000,0.000000,Combined Sources,0.929204,0.816245,0.943883
DTL,0.000000,0.000000,Combined Sources,0.929204,0.816245,0.943883
TBCB,0.000000,0.000000,Combined Sources,0.929204,0.816245,0.943883
SGCB,0.000000,0.000000,Combined Sources,0.929204,0.816245,0.943883
CTRL,0.000000,0.000000,Combined Sources,0.929204,0.816245,0.943883
CAPN2,0.000000,0.000000,Combined Sources,0.929204,0.816245,0.943883
EPOR,0.000000,0.000000,Combined Sources,0.929204,0.816245,0.943883
CASC3,0.000000,0.000000,Combined Sources,0.929204,0.816245,0.943883
ALX3,0.000000,0.000000,Combined Sources,0.929204,0.816245,0.943883
SSR1,0.000000,0.000000,Combined Sources,0.929204,0.816245,0.943883
SNRNP200,0.000000,0.000000,Combined Sources,0.929204,0.816245,0.943883
PCGF3,0.000000,0.000000,Combined Sources,0.929204,0.816245,0.943883
ZNF343,0.000000,0.000000,Combined Sources,0.929204,0.816245,0.943883
MTMR1,0.000000,0.000000,Combined Sources,0.929204,0.816245,0.943883
R3HDM4,0.000000,0.000000,Combined Sources,0.929204,0.816245,0.943883
GLYAT,0.000000,0.000000,Combined Sources,0.929204,0.816245,0.943883
GRWD1,0.000000,0.000000,Combined Sources,0.929204,0.816245,0.943883
ZXDB,0.000000,0.000000,Combined Sources,0.929204,0.816245,0.943883
RPS6KA1,0.000000,0.000000,Combined Sources,0.929204,0.816245,0.943883
GPX4,0.000000,0.000000,Combined Sources,0.929204,0.816245,0.943883
PRLR,0.000000,0.000000,Combined Sources,0.929204,0.816245,0.943883
HNRNPUL2,0.000000,0.000000,Combined Sources,0.929204,0.816245,0.943883
SLC7A11,0.000000,0.000000,Combined Sources,0.929204,0.816245,0.943883
YIPF5,0.000000,0.000000,Combined Sources,0.929204,0.816245,0.943883
INTS12,0.000000,0.000000,Combined Sources,0.929204,0.816245,0.943883
HIGD1A,0.000000,0.000000,Combined Sources,0.929204,0.816245,0.943883
NDUFB3,0.000000,0.000000,Combined Sources,0.929204,0.816245,0.943883
MAPK10,0.000000,0.000000,Combined Sources,0.929204,0.816245,0.943883
AZU1,0.000000,0.000000,Combined Sources,0.929204,0.816245,0.943883
CHD1,0.000000,0.000000,Combined Sources,0.929204,0.816245,0.943883
ZNF257,0.000000,0.000000,Combined Sources,0.929204,0.816245,0.943883
ERGIC2,0.000000,0.000000,Combined Sources,0.929204,0.816245,0.943883
PTPN14,0.000000,0.000000,Combined Sources,0.929204,0.816245,0.943883
AFP,0.000000,0.000000,Combined Sources,0.929204,0.816245,0.943883
ALDH2,0.000000,0.000000,Combined Sources,0.929204,0.816245,0.943883
VLDLR,0.000000,0.000000,Combined Sources,0.929204,0.816245,0.943883
MEIS2,0.000000,0.000000,Combined Sources,0.929204,0.816245,0.943883
OTUB1,0.000000,0.000000,Combined Sources,0.929204,0.816245,0.943883
CD8A,0.000000,0.000000,Combined Sources,0.929204,0.816245,0.943883
AKR1B1,0.000000,0.000000,Combined Sources,0.929204,0.816245,0.943883
AIP,0.000000,0.000000,Combined Sources,0.929204,0.816245,0.943883
USP7,0.000000,0.000000,Combined Sources,0.929204,0.816245,0.943883
GNL3,0.000000,0.000000,Combined Sources,0.929204,0.816245,0.943883
SLC20A1,0.000000,0.000000,Combined Sources,0.929204,0.816245,0.943883
IL23A,0.000000,0.000000,Combined Sources,0.929204,0.816245,0.943883
CSNK1G1,0.000000,0.000000,Combined Sources,0.929204,0.816245,0.943883
DUSP1,0.000000,0.000000,Combined Sources,0.929204,0.816245,0.943883
SYNE2,0.000000,0.000000,Combined Sources,0.929204,0.816245,0.943883
AMIGO2,0.000000,0.000000,Combined Sources,0.929204,0.816245,0.943883
EREG,0.000000,0.000000,Combined Sources,0.929204,0.816245,0.943883
ATRNL1,0.000000,0.000000,Combined Sources,0.929204,0.816245,0.943883
CBLB,0.000000,0.000000,Combined Sources,0.929204,0.816245,0.943883
FGD1,0.000000,0.000000,Combined Sources,0.929204,0.816245,0.943883
DERL1,0.000000,0.000000,Combined Sources,0.929204,0.816245,0.943883
UBXN2B,0.000000,0.000000,Combined Sources,0.929204,0.816245,0.943883
PIR,0.000000,0.000000,Combined Sources,0.929204,0.816245,0.943883
APOC1,0.000000,0.000000,Combined Sources,0.929204,0.816245,0.943883
TUBB,0.000000,0.000000,Combined Sources,0.929204,0.816245,0.943883
ZBED4,0.000000,0.000000,Combined Sources,0.929204,0.816245,0.943883
MED23,0.000000,0.000000,Combined Sources,0.929204,0.816245,0.943883
MAPRE1,0.000000,0.000000,Combined Sources,0.929204,0.816245,0.943883
MMP17,0.000000,0.000000,Combined Sources,0.929204,0.816245,0.943883
PIAS3,0.000000,0.000000,Combined Sources,0.929204,0.816245,0.943883
CHAF1A,0.000000,0.000000,Combined Sources,0.929204,0.816245,0.943883
SYNJ2,0.000000,0.000000,Combined Sources,0.929204,0.816245,0.943883
ATP1B3,0.000000,0.000000,Combined Sources,0.929204,0.816245,0.943883
APOBEC3G,0.000000,0.000000,Combined Sources,0.929204,0.816245,0.943883
FIG4,0.000000,0.000000,Combined Sources,0.929204,0.816245,0.943883
LINC00339,0.000000,0.000000,Combined Sources,0.929204,0.816245,0.943883
PLA2G2D,0.000000,0.000000,Combined Sources,0.929204,0.816245,0.943883
ANKMY2,0.000000,0.000000,Combined Sources,0.929204,0.816245,0.943883
PKIG,0.000000,0.000000,Combined Sources,0.929204,0.816245,0.943883
KIF5A,0.000000,0.000000,Combined Sources,0.929204,0.816245,0.943883
GGCT,0.000000,0.000000,Combined Sources,0.929204,0.816245,0.943883
ZNF204P,0.000000,0.000000,Combined Sources,0.929204,0.816245,0.943883
IL1B,0.000000,0.000000,Combined Sources,0.929204,0.816245,0.943883
PTER,0.000000,0.000000,Combined Sources,0.929204,0.816245,0.943883
CXCL5,0.000000,0.000000,Combined Sources,0.929204,0.816245,0.943883
ZNF148,0.000000,0.000000,Combined Sources,0.929204,0.816245,0.943883
OR3A1,0.000000,0.000000,Combined Sources,0.929204,0.816245,0.943883
AASDHPPT,0.000000,0.000000,Combined Sources,0.929204,0.816245,0.943883
DAGLA,0.000000,0.000000,Combined Sources,0.929204,0.816245,0.943883
BLOC1S1,0.000000,0.000000,Combined Sources,0.929204,0.816245,0.943883
CHMP1A,0.000000,0.000000,Combined Sources,0.929204,0.816245,0.943883
TCEAL1,0.000000,0.000000,Combined Sources,0.929204,0.816245,0.943883
MAPK11,0.000000,0.000000,Combined Sources,0.929204,0.816245,0.943883
CD300A,0.000000,0.000000,Combined Sources,0.929204,0.816245,0.943883
NR4A2,0.000000,0.000000,Combined Sources,0.929204,0.816245,0.943883
LAPTM4A,0.000000,0.000000,Combined Sources,0.929204,0.816245,0.943883
ITPA,0.000000,0.000000,Combined Sources,0.929204,0.816245,0.943883
AAMP,0.000000,0.000000,Combined Sources,0.929204,0.816245,0.943883
PRKDC,0.000000,0.000000,Combined Sources,0.929204,0.816245,0.943883
ADAMDEC1,0.000000,0.000000,Combined Sources,0.929204,0.816245,0.943883
CHRM3,0.000000,0.000000,Combined Sources,0.929204,0.816245,0.943883
DDX25,0.000000,0.000000,Combined Sources,0.929204,0.816245,0.943883
PHLDA1,0.000000,0.000000,Combined Sources,0.929204,0.816245,0.943883
MMP15,0.000000,0.000000,Combined Sources,0.929204,0.816245,0.943883
GTF2E1,0.000000,0.000000,Combined Sources,0.929204,0.816245,0.943883
BHLHE40,0.000000,0.000000,Combined Sources,0.929204,0.816245,0.943883
U2AF2,0.000000,0.000000,Combined Sources,0.929204,0.816245,0.943883
SFXN3,0.000000,0.000000,Combined Sources,0.929204,0.816245,0.943883
NTS,0.000000,0.000000,Combined Sources,0.929204,0.816245,0.943883
GLRA1,0.000000,0.000000,Combined Sources,0.929204,0.816245,0.943883
PPP2R2D,0.000000,0.000000,Combined Sources,0.929204,0.816245,0.943883
RFK,0.000000,0.000000,Combined Sources,0.929204,0.816245,0.943883
KMO,0.000000,0.000000,Combined Sources,0.929204,0.816245,0.943883
WNT10B,0.000000,0.000000,Combined Sources,0.929204,0.816245,0.943883
FRMPD4,0.000000,0.000000,Combined Sources,0.929204,0.816245,0.943883
FLNC,0.000000,0.000000,Combined Sources,0.929204,0.816245,0.943883
LRRC59,0.000000,0.000000,Combined Sources,0.929204,0.816245,0.943883
C2orf68,0.000000,0.000000,Combined Sources,0.929204,0.816245,0.943883
ME3,0.000000,0.000000,Combined Sources,0.929204,0.816245,0.943883
SSH1,0.000000,0.000000,Combined Sources,0.929204,0.816245,0.943883
PHOX2A,0.000000,0.000000,Combined Sources,0.929204,0.816245,0.943883
GTF2A1,0.000000,0.000000,Combined Sources,0.929204,0.816245,0.943883
HOXA5,0.000000,0.000000,Combined Sources,0.929204,0.816245,0.943883
CCRL2,0.000000,0.000000,Combined Sources,0.929204,0.816245,0.943883
ZFHX4,0.000000,0.000000,Combined Sources,0.929204,0.816245,0.943883
CCND2,0.000000,0.000000,Combined Sources,0.929204,0.816245,0.943883
NTF3,0.000000,0.000000,Combined Sources,0.929204,0.816245,0.943883
OR1E1,0.000000,0.000000,Combined Sources,0.929204,0.816245,0.943883
BOLA1,0.000000,0.000000,Combined Sources,0.929204,0.816245,0.943883
C1orf159,0.000000,0.000000,Combined Sources,0.929204,0.816245,0.943883
LDB2,0.000000,0.000000,Combined Sources,0.929204,0.816245,0.943883
CA8,0.000000,0.000000,Combined Sources,0.929204,0.816245,0.943883
PLOD2,0.000000,0.000000,Combined Sources,0.929204,0.816245,0.943883
PTK7,0.000000,0.000000,Combined Sources,0.929204,0.816245,0.943883
NEUROG2,0.000000,0.000000,Combined Sources,0.929204,0.816245,0.943883
ITIH1,0.000000,0.000000,Combined Sources,0.929204,0.816245,0.943883
TPM4,0.000000,0.000000,Combined Sources,0.929204,0.816245,0.943883
VAMP7,0.000000,0.000000,Combined Sources,0.929204,0.816245,0.943883
KCNA10,0.000000,0.000000,Combined Sources,0.929204,0.816245,0.943883
GPR15,0.000000,0.000000,Combined Sources,0.929204,0.816245,0.943883
NFE2L2,0.000000,0.000000,Combined Sources,0.929204,0.816245,0.943883
KRT10,0.000000,0.000000,Combined Sources,0.929204,0.816245,0.943883
CNOT1,0.000000,0.000000,Combined Sources,0.929204,0.816245,0.943883
HSPBAP1,0.000000,0.000000,Combined Sources,0.929204,0.816245,0.943883
EXPH5,0.000000,0.000000,Combined Sources,0.929204,0.816245,0.943883
DEPDC5,0.000000,0.000000,Combined Sources,0.929204,0.816245,0.943883
GPC1,0.000000,0.000000,Combined Sources,0.929204,0.816245,0.943883
TRAF3IP2,0.000000,0.000000,Combined Sources,0.929204,0.816245,0.943883
STAT1,0.000000,0.000000,Combined Sources,0.929204,0.816245,0.943883
VPS33A,0.000000,0.000000,Combined Sources,0.929204,0.816245,0.943883
CHD7,0.000000,0.000000,Combined Sources,0.929204,0.816245,0.943883
SOX1,0.000000,0.000000,Combined Sources,0.929204,0.816245,0.943883
CEBPG,0.000000,0.000000,Combined Sources,0.929204,0.816245,0.943883
SPRY1,0.000000,0.000000,Combined Sources,0.929204,0.816245,0.943883
TMCO1,0.000000,0.000000,Combined Sources,0.929204,0.816245,0.943883
PTGIS,0.000000,0.000000,Combined Sources,0.929204,0.816245,0.943883
FANCE,0.000000,0.000000,Combined Sources,0.929204,0.816245,0.943883
TOLLIP,0.000000,0.000000,Combined Sources,0.929204,0.816245,0.943883
CDH8,0.000000,0.000000,Combined Sources,0.929204,0.816245,0.943883
TPTE,0.000000,0.000000,Combined Sources,0.929204,0.816245,0.943883
CD14,0.000000,0.000000,Combined Sources,0.929204,0.816245,0.943883
TRAPPC8,0.000000,0.000000,Combined Sources,0.929204,0.816245,0.943883
ETS1,0.000000,0.000000,Combined Sources,0.929204,0.816245,0.943883
DNAJC11,0.000000,0.000000,Combined Sources,0.929204,0.816245,0.943883
RGS7,0.000000,0.000000,Combined Sources,0.929204,0.816245,0.943883
PSKH1,0.000000,0.000000,Combined Sources,0.929204,0.816245,0.943883
APOA1,0.000000,0.000000,Combined Sources,0.929204,0.816245,0.943883
TTC13,0.000000,0.000000,Combined Sources,0.929204,0.816245,0.943883
IFT27,0.000000,0.000000,Combined Sources,0.929204,0.816245,0.943883
RPS19,0.000000,0.000000,Combined Sources,0.929204,0.816245,0.943883
PDE6D,0.000000,0.000000,Combined Sources,0.929204,0.816245,0.943883
PIK3C2G,0.000000,0.000000,Combined Sources,0.929204,0.816245,0.943883
RER1,0.000000,0.000000,Combined Sources,0.929204,0.816245,0.943883
RAB27B,0.000000,0.000000,Combined Sources,0.929204,0.816245,0.943883
HAO2,0.000000,0.000000,Combined Sources,0.929204,0.816245,0.943883
FN3KRP,0.000000,0.000000,Combined Sources,0.929204,0.816245,0.943883
GPR132,0.000000,0.000000,Combined Sources,0.929204,0.816245,0.943883
CHRNG,0.000000,0.000000,Combined Sources,0.929204,0.816245,0.943883
TBXAS1,0.000000,0.000000,Combined Sources,0.929204,0.816245,0.943883
TRAPPC2L,0.000000,0.000000,Combined Sources,0.929204,0.816245,0.943883
GPN1,0.000000,0.000000,Combined Sources,0.929204,0.816245,0.943883
IMPDH1,0.000000,0.000000,Combined Sources,0.929204,0.816245,0.943883
POLD2,0.000000,0.000000,Combined Sources,0.929204,0.816245,0.943883
MAP2,0.000000,0.000000,Combined Sources,0.929204,0.816245,0.943883
ARHGDIB,0.000000,0.000000,Combined Sources,0.929204,0.816245,0.943883
AEN,0.000000,0.000000,Combined Sources,0.929204,0.816245,0.943883
GAS2,0.000000,0.000000,Combined Sources,0.929204,0.816245,0.943883
SLIRP,0.000000,0.000000,Combined Sources,0.929204,0.816245,0.943883
BLM,0.000000,0.000000,Combined Sources,0.929204,0.816245,0.943883
SULT1C2,0.000000,0.000000,Combined Sources,0.929204,0.816245,0.943883
KCTD2,0.000000,0.000000,Combined Sources,0.929204,0.816245,0.943883
NRIP1,0.000000,0.000000,Combined Sources,0.929204,0.816245,0.943883
NCAM1,0.000000,0.000000,Combined Sources,0.929204,0.816245,0.943883
LEF1,0.000000,0.000000,Combined Sources,0.929204,0.816245,0.943883
ZNF232,0.000000,0.000000,Combined Sources,0.929204,0.816245,0.943883
GLT8D1,0.000000,0.000000,Combined Sources,0.929204,0.816245,0.943883
PRSS53,0.000000,0.000000,Combined Sources,0.929204,0.816245,0.943883
OVOL2,0.000000,0.000000,Combined Sources,0.929204,0.816245,0.943883
CTF1,0.000000,0.000000,Combined Sources,0.929204,0.816245,0.943883
ECHS1,0.000000,0.000000,Combined Sources,0.929204,0.816245,0.943883
EXO1,0.000000,0.000000,Combined Sources,0.929204,0.816245,0.943883
RAPGEF6,0.000000,0.000000,Combined Sources,0.929204,0.816245,0.943883
NT5M,0.000000,0.000000,Combined Sources,0.929204,0.816245,0.943883
TUG1,0.000000,0.000000,Combined Sources,0.929204,0.816245,0.943883
VSNL1,0.000000,0.000000,Combined Sources,0.929204,0.816245,0.943883
RAD17,0.000000,0.000000,Combined Sources,0.929204,0.816245,0.943883
RASAL1,0.000000,0.000000,Combined Sources,0.929204,0.816245,0.943883
POLD3,0.000000,0.000000,Combined Sources,0.929204,0.816245,0.943883
CACNA1B,0.000000,0.000000,Combined Sources,0.929204,0.816245,0.943883
MYO7A,0.000000,0.000000,Combined Sources,0.929204,0.816245,0.943883
PHLPP2,0.000000,0.000000,Combined Sources,0.929204,0.816245,0.943883
MGAT4C,0.000000,0.000000,Combined Sources,0.929204,0.816245,0.943883
EEF1E1,0.000000,0.000000,Combined Sources,0.929204,0.816245,0.943883
MS4A2,0.000000,0.000000,Combined Sources,0.929204,0.816245,0.943883
PDXDC1,0.000000,0.000000,Combined Sources,0.929204,0.816245,0.943883
MRPL13,0.000000,0.000000,Combined Sources,0.929204,0.816245,0.943883
PPP3R1,0.000000,0.000000,Combined Sources,0.929204,0.816245,0.943883
NAA50,0.000000,0.000000,Combined Sources,0.929204,0.816245,0.943883
UBE2W,0.000000,0.000000,Combined Sources,0.929204,0.816245,0.943883
NDUFB2,0.000000,0.000000,Combined Sources,0.929204,0.816245,0.943883
EPB41L3,0.000000,0.000000,Combined Sources,0.929204,0.816245,0.943883
HOOK2,0.000000,0.000000,Combined Sources,0.929204,0.816245,0.943883
SEL1L,0.000000,0.000000,Combined Sources,0.929204,0.816245,0.943883
HNRNPA3P1,0.000000,0.000000,Combined Sources,0.929204,0.816245,0.943883
PSMC3IP,0.000000,0.000000,Combined Sources,0.929204,0.816245,0.943883
GRM8,0.000000,0.000000,Combined Sources,0.929204,0.816245,0.943883
IL2RB,0.000000,0.000000,Combined Sources,0.929204,0.816245,0.943883
PPAT,0.000000,0.000000,Combined Sources,0.929204,0.816245,0.943883
PPP1R13B,0.000000,0.000000,Combined Sources,0.929204,0.816245,0.943883
ZNF444,0.000000,0.000000,Combined Sources,0.929204,0.816245,0.943883
SAG,0.000000,0.000000,Combined Sources,0.929204,0.816245,0.943883
CCNE2,0.000000,0.000000,Combined Sources,0.929204,0.816245,0.943883
TAP2,0.000000,0.000000,Combined Sources,0.929204,0.816245,0.943883
CA11,0.000000,0.000000,Combined Sources,0.929204,0.816245,0.943883
MAP4K4,0.000000,0.000000,Combined Sources,0.929204,0.816245,0.943883
CACNB4,0.000000,0.000000,Combined Sources,0.929204,0.816245,0.943883
ERBB4,0.000000,0.000000,Combined Sources,0.929204,0.816245,0.943883
MRPL20,0.000000,0.000000,Combined Sources,0.929204,0.816245,0.943883
MYL6B,0.000000,0.000000,Combined Sources,0.929204,0.816245,0.943883
GRM1,0.000000,0.000000,Combined Sources,0.929204,0.816245,0.943883
AASS,0.000000,0.000000,Combined Sources,0.929204,0.816245,0.943883
SLC37A4,0.000000,0.000000,Combined Sources,0.929204,0.816245,0.943883
AHCY,0.000000,0.000000,Combined Sources,0.929204,0.816245,0.943883
CWF19L1,0.000000,0.000000,Combined Sources,0.929204,0.816245,0.943883
HMOX2,0.000000,0.000000,Combined Sources,0.929204,0.816245,0.943883
RPL37A,0.000000,0.000000,Combined Sources,0.929204,0.816245,0.943883
API5,0.000000,0.000000,Combined Sources,0.929204,0.816245,0.943883
TNRC6B,0.000000,0.000000,Combined Sources,0.929204,0.816245,0.943883
CCNT1,0.000000,0.000000,Combined Sources,0.929204,0.816245,0.943883
MRPL28,0.000000,0.000000,Combined Sources,0.929204,0.816245,0.943883
HRAS,0.000000,0.000000,Combined Sources,0.929204,0.816245,0.943883
NAGA,0.000000,0.000000,Combined Sources,0.929204,0.816245,0.943883
CCDC28B,0.000000,0.000000,Combined Sources,0.929204,0.816245,0.943883
DDAH2,0.000000,0.000000,Combined Sources,0.929204,0.816245,0.943883
RBM6,0.000000,0.000000,Combined Sources,0.929204,0.816245,0.943883
KDM5C,0.000000,0.000000,Combined Sources,0.929204,0.816245,0.943883
ASPHD1,0.000000,0.000000,Combined Sources,0.929204,0.816245,0.943883
STAC,0.000000,0.000000,Combined Sources,0.929204,0.816245,0.943883
UNC45A,0.000000,0.000000,Combined Sources,0.929204,0.816245,0.943883
WDR73,0.000000,0.000000,Combined Sources,0.929204,0.816245,0.943883
ACSS3,0.000000,0.000000,Combined Sources,0.929204,0.816245,0.943883
PTPN7,0.000000,0.000000,Combined Sources,0.929204,0.816245,0.943883
YARS2,0.000000,0.000000,Combined Sources,0.929204,0.816245,0.943883
USP48,0.000000,0.000000,Combined Sources,0.929204,0.816245,0.943883
CCDC15,0.000000,0.000000,Combined Sources,0.929204,0.816245,0.943883
NKX3-1,0.000000,0.000000,Combined Sources,0.929204,0.816245,0.943883
PLA2R1,0.000000,0.000000,Combined Sources,0.929204,0.816245,0.943883
SUCLG1,0.000000,0.000000,Combined Sources,0.929204,0.816245,0.943883
CREB3,0.000000,0.000000,Combined Sources,0.929204,0.816245,0.943883
MANEA,0.000000,0.000000,Combined Sources,0.929204,0.816245,0.943883
KRT12,0.000000,0.000000,Combined Sources,0.929204,0.816245,0.943883
GFAP,0.000000,0.000000,Combined Sources,0.929204,0.816245,0.943883
MTMR12,0.000000,0.000000,Combined Sources,0.929204,0.816245,0.943883
OLAH,0.000000,0.000000,Combined Sources,0.929204,0.816245,0.943883
LHX3,0.000000,0.000000,Combined Sources,0.929204,0.816245,0.943883
LYST,0.000000,0.000000,Combined Sources,0.929204,0.816245,0.943883
AVPR2,0.000000,0.000000,Combined Sources,0.929204,0.816245,0.943883
FARP1,0.000000,0.000000,Combined Sources,0.929204,0.816245,0.943883
IL37,0.000000,0.000000,Combined Sources,0.929204,0.816245,0.943883
BMP7,0.000000,0.000000,Combined Sources,0.929204,0.816245,0.943883
SDCBP,0.000000,0.000000,Combined Sources,0.929204,0.816245,0.943883
COMMD9,0.000000,0.000000,Combined Sources,0.929204,0.816245,0.943883
PTP4A1,0.000000,0.000000,Combined Sources,0.929204,0.816245,0.943883
TSN,0.000000,0.000000,Combined Sources,0.929204,0.816245,0.943883
CCNB1,0.000000,0.000000,Combined Sources,0.929204,0.816245,0.943883
LAMA5,0.000000,0.000000,Combined Sources,0.929204,0.816245,0.943883
DLG4,0.000000,0.000000,Combined Sources,0.929204,0.816245,0.943883
DLGAP5,0.000000,0.000000,Combined Sources,0.929204,0.816245,0.943883
ITFG1,0.000000,0.000000,Combined Sources,0.929204,0.816245,0.943883
DNAJB5,0.000000,0.000000,Combined Sources,0.929204,0.816245,0.943883
SNRPC,0.000000,0.000000,Combined Sources,0.929204,0.816245,0.943883
SRPK3,0.000000,0.000000,Combined Sources,0.929204,0.816245,0.943883
EIF3D,0.000000,0.000000,Combined Sources,0.929204,0.816245,0.943883
EXOC1,0.000000,0.000000,Combined Sources,0.929204,0.816245,0.943883
SLC17A5,0.000000,0.000000,Combined Sources,0.929204,0.816245,0.943883
CCK,0.000000,0.000000,Combined Sources,0.929204,0.816245,0.943883
UCKL1,0.000000,0.000000,Combined Sources,0.929204,0.816245,0.943883
CDC34,0.000000,0.000000,Combined Sources,0.929204,0.816245,0.943883
NOP10,0.000000,0.000000,Combined Sources,0.929204,0.816245,0.943883
MTHFD2,0.000000,0.000000,Combined Sources,0.929204,0.816245,0.943883
DNAI1,0.000000,0.000000,Combined Sources,0.929204,0.816245,0.943883
SPAG1,0.000000,0.000000,Combined Sources,0.929204,0.816245,0.943883
WWOX,0.000000,0.000000,Combined Sources,0.929204,0.816245,0.943883
CLU,0.000000,0.000000,Combined Sources,0.929204,0.816245,0.943883
ECI2,0.000000,0.000000,Combined Sources,0.929204,0.816245,0.943883
MYL7,0.000000,0.000000,Combined Sources,0.929204,0.816245,0.943883
PPM1F,0.000000,0.000000,Combined Sources,0.929204,0.816245,0.943883
SLC4A2,0.000000,0.000000,Combined Sources,0.929204,0.816245,0.943883
IQCA1,0.000000,0.000000,Combined Sources,0.929204,0.816245,0.943883
LRRC17,0.000000,0.000000,Combined Sources,0.929204,0.816245,0.943883
CDH17,0.000000,0.000000,Combined Sources,0.929204,0.816245,0.943883
PARP12,0.000000,0.000000,Combined Sources,0.929204,0.816245,0.943883
FABP7,0.000000,0.000000,Combined Sources,0.929204,0.816245,0.943883
SPON1,0.000000,0.000000,Combined Sources,0.929204,0.816245,0.943883
DDT,0.000000,0.000000,Combined Sources,0.929204,0.816245,0.943883
TNPO1,0.000000,0.000000,Combined Sources,0.929204,0.816245,0.943883
APOF,0.000000,0.000000,Combined Sources,0.929204,0.816245,0.943883
DDB2,0.000000,0.000000,Combined Sources,0.929204,0.816245,0.943883
RASSF9,0.000000,0.000000,Combined Sources,0.929204,0.816245,0.943883
YWHAB,0.000000,0.000000,Combined Sources,0.929204,0.816245,0.943883
TRIM32,0.000000,0.000000,Combined Sources,0.929204,0.816245,0.943883
RINT1,0.000000,0.000000,Combined Sources,0.929204,0.816245,0.943883
ZNF613,0.000000,0.000000,Combined Sources,0.929204,0.816245,0.943883
DNAH17,0.000000,0.000000,Combined Sources,0.929204,0.816245,0.943883
DPF3,0.000000,0.000000,Combined Sources,0.929204,0.816245,0.943883
MMP13,0.000000,0.000000,Combined Sources,0.929204,0.816245,0.943883
JAKMIP2,0.000000,0.000000,Combined Sources,0.929204,0.816245,0.943883
SPINK4,0.000000,0.000000,Combined Sources,0.929204,0.816245,0.943883
SEC14L3,0.000000,0.000000,Combined Sources,0.929204,0.816245,0.943883
ACBD3,0.000000,0.000000,Combined Sources,0.929204,0.816245,0.943883
PIGO,0.000000,0.000000,Combined Sources,0.929204,0.816245,0.943883
SERPINB6,0.000000,0.000000,Combined Sources,0.929204,0.816245,0.943883
EIF3J,0.000000,0.000000,Combined Sources,0.929204,0.816245,0.943883
NOX3,0.000000,0.000000,Combined Sources,0.929204,0.816245,0.943883
VAPA,0.000000,0.000000,Combined Sources,0.929204,0.816245,0.943883
ZNF415,0.000000,0.000000,Combined Sources,0.929204,0.816245,0.943883
DCP2,0.000000,0.000000,Combined Sources,0.929204,0.816245,0.943883
HS3ST3A1,0.000000,0.000000,Combined Sources,0.929204,0.816245,0.943883
JPH3,0.000000,0.000000,Combined Sources,0.929204,0.816245,0.943883
SPOP,0.000000,0.000000,Combined Sources,0.929204,0.816245,0.943883
PPEF2,0.000000,0.000000,Combined Sources,0.929204,0.816245,0.943883
INPP5A,0.000000,0.000000,Combined Sources,0.929204,0.816245,0.943883
HPCA,0.000000,0.000000,Combined Sources,0.929204,0.816245,0.943883
LIF,0.000000,0.000000,Combined Sources,0.929204,0.816245,0.943883
ATP6V1G2,0.000000,0.000000,Combined Sources,0.929204,0.816245,0.943883
SCAF4,0.000000,0.000000,Combined Sources,0.929204,0.816245,0.943883
RAB9A,0.000000,0.000000,Combined Sources,0.929204,0.816245,0.943883
DCAF16,0.000000,0.000000,Combined Sources,0.929204,0.816245,0.943883
SLC2A9,0.000000,0.000000,Combined Sources,0.929204,0.816245,0.943883
KIF17,0.000000,0.000000,Combined Sources,0.929204,0.816245,0.943883
PSEN1,0.000000,0.000000,Combined Sources,0.929204,0.816245,0.943883
ITGB7,0.000000,0.000000,Combined Sources,0.929204,0.816245,0.943883
DNM1,0.000000,0.000000,Combined Sources,0.929204,0.816245,0.943883
P4HB,0.000000,0.000000,Combined Sources,0.929204,0.816245,0.943883
TMEM135,0.000000,0.000000,Combined Sources,0.929204,0.816245,0.943883
CPA2,0.000000,0.000000,Combined Sources,0.929204,0.816245,0.943883
SOX17,0.000000,0.000000,Combined Sources,0.929204,0.816245,0.943883
OXTR,0.000000,0.000000,Combined Sources,0.929204,0.816245,0.943883
ACSBG2,0.000000,0.000000,Combined Sources,0.929204,0.816245,0.943883
ACTL7A,0.000000,0.000000,Combined Sources,0.929204,0.816245,0.943883
CCDC106,0.000000,0.000000,Combined Sources,0.929204,0.816245,0.943883
SLC39A1,0.000000,0.000000,Combined Sources,0.929204,0.816245,0.943883
FUT8,0.000000,0.000000,Combined Sources,0.929204,0.816245,0.943883
CDK13,0.000000,0.000000,Combined Sources,0.929204,0.816245,0.943883
CRYGC,0.000000,0.000000,Combined Sources,0.929204,0.816245,0.943883
TRIM68,0.000000,0.000000,Combined Sources,0.929204,0.816245,0.943883
CRYBB1,0.000000,0.000000,Combined Sources,0.929204,0.816245,0.943883
CYP1A2,0.000000,0.000000,Combined Sources,0.929204,0.816245,0.943883
PSMC4,0.000000,0.000000,Combined Sources,0.929204,0.816245,0.943883
MPDU1,0.000000,0.000000,Combined Sources,0.929204,0.816245,0.943883
GYG1,0.000000,0.000000,Combined Sources,0.929204,0.816245,0.943883
SEL1L3,0.000000,0.000000,Combined Sources,0.929204,0.816245,0.943883
IVNS1ABP,0.000000,0.000000,Combined Sources,0.929204,0.816245,0.943883
ZNF146,0.000000,0.000000,Combined Sources,0.929204,0.816245,0.943883
HYAL2,0.000000,0.000000,Combined Sources,0.929204,0.816245,0.943883
CDH2,0.000000,0.000000,Combined Sources,0.929204,0.816245,0.943883
GANAB,0.000000,0.000000,Combined Sources,0.929204,0.816245,0.943883
PLXNC1,0.000000,0.000000,Combined Sources,0.929204,0.816245,0.943883
TRAF6,0.000000,0.000000,Combined Sources,0.929204,0.816245,0.943883
ITGB8,0.000000,0.000000,Combined Sources,0.929204,0.816245,0.943883
RIOK2,0.000000,0.000000,Combined Sources,0.929204,0.816245,0.943883
TTF2,0.000000,0.000000,Combined Sources,0.929204,0.816245,0.943883
ARPC2,0.000000,0.000000,Combined Sources,0.929204,0.816245,0.943883
SPPL2B,0.000000,0.000000,Combined Sources,0.929204,0.816245,0.943883
AUTS2,0.000000,0.000000,Combined Sources,0.929204,0.816245,0.943883
DDX19A,0.000000,0.000000,Combined Sources,0.929204,0.816245,0.943883
IFNA16,0.000000,0.000000,Combined Sources,0.929204,0.816245,0.943883
PXN,0.000000,0.000000,Combined Sources,0.929204,0.816245,0.943883
DDX51,0.000000,0.000000,Combined Sources,0.929204,0.816245,0.943883
ERCC1,0.000000,0.000000,Combined Sources,0.929204,0.816245,0.943883
MORC2,0.000000,0.000000,Combined Sources,0.929204,0.816245,0.943883
ITGA1,0.000000,0.000000,Combined Sources,0.929204,0.816245,0.943883
IDH3A,0.000000,0.000000,Combined Sources,0.929204,0.816245,0.943883
TIMM10,0.000000,0.000000,Combined Sources,0.929204,0.816245,0.943883
HLA-A,0.000000,0.000000,Combined Sources,0.929204,0.816245,0.943883
CHI3L1,0.000000,0.000000,Combined Sources,0.929204,0.816245,0.943883
CMAHP,0.000000,0.000000,Combined Sources,0.929204,0.816245,0.943883
CACNA1I,0.000000,0.000000,Combined Sources,0.929204,0.816245,0.943883
NCOR2,0.000000,0.000000,Combined Sources,0.929204,0.816245,0.943883
SLC34A1,0.000000,0.000000,Combined Sources,0.929204,0.816245,0.943883
ALDH3B2,0.000000,0.000000,Combined Sources,0.929204,0.816245,0.943883
KIF4A,0.000000,0.000000,Combined Sources,0.929204,0.816245,0.943883
PCNT,0.000000,0.000000,Combined Sources,0.929204,0.816245,0.943883
SIAH2,0.000000,0.000000,Combined Sources,0.929204,0.816245,0.943883
TMEM74B,0.000000,0.000000,Combined Sources,0.929204,0.816245,0.943883
BTG3,0.000000,0.000000,Combined Sources,0.929204,0.816245,0.943883
ZNF587,0.000000,0.000000,Combined Sources,0.929204,0.816245,0.943883
ALDH9A1,0.000000,0.000000,Combined Sources,0.929204,0.816245,0.943883
VKORC1,0.000000,0.000000,Combined Sources,0.929204,0.816245,0.943883
EPS8,0.000000,0.000000,Combined Sources,0.929204,0.816245,0.943883
HK3,0.000000,0.000000,Combined Sources,0.929204,0.816245,0.943883
NDUFV1,0.000000,0.000000,Combined Sources,0.929204,0.816245,0.943883
RCE1,0.000000,0.000000,Combined Sources,0.929204,0.816245,0.943883
PARP2,0.000000,0.000000,Combined Sources,0.929204,0.816245,0.943883
PREPL,0.000000,0.000000,Combined Sources,0.929204,0.816245,0.943883
TAB2,0.000000,0.000000,Combined Sources,0.929204,0.816245,0.943883
FANCF,0.000000,0.000000,Combined Sources,0.929204,0.816245,0.943883
TEX15,0.000000,0.000000,Combined Sources,0.929204,0.816245,0.943883
UBE4A,0.000000,0.000000,Combined Sources,0.929204,0.816245,0.943883
NT5C2,0.000000,0.000000,Combined Sources,0.929204,0.816245,0.943883
PCDH1,0.000000,0.000000,Combined Sources,0.929204,0.816245,0.943883
KCNC4,0.000000,0.000000,Combined Sources,0.929204,0.816245,0.943883
GTPBP6,0.000000,0.000000,Combined Sources,0.929204,0.816245,0.943883
GPR39,0.000000,0.000000,Combined Sources,0.929204,0.816245,0.943883
TFF1,0.000000,0.000000,Combined Sources,0.929204,0.816245,0.943883
ZNF395,0.000000,0.000000,Combined Sources,0.929204,0.816245,0.943883
VIP,0.000000,0.000000,Combined Sources,0.929204,0.816245,0.943883
MYOM1,0.000000,0.000000,Combined Sources,0.929204,0.816245,0.943883
RHOB,0.000000,0.000000,Combined Sources,0.929204,0.816245,0.943883
RNF39,0.000000,0.000000,Combined Sources,0.929204,0.816245,0.943883
CRTAC1,0.000000,0.000000,Combined Sources,0.929204,0.816245,0.943883
LTBR,0.000000,0.000000,Combined Sources,0.929204,0.816245,0.943883
OSBPL9,0.000000,0.000000,Combined Sources,0.929204,0.816245,0.943883
PCSK7,0.000000,0.000000,Combined Sources,0.929204,0.816245,0.943883
EFS,0.000000,0.000000,Combined Sources,0.929204,0.816245,0.943883
CDH16,0.000000,0.000000,Combined Sources,0.929204,0.816245,0.943883
PSENEN,0.000000,0.000000,Combined Sources,0.929204,0.816245,0.943883
KHSRP,0.000000,0.000000,Combined Sources,0.929204,0.816245,0.943883
INS,0.000000,0.000000,Combined Sources,0.929204,0.816245,0.943883
TTTY14,0.000000,0.000000,Combined Sources,0.929204,0.816245,0.943883
CCDC25,0.000000,0.000000,Combined Sources,0.929204,0.816245,0.943883
DCK,0.000000,0.000000,Combined Sources,0.929204,0.816245,0.943883
LGI2,0.000000,0.000000,Combined Sources,0.929204,0.816245,0.943883
RNF114,0.000000,0.000000,Combined Sources,0.929204,0.816245,0.943883
ZNF688,0.000000,0.000000,Combined Sources,0.929204,0.816245,0.943883
CARHSP1,0.000000,0.000000,Combined Sources,0.929204,0.816245,0.943883
ZBTB11,0.000000,0.000000,Combined Sources,0.929204,0.816245,0.943883
DGCR2,0.000000,0.000000,Combined Sources,0.929204,0.816245,0.943883
MCFD2,0.000000,0.000000,Combined Sources,0.929204,0.816245,0.943883
GRIK4,0.000000,0.000000,Combined Sources,0.929204,0.816245,0.943883
ING2,0.000000,0.000000,Combined Sources,0.929204,0.816245,0.943883
THAP3,0.000000,0.000000,Combined Sources,0.929204,0.816245,0.943883
ZSCAN2,0.000000,0.000000,Combined Sources,0.929204,0.816245,0.943883
KBTBD2,0.000000,0.000000,Combined Sources,0.929204,0.816245,0.943883
HIRIP3,0.000000,0.000000,Combined Sources,0.929204,0.816245,0.943883
PDCD6IP,0.000000,0.000000,Combined Sources,0.929204,0.816245,0.943883
CTNS,0.000000,0.000000,Combined Sources,0.929204,0.816245,0.943883
OGN,0.000000,0.000000,Combined Sources,0.929204,0.816245,0.943883
RAB6A,0.000000,0.000000,Combined Sources,0.929204,0.816245,0.943883
YTHDF1,0.000000,0.000000,Combined Sources,0.929204,0.816245,0.943883
APBA3,0.000000,0.000000,Combined Sources,0.929204,0.816245,0.943883
GAS7,0.000000,0.000000,Combined Sources,0.929204,0.816245,0.943883
CEBPD,0.000000,0.000000,Combined Sources,0.929204,0.816245,0.943883
PSME3,0.000000,0.000000,Combined Sources,0.929204,0.816245,0.943883
CTRC,0.000000,0.000000,Combined Sources,0.929204,0.816245,0.943883
OR2B2,0.000000,0.000000,Combined Sources,0.929204,0.816245,0.943883
TPSG1,0.000000,0.000000,Combined Sources,0.929204,0.816245,0.943883
IL17B,0.000000,0.000000,Combined Sources,0.929204,0.816245,0.943883
SMAGP,0.000000,0.000000,Combined Sources,0.929204,0.816245,0.943883
BTBD1,0.000000,0.000000,Combined Sources,0.929204,0.816245,0.943883
DDHD2,0.000000,0.000000,Combined Sources,0.929204,0.816245,0.943883
OPRK1,0.000000,0.000000,Combined Sources,0.929204,0.816245,0.943883
ATOH1,0.000000,0.000000,Combined Sources,0.929204,0.816245,0.943883
GDAP1,0.000000,0.000000,Combined Sources,0.929204,0.816245,0.943883
THUMPD2,0.000000,0.000000,Combined Sources,0.929204,0.816245,0.943883
SLC22A5,0.000000,0.000000,Combined Sources,0.929204,0.816245,0.943883
BRCC3,0.000000,0.000000,Combined Sources,0.929204,0.816245,0.943883
DEFA5,0.000000,0.000000,Combined Sources,0.929204,0.816245,0.943883
SIGLEC5,0.000000,0.000000,Combined Sources,0.929204,0.816245,0.943883
KLK2,0.000000,0.000000,Combined Sources,0.929204,0.816245,0.943883
GSPT2,0.000000,0.000000,Combined Sources,0.929204,0.816245,0.943883
KIF5B,0.000000,0.000000,Combined Sources,0.929204,0.816245,0.943883
NOL8,0.000000,0.000000,Combined Sources,0.929204,0.816245,0.943883
ATP6V0A2,0.000000,0.000000,Combined Sources,0.929204,0.816245,0.943883
PSEN2,0.000000,0.000000,Combined Sources,0.929204,0.816245,0.943883
TIMP1,0.000000,0.000000,Combined Sources,0.929204,0.816245,0.943883
PBX2,0.000000,0.000000,Combined Sources,0.929204,0.816245,0.943883
KRT38,0.000000,0.000000,Combined Sources,0.929204,0.816245,0.943883
DNAJB4,0.000000,0.000000,Combined Sources,0.929204,0.816245,0.943883
ID1,0.000000,0.000000,Combined Sources,0.929204,0.816245,0.943883
TAF6,0.000000,0.000000,Combined Sources,0.929204,0.816245,0.943883
ZNF174,0.000000,0.000000,Combined Sources,0.929204,0.816245,0.943883
ADCY9,0.000000,0.000000,Combined Sources,0.929204,0.816245,0.943883
FCRL2,0.000000,0.000000,Combined Sources,0.929204,0.816245,0.943883
PPM1G,0.000000,0.000000,Combined Sources,0.929204,0.816245,0.943883
RET,0.000000,0.000000,Combined Sources,0.929204,0.816245,0.943883
ARHGEF10L,0.000000,0.000000,Combined Sources,0.929204,0.816245,0.943883
PCM1,0.000000,0.000000,Combined Sources,0.929204,0.816245,0.943883
VPS52,0.000000,0.000000,Combined Sources,0.929204,0.816245,0.943883
TJAP1,0.000000,0.000000,Combined Sources,0.929204,0.816245,0.943883
CTSH,0.000000,0.000000,Combined Sources,0.929204,0.816245,0.943883
COLEC12,0.000000,0.000000,Combined Sources,0.929204,0.816245,0.943883
BTD,0.000000,0.000000,Combined Sources,0.929204,0.816245,0.943883
RHCE,0.000000,0.000000,Combined Sources,0.929204,0.816245,0.943883
NFIL3,0.000000,0.000000,Combined Sources,0.929204,0.816245,0.943883
CHRND,0.000000,0.000000,Combined Sources,0.929204,0.816245,0.943883
PHB2,0.000000,0.000000,Combined Sources,0.929204,0.816245,0.943883
C1GALT1C1,0.000000,0.000000,Combined Sources,0.929204,0.816245,0.943883
STAP2,0.000000,0.000000,Combined Sources,0.929204,0.816245,0.943883
MYO1F,0.000000,0.000000,Combined Sources,0.929204,0.816245,0.943883
NONO,0.000000,0.000000,Combined Sources,0.929204,0.816245,0.943883
TAF2,0.000000,0.000000,Combined Sources,0.929204,0.816245,0.943883
ADAM21,0.000000,0.000000,Combined Sources,0.929204,0.816245,0.943883
POLR2C,0.000000,0.000000,Combined Sources,0.929204,0.816245,0.943883
PARP16,0.000000,0.000000,Combined Sources,0.929204,0.816245,0.943883
SIK2,0.000000,0.000000,Combined Sources,0.929204,0.816245,0.943883
MED12,0.000000,0.000000,Combined Sources,0.929204,0.816245,0.943883
RAP2C,0.000000,0.000000,Combined Sources,0.929204,0.816245,0.943883
CTAGE11P,0.000000,0.000000,Combined Sources,0.929204,0.816245,0.943883
TRAPPC4,0.000000,0.000000,Combined Sources,0.929204,0.816245,0.943883
RPS6KA4,0.000000,0.000000,Combined Sources,0.929204,0.816245,0.943883
FUT6,0.000000,0.000000,Combined Sources,0.929204,0.816245,0.943883
HSPB2,0.000000,0.000000,Combined Sources,0.929204,0.816245,0.943883
FAM171A1,0.000000,0.000000,Combined Sources,0.929204,0.816245,0.943883
THAP11,0.000000,0.000000,Combined Sources,0.929204,0.816245,0.943883
DNAJC10,0.000000,0.000000,Combined Sources,0.929204,0.816245,0.943883
CLIP3,0.000000,0.000000,Combined Sources,0.929204,0.816245,0.943883
RIN3,0.000000,0.000000,Combined Sources,0.929204,0.816245,0.943883
SHMT1,0.000000,0.000000,Combined Sources,0.929204,0.816245,0.943883
MTHFR,0.000000,0.000000,Combined Sources,0.929204,0.816245,0.943883
RCN2,0.000000,0.000000,Combined Sources,0.929204,0.816245,0.943883
FN1,0.000000,0.000000,Combined Sources,0.929204,0.816245,0.943883
CDKN1C,0.000000,0.000000,Combined Sources,0.929204,0.816245,0.943883
EXOSC2,0.000000,0.000000,Combined Sources,0.929204,0.816245,0.943883
LRP6,0.000000,0.000000,Combined Sources,0.929204,0.816245,0.943883
ADI1,0.000000,0.000000,Combined Sources,0.929204,0.816245,0.943883
SLC29A2,0.000000,0.000000,Combined Sources,0.929204,0.816245,0.943883
PTS,0.000000,0.000000,Combined Sources,0.929204,0.816245,0.943883
RHBG,0.000000,0.000000,Combined Sources,0.929204,0.816245,0.943883
ERAP1,0.000000,0.000000,Combined Sources,0.929204,0.816245,0.943883
NBEAL2,0.000000,0.000000,Combined Sources,0.929204,0.816245,0.943883
SHBG,0.000000,0.000000,Combined Sources,0.929204,0.816245,0.943883
APOBEC3A,0.000000,0.000000,Combined Sources,0.929204,0.816245,0.943883
LMF1,0.000000,0.000000,Combined Sources,0.929204,0.816245,0.943883
SSBP3,0.000000,0.000000,Combined Sources,0.929204,0.816245,0.943883
PRC1,0.000000,0.000000,Combined Sources,0.929204,0.816245,0.943883
POLG2,0.000000,0.000000,Combined Sources,0.929204,0.816245,0.943883
LRCH1,0.000000,0.000000,Combined Sources,0.929204,0.816245,0.943883
GPR88,0.000000,0.000000,Combined Sources,0.929204,0.816245,0.943883
LTBP4,0.000000,0.000000,Combined Sources,0.929204,0.816245,0.943883
PLAU,0.000000,0.000000,Combined Sources,0.929204,0.816245,0.943883
SDS,0.000000,0.000000,Combined Sources,0.929204,0.816245,0.943883
NXT2,0.000000,0.000000,Combined Sources,0.929204,0.816245,0.943883
GRK4,0.000000,0.000000,Combined Sources,0.929204,0.816245,0.943883
CTAG2,0.000000,0.000000,Combined Sources,0.929204,0.816245,0.943883
HIF1A,0.000000,0.000000,Combined Sources,0.929204,0.816245,0.943883
CNGA1,0.000000,0.000000,Combined Sources,0.929204,0.816245,0.943883
CRADD,0.000000,0.000000,Combined Sources,0.929204,0.816245,0.943883
ESRP1,0.000000,0.000000,Combined Sources,0.929204,0.816245,0.943883
ZMYM4,0.000000,0.000000,Combined Sources,0.929204,0.816245,0.943883
APOBEC2,0.000000,0.000000,Combined Sources,0.929204,0.816245,0.943883
NDUFA8,0.000000,0.000000,Combined Sources,0.929204,0.816245,0.943883
UNC5C,0.000000,0.000000,Combined Sources,0.929204,0.816245,0.943883
PRRG3,0.000000,0.000000,Combined Sources,0.929204,0.816245,0.943883
C2orf72,0.000000,0.000000,Combined Sources,0.929204,0.816245,0.943883
OSGIN1,0.000000,0.000000,Combined Sources,0.929204,0.816245,0.943883
MPP3,0.000000,0.000000,Combined Sources,0.929204,0.816245,0.943883
KITLG,0.000000,0.000000,Combined Sources,0.929204,0.816245,0.943883
AKR7A3,0.000000,0.000000,Combined Sources,0.929204,0.816245,0.943883
PRNP,0.000000,0.000000,Combined Sources,0.929204,0.816245,0.943883
DTWD1,0.000000,0.000000,Combined Sources,0.929204,0.816245,0.943883
FMR1,0.000000,0.000000,Combined Sources,0.929204,0.816245,0.943883
GAB2,0.000000,0.000000,Combined Sources,0.929204,0.816245,0.943883
PPIP5K1,0.000000,0.000000,Combined Sources,0.929204,0.816245,0.943883
GCA,0.000000,0.000000,Combined Sources,0.929204,0.816245,0.943883
PNPLA4,0.000000,0.000000,Combined Sources,0.929204,0.816245,0.943883
PRRC1,0.000000,0.000000,Combined Sources,0.929204,0.816245,0.943883
ERMAP,0.000000,0.000000,Combined Sources,0.929204,0.816245,0.943883
GIMAP6,0.000000,0.000000,Combined Sources,0.929204,0.816245,0.943883
ZFR2,0.000000,0.000000,Combined Sources,0.929204,0.816245,0.943883
BICC1,0.000000,0.000000,Combined Sources,0.929204,0.816245,0.943883
ERC1,0.000000,0.000000,Combined Sources,0.929204,0.816245,0.943883
ANKLE2,0.000000,0.000000,Combined Sources,0.929204,0.816245,0.943883
RAB33B,0.000000,0.000000,Combined Sources,0.929204,0.816245,0.943883
COL13A1,0.000000,0.000000,Combined Sources,0.929204,0.816245,0.943883
RNFT2,0.000000,0.000000,Combined Sources,0.929204,0.816245,0.943883
STX10,0.000000,0.000000,Combined Sources,0.929204,0.816245,0.943883
PHLDA2,0.000000,0.000000,Combined Sources,0.929204,0.816245,0.943883
PAQR3,0.000000,0.000000,Combined Sources,0.929204,0.816245,0.943883
ELP4,0.000000,0.000000,Combined Sources,0.929204,0.816245,0.943883
ANKRA2,0.000000,0.000000,Combined Sources,0.929204,0.816245,0.943883
PDS5B,0.000000,0.000000,Combined Sources,0.929204,0.816245,0.943883
DAAM2,0.000000,0.000000,Combined Sources,0.929204,0.816245,0.943883
PIGQ,0.000000,0.000000,Combined Sources,0.929204,0.816245,0.943883
CD2BP2,0.000000,0.000000,Combined Sources,0.929204,0.816245,0.943883
MRAS,0.000000,0.000000,Combined Sources,0.929204,0.816245,0.943883
RND1,0.000000,0.000000,Combined Sources,0.929204,0.816245,0.943883
RXRG,0.000000,0.000000,Combined Sources,0.929204,0.816245,0.943883
SYNDIG1,0.000000,0.000000,Combined Sources,0.929204,0.816245,0.943883
CEP76,0.000000,0.000000,Combined Sources,0.929204,0.816245,0.943883
CDH13,0.000000,0.000000,Combined Sources,0.929204,0.816245,0.943883
DPYD,0.000000,0.000000,Combined Sources,0.929204,0.816245,0.943883
NR1H4,0.000000,0.000000,Combined Sources,0.929204,0.816245,0.943883
LGALS8,0.000000,0.000000,Combined Sources,0.929204,0.816245,0.943883
GRM3,0.000000,0.000000,Combined Sources,0.929204,0.816245,0.943883
POMC,0.000000,0.000000,Combined Sources,0.929204,0.816245,0.943883
CEP68,0.000000,0.000000,Combined Sources,0.929204,0.816245,0.943883
PDE4D,0.000000,0.000000,Combined Sources,0.929204,0.816245,0.943883
CRLF2,0.000000,0.000000,Combined Sources,0.929204,0.816245,0.943883
RAB23,0.000000,0.000000,Combined Sources,0.929204,0.816245,0.943883
ESM1,0.000000,0.000000,Combined Sources,0.929204,0.816245,0.943883
NACC2,0.000000,0.000000,Combined Sources,0.929204,0.816245,0.943883
PMS1,0.000000,0.000000,Combined Sources,0.929204,0.816245,0.943883
IFT74,0.000000,0.000000,Combined Sources,0.929204,0.816245,0.943883
ACAP1,0.000000,0.000000,Combined Sources,0.929204,0.816245,0.943883
POM121L9P,0.000000,0.000000,Combined Sources,0.929204,0.816245,0.943883
CLDN4,0.000000,0.000000,Combined Sources,0.929204,0.816245,0.943883
ARFGAP1,0.000000,0.000000,Combined Sources,0.929204,0.816245,0.943883
ZCCHC2,0.000000,0.000000,Combined Sources,0.929204,0.816245,0.943883
FAM53B,0.000000,0.000000,Combined Sources,0.929204,0.816245,0.943883
POLR2H,0.000000,0.000000,Combined Sources,0.929204,0.816245,0.943883
GJA5,0.000000,0.000000,Combined Sources,0.929204,0.816245,0.943883
DSG1,0.000000,0.000000,Combined Sources,0.929204,0.816245,0.943883
PLK2,0.000000,0.000000,Combined Sources,0.929204,0.816245,0.943883
TUBA8,0.000000,0.000000,Combined Sources,0.929204,0.816245,0.943883
SRPX2,0.000000,0.000000,Combined Sources,0.929204,0.816245,0.943883
EEF1A2,0.000000,0.000000,Combined Sources,0.929204,0.816245,0.943883
WASF2,0.000000,0.000000,Combined Sources,0.929204,0.816245,0.943883
MSX1,0.000000,0.000000,Combined Sources,0.929204,0.816245,0.943883
SPARCL1,0.000000,0.000000,Combined Sources,0.929204,0.816245,0.943883
GEMIN7,0.000000,0.000000,Combined Sources,0.929204,0.816245,0.943883
CDH18,0.000000,0.000000,Combined Sources,0.929204,0.816245,0.943883
SEC62,0.000000,0.000000,Combined Sources,0.929204,0.816245,0.943883
GHRH,0.000000,0.000000,Combined Sources,0.929204,0.816245,0.943883
OR7E12P,0.000000,0.000000,Combined Sources,0.929204,0.816245,0.943883
DOK3,0.000000,0.000000,Combined Sources,0.929204,0.816245,0.943883
C8orf33,0.000000,0.000000,Combined Sources,0.929204,0.816245,0.943883
RFC3,0.000000,0.000000,Combined Sources,0.929204,0.816245,0.943883
METTL4,0.000000,0.000000,Combined Sources,0.929204,0.816245,0.943883
CPNE3,0.000000,0.000000,Combined Sources,0.929204,0.816245,0.943883
MBTPS1,0.000000,0.000000,Combined Sources,0.929204,0.816245,0.943883
PPFIA2,0.000000,0.000000,Combined Sources,0.929204,0.816245,0.943883
OGDHL,0.000000,0.000000,Combined Sources,0.929204,0.816245,0.943883
TEF,0.000000,0.000000,Combined Sources,0.929204,0.816245,0.943883
CD44,0.000000,0.000000,Combined Sources,0.929204,0.816245,0.943883
PTBP3,0.000000,0.000000,Combined Sources,0.929204,0.816245,0.943883
CDKN2D,0.000000,0.000000,Combined Sources,0.929204,0.816245,0.943883
MAP3K11,0.000000,0.000000,Combined Sources,0.929204,0.816245,0.943883
TBX1,0.000000,0.000000,Combined Sources,0.929204,0.816245,0.943883
HNMT,0.000000,0.000000,Combined Sources,0.929204,0.816245,0.943883
IPP,0.000000,0.000000,Combined Sources,0.929204,0.816245,0.943883
NUDT15,0.000000,0.000000,Combined Sources,0.929204,0.816245,0.943883
RNF130,0.000000,0.000000,Combined Sources,0.929204,0.816245,0.943883
NUPR1,0.000000,0.000000,Combined Sources,0.929204,0.816245,0.943883
DNMT1,0.000000,0.000000,Combined Sources,0.929204,0.816245,0.943883
ABHD10,0.000000,0.000000,Combined Sources,0.929204,0.816245,0.943883
RBM10,0.000000,0.000000,Combined Sources,0.929204,0.816245,0.943883
TEK,0.000000,0.000000,Combined Sources,0.929204,0.816245,0.943883
EXD3,0.000000,0.000000,Combined Sources,0.929204,0.816245,0.943883
FOXN2,0.000000,0.000000,Combined Sources,0.929204,0.816245,0.943883
CCR5,0.000000,0.000000,Combined Sources,0.929204,0.816245,0.943883
TLR1,0.000000,0.000000,Combined Sources,0.929204,0.816245,0.943883
CAMKMT,0.000000,0.000000,Combined Sources,0.929204,0.816245,0.943883
IL11,0.000000,0.000000,Combined Sources,0.929204,0.816245,0.943883
SYNGR3,0.000000,0.000000,Combined Sources,0.929204,0.816245,0.943883
EVI2B,0.000000,0.000000,Combined Sources,0.929204,0.816245,0.943883
LLGL2,0.000000,0.000000,Combined Sources,0.929204,0.816245,0.943883
DNAJB6,0.000000,0.000000,Combined Sources,0.929204,0.816245,0.943883
TPST1,0.000000,0.000000,Combined Sources,0.929204,0.816245,0.943883
INSL4,0.000000,0.000000,Combined Sources,0.929204,0.816245,0.943883
MAP2K1,0.000000,0.000000,Combined Sources,0.929204,0.816245,0.943883
M6PR,0.000000,0.000000,Combined Sources,0.929204,0.816245,0.943883
SEMA4C,0.000000,0.000000,Combined Sources,0.929204,0.816245,0.943883
TSNAX,0.000000,0.000000,Combined Sources,0.929204,0.816245,0.943883
WIPF1,0.000000,0.000000,Combined Sources,0.929204,0.816245,0.943883
RLN2,0.000000,0.000000,Combined Sources,0.929204,0.816245,0.943883
DTX4,0.000000,0.000000,Combined Sources,0.929204,0.816245,0.943883
MICAL2,0.000000,0.000000,Combined Sources,0.929204,0.816245,0.943883
POU5F1P3,0.000000,0.000000,Combined Sources,0.929204,0.816245,0.943883
PRMT2,0.000000,0.000000,Combined Sources,0.929204,0.816245,0.943883
CSTF2T,0.000000,0.000000,Combined Sources,0.929204,0.816245,0.943883
RRP8,0.000000,0.000000,Combined Sources,0.929204,0.816245,0.943883
HSPA4L,0.000000,0.000000,Combined Sources,0.929204,0.816245,0.943883
COTL1,0.000000,0.000000,Combined Sources,0.929204,0.816245,0.943883
DNMT3A,0.000000,0.000000,Combined Sources,0.929204,0.816245,0.943883
FRS3,0.000000,0.000000,Combined Sources,0.929204,0.816245,0.943883
AQR,0.000000,0.000000,Combined Sources,0.929204,0.816245,0.943883
VTI1B,0.000000,0.000000,Combined Sources,0.929204,0.816245,0.943883
SPHK2,0.000000,0.000000,Combined Sources,0.929204,0.816245,0.943883
TBC1D19,0.000000,0.000000,Combined Sources,0.929204,0.816245,0.943883
CD151,0.000000,0.000000,Combined Sources,0.929204,0.816245,0.943883
ABCB9,0.000000,0.000000,Combined Sources,0.929204,0.816245,0.943883
HECTD3,0.000000,0.000000,Combined Sources,0.929204,0.816245,0.943883
ARHGEF10,0.000000,0.000000,Combined Sources,0.929204,0.816245,0.943883
KRT6B,0.000000,0.000000,Combined Sources,0.929204,0.816245,0.943883
SPAG4,0.000000,0.000000,Combined Sources,0.929204,0.816245,0.943883
ACAT1,0.000000,0.000000,Combined Sources,0.929204,0.816245,0.943883
PEMT,0.000000,0.000000,Combined Sources,0.929204,0.816245,0.943883
CNDP2,0.000000,0.000000,Combined Sources,0.929204,0.816245,0.943883
DPEP2,0.000000,0.000000,Combined Sources,0.929204,0.816245,0.943883
SERPINA3,0.000000,0.000000,Combined Sources,0.929204,0.816245,0.943883
ZNF629,0.000000,0.000000,Combined Sources,0.929204,0.816245,0.943883
HAT1,0.000000,0.000000,Combined Sources,0.929204,0.816245,0.943883
ZFP36,0.000000,0.000000,Combined Sources,0.929204,0.816245,0.943883
GLMN,0.000000,0.000000,Combined Sources,0.929204,0.816245,0.943883
MS4A5,0.000000,0.000000,Combined Sources,0.929204,0.816245,0.943883
RAN,0.000000,0.000000,Combined Sources,0.929204,0.816245,0.943883
DCUN1D2,0.000000,0.000000,Combined Sources,0.929204,0.816245,0.943883
NAALADL1,0.000000,0.000000,Combined Sources,0.929204,0.816245,0.943883
ARL6IP1,0.000000,0.000000,Combined Sources,0.929204,0.816245,0.943883
CELA2A,0.000000,0.000000,Combined Sources,0.929204,0.816245,0.943883
SYNM,0.000000,0.000000,Combined Sources,0.929204,0.816245,0.943883
TRAF2,0.000000,0.000000,Combined Sources,0.929204,0.816245,0.943883
RNF2,0.000000,0.000000,Combined Sources,0.929204,0.816245,0.943883
EGR4,0.000000,0.000000,Combined Sources,0.929204,0.816245,0.943883
IL10,0.000000,0.000000,Combined Sources,0.929204,0.816245,0.943883
TM9SF2,0.000000,0.000000,Combined Sources,0.929204,0.816245,0.943883
ZNF675,0.000000,0.000000,Combined Sources,0.929204,0.816245,0.943883
INSR,0.000000,0.000000,Combined Sources,0.929204,0.816245,0.943883
TFEB,0.000000,0.000000,Combined Sources,0.929204,0.816245,0.943883
CHODL,0.000000,0.000000,Combined Sources,0.929204,0.816245,0.943883
KCNJ8,0.000000,0.000000,Combined Sources,0.929204,0.816245,0.943883
INSL3,0.000000,0.000000,Combined Sources,0.929204,0.816245,0.943883
MPDZ,0.000000,0.000000,Combined Sources,0.929204,0.816245,0.943883
RRP12,0.000000,0.000000,Combined Sources,0.929204,0.816245,0.943883
MDH1,0.000000,0.000000,Combined Sources,0.929204,0.816245,0.943883
NKX2-1,0.000000,0.000000,Combined Sources,0.929204,0.816245,0.943883
REXO4,0.000000,0.000000,Combined Sources,0.929204,0.816245,0.943883
INPP5K,0.000000,0.000000,Combined Sources,0.929204,0.816245,0.943883
PGAP1,0.000000,0.000000,Combined Sources,0.929204,0.816245,0.943883
NAP1L1,0.000000,0.000000,Combined Sources,0.929204,0.816245,0.943883
RLBP1,0.000000,0.000000,Combined Sources,0.929204,0.816245,0.943883
TBC1D13,0.000000,0.000000,Combined Sources,0.929204,0.816245,0.943883
TXLNA,0.000000,0.000000,Combined Sources,0.929204,0.816245,0.943883
DHRS7B,0.000000,0.000000,Combined Sources,0.929204,0.816245,0.943883
CRIM1,0.000000,0.000000,Combined Sources,0.929204,0.816245,0.943883
TGFB3,0.000000,0.000000,Combined Sources,0.929204,0.816245,0.943883
POLE2,0.000000,0.000000,Combined Sources,0.929204,0.816245,0.943883
TXNL1,0.000000,0.000000,Combined Sources,0.929204,0.816245,0.943883
NAMPT,0.000000,0.000000,Combined Sources,0.929204,0.816245,0.943883
TOP3A,0.000000,0.000000,Combined Sources,0.929204,0.816245,0.943883
OTUD4,0.000000,0.000000,Combined Sources,0.929204,0.816245,0.943883
RGR,0.000000,0.000000,Combined Sources,0.929204,0.816245,0.943883
COG5,0.000000,0.000000,Combined Sources,0.929204,0.816245,0.943883
ACADSB,0.000000,0.000000,Combined Sources,0.929204,0.816245,0.943883
ERCC6L,0.000000,0.000000,Combined Sources,0.929204,0.816245,0.943883
DYRK1B,0.000000,0.000000,Combined Sources,0.929204,0.816245,0.943883
BRD3,0.000000,0.000000,Combined Sources,0.929204,0.816245,0.943883
ALDH1A1,0.000000,0.000000,Combined Sources,0.929204,0.816245,0.943883
FDXR,0.000000,0.000000,Combined Sources,0.929204,0.816245,0.943883
GNA14,0.000000,0.000000,Combined Sources,0.929204,0.816245,0.943883
CENPB,0.000000,0.000000,Combined Sources,0.929204,0.816245,0.943883
DNAH2,0.000000,0.000000,Combined Sources,0.929204,0.816245,0.943883
TIMM13,0.000000,0.000000,Combined Sources,0.929204,0.816245,0.943883
SLC22A3,0.000000,0.000000,Combined Sources,0.929204,0.816245,0.943883
CNGB1,0.000000,0.000000,Combined Sources,0.929204,0.816245,0.943883
GSTO1,0.000000,0.000000,Combined Sources,0.929204,0.816245,0.943883
PHYHIP,0.000000,0.000000,Combined Sources,0.929204,0.816245,0.943883
UBE2O,0.000000,0.000000,Combined Sources,0.929204,0.816245,0.943883
LSAMP,0.000000,0.000000,Combined Sources,0.929204,0.816245,0.943883
CCDC6,0.000000,0.000000,Combined Sources,0.929204,0.816245,0.943883
TARS2,0.000000,0.000000,Combined Sources,0.929204,0.816245,0.943883
NDUFB6,0.000000,0.000000,Combined Sources,0.929204,0.816245,0.943883
PPARA,0.000000,0.000000,Combined Sources,0.929204,0.816245,0.943883
ANKRD26,0.000000,0.000000,Combined Sources,0.929204,0.816245,0.943883
ARFGAP2,0.000000,0.000000,Combined Sources,0.929204,0.816245,0.943883
GEMIN8,0.000000,0.000000,Combined Sources,0.929204,0.816245,0.943883
PSPH,0.000000,0.000000,Combined Sources,0.929204,0.816245,0.943883
RAPGEF3,0.000000,0.000000,Combined Sources,0.929204,0.816245,0.943883
S100P,0.000000,0.000000,Combined Sources,0.929204,0.816245,0.943883
SSX2IP,0.000000,0.000000,Combined Sources,0.929204,0.816245,0.943883
GPRASP1,0.000000,0.000000,Combined Sources,0.929204,0.816245,0.943883
IFT140,0.000000,0.000000,Combined Sources,0.929204,0.816245,0.943883
SERPINE2,0.000000,0.000000,Combined Sources,0.929204,0.816245,0.943883
ADCY7,0.000000,0.000000,Combined Sources,0.929204,0.816245,0.943883
NIP7,0.000000,0.000000,Combined Sources,0.929204,0.816245,0.943883
KIF22,0.000000,0.000000,Combined Sources,0.929204,0.816245,0.943883
MIS12,0.000000,0.000000,Combined Sources,0.929204,0.816245,0.943883
UTP20,0.000000,0.000000,Combined Sources,0.929204,0.816245,0.943883
DNM2,0.000000,0.000000,Combined Sources,0.929204,0.816245,0.943883
SPON2,0.000000,0.000000,Combined Sources,0.929204,0.816245,0.943883
IFNW1,0.000000,0.000000,Combined Sources,0.929204,0.816245,0.943883
MYCNOS,0.000000,0.000000,Combined Sources,0.929204,0.816245,0.943883
LHX5,0.000000,0.000000,Combined Sources,0.929204,0.816245,0.943883
HLA-G,0.000000,0.000000,Combined Sources,0.929204,0.816245,0.943883
NR2C2,0.000000,0.000000,Combined Sources,0.929204,0.816245,0.943883
EFCAB11,0.000000,0.000000,Combined Sources,0.929204,0.816245,0.943883
RALY,0.000000,0.000000,Combined Sources,0.929204,0.816245,0.943883
BTBD3,0.000000,0.000000,Combined Sources,0.929204,0.816245,0.943883
NPPB,0.000000,0.000000,Combined Sources,0.929204,0.816245,0.943883
TDRD1,0.000000,0.000000,Combined Sources,0.929204,0.816245,0.943883
ZC3H4,0.000000,0.000000,Combined Sources,0.929204,0.816245,0.943883
DGKQ,0.000000,0.000000,Combined Sources,0.929204,0.816245,0.943883
DOC2B,0.000000,0.000000,Combined Sources,0.929204,0.816245,0.943883
PIP4K2A,0.000000,0.000000,Combined Sources,0.929204,0.816245,0.943883
GIMAP4,0.000000,0.000000,Combined Sources,0.929204,0.816245,0.943883
IL21,0.000000,0.000000,Combined Sources,0.929204,0.816245,0.943883
RAB5A,0.000000,0.000000,Combined Sources,0.929204,0.816245,0.943883
ZMYND8,0.000000,0.000000,Combined Sources,0.929204,0.816245,0.943883
FBXL18,0.000000,0.000000,Combined Sources,0.929204,0.816245,0.943883
DPH5,0.000000,0.000000,Combined Sources,0.929204,0.816245,0.943883
ZNF302,0.000000,0.000000,Combined Sources,0.929204,0.816245,0.943883
TMEM59,0.000000,0.000000,Combined Sources,0.929204,0.816245,0.943883
ACTL7B,0.000000,0.000000,Combined Sources,0.929204,0.816245,0.943883
SLC47A1,0.000000,0.000000,Combined Sources,0.929204,0.816245,0.943883
NDRG3,0.000000,0.000000,Combined Sources,0.929204,0.816245,0.943883
RAB11FIP1,0.000000,0.000000,Combined Sources,0.929204,0.816245,0.943883
GPR143,0.000000,0.000000,Combined Sources,0.929204,0.816245,0.943883
PIK3C2B,0.000000,0.000000,Combined Sources,0.929204,0.816245,0.943883
KLRF1,0.000000,0.000000,Combined Sources,0.929204,0.816245,0.943883
OR7E24,0.000000,0.000000,Combined Sources,0.929204,0.816245,0.943883
RGS5,0.000000,0.000000,Combined Sources,0.929204,0.816245,0.943883
NGF,0.000000,0.000000,Combined Sources,0.929204,0.816245,0.943883
HEATR1,0.000000,0.000000,Combined Sources,0.929204,0.816245,0.943883
DPM1,0.000000,0.000000,Combined Sources,0.929204,0.816245,0.943883
NEDD8,0.000000,0.000000,Combined Sources,0.929204,0.816245,0.943883
FOXK2,0.000000,0.000000,Combined Sources,0.929204,0.816245,0.943883
LGALS1,0.000000,0.000000,Combined Sources,0.929204,0.816245,0.943883
HDAC1,0.000000,0.000000,Combined Sources,0.929204,0.816245,0.943883
KCNQ3,0.000000,0.000000,Combined Sources,0.929204,0.816245,0.943883
ACTR3B,0.000000,0.000000,Combined Sources,0.929204,0.816245,0.943883
CAB39,0.000000,0.000000,Combined Sources,0.929204,0.816245,0.943883
ERG,0.000000,0.000000,Combined Sources,0.929204,0.816245,0.943883
TBXA2R,0.000000,0.000000,Combined Sources,0.929204,0.816245,0.943883
DUSP21,0.000000,0.000000,Combined Sources,0.929204,0.816245,0.943883
EMID1,0.000000,0.000000,Combined Sources,0.929204,0.816245,0.943883
ATP7A,0.000000,0.000000,Combined Sources,0.929204,0.816245,0.943883
TNFRSF1B,0.000000,0.000000,Combined Sources,0.929204,0.816245,0.943883
MSRA,0.000000,0.000000,Combined Sources,0.929204,0.816245,0.943883
IFT88,0.000000,0.000000,Combined Sources,0.929204,0.816245,0.943883
ATG5,0.000000,0.000000,Combined Sources,0.929204,0.816245,0.943883
UGP2,0.000000,0.000000,Combined Sources,0.929204,0.816245,0.943883
TSC22D1,0.000000,0.000000,Combined Sources,0.929204,0.816245,0.943883
ZNF550,0.000000,0.000000,Combined Sources,0.929204,0.816245,0.943883
PLEKHF2,0.000000,0.000000,Combined Sources,0.929204,0.816245,0.943883
PRPF38B,0.000000,0.000000,Combined Sources,0.929204,0.816245,0.943883
PPP4R4,0.000000,0.000000,Combined Sources,0.929204,0.816245,0.943883
FAM204A,0.000000,0.000000,Combined Sources,0.929204,0.816245,0.943883
SLC4A5,0.000000,0.000000,Combined Sources,0.929204,0.816245,0.943883
WAS,0.000000,0.000000,Combined Sources,0.929204,0.816245,0.943883
SYNE1,0.000000,0.000000,Combined Sources,0.929204,0.816245,0.943883
TLK2,0.000000,0.000000,Combined Sources,0.929204,0.816245,0.943883
ASTE1,0.000000,0.000000,Combined Sources,0.929204,0.816245,0.943883
ANGPTL3,0.000000,0.000000,Combined Sources,0.929204,0.816245,0.943883
CCR3,0.000000,0.000000,Combined Sources,0.929204,0.816245,0.943883
SYNC,0.000000,0.000000,Combined Sources,0.929204,0.816245,0.943883
ALDH18A1,0.000000,0.000000,Combined Sources,0.929204,0.816245,0.943883
MAGI1,0.000000,0.000000,Combined Sources,0.929204,0.816245,0.943883
RHO,0.000000,0.000000,Combined Sources,0.929204,0.816245,0.943883
TXNRD1,0.000000,0.000000,Combined Sources,0.929204,0.816245,0.943883
ZNF200,0.000000,0.000000,Combined Sources,0.929204,0.816245,0.943883
ATIC,0.000000,0.000000,Combined Sources,0.929204,0.816245,0.943883
DOK2,0.000000,0.000000,Combined Sources,0.929204,0.816245,0.943883
CHAF1B,0.000000,0.000000,Combined Sources,0.929204,0.816245,0.943883
ABCA3,0.000000,0.000000,Combined Sources,0.929204,0.816245,0.943883
PPEF1,0.000000,0.000000,Combined Sources,0.929204,0.816245,0.943883
JUND,0.000000,0.000000,Combined Sources,0.929204,0.816245,0.943883
CYP11A1,0.000000,0.000000,Combined Sources,0.929204,0.816245,0.943883
CLINT1,0.000000,0.000000,Combined Sources,0.929204,0.816245,0.943883
IQSEC1,0.000000,0.000000,Combined Sources,0.929204,0.816245,0.943883
SLN,0.000000,0.000000,Combined Sources,0.929204,0.816245,0.943883
CES2,0.000000,0.000000,Combined Sources,0.929204,0.816245,0.943883
RAB1A,0.000000,0.000000,Combined Sources,0.929204,0.816245,0.943883
GJC2,0.000000,0.000000,Combined Sources,0.929204,0.816245,0.943883
RALGPS1,0.000000,0.000000,Combined Sources,0.929204,0.816245,0.943883
ZPBP,0.000000,0.000000,Combined Sources,0.929204,0.816245,0.943883
DKK2,0.000000,0.000000,Combined Sources,0.929204,0.816245,0.943883
JOSD1,0.000000,0.000000,Combined Sources,0.929204,0.816245,0.943883
AZI2,0.000000,0.000000,Combined Sources,0.929204,0.816245,0.943883
SLC25A3,0.000000,0.000000,Combined Sources,0.929204,0.816245,0.943883
RDX,0.000000,0.000000,Combined Sources,0.929204,0.816245,0.943883
MUC7,0.000000,0.000000,Combined Sources,0.929204,0.816245,0.943883
URB1,0.000000,0.000000,Combined Sources,0.929204,0.816245,0.943883
MRPL19,0.000000,0.000000,Combined Sources,0.929204,0.816245,0.943883
ABCC2,0.000000,0.000000,Combined Sources,0.929204,0.816245,0.943883
PLCL2,0.000000,0.000000,Combined Sources,0.929204,0.816245,0.943883
ZNF408,0.000000,0.000000,Combined Sources,0.929204,0.816245,0.943883
THAP10,0.000000,0.000000,Combined Sources,0.929204,0.816245,0.943883
FMNL1,0.000000,0.000000,Combined Sources,0.929204,0.816245,0.943883
SHCBP1,0.000000,0.000000,Combined Sources,0.929204,0.816245,0.943883
HAS1,0.000000,0.000000,Combined Sources,0.929204,0.816245,0.943883
TRIM21,0.000000,0.000000,Combined Sources,0.929204,0.816245,0.943883
CYSLTR2,0.000000,0.000000,Combined Sources,0.929204,0.816245,0.943883
TCP1,0.000000,0.000000,Combined Sources,0.929204,0.816245,0.943883
MLST8,0.000000,0.000000,Combined Sources,0.929204,0.816245,0.943883
SRGAP3,0.000000,0.000000,Combined Sources,0.929204,0.816245,0.943883
FBXO21,0.000000,0.000000,Combined Sources,0.929204,0.816245,0.943883
MRPS15,0.000000,0.000000,Combined Sources,0.929204,0.816245,0.943883
PLSCR4,0.000000,0.000000,Combined Sources,0.929204,0.816245,0.943883
PRAMEF12,0.000000,0.000000,Combined Sources,0.929204,0.816245,0.943883
CYP1A1,0.000000,0.000000,Combined Sources,0.929204,0.816245,0.943883
PGF,0.000000,0.000000,Combined Sources,0.929204,0.816245,0.943883
CXCL6,0.000000,0.000000,Combined Sources,0.929204,0.816245,0.943883
ZNF787,0.000000,0.000000,Combined Sources,0.929204,0.816245,0.943883
CEP70,0.000000,0.000000,Combined Sources,0.929204,0.816245,0.943883
DLD,0.000000,0.000000,Combined Sources,0.929204,0.816245,0.943883
NDUFS7,0.000000,0.000000,Combined Sources,0.929204,0.816245,0.943883
DIXDC1,0.000000,0.000000,Combined Sources,0.929204,0.816245,0.943883
UBTD1,0.000000,0.000000,Combined Sources,0.929204,0.816245,0.943883
NPTX1,0.000000,0.000000,Combined Sources,0.929204,0.816245,0.943883
RPLP2,0.000000,0.000000,Combined Sources,0.929204,0.816245,0.943883
PSG5,0.000000,0.000000,Combined Sources,0.929204,0.816245,0.943883
TRIM15,0.000000,0.000000,Combined Sources,0.929204,0.816245,0.943883
CBLC,0.000000,0.000000,Combined Sources,0.929204,0.816245,0.943883
COPZ1,0.000000,0.000000,Combined Sources,0.929204,0.816245,0.943883
TDP2,0.000000,0.000000,Combined Sources,0.929204,0.816245,0.943883
HSPB8,0.000000,0.000000,Combined Sources,0.929204,0.816245,0.943883
KCNN1,0.000000,0.000000,Combined Sources,0.929204,0.816245,0.943883
ARHGAP19,0.000000,0.000000,Combined Sources,0.929204,0.816245,0.943883
RPL13,0.000000,0.000000,Combined Sources,0.929204,0.816245,0.943883
ETV7,0.000000,0.000000,Combined Sources,0.929204,0.816245,0.943883
SPTBN4,0.000000,0.000000,Combined Sources,0.929204,0.816245,0.943883
FAM50A,0.000000,0.000000,Combined Sources,0.929204,0.816245,0.943883
ENY2,0.000000,0.000000,Combined Sources,0.929204,0.816245,0.943883
FAF1,0.000000,0.000000,Combined Sources,0.929204,0.816245,0.943883
ZNF74,0.000000,0.000000,Combined Sources,0.929204,0.816245,0.943883
CEP192,0.000000,0.000000,Combined Sources,0.929204,0.816245,0.943883
MAGEA11,0.000000,0.000000,Combined Sources,0.929204,0.816245,0.943883
SMNDC1,0.000000,0.000000,Combined Sources,0.929204,0.816245,0.943883
GPR183,0.000000,0.000000,Combined Sources,0.929204,0.816245,0.943883
DOC2A,0.000000,0.000000,Combined Sources,0.929204,0.816245,0.943883
CASKIN2,0.000000,0.000000,Combined Sources,0.929204,0.816245,0.943883
AHCTF1,0.000000,0.000000,Combined Sources,0.929204,0.816245,0.943883
IL17RA,0.000000,0.000000,Combined Sources,0.929204,0.816245,0.943883
RAD54B,0.000000,0.000000,Combined Sources,0.929204,0.816245,0.943883
FCAR,0.000000,0.000000,Combined Sources,0.929204,0.816245,0.943883
BDKRB2,0.000000,0.000000,Combined Sources,0.929204,0.816245,0.943883
EPHA5,0.000000,0.000000,Combined Sources,0.929204,0.816245,0.943883
DCAF17,0.000000,0.000000,Combined Sources,0.929204,0.816245,0.943883
B4GALT6,0.000000,0.000000,Combined Sources,0.929204,0.816245,0.943883
TBP,0.000000,0.000000,Combined Sources,0.929204,0.816245,0.943883
LIG1,0.000000,0.000000,Combined Sources,0.929204,0.816245,0.943883
MATN3,0.000000,0.000000,Combined Sources,0.929204,0.816245,0.943883
ZNF764,0.000000,0.000000,Combined Sources,0.929204,0.816245,0.943883
KCNJ2,0.000000,0.000000,Combined Sources,0.929204,0.816245,0.943883
DACT1,0.000000,0.000000,Combined Sources,0.929204,0.816245,0.943883
PIP4K2C,0.000000,0.000000,Combined Sources,0.929204,0.816245,0.943883
DCP1A,0.000000,0.000000,Combined Sources,0.929204,0.816245,0.943883
GIT2,0.000000,0.000000,Combined Sources,0.929204,0.816245,0.943883
OGFRL1,0.000000,0.000000,Combined Sources,0.929204,0.816245,0.943883
SORL1,0.000000,0.000000,Combined Sources,0.929204,0.816245,0.943883
WDR41,0.000000,0.000000,Combined Sources,0.929204,0.816245,0.943883
MCF2,0.000000,0.000000,Combined Sources,0.929204,0.816245,0.943883
BRD2,0.000000,0.000000,Combined Sources,0.929204,0.816245,0.943883
ABCC4,0.000000,0.000000,Combined Sources,0.929204,0.816245,0.943883
NUSAP1,0.000000,0.000000,Combined Sources,0.929204,0.816245,0.943883
GCG,0.000000,0.000000,Combined Sources,0.929204,0.816245,0.943883
CDC16,0.000000,0.000000,Combined Sources,0.929204,0.816245,0.943883
FLII,0.000000,0.000000,Combined Sources,0.929204,0.816245,0.943883
TMOD2,0.000000,0.000000,Combined Sources,0.929204,0.816245,0.943883
KLRG1,0.000000,0.000000,Combined Sources,0.929204,0.816245,0.943883
CTSF,0.000000,0.000000,Combined Sources,0.929204,0.816245,0.943883
MEAF6,0.000000,0.000000,Combined Sources,0.929204,0.816245,0.943883
ENDOU,0.000000,0.000000,Combined Sources,0.929204,0.816245,0.943883
SLC41A3,0.000000,0.000000,Combined Sources,0.929204,0.816245,0.943883
NMNAT2,0.000000,0.000000,Combined Sources,0.929204,0.816245,0.943883
MAP4,0.000000,0.000000,Combined Sources,0.929204,0.816245,0.943883
AKT1,0.000000,0.000000,Combined Sources,0.929204,0.816245,0.943883
DEFB1,0.000000,0.000000,Combined Sources,0.929204,0.816245,0.943883
PLEKHA1,0.000000,0.000000,Combined Sources,0.929204,0.816245,0.943883
ZNF268,0.000000,0.000000,Combined Sources,0.929204,0.816245,0.943883
SRP19,0.000000,0.000000,Combined Sources,0.929204,0.816245,0.943883
MGAT4B,0.000000,0.000000,Combined Sources,0.929204,0.816245,0.943883
EIF3A,0.000000,0.000000,Combined Sources,0.929204,0.816245,0.943883
TMPRSS5,0.000000,0.000000,Combined Sources,0.929204,0.816245,0.943883
LIME1,0.000000,0.000000,Combined Sources,0.929204,0.816245,0.943883
SLC2A2,0.000000,0.000000,Combined Sources,0.929204,0.816245,0.943883
UPK1A,0.000000,0.000000,Combined Sources,0.929204,0.816245,0.943883
NDUFB5,0.000000,0.000000,Combined Sources,0.929204,0.816245,0.943883
SERPINI1,0.000000,0.000000,Combined Sources,0.929204,0.816245,0.943883
EIF2B1,0.000000,0.000000,Combined Sources,0.929204,0.816245,0.943883
TNNI3,0.000000,0.000000,Combined Sources,0.929204,0.816245,0.943883
PLXNA3,0.000000,0.000000,Combined Sources,0.929204,0.816245,0.943883
DEPTOR,0.000000,0.000000,Combined Sources,0.929204,0.816245,0.943883
PTPRH,0.000000,0.000000,Combined Sources,0.929204,0.816245,0.943883
CYP11B2,0.000000,0.000000,Combined Sources,0.929204,0.816245,0.943883
CARS2,0.000000,0.000000,Combined Sources,0.929204,0.816245,0.943883
HTR1D,0.000000,0.000000,Combined Sources,0.929204,0.816245,0.943883
MAPRE2,0.000000,0.000000,Combined Sources,0.929204,0.816245,0.943883
RBBP7,0.000000,0.000000,Combined Sources,0.929204,0.816245,0.943883
BLK,0.000000,0.000000,Combined Sources,0.929204,0.816245,0.943883
APOL6,0.000000,0.000000,Combined Sources,0.929204,0.816245,0.943883
LGSN,0.000000,0.000000,Combined Sources,0.929204,0.816245,0.943883
SLC10A3,0.000000,0.000000,Combined Sources,0.929204,0.816245,0.943883
SLC17A7,0.000000,0.000000,Combined Sources,0.929204,0.816245,0.943883
STON1,0.000000,0.000000,Combined Sources,0.929204,0.816245,0.943883
TSPO2,0.000000,0.000000,Combined Sources,0.929204,0.816245,0.943883
ZNF287,0.000000,0.000000,Combined Sources,0.929204,0.816245,0.943883
HCRTR2,0.000000,0.000000,Combined Sources,0.929204,0.816245,0.943883
FGF8,0.000000,0.000000,Combined Sources,0.929204,0.816245,0.943883
ZNF514,0.000000,0.000000,Combined Sources,0.929204,0.816245,0.943883
GPR75,0.000000,0.000000,Combined Sources,0.929204,0.816245,0.943883
PSPN,0.000000,0.000000,Combined Sources,0.929204,0.816245,0.943883
POU4F2,0.000000,0.000000,Combined Sources,0.929204,0.816245,0.943883
MMP27,0.000000,0.000000,Combined Sources,0.929204,0.816245,0.943883
SRI,0.000000,0.000000,Combined Sources,0.929204,0.816245,0.943883
RBPJL,0.000000,0.000000,Combined Sources,0.929204,0.816245,0.943883
TTLL1,0.000000,0.000000,Combined Sources,0.929204,0.816245,0.943883
CASP8,0.000000,0.000000,Combined Sources,0.929204,0.816245,0.943883
NEUROD6,0.000000,0.000000,Combined Sources,0.929204,0.816245,0.943883
PFKFB4,0.000000,0.000000,Combined Sources,0.929204,0.816245,0.943883
BBS4,0.000000,0.000000,Combined Sources,0.929204,0.816245,0.943883
LGR4,0.000000,0.000000,Combined Sources,0.929204,0.816245,0.943883
ZEB2,0.000000,0.000000,Combined Sources,0.929204,0.816245,0.943883
POF1B,0.000000,0.000000,Combined Sources,0.929204,0.816245,0.943883
AGMAT,0.000000,0.000000,Combined Sources,0.929204,0.816245,0.943883
EIF2S2,0.000000,0.000000,Combined Sources,0.929204,0.816245,0.943883
FRAT1,0.000000,0.000000,Combined Sources,0.929204,0.816245,0.943883
GLRA3,0.000000,0.000000,Combined Sources,0.929204,0.816245,0.943883
MAP2K2,0.000000,0.000000,Combined Sources,0.929204,0.816245,0.943883
BID,0.000000,0.000000,Combined Sources,0.929204,0.816245,0.943883
SNAI2,0.000000,0.000000,Combined Sources,0.929204,0.816245,0.943883
EIF5B,0.000000,0.000000,Combined Sources,0.929204,0.816245,0.943883
MAP1LC3B,0.000000,0.000000,Combined Sources,0.929204,0.816245,0.943883
ACHE,0.000000,0.000000,Combined Sources,0.929204,0.816245,0.943883
VAX2,0.000000,0.000000,Combined Sources,0.929204,0.816245,0.943883
NRG1,0.000000,0.000000,Combined Sources,0.929204,0.816245,0.943883
PTGES,0.000000,0.000000,Combined Sources,0.929204,0.816245,0.943883
HMX1,0.000000,0.000000,Combined Sources,0.929204,0.816245,0.943883
MTO1,0.000000,0.000000,Combined Sources,0.929204,0.816245,0.943883
SIM2,0.000000,0.000000,Combined Sources,0.929204,0.816245,0.943883
CNPY2,0.000000,0.000000,Combined Sources,0.929204,0.816245,0.943883
FGFBP1,0.000000,0.000000,Combined Sources,0.929204,0.816245,0.943883
OPLAH,0.000000,0.000000,Combined Sources,0.929204,0.816245,0.943883
RECQL,0.000000,0.000000,Combined Sources,0.929204,0.816245,0.943883
TACC3,0.000000,0.000000,Combined Sources,0.929204,0.816245,0.943883
TIMM23,0.000000,0.000000,Combined Sources,0.929204,0.816245,0.943883
SCTR,0.000000,0.000000,Combined Sources,0.929204,0.816245,0.943883
PRRC2B,0.000000,0.000000,Combined Sources,0.929204,0.816245,0.943883
CRTAP,0.000000,0.000000,Combined Sources,0.929204,0.816245,0.943883
TPR,0.000000,0.000000,Combined Sources,0.929204,0.816245,0.943883
PYY2,0.000000,0.000000,Combined Sources,0.929204,0.816245,0.943883
ALDH3B1,0.000000,0.000000,Combined Sources,0.929204,0.816245,0.943883
WDR37,0.000000,0.000000,Combined Sources,0.929204,0.816245,0.943883
PARN,0.000000,0.000000,Combined Sources,0.929204,0.816245,0.943883
TRIM66,0.000000,0.000000,Combined Sources,0.929204,0.816245,0.943883
ADORA3,0.000000,0.000000,Combined Sources,0.929204,0.816245,0.943883
TSPAN5,0.000000,0.000000,Combined Sources,0.929204,0.816245,0.943883
RBCK1,0.000000,0.000000,Combined Sources,0.929204,0.816245,0.943883
HSPA2,0.000000,0.000000,Combined Sources,0.929204,0.816245,0.943883
C9orf40,0.000000,0.000000,Combined Sources,0.929204,0.816245,0.943883
ZNF45,0.000000,0.000000,Combined Sources,0.929204,0.816245,0.943883
INTS8,0.000000,0.000000,Combined Sources,0.929204,0.816245,0.943883
PIKFYVE,0.000000,0.000000,Combined Sources,0.929204,0.816245,0.943883
TUBG2,0.000000,0.000000,Combined Sources,0.929204,0.816245,0.943883
CAPN3,0.000000,0.000000,Combined Sources,0.929204,0.816245,0.943883
SNAPC2,0.000000,0.000000,Combined Sources,0.929204,0.816245,0.943883
SPO11,0.000000,0.000000,Combined Sources,0.929204,0.816245,0.943883
FER1L4,0.000000,0.000000,Combined Sources,0.929204,0.816245,0.943883
CYBRD1,0.000000,0.000000,Combined Sources,0.929204,0.816245,0.943883
CALCR,0.000000,0.000000,Combined Sources,0.929204,0.816245,0.943883
SLC1A6,0.000000,0.000000,Combined Sources,0.929204,0.816245,0.943883
SEMA3B,0.000000,0.000000,Combined Sources,0.929204,0.816245,0.943883
APOL1,0.000000,0.000000,Combined Sources,0.929204,0.816245,0.943883
NFATC3,0.000000,0.000000,Combined Sources,0.929204,0.816245,0.943883
ZNF8,0.000000,0.000000,Combined Sources,0.929204,0.816245,0.943883
AFM,0.000000,0.000000,Combined Sources,0.929204,0.816245,0.943883
PPP2R2A,0.000000,0.000000,Combined Sources,0.929204,0.816245,0.943883
EFNB1,0.000000,0.000000,Combined Sources,0.929204,0.816245,0.943883
SHMT2,0.000000,0.000000,Combined Sources,0.929204,0.816245,0.943883
YIPF1,0.000000,0.000000,Combined Sources,0.929204,0.816245,0.943883
TIMM9,0.000000,0.000000,Combined Sources,0.929204,0.816245,0.943883
METTL1,0.000000,0.000000,Combined Sources,0.929204,0.816245,0.943883
OR7E14P,0.000000,0.000000,Combined Sources,0.929204,0.816245,0.943883
PRPH2,0.000000,0.000000,Combined Sources,0.929204,0.816245,0.943883
RAB35,0.000000,0.000000,Combined Sources,0.929204,0.816245,0.943883
ZDHHC6,0.000000,0.000000,Combined Sources,0.929204,0.816245,0.943883
RCAN3,0.000000,0.000000,Combined Sources,0.929204,0.816245,0.943883
NFATC1,0.000000,0.000000,Combined Sources,0.929204,0.816245,0.943883
CYBB,0.000000,0.000000,Combined Sources,0.929204,0.816245,0.943883
ERN1,0.000000,0.000000,Combined Sources,0.929204,0.816245,0.943883
ADCK2,0.000000,0.000000,Combined Sources,0.929204,0.816245,0.943883
ANXA10,0.000000,0.000000,Combined Sources,0.929204,0.816245,0.943883
GNL1,0.000000,0.000000,Combined Sources,0.929204,0.816245,0.943883
USP11,0.000000,0.000000,Combined Sources,0.929204,0.816245,0.943883
ERCC6,0.000000,0.000000,Combined Sources,0.929204,0.816245,0.943883
ASAP1-IT1,0.000000,0.000000,Combined Sources,0.929204,0.816245,0.943883
KIF25,0.000000,0.000000,Combined Sources,0.929204,0.816245,0.943883
KLK8,0.000000,0.000000,Combined Sources,0.929204,0.816245,0.943883
KCND3,0.000000,0.000000,Combined Sources,0.929204,0.816245,0.943883
TSGA10,0.000000,0.000000,Combined Sources,0.929204,0.816245,0.943883
MGAT3,0.000000,0.000000,Combined Sources,0.929204,0.816245,0.943883
SLC28A2,0.000000,0.000000,Combined Sources,0.929204,0.816245,0.943883
SOX10,0.000000,0.000000,Combined Sources,0.929204,0.816245,0.943883
CD3E,0.000000,0.000000,Combined Sources,0.929204,0.816245,0.943883
NDUFB1,0.000000,0.000000,Combined Sources,0.929204,0.816245,0.943883
SLC24A3,0.000000,0.000000,Combined Sources,0.929204,0.816245,0.943883
EFCAB6,0.000000,0.000000,Combined Sources,0.929204,0.816245,0.943883
CNR2,0.000000,0.000000,Combined Sources,0.929204,0.816245,0.943883
ATP9B,0.000000,0.000000,Combined Sources,0.929204,0.816245,0.943883
PSRC1,0.000000,0.000000,Combined Sources,0.929204,0.816245,0.943883
SLC15A3,0.000000,0.000000,Combined Sources,0.929204,0.816245,0.943883
ZMYND10,0.000000,0.000000,Combined Sources,0.929204,0.816245,0.943883
RPL31,0.000000,0.000000,Combined Sources,0.929204,0.816245,0.943883
ECEL1,0.000000,0.000000,Combined Sources,0.929204,0.816245,0.943883
SCGB1D2,0.000000,0.000000,Combined Sources,0.929204,0.816245,0.943883
GAGE1,0.000000,0.000000,Combined Sources,0.929204,0.816245,0.943883
SCCPDH,0.000000,0.000000,Combined Sources,0.929204,0.816245,0.943883
BLZF1,0.000000,0.000000,Combined Sources,0.929204,0.816245,0.943883
CABYR,0.000000,0.000000,Combined Sources,0.929204,0.816245,0.943883
RPS24,0.000000,0.000000,Combined Sources,0.929204,0.816245,0.943883
PIGV,0.000000,0.000000,Combined Sources,0.929204,0.816245,0.943883
ABCB4,0.000000,0.000000,Combined Sources,0.929204,0.816245,0.943883
PADI2,0.000000,0.000000,Combined Sources,0.929204,0.816245,0.943883
LCMT1,0.000000,0.000000,Combined Sources,0.929204,0.816245,0.943883
HMGCR,0.000000,0.000000,Combined Sources,0.929204,0.816245,0.943883
DLG3,0.000000,0.000000,Combined Sources,0.929204,0.816245,0.943883
DLEC1,0.000000,0.000000,Combined Sources,0.929204,0.816245,0.943883
RGS2,0.000000,0.000000,Combined Sources,0.929204,0.816245,0.943883
DHX40,0.000000,0.000000,Combined Sources,0.929204,0.816245,0.943883
ARF3,0.000000,0.000000,Combined Sources,0.929204,0.816245,0.943883
CD1B,0.000000,0.000000,Combined Sources,0.929204,0.816245,0.943883
BMP10,0.000000,0.000000,Combined Sources,0.929204,0.816245,0.943883
CTSO,0.000000,0.000000,Combined Sources,0.929204,0.816245,0.943883
AFF1,0.000000,0.000000,Combined Sources,0.929204,0.816245,0.943883
CGGBP1,0.000000,0.000000,Combined Sources,0.929204,0.816245,0.943883
PQBP1,0.000000,0.000000,Combined Sources,0.929204,0.816245,0.943883
TPPP3,0.000000,0.000000,Combined Sources,0.929204,0.816245,0.943883
MMRN1,0.000000,0.000000,Combined Sources,0.929204,0.816245,0.943883
OR2F2,0.000000,0.000000,Combined Sources,0.929204,0.816245,0.943883
HSPB7,0.000000,0.000000,Combined Sources,0.929204,0.816245,0.943883
KLHDC3,0.000000,0.000000,Combined Sources,0.929204,0.816245,0.943883
LRRC42,0.000000,0.000000,Combined Sources,0.929204,0.816245,0.943883
KDM5B,0.000000,0.000000,Combined Sources,0.929204,0.816245,0.943883
AKR1C2,0.000000,0.000000,Combined Sources,0.929204,0.816245,0.943883
TRDN,0.000000,0.000000,Combined Sources,0.929204,0.816245,0.943883
OR1A1,0.000000,0.000000,Combined Sources,0.929204,0.816245,0.943883
CRH,0.000000,0.000000,Combined Sources,0.929204,0.816245,0.943883
ALDH1A2,0.000000,0.000000,Combined Sources,0.929204,0.816245,0.943883
NR1D2,0.000000,0.000000,Combined Sources,0.929204,0.816245,0.943883
WDR6,0.000000,0.000000,Combined Sources,0.929204,0.816245,0.943883
ZDHHC13,0.000000,0.000000,Combined Sources,0.929204,0.816245,0.943883
ARNT2,0.000000,0.000000,Combined Sources,0.929204,0.816245,0.943883
NAB1,0.000000,0.000000,Combined Sources,0.929204,0.816245,0.943883
ELF1,0.000000,0.000000,Combined Sources,0.929204,0.816245,0.943883
CDT1,0.000000,0.000000,Combined Sources,0.929204,0.816245,0.943883
RHOT1,0.000000,0.000000,Combined Sources,0.929204,0.816245,0.943883
ABCB7,0.000000,0.000000,Combined Sources,0.929204,0.816245,0.943883
RPL28,0.000000,0.000000,Combined Sources,0.929204,0.816245,0.943883
GPLD1,0.000000,0.000000,Combined Sources,0.929204,0.816245,0.943883
CSF1R,0.000000,0.000000,Combined Sources,0.929204,0.816245,0.943883
CETN1,0.000000,0.000000,Combined Sources,0.929204,0.816245,0.943883
ADAM9,0.000000,0.000000,Combined Sources,0.929204,0.816245,0.943883
DDX54,0.000000,0.000000,Combined Sources,0.929204,0.816245,0.943883
ELN,0.000000,0.000000,Combined Sources,0.929204,0.816245,0.943883
MAP1LC3C,0.000000,0.000000,Combined Sources,0.929204,0.816245,0.943883
RETSAT,0.000000,0.000000,Combined Sources,0.929204,0.816245,0.943883
C10orf95,0.000000,0.000000,Combined Sources,0.929204,0.816245,0.943883
SNX16,0.000000,0.000000,Combined Sources,0.929204,0.816245,0.943883
ITGB6,0.000000,0.000000,Combined Sources,0.929204,0.816245,0.943883
LEPR,0.000000,0.000000,Combined Sources,0.929204,0.816245,0.943883
TOP1,0.000000,0.000000,Combined Sources,0.929204,0.816245,0.943883
APBB3,0.000000,0.000000,Combined Sources,0.929204,0.816245,0.943883
CEP112,0.000000,0.000000,Combined Sources,0.929204,0.816245,0.943883
ERVMER34-1,0.000000,0.000000,Combined Sources,0.929204,0.816245,0.943883
LRRC40,0.000000,0.000000,Combined Sources,0.929204,0.816245,0.943883
NUAK2,0.000000,0.000000,Combined Sources,0.929204,0.816245,0.943883
PTPN11,0.000000,0.000000,Combined Sources,0.929204,0.816245,0.943883
DSC1,0.000000,0.000000,Combined Sources,0.929204,0.816245,0.943883
GDF2,0.000000,0.000000,Combined Sources,0.929204,0.816245,0.943883
HEBP2,0.000000,0.000000,Combined Sources,0.929204,0.816245,0.943883
HAX1,0.000000,0.000000,Combined Sources,0.929204,0.816245,0.943883
CCDC22,0.000000,0.000000,Combined Sources,0.929204,0.816245,0.943883
DKK1,0.000000,0.000000,Combined Sources,0.929204,0.816245,0.943883
PRKD1,0.000000,0.000000,Combined Sources,0.929204,0.816245,0.943883
SF3B5,0.000000,0.000000,Combined Sources,0.929204,0.816245,0.943883
MECP2,0.000000,0.000000,Combined Sources,0.929204,0.816245,0.943883
PIBF1,0.000000,0.000000,Combined Sources,0.929204,0.816245,0.943883
PPP6R3,0.000000,0.000000,Combined Sources,0.929204,0.816245,0.943883
HMGN5,0.000000,0.000000,Combined Sources,0.929204,0.816245,0.943883
ETNK2,0.000000,0.000000,Combined Sources,0.929204,0.816245,0.943883
POR,0.000000,0.000000,Combined Sources,0.929204,0.816245,0.943883
DCTN6,0.000000,0.000000,Combined Sources,0.929204,0.816245,0.943883
RBM28,0.000000,0.000000,Combined Sources,0.929204,0.816245,0.943883
C8orf44,0.000000,0.000000,Combined Sources,0.929204,0.816245,0.943883
HRH2,0.000000,0.000000,Combined Sources,0.929204,0.816245,0.943883
SNRPF,0.000000,0.000000,Combined Sources,0.929204,0.816245,0.943883
CRY2,0.000000,0.000000,Combined Sources,0.929204,0.816245,0.943883
KIF11,0.000000,0.000000,Combined Sources,0.929204,0.816245,0.943883
TNR,0.000000,0.000000,Combined Sources,0.929204,0.816245,0.943883
EMD,0.000000,0.000000,Combined Sources,0.929204,0.816245,0.943883
ASAP3,0.000000,0.000000,Combined Sources,0.929204,0.816245,0.943883
PTH2R,0.000000,0.000000,Combined Sources,0.929204,0.816245,0.943883
UCN,0.000000,0.000000,Combined Sources,0.929204,0.816245,0.943883
PASK,0.000000,0.000000,Combined Sources,0.929204,0.816245,0.943883
PRPSAP1,0.000000,0.000000,Combined Sources,0.929204,0.816245,0.943883
LLGL1,0.000000,0.000000,Combined Sources,0.929204,0.816245,0.943883
RABEP2,0.000000,0.000000,Combined Sources,0.929204,0.816245,0.943883
SBNO1,0.000000,0.000000,Combined Sources,0.929204,0.816245,0.943883
ADH1C,0.000000,0.000000,Combined Sources,0.929204,0.816245,0.943883
WDR91,0.000000,0.000000,Combined Sources,0.929204,0.816245,0.943883
EDA,0.000000,0.000000,Combined Sources,0.929204,0.816245,0.943883
NUDT9,0.000000,0.000000,Combined Sources,0.929204,0.816245,0.943883
SLC38A6,0.000000,0.000000,Combined Sources,0.929204,0.816245,0.943883
SGMS1,0.000000,0.000000,Combined Sources,0.929204,0.816245,0.943883
HEY1,0.000000,0.000000,Combined Sources,0.929204,0.816245,0.943883
ITGA9,0.000000,0.000000,Combined Sources,0.929204,0.816245,0.943883
CHRNB4,0.000000,0.000000,Combined Sources,0.929204,0.816245,0.943883
COPE,0.000000,0.000000,Combined Sources,0.929204,0.816245,0.943883
ASXL3,0.000000,0.000000,Combined Sources,0.929204,0.816245,0.943883
KCNG2,0.000000,0.000000,Combined Sources,0.929204,0.816245,0.943883
SLC25A1,0.000000,0.000000,Combined Sources,0.929204,0.816245,0.943883
TRHR,0.000000,0.000000,Combined Sources,0.929204,0.816245,0.943883
PMF1,0.000000,0.000000,Combined Sources,0.929204,0.816245,0.943883
HYAL1,0.000000,0.000000,Combined Sources,0.929204,0.816245,0.943883
ABCG1,0.000000,0.000000,Combined Sources,0.929204,0.816245,0.943883
CPVL,0.000000,0.000000,Combined Sources,0.929204,0.816245,0.943883
RNPEPL1,0.000000,0.000000,Combined Sources,0.929204,0.816245,0.943883
LHX2,0.000000,0.000000,Combined Sources,0.929204,0.816245,0.943883
OS9,0.000000,0.000000,Combined Sources,0.929204,0.816245,0.943883
PLAUR,0.000000,0.000000,Combined Sources,0.929204,0.816245,0.943883
POLR2F,0.000000,0.000000,Combined Sources,0.929204,0.816245,0.943883
BTN3A3,0.000000,0.000000,Combined Sources,0.929204,0.816245,0.943883
BUD31,0.000000,0.000000,Combined Sources,0.929204,0.816245,0.943883
PSD,0.000000,0.000000,Combined Sources,0.929204,0.816245,0.943883
SREK1IP1,0.000000,0.000000,Combined Sources,0.929204,0.816245,0.943883
AP4M1,0.000000,0.000000,Combined Sources,0.929204,0.816245,0.943883
RFX2,0.000000,0.000000,Combined Sources,0.929204,0.816245,0.943883
MMP20,0.000000,0.000000,Combined Sources,0.929204,0.816245,0.943883
RABEP1,0.000000,0.000000,Combined Sources,0.929204,0.816245,0.943883
DDX52,0.000000,0.000000,Combined Sources,0.929204,0.816245,0.943883
ZNF223,0.000000,0.000000,Combined Sources,0.929204,0.816245,0.943883
TLL1,0.000000,0.000000,Combined Sources,0.929204,0.816245,0.943883
TMEM127,0.000000,0.000000,Combined Sources,0.929204,0.816245,0.943883
IL13RA1,0.000000,0.000000,Combined Sources,0.929204,0.816245,0.943883
MGST3,0.000000,0.000000,Combined Sources,0.929204,0.816245,0.943883
KIAA1614,0.000000,0.000000,Combined Sources,0.929204,0.816245,0.943883
MON2,0.000000,0.000000,Combined Sources,0.929204,0.816245,0.943883
TXNL4A,0.000000,0.000000,Combined Sources,0.929204,0.816245,0.943883
CSF2,0.000000,0.000000,Combined Sources,0.929204,0.816245,0.943883
CKAP2,0.000000,0.000000,Combined Sources,0.929204,0.816245,0.943883
GRM4,0.000000,0.000000,Combined Sources,0.929204,0.816245,0.943883
LDOC1,0.000000,0.000000,Combined Sources,0.929204,0.816245,0.943883
STRN3,0.000000,0.000000,Combined Sources,0.929204,0.816245,0.943883
LZTR1,0.000000,0.000000,Combined Sources,0.929204,0.816245,0.943883
WNT2,0.000000,0.000000,Combined Sources,0.929204,0.816245,0.943883
PCDH7,0.000000,0.000000,Combined Sources,0.929204,0.816245,0.943883
PEG10,0.000000,0.000000,Combined Sources,0.929204,0.816245,0.943883
DLK1,0.000000,0.000000,Combined Sources,0.929204,0.816245,0.943883
G6PC2,0.000000,0.000000,Combined Sources,0.929204,0.816245,0.943883
EGFL7,0.000000,0.000000,Combined Sources,0.929204,0.816245,0.943883
LCN1,0.000000,0.000000,Combined Sources,0.929204,0.816245,0.943883
OBSL1,0.000000,0.000000,Combined Sources,0.929204,0.816245,0.943883
CCS,0.000000,0.000000,Combined Sources,0.929204,0.816245,0.943883
NQO1,0.000000,0.000000,Combined Sources,0.929204,0.816245,0.943883
XYLB,0.000000,0.000000,Combined Sources,0.929204,0.816245,0.943883
IL5RA,0.000000,0.000000,Combined Sources,0.929204,0.816245,0.943883
STARD13,0.000000,0.000000,Combined Sources,0.929204,0.816245,0.943883
PSMB8,0.000000,0.000000,Combined Sources,0.929204,0.816245,0.943883
CPOX,0.000000,0.000000,Combined Sources,0.929204,0.816245,0.943883
SEMA3G,0.000000,0.000000,Combined Sources,0.929204,0.816245,0.943883
DAZAP2,0.000000,0.000000,Combined Sources,0.929204,0.816245,0.943883
PAX2,0.000000,0.000000,Combined Sources,0.929204,0.816245,0.943883
POU6F1,0.000000,0.000000,Combined Sources,0.929204,0.816245,0.943883
RAD51,0.000000,0.000000,Combined Sources,0.929204,0.816245,0.943883
SH3TC1,0.000000,0.000000,Combined Sources,0.929204,0.816245,0.943883
MFSD9,0.000000,0.000000,Combined Sources,0.929204,0.816245,0.943883
PTHLH,0.000000,0.000000,Combined Sources,0.929204,0.816245,0.943883
NDOR1,0.000000,0.000000,Combined Sources,0.929204,0.816245,0.943883
PLP1,0.000000,0.000000,Combined Sources,0.929204,0.816245,0.943883
NPY5R,0.000000,0.000000,Combined Sources,0.929204,0.816245,0.943883
PGR,0.000000,0.000000,Combined Sources,0.929204,0.816245,0.943883
PDIA4,0.000000,0.000000,Combined Sources,0.929204,0.816245,0.943883
CARTPT,0.000000,0.000000,Combined Sources,0.929204,0.816245,0.943883
HNRNPCL1,0.000000,0.000000,Combined Sources,0.929204,0.816245,0.943883
COL16A1,0.000000,0.000000,Combined Sources,0.929204,0.816245,0.943883
ITSN2,0.000000,0.000000,Combined Sources,0.929204,0.816245,0.943883
MBD2,0.000000,0.000000,Combined Sources,0.929204,0.816245,0.943883
CTSK,0.000000,0.000000,Combined Sources,0.929204,0.816245,0.943883
CPQ,0.000000,0.000000,Combined Sources,0.929204,0.816245,0.943883
POU2F2,0.000000,0.000000,Combined Sources,0.929204,0.816245,0.943883
PAPPA,0.000000,0.000000,Combined Sources,0.929204,0.816245,0.943883
ADD1,0.000000,0.000000,Combined Sources,0.929204,0.816245,0.943883
RNF170,0.000000,0.000000,Combined Sources,0.929204,0.816245,0.943883
EPPK1,0.000000,0.000000,Combined Sources,0.929204,0.816245,0.943883
NACA,0.000000,0.000000,Combined Sources,0.929204,0.816245,0.943883
CBR4,0.000000,0.000000,Combined Sources,0.929204,0.816245,0.943883
ANO10,0.000000,0.000000,Combined Sources,0.929204,0.816245,0.943883
ANKRD40,0.000000,0.000000,Combined Sources,0.929204,0.816245,0.943883
CORO2B,0.000000,0.000000,Combined Sources,0.929204,0.816245,0.943883
ARR3,0.000000,0.000000,Combined Sources,0.929204,0.816245,0.943883
DMBT1,0.000000,0.000000,Combined Sources,0.929204,0.816245,0.943883
SELE,0.000000,0.000000,Combined Sources,0.929204,0.816245,0.943883
TUBD1,0.000000,0.000000,Combined Sources,0.929204,0.816245,0.943883
HIGD1B,0.000000,0.000000,Combined Sources,0.929204,0.816245,0.943883
SPICE1,0.000000,0.000000,Combined Sources,0.929204,0.816245,0.943883
TCEAL4,0.000000,0.000000,Combined Sources,0.929204,0.816245,0.943883
ARHGEF7,0.000000,0.000000,Combined Sources,0.929204,0.816245,0.943883
CBFA2T3,0.000000,0.000000,Combined Sources,0.929204,0.816245,0.943883
SALL1,0.000000,0.000000,Combined Sources,0.929204,0.816245,0.943883
SP100,0.000000,0.000000,Combined Sources,0.929204,0.816245,0.943883
TMEM104,0.000000,0.000000,Combined Sources,0.929204,0.816245,0.943883
USH2A,0.000000,0.000000,Combined Sources,0.929204,0.816245,0.943883
DSG2,0.000000,0.000000,Combined Sources,0.929204,0.816245,0.943883
COPS3,0.000000,0.000000,Combined Sources,0.929204,0.816245,0.943883
CYP3A4,0.000000,0.000000,Combined Sources,0.929204,0.816245,0.943883
TFPI2,0.000000,0.000000,Combined Sources,0.929204,0.816245,0.943883
R3HCC1,0.000000,0.000000,Combined Sources,0.929204,0.816245,0.943883
SAP18,0.000000,0.000000,Combined Sources,0.929204,0.816245,0.943883
LALBA,0.000000,0.000000,Combined Sources,0.929204,0.816245,0.943883
CHORDC1,0.000000,0.000000,Combined Sources,0.929204,0.816245,0.943883
CDON,0.000000,0.000000,Combined Sources,0.929204,0.816245,0.943883
POLE,0.000000,0.000000,Combined Sources,0.929204,0.816245,0.943883
MFAP1,0.000000,0.000000,Combined Sources,0.929204,0.816245,0.943883
TTC38,0.000000,0.000000,Combined Sources,0.929204,0.816245,0.943883
GDAP2,0.000000,0.000000,Combined Sources,0.929204,0.816245,0.943883
TP53TG5,0.000000,0.000000,Combined Sources,0.929204,0.816245,0.943883
CEACAM5,0.000000,0.000000,Combined Sources,0.929204,0.816245,0.943883
SH3GL2,0.000000,0.000000,Combined Sources,0.929204,0.816245,0.943883
FNDC8,0.000000,0.000000,Combined Sources,0.929204,0.816245,0.943883
LTA4H,0.000000,0.000000,Combined Sources,0.929204,0.816245,0.943883
IRX4,0.000000,0.000000,Combined Sources,0.929204,0.816245,0.943883
RPS3,0.000000,0.000000,Combined Sources,0.929204,0.816245,0.943883
GSTM5,0.000000,0.000000,Combined Sources,0.929204,0.816245,0.943883
GSTA1,0.000000,0.000000,Combined Sources,0.929204,0.816245,0.943883
DCAF10,0.000000,0.000000,Combined Sources,0.929204,0.816245,0.943883
CAPN9,0.000000,0.000000,Combined Sources,0.929204,0.816245,0.943883
PTTG3P,0.000000,0.000000,Combined Sources,0.929204,0.816245,0.943883
C5orf22,0.000000,0.000000,Combined Sources,0.929204,0.816245,0.943883
TPSAB1,0.000000,0.000000,Combined Sources,0.929204,0.816245,0.943883
PRDX1,0.000000,0.000000,Combined Sources,0.929204,0.816245,0.943883
ACACA,0.000000,0.000000,Combined Sources,0.929204,0.816245,0.943883
ARHGEF40,0.000000,0.000000,Combined Sources,0.929204,0.816245,0.943883
ASCC1,0.000000,0.000000,Combined Sources,0.929204,0.816245,0.943883
SPATS2,0.000000,0.000000,Combined Sources,0.929204,0.816245,0.943883
TNFRSF21,0.000000,0.000000,Combined Sources,0.929204,0.816245,0.943883
MAPKBP1,0.000000,0.000000,Combined Sources,0.929204,0.816245,0.943883
CYB5R3,0.000000,0.000000,Combined Sources,0.929204,0.816245,0.943883
TMEM9B,0.000000,0.000000,Combined Sources,0.929204,0.816245,0.943883
ZNF587B,0.000000,0.000000,Combined Sources,0.929204,0.816245,0.943883
SHANK1,0.000000,0.000000,Combined Sources,0.929204,0.816245,0.943883
PNLIP,0.000000,0.000000,Combined Sources,0.929204,0.816245,0.943883
ZFYVE26,0.000000,0.000000,Combined Sources,0.929204,0.816245,0.943883
KIF1B,0.000000,0.000000,Combined Sources,0.929204,0.816245,0.943883
RALA,0.000000,0.000000,Combined Sources,0.929204,0.816245,0.943883
PPP1R11,0.000000,0.000000,Combined Sources,0.929204,0.816245,0.943883
RASGRP3,0.000000,0.000000,Combined Sources,0.929204,0.816245,0.943883
CNNM2,0.000000,0.000000,Combined Sources,0.929204,0.816245,0.943883
DOLPP1,0.000000,0.000000,Combined Sources,0.929204,0.816245,0.943883
FABP3,0.000000,0.000000,Combined Sources,0.929204,0.816245,0.943883
BCOR,0.000000,0.000000,Combined Sources,0.929204,0.816245,0.943883
PTPN13,0.000000,0.000000,Combined Sources,0.929204,0.816245,0.943883
UCP2,0.000000,0.000000,Combined Sources,0.929204,0.816245,0.943883
AMH,0.000000,0.000000,Combined Sources,0.929204,0.816245,0.943883
RAD52,0.000000,0.000000,Combined Sources,0.929204,0.816245,0.943883
TSPAN2,0.000000,0.000000,Combined Sources,0.929204,0.816245,0.943883
ARHGEF5,0.000000,0.000000,Combined Sources,0.929204,0.816245,0.943883
FPGT,0.000000,0.000000,Combined Sources,0.929204,0.816245,0.943883
CYC1,0.000000,0.000000,Combined Sources,0.929204,0.816245,0.943883
PRKX,0.000000,0.000000,Combined Sources,0.929204,0.816245,0.943883
PTGDR,0.000000,0.000000,Combined Sources,0.929204,0.816245,0.943883
IMPACT,0.000000,0.000000,Combined Sources,0.929204,0.816245,0.943883
LAT2,0.000000,0.000000,Combined Sources,0.929204,0.816245,0.943883
RNLS,0.000000,0.000000,Combined Sources,0.929204,0.816245,0.943883
SOX11,0.000000,0.000000,Combined Sources,0.929204,0.816245,0.943883
AACS,0.000000,0.000000,Combined Sources,0.929204,0.816245,0.943883
MBL1P,0.000000,0.000000,Combined Sources,0.929204,0.816245,0.943883
TRAF1,0.000000,0.000000,Combined Sources,0.929204,0.816245,0.943883
NAV2,0.000000,0.000000,Combined Sources,0.929204,0.816245,0.943883
HTN1,0.000000,0.000000,Combined Sources,0.929204,0.816245,0.943883
USP16,0.000000,0.000000,Combined Sources,0.929204,0.816245,0.943883
GJB3,0.000000,0.000000,Combined Sources,0.929204,0.816245,0.943883
STEAP1,0.000000,0.000000,Combined Sources,0.929204,0.816245,0.943883
GABARAPL3,0.000000,0.000000,Combined Sources,0.929204,0.816245,0.943883
SUPT7L,0.000000,0.000000,Combined Sources,0.929204,0.816245,0.943883
PDE6B,0.000000,0.000000,Combined Sources,0.929204,0.816245,0.943883
KCMF1,0.000000,0.000000,Combined Sources,0.929204,0.816245,0.943883
RNGTT,0.000000,0.000000,Combined Sources,0.929204,0.816245,0.943883
KDM4D,0.000000,0.000000,Combined Sources,0.929204,0.816245,0.943883
TMEM231,0.000000,0.000000,Combined Sources,0.929204,0.816245,0.943883
SAFB2,0.000000,0.000000,Combined Sources,0.929204,0.816245,0.943883
MIF,0.000000,0.000000,Combined Sources,0.929204,0.816245,0.943883
TSPAN12,0.000000,0.000000,Combined Sources,0.929204,0.816245,0.943883
B9D2,0.000000,0.000000,Combined Sources,0.929204,0.816245,0.943883
NDUFS3,0.000000,0.000000,Combined Sources,0.929204,0.816245,0.943883
ALDH3A2,0.000000,0.000000,Combined Sources,0.929204,0.816245,0.943883
ACTR1A,0.000000,0.000000,Combined Sources,0.929204,0.816245,0.943883
CCR6,0.000000,0.000000,Combined Sources,0.929204,0.816245,0.943883
NIT2,0.000000,0.000000,Combined Sources,0.929204,0.816245,0.943883
FTCD,0.000000,0.000000,Combined Sources,0.929204,0.816245,0.943883
CIAPIN1,0.000000,0.000000,Combined Sources,0.929204,0.816245,0.943883
FOXL1,0.000000,0.000000,Combined Sources,0.929204,0.816245,0.943883
ORAI3,0.000000,0.000000,Combined Sources,0.929204,0.816245,0.943883
TCTN2,0.000000,0.000000,Combined Sources,0.929204,0.816245,0.943883
ALPI,0.000000,0.000000,Combined Sources,0.929204,0.816245,0.943883
TMC6,0.000000,0.000000,Combined Sources,0.929204,0.816245,0.943883
NRIP3,0.000000,0.000000,Combined Sources,0.929204,0.816245,0.943883
MORC3,0.000000,0.000000,Combined Sources,0.929204,0.816245,0.943883
AATK,0.000000,0.000000,Combined Sources,0.929204,0.816245,0.943883
SIKE1,0.000000,0.000000,Combined Sources,0.929204,0.816245,0.943883
CASP5,0.000000,0.000000,Combined Sources,0.929204,0.816245,0.943883
RAB36,0.000000,0.000000,Combined Sources,0.929204,0.816245,0.943883
PSMB4,0.000000,0.000000,Combined Sources,0.929204,0.816245,0.943883
VDR,0.000000,0.000000,Combined Sources,0.929204,0.816245,0.943883
PRPF39,0.000000,0.000000,Combined Sources,0.929204,0.816245,0.943883
RGN,0.000000,0.000000,Combined Sources,0.929204,0.816245,0.943883
ALDH8A1,0.000000,0.000000,Combined Sources,0.929204,0.816245,0.943883
SLC39A7,0.000000,0.000000,Combined Sources,0.929204,0.816245,0.943883
HERC4,0.000000,0.000000,Combined Sources,0.929204,0.816245,0.943883
GRIK1,0.000000,0.000000,Combined Sources,0.929204,0.816245,0.943883
FICD,0.000000,0.000000,Combined Sources,0.929204,0.816245,0.943883
MAPK8,0.000000,0.000000,Combined Sources,0.929204,0.816245,0.943883
SAR1A,0.000000,0.000000,Combined Sources,0.929204,0.816245,0.943883
P2RX3,0.000000,0.000000,Combined Sources,0.929204,0.816245,0.943883
FGB,0.000000,0.000000,Combined Sources,0.929204,0.816245,0.943883
TGM3,0.000000,0.000000,Combined Sources,0.929204,0.816245,0.943883
SLC38A2,0.000000,0.000000,Combined Sources,0.929204,0.816245,0.943883
TNNI2,0.000000,0.000000,Combined Sources,0.929204,0.816245,0.943883
HAUS3,0.000000,0.000000,Combined Sources,0.929204,0.816245,0.943883
KRT2,0.000000,0.000000,Combined Sources,0.929204,0.816245,0.943883
CKAP4,0.000000,0.000000,Combined Sources,0.929204,0.816245,0.943883
CCL5,0.000000,0.000000,Combined Sources,0.929204,0.816245,0.943883
GRIK2,0.000000,0.000000,Combined Sources,0.929204,0.816245,0.943883
ZC3H13,0.000000,0.000000,Combined Sources,0.929204,0.816245,0.943883
SMC3,0.000000,0.000000,Combined Sources,0.929204,0.816245,0.943883
STX16,0.000000,0.000000,Combined Sources,0.929204,0.816245,0.943883
HLA-DRB6,0.000000,0.000000,Combined Sources,0.929204,0.816245,0.943883
AMBP,0.000000,0.000000,Combined Sources,0.929204,0.816245,0.943883
FAM107A,0.000000,0.000000,Combined Sources,0.929204,0.816245,0.943883
SMTN,0.000000,0.000000,Combined Sources,0.929204,0.816245,0.943883
EPHA2,0.000000,0.000000,Combined Sources,0.929204,0.816245,0.943883
MACROD1,0.000000,0.000000,Combined Sources,0.929204,0.816245,0.943883
CCL1,0.000000,0.000000,Combined Sources,0.929204,0.816245,0.943883
STT3A,0.000000,0.000000,Combined Sources,0.929204,0.816245,0.943883
VEGFB,0.000000,0.000000,Combined Sources,0.929204,0.816245,0.943883
DUSP2,0.000000,0.000000,Combined Sources,0.929204,0.816245,0.943883
KANSL1L,0.000000,0.000000,Combined Sources,0.929204,0.816245,0.943883
PIAS1,0.000000,0.000000,Combined Sources,0.929204,0.816245,0.943883
TAF1A,0.000000,0.000000,Combined Sources,0.929204,0.816245,0.943883
SIN3B,0.000000,0.000000,Combined Sources,0.929204,0.816245,0.943883
DOCK9,0.000000,0.000000,Combined Sources,0.929204,0.816245,0.943883
DMXL1,0.000000,0.000000,Combined Sources,0.929204,0.816245,0.943883
GAB1,0.000000,0.000000,Combined Sources,0.929204,0.816245,0.943883
STEAP3,0.000000,0.000000,Combined Sources,0.929204,0.816245,0.943883
CDH4,0.000000,0.000000,Combined Sources,0.929204,0.816245,0.943883
TFCP2L1,0.000000,0.000000,Combined Sources,0.929204,0.816245,0.943883
FABP1,0.000000,0.000000,Combined Sources,0.929204,0.816245,0.943883
EBI3,0.000000,0.000000,Combined Sources,0.929204,0.816245,0.943883
CNOT2,0.000000,0.000000,Combined Sources,0.929204,0.816245,0.943883
IL4,0.000000,0.000000,Combined Sources,0.929204,0.816245,0.943883
RPL8,0.000000,0.000000,Combined Sources,0.929204,0.816245,0.943883
KANK3,0.000000,0.000000,Combined Sources,0.929204,0.816245,0.943883
PON2,0.000000,0.000000,Combined Sources,0.929204,0.816245,0.943883
RBL1,0.000000,0.000000,Combined Sources,0.929204,0.816245,0.943883
ANKH,0.000000,0.000000,Combined Sources,0.929204,0.816245,0.943883
SNRPD2,0.000000,0.000000,Combined Sources,0.929204,0.816245,0.943883
GCNT1,0.000000,0.000000,Combined Sources,0.929204,0.816245,0.943883
ACTN4,0.000000,0.000000,Combined Sources,0.929204,0.816245,0.943883
STK39,0.000000,0.000000,Combined Sources,0.929204,0.816245,0.943883
SLC5A6,0.000000,0.000000,Combined Sources,0.929204,0.816245,0.943883
SLC22A1,0.000000,0.000000,Combined Sources,0.929204,0.816245,0.943883
SSTR1,0.000000,0.000000,Combined Sources,0.929204,0.816245,0.943883
ARHGAP10,0.000000,0.000000,Combined Sources,0.929204,0.816245,0.943883
ZP2,0.000000,0.000000,Combined Sources,0.929204,0.816245,0.943883
CRIP2,0.000000,0.000000,Combined Sources,0.929204,0.816245,0.943883
CGRRF1,0.000000,0.000000,Combined Sources,0.929204,0.816245,0.943883
DAZAP1,0.000000,0.000000,Combined Sources,0.929204,0.816245,0.943883
ST8SIA4,0.000000,0.000000,Combined Sources,0.929204,0.816245,0.943883
CYP2A7,0.000000,0.000000,Combined Sources,0.929204,0.816245,0.943883
DKKL1,0.000000,0.000000,Combined Sources,0.929204,0.816245,0.943883
AZGP1P1,0.000000,0.000000,Combined Sources,0.929204,0.816245,0.943883
KCNIP1,0.000000,0.000000,Combined Sources,0.929204,0.816245,0.943883
METTL9,0.000000,0.000000,Combined Sources,0.929204,0.816245,0.943883
TTC1,0.000000,0.000000,Combined Sources,0.929204,0.816245,0.943883
CDCP1,0.000000,0.000000,Combined Sources,0.929204,0.816245,0.943883
TSPAN14,0.000000,0.000000,Combined Sources,0.929204,0.816245,0.943883
ZFHX3,0.000000,0.000000,Combined Sources,0.929204,0.816245,0.943883
NMB,0.000000,0.000000,Combined Sources,0.929204,0.816245,0.943883
PPARG,0.000000,0.000000,Combined Sources,0.929204,0.816245,0.943883
OR12D3,0.000000,0.000000,Combined Sources,0.929204,0.816245,0.943883
ELK1,0.000000,0.000000,Combined Sources,0.929204,0.816245,0.943883
GDNF,0.000000,0.000000,Combined Sources,0.929204,0.816245,0.943883
KRR1,0.000000,0.000000,Combined Sources,0.929204,0.816245,0.943883
FBP2,0.000000,0.000000,Combined Sources,0.929204,0.816245,0.943883
GMCL1,0.000000,0.000000,Combined Sources,0.929204,0.816245,0.943883
PTCD3,0.000000,0.000000,Combined Sources,0.929204,0.816245,0.943883
DPP3,0.000000,0.000000,Combined Sources,0.929204,0.816245,0.943883
RXFP3,0.000000,0.000000,Combined Sources,0.929204,0.816245,0.943883
ZER1,0.000000,0.000000,Combined Sources,0.929204,0.816245,0.943883
TLE4,0.000000,0.000000,Combined Sources,0.929204,0.816245,0.943883
TSR1,0.000000,0.000000,Combined Sources,0.929204,0.816245,0.943883
SLC48A1,0.000000,0.000000,Combined Sources,0.929204,0.816245,0.943883
CYP4B1,0.000000,0.000000,Combined Sources,0.929204,0.816245,0.943883
CDKN2A,0.000000,0.000000,Combined Sources,0.929204,0.816245,0.943883
GGA2,0.000000,0.000000,Combined Sources,0.929204,0.816245,0.943883
SLC25A11,0.000000,0.000000,Combined Sources,0.929204,0.816245,0.943883
CAMK2N1,0.000000,0.000000,Combined Sources,0.929204,0.816245,0.943883
SHC2,0.000000,0.000000,Combined Sources,0.929204,0.816245,0.943883
NUP37,0.000000,0.000000,Combined Sources,0.929204,0.816245,0.943883
WDR12,0.000000,0.000000,Combined Sources,0.929204,0.816245,0.943883
MGLL,0.000000,0.000000,Combined Sources,0.929204,0.816245,0.943883
DTX3,0.000000,0.000000,Combined Sources,0.929204,0.816245,0.943883
CYP46A1,0.000000,0.000000,Combined Sources,0.929204,0.816245,0.943883
UQCRC1,0.000000,0.000000,Combined Sources,0.929204,0.816245,0.943883
PSMB6,0.000000,0.000000,Combined Sources,0.929204,0.816245,0.943883
IL22,0.000000,0.000000,Combined Sources,0.929204,0.816245,0.943883
NPC2,0.000000,0.000000,Combined Sources,0.929204,0.816245,0.943883
RAB3GAP2,0.000000,0.000000,Combined Sources,0.929204,0.816245,0.943883
TGM5,0.000000,0.000000,Combined Sources,0.929204,0.816245,0.943883
CD244,0.000000,0.000000,Combined Sources,0.929204,0.816245,0.943883
ZNF10,0.000000,0.000000,Combined Sources,0.929204,0.816245,0.943883
HPSE2,0.000000,0.000000,Combined Sources,0.929204,0.816245,0.943883
ICA1,0.000000,0.000000,Combined Sources,0.929204,0.816245,0.943883
LARP6,0.000000,0.000000,Combined Sources,0.929204,0.816245,0.943883
PLP2,0.000000,0.000000,Combined Sources,0.929204,0.816245,0.943883
EN2,0.000000,0.000000,Combined Sources,0.929204,0.816245,0.943883
COX5A,0.000000,0.000000,Combined Sources,0.929204,0.816245,0.943883
ARHGAP24,0.000000,0.000000,Combined Sources,0.929204,0.816245,0.943883
TRIM25,0.000000,0.000000,Combined Sources,0.929204,0.816245,0.943883
TBKBP1,0.000000,0.000000,Combined Sources,0.929204,0.816245,0.943883
NCF4,0.000000,0.000000,Combined Sources,0.929204,0.816245,0.943883
LPAR3,0.000000,0.000000,Combined Sources,0.929204,0.816245,0.943883
LIMK2,0.000000,0.000000,Combined Sources,0.929204,0.816245,0.943883
DCTN5,0.000000,0.000000,Combined Sources,0.929204,0.816245,0.943883
TACO1,0.000000,0.000000,Combined Sources,0.929204,0.816245,0.943883
GLB1L,0.000000,0.000000,Combined Sources,0.929204,0.816245,0.943883
FTL,0.000000,0.000000,Combined Sources,0.929204,0.816245,0.943883
HRG,0.000000,0.000000,Combined Sources,0.929204,0.816245,0.943883
RPRM,0.000000,0.000000,Combined Sources,0.929204,0.816245,0.943883
PEPD,0.000000,0.000000,Combined Sources,0.929204,0.816245,0.943883
MSC,0.000000,0.000000,Combined Sources,0.929204,0.816245,0.943883
THPO,0.000000,0.000000,Combined Sources,0.929204,0.816245,0.943883
LRFN3,0.000000,0.000000,Combined Sources,0.929204,0.816245,0.943883
MVP,0.000000,0.000000,Combined Sources,0.929204,0.816245,0.943883
HSPA14,0.000000,0.000000,Combined Sources,0.929204,0.816245,0.943883
SENP7,0.000000,0.000000,Combined Sources,0.929204,0.816245,0.943883
FGF14,0.000000,0.000000,Combined Sources,0.929204,0.816245,0.943883
ZNF345,0.000000,0.000000,Combined Sources,0.929204,0.816245,0.943883
THBS4,0.000000,0.000000,Combined Sources,0.929204,0.816245,0.943883
PHKA1,0.000000,0.000000,Combined Sources,0.929204,0.816245,0.943883
S100A1,0.000000,0.000000,Combined Sources,0.929204,0.816245,0.943883
ATP2A3,0.000000,0.000000,Combined Sources,0.929204,0.816245,0.943883
CDK4,0.000000,0.000000,Combined Sources,0.929204,0.816245,0.943883
MYH13,0.000000,0.000000,Combined Sources,0.929204,0.816245,0.943883
NT5E,0.000000,0.000000,Combined Sources,0.929204,0.816245,0.943883
AIRE,0.000000,0.000000,Combined Sources,0.929204,0.816245,0.943883
MID1,0.000000,0.000000,Combined Sources,0.929204,0.816245,0.943883
OSBPL2,0.000000,0.000000,Combined Sources,0.929204,0.816245,0.943883
CLCN4,0.000000,0.000000,Combined Sources,0.929204,0.816245,0.943883
PCDHGB5,0.000000,0.000000,Combined Sources,0.929204,0.816245,0.943883
RBM47,0.000000,0.000000,Combined Sources,0.929204,0.816245,0.943883
SSTR3,0.000000,0.000000,Combined Sources,0.929204,0.816245,0.943883
TSPAN1,0.000000,0.000000,Combined Sources,0.929204,0.816245,0.943883
TAAR2,0.000000,0.000000,Combined Sources,0.929204,0.816245,0.943883
PUS3,0.000000,0.000000,Combined Sources,0.929204,0.816245,0.943883
C11orf16,0.000000,0.000000,Combined Sources,0.929204,0.816245,0.943883
R3HDM1,0.000000,0.000000,Combined Sources,0.929204,0.816245,0.943883
HSD17B6,0.000000,0.000000,Combined Sources,0.929204,0.816245,0.943883
CCDC57,0.000000,0.000000,Combined Sources,0.929204,0.816245,0.943883
RTP4,0.000000,0.000000,Combined Sources,0.929204,0.816245,0.943883
HSD17B3,0.000000,0.000000,Combined Sources,0.929204,0.816245,0.943883
MAK,0.000000,0.000000,Combined Sources,0.929204,0.816245,0.943883
HIPK1,0.000000,0.000000,Combined Sources,0.929204,0.816245,0.943883
TFAP4,0.000000,0.000000,Combined Sources,0.929204,0.816245,0.943883
POU2F3,0.000000,0.000000,Combined Sources,0.929204,0.816245,0.943883
EIF2AK1,0.000000,0.000000,Combined Sources,0.929204,0.816245,0.943883
SLC1A3,0.000000,0.000000,Combined Sources,0.929204,0.816245,0.943883
TAF4B,0.000000,0.000000,Combined Sources,0.929204,0.816245,0.943883
MDM4,0.000000,0.000000,Combined Sources,0.929204,0.816245,0.943883
IFNG,0.000000,0.000000,Combined Sources,0.929204,0.816245,0.943883
LAMP2,0.000000,0.000000,Combined Sources,0.929204,0.816245,0.943883
TSPAN7,0.000000,0.000000,Combined Sources,0.929204,0.816245,0.943883
RAPGEF4,0.000000,0.000000,Combined Sources,0.929204,0.816245,0.943883
CLCA4,0.000000,0.000000,Combined Sources,0.929204,0.816245,0.943883
ATP2C1,0.000000,0.000000,Combined Sources,0.929204,0.816245,0.943883
SERTAD2,0.000000,0.000000,Combined Sources,0.929204,0.816245,0.943883
ACSBG1,0.000000,0.000000,Combined Sources,0.929204,0.816245,0.943883
GPC4,0.000000,0.000000,Combined Sources,0.929204,0.816245,0.943883
RALGAPA1,0.000000,0.000000,Combined Sources,0.929204,0.816245,0.943883
RNF186,0.000000,0.000000,Combined Sources,0.929204,0.816245,0.943883
RELA,0.000000,0.000000,Combined Sources,0.929204,0.816245,0.943883
MRPS35,0.000000,0.000000,Combined Sources,0.929204,0.816245,0.943883
SF3A3,0.000000,0.000000,Combined Sources,0.929204,0.816245,0.943883
POP5,0.000000,0.000000,Combined Sources,0.929204,0.816245,0.943883
ZSCAN18,0.000000,0.000000,Combined Sources,0.929204,0.816245,0.943883
ZKSCAN4,0.000000,0.000000,Combined Sources,0.929204,0.816245,0.943883
GPAA1,0.000000,0.000000,Combined Sources,0.929204,0.816245,0.943883
ARID5A,0.000000,0.000000,Combined Sources,0.929204,0.816245,0.943883
OPA3,0.000000,0.000000,Combined Sources,0.929204,0.816245,0.943883
POGLUT1,0.000000,0.000000,Combined Sources,0.929204,0.816245,0.943883
EBNA1BP2,0.000000,0.000000,Combined Sources,0.929204,0.816245,0.943883
PPT2,0.000000,0.000000,Combined Sources,0.929204,0.816245,0.943883
GOLPH3L,0.000000,0.000000,Combined Sources,0.929204,0.816245,0.943883
ATXN7L1,0.000000,0.000000,Combined Sources,0.929204,0.816245,0.943883
OR2B6,0.000000,0.000000,Combined Sources,0.929204,0.816245,0.943883
FAN1,0.000000,0.000000,Combined Sources,0.929204,0.816245,0.943883
RIT2,0.000000,0.000000,Combined Sources,0.929204,0.816245,0.943883
GTF2H4,0.000000,0.000000,Combined Sources,0.929204,0.816245,0.943883
MAPK9,0.000000,0.000000,Combined Sources,0.929204,0.816245,0.943883
KLF13,0.000000,0.000000,Combined Sources,0.929204,0.816245,0.943883
SLC31A2,0.000000,0.000000,Combined Sources,0.929204,0.816245,0.943883
PIK3R2,0.000000,0.000000,Combined Sources,0.929204,0.816245,0.943883
SMPD2,0.000000,0.000000,Combined Sources,0.929204,0.816245,0.943883
S100A2,0.000000,0.000000,Combined Sources,0.929204,0.816245,0.943883
LITAF,0.000000,0.000000,Combined Sources,0.929204,0.816245,0.943883
HCK,0.000000,0.000000,Combined Sources,0.929204,0.816245,0.943883
UVRAG,0.000000,0.000000,Combined Sources,0.929204,0.816245,0.943883
VPREB3,0.000000,0.000000,Combined Sources,0.929204,0.816245,0.943883
PPP1R3A,0.000000,0.000000,Combined Sources,0.929204,0.816245,0.943883
CDS1,0.000000,0.000000,Combined Sources,0.929204,0.816245,0.943883
TST,0.000000,0.000000,Combined Sources,0.929204,0.816245,0.943883
MON1B,0.000000,0.000000,Combined Sources,0.929204,0.816245,0.943883
SREBF2,0.000000,0.000000,Combined Sources,0.929204,0.816245,0.943883
CYP24A1,0.000000,0.000000,Combined Sources,0.929204,0.816245,0.943883
GABRQ,0.000000,0.000000,Combined Sources,0.929204,0.816245,0.943883
TPRKB,0.000000,0.000000,Combined Sources,0.929204,0.816245,0.943883
MPZL1,0.000000,0.000000,Combined Sources,0.929204,0.816245,0.943883
KDM5A,0.000000,0.000000,Combined Sources,0.929204,0.816245,0.943883
TBK1,0.000000,0.000000,Combined Sources,0.929204,0.816245,0.943883
PTOV1,0.000000,0.000000,Combined Sources,0.929204,0.816245,0.943883
AVPI1,0.000000,0.000000,Combined Sources,0.929204,0.816245,0.943883
TLR5,0.000000,0.000000,Combined Sources,0.929204,0.816245,0.943883
FAM117A,0.000000,0.000000,Combined Sources,0.929204,0.816245,0.943883
WDR70,0.000000,0.000000,Combined Sources,0.929204,0.816245,0.943883
HUS1,0.000000,0.000000,Combined Sources,0.929204,0.816245,0.943883
ORC2,0.000000,0.000000,Combined Sources,0.929204,0.816245,0.943883
SIGIRR,0.000000,0.000000,Combined Sources,0.929204,0.816245,0.943883
TBC1D22B,0.000000,0.000000,Combined Sources,0.929204,0.816245,0.943883
PLCG2,0.000000,0.000000,Combined Sources,0.929204,0.816245,0.943883
COL7A1,0.000000,0.000000,Combined Sources,0.929204,0.816245,0.943883
HPS4,0.000000,0.000000,Combined Sources,0.929204,0.816245,0.943883
DUSP14,0.000000,0.000000,Combined Sources,0.929204,0.816245,0.943883
GCNT2,0.000000,0.000000,Combined Sources,0.929204,0.816245,0.943883
RBM19,0.000000,0.000000,Combined Sources,0.929204,0.816245,0.943883
TOM1L1,0.000000,0.000000,Combined Sources,0.929204,0.816245,0.943883
IMPDH2,0.000000,0.000000,Combined Sources,0.929204,0.816245,0.943883
MYT1L,0.000000,0.000000,Combined Sources,0.929204,0.816245,0.943883
PCDHB8,0.000000,0.000000,Combined Sources,0.929204,0.816245,0.943883
CEP104,0.000000,0.000000,Combined Sources,0.929204,0.816245,0.943883
GDE1,0.000000,0.000000,Combined Sources,0.929204,0.816245,0.943883
SUGP2,0.000000,0.000000,Combined Sources,0.929204,0.816245,0.943883
KLHL22,0.000000,0.000000,Combined Sources,0.929204,0.816245,0.943883
SLC9A7,0.000000,0.000000,Combined Sources,0.929204,0.816245,0.943883
SPAG7,0.000000,0.000000,Combined Sources,0.929204,0.816245,0.943883
SECTM1,0.000000,0.000000,Combined Sources,0.929204,0.816245,0.943883
LOC254896,0.000000,0.000000,Combined Sources,0.929204,0.816245,0.943883
GGPS1,0.000000,0.000000,Combined Sources,0.929204,0.816245,0.943883
SSX5,0.000000,0.000000,Combined Sources,0.929204,0.816245,0.943883
FRZB,0.000000,0.000000,Combined Sources,0.929204,0.816245,0.943883
PECR,0.000000,0.000000,Combined Sources,0.929204,0.816245,0.943883
MAP3K7,0.000000,0.000000,Combined Sources,0.929204,0.816245,0.943883
NDUFB7,0.000000,0.000000,Combined Sources,0.929204,0.816245,0.943883
LILRA6,0.000000,0.000000,Combined Sources,0.929204,0.816245,0.943883
RBMS2,0.000000,0.000000,Combined Sources,0.929204,0.816245,0.943883
IP6K1,0.000000,0.000000,Combined Sources,0.929204,0.816245,0.943883
ARID5B,0.000000,0.000000,Combined Sources,0.929204,0.816245,0.943883
CIDEA,0.000000,0.000000,Combined Sources,0.929204,0.816245,0.943883
TRIM52,0.000000,0.000000,Combined Sources,0.929204,0.816245,0.943883
SYT13,0.000000,0.000000,Combined Sources,0.929204,0.816245,0.943883
ZNF124,0.000000,0.000000,Combined Sources,0.929204,0.816245,0.943883
KCNAB1,0.000000,0.000000,Combined Sources,0.929204,0.816245,0.943883
PDLIM1,0.000000,0.000000,Combined Sources,0.929204,0.816245,0.943883
MECR,0.000000,0.000000,Combined Sources,0.929204,0.816245,0.943883
LARP4B,0.000000,0.000000,Combined Sources,0.929204,0.816245,0.943883
DBT,0.000000,0.000000,Combined Sources,0.929204,0.816245,0.943883
PITPNM3,0.000000,0.000000,Combined Sources,0.929204,0.816245,0.943883
RBM23,0.000000,0.000000,Combined Sources,0.929204,0.816245,0.943883
CLDN6,0.000000,0.000000,Combined Sources,0.929204,0.816245,0.943883
FABP6,0.000000,0.000000,Combined Sources,0.929204,0.816245,0.943883
PSMA2,0.000000,0.000000,Combined Sources,0.929204,0.816245,0.943883
HPR,0.000000,0.000000,Combined Sources,0.929204,0.816245,0.943883
OGDH,0.000000,0.000000,Combined Sources,0.929204,0.816245,0.943883
AURKC,0.000000,0.000000,Combined Sources,0.929204,0.816245,0.943883
ACTR8,0.000000,0.000000,Combined Sources,0.929204,0.816245,0.943883
HSPG2,0.000000,0.000000,Combined Sources,0.929204,0.816245,0.943883
CHRNA2,0.000000,0.000000,Combined Sources,0.929204,0.816245,0.943883
SLC25A15,0.000000,0.000000,Combined Sources,0.929204,0.816245,0.943883
TBX3,0.000000,0.000000,Combined Sources,0.929204,0.816245,0.943883
CD7,0.000000,0.000000,Combined Sources,0.929204,0.816245,0.943883
C1orf216,0.000000,0.000000,Combined Sources,0.929204,0.816245,0.943883
CDC25A,0.000000,0.000000,Combined Sources,0.929204,0.816245,0.943883
ITGA5,0.000000,0.000000,Combined Sources,0.929204,0.816245,0.943883
SRSF4,0.000000,0.000000,Combined Sources,0.929204,0.816245,0.943883
SLC16A3,0.000000,0.000000,Combined Sources,0.929204,0.816245,0.943883
SPTA1,0.000000,0.000000,Combined Sources,0.929204,0.816245,0.943883
ARG2,0.000000,0.000000,Combined Sources,0.929204,0.816245,0.943883
MAGEL2,0.000000,0.000000,Combined Sources,0.929204,0.816245,0.943883
HBEGF,0.000000,0.000000,Combined Sources,0.929204,0.816245,0.943883
ENDOG,0.000000,0.000000,Combined Sources,0.929204,0.816245,0.943883
ITFG2,0.000000,0.000000,Combined Sources,0.929204,0.816245,0.943883
CDKL5,0.000000,0.000000,Combined Sources,0.929204,0.816245,0.943883
S1PR4,0.000000,0.000000,Combined Sources,0.929204,0.816245,0.943883
SLC29A3,0.000000,0.000000,Combined Sources,0.929204,0.816245,0.943883
LRRC23,0.000000,0.000000,Combined Sources,0.929204,0.816245,0.943883
PCDHB12,0.000000,0.000000,Combined Sources,0.929204,0.816245,0.943883
MAN1A2,0.000000,0.000000,Combined Sources,0.929204,0.816245,0.943883
PRKAB2,0.000000,0.000000,Combined Sources,0.929204,0.816245,0.943883
ZC3H7B,0.000000,0.000000,Combined Sources,0.929204,0.816245,0.943883
DHX35,0.000000,0.000000,Combined Sources,0.929204,0.816245,0.943883
ING1,0.000000,0.000000,Combined Sources,0.929204,0.816245,0.943883
SARDH,0.000000,0.000000,Combined Sources,0.929204,0.816245,0.943883
CD3G,0.000000,0.000000,Combined Sources,0.929204,0.816245,0.943883
NOTCH2,0.000000,0.000000,Combined Sources,0.929204,0.816245,0.943883
MYH3,0.000000,0.000000,Combined Sources,0.929204,0.816245,0.943883
CFD,0.000000,0.000000,Combined Sources,0.929204,0.816245,0.943883
EPHX3,0.000000,0.000000,Combined Sources,0.929204,0.816245,0.943883
SETD6,0.000000,0.000000,Combined Sources,0.929204,0.816245,0.943883
RABGAP1,0.000000,0.000000,Combined Sources,0.929204,0.816245,0.943883
NFKBIL1,0.000000,0.000000,Combined Sources,0.929204,0.816245,0.943883
SIAH1,0.000000,0.000000,Combined Sources,0.929204,0.816245,0.943883
TCTA,0.000000,0.000000,Combined Sources,0.929204,0.816245,0.943883
NGB,0.000000,0.000000,Combined Sources,0.929204,0.816245,0.943883
GCC1,0.000000,0.000000,Combined Sources,0.929204,0.816245,0.943883
ARHGEF26,0.000000,0.000000,Combined Sources,0.929204,0.816245,0.943883
ZFPL1,0.000000,0.000000,Combined Sources,0.929204,0.816245,0.943883
HTT,0.000000,0.000000,Combined Sources,0.929204,0.816245,0.943883
XPO7,0.000000,0.000000,Combined Sources,0.929204,0.816245,0.943883
IQSEC2,0.000000,0.000000,Combined Sources,0.929204,0.816245,0.943883
COMMD4,0.000000,0.000000,Combined Sources,0.929204,0.816245,0.943883
NDUFS4,0.000000,0.000000,Combined Sources,0.929204,0.816245,0.943883
EIF2B2,0.000000,0.000000,Combined Sources,0.929204,0.816245,0.943883
GTPBP3,0.000000,0.000000,Combined Sources,0.929204,0.816245,0.943883
ZBTB10,0.000000,0.000000,Combined Sources,0.929204,0.816245,0.943883
SPIB,0.000000,0.000000,Combined Sources,0.929204,0.816245,0.943883
HAP1,0.000000,0.000000,Combined Sources,0.929204,0.816245,0.943883
HDLBP,0.000000,0.000000,Combined Sources,0.929204,0.816245,0.943883
EPHB2,0.000000,0.000000,Combined Sources,0.929204,0.816245,0.943883
HOXB3,0.000000,0.000000,Combined Sources,0.929204,0.816245,0.943883
PCBP1,0.000000,0.000000,Combined Sources,0.929204,0.816245,0.943883
ZNF391,0.000000,0.000000,Combined Sources,0.929204,0.816245,0.943883
ATP7B,0.000000,0.000000,Combined Sources,0.929204,0.816245,0.943883
HPCAL1,0.000000,0.000000,Combined Sources,0.929204,0.816245,0.943883
YY1AP1,0.000000,0.000000,Combined Sources,0.929204,0.816245,0.943883
AAAS,0.000000,0.000000,Combined Sources,0.929204,0.816245,0.943883
IL33,0.000000,0.000000,Combined Sources,0.929204,0.816245,0.943883
DPPA4,0.000000,0.000000,Combined Sources,0.929204,0.816245,0.943883
NR4A3,0.000000,0.000000,Combined Sources,0.929204,0.816245,0.943883
PCDHGA10,0.000000,0.000000,Combined Sources,0.929204,0.816245,0.943883
ERCC3,0.000000,0.000000,Combined Sources,0.929204,0.816245,0.943883
HLA-E,0.000000,0.000000,Combined Sources,0.929204,0.816245,0.943883
DNAJC6,0.000000,0.000000,Combined Sources,0.929204,0.816245,0.943883
CCT3,0.000000,0.000000,Combined Sources,0.929204,0.816245,0.943883
DYNC1LI1,0.000000,0.000000,Combined Sources,0.929204,0.816245,0.943883
MLLT11,0.000000,0.000000,Combined Sources,0.929204,0.816245,0.943883
GRIN2A,0.000000,0.000000,Combined Sources,0.929204,0.816245,0.943883
MRC2,0.000000,0.000000,Combined Sources,0.929204,0.816245,0.943883
PNPLA2,0.000000,0.000000,Combined Sources,0.929204,0.816245,0.943883
TAF1B,0.000000,0.000000,Combined Sources,0.929204,0.816245,0.943883
TCP11,0.000000,0.000000,Combined Sources,0.929204,0.816245,0.943883
ATP8B2,0.000000,0.000000,Combined Sources,0.929204,0.816245,0.943883
LYZ,0.000000,0.000000,Combined Sources,0.929204,0.816245,0.943883
DPAGT1,0.000000,0.000000,Combined Sources,0.929204,0.816245,0.943883
TFE3,0.000000,0.000000,Combined Sources,0.929204,0.816245,0.943883
AXL,0.000000,0.000000,Combined Sources,0.929204,0.816245,0.943883
CCR2,0.000000,0.000000,Combined Sources,0.929204,0.816245,0.943883
ICOS,0.000000,0.000000,Combined Sources,0.929204,0.816245,0.943883
ODF2,0.000000,0.000000,Combined Sources,0.929204,0.816245,0.943883
ADTRP,0.000000,0.000000,Combined Sources,0.929204,0.816245,0.943883
TAL1,0.000000,0.000000,Combined Sources,0.929204,0.816245,0.943883
TBCC,0.000000,0.000000,Combined Sources,0.929204,0.816245,0.943883
BAIAP3,0.000000,0.000000,Combined Sources,0.929204,0.816245,0.943883
PEX26,0.000000,0.000000,Combined Sources,0.929204,0.816245,0.943883
NVL,0.000000,0.000000,Combined Sources,0.929204,0.816245,0.943883
TIMM17A,0.000000,0.000000,Combined Sources,0.929204,0.816245,0.943883
RPL23,0.000000,0.000000,Combined Sources,0.929204,0.816245,0.943883
PLOD1,0.000000,0.000000,Combined Sources,0.929204,0.816245,0.943883
FBL,0.000000,0.000000,Combined Sources,0.929204,0.816245,0.943883
KIAA0513,0.000000,0.000000,Combined Sources,0.929204,0.816245,0.943883
ST6GAL1,0.000000,0.000000,Combined Sources,0.929204,0.816245,0.943883
INHBA,0.000000,0.000000,Combined Sources,0.929204,0.816245,0.943883
GZMA,0.000000,0.000000,Combined Sources,0.929204,0.816245,0.943883
SDHD,0.000000,0.000000,Combined Sources,0.929204,0.816245,0.943883
NTNG1,0.000000,0.000000,Combined Sources,0.929204,0.816245,0.943883
CD200,0.000000,0.000000,Combined Sources,0.929204,0.816245,0.943883
PTBP1,0.000000,0.000000,Combined Sources,0.929204,0.816245,0.943883
TDO2,0.000000,0.000000,Combined Sources,0.929204,0.816245,0.943883
OR7A10,0.000000,0.000000,Combined Sources,0.929204,0.816245,0.943883
TMEM184C,0.000000,0.000000,Combined Sources,0.929204,0.816245,0.943883
TTC19,0.000000,0.000000,Combined Sources,0.929204,0.816245,0.943883
ACP5,0.000000,0.000000,Combined Sources,0.929204,0.816245,0.943883
GAL3ST4,0.000000,0.000000,Combined Sources,0.929204,0.816245,0.943883
HLA-DMB,0.000000,0.000000,Combined Sources,0.929204,0.816245,0.943883
P4HTM,0.000000,0.000000,Combined Sources,0.929204,0.816245,0.943883
PDCD1LG2,0.000000,0.000000,Combined Sources,0.929204,0.816245,0.943883
MORC4,0.000000,0.000000,Combined Sources,0.929204,0.816245,0.943883
APOBEC3C,0.000000,0.000000,Combined Sources,0.929204,0.816245,0.943883
RBM42,0.000000,0.000000,Combined Sources,0.929204,0.816245,0.943883
TRRAP,0.000000,0.000000,Combined Sources,0.929204,0.816245,0.943883
AKIRIN1,0.000000,0.000000,Combined Sources,0.929204,0.816245,0.943883
CDK6,0.000000,0.000000,Combined Sources,0.929204,0.816245,0.943883
DUSP3,0.000000,0.000000,Combined Sources,0.929204,0.816245,0.943883
PANK3,0.000000,0.000000,Combined Sources,0.929204,0.816245,0.943883
LRRFIP2,0.000000,0.000000,Combined Sources,0.929204,0.816245,0.943883
CEP164,0.000000,0.000000,Combined Sources,0.929204,0.816245,0.943883
CCDC121,0.000000,0.000000,Combined Sources,0.929204,0.816245,0.943883
SMAD5,0.000000,0.000000,Combined Sources,0.929204,0.816245,0.943883
CLCNKB,0.000000,0.000000,Combined Sources,0.929204,0.816245,0.943883
STAT2,0.000000,0.000000,Combined Sources,0.929204,0.816245,0.943883
SLC18A1,0.000000,0.000000,Combined Sources,0.929204,0.816245,0.943883
SV2C,0.000000,0.000000,Combined Sources,0.929204,0.816245,0.943883
TRIP12,0.000000,0.000000,Combined Sources,0.929204,0.816245,0.943883
SH2D4A,0.000000,0.000000,Combined Sources,0.929204,0.816245,0.943883
CST8,0.000000,0.000000,Combined Sources,0.929204,0.816245,0.943883
ZEB1,0.000000,0.000000,Combined Sources,0.929204,0.816245,0.943883
CLIC1,0.000000,0.000000,Combined Sources,0.929204,0.816245,0.943883
GRHL2,0.000000,0.000000,Combined Sources,0.929204,0.816245,0.943883
CST7,0.000000,0.000000,Combined Sources,0.929204,0.816245,0.943883
ZNF330,0.000000,0.000000,Combined Sources,0.929204,0.816245,0.943883
LMAN2L,0.000000,0.000000,Combined Sources,0.929204,0.816245,0.943883
SCN8A,0.000000,0.000000,Combined Sources,0.929204,0.816245,0.943883
TAGLN3,0.000000,0.000000,Combined Sources,0.929204,0.816245,0.943883
MDK,0.000000,0.000000,Combined Sources,0.929204,0.816245,0.943883
FGF13,0.000000,0.000000,Combined Sources,0.929204,0.816245,0.943883
FUT4,0.000000,0.000000,Combined Sources,0.929204,0.816245,0.943883
NR1D1,0.000000,0.000000,Combined Sources,0.929204,0.816245,0.943883
SORT1,0.000000,0.000000,Combined Sources,0.929204,0.816245,0.943883
ENTPD7,0.000000,0.000000,Combined Sources,0.929204,0.816245,0.943883
BNC2,0.000000,0.000000,Combined Sources,0.929204,0.816245,0.943883
HIP1,0.000000,0.000000,Combined Sources,0.929204,0.816245,0.943883
RRAS,0.000000,0.000000,Combined Sources,0.929204,0.816245,0.943883
DLG1,0.000000,0.000000,Combined Sources,0.929204,0.816245,0.943883
SARM1,0.000000,0.000000,Combined Sources,0.929204,0.816245,0.943883
GCH1,0.000000,0.000000,Combined Sources,0.929204,0.816245,0.943883
NCAPH,0.000000,0.000000,Combined Sources,0.929204,0.816245,0.943883
EPHA7,0.000000,0.000000,Combined Sources,0.929204,0.816245,0.943883
AUP1,0.000000,0.000000,Combined Sources,0.929204,0.816245,0.943883
ARSB,0.000000,0.000000,Combined Sources,0.929204,0.816245,0.943883
IPO5,0.000000,0.000000,Combined Sources,0.929204,0.816245,0.943883
SLC22A8,0.000000,0.000000,Combined Sources,0.929204,0.816245,0.943883
SLC22A4,0.000000,0.000000,Combined Sources,0.929204,0.816245,0.943883
MICB,0.000000,0.000000,Combined Sources,0.929204,0.816245,0.943883
DCTN4,0.000000,0.000000,Combined Sources,0.929204,0.816245,0.943883
ALPK3,0.000000,0.000000,Combined Sources,0.929204,0.816245,0.943883
SNIP1,0.000000,0.000000,Combined Sources,0.929204,0.816245,0.943883
HRC,0.000000,0.000000,Combined Sources,0.929204,0.816245,0.943883
ZNF551,0.000000,0.000000,Combined Sources,0.929204,0.816245,0.943883
HMGXB4,0.000000,0.000000,Combined Sources,0.929204,0.816245,0.943883
UQCR10,0.000000,0.000000,Combined Sources,0.929204,0.816245,0.943883
AK2,0.000000,0.000000,Combined Sources,0.929204,0.816245,0.943883
MTHFSD,0.000000,0.000000,Combined Sources,0.929204,0.816245,0.943883
DAB1,0.000000,0.000000,Combined Sources,0.929204,0.816245,0.943883
MOSPD3,0.000000,0.000000,Combined Sources,0.929204,0.816245,0.943883
DDX24,0.000000,0.000000,Combined Sources,0.929204,0.816245,0.943883
EIF3H,0.000000,0.000000,Combined Sources,0.929204,0.816245,0.943883
POMGNT1,0.000000,0.000000,Combined Sources,0.929204,0.816245,0.943883
IFNA1,0.000000,0.000000,Combined Sources,0.929204,0.816245,0.943883
ARHGEF6,0.000000,0.000000,Combined Sources,0.929204,0.816245,0.943883
HPS1,0.000000,0.000000,Combined Sources,0.929204,0.816245,0.943883
COBLL1,0.000000,0.000000,Combined Sources,0.929204,0.816245,0.943883
FXYD6,0.000000,0.000000,Combined Sources,0.929204,0.816245,0.943883
XPA,0.000000,0.000000,Combined Sources,0.929204,0.816245,0.943883
CHRNA5,0.000000,0.000000,Combined Sources,0.929204,0.816245,0.943883
EIF4EBP2,0.000000,0.000000,Combined Sources,0.929204,0.816245,0.943883
NUP62,0.000000,0.000000,Combined Sources,0.929204,0.816245,0.943883
TRIM10,0.000000,0.000000,Combined Sources,0.929204,0.816245,0.943883
FNBP1,0.000000,0.000000,Combined Sources,0.929204,0.816245,0.943883
TMEM177,0.000000,0.000000,Combined Sources,0.929204,0.816245,0.943883
LCMT2,0.000000,0.000000,Combined Sources,0.929204,0.816245,0.943883
VIM,0.000000,0.000000,Combined Sources,0.929204,0.816245,0.943883
VRK1,0.000000,0.000000,Combined Sources,0.929204,0.816245,0.943883
PSMD4,0.000000,0.000000,Combined Sources,0.929204,0.816245,0.943883
HPGDS,0.000000,0.000000,Combined Sources,0.929204,0.816245,0.943883
NPC1L1,0.000000,0.000000,Combined Sources,0.929204,0.816245,0.943883
CPNE1,0.000000,0.000000,Combined Sources,0.929204,0.816245,0.943883
DLX4,0.000000,0.000000,Combined Sources,0.929204,0.816245,0.943883
ELOVL5,0.000000,0.000000,Combined Sources,0.929204,0.816245,0.943883
HCRT,0.000000,0.000000,Combined Sources,0.929204,0.816245,0.943883
EN1,0.000000,0.000000,Combined Sources,0.929204,0.816245,0.943883
TRAPPC9,0.000000,0.000000,Combined Sources,0.929204,0.816245,0.943883
CEL,0.000000,0.000000,Combined Sources,0.929204,0.816245,0.943883
RBPMS,0.000000,0.000000,Combined Sources,0.929204,0.816245,0.943883
NPFF,0.000000,0.000000,Combined Sources,0.929204,0.816245,0.943883
SMCHD1,0.000000,0.000000,Combined Sources,0.929204,0.816245,0.943883
RHAG,0.000000,0.000000,Combined Sources,0.929204,0.816245,0.943883
ZNF79,0.000000,0.000000,Combined Sources,0.929204,0.816245,0.943883
DIDO1,0.000000,0.000000,Combined Sources,0.929204,0.816245,0.943883
ITIH5,0.000000,0.000000,Combined Sources,0.929204,0.816245,0.943883
CLUAP1,0.000000,0.000000,Combined Sources,0.929204,0.816245,0.943883
STUB1,0.000000,0.000000,Combined Sources,0.929204,0.816245,0.943883
EDA2R,0.000000,0.000000,Combined Sources,0.929204,0.816245,0.943883
PKP3,0.000000,0.000000,Combined Sources,0.929204,0.816245,0.943883
PEX6,0.000000,0.000000,Combined Sources,0.929204,0.816245,0.943883
ABCA7,0.000000,0.000000,Combined Sources,0.929204,0.816245,0.943883
FDFT1,0.000000,0.000000,Combined Sources,0.929204,0.816245,0.943883
KANK1,0.000000,0.000000,Combined Sources,0.929204,0.816245,0.943883
CD83,0.000000,0.000000,Combined Sources,0.929204,0.816245,0.943883
BFSP1,0.000000,0.000000,Combined Sources,0.929204,0.816245,0.943883
ABCB11,0.000000,0.000000,Combined Sources,0.929204,0.816245,0.943883
SLC35E3,0.000000,0.000000,Combined Sources,0.929204,0.816245,0.943883
CPA1,0.000000,0.000000,Combined Sources,0.929204,0.816245,0.943883
HSPA9,0.000000,0.000000,Combined Sources,0.929204,0.816245,0.943883
SLC25A12,0.000000,0.000000,Combined Sources,0.929204,0.816245,0.943883
EXOSC4,0.000000,0.000000,Combined Sources,0.929204,0.816245,0.943883
WARS2,0.000000,0.000000,Combined Sources,0.929204,0.816245,0.943883
ART4,0.000000,0.000000,Combined Sources,0.929204,0.816245,0.943883
SNW1,0.000000,0.000000,Combined Sources,0.929204,0.816245,0.943883
CUL1,0.000000,0.000000,Combined Sources,0.929204,0.816245,0.943883
KCNK12,0.000000,0.000000,Combined Sources,0.929204,0.816245,0.943883
ZSCAN5A,0.000000,0.000000,Combined Sources,0.929204,0.816245,0.943883
ELF5,0.000000,0.000000,Combined Sources,0.929204,0.816245,0.943883
PDE6C,0.000000,0.000000,Combined Sources,0.929204,0.816245,0.943883
CCND3,0.000000,0.000000,Combined Sources,0.929204,0.816245,0.943883
WDR13,0.000000,0.000000,Combined Sources,0.929204,0.816245,0.943883
ANP32A-IT1,0.000000,0.000000,Combined Sources,0.929204,0.816245,0.943883
CSRP1,0.000000,0.000000,Combined Sources,0.929204,0.816245,0.943883
MAGEB2,0.000000,0.000000,Combined Sources,0.929204,0.816245,0.943883
ANXA1,0.000000,0.000000,Combined Sources,0.929204,0.816245,0.943883
WIPF2,0.000000,0.000000,Combined Sources,0.929204,0.816245,0.943883
BAX,0.000000,0.000000,Combined Sources,0.929204,0.816245,0.943883
CXXC1,0.000000,0.000000,Combined Sources,0.929204,0.816245,0.943883
GLI1,0.000000,0.000000,Combined Sources,0.929204,0.816245,0.943883
HDAC11,0.000000,0.000000,Combined Sources,0.929204,0.816245,0.943883
PPP2R5C,0.000000,0.000000,Combined Sources,0.929204,0.816245,0.943883
EXOC3,0.000000,0.000000,Combined Sources,0.929204,0.816245,0.943883
GINS2,0.000000,0.000000,Combined Sources,0.929204,0.816245,0.943883
GRIA3,0.000000,0.000000,Combined Sources,0.929204,0.816245,0.943883
B4GALT4,0.000000,0.000000,Combined Sources,0.929204,0.816245,0.943883
STX5,0.000000,0.000000,Combined Sources,0.929204,0.816245,0.943883
SND1,0.000000,0.000000,Combined Sources,0.929204,0.816245,0.943883
ATAD3A,0.000000,0.000000,Combined Sources,0.929204,0.816245,0.943883
CLDN8,0.000000,0.000000,Combined Sources,0.929204,0.816245,0.943883
NFIC,0.000000,0.000000,Combined Sources,0.929204,0.816245,0.943883
CHRNA9,0.000000,0.000000,Combined Sources,0.929204,0.816245,0.943883
DOCK5,0.000000,0.000000,Combined Sources,0.929204,0.816245,0.943883
FGF6,0.000000,0.000000,Combined Sources,0.929204,0.816245,0.943883
MYH15,0.000000,0.000000,Combined Sources,0.929204,0.816245,0.943883
LPIN1,0.000000,0.000000,Combined Sources,0.929204,0.816245,0.943883
YPEL1,0.000000,0.000000,Combined Sources,0.929204,0.816245,0.943883
NUFIP1,0.000000,0.000000,Combined Sources,0.929204,0.816245,0.943883
GGNBP2,0.000000,0.000000,Combined Sources,0.929204,0.816245,0.943883
SLCO5A1,0.000000,0.000000,Combined Sources,0.929204,0.816245,0.943883
ADAM18,0.000000,0.000000,Combined Sources,0.929204,0.816245,0.943883
ABCA4,0.000000,0.000000,Combined Sources,0.929204,0.816245,0.943883
WRAP53,0.000000,0.000000,Combined Sources,0.929204,0.816245,0.943883
ENOX2,0.000000,0.000000,Combined Sources,0.929204,0.816245,0.943883
MCM10,0.000000,0.000000,Combined Sources,0.929204,0.816245,0.943883
USP39,0.000000,0.000000,Combined Sources,0.929204,0.816245,0.943883
ZNF184,0.000000,0.000000,Combined Sources,0.929204,0.816245,0.943883
COMP,0.000000,0.000000,Combined Sources,0.929204,0.816245,0.943883
KIR2DL3,0.000000,0.000000,Combined Sources,0.929204,0.816245,0.943883
APP,0.000000,0.000000,Combined Sources,0.929204,0.816245,0.943883
NTN3,0.000000,0.000000,Combined Sources,0.929204,0.816245,0.943883
MLYCD,0.000000,0.000000,Combined Sources,0.929204,0.816245,0.943883
ARHGAP26,0.000000,0.000000,Combined Sources,0.929204,0.816245,0.943883
POLDIP3,0.000000,0.000000,Combined Sources,0.929204,0.816245,0.943883
SPIN1,0.000000,0.000000,Combined Sources,0.929204,0.816245,0.943883
CHST12,0.000000,0.000000,Combined Sources,0.929204,0.816245,0.943883
DENND4C,0.000000,0.000000,Combined Sources,0.929204,0.816245,0.943883
TMX1,0.000000,0.000000,Combined Sources,0.929204,0.816245,0.943883
ACTA2,0.000000,0.000000,Combined Sources,0.929204,0.816245,0.943883
CBX6,0.000000,0.000000,Combined Sources,0.929204,0.816245,0.943883
MYO1B,0.000000,0.000000,Combined Sources,0.929204,0.816245,0.943883
IFNB1,0.000000,0.000000,Combined Sources,0.929204,0.816245,0.943883
SMPD1,0.000000,0.000000,Combined Sources,0.929204,0.816245,0.943883
SIX2,0.000000,0.000000,Combined Sources,0.929204,0.816245,0.943883
C1QL1,0.000000,0.000000,Combined Sources,0.929204,0.816245,0.943883
COX5B,0.000000,0.000000,Combined Sources,0.929204,0.816245,0.943883
TOPORS,0.000000,0.000000,Combined Sources,0.929204,0.816245,0.943883
TYMS,0.000000,0.000000,Combined Sources,0.929204,0.816245,0.943883
NUP107,0.000000,0.000000,Combined Sources,0.929204,0.816245,0.943883
THG1L,0.000000,0.000000,Combined Sources,0.929204,0.816245,0.943883
UST,0.000000,0.000000,Combined Sources,0.929204,0.816245,0.943883
ITM2A,0.000000,0.000000,Combined Sources,0.929204,0.816245,0.943883
LEP,0.000000,0.000000,Combined Sources,0.929204,0.816245,0.943883
ASB1,0.000000,0.000000,Combined Sources,0.929204,0.816245,0.943883
OSBPL8,0.000000,0.000000,Combined Sources,0.929204,0.816245,0.943883
CHMP1B,0.000000,0.000000,Combined Sources,0.929204,0.816245,0.943883
CELF1,0.000000,0.000000,Combined Sources,0.929204,0.816245,0.943883
ANGEL1,0.000000,0.000000,Combined Sources,0.929204,0.816245,0.943883
CNTN2,0.000000,0.000000,Combined Sources,0.929204,0.816245,0.943883
HGSNAT,0.000000,0.000000,Combined Sources,0.929204,0.816245,0.943883
B3GNT2,0.000000,0.000000,Combined Sources,0.929204,0.816245,0.943883
DDA1,0.000000,0.000000,Combined Sources,0.929204,0.816245,0.943883
LTA,0.000000,0.000000,Combined Sources,0.929204,0.816245,0.943883
FAF2,0.000000,0.000000,Combined Sources,0.929204,0.816245,0.943883
RNF138,0.000000,0.000000,Combined Sources,0.929204,0.816245,0.943883
GNGT1,0.000000,0.000000,Combined Sources,0.929204,0.816245,0.943883
DNAJA2,0.000000,0.000000,Combined Sources,0.929204,0.816245,0.943883
LONP1,0.000000,0.000000,Combined Sources,0.929204,0.816245,0.943883
GSTM3,0.000000,0.000000,Combined Sources,0.929204,0.816245,0.943883
NDUFC2,0.000000,0.000000,Combined Sources,0.929204,0.816245,0.943883
GRIN2D,0.000000,0.000000,Combined Sources,0.929204,0.816245,0.943883
LRPAP1,0.000000,0.000000,Combined Sources,0.929204,0.816245,0.943883
DGKG,0.000000,0.000000,Combined Sources,0.929204,0.816245,0.943883
LACTB2,0.000000,0.000000,Combined Sources,0.929204,0.816245,0.943883
OR2J3,0.000000,0.000000,Combined Sources,0.929204,0.816245,0.943883
COPS7B,0.000000,0.000000,Combined Sources,0.929204,0.816245,0.943883
VAPB,0.000000,0.000000,Combined Sources,0.929204,0.816245,0.943883
SMC6,0.000000,0.000000,Combined Sources,0.929204,0.816245,0.943883
RNF103,0.000000,0.000000,Combined Sources,0.929204,0.816245,0.943883
AGPAT4,0.000000,0.000000,Combined Sources,0.929204,0.816245,0.943883
CISH,0.000000,0.000000,Combined Sources,0.929204,0.816245,0.943883
RNF126P1,0.000000,0.000000,Combined Sources,0.929204,0.816245,0.943883
VPS13B,0.000000,0.000000,Combined Sources,0.929204,0.816245,0.943883
BCHE,0.000000,0.000000,Combined Sources,0.929204,0.816245,0.943883
UBB,0.000000,0.000000,Combined Sources,0.929204,0.816245,0.943883
APH1A,0.000000,0.000000,Combined Sources,0.929204,0.816245,0.943883
ALOX12B,0.000000,0.000000,Combined Sources,0.929204,0.816245,0.943883
NANS,0.000000,0.000000,Combined Sources,0.929204,0.816245,0.943883
GZMM,0.000000,0.000000,Combined Sources,0.929204,0.816245,0.943883
KLK14,0.000000,0.000000,Combined Sources,0.929204,0.816245,0.943883
HCN4,0.000000,0.000000,Combined Sources,0.929204,0.816245,0.943883
PLCE1,0.000000,0.000000,Combined Sources,0.929204,0.816245,0.943883
RAPGEF2,0.000000,0.000000,Combined Sources,0.929204,0.816245,0.943883
AGPAT3,0.000000,0.000000,Combined Sources,0.929204,0.816245,0.943883
MIOS,0.000000,0.000000,Combined Sources,0.929204,0.816245,0.943883
SEMG2,0.000000,0.000000,Combined Sources,0.929204,0.816245,0.943883
BCL7A,0.000000,0.000000,Combined Sources,0.929204,0.816245,0.943883
BACH1,0.000000,0.000000,Combined Sources,0.929204,0.816245,0.943883
ACOT7,0.000000,0.000000,Combined Sources,0.929204,0.816245,0.943883
CYP2C8,0.000000,0.000000,Combined Sources,0.929204,0.816245,0.943883
ZNF214,0.000000,0.000000,Combined Sources,0.929204,0.816245,0.943883
SSBP2,0.000000,0.000000,Combined Sources,0.929204,0.816245,0.943883
PLA2G10,0.000000,0.000000,Combined Sources,0.929204,0.816245,0.943883
CTSC,0.000000,0.000000,Combined Sources,0.929204,0.816245,0.943883
MLEC,0.000000,0.000000,Combined Sources,0.929204,0.816245,0.943883
MRTO4,0.000000,0.000000,Combined Sources,0.929204,0.816245,0.943883
PRKCA,0.000000,0.000000,Combined Sources,0.929204,0.816245,0.943883
FGF2,0.000000,0.000000,Combined Sources,0.929204,0.816245,0.943883
N4BP1,0.000000,0.000000,Combined Sources,0.929204,0.816245,0.943883
FPR1,0.000000,0.000000,Combined Sources,0.929204,0.816245,0.943883
DUSP7,0.000000,0.000000,Combined Sources,0.929204,0.816245,0.943883
TTK,0.000000,0.000000,Combined Sources,0.929204,0.816245,0.943883
STMN4,0.000000,0.000000,Combined Sources,0.929204,0.816245,0.943883
FSHR,0.000000,0.000000,Combined Sources,0.929204,0.816245,0.943883
PIGB,0.000000,0.000000,Combined Sources,0.929204,0.816245,0.943883
ZFAND1,0.000000,0.000000,Combined Sources,0.929204,0.816245,0.943883
FAM89B,0.000000,0.000000,Combined Sources,0.929204,0.816245,0.943883
GALNS,0.000000,0.000000,Combined Sources,0.929204,0.816245,0.943883
ADARB1,0.000000,0.000000,Combined Sources,0.929204,0.816245,0.943883
LIFR,0.000000,0.000000,Combined Sources,0.929204,0.816245,0.943883
LYPD1,0.000000,0.000000,Combined Sources,0.929204,0.816245,0.943883
HERC2,0.000000,0.000000,Combined Sources,0.929204,0.816245,0.943883
ITGAE,0.000000,0.000000,Combined Sources,0.929204,0.816245,0.943883
KLHL36,0.000000,0.000000,Combined Sources,0.929204,0.816245,0.943883
KLHL2,0.000000,0.000000,Combined Sources,0.929204,0.816245,0.943883
CAPN1,0.000000,0.000000,Combined Sources,0.929204,0.816245,0.943883
HAUS5,0.000000,0.000000,Combined Sources,0.929204,0.816245,0.943883
LECT2,0.000000,0.000000,Combined Sources,0.929204,0.816245,0.943883
FGFR3,0.000000,0.000000,Combined Sources,0.929204,0.816245,0.943883
PLEK,0.000000,0.000000,Combined Sources,0.929204,0.816245,0.943883
GNRH2,0.000000,0.000000,Combined Sources,0.929204,0.816245,0.943883
LAS1L,0.000000,0.000000,Combined Sources,0.929204,0.816245,0.943883
KIF13B,0.000000,0.000000,Combined Sources,0.929204,0.816245,0.943883
LAIR1,0.000000,0.000000,Combined Sources,0.929204,0.816245,0.943883
PRF1,0.000000,0.000000,Combined Sources,0.929204,0.816245,0.943883
INPP1,0.000000,0.000000,Combined Sources,0.929204,0.816245,0.943883
GPR19,0.000000,0.000000,Combined Sources,0.929204,0.816245,0.943883
YWHAE,0.000000,0.000000,Combined Sources,0.929204,0.816245,0.943883
CD53,0.000000,0.000000,Combined Sources,0.929204,0.816245,0.943883
IFNA21,0.000000,0.000000,Combined Sources,0.929204,0.816245,0.943883
GIPC2,0.000000,0.000000,Combined Sources,0.929204,0.816245,0.943883
IL19,0.000000,0.000000,Combined Sources,0.929204,0.816245,0.943883
NRXN2,0.000000,0.000000,Combined Sources,0.929204,0.816245,0.943883
SIDT1,0.000000,0.000000,Combined Sources,0.929204,0.816245,0.943883
ACRV1,0.000000,0.000000,Combined Sources,0.929204,0.816245,0.943883
AQP1,0.000000,0.000000,Combined Sources,0.929204,0.816245,0.943883
SLC9A3,0.000000,0.000000,Combined Sources,0.929204,0.816245,0.943883
GPSM3,0.000000,0.000000,Combined Sources,0.929204,0.816245,0.943883
STX18,0.000000,0.000000,Combined Sources,0.929204,0.816245,0.943883
PGLYRP1,0.000000,0.000000,Combined Sources,0.929204,0.816245,0.943883
CPN2,0.000000,0.000000,Combined Sources,0.929204,0.816245,0.943883
NPL,0.000000,0.000000,Combined Sources,0.929204,0.816245,0.943883
ERC2,0.000000,0.000000,Combined Sources,0.929204,0.816245,0.943883
VEGFC,0.000000,0.000000,Combined Sources,0.929204,0.816245,0.943883
RGS17,0.000000,0.000000,Combined Sources,0.929204,0.816245,0.943883
FKBP5,0.000000,0.000000,Combined Sources,0.929204,0.816245,0.943883
RPS28,0.000000,0.000000,Combined Sources,0.929204,0.816245,0.943883
APOH,0.000000,0.000000,Combined Sources,0.929204,0.816245,0.943883
C2orf49,0.000000,0.000000,Combined Sources,0.929204,0.816245,0.943883
FMO2,0.000000,0.000000,Combined Sources,0.929204,0.816245,0.943883
FRS2,0.000000,0.000000,Combined Sources,0.929204,0.816245,0.943883
PLG,0.000000,0.000000,Combined Sources,0.929204,0.816245,0.943883
FBXW2,0.000000,0.000000,Combined Sources,0.929204,0.816245,0.943883
AP3D1,0.000000,0.000000,Combined Sources,0.929204,0.816245,0.943883
LAMC3,0.000000,0.000000,Combined Sources,0.929204,0.816245,0.943883
DMC1,0.000000,0.000000,Combined Sources,0.929204,0.816245,0.943883
IL6,0.000000,0.000000,Combined Sources,0.929204,0.816245,0.943883
ATP6AP1,0.000000,0.000000,Combined Sources,0.929204,0.816245,0.943883
PXDN,0.000000,0.000000,Combined Sources,0.929204,0.816245,0.943883
KRTAP4-7,0.000000,0.000000,Combined Sources,0.929204,0.816245,0.943883
CTNNA3,0.000000,0.000000,Combined Sources,0.929204,0.816245,0.943883
GOLT1B,0.000000,0.000000,Combined Sources,0.929204,0.816245,0.943883
SNX7,0.000000,0.000000,Combined Sources,0.929204,0.816245,0.943883
TSSC4,0.000000,0.000000,Combined Sources,0.929204,0.816245,0.943883
SLK,0.000000,0.000000,Combined Sources,0.929204,0.816245,0.943883
MAN2B2,0.000000,0.000000,Combined Sources,0.929204,0.816245,0.943883
CRYGB,0.000000,0.000000,Combined Sources,0.929204,0.816245,0.943883
RAB6B,0.000000,0.000000,Combined Sources,0.929204,0.816245,0.943883
SOX13,0.000000,0.000000,Combined Sources,0.929204,0.816245,0.943883
CSK,0.000000,0.000000,Combined Sources,0.929204,0.816245,0.943883
NIPBL,0.000000,0.000000,Combined Sources,0.929204,0.816245,0.943883
ATP6V0E2,0.000000,0.000000,Combined Sources,0.929204,0.816245,0.943883
NECAP2,0.000000,0.000000,Combined Sources,0.929204,0.816245,0.943883
MAOB,0.000000,0.000000,Combined Sources,0.929204,0.816245,0.943883
KISS1,0.000000,0.000000,Combined Sources,0.929204,0.816245,0.943883
GH2,0.000000,0.000000,Combined Sources,0.929204,0.816245,0.943883
GRAMD1C,0.000000,0.000000,Combined Sources,0.929204,0.816245,0.943883
NAPA,0.000000,0.000000,Combined Sources,0.929204,0.816245,0.943883
BSN,0.000000,0.000000,Combined Sources,0.929204,0.816245,0.943883
FUZ,0.000000,0.000000,Combined Sources,0.929204,0.816245,0.943883
RNF167,0.000000,0.000000,Combined Sources,0.929204,0.816245,0.943883
ADAM28,0.000000,0.000000,Combined Sources,0.929204,0.816245,0.943883
ANKHD1,0.000000,0.000000,Combined Sources,0.929204,0.816245,0.943883
HOXC8,0.000000,0.000000,Combined Sources,0.929204,0.816245,0.943883
CYB561D2,0.000000,0.000000,Combined Sources,0.929204,0.816245,0.943883
RCVRN,0.000000,0.000000,Combined Sources,0.929204,0.816245,0.943883
PAN2,0.000000,0.000000,Combined Sources,0.929204,0.816245,0.943883
TRMT11,0.000000,0.000000,Combined Sources,0.929204,0.816245,0.943883
GAS6,0.000000,0.000000,Combined Sources,0.929204,0.816245,0.943883
CDH5,0.000000,0.000000,Combined Sources,0.929204,0.816245,0.943883
SLAMF1,0.000000,0.000000,Combined Sources,0.929204,0.816245,0.943883
ZNF83,0.000000,0.000000,Combined Sources,0.929204,0.816245,0.943883
RFXAP,0.000000,0.000000,Combined Sources,0.929204,0.816245,0.943883
NKTR,0.000000,0.000000,Combined Sources,0.929204,0.816245,0.943883
EPHA3,0.000000,0.000000,Combined Sources,0.929204,0.816245,0.943883
CERS6,0.000000,0.000000,Combined Sources,0.929204,0.816245,0.943883
EPS15L1,0.000000,0.000000,Combined Sources,0.929204,0.816245,0.943883
CXADR,0.000000,0.000000,Combined Sources,0.929204,0.816245,0.943883
GABRA3,0.000000,0.000000,Combined Sources,0.929204,0.816245,0.943883
SOX2,0.000000,0.000000,Combined Sources,0.929204,0.816245,0.943883
CNNM3,0.000000,0.000000,Combined Sources,0.929204,0.816245,0.943883
MS4A12,0.000000,0.000000,Combined Sources,0.929204,0.816245,0.943883
KIAA0319,0.000000,0.000000,Combined Sources,0.929204,0.816245,0.943883
WNT16,0.000000,0.000000,Combined Sources,0.929204,0.816245,0.943883
TDRD7,0.000000,0.000000,Combined Sources,0.929204,0.816245,0.943883
KAZN,0.000000,0.000000,Combined Sources,0.929204,0.816245,0.943883
SMPDL3B,0.000000,0.000000,Combined Sources,0.929204,0.816245,0.943883
TMEM43,0.000000,0.000000,Combined Sources,0.929204,0.816245,0.943883
GNPAT,0.000000,0.000000,Combined Sources,0.929204,0.816245,0.943883
CEND1,0.000000,0.000000,Combined Sources,0.929204,0.816245,0.943883
RBBP9,0.000000,0.000000,Combined Sources,0.929204,0.816245,0.943883
DUS4L,0.000000,0.000000,Combined Sources,0.929204,0.816245,0.943883
CPB2,0.000000,0.000000,Combined Sources,0.929204,0.816245,0.943883
JMJD4,0.000000,0.000000,Combined Sources,0.929204,0.816245,0.943883
KCNK2,0.000000,0.000000,Combined Sources,0.929204,0.816245,0.943883
XRCC4,0.000000,0.000000,Combined Sources,0.929204,0.816245,0.943883
TREM1,0.000000,0.000000,Combined Sources,0.929204,0.816245,0.943883
ZMAT5,0.000000,0.000000,Combined Sources,0.929204,0.816245,0.943883
DAAM1,0.000000,0.000000,Combined Sources,0.929204,0.816245,0.943883
NPPA,0.000000,0.000000,Combined Sources,0.929204,0.816245,0.943883
SEC63,0.000000,0.000000,Combined Sources,0.929204,0.816245,0.943883
FGR,0.000000,0.000000,Combined Sources,0.929204,0.816245,0.943883
CDO1,0.000000,0.000000,Combined Sources,0.929204,0.816245,0.943883
HNRNPA3,0.000000,0.000000,Combined Sources,0.929204,0.816245,0.943883
CDV3,0.000000,0.000000,Combined Sources,0.929204,0.816245,0.943883
SEMA3D,0.000000,0.000000,Combined Sources,0.929204,0.816245,0.943883
TNFSF8,0.000000,0.000000,Combined Sources,0.929204,0.816245,0.943883
TAGLN,0.000000,0.000000,Combined Sources,0.929204,0.816245,0.943883
MAGEB4,0.000000,0.000000,Combined Sources,0.929204,0.816245,0.943883
PDGFRL,0.000000,0.000000,Combined Sources,0.929204,0.816245,0.943883
CENPO,0.000000,0.000000,Combined Sources,0.929204,0.816245,0.943883
MED1,0.000000,0.000000,Combined Sources,0.929204,0.816245,0.943883
WDFY3,0.000000,0.000000,Combined Sources,0.929204,0.816245,0.943883
TMOD3,0.000000,0.000000,Combined Sources,0.929204,0.816245,0.943883
VMP1,0.000000,0.000000,Combined Sources,0.929204,0.816245,0.943883
NCKIPSD,0.000000,0.000000,Combined Sources,0.929204,0.816245,0.943883
NUDT3,0.000000,0.000000,Combined Sources,0.929204,0.816245,0.943883
CPD,0.000000,0.000000,Combined Sources,0.929204,0.816245,0.943883
TULP4,0.000000,0.000000,Combined Sources,0.929204,0.816245,0.943883
PTDSS1,0.000000,0.000000,Combined Sources,0.929204,0.816245,0.943883
CANX,0.000000,0.000000,Combined Sources,0.929204,0.816245,0.943883
CASP10,0.000000,0.000000,Combined Sources,0.929204,0.816245,0.943883
SYDE1,0.000000,0.000000,Combined Sources,0.929204,0.816245,0.943883
SNF8,0.000000,0.000000,Combined Sources,0.929204,0.816245,0.943883
ARHGAP25,0.000000,0.000000,Combined Sources,0.929204,0.816245,0.943883
ANKRD10,0.000000,0.000000,Combined Sources,0.929204,0.816245,0.943883
ZNF780B,0.000000,0.000000,Combined Sources,0.929204,0.816245,0.943883
ZNF609,0.000000,0.000000,Combined Sources,0.929204,0.816245,0.943883
ABCB6,0.000000,0.000000,Combined Sources,0.929204,0.816245,0.943883
LGI1,0.000000,0.000000,Combined Sources,0.929204,0.816245,0.943883
MERTK,0.000000,0.000000,Combined Sources,0.929204,0.816245,0.943883
TJP1,0.000000,0.000000,Combined Sources,0.929204,0.816245,0.943883
SLCO3A1,0.000000,0.000000,Combined Sources,0.929204,0.816245,0.943883
MLNR,0.000000,0.000000,Combined Sources,0.929204,0.816245,0.943883
CYP2A13,0.000000,0.000000,Combined Sources,0.929204,0.816245,0.943883
NSUN5P1,0.000000,0.000000,Combined Sources,0.929204,0.816245,0.943883
NHLH2,0.000000,0.000000,Combined Sources,0.929204,0.816245,0.943883
UPK2,0.000000,0.000000,Combined Sources,0.929204,0.816245,0.943883
TYR,0.000000,0.000000,Combined Sources,0.929204,0.816245,0.943883
FUS,0.000000,0.000000,Combined Sources,0.929204,0.816245,0.943883
ATXN7,0.000000,0.000000,Combined Sources,0.929204,0.816245,0.943883
SBNO2,0.000000,0.000000,Combined Sources,0.929204,0.816245,0.943883
RFXANK,0.000000,0.000000,Combined Sources,0.929204,0.816245,0.943883
ZBTB5,0.000000,0.000000,Combined Sources,0.929204,0.816245,0.943883
ACADVL,0.000000,0.000000,Combined Sources,0.929204,0.816245,0.943883
NDP,0.000000,0.000000,Combined Sources,0.929204,0.816245,0.943883
PKNOX1,0.000000,0.000000,Combined Sources,0.929204,0.816245,0.943883
CYP51A1,0.000000,0.000000,Combined Sources,0.929204,0.816245,0.943883
CTH,0.000000,0.000000,Combined Sources,0.929204,0.816245,0.943883
HOOK1,0.000000,0.000000,Combined Sources,0.929204,0.816245,0.943883
SDF2L1,0.000000,0.000000,Combined Sources,0.929204,0.816245,0.943883
NCR1,0.000000,0.000000,Combined Sources,0.929204,0.816245,0.943883
FSD1,0.000000,0.000000,Combined Sources,0.929204,0.816245,0.943883
SIX5,0.000000,0.000000,Combined Sources,0.929204,0.816245,0.943883
TFB2M,0.000000,0.000000,Combined Sources,0.929204,0.816245,0.943883
COL5A2,0.000000,0.000000,Combined Sources,0.929204,0.816245,0.943883
ADRA1B,0.000000,0.000000,Combined Sources,0.929204,0.816245,0.943883
NPHP4,0.000000,0.000000,Combined Sources,0.929204,0.816245,0.943883
MVK,0.000000,0.000000,Combined Sources,0.929204,0.816245,0.943883
GABRE,0.000000,0.000000,Combined Sources,0.929204,0.816245,0.943883
TTLL4,0.000000,0.000000,Combined Sources,0.929204,0.816245,0.943883
IL18,0.000000,0.000000,Combined Sources,0.929204,0.816245,0.943883
ZAP70,0.000000,0.000000,Combined Sources,0.929204,0.816245,0.943883
CCDC134,0.000000,0.000000,Combined Sources,0.929204,0.816245,0.943883
TMCO3,0.000000,0.000000,Combined Sources,0.929204,0.816245,0.943883
HCG4B,0.000000,0.000000,Combined Sources,0.929204,0.816245,0.943883
ENTPD2,0.000000,0.000000,Combined Sources,0.929204,0.816245,0.943883
KHDC1L,0.000000,0.000000,Combined Sources,0.929204,0.816245,0.943883
JAK2,0.000000,0.000000,Combined Sources,0.929204,0.816245,0.943883
SPAG8,0.000000,0.000000,Combined Sources,0.929204,0.816245,0.943883
IQGAP1,0.000000,0.000000,Combined Sources,0.929204,0.816245,0.943883
MAPK4,0.000000,0.000000,Combined Sources,0.929204,0.816245,0.943883
UGT2A3,0.000000,0.000000,Combined Sources,0.929204,0.816245,0.943883
SPG21,0.000000,0.000000,Combined Sources,0.929204,0.816245,0.943883
NTRK2,0.000000,0.000000,Combined Sources,0.929204,0.816245,0.943883
KLK1,0.000000,0.000000,Combined Sources,0.929204,0.816245,0.943883
RAB20,0.000000,0.000000,Combined Sources,0.929204,0.816245,0.943883
GSTP1,0.000000,0.000000,Combined Sources,0.929204,0.816245,0.943883
YRDC,0.000000,0.000000,Combined Sources,0.929204,0.816245,0.943883
IL1A,0.000000,0.000000,Combined Sources,0.929204,0.816245,0.943883
SMARCD3,0.000000,0.000000,Combined Sources,0.929204,0.816245,0.943883
PCDHGA1,0.000000,0.000000,Combined Sources,0.929204,0.816245,0.943883
GOLGA8A,0.000000,0.000000,Combined Sources,0.929204,0.816245,0.943883
INPP5F,0.000000,0.000000,Combined Sources,0.929204,0.816245,0.943883
WDR25,0.000000,0.000000,Combined Sources,0.929204,0.816245,0.943883
PGPEP1,0.000000,0.000000,Combined Sources,0.929204,0.816245,0.943883
ILK,0.000000,0.000000,Combined Sources,0.929204,0.816245,0.943883
RNF44,0.000000,0.000000,Combined Sources,0.929204,0.816245,0.943883
MAGEA1,0.000000,0.000000,Combined Sources,0.929204,0.816245,0.943883
HIP1R,0.000000,0.000000,Combined Sources,0.929204,0.816245,0.943883
NCAPD3,0.000000,0.000000,Combined Sources,0.929204,0.816245,0.943883
PLXDC2,0.000000,0.000000,Combined Sources,0.929204,0.816245,0.943883
DONSON,0.000000,0.000000,Combined Sources,0.929204,0.816245,0.943883
GPATCH3,0.000000,0.000000,Combined Sources,0.929204,0.816245,0.943883
CORO1B,0.000000,0.000000,Combined Sources,0.929204,0.816245,0.943883
DDX42,0.000000,0.000000,Combined Sources,0.929204,0.816245,0.943883
CNTRL,0.000000,0.000000,Combined Sources,0.929204,0.816245,0.943883
AHSP,0.000000,0.000000,Combined Sources,0.929204,0.816245,0.943883
CD74,0.000000,0.000000,Combined Sources,0.929204,0.816245,0.943883
DENND5B,0.000000,0.000000,Combined Sources,0.929204,0.816245,0.943883
COX8A,0.000000,0.000000,Combined Sources,0.929204,0.816245,0.943883
SMO,0.000000,0.000000,Combined Sources,0.929204,0.816245,0.943883
CUX1,0.000000,0.000000,Combined Sources,0.929204,0.816245,0.943883
RMND5B,0.000000,0.000000,Combined Sources,0.929204,0.816245,0.943883
NXN,0.000000,0.000000,Combined Sources,0.929204,0.816245,0.943883
DPT,0.000000,0.000000,Combined Sources,0.929204,0.816245,0.943883
POLL,0.000000,0.000000,Combined Sources,0.929204,0.816245,0.943883
ACLY,0.000000,0.000000,Combined Sources,0.929204,0.816245,0.943883
PTPRG,0.000000,0.000000,Combined Sources,0.929204,0.816245,0.943883
BCL2A1,0.000000,0.000000,Combined Sources,0.929204,0.816245,0.943883
CLSTN1,0.000000,0.000000,Combined Sources,0.929204,0.816245,0.943883
FMO5,0.000000,0.000000,Combined Sources,0.929204,0.816245,0.943883
PACRG,0.000000,0.000000,Combined Sources,0.929204,0.816245,0.943883
MAN1C1,0.000000,0.000000,Combined Sources,0.929204,0.816245,0.943883
BIRC5,0.000000,0.000000,Combined Sources,0.929204,0.816245,0.943883
STX7,0.000000,0.000000,Combined Sources,0.929204,0.816245,0.943883
CAMKV,0.000000,0.000000,Combined Sources,0.929204,0.816245,0.943883
WDHD1,0.000000,0.000000,Combined Sources,0.929204,0.816245,0.943883
ANKRD55,0.000000,0.000000,Combined Sources,0.929204,0.816245,0.943883
AP1S2,0.000000,0.000000,Combined Sources,0.929204,0.816245,0.943883
SEC11A,0.000000,0.000000,Combined Sources,0.929204,0.816245,0.943883
TGIF1,0.000000,0.000000,Combined Sources,0.929204,0.816245,0.943883
SLC46A3,0.000000,0.000000,Combined Sources,0.929204,0.816245,0.943883
INTS6,0.000000,0.000000,Combined Sources,0.929204,0.816245,0.943883
UGGT1,0.000000,0.000000,Combined Sources,0.929204,0.816245,0.943883
HLCS,0.000000,0.000000,Combined Sources,0.929204,0.816245,0.943883
RAB8A,0.000000,0.000000,Combined Sources,0.929204,0.816245,0.943883
SERPINA5,0.000000,0.000000,Combined Sources,0.929204,0.816245,0.943883
SRSF7,0.000000,0.000000,Combined Sources,0.929204,0.816245,0.943883
OCRL,0.000000,0.000000,Combined Sources,0.929204,0.816245,0.943883
RBM15B,0.000000,0.000000,Combined Sources,0.929204,0.816245,0.943883
OGFOD1,0.000000,0.000000,Combined Sources,0.929204,0.816245,0.943883
BICD1,0.000000,0.000000,Combined Sources,0.929204,0.816245,0.943883
G6PC3,0.000000,0.000000,Combined Sources,0.929204,0.816245,0.943883
PID1,0.000000,0.000000,Combined Sources,0.929204,0.816245,0.943883
ITGB4,0.000000,0.000000,Combined Sources,0.929204,0.816245,0.943883
ST3GAL1,0.000000,0.000000,Combined Sources,0.929204,0.816245,0.943883
SLC25A38,0.000000,0.000000,Combined Sources,0.929204,0.816245,0.943883
SPRR1B,0.000000,0.000000,Combined Sources,0.929204,0.816245,0.943883
APTX,0.000000,0.000000,Combined Sources,0.929204,0.816245,0.943883
EXTL3,0.000000,0.000000,Combined Sources,0.929204,0.816245,0.943883
ZNF446,0.000000,0.000000,Combined Sources,0.929204,0.816245,0.943883
STK16,0.000000,0.000000,Combined Sources,0.929204,0.816245,0.943883
BMP8A,0.000000,0.000000,Combined Sources,0.929204,0.816245,0.943883
IFNAR1,0.000000,0.000000,Combined Sources,0.929204,0.816245,0.943883
ZNF254,0.000000,0.000000,Combined Sources,0.929204,0.816245,0.943883
IVD,0.000000,0.000000,Combined Sources,0.929204,0.816245,0.943883
OSBP,0.000000,0.000000,Combined Sources,0.929204,0.816245,0.943883
TTTY15,0.000000,0.000000,Combined Sources,0.929204,0.816245,0.943883
HNRNPM,0.000000,0.000000,Combined Sources,0.929204,0.816245,0.943883
ACVR2A,0.000000,0.000000,Combined Sources,0.929204,0.816245,0.943883
STOM,0.000000,0.000000,Combined Sources,0.929204,0.816245,0.943883
UBXN4,0.000000,0.000000,Combined Sources,0.929204,0.816245,0.943883
NUMA1,0.000000,0.000000,Combined Sources,0.929204,0.816245,0.943883
NMU,0.000000,0.000000,Combined Sources,0.929204,0.816245,0.943883
SCAPER,0.000000,0.000000,Combined Sources,0.929204,0.816245,0.943883
HEXIM1,0.000000,0.000000,Combined Sources,0.929204,0.816245,0.943883
HTATIP2,0.000000,0.000000,Combined Sources,0.929204,0.816245,0.943883
POMT1,0.000000,0.000000,Combined Sources,0.929204,0.816245,0.943883
RAB26,0.000000,0.000000,Combined Sources,0.929204,0.816245,0.943883
ZNF862,0.000000,0.000000,Combined Sources,0.929204,0.816245,0.943883
MEPCE,0.000000,0.000000,Combined Sources,0.929204,0.816245,0.943883
HLA-B,0.000000,0.000000,Combined Sources,0.929204,0.816245,0.943883
HAND2,0.000000,0.000000,Combined Sources,0.929204,0.816245,0.943883
FBXL4,0.000000,0.000000,Combined Sources,0.929204,0.816245,0.943883
MFSD12,0.000000,0.000000,Combined Sources,0.929204,0.816245,0.943883
ABHD8,0.000000,0.000000,Combined Sources,0.929204,0.816245,0.943883
HBE1,0.000000,0.000000,Combined Sources,0.929204,0.816245,0.943883
MAP6D1,0.000000,0.000000,Combined Sources,0.929204,0.816245,0.943883
ZNF91,0.000000,0.000000,Combined Sources,0.929204,0.816245,0.943883
CAPN11,0.000000,0.000000,Combined Sources,0.929204,0.816245,0.943883
MATN2,0.000000,0.000000,Combined Sources,0.929204,0.816245,0.943883
BCAP31,0.000000,0.000000,Combined Sources,0.929204,0.816245,0.943883
C8B,0.000000,0.000000,Combined Sources,0.929204,0.816245,0.943883
CDK2AP2,0.000000,0.000000,Combined Sources,0.929204,0.816245,0.943883
POU4F3,0.000000,0.000000,Combined Sources,0.929204,0.816245,0.943883
ZNF205,0.000000,0.000000,Combined Sources,0.929204,0.816245,0.943883
LPAR1,0.000000,0.000000,Combined Sources,0.929204,0.816245,0.943883
SEC22A,0.000000,0.000000,Combined Sources,0.929204,0.816245,0.943883
SRSF5,0.000000,0.000000,Combined Sources,0.929204,0.816245,0.943883
STX11,0.000000,0.000000,Combined Sources,0.929204,0.816245,0.943883
DOCK10,0.000000,0.000000,Combined Sources,0.929204,0.816245,0.943883
VPS26A,0.000000,0.000000,Combined Sources,0.929204,0.816245,0.943883
KLHL18,0.000000,0.000000,Combined Sources,0.929204,0.816245,0.943883
CCT2,0.000000,0.000000,Combined Sources,0.929204,0.816245,0.943883
GAMT,0.000000,0.000000,Combined Sources,0.929204,0.816245,0.943883
OSMR,0.000000,0.000000,Combined Sources,0.929204,0.816245,0.943883
RAB22A,0.000000,0.000000,Combined Sources,0.929204,0.816245,0.943883
TSC22D3,0.000000,0.000000,Combined Sources,0.929204,0.816245,0.943883
ACOT8,0.000000,0.000000,Combined Sources,0.929204,0.816245,0.943883
RS1,0.000000,0.000000,Combined Sources,0.929204,0.816245,0.943883
IL1RN,0.000000,0.000000,Combined Sources,0.929204,0.816245,0.943883
RSBN1,0.000000,0.000000,Combined Sources,0.929204,0.816245,0.943883
AKAP8L,0.000000,0.000000,Combined Sources,0.929204,0.816245,0.943883
MYF5,0.000000,0.000000,Combined Sources,0.929204,0.816245,0.943883
TFPT,0.000000,0.000000,Combined Sources,0.929204,0.816245,0.943883
RREB1,0.000000,0.000000,Combined Sources,0.929204,0.816245,0.943883
BIN1,0.000000,0.000000,Combined Sources,0.929204,0.816245,0.943883
ALPP,0.000000,0.000000,Combined Sources,0.929204,0.816245,0.943883
LSM5,0.000000,0.000000,Combined Sources,0.929204,0.816245,0.943883
ARPC1A,0.000000,0.000000,Combined Sources,0.929204,0.816245,0.943883
MTF1,0.000000,0.000000,Combined Sources,0.929204,0.816245,0.943883
RECK,0.000000,0.000000,Combined Sources,0.929204,0.816245,0.943883
KRT6A,0.000000,0.000000,Combined Sources,0.929204,0.816245,0.943883
ENTPD5,0.000000,0.000000,Combined Sources,0.929204,0.816245,0.943883
SMG9,0.000000,0.000000,Combined Sources,0.929204,0.816245,0.943883
MRPS18C,0.000000,0.000000,Combined Sources,0.929204,0.816245,0.943883
EPHA1,0.000000,0.000000,Combined Sources,0.929204,0.816245,0.943883
KRT36,0.000000,0.000000,Combined Sources,0.929204,0.816245,0.943883
TMEM214,0.000000,0.000000,Combined Sources,0.929204,0.816245,0.943883
ADAMTS8,0.000000,0.000000,Combined Sources,0.929204,0.816245,0.943883
PINK1,0.000000,0.000000,Combined Sources,0.929204,0.816245,0.943883
NAT8B,0.000000,0.000000,Combined Sources,0.929204,0.816245,0.943883
SETD1A,0.000000,0.000000,Combined Sources,0.929204,0.816245,0.943883
DNAJB2,0.000000,0.000000,Combined Sources,0.929204,0.816245,0.943883
DOHH,0.000000,0.000000,Combined Sources,0.929204,0.816245,0.943883
FEM1C,0.000000,0.000000,Combined Sources,0.929204,0.816245,0.943883
RPL22,0.000000,0.000000,Combined Sources,0.929204,0.816245,0.943883
PNPLA6,0.000000,0.000000,Combined Sources,0.929204,0.816245,0.943883
KCNH4,0.000000,0.000000,Combined Sources,0.929204,0.816245,0.943883
SUMO1,0.000000,0.000000,Combined Sources,0.929204,0.816245,0.943883
MOCOS,0.000000,0.000000,Combined Sources,0.929204,0.816245,0.943883
MAPK8IP2,0.000000,0.000000,Combined Sources,0.929204,0.816245,0.943883
COL21A1,0.000000,0.000000,Combined Sources,0.929204,0.816245,0.943883
LIN7C,0.000000,0.000000,Combined Sources,0.929204,0.816245,0.943883
SOX14,0.000000,0.000000,Combined Sources,0.929204,0.816245,0.943883
CEACAM4,0.000000,0.000000,Combined Sources,0.929204,0.816245,0.943883
PAXIP1,0.000000,0.000000,Combined Sources,0.929204,0.816245,0.943883
BAZ2A,0.000000,0.000000,Combined Sources,0.929204,0.816245,0.943883
ATP6V0A1,0.000000,0.000000,Combined Sources,0.929204,0.816245,0.943883
GRTP1,0.000000,0.000000,Combined Sources,0.929204,0.816245,0.943883
GMDS,0.000000,0.000000,Combined Sources,0.929204,0.816245,0.943883
ALAD,0.000000,0.000000,Combined Sources,0.929204,0.816245,0.943883
ATG14,0.000000,0.000000,Combined Sources,0.929204,0.816245,0.943883
KRCC1,0.000000,0.000000,Combined Sources,0.929204,0.816245,0.943883
HSF1,0.000000,0.000000,Combined Sources,0.929204,0.816245,0.943883
NASP,0.000000,0.000000,Combined Sources,0.929204,0.816245,0.943883
SERBP1,0.000000,0.000000,Combined Sources,0.929204,0.816245,0.943883
SLC25A37,0.000000,0.000000,Combined Sources,0.929204,0.816245,0.943883
SMYD2,0.000000,0.000000,Combined Sources,0.929204,0.816245,0.943883
CCNB1IP1,0.000000,0.000000,Combined Sources,0.929204,0.816245,0.943883
CCL18,0.000000,0.000000,Combined Sources,0.929204,0.816245,0.943883
MSL2,0.000000,0.000000,Combined Sources,0.929204,0.816245,0.943883
ADH1B,0.000000,0.000000,Combined Sources,0.929204,0.816245,0.943883
TMCO6,0.000000,0.000000,Combined Sources,0.929204,0.816245,0.943883
RNF208,0.000000,0.000000,Combined Sources,0.929204,0.816245,0.943883
IHH,0.000000,0.000000,Combined Sources,0.929204,0.816245,0.943883
CHMP2A,0.000000,0.000000,Combined Sources,0.929204,0.816245,0.943883
FRMD8,0.000000,0.000000,Combined Sources,0.929204,0.816245,0.943883
ANAPC10,0.000000,0.000000,Combined Sources,0.929204,0.816245,0.943883
GSTA3,0.000000,0.000000,Combined Sources,0.929204,0.816245,0.943883
MSX2,0.000000,0.000000,Combined Sources,0.929204,0.816245,0.943883
TFEC,0.000000,0.000000,Combined Sources,0.929204,0.816245,0.943883
ACP1,0.000000,0.000000,Combined Sources,0.929204,0.816245,0.943883
ETV4,0.000000,0.000000,Combined Sources,0.929204,0.816245,0.943883
HHLA2,0.000000,0.000000,Combined Sources,0.929204,0.816245,0.943883
DCTN1,0.000000,0.000000,Combined Sources,0.929204,0.816245,0.943883
CAPNS1,0.000000,0.000000,Combined Sources,0.929204,0.816245,0.943883
APBA1,0.000000,0.000000,Combined Sources,0.929204,0.816245,0.943883
E4F1,0.000000,0.000000,Combined Sources,0.929204,0.816245,0.943883
CBFB,0.000000,0.000000,Combined Sources,0.929204,0.816245,0.943883
NKX2-2,0.000000,0.000000,Combined Sources,0.929204,0.816245,0.943883
PLA2G7,0.000000,0.000000,Combined Sources,0.929204,0.816245,0.943883
SLC26A3,0.000000,0.000000,Combined Sources,0.929204,0.816245,0.943883
SRR,0.000000,0.000000,Combined Sources,0.929204,0.816245,0.943883
KIAA0586,0.000000,0.000000,Combined Sources,0.929204,0.816245,0.943883
CAMK1G,0.000000,0.000000,Combined Sources,0.929204,0.816245,0.943883
DDX4,0.000000,0.000000,Combined Sources,0.929204,0.816245,0.943883
SLCO1A2,0.000000,0.000000,Combined Sources,0.929204,0.816245,0.943883
TRIM3,0.000000,0.000000,Combined Sources,0.929204,0.816245,0.943883
NUBPL,0.000000,0.000000,Combined Sources,0.929204,0.816245,0.943883
CDK17,0.000000,0.000000,Combined Sources,0.929204,0.816245,0.943883
PCDH8,0.000000,0.000000,Combined Sources,0.929204,0.816245,0.943883
CHGB,0.000000,0.000000,Combined Sources,0.929204,0.816245,0.943883
ZNF768,0.000000,0.000000,Combined Sources,0.929204,0.816245,0.943883
ARNT,0.000000,0.000000,Combined Sources,0.929204,0.816245,0.943883
UBE2Z,0.000000,0.000000,Combined Sources,0.929204,0.816245,0.943883
SORBS2,0.000000,0.000000,Combined Sources,0.929204,0.816245,0.943883
PPP1R8,0.000000,0.000000,Combined Sources,0.929204,0.816245,0.943883
RPS6KB2,0.000000,0.000000,Combined Sources,0.929204,0.816245,0.943883
PCMT1,0.000000,0.000000,Combined Sources,0.929204,0.816245,0.943883
SLC35D1,0.000000,0.000000,Combined Sources,0.929204,0.816245,0.943883
TRIM28,0.000000,0.000000,Combined Sources,0.929204,0.816245,0.943883
LOC730101,0.000000,0.000000,Combined Sources,0.929204,0.816245,0.943883
ZBTB33,0.000000,0.000000,Combined Sources,0.929204,0.816245,0.943883
SLC17A4,0.000000,0.000000,Combined Sources,0.929204,0.816245,0.943883
EPS8L3,0.000000,0.000000,Combined Sources,0.929204,0.816245,0.943883
ACO2,0.000000,0.000000,Combined Sources,0.929204,0.816245,0.943883
DNASE2B,0.000000,0.000000,Combined Sources,0.929204,0.816245,0.943883
CRISP1,0.000000,0.000000,Combined Sources,0.929204,0.816245,0.943883
WDR83OS,0.000000,0.000000,Combined Sources,0.929204,0.816245,0.943883
ADAMTS13,0.000000,0.000000,Combined Sources,0.929204,0.816245,0.943883
PYROXD1,0.000000,0.000000,Combined Sources,0.929204,0.816245,0.943883
RFC5,0.000000,0.000000,Combined Sources,0.929204,0.816245,0.943883
DNAH9,0.000000,0.000000,Combined Sources,0.929204,0.816245,0.943883
CACNA2D2,0.000000,0.000000,Combined Sources,0.929204,0.816245,0.943883
PRR14,0.000000,0.000000,Combined Sources,0.929204,0.816245,0.943883
NDUFA1,0.000000,0.000000,Combined Sources,0.929204,0.816245,0.943883
FEM1B,0.000000,0.000000,Combined Sources,0.929204,0.816245,0.943883
CD34,0.000000,0.000000,Combined Sources,0.929204,0.816245,0.943883
PARD6B,0.000000,0.000000,Combined Sources,0.929204,0.816245,0.943883
EMILIN1,0.000000,0.000000,Combined Sources,0.929204,0.816245,0.943883
CREBZF,0.000000,0.000000,Combined Sources,0.929204,0.816245,0.943883
SSR4,0.000000,0.000000,Combined Sources,0.929204,0.816245,0.943883
VAT1,0.000000,0.000000,Combined Sources,0.929204,0.816245,0.943883
ADORA1,0.000000,0.000000,Combined Sources,0.929204,0.816245,0.943883
ZNF611,0.000000,0.000000,Combined Sources,0.929204,0.816245,0.943883
TOE1,0.000000,0.000000,Combined Sources,0.929204,0.816245,0.943883
FAM169A,0.000000,0.000000,Combined Sources,0.929204,0.816245,0.943883
GLRA2,0.000000,0.000000,Combined Sources,0.929204,0.816245,0.943883
STMN1,0.000000,0.000000,Combined Sources,0.929204,0.816245,0.943883
CLDN17,0.000000,0.000000,Combined Sources,0.929204,0.816245,0.943883
PRPF6,0.000000,0.000000,Combined Sources,0.929204,0.816245,0.943883
DYNC2LI1,0.000000,0.000000,Combined Sources,0.929204,0.816245,0.943883
JTB,0.000000,0.000000,Combined Sources,0.929204,0.816245,0.943883
JUP,0.000000,0.000000,Combined Sources,0.929204,0.816245,0.943883
MAGEA8,0.000000,0.000000,Combined Sources,0.929204,0.816245,0.943883
AQP3,0.000000,0.000000,Combined Sources,0.929204,0.816245,0.943883
SUB1,0.000000,0.000000,Combined Sources,0.929204,0.816245,0.943883
MGA,0.000000,0.000000,Combined Sources,0.929204,0.816245,0.943883
NEU2,0.000000,0.000000,Combined Sources,0.929204,0.816245,0.943883
FOXRED2,0.000000,0.000000,Combined Sources,0.929204,0.816245,0.943883
RGS9,0.000000,0.000000,Combined Sources,0.929204,0.816245,0.943883
IFRD2,0.000000,0.000000,Combined Sources,0.929204,0.816245,0.943883
RABGGTB,0.000000,0.000000,Combined Sources,0.929204,0.816245,0.943883
SNUPN,0.000000,0.000000,Combined Sources,0.929204,0.816245,0.943883
MCM3AP-AS1,0.000000,0.000000,Combined Sources,0.929204,0.816245,0.943883
LRIG1,0.000000,0.000000,Combined Sources,0.929204,0.816245,0.943883
MFAP3,0.000000,0.000000,Combined Sources,0.929204,0.816245,0.943883
CSRP2,0.000000,0.000000,Combined Sources,0.929204,0.816245,0.943883
ITGA2,0.000000,0.000000,Combined Sources,0.929204,0.816245,0.943883
PHLDB1,0.000000,0.000000,Combined Sources,0.929204,0.816245,0.943883
RASSF7,0.000000,0.000000,Combined Sources,0.929204,0.816245,0.943883
AGRP,0.000000,0.000000,Combined Sources,0.929204,0.816245,0.943883
FADS2,0.000000,0.000000,Combined Sources,0.929204,0.816245,0.943883
ZNF652,0.000000,0.000000,Combined Sources,0.929204,0.816245,0.943883
TOP2A,0.000000,0.000000,Combined Sources,0.929204,0.816245,0.943883
BBS1,0.000000,0.000000,Combined Sources,0.929204,0.816245,0.943883
SRP72,0.000000,0.000000,Combined Sources,0.929204,0.816245,0.943883
ARHGEF18,0.000000,0.000000,Combined Sources,0.929204,0.816245,0.943883
CCND1,0.000000,0.000000,Combined Sources,0.929204,0.816245,0.943883
APC,0.000000,0.000000,Combined Sources,0.929204,0.816245,0.943883
SAMHD1,0.000000,0.000000,Combined Sources,0.929204,0.816245,0.943883
MAPK3,0.000000,0.000000,Combined Sources,0.929204,0.816245,0.943883
SLCO1C1,0.000000,0.000000,Combined Sources,0.929204,0.816245,0.943883
RNASE3,0.000000,0.000000,Combined Sources,0.929204,0.816245,0.943883
L1CAM,0.000000,0.000000,Combined Sources,0.929204,0.816245,0.943883
DLEU1,0.000000,0.000000,Combined Sources,0.929204,0.816245,0.943883
LMF2,0.000000,0.000000,Combined Sources,0.929204,0.816245,0.943883
CCL19,0.000000,0.000000,Combined Sources,0.929204,0.816245,0.943883
ATP2C2,0.000000,0.000000,Combined Sources,0.929204,0.816245,0.943883
MAD2L1,0.000000,0.000000,Combined Sources,0.929204,0.816245,0.943883
SLC24A1,0.000000,0.000000,Combined Sources,0.929204,0.816245,0.943883
ETV5,0.000000,0.000000,Combined Sources,0.929204,0.816245,0.943883
LRP5L,0.000000,0.000000,Combined Sources,0.929204,0.816245,0.943883
ZNF195,0.000000,0.000000,Combined Sources,0.929204,0.816245,0.943883
ACOX3,0.000000,0.000000,Combined Sources,0.929204,0.816245,0.943883
SLC6A6,0.000000,0.000000,Combined Sources,0.929204,0.816245,0.943883
ATP6V1F,0.000000,0.000000,Combined Sources,0.929204,0.816245,0.943883
CHMP7,0.000000,0.000000,Combined Sources,0.929204,0.816245,0.943883
ACYP1,0.000000,0.000000,Combined Sources,0.929204,0.816245,0.943883
MYH2,0.000000,0.000000,Combined Sources,0.929204,0.816245,0.943883
PMPCB,0.000000,0.000000,Combined Sources,0.929204,0.816245,0.943883
CNTNAP1,0.000000,0.000000,Combined Sources,0.929204,0.816245,0.943883
GFRA4,0.000000,0.000000,Combined Sources,0.929204,0.816245,0.943883
CELF3,0.000000,0.000000,Combined Sources,0.929204,0.816245,0.943883
SREK1,0.000000,0.000000,Combined Sources,0.929204,0.816245,0.943883
TEAD3,0.000000,0.000000,Combined Sources,0.929204,0.816245,0.943883
KAZALD1,0.000000,0.000000,Combined Sources,0.929204,0.816245,0.943883
DNAJC3,0.000000,0.000000,Combined Sources,0.929204,0.816245,0.943883
GLS2,0.000000,0.000000,Combined Sources,0.929204,0.816245,0.943883
EIF4G1,0.000000,0.000000,Combined Sources,0.929204,0.816245,0.943883
TEX13B,0.000000,0.000000,Combined Sources,0.929204,0.816245,0.943883
KRT5,0.000000,0.000000,Combined Sources,0.929204,0.816245,0.943883
ENG,0.000000,0.000000,Combined Sources,0.929204,0.816245,0.943883
MPP2,0.000000,0.000000,Combined Sources,0.929204,0.816245,0.943883
DDX31,0.000000,0.000000,Combined Sources,0.929204,0.816245,0.943883
SRPRB,0.000000,0.000000,Combined Sources,0.929204,0.816245,0.943883
SPEN,0.000000,0.000000,Combined Sources,0.929204,0.816245,0.943883
BAAT,0.000000,0.000000,Combined Sources,0.929204,0.816245,0.943883
SERINC3,0.000000,0.000000,Combined Sources,0.929204,0.816245,0.943883
NR5A1,0.000000,0.000000,Combined Sources,0.929204,0.816245,0.943883
ZNF574,0.000000,0.000000,Combined Sources,0.929204,0.816245,0.943883
ANKRD7,0.000000,0.000000,Combined Sources,0.929204,0.816245,0.943883
SIGLEC6,0.000000,0.000000,Combined Sources,0.929204,0.816245,0.943883
FCHSD2,0.000000,0.000000,Combined Sources,0.929204,0.816245,0.943883
CLIP4,0.000000,0.000000,Combined Sources,0.929204,0.816245,0.943883
P2RX1,0.000000,0.000000,Combined Sources,0.929204,0.816245,0.943883
BTF3,0.000000,0.000000,Combined Sources,0.929204,0.816245,0.943883
STMN2,0.000000,0.000000,Combined Sources,0.929204,0.816245,0.943883
BLMH,0.000000,0.000000,Combined Sources,0.929204,0.816245,0.943883
SH2D3A,0.000000,0.000000,Combined Sources,0.929204,0.816245,0.943883
HMGB3,0.000000,0.000000,Combined Sources,0.929204,0.816245,0.943883
HR,0.000000,0.000000,Combined Sources,0.929204,0.816245,0.943883
ITIH2,0.000000,0.000000,Combined Sources,0.929204,0.816245,0.943883
TLE2,0.000000,0.000000,Combined Sources,0.929204,0.816245,0.943883
SUPT4H1,0.000000,0.000000,Combined Sources,0.929204,0.816245,0.943883
CCL7,0.000000,0.000000,Combined Sources,0.929204,0.816245,0.943883
GNB5,0.000000,0.000000,Combined Sources,0.929204,0.816245,0.943883
HSPB3,0.000000,0.000000,Combined Sources,0.929204,0.816245,0.943883
SULT1E1,0.000000,0.000000,Combined Sources,0.929204,0.816245,0.943883
UGCG,0.000000,0.000000,Combined Sources,0.929204,0.816245,0.943883
HOXA2,0.000000,0.000000,Combined Sources,0.929204,0.816245,0.943883
KDSR,0.000000,0.000000,Combined Sources,0.929204,0.816245,0.943883
CCDC86,0.000000,0.000000,Combined Sources,0.929204,0.816245,0.943883
FBXO38,0.000000,0.000000,Combined Sources,0.929204,0.816245,0.943883
CRYZL1,0.000000,0.000000,Combined Sources,0.929204,0.816245,0.943883
PPP2R5B,0.000000,0.000000,Combined Sources,0.929204,0.816245,0.943883
DSG3,0.000000,0.000000,Combined Sources,0.929204,0.816245,0.943883
TIE1,0.000000,0.000000,Combined Sources,0.929204,0.816245,0.943883
TAF1C,0.000000,0.000000,Combined Sources,0.929204,0.816245,0.943883
TIMM8A,0.000000,0.000000,Combined Sources,0.929204,0.816245,0.943883
IMP3,0.000000,0.000000,Combined Sources,0.929204,0.816245,0.943883
CHTOP,0.000000,0.000000,Combined Sources,0.929204,0.816245,0.943883
NDST1,0.000000,0.000000,Combined Sources,0.929204,0.816245,0.943883
CHERP,0.000000,0.000000,Combined Sources,0.929204,0.816245,0.943883
PIK3CD,0.000000,0.000000,Combined Sources,0.929204,0.816245,0.943883
SYBU,0.000000,0.000000,Combined Sources,0.929204,0.816245,0.943883
PLEKHF1,0.000000,0.000000,Combined Sources,0.929204,0.816245,0.943883
CDKL1,0.000000,0.000000,Combined Sources,0.929204,0.816245,0.943883
RBM3,0.000000,0.000000,Combined Sources,0.929204,0.816245,0.943883
NUP98,0.000000,0.000000,Combined Sources,0.929204,0.816245,0.943883
APOL3,0.000000,0.000000,Combined Sources,0.929204,0.816245,0.943883
CYP39A1,0.000000,0.000000,Combined Sources,0.929204,0.816245,0.943883
EDF1,0.000000,0.000000,Combined Sources,0.929204,0.816245,0.943883
INSL6,0.000000,0.000000,Combined Sources,0.929204,0.816245,0.943883
DGCR8,0.000000,0.000000,Combined Sources,0.929204,0.816245,0.943883
SRGN,0.000000,0.000000,Combined Sources,0.929204,0.816245,0.943883
ME1,0.000000,0.000000,Combined Sources,0.929204,0.816245,0.943883
VIPR2,0.000000,0.000000,Combined Sources,0.929204,0.816245,0.943883
ABCC1,0.000000,0.000000,Combined Sources,0.929204,0.816245,0.943883
PRUNE2,0.000000,0.000000,Combined Sources,0.929204,0.816245,0.943883
OLA1,0.000000,0.000000,Combined Sources,0.929204,0.816245,0.943883
AKIP1,0.000000,0.000000,Combined Sources,0.929204,0.816245,0.943883
HINFP,0.000000,0.000000,Combined Sources,0.929204,0.816245,0.943883
EDDM3A,0.000000,0.000000,Combined Sources,0.929204,0.816245,0.943883
ITGA2B,0.000000,0.000000,Combined Sources,0.929204,0.816245,0.943883
LAPTM5,0.000000,0.000000,Combined Sources,0.929204,0.816245,0.943883
FOSB,0.000000,0.000000,Combined Sources,0.929204,0.816245,0.943883
APOL5,0.000000,0.000000,Combined Sources,0.929204,0.816245,0.943883
EED,0.000000,0.000000,Combined Sources,0.929204,0.816245,0.943883
CLK1,0.000000,0.000000,Combined Sources,0.929204,0.816245,0.943883
EMG1,0.000000,0.000000,Combined Sources,0.929204,0.816245,0.943883
P2RX5,0.000000,0.000000,Combined Sources,0.929204,0.816245,0.943883
HTR2A,0.000000,0.000000,Combined Sources,0.929204,0.816245,0.943883
MYO5C,0.000000,0.000000,Combined Sources,0.929204,0.816245,0.943883
IRF2BP1,0.000000,0.000000,Combined Sources,0.929204,0.816245,0.943883
WNT1,0.000000,0.000000,Combined Sources,0.929204,0.816245,0.943883
HAUS7,0.000000,0.000000,Combined Sources,0.929204,0.816245,0.943883
CXCL13,0.000000,0.000000,Combined Sources,0.929204,0.816245,0.943883
EIF4G3,0.000000,0.000000,Combined Sources,0.929204,0.816245,0.943883
TREH,0.000000,0.000000,Combined Sources,0.929204,0.816245,0.943883
SCN4A,0.000000,0.000000,Combined Sources,0.929204,0.816245,0.943883
MRPL2,0.000000,0.000000,Combined Sources,0.929204,0.816245,0.943883
RORA,0.000000,0.000000,Combined Sources,0.929204,0.816245,0.943883
CRISPLD2,0.000000,0.000000,Combined Sources,0.929204,0.816245,0.943883
DCTD,0.000000,0.000000,Combined Sources,0.929204,0.816245,0.943883
KRT16,0.000000,0.000000,Combined Sources,0.929204,0.816245,0.943883
TH,0.000000,0.000000,Combined Sources,0.929204,0.816245,0.943883
A4GALT,0.000000,0.000000,Combined Sources,0.929204,0.816245,0.943883
POLR1D,0.000000,0.000000,Combined Sources,0.929204,0.816245,0.943883
PITPNM1,0.000000,0.000000,Combined Sources,0.929204,0.816245,0.943883
NOSIP,0.000000,0.000000,Combined Sources,0.929204,0.816245,0.943883
ITIH3,0.000000,0.000000,Combined Sources,0.929204,0.816245,0.943883
FAM124B,0.000000,0.000000,Combined Sources,0.929204,0.816245,0.943883
IL36RN,0.000000,0.000000,Combined Sources,0.929204,0.816245,0.943883
RPL36,0.000000,0.000000,Combined Sources,0.929204,0.816245,0.943883
NRAP,0.000000,0.000000,Combined Sources,0.929204,0.816245,0.943883
PLK3,0.000000,0.000000,Combined Sources,0.929204,0.816245,0.943883
PRSS16,0.000000,0.000000,Combined Sources,0.929204,0.816245,0.943883
TUBAL3,0.000000,0.000000,Combined Sources,0.929204,0.816245,0.943883
NEIL1,0.000000,0.000000,Combined Sources,0.929204,0.816245,0.943883
TUBA1C,0.000000,0.000000,Combined Sources,0.929204,0.816245,0.943883
FGG,0.000000,0.000000,Combined Sources,0.929204,0.816245,0.943883
PGP,0.000000,0.000000,Combined Sources,0.929204,0.816245,0.943883
IMPG2,0.000000,0.000000,Combined Sources,0.929204,0.816245,0.943883
TYW1,0.000000,0.000000,Combined Sources,0.929204,0.816245,0.943883
AICDA,0.000000,0.000000,Combined Sources,0.929204,0.816245,0.943883
PTTG1IP,0.000000,0.000000,Combined Sources,0.929204,0.816245,0.943883
SUCLG2,0.000000,0.000000,Combined Sources,0.929204,0.816245,0.943883
COCH,0.000000,0.000000,Combined Sources,0.929204,0.816245,0.943883
BBX,0.000000,0.000000,Combined Sources,0.929204,0.816245,0.943883
TPP1,0.000000,0.000000,Combined Sources,0.929204,0.816245,0.943883
S100A12,0.000000,0.000000,Combined Sources,0.929204,0.816245,0.943883
ANKRD34C,0.000000,0.000000,Combined Sources,0.929204,0.816245,0.943883
SCARB2,0.000000,0.000000,Combined Sources,0.929204,0.816245,0.943883
MFN1,0.000000,0.000000,Combined Sources,0.929204,0.816245,0.943883
NCOR1,0.000000,0.000000,Combined Sources,0.929204,0.816245,0.943883
GPD2,0.000000,0.000000,Combined Sources,0.929204,0.816245,0.943883
ZNF580,0.000000,0.000000,Combined Sources,0.929204,0.816245,0.943883
KANK2,0.000000,0.000000,Combined Sources,0.929204,0.816245,0.943883
STAT6,0.000000,0.000000,Combined Sources,0.929204,0.816245,0.943883
ZNF80,0.000000,0.000000,Combined Sources,0.929204,0.816245,0.943883
HGC6.3,0.000000,0.000000,Combined Sources,0.929204,0.816245,0.943883
CLEC5A,0.000000,0.000000,Combined Sources,0.929204,0.816245,0.943883
SLC2A4,0.000000,0.000000,Combined Sources,0.929204,0.816245,0.943883
HSPA6,0.000000,0.000000,Combined Sources,0.929204,0.816245,0.943883
VNN2,0.000000,0.000000,Combined Sources,0.929204,0.816245,0.943883
KCND1,0.000000,0.000000,Combined Sources,0.929204,0.816245,0.943883
DCPS,0.000000,0.000000,Combined Sources,0.929204,0.816245,0.943883
EIF3K,0.000000,0.000000,Combined Sources,0.929204,0.816245,0.943883
SEC31B,0.000000,0.000000,Combined Sources,0.929204,0.816245,0.943883
HPGD,0.000000,0.000000,Combined Sources,0.929204,0.816245,0.943883
TSPYL2,0.000000,0.000000,Combined Sources,0.929204,0.816245,0.943883
G6PD,0.000000,0.000000,Combined Sources,0.929204,0.816245,0.943883
F3,0.000000,0.000000,Combined Sources,0.929204,0.816245,0.943883
WDR76,0.000000,0.000000,Combined Sources,0.929204,0.816245,0.943883
SEC14L1,0.000000,0.000000,Combined Sources,0.929204,0.816245,0.943883
ECHDC2,0.000000,0.000000,Combined Sources,0.929204,0.816245,0.943883
CA3,0.000000,0.000000,Combined Sources,0.929204,0.816245,0.943883
LRRC49,0.000000,0.000000,Combined Sources,0.929204,0.816245,0.943883
PI4K2A,0.000000,0.000000,Combined Sources,0.929204,0.816245,0.943883
SERHL2,0.000000,0.000000,Combined Sources,0.929204,0.816245,0.943883
IGFBP2,0.000000,0.000000,Combined Sources,0.929204,0.816245,0.943883
C2CD2L,0.000000,0.000000,Combined Sources,0.929204,0.816245,0.943883
ASB4,0.000000,0.000000,Combined Sources,0.929204,0.816245,0.943883
NDE1,0.000000,0.000000,Combined Sources,0.929204,0.816245,0.943883
TMEM8B,0.000000,0.000000,Combined Sources,0.929204,0.816245,0.943883
E2F1,0.000000,0.000000,Combined Sources,0.929204,0.816245,0.943883
CNN2,0.000000,0.000000,Combined Sources,0.929204,0.816245,0.943883
NYNRIN,0.000000,0.000000,Combined Sources,0.929204,0.816245,0.943883
HTR1B,0.000000,0.000000,Combined Sources,0.929204,0.816245,0.943883
PUF60,0.000000,0.000000,Combined Sources,0.929204,0.816245,0.943883
RPGR,0.000000,0.000000,Combined Sources,0.929204,0.816245,0.943883
URM1,0.000000,0.000000,Combined Sources,0.929204,0.816245,0.943883
ZNF816,0.000000,0.000000,Combined Sources,0.929204,0.816245,0.943883
MSH4,0.000000,0.000000,Combined Sources,0.929204,0.816245,0.943883
NME5,0.000000,0.000000,Combined Sources,0.929204,0.816245,0.943883
LRP12,0.000000,0.000000,Combined Sources,0.929204,0.816245,0.943883
PELP1,0.000000,0.000000,Combined Sources,0.929204,0.816245,0.943883
NCAN,0.000000,0.000000,Combined Sources,0.929204,0.816245,0.943883
HNRNPU,0.000000,0.000000,Combined Sources,0.929204,0.816245,0.943883
TMED9,0.000000,0.000000,Combined Sources,0.929204,0.816245,0.943883
OCA2,0.000000,0.000000,Combined Sources,0.929204,0.816245,0.943883
CD96,0.000000,0.000000,Combined Sources,0.929204,0.816245,0.943883
XIAP,0.000000,0.000000,Combined Sources,0.929204,0.816245,0.943883
COL5A1,0.000000,0.000000,Combined Sources,0.929204,0.816245,0.943883
PAAF1,0.000000,0.000000,Combined Sources,0.929204,0.816245,0.943883
SCN3B,0.000000,0.000000,Combined Sources,0.929204,0.816245,0.943883
PTN,0.000000,0.000000,Combined Sources,0.929204,0.816245,0.943883
TTC12,0.000000,0.000000,Combined Sources,0.929204,0.816245,0.943883
TMEM47,0.000000,0.000000,Combined Sources,0.929204,0.816245,0.943883
HSPA4,0.000000,0.000000,Combined Sources,0.929204,0.816245,0.943883
MAEA,0.000000,0.000000,Combined Sources,0.929204,0.816245,0.943883
EGLN1,0.000000,0.000000,Combined Sources,0.929204,0.816245,0.943883
ADGB,0.000000,0.000000,Combined Sources,0.929204,0.816245,0.943883
ANO3,0.000000,0.000000,Combined Sources,0.929204,0.816245,0.943883
FAIM2,0.000000,0.000000,Combined Sources,0.929204,0.816245,0.943883
RAD21,0.000000,0.000000,Combined Sources,0.929204,0.816245,0.943883
SMYD3,0.000000,0.000000,Combined Sources,0.929204,0.816245,0.943883
IRS1,0.000000,0.000000,Combined Sources,0.929204,0.816245,0.943883
HTR2C,0.000000,0.000000,Combined Sources,0.929204,0.816245,0.943883
RDH11,0.000000,0.000000,Combined Sources,0.929204,0.816245,0.943883
KIDINS220,0.000000,0.000000,Combined Sources,0.929204,0.816245,0.943883
IFI16,0.000000,0.000000,Combined Sources,0.929204,0.816245,0.943883
IRF9,0.000000,0.000000,Combined Sources,0.929204,0.816245,0.943883
AKAP6,0.000000,0.000000,Combined Sources,0.929204,0.816245,0.943883
RCHY1,0.000000,0.000000,Combined Sources,0.929204,0.816245,0.943883
SLC16A4,0.000000,0.000000,Combined Sources,0.929204,0.816245,0.943883
SRSF2,0.000000,0.000000,Combined Sources,0.929204,0.816245,0.943883
ART1,0.000000,0.000000,Combined Sources,0.929204,0.816245,0.943883
PUM1,0.000000,0.000000,Combined Sources,0.929204,0.816245,0.943883
APOD,0.000000,0.000000,Combined Sources,0.929204,0.816245,0.943883
NFX1,0.000000,0.000000,Combined Sources,0.929204,0.816245,0.943883
ARHGAP15,0.000000,0.000000,Combined Sources,0.929204,0.816245,0.943883
SLC2A6,0.000000,0.000000,Combined Sources,0.929204,0.816245,0.943883
INO80D,0.000000,0.000000,Combined Sources,0.929204,0.816245,0.943883
PROP1,0.000000,0.000000,Combined Sources,0.929204,0.816245,0.943883
PALMD,0.000000,0.000000,Combined Sources,0.929204,0.816245,0.943883
PIAS4,0.000000,0.000000,Combined Sources,0.929204,0.816245,0.943883
ARSF,0.000000,0.000000,Combined Sources,0.929204,0.816245,0.943883
HS3ST2,0.000000,0.000000,Combined Sources,0.929204,0.816245,0.943883
COL11A2,0.000000,0.000000,Combined Sources,0.929204,0.816245,0.943883
SEC24B,0.000000,0.000000,Combined Sources,0.929204,0.816245,0.943883
PPAN,0.000000,0.000000,Combined Sources,0.929204,0.816245,0.943883
SATB1,0.000000,0.000000,Combined Sources,0.929204,0.816245,0.943883
SLC9A1,0.000000,0.000000,Combined Sources,0.929204,0.816245,0.943883
MAP2K4,0.000000,0.000000,Combined Sources,0.929204,0.816245,0.943883
HGFAC,0.000000,0.000000,Combined Sources,0.929204,0.816245,0.943883
SHOC2,0.000000,0.000000,Combined Sources,0.929204,0.816245,0.943883
KIAA0232,0.000000,0.000000,Combined Sources,0.929204,0.816245,0.943883
ATP6V1H,0.000000,0.000000,Combined Sources,0.929204,0.816245,0.943883
HP,0.000000,0.000000,Combined Sources,0.929204,0.816245,0.943883
OLFM1,0.000000,0.000000,Combined Sources,0.929204,0.816245,0.943883
PRB1,0.000000,0.000000,Combined Sources,0.929204,0.816245,0.943883
ACVR2B,0.000000,0.000000,Combined Sources,0.929204,0.816245,0.943883
CGA,0.000000,0.000000,Combined Sources,0.929204,0.816245,0.943883
NIPSNAP3B,0.000000,0.000000,Combined Sources,0.929204,0.816245,0.943883
NDUFA9,0.000000,0.000000,Combined Sources,0.929204,0.816245,0.943883
SRD5A2,0.000000,0.000000,Combined Sources,0.929204,0.816245,0.943883
FBXO5,0.000000,0.000000,Combined Sources,0.929204,0.816245,0.943883
KCNA5,0.000000,0.000000,Combined Sources,0.929204,0.816245,0.943883
LPIN2,0.000000,0.000000,Combined Sources,0.929204,0.816245,0.943883
IRAK1,0.000000,0.000000,Combined Sources,0.929204,0.816245,0.943883
FUT9,0.000000,0.000000,Combined Sources,0.929204,0.816245,0.943883
KCNN3,0.000000,0.000000,Combined Sources,0.929204,0.816245,0.943883
ATP8B4,0.000000,0.000000,Combined Sources,0.929204,0.816245,0.943883
LRRC2,0.000000,0.000000,Combined Sources,0.929204,0.816245,0.943883
HOXC13,0.000000,0.000000,Combined Sources,0.929204,0.816245,0.943883
THUMPD1,0.000000,0.000000,Combined Sources,0.929204,0.816245,0.943883
MAP3K5,0.000000,0.000000,Combined Sources,0.929204,0.816245,0.943883
NOP14,0.000000,0.000000,Combined Sources,0.929204,0.816245,0.943883
PKP4,0.000000,0.000000,Combined Sources,0.929204,0.816245,0.943883
FOLH1,0.000000,0.000000,Combined Sources,0.929204,0.816245,0.943883
RP2,0.000000,0.000000,Combined Sources,0.929204,0.816245,0.943883
PLXNA1,0.000000,0.000000,Combined Sources,0.929204,0.816245,0.943883
COPS4,0.000000,0.000000,Combined Sources,0.929204,0.816245,0.943883
EIF4E2,0.000000,0.000000,Combined Sources,0.929204,0.816245,0.943883
YAF2,0.000000,0.000000,Combined Sources,0.929204,0.816245,0.943883
DYRK1A,0.000000,0.000000,Combined Sources,0.929204,0.816245,0.943883
DPF1,0.000000,0.000000,Combined Sources,0.929204,0.816245,0.943883
TNNT3,0.000000,0.000000,Combined Sources,0.929204,0.816245,0.943883
DPY19L1,0.000000,0.000000,Combined Sources,0.929204,0.816245,0.943883
PSMB10,0.000000,0.000000,Combined Sources,0.929204,0.816245,0.943883
KCNS3,0.000000,0.000000,Combined Sources,0.929204,0.816245,0.943883
KLF12,0.000000,0.000000,Combined Sources,0.929204,0.816245,0.943883
CUL5,0.000000,0.000000,Combined Sources,0.929204,0.816245,0.943883
FAIM,0.000000,0.000000,Combined Sources,0.929204,0.816245,0.943883
PNMA2,0.000000,0.000000,Combined Sources,0.929204,0.816245,0.943883
S100PBP,0.000000,0.000000,Combined Sources,0.929204,0.816245,0.943883
KATNB1,0.000000,0.000000,Combined Sources,0.929204,0.816245,0.943883
FLT4,0.000000,0.000000,Combined Sources,0.929204,0.816245,0.943883
SFSWAP,0.000000,0.000000,Combined Sources,0.929204,0.816245,0.943883
SAP30,0.000000,0.000000,Combined Sources,0.929204,0.816245,0.943883
ZMYM2,0.000000,0.000000,Combined Sources,0.929204,0.816245,0.943883
IL12RB2,0.000000,0.000000,Combined Sources,0.929204,0.816245,0.943883
COL8A1,0.000000,0.000000,Combined Sources,0.929204,0.816245,0.943883
PPIH,0.000000,0.000000,Combined Sources,0.929204,0.816245,0.943883
CIC,0.000000,0.000000,Combined Sources,0.929204,0.816245,0.943883
TAS2R1,0.000000,0.000000,Combined Sources,0.929204,0.816245,0.943883
HEBP1,0.000000,0.000000,Combined Sources,0.929204,0.816245,0.943883
LMAN1L,0.000000,0.000000,Combined Sources,0.929204,0.816245,0.943883
PCDHGA11,0.000000,0.000000,Combined Sources,0.929204,0.816245,0.943883
FRYL,0.000000,0.000000,Combined Sources,0.929204,0.816245,0.943883
TNNT2,0.000000,0.000000,Combined Sources,0.929204,0.816245,0.943883
PPIL6,0.000000,0.000000,Combined Sources,0.929204,0.816245,0.943883
TLR3,0.000000,0.000000,Combined Sources,0.929204,0.816245,0.943883
SAMD4A,0.000000,0.000000,Combined Sources,0.929204,0.816245,0.943883
STC2,0.000000,0.000000,Combined Sources,0.929204,0.816245,0.943883
OAZ1,0.000000,0.000000,Combined Sources,0.929204,0.816245,0.943883
ADAP1,0.000000,0.000000,Combined Sources,0.929204,0.816245,0.943883
LCP2,0.000000,0.000000,Combined Sources,0.929204,0.816245,0.943883
DHRS9,0.000000,0.000000,Combined Sources,0.929204,0.816245,0.943883
PPP1CA,0.000000,0.000000,Combined Sources,0.929204,0.816245,0.943883
IDH3G,0.000000,0.000000,Combined Sources,0.929204,0.816245,0.943883
NR1H2,0.000000,0.000000,Combined Sources,0.929204,0.816245,0.943883
CRYGA,0.000000,0.000000,Combined Sources,0.929204,0.816245,0.943883
DNAJC22,0.000000,0.000000,Combined Sources,0.929204,0.816245,0.943883
ADCY1,0.000000,0.000000,Combined Sources,0.929204,0.816245,0.943883
MYBPC3,0.000000,0.000000,Combined Sources,0.929204,0.816245,0.943883
TCEANC2,0.000000,0.000000,Combined Sources,0.929204,0.816245,0.943883
AIM2,0.000000,0.000000,Combined Sources,0.929204,0.816245,0.943883
DYRK2,0.000000,0.000000,Combined Sources,0.929204,0.816245,0.943883
FHOD1,0.000000,0.000000,Combined Sources,0.929204,0.816245,0.943883
ELOVL4,0.000000,0.000000,Combined Sources,0.929204,0.816245,0.943883
UBE2E1,0.000000,0.000000,Combined Sources,0.929204,0.816245,0.943883
DPP4,0.000000,0.000000,Combined Sources,0.929204,0.816245,0.943883
SKP1,0.000000,0.000000,Combined Sources,0.929204,0.816245,0.943883
FZD2,0.000000,0.000000,Combined Sources,0.929204,0.816245,0.943883
LRP2BP,0.000000,0.000000,Combined Sources,0.929204,0.816245,0.943883
CA5A,0.000000,0.000000,Combined Sources,0.929204,0.816245,0.943883
CHRNA6,0.000000,0.000000,Combined Sources,0.929204,0.816245,0.943883
PARP11,0.000000,0.000000,Combined Sources,0.929204,0.816245,0.943883
CCDC70,0.000000,0.000000,Combined Sources,0.929204,0.816245,0.943883
SMARCB1,0.000000,0.000000,Combined Sources,0.929204,0.816245,0.943883
BRCA2,0.000000,0.000000,Combined Sources,0.929204,0.816245,0.943883
ZNF16,0.000000,0.000000,Combined Sources,0.929204,0.816245,0.943883
BBS10,0.000000,0.000000,Combined Sources,0.929204,0.816245,0.943883
PCMTD2,0.000000,0.000000,Combined Sources,0.929204,0.816245,0.943883
GLIPR1,0.000000,0.000000,Combined Sources,0.929204,0.816245,0.943883
CD79B,0.000000,0.000000,Combined Sources,0.929204,0.816245,0.943883
RANGRF,0.000000,0.000000,Combined Sources,0.929204,0.816245,0.943883
CDC25B,0.000000,0.000000,Combined Sources,0.929204,0.816245,0.943883
TECPR2,0.000000,0.000000,Combined Sources,0.929204,0.816245,0.943883
CYP7B1,0.000000,0.000000,Combined Sources,0.929204,0.816245,0.943883
IFI44L,0.000000,0.000000,Combined Sources,0.929204,0.816245,0.943883
NDST2,0.000000,0.000000,Combined Sources,0.929204,0.816245,0.943883
MT3,0.000000,0.000000,Combined Sources,0.929204,0.816245,0.943883
LGALS2,0.000000,0.000000,Combined Sources,0.929204,0.816245,0.943883
MYOZ3,0.000000,0.000000,Combined Sources,0.929204,0.816245,0.943883
E2F4,0.000000,0.000000,Combined Sources,0.929204,0.816245,0.943883
ZNF783,0.000000,0.000000,Combined Sources,0.929204,0.816245,0.943883
JMJD7,0.000000,0.000000,Combined Sources,0.929204,0.816245,0.943883
CALCB,0.000000,0.000000,Combined Sources,0.929204,0.816245,0.943883
CTNNBL1,0.000000,0.000000,Combined Sources,0.929204,0.816245,0.943883
DYNLT3,0.000000,0.000000,Combined Sources,0.929204,0.816245,0.943883
IPO13,0.000000,0.000000,Combined Sources,0.929204,0.816245,0.943883
ZNF592,0.000000,0.000000,Combined Sources,0.929204,0.816245,0.943883
INA,0.000000,0.000000,Combined Sources,0.929204,0.816245,0.943883
UGT8,0.000000,0.000000,Combined Sources,0.929204,0.816245,0.943883
MMD,0.000000,0.000000,Combined Sources,0.929204,0.816245,0.943883
GFOD1,0.000000,0.000000,Combined Sources,0.929204,0.816245,0.943883
MDM1,0.000000,0.000000,Combined Sources,0.929204,0.816245,0.943883
SNRPA,0.000000,0.000000,Combined Sources,0.929204,0.816245,0.943883
PRR3,0.000000,0.000000,Combined Sources,0.929204,0.816245,0.943883
PABPC3,0.000000,0.000000,Combined Sources,0.929204,0.816245,0.943883
BNIP2,0.000000,0.000000,Combined Sources,0.929204,0.816245,0.943883
USP27X,0.000000,0.000000,Combined Sources,0.929204,0.816245,0.943883
CA7,0.000000,0.000000,Combined Sources,0.929204,0.816245,0.943883
PTGES2,0.000000,0.000000,Combined Sources,0.929204,0.816245,0.943883
KDR,0.000000,0.000000,Combined Sources,0.929204,0.816245,0.943883
PSG2,0.000000,0.000000,Combined Sources,0.929204,0.816245,0.943883
MAP3K8,0.000000,0.000000,Combined Sources,0.929204,0.816245,0.943883
CPT1A,0.000000,0.000000,Combined Sources,0.929204,0.816245,0.943883
EPHB3,0.000000,0.000000,Combined Sources,0.929204,0.816245,0.943883
RAMP1,0.000000,0.000000,Combined Sources,0.929204,0.816245,0.943883
RAB15,0.000000,0.000000,Combined Sources,0.929204,0.816245,0.943883
GRK5,0.000000,0.000000,Combined Sources,0.929204,0.816245,0.943883
ZC3HAV1,0.000000,0.000000,Combined Sources,0.929204,0.816245,0.943883
KCNN2,0.000000,0.000000,Combined Sources,0.929204,0.816245,0.943883
PDE10A,0.000000,0.000000,Combined Sources,0.929204,0.816245,0.943883
ERI3,0.000000,0.000000,Combined Sources,0.929204,0.816245,0.943883
GPR153,0.000000,0.000000,Combined Sources,0.929204,0.816245,0.943883
CETN2,0.000000,0.000000,Combined Sources,0.929204,0.816245,0.943883
RASL11B,0.000000,0.000000,Combined Sources,0.929204,0.816245,0.943883
GNS,0.000000,0.000000,Combined Sources,0.929204,0.816245,0.943883
MCM3,0.000000,0.000000,Combined Sources,0.929204,0.816245,0.943883
PDE6A,0.000000,0.000000,Combined Sources,0.929204,0.816245,0.943883
TRAPPC6A,0.000000,0.000000,Combined Sources,0.929204,0.816245,0.943883
COPS7A,0.000000,0.000000,Combined Sources,0.929204,0.816245,0.943883
TP53I3,0.000000,0.000000,Combined Sources,0.929204,0.816245,0.943883
NDUFA5,0.000000,0.000000,Combined Sources,0.929204,0.816245,0.943883
IL2RA,0.000000,0.000000,Combined Sources,0.929204,0.816245,0.943883
LENEP,0.000000,0.000000,Combined Sources,0.929204,0.816245,0.943883
TRPA1,0.000000,0.000000,Combined Sources,0.929204,0.816245,0.943883
HAGH,0.000000,0.000000,Combined Sources,0.929204,0.816245,0.943883
FPR2,0.000000,0.000000,Combined Sources,0.929204,0.816245,0.943883
TTI2,0.000000,0.000000,Combined Sources,0.929204,0.816245,0.943883
ORC1,0.000000,0.000000,Combined Sources,0.929204,0.816245,0.943883
POU3F4,0.000000,0.000000,Combined Sources,0.929204,0.816245,0.943883
RFPL2,0.000000,0.000000,Combined Sources,0.929204,0.816245,0.943883
DCHS1,0.000000,0.000000,Combined Sources,0.929204,0.816245,0.943883
S100G,0.000000,0.000000,Combined Sources,0.929204,0.816245,0.943883
TUFM,0.000000,0.000000,Combined Sources,0.929204,0.816245,0.943883
BAG6,0.000000,0.000000,Combined Sources,0.929204,0.816245,0.943883
PGLYRP4,0.000000,0.000000,Combined Sources,0.929204,0.816245,0.943883
GLRX2,0.000000,0.000000,Combined Sources,0.929204,0.816245,0.943883
GSTZ1,0.000000,0.000000,Combined Sources,0.929204,0.816245,0.943883
SLC14A2,0.000000,0.000000,Combined Sources,0.929204,0.816245,0.943883
HLA-DPA1,0.000000,0.000000,Combined Sources,0.929204,0.816245,0.943883
APLP2,0.000000,0.000000,Combined Sources,0.929204,0.816245,0.943883
AKR1C1,0.000000,0.000000,Combined Sources,0.929204,0.816245,0.943883
EDIL3,0.000000,0.000000,Combined Sources,0.929204,0.816245,0.943883
CDHR5,0.000000,0.000000,Combined Sources,0.929204,0.816245,0.943883
HOXC10,0.000000,0.000000,Combined Sources,0.929204,0.816245,0.943883
MMP3,0.000000,0.000000,Combined Sources,0.929204,0.816245,0.943883
C7,0.000000,0.000000,Combined Sources,0.929204,0.816245,0.943883
METAP1,0.000000,0.000000,Combined Sources,0.929204,0.816245,0.943883
SORBS3,0.000000,0.000000,Combined Sources,0.929204,0.816245,0.943883
IPCEF1,0.000000,0.000000,Combined Sources,0.929204,0.816245,0.943883
DEF6,0.000000,0.000000,Combined Sources,0.929204,0.816245,0.943883
FBXL6,0.000000,0.000000,Combined Sources,0.929204,0.816245,0.943883
ZNF428,0.000000,0.000000,Combined Sources,0.929204,0.816245,0.943883
ABCG4,0.000000,0.000000,Combined Sources,0.929204,0.816245,0.943883
CREB5,0.000000,0.000000,Combined Sources,0.929204,0.816245,0.943883
TAS2R13,0.000000,0.000000,Combined Sources,0.929204,0.816245,0.943883
CD247,0.000000,0.000000,Combined Sources,0.929204,0.816245,0.943883
ATP6V1A,0.000000,0.000000,Combined Sources,0.929204,0.816245,0.943883
ATP1B1,0.000000,0.000000,Combined Sources,0.929204,0.816245,0.943883
GNG12,0.000000,0.000000,Combined Sources,0.929204,0.816245,0.943883
TNFRSF12A,0.000000,0.000000,Combined Sources,0.929204,0.816245,0.943883
ZMYM5,0.000000,0.000000,Combined Sources,0.929204,0.816245,0.943883
CXCR5,0.000000,0.000000,Combined Sources,0.929204,0.816245,0.943883
IGBP1,0.000000,0.000000,Combined Sources,0.929204,0.816245,0.943883
PTPRN2,0.000000,0.000000,Combined Sources,0.929204,0.816245,0.943883
S100A4,0.000000,0.000000,Combined Sources,0.929204,0.816245,0.943883
SMARCA1,0.000000,0.000000,Combined Sources,0.929204,0.816245,0.943883
ADAMTS2,0.000000,0.000000,Combined Sources,0.929204,0.816245,0.943883
ATP6V0C,0.000000,0.000000,Combined Sources,0.929204,0.816245,0.943883
LBX1,0.000000,0.000000,Combined Sources,0.929204,0.816245,0.943883
ZNF358,0.000000,0.000000,Combined Sources,0.929204,0.816245,0.943883
CYP4F12,0.000000,0.000000,Combined Sources,0.929204,0.816245,0.943883
DYNC1H1,0.000000,0.000000,Combined Sources,0.929204,0.816245,0.943883
CDK5R2,0.000000,0.000000,Combined Sources,0.929204,0.816245,0.943883
RBKS,0.000000,0.000000,Combined Sources,0.929204,0.816245,0.943883
POFUT1,0.000000,0.000000,Combined Sources,0.929204,0.816245,0.943883
HPCAL4,0.000000,0.000000,Combined Sources,0.929204,0.816245,0.943883
CAMSAP1,0.000000,0.000000,Combined Sources,0.929204,0.816245,0.943883
CMPK1,0.000000,0.000000,Combined Sources,0.929204,0.816245,0.943883
PATZ1,0.000000,0.000000,Combined Sources,0.929204,0.816245,0.943883
HMGB3P1,0.000000,0.000000,Combined Sources,0.929204,0.816245,0.943883
DTNA,0.000000,0.000000,Combined Sources,0.929204,0.816245,0.943883
KCNJ12,0.000000,0.000000,Combined Sources,0.929204,0.816245,0.943883
VPS37C,0.000000,0.000000,Combined Sources,0.929204,0.816245,0.943883
PDPN,0.000000,0.000000,Combined Sources,0.929204,0.816245,0.943883
LMNA,0.000000,0.000000,Combined Sources,0.929204,0.816245,0.943883
SLC25A46,0.000000,0.000000,Combined Sources,0.929204,0.816245,0.943883
CCL11,0.000000,0.000000,Combined Sources,0.929204,0.816245,0.943883
GALR2,0.000000,0.000000,Combined Sources,0.929204,0.816245,0.943883
GSTK1,0.000000,0.000000,Combined Sources,0.929204,0.816245,0.943883
CASP6,0.000000,0.000000,Combined Sources,0.929204,0.816245,0.943883
GALNT2,0.000000,0.000000,Combined Sources,0.929204,0.816245,0.943883
PECAM1,0.000000,0.000000,Combined Sources,0.929204,0.816245,0.943883
NCAPD2,0.000000,0.000000,Combined Sources,0.929204,0.816245,0.943883
PYCARD,0.000000,0.000000,Combined Sources,0.929204,0.816245,0.943883
MS4A4A,0.000000,0.000000,Combined Sources,0.929204,0.816245,0.943883
SLC10A2,0.000000,0.000000,Combined Sources,0.929204,0.816245,0.943883
SIPA1,0.000000,0.000000,Combined Sources,0.929204,0.816245,0.943883
KRTAP1-1,0.000000,0.000000,Combined Sources,0.929204,0.816245,0.943883
ERBB2,0.000000,0.000000,Combined Sources,0.929204,0.816245,0.943883
CDC25C,0.000000,0.000000,Combined Sources,0.929204,0.816245,0.943883
AHI1,0.000000,0.000000,Combined Sources,0.929204,0.816245,0.943883
DET1,0.000000,0.000000,Combined Sources,0.929204,0.816245,0.943883
MRPL46,0.000000,0.000000,Combined Sources,0.929204,0.816245,0.943883
DDIT4,0.000000,0.000000,Combined Sources,0.929204,0.816245,0.943883
ROBO1,0.000000,0.000000,Combined Sources,0.929204,0.816245,0.943883
TNFRSF10D,0.000000,0.000000,Combined Sources,0.929204,0.816245,0.943883
RUNDC3B,0.000000,0.000000,Combined Sources,0.929204,0.816245,0.943883
KLHL9,0.000000,0.000000,Combined Sources,0.929204,0.816245,0.943883
TMEM212,0.000000,0.000000,Combined Sources,0.929204,0.816245,0.943883
SCML1,0.000000,0.000000,Combined Sources,0.929204,0.816245,0.943883
ACTL6B,0.000000,0.000000,Combined Sources,0.929204,0.816245,0.943883
VBP1,0.000000,0.000000,Combined Sources,0.929204,0.816245,0.943883
GRAP2,0.000000,0.000000,Combined Sources,0.929204,0.816245,0.943883
ASB7,0.000000,0.000000,Combined Sources,0.929204,0.816245,0.943883
TMSB15A,0.000000,0.000000,Combined Sources,0.929204,0.816245,0.943883
FOXG1,0.000000,0.000000,Combined Sources,0.929204,0.816245,0.943883
NENF,0.000000,0.000000,Combined Sources,0.929204,0.816245,0.943883
IMPG1,0.000000,0.000000,Combined Sources,0.929204,0.816245,0.943883
WWC1,0.000000,0.000000,Combined Sources,0.929204,0.816245,0.943883
WDR11,0.000000,0.000000,Combined Sources,0.929204,0.816245,0.943883
A4GNT,0.000000,0.000000,Combined Sources,0.929204,0.816245,0.943883
BCL3,0.000000,0.000000,Combined Sources,0.929204,0.816245,0.943883
C11orf58,0.000000,0.000000,Combined Sources,0.929204,0.816245,0.943883
EXT1,0.000000,0.000000,Combined Sources,0.929204,0.816245,0.943883
GABRB2,0.000000,0.000000,Combined Sources,0.929204,0.816245,0.943883
RND3,0.000000,0.000000,Combined Sources,0.929204,0.816245,0.943883
SLC16A6,0.000000,0.000000,Combined Sources,0.929204,0.816245,0.943883
ATP9A,0.000000,0.000000,Combined Sources,0.929204,0.816245,0.943883
LAMB3,0.000000,0.000000,Combined Sources,0.929204,0.816245,0.943883
CHRM2,0.000000,0.000000,Combined Sources,0.929204,0.816245,0.943883
PTGER3,0.000000,0.000000,Combined Sources,0.929204,0.816245,0.943883
WASF1,0.000000,0.000000,Combined Sources,0.929204,0.816245,0.943883
KLF11,0.000000,0.000000,Combined Sources,0.929204,0.816245,0.943883
CHN2,0.000000,0.000000,Combined Sources,0.929204,0.816245,0.943883
SNX13,0.000000,0.000000,Combined Sources,0.929204,0.816245,0.943883
PDZK1IP1,0.000000,0.000000,Combined Sources,0.929204,0.816245,0.943883
CHAD,0.000000,0.000000,Combined Sources,0.929204,0.816245,0.943883
CD5L,0.000000,0.000000,Combined Sources,0.929204,0.816245,0.943883
SLCO1B1,0.000000,0.000000,Combined Sources,0.929204,0.816245,0.943883
VN1R1,0.000000,0.000000,Combined Sources,0.929204,0.816245,0.943883
SLC7A8,0.000000,0.000000,Combined Sources,0.929204,0.816245,0.943883
CD86,0.000000,0.000000,Combined Sources,0.929204,0.816245,0.943883
BDNF,0.000000,0.000000,Combined Sources,0.929204,0.816245,0.943883
COPB2,0.000000,0.000000,Combined Sources,0.929204,0.816245,0.943883
OSM,0.000000,0.000000,Combined Sources,0.929204,0.816245,0.943883
AP3M2,0.000000,0.000000,Combined Sources,0.929204,0.816245,0.943883
PLCD1,0.000000,0.000000,Combined Sources,0.929204,0.816245,0.943883
BAG3,0.000000,0.000000,Combined Sources,0.929204,0.816245,0.943883
CLK2,0.000000,0.000000,Combined Sources,0.929204,0.816245,0.943883
CACNA1F,0.000000,0.000000,Combined Sources,0.929204,0.816245,0.943883
RAP2B,0.000000,0.000000,Combined Sources,0.929204,0.816245,0.943883
PJA1,0.000000,0.000000,Combined Sources,0.929204,0.816245,0.943883
GMIP,0.000000,0.000000,Combined Sources,0.929204,0.816245,0.943883
LMX1B,0.000000,0.000000,Combined Sources,0.929204,0.816245,0.943883
ZNHIT1,0.000000,0.000000,Combined Sources,0.929204,0.816245,0.943883
RC3H2,0.000000,0.000000,Combined Sources,0.929204,0.816245,0.943883
ZBTB7B,0.000000,0.000000,Combined Sources,0.929204,0.816245,0.943883
DOCK1,0.000000,0.000000,Combined Sources,0.929204,0.816245,0.943883
KLHDC4,0.000000,0.000000,Combined Sources,0.929204,0.816245,0.943883
PRX,0.000000,0.000000,Combined Sources,0.929204,0.816245,0.943883
PABPC4,0.000000,0.000000,Combined Sources,0.929204,0.816245,0.943883
PAX7,0.000000,0.000000,Combined Sources,0.929204,0.816245,0.943883
TNFSF9,0.000000,0.000000,Combined Sources,0.929204,0.816245,0.943883
SEC31A,0.000000,0.000000,Combined Sources,0.929204,0.816245,0.943883
FAM149B1,0.000000,0.000000,Combined Sources,0.929204,0.816245,0.943883
DCC,0.000000,0.000000,Combined Sources,0.929204,0.816245,0.943883
ZNF571,0.000000,0.000000,Combined Sources,0.929204,0.816245,0.943883
RPH3A,0.000000,0.000000,Combined Sources,0.929204,0.816245,0.943883
PBRM1,0.000000,0.000000,Combined Sources,0.929204,0.816245,0.943883
IRS4,0.000000,0.000000,Combined Sources,0.929204,0.816245,0.943883
DYRK3,0.000000,0.000000,Combined Sources,0.929204,0.816245,0.943883
NT5C,0.000000,0.000000,Combined Sources,0.929204,0.816245,0.943883
OR11A1,0.000000,0.000000,Combined Sources,0.929204,0.816245,0.943883
KCNH6,0.000000,0.000000,Combined Sources,0.929204,0.816245,0.943883
PPIC,0.000000,0.000000,Combined Sources,0.929204,0.816245,0.943883
CPE,0.000000,0.000000,Combined Sources,0.929204,0.816245,0.943883
UROS,0.000000,0.000000,Combined Sources,0.929204,0.816245,0.943883
IL3,0.000000,0.000000,Combined Sources,0.929204,0.816245,0.943883
PRPS1,0.000000,0.000000,Combined Sources,0.929204,0.816245,0.943883
IGFBP5,0.000000,0.000000,Combined Sources,0.929204,0.816245,0.943883
PURA,0.000000,0.000000,Combined Sources,0.929204,0.816245,0.943883
LGALS4,0.000000,0.000000,Combined Sources,0.929204,0.816245,0.943883
WNT5A,0.000000,0.000000,Combined Sources,0.929204,0.816245,0.943883
CASD1,0.000000,0.000000,Combined Sources,0.929204,0.816245,0.943883
SCARA3,0.000000,0.000000,Combined Sources,0.929204,0.816245,0.943883
XPNPEP2,0.000000,0.000000,Combined Sources,0.929204,0.816245,0.943883
SURF1,0.000000,0.000000,Combined Sources,0.929204,0.816245,0.943883
ECT2,0.000000,0.000000,Combined Sources,0.929204,0.816245,0.943883
PSD3,0.000000,0.000000,Combined Sources,0.929204,0.816245,0.943883
FBXW4P1,0.000000,0.000000,Combined Sources,0.929204,0.816245,0.943883
TBPL1,0.000000,0.000000,Combined Sources,0.929204,0.816245,0.943883
LEFTY2,0.000000,0.000000,Combined Sources,0.929204,0.816245,0.943883
PCDH17,0.000000,0.000000,Combined Sources,0.929204,0.816245,0.943883
CUL9,0.000000,0.000000,Combined Sources,0.929204,0.816245,0.943883
PWWP2A,0.000000,0.000000,Combined Sources,0.929204,0.816245,0.943883
ARAF,0.000000,0.000000,Combined Sources,0.929204,0.816245,0.943883
SOX21,0.000000,0.000000,Combined Sources,0.929204,0.816245,0.943883
CD4,0.000000,0.000000,Combined Sources,0.929204,0.816245,0.943883
ZNF133,0.000000,0.000000,Combined Sources,0.929204,0.816245,0.943883
PRPH,0.000000,0.000000,Combined Sources,0.929204,0.816245,0.943883
TAC1,0.000000,0.000000,Combined Sources,0.929204,0.816245,0.943883
SUOX,0.000000,0.000000,Combined Sources,0.929204,0.816245,0.943883
CAMTA1,0.000000,0.000000,Combined Sources,0.929204,0.816245,0.943883
NXF3,0.000000,0.000000,Combined Sources,0.929204,0.816245,0.943883
ANGPT4,0.000000,0.000000,Combined Sources,0.929204,0.816245,0.943883
TAF5L,0.000000,0.000000,Combined Sources,0.929204,0.816245,0.943883
ZNF234,0.000000,0.000000,Combined Sources,0.929204,0.816245,0.943883
IL4R,0.000000,0.000000,Combined Sources,0.929204,0.816245,0.943883
L2HGDH,0.000000,0.000000,Combined Sources,0.929204,0.816245,0.943883
UBE2D4,0.000000,0.000000,Combined Sources,0.929204,0.816245,0.943883
CMA1,0.000000,0.000000,Combined Sources,0.929204,0.816245,0.943883
ADRM1,0.000000,0.000000,Combined Sources,0.929204,0.816245,0.943883
BUB3,0.000000,0.000000,Combined Sources,0.929204,0.816245,0.943883
CYTL1,0.000000,0.000000,Combined Sources,0.929204,0.816245,0.943883
GALK1,0.000000,0.000000,Combined Sources,0.929204,0.816245,0.943883
MAPT,0.000000,0.000000,Combined Sources,0.929204,0.816245,0.943883
KDM4A,0.000000,0.000000,Combined Sources,0.929204,0.816245,0.943883
ZNF667,0.000000,0.000000,Combined Sources,0.929204,0.816245,0.943883
ZFP30,0.000000,0.000000,Combined Sources,0.929204,0.816245,0.943883
PDE8A,0.000000,0.000000,Combined Sources,0.929204,0.816245,0.943883
TOX,0.000000,0.000000,Combined Sources,0.929204,0.816245,0.943883
DNAJC7,0.000000,0.000000,Combined Sources,0.929204,0.816245,0.943883
THAP1,0.000000,0.000000,Combined Sources,0.929204,0.816245,0.943883
CHRD,0.000000,0.000000,Combined Sources,0.929204,0.816245,0.943883
SPINK1,0.000000,0.000000,Combined Sources,0.929204,0.816245,0.943883
SCYL2,0.000000,0.000000,Combined Sources,0.929204,0.816245,0.943883
PSG4,0.000000,0.000000,Combined Sources,0.929204,0.816245,0.943883
GGTLC1,0.000000,0.000000,Combined Sources,0.929204,0.816245,0.943883
MICAL1,0.000000,0.000000,Combined Sources,0.929204,0.816245,0.943883
GRB7,0.000000,0.000000,Combined Sources,0.929204,0.816245,0.943883
OLFML2B,0.000000,0.000000,Combined Sources,0.929204,0.816245,0.943883
SNAPC1,0.000000,0.000000,Combined Sources,0.929204,0.816245,0.943883
RAB40C,0.000000,0.000000,Combined Sources,0.929204,0.816245,0.943883
ZNF43,0.000000,0.000000,Combined Sources,0.929204,0.816245,0.943883
ZNF778,0.000000,0.000000,Combined Sources,0.929204,0.816245,0.943883
LSM7,0.000000,0.000000,Combined Sources,0.929204,0.816245,0.943883
MARCO,0.000000,0.000000,Combined Sources,0.929204,0.816245,0.943883
EIF4EBP1,0.000000,0.000000,Combined Sources,0.929204,0.816245,0.943883
RNF17,0.000000,0.000000,Combined Sources,0.929204,0.816245,0.943883
MMP19,0.000000,0.000000,Combined Sources,0.929204,0.816245,0.943883
POFUT2,0.000000,0.000000,Combined Sources,0.929204,0.816245,0.943883
LRIG2,0.000000,0.000000,Combined Sources,0.929204,0.816245,0.943883
KANSL2,0.000000,0.000000,Combined Sources,0.929204,0.816245,0.943883
TMEM38B,0.000000,0.000000,Combined Sources,0.929204,0.816245,0.943883
C1QTNF3,0.000000,0.000000,Combined Sources,0.929204,0.816245,0.943883
BTBD7,0.000000,0.000000,Combined Sources,0.929204,0.816245,0.943883
HLA-DQB2,0.000000,0.000000,Combined Sources,0.929204,0.816245,0.943883
MRPL39,0.000000,0.000000,Combined Sources,0.929204,0.816245,0.943883
FAM149A,0.000000,0.000000,Combined Sources,0.929204,0.816245,0.943883
TUBBP5,0.000000,0.000000,Combined Sources,0.929204,0.816245,0.943883
GLCE,0.000000,0.000000,Combined Sources,0.929204,0.816245,0.943883
ARFIP2,0.000000,0.000000,Combined Sources,0.929204,0.816245,0.943883
PLTP,0.000000,0.000000,Combined Sources,0.929204,0.816245,0.943883
TBC1D22A,0.000000,0.000000,Combined Sources,0.929204,0.816245,0.943883
UGT1A8,0.000000,0.000000,Combined Sources,0.929204,0.816245,0.943883
MYBPH,0.000000,0.000000,Combined Sources,0.929204,0.816245,0.943883
EPHX2,0.000000,0.000000,Combined Sources,0.929204,0.816245,0.943883
KRT35,0.000000,0.000000,Combined Sources,0.929204,0.816245,0.943883
PDGFRA,0.000000,0.000000,Combined Sources,0.929204,0.816245,0.943883
CALR,0.000000,0.000000,Combined Sources,0.929204,0.816245,0.943883
TGFA,0.000000,0.000000,Combined Sources,0.929204,0.816245,0.943883
CALCOCO2,0.000000,0.000000,Combined Sources,0.929204,0.816245,0.943883
SEMA5A,0.000000,0.000000,Combined Sources,0.929204,0.816245,0.943883
ZNF385D,0.000000,0.000000,Combined Sources,0.929204,0.816245,0.943883
ABCC8,0.000000,0.000000,Combined Sources,0.929204,0.816245,0.943883
ONECUT1,0.000000,0.000000,Combined Sources,0.929204,0.816245,0.943883
ECD,0.000000,0.000000,Combined Sources,0.929204,0.816245,0.943883
PDLIM5,0.000000,0.000000,Combined Sources,0.929204,0.816245,0.943883
MANF,0.000000,0.000000,Combined Sources,0.929204,0.816245,0.943883
INHBE,0.000000,0.000000,Combined Sources,0.929204,0.816245,0.943883
PRSS12,0.000000,0.000000,Combined Sources,0.929204,0.816245,0.943883
DNAJB12,0.000000,0.000000,Combined Sources,0.929204,0.816245,0.943883
IDO1,0.000000,0.000000,Combined Sources,0.929204,0.816245,0.943883
CHST15,0.000000,0.000000,Combined Sources,0.929204,0.816245,0.943883
SUV39H1,0.000000,0.000000,Combined Sources,0.929204,0.816245,0.943883
GPM6B,0.000000,0.000000,Combined Sources,0.929204,0.816245,0.943883
NLRP2,0.000000,0.000000,Combined Sources,0.929204,0.816245,0.943883
UGT2B4,0.000000,0.000000,Combined Sources,0.929204,0.816245,0.943883
NGLY1,0.000000,0.000000,Combined Sources,0.929204,0.816245,0.943883
CLSTN3,0.000000,0.000000,Combined Sources,0.929204,0.816245,0.943883
ARL3,0.000000,0.000000,Combined Sources,0.929204,0.816245,0.943883
MYLK3,0.000000,0.000000,Combined Sources,0.929204,0.816245,0.943883
PLAGL1,0.000000,0.000000,Combined Sources,0.929204,0.816245,0.943883
MYF6,0.000000,0.000000,Combined Sources,0.929204,0.816245,0.943883
ATP11A,0.000000,0.000000,Combined Sources,0.929204,0.816245,0.943883
GLT8D2,0.000000,0.000000,Combined Sources,0.929204,0.816245,0.943883
CDH1,0.000000,0.000000,Combined Sources,0.929204,0.816245,0.943883
GDF7,0.000000,0.000000,Combined Sources,0.929204,0.816245,0.943883
FXR1,0.000000,0.000000,Combined Sources,0.929204,0.816245,0.943883
SSR3,0.000000,0.000000,Combined Sources,0.929204,0.816245,0.943883
PBXIP1,0.000000,0.000000,Combined Sources,0.929204,0.816245,0.943883
PHACTR4,0.000000,0.000000,Combined Sources,0.929204,0.816245,0.943883
DSTNP2,0.000000,0.000000,Combined Sources,0.929204,0.816245,0.943883
TGM2,0.000000,0.000000,Combined Sources,0.929204,0.816245,0.943883
RGP1,0.000000,0.000000,Combined Sources,0.929204,0.816245,0.943883
MAFF,0.000000,0.000000,Combined Sources,0.929204,0.816245,0.943883
GRINA,0.000000,0.000000,Combined Sources,0.929204,0.816245,0.943883
VAV1,0.000000,0.000000,Combined Sources,0.929204,0.816245,0.943883
RIT1,0.000000,0.000000,Combined Sources,0.929204,0.816245,0.943883
CLMN,0.000000,0.000000,Combined Sources,0.929204,0.816245,0.943883
FRMD1,0.000000,0.000000,Combined Sources,0.929204,0.816245,0.943883
RAB3B,0.000000,0.000000,Combined Sources,0.929204,0.816245,0.943883
APPL1,0.000000,0.000000,Combined Sources,0.929204,0.816245,0.943883
UCHL3,0.000000,0.000000,Combined Sources,0.929204,0.816245,0.943883
PHOX2B,0.000000,0.000000,Combined Sources,0.929204,0.816245,0.943883
PPP2R5D,0.000000,0.000000,Combined Sources,0.929204,0.816245,0.943883
FBN1,0.000000,0.000000,Combined Sources,0.929204,0.816245,0.943883
PDCD2,0.000000,0.000000,Combined Sources,0.929204,0.816245,0.943883
EPS15,0.000000,0.000000,Combined Sources,0.929204,0.816245,0.943883
MOS,0.000000,0.000000,Combined Sources,0.929204,0.816245,0.943883
BRD9,0.000000,0.000000,Combined Sources,0.929204,0.816245,0.943883
BSDC1,0.000000,0.000000,Combined Sources,0.929204,0.816245,0.943883
FES,0.000000,0.000000,Combined Sources,0.929204,0.816245,0.943883
CLEC4M,0.000000,0.000000,Combined Sources,0.929204,0.816245,0.943883
CNOT8,0.000000,0.000000,Combined Sources,0.929204,0.816245,0.943883
FAM174B,0.000000,0.000000,Combined Sources,0.929204,0.816245,0.943883
SNX24,0.000000,0.000000,Combined Sources,0.929204,0.816245,0.943883
APOA2,0.000000,0.000000,Combined Sources,0.929204,0.816245,0.943883
DOK4,0.000000,0.000000,Combined Sources,0.929204,0.816245,0.943883
LEFTY1,0.000000,0.000000,Combined Sources,0.929204,0.816245,0.943883
DUSP6,0.000000,0.000000,Combined Sources,0.929204,0.816245,0.943883
SLC4A8,0.000000,0.000000,Combined Sources,0.929204,0.816245,0.943883
POU3F3,0.000000,0.000000,Combined Sources,0.929204,0.816245,0.943883
KHK,0.000000,0.000000,Combined Sources,0.929204,0.816245,0.943883
OR2F1,0.000000,0.000000,Combined Sources,0.929204,0.816245,0.943883
BECN1,0.000000,0.000000,Combined Sources,0.929204,0.816245,0.943883
UBA7,0.000000,0.000000,Combined Sources,0.929204,0.816245,0.943883
POLM,0.000000,0.000000,Combined Sources,0.929204,0.816245,0.943883
SCEL,0.000000,0.000000,Combined Sources,0.929204,0.816245,0.943883
RFX7,0.000000,0.000000,Combined Sources,0.929204,0.816245,0.943883
SLC3A2,0.000000,0.000000,Combined Sources,0.929204,0.816245,0.943883
CHST8,0.000000,0.000000,Combined Sources,0.929204,0.816245,0.943883
TPP2,0.000000,0.000000,Combined Sources,0.929204,0.816245,0.943883
ZDHHC4,0.000000,0.000000,Combined Sources,0.929204,0.816245,0.943883
SPEF1,0.000000,0.000000,Combined Sources,0.929204,0.816245,0.943883
FKBP1B,0.000000,0.000000,Combined Sources,0.929204,0.816245,0.943883
OXA1L,0.000000,0.000000,Combined Sources,0.929204,0.816245,0.943883
MXD1,0.000000,0.000000,Combined Sources,0.929204,0.816245,0.943883
CDHR1,0.000000,0.000000,Combined Sources,0.929204,0.816245,0.943883
NRXN3,0.000000,0.000000,Combined Sources,0.929204,0.816245,0.943883
COL4A2,0.000000,0.000000,Combined Sources,0.929204,0.816245,0.943883
USF2,0.000000,0.000000,Combined Sources,0.929204,0.816245,0.943883
DRG2,0.000000,0.000000,Combined Sources,0.929204,0.816245,0.943883
MTRF1,0.000000,0.000000,Combined Sources,0.929204,0.816245,0.943883
TRAPPC2,0.000000,0.000000,Combined Sources,0.929204,0.816245,0.943883
YOD1,0.000000,0.000000,Combined Sources,0.929204,0.816245,0.943883
ARMC9,0.000000,0.000000,Combined Sources,0.929204,0.816245,0.943883
CUBN,0.000000,0.000000,Combined Sources,0.929204,0.816245,0.943883
CLDN18,0.000000,0.000000,Combined Sources,0.929204,0.816245,0.943883
EWSR1,0.000000,0.000000,Combined Sources,0.929204,0.816245,0.943883
ARG1,0.000000,0.000000,Combined Sources,0.929204,0.816245,0.943883
PSMD2,0.000000,0.000000,Combined Sources,0.929204,0.816245,0.943883
SDF4,0.000000,0.000000,Combined Sources,0.929204,0.816245,0.943883
RNASE4,0.000000,0.000000,Combined Sources,0.929204,0.816245,0.943883
PITPNC1,0.000000,0.000000,Combined Sources,0.929204,0.816245,0.943883
REPIN1,0.000000,0.000000,Combined Sources,0.929204,0.816245,0.943883
MBD3,0.000000,0.000000,Combined Sources,0.929204,0.816245,0.943883
PRG2,0.000000,0.000000,Combined Sources,0.929204,0.816245,0.943883
XAB2,0.000000,0.000000,Combined Sources,0.929204,0.816245,0.943883
MFAP5,0.000000,0.000000,Combined Sources,0.929204,0.816245,0.943883
LY96,0.000000,0.000000,Combined Sources,0.929204,0.816245,0.943883
COPA,0.000000,0.000000,Combined Sources,0.929204,0.816245,0.943883
PCDHB1,0.000000,0.000000,Combined Sources,0.929204,0.816245,0.943883
DUSP4,0.000000,0.000000,Combined Sources,0.929204,0.816245,0.943883
TRPM6,0.000000,0.000000,Combined Sources,0.929204,0.816245,0.943883
GNA12,0.000000,0.000000,Combined Sources,0.929204,0.816245,0.943883
AIMP2,0.000000,0.000000,Combined Sources,0.929204,0.816245,0.943883
FGGY,0.000000,0.000000,Combined Sources,0.929204,0.816245,0.943883
SUV39H2,0.000000,0.000000,Combined Sources,0.929204,0.816245,0.943883
CAMK1D,0.000000,0.000000,Combined Sources,0.929204,0.816245,0.943883
NAE1,0.000000,0.000000,Combined Sources,0.929204,0.816245,0.943883
BAP1,0.000000,0.000000,Combined Sources,0.929204,0.816245,0.943883
C2,0.000000,0.000000,Combined Sources,0.929204,0.816245,0.943883
NQO2,0.000000,0.000000,Combined Sources,0.929204,0.816245,0.943883
FBP1,0.000000,0.000000,Combined Sources,0.929204,0.816245,0.943883
ASH1L,0.000000,0.000000,Combined Sources,0.929204,0.816245,0.943883
MNX1,0.000000,0.000000,Combined Sources,0.929204,0.816245,0.943883
TRIM22,0.000000,0.000000,Combined Sources,0.929204,0.816245,0.943883
DEDD,0.000000,0.000000,Combined Sources,0.929204,0.816245,0.943883
PAFAH2,0.000000,0.000000,Combined Sources,0.929204,0.816245,0.943883
CRYBB2P1,0.000000,0.000000,Combined Sources,0.929204,0.816245,0.943883
LRP10,0.000000,0.000000,Combined Sources,0.929204,0.816245,0.943883
GPATCH8,0.000000,0.000000,Combined Sources,0.929204,0.816245,0.943883
MPPED1,0.000000,0.000000,Combined Sources,0.929204,0.816245,0.943883
CSRNP3,0.000000,0.000000,Combined Sources,0.929204,0.816245,0.943883
GTF2A2,0.000000,0.000000,Combined Sources,0.929204,0.816245,0.943883
ZC2HC1C,0.000000,0.000000,Combined Sources,0.929204,0.816245,0.943883
GPNMB,0.000000,0.000000,Combined Sources,0.929204,0.816245,0.943883
FBXO11,0.000000,0.000000,Combined Sources,0.929204,0.816245,0.943883
SCGN,0.000000,0.000000,Combined Sources,0.929204,0.816245,0.943883
MIS18BP1,0.000000,0.000000,Combined Sources,0.929204,0.816245,0.943883
GABRA5,0.000000,0.000000,Combined Sources,0.929204,0.816245,0.943883
NEUROG1,0.000000,0.000000,Combined Sources,0.929204,0.816245,0.943883
SIK3,0.000000,0.000000,Combined Sources,0.929204,0.816245,0.943883
WASL,0.000000,0.000000,Combined Sources,0.929204,0.816245,0.943883
RNASE1,0.000000,0.000000,Combined Sources,0.929204,0.816245,0.943883
ESRRG,0.000000,0.000000,Combined Sources,0.929204,0.816245,0.943883
TFAP2B,0.000000,0.000000,Combined Sources,0.929204,0.816245,0.943883
TIMM8B,0.000000,0.000000,Combined Sources,0.929204,0.816245,0.943883
CYP2A6,0.000000,0.000000,Combined Sources,0.929204,0.816245,0.943883
BIN3,0.000000,0.000000,Combined Sources,0.929204,0.816245,0.943883
CDK12,0.000000,0.000000,Combined Sources,0.929204,0.816245,0.943883
KIF1A,0.000000,0.000000,Combined Sources,0.929204,0.816245,0.943883
PSMB2,0.000000,0.000000,Combined Sources,0.929204,0.816245,0.943883
STAU2,0.000000,0.000000,Combined Sources,0.929204,0.816245,0.943883
GPRC5A,0.000000,0.000000,Combined Sources,0.929204,0.816245,0.943883
PMEL,0.000000,0.000000,Combined Sources,0.929204,0.816245,0.943883
ARMCX5,0.000000,0.000000,Combined Sources,0.929204,0.816245,0.943883
EBLN2,0.000000,0.000000,Combined Sources,0.929204,0.816245,0.943883
ZHX3,0.000000,0.000000,Combined Sources,0.929204,0.816245,0.943883
HGS,0.000000,0.000000,Combined Sources,0.929204,0.816245,0.943883
PSMA7,0.000000,0.000000,Combined Sources,0.929204,0.816245,0.943883
CYP4A22,0.000000,0.000000,Combined Sources,0.929204,0.816245,0.943883
POLR2G,0.000000,0.000000,Combined Sources,0.929204,0.816245,0.943883
ZBTB25,0.000000,0.000000,Combined Sources,0.929204,0.816245,0.943883
MTMR6,0.000000,0.000000,Combined Sources,0.929204,0.816245,0.943883
TANC2,0.000000,0.000000,Combined Sources,0.929204,0.816245,0.943883
SMYD5,0.000000,0.000000,Combined Sources,0.929204,0.816245,0.943883
VAMP1,0.000000,0.000000,Combined Sources,0.929204,0.816245,0.943883
SEMA3E,0.000000,0.000000,Combined Sources,0.929204,0.816245,0.943883
CTSG,0.000000,0.000000,Combined Sources,0.929204,0.816245,0.943883
RPS17,0.000000,0.000000,Combined Sources,0.929204,0.816245,0.943883
PRDM2,0.000000,0.000000,Combined Sources,0.929204,0.816245,0.943883
CYTH2,0.000000,0.000000,Combined Sources,0.929204,0.816245,0.943883
CLDN9,0.000000,0.000000,Combined Sources,0.929204,0.816245,0.943883
TXNIP,0.000000,0.000000,Combined Sources,0.929204,0.816245,0.943883
ALAS1,0.000000,0.000000,Combined Sources,0.929204,0.816245,0.943883
XPOT,0.000000,0.000000,Combined Sources,0.929204,0.816245,0.943883
SLC5A3,0.000000,0.000000,Combined Sources,0.929204,0.816245,0.943883
TEX261,0.000000,0.000000,Combined Sources,0.929204,0.816245,0.943883
TMEM120B,0.000000,0.000000,Combined Sources,0.929204,0.816245,0.943883
CCDC93,0.000000,0.000000,Combined Sources,0.929204,0.816245,0.943883
KIAA0753,0.000000,0.000000,Combined Sources,0.929204,0.816245,0.943883
NEFH,0.000000,0.000000,Combined Sources,0.929204,0.816245,0.943883
AMN,0.000000,0.000000,Combined Sources,0.929204,0.816245,0.943883
B3GALT1,0.000000,0.000000,Combined Sources,0.929204,0.816245,0.943883
KCTD17,0.000000,0.000000,Combined Sources,0.929204,0.816245,0.943883
MYH4,0.000000,0.000000,Combined Sources,0.929204,0.816245,0.943883
HSD17B8,0.000000,0.000000,Combined Sources,0.929204,0.816245,0.943883
SNX4,0.000000,0.000000,Combined Sources,0.929204,0.816245,0.943883
CWH43,0.000000,0.000000,Combined Sources,0.929204,0.816245,0.943883
GNAI3,0.000000,0.000000,Combined Sources,0.929204,0.816245,0.943883
GIPR,0.000000,0.000000,Combined Sources,0.929204,0.816245,0.943883
HYI,0.000000,0.000000,Combined Sources,0.929204,0.816245,0.943883
UGT2B15,0.000000,0.000000,Combined Sources,0.929204,0.816245,0.943883
ERAL1,0.000000,0.000000,Combined Sources,0.929204,0.816245,0.943883
TPST2,0.000000,0.000000,Combined Sources,0.929204,0.816245,0.943883
SCT,0.000000,0.000000,Combined Sources,0.929204,0.816245,0.943883
PHYH,0.000000,0.000000,Combined Sources,0.929204,0.816245,0.943883
NOVA2,0.000000,0.000000,Combined Sources,0.929204,0.816245,0.943883
ITGB2,0.000000,0.000000,Combined Sources,0.929204,0.816245,0.943883
NLGN1,0.000000,0.000000,Combined Sources,0.929204,0.816245,0.943883
ATP6V0D1,0.000000,0.000000,Combined Sources,0.929204,0.816245,0.943883
DDX18,0.000000,0.000000,Combined Sources,0.929204,0.816245,0.943883
EDC4,0.000000,0.000000,Combined Sources,0.929204,0.816245,0.943883
SERPINF2,0.000000,0.000000,Combined Sources,0.929204,0.816245,0.943883
AADAC,0.000000,0.000000,Combined Sources,0.929204,0.816245,0.943883
ANKRD17,0.000000,0.000000,Combined Sources,0.929204,0.816245,0.943883
HNRNPAB,0.000000,0.000000,Combined Sources,0.929204,0.816245,0.943883
LRFN4,0.000000,0.000000,Combined Sources,0.929204,0.816245,0.943883
VCPIP1,0.000000,0.000000,Combined Sources,0.929204,0.816245,0.943883
DDB1,0.000000,0.000000,Combined Sources,0.929204,0.816245,0.943883
POLDIP2,0.000000,0.000000,Combined Sources,0.929204,0.816245,0.943883
UBE2J1,0.000000,0.000000,Combined Sources,0.929204,0.816245,0.943883
CEP250,0.000000,0.000000,Combined Sources,0.929204,0.816245,0.943883
HSP90AA1,0.000000,0.000000,Combined Sources,0.929204,0.816245,0.943883
RBM22,0.000000,0.000000,Combined Sources,0.929204,0.816245,0.943883
CEP41,0.000000,0.000000,Combined Sources,0.929204,0.816245,0.943883
TIMELESS,0.000000,0.000000,Combined Sources,0.929204,0.816245,0.943883
NEK11,0.000000,0.000000,Combined Sources,0.929204,0.816245,0.943883
NSUN3,0.000000,0.000000,Combined Sources,0.929204,0.816245,0.943883
MUTYH,0.000000,0.000000,Combined Sources,0.929204,0.816245,0.943883
GPX7,0.000000,0.000000,Combined Sources,0.929204,0.816245,0.943883
POLR2I,0.000000,0.000000,Combined Sources,0.929204,0.816245,0.943883
RPA1,0.000000,0.000000,Combined Sources,0.929204,0.816245,0.943883
TMEM50B,0.000000,0.000000,Combined Sources,0.929204,0.816245,0.943883
MMP16,0.000000,0.000000,Combined Sources,0.929204,0.816245,0.943883
GABRP,0.000000,0.000000,Combined Sources,0.929204,0.816245,0.943883
DSC2,0.000000,0.000000,Combined Sources,0.929204,0.816245,0.943883
CST2,0.000000,0.000000,Combined Sources,0.929204,0.816245,0.943883
NHLH1,0.000000,0.000000,Combined Sources,0.929204,0.816245,0.943883
USP32,0.000000,0.000000,Combined Sources,0.929204,0.816245,0.943883
MEN1,0.000000,0.000000,Combined Sources,0.929204,0.816245,0.943883
B3GAT1,0.000000,0.000000,Combined Sources,0.929204,0.816245,0.943883
FOXA1,0.000000,0.000000,Combined Sources,0.929204,0.816245,0.943883
C11orf68,0.000000,0.000000,Combined Sources,0.929204,0.816245,0.943883
ADIPOR1,0.000000,0.000000,Combined Sources,0.929204,0.816245,0.943883
FRK,0.000000,0.000000,Combined Sources,0.929204,0.816245,0.943883
OR3A3,0.000000,0.000000,Combined Sources,0.929204,0.816245,0.943883
ANO2,0.000000,0.000000,Combined Sources,0.929204,0.816245,0.943883
TPM3,0.000000,0.000000,Combined Sources,0.929204,0.816245,0.943883
EIF2B5,0.000000,0.000000,Combined Sources,0.929204,0.816245,0.943883
PCF11,0.000000,0.000000,Combined Sources,0.929204,0.816245,0.943883
RPE65,0.000000,0.000000,Combined Sources,0.929204,0.816245,0.943883
SNAP29,0.000000,0.000000,Combined Sources,0.929204,0.816245,0.943883
CD177,0.000000,0.000000,Combined Sources,0.929204,0.816245,0.943883
BACH2,0.000000,0.000000,Combined Sources,0.929204,0.816245,0.943883
ZNF235,0.000000,0.000000,Combined Sources,0.929204,0.816245,0.943883
RRAS2,0.000000,0.000000,Combined Sources,0.929204,0.816245,0.943883
IVL,0.000000,0.000000,Combined Sources,0.929204,0.816245,0.943883
SLC6A1,0.000000,0.000000,Combined Sources,0.929204,0.816245,0.943883
IFI6,0.000000,0.000000,Combined Sources,0.929204,0.816245,0.943883
PPP1R16B,0.000000,0.000000,Combined Sources,0.929204,0.816245,0.943883
TNFRSF10C,0.000000,0.000000,Combined Sources,0.929204,0.816245,0.943883
MCPH1,0.000000,0.000000,Combined Sources,0.929204,0.816245,0.943883
CDCA3,0.000000,0.000000,Combined Sources,0.929204,0.816245,0.943883
GFER,0.000000,0.000000,Combined Sources,0.929204,0.816245,0.943883
FAM135A,0.000000,0.000000,Combined Sources,0.929204,0.816245,0.943883
PRKACA,0.000000,0.000000,Combined Sources,0.929204,0.816245,0.943883
MRPS33,0.000000,0.000000,Combined Sources,0.929204,0.816245,0.943883
KRT17,0.000000,0.000000,Combined Sources,0.929204,0.816245,0.943883
PSME1,0.000000,0.000000,Combined Sources,0.929204,0.816245,0.943883
SGSM3,0.000000,0.000000,Combined Sources,0.929204,0.816245,0.943883
SNTG2,0.000000,0.000000,Combined Sources,0.929204,0.816245,0.943883
ZNF674,0.000000,0.000000,Combined Sources,0.929204,0.816245,0.943883
GPR65,0.000000,0.000000,Combined Sources,0.929204,0.816245,0.943883
SLC6A7,0.000000,0.000000,Combined Sources,0.929204,0.816245,0.943883
CCDC40,0.000000,0.000000,Combined Sources,0.929204,0.816245,0.943883
RAB21,0.000000,0.000000,Combined Sources,0.929204,0.816245,0.943883
TAF13,0.000000,0.000000,Combined Sources,0.929204,0.816245,0.943883
FZD3,0.000000,0.000000,Combined Sources,0.929204,0.816245,0.943883
CD248,0.000000,0.000000,Combined Sources,0.929204,0.816245,0.943883
SERPINA4,0.000000,0.000000,Combined Sources,0.929204,0.816245,0.943883
LCN2,0.000000,0.000000,Combined Sources,0.929204,0.816245,0.943883
UBR7,0.000000,0.000000,Combined Sources,0.929204,0.816245,0.943883
CH25H,0.000000,0.000000,Combined Sources,0.929204,0.816245,0.943883
MRPL34,0.000000,0.000000,Combined Sources,0.929204,0.816245,0.943883
SNCAIP,0.000000,0.000000,Combined Sources,0.929204,0.816245,0.943883
TUBGCP3,0.000000,0.000000,Combined Sources,0.929204,0.816245,0.943883
TULP1,0.000000,0.000000,Combined Sources,0.929204,0.816245,0.943883
RRP15,0.000000,0.000000,Combined Sources,0.929204,0.816245,0.943883
IGFLR1,0.000000,0.000000,Combined Sources,0.929204,0.816245,0.943883
PIGH,0.000000,0.000000,Combined Sources,0.929204,0.816245,0.943883
IGSF3,0.000000,0.000000,Combined Sources,0.929204,0.816245,0.943883
SLC26A1,0.000000,0.000000,Combined Sources,0.929204,0.816245,0.943883
AP4E1,0.000000,0.000000,Combined Sources,0.929204,0.816245,0.943883
MAPKAPK2,0.000000,0.000000,Combined Sources,0.929204,0.816245,0.943883
SH3GL1,0.000000,0.000000,Combined Sources,0.929204,0.816245,0.943883
SNAP23,0.000000,0.000000,Combined Sources,0.929204,0.816245,0.943883
ALDH6A1,0.000000,0.000000,Combined Sources,0.929204,0.816245,0.943883
EPB42,0.000000,0.000000,Combined Sources,0.929204,0.816245,0.943883
NKRF,0.000000,0.000000,Combined Sources,0.929204,0.816245,0.943883
C1orf174,0.000000,0.000000,Combined Sources,0.929204,0.816245,0.943883
RPF1,0.000000,0.000000,Combined Sources,0.929204,0.816245,0.943883
CXCL11,0.000000,0.000000,Combined Sources,0.929204,0.816245,0.943883
CYP17A1,0.000000,0.000000,Combined Sources,0.929204,0.816245,0.943883
MRM1,0.000000,0.000000,Combined Sources,0.929204,0.816245,0.943883
GYPA,0.000000,0.000000,Combined Sources,0.929204,0.816245,0.943883
CNKSR1,0.000000,0.000000,Combined Sources,0.929204,0.816245,0.943883
MMP26,0.000000,0.000000,Combined Sources,0.929204,0.816245,0.943883
ALK,0.000000,0.000000,Combined Sources,0.929204,0.816245,0.943883
PHF8,0.000000,0.000000,Combined Sources,0.929204,0.816245,0.943883
SLC18A2,0.000000,0.000000,Combined Sources,0.929204,0.816245,0.943883
TRANK1,0.000000,0.000000,Combined Sources,0.929204,0.816245,0.943883
DIP2C,0.000000,0.000000,Combined Sources,0.929204,0.816245,0.943883
KHDRBS2,0.000000,0.000000,Combined Sources,0.929204,0.816245,0.943883
MARK3,0.000000,0.000000,Combined Sources,0.929204,0.816245,0.943883
ABT1,0.000000,0.000000,Combined Sources,0.929204,0.816245,0.943883
DHRS7,0.000000,0.000000,Combined Sources,0.929204,0.816245,0.943883
PRKCG,0.000000,0.000000,Combined Sources,0.929204,0.816245,0.943883
GALNT14,0.000000,0.000000,Combined Sources,0.929204,0.816245,0.943883
GCDH,0.000000,0.000000,Combined Sources,0.929204,0.816245,0.943883
HHAT,0.000000,0.000000,Combined Sources,0.929204,0.816245,0.943883
CYP26A1,0.000000,0.000000,Combined Sources,0.929204,0.816245,0.943883
MAP4K3,0.000000,0.000000,Combined Sources,0.929204,0.816245,0.943883
TACSTD2,0.000000,0.000000,Combined Sources,0.929204,0.816245,0.943883
STK32B,0.000000,0.000000,Combined Sources,0.929204,0.816245,0.943883
SLC17A9,0.000000,0.000000,Combined Sources,0.929204,0.816245,0.943883
GTPBP8,0.000000,0.000000,Combined Sources,0.929204,0.816245,0.943883
COX6B1,0.000000,0.000000,Combined Sources,0.929204,0.816245,0.943883
PCYT2,0.000000,0.000000,Combined Sources,0.929204,0.816245,0.943883
MARCKSL1,0.000000,0.000000,Combined Sources,0.929204,0.816245,0.943883
PDLIM7,0.000000,0.000000,Combined Sources,0.929204,0.816245,0.943883
PCK2,0.000000,0.000000,Combined Sources,0.929204,0.816245,0.943883
SLC4A4,0.000000,0.000000,Combined Sources,0.929204,0.816245,0.943883
CLPX,0.000000,0.000000,Combined Sources,0.929204,0.816245,0.943883
TMEM156,0.000000,0.000000,Combined Sources,0.929204,0.816245,0.943883
RRP1B,0.000000,0.000000,Combined Sources,0.929204,0.816245,0.943883
TRMT61A,0.000000,0.000000,Combined Sources,0.929204,0.816245,0.943883
ACADL,0.000000,0.000000,Combined Sources,0.929204,0.816245,0.943883
OTUD3,0.000000,0.000000,Combined Sources,0.929204,0.816245,0.943883
JAG2,0.000000,0.000000,Combined Sources,0.929204,0.816245,0.943883
ETV1,0.000000,0.000000,Combined Sources,0.929204,0.816245,0.943883
CROCCP2,0.000000,0.000000,Combined Sources,0.929204,0.816245,0.943883
LYRM4,0.000000,0.000000,Combined Sources,0.929204,0.816245,0.943883
LEPROT,0.000000,0.000000,Combined Sources,0.929204,0.816245,0.943883
GMPPA,0.000000,0.000000,Combined Sources,0.929204,0.816245,0.943883
STIL,0.000000,0.000000,Combined Sources,0.929204,0.816245,0.943883
DHPS,0.000000,0.000000,Combined Sources,0.929204,0.816245,0.943883
PLXNB2,0.000000,0.000000,Combined Sources,0.929204,0.816245,0.943883
RWDD2B,0.000000,0.000000,Combined Sources,0.929204,0.816245,0.943883
HMOX1,0.000000,0.000000,Combined Sources,0.929204,0.816245,0.943883
ANXA13,0.000000,0.000000,Combined Sources,0.929204,0.816245,0.943883
PLCB2,0.000000,0.000000,Combined Sources,0.929204,0.816245,0.943883
ZBTB17,0.000000,0.000000,Combined Sources,0.929204,0.816245,0.943883
STAP1,0.000000,0.000000,Combined Sources,0.929204,0.816245,0.943883
CMAS,0.000000,0.000000,Combined Sources,0.929204,0.816245,0.943883
MYO1E,0.000000,0.000000,Combined Sources,0.929204,0.816245,0.943883
ALOX15B,0.000000,0.000000,Combined Sources,0.929204,0.816245,0.943883
CHST3,0.000000,0.000000,Combined Sources,0.929204,0.816245,0.943883
METRN,0.000000,0.000000,Combined Sources,0.929204,0.816245,0.943883
PTPRU,0.000000,0.000000,Combined Sources,0.929204,0.816245,0.943883
UBE2A,0.000000,0.000000,Combined Sources,0.929204,0.816245,0.943883
TSKS,0.000000,0.000000,Combined Sources,0.929204,0.816245,0.943883
AOAH,0.000000,0.000000,Combined Sources,0.929204,0.816245,0.943883
IER5,0.000000,0.000000,Combined Sources,0.929204,0.816245,0.943883
PARVA,0.000000,0.000000,Combined Sources,0.929204,0.816245,0.943883
OAZ3,0.000000,0.000000,Combined Sources,0.929204,0.816245,0.943883
TWIST1,0.000000,0.000000,Combined Sources,0.929204,0.816245,0.943883
ZNF239,0.000000,0.000000,Combined Sources,0.929204,0.816245,0.943883
LARP4,0.000000,0.000000,Combined Sources,0.929204,0.816245,0.943883
POU4F1,0.000000,0.000000,Combined Sources,0.929204,0.816245,0.943883
PTPN3,0.000000,0.000000,Combined Sources,0.929204,0.816245,0.943883
SUPT3H,0.000000,0.000000,Combined Sources,0.929204,0.816245,0.943883
MAPRE3,0.000000,0.000000,Combined Sources,0.929204,0.816245,0.943883
MTA1,0.000000,0.000000,Combined Sources,0.929204,0.816245,0.943883
EXOC7,0.000000,0.000000,Combined Sources,0.929204,0.816245,0.943883
CLP1,0.000000,0.000000,Combined Sources,0.929204,0.816245,0.943883
MLH3,0.000000,0.000000,Combined Sources,0.929204,0.816245,0.943883
SF3A2,0.000000,0.000000,Combined Sources,0.929204,0.816245,0.943883
MUC1,0.000000,0.000000,Combined Sources,0.929204,0.816245,0.943883
SCFD1,0.000000,0.000000,Combined Sources,0.929204,0.816245,0.943883
WRAP73,0.000000,0.000000,Combined Sources,0.929204,0.816245,0.943883
DHX16,0.000000,0.000000,Combined Sources,0.929204,0.816245,0.943883
CELSR1,0.000000,0.000000,Combined Sources,0.929204,0.816245,0.943883
ARL2,0.000000,0.000000,Combined Sources,0.929204,0.816245,0.943883
KPNA6,0.000000,0.000000,Combined Sources,0.929204,0.816245,0.943883
REM1,0.000000,0.000000,Combined Sources,0.929204,0.816245,0.943883
PPP4C,0.000000,0.000000,Combined Sources,0.929204,0.816245,0.943883
STMN3,0.000000,0.000000,Combined Sources,0.929204,0.816245,0.943883
MEX3D,0.000000,0.000000,Combined Sources,0.929204,0.816245,0.943883
CA5BP1,0.000000,0.000000,Combined Sources,0.929204,0.816245,0.943883
AK1,0.000000,0.000000,Combined Sources,0.929204,0.816245,0.943883
NSD1,0.000000,0.000000,Combined Sources,0.929204,0.816245,0.943883
SPP2,0.000000,0.000000,Combined Sources,0.929204,0.816245,0.943883
DIO3,0.000000,0.000000,Combined Sources,0.929204,0.816245,0.943883
ACSM3,0.000000,0.000000,Combined Sources,0.929204,0.816245,0.943883
SLC1A1,0.000000,0.000000,Combined Sources,0.929204,0.816245,0.943883
DRD1,0.000000,0.000000,Combined Sources,0.929204,0.816245,0.943883
GPATCH2,0.000000,0.000000,Combined Sources,0.929204,0.816245,0.943883
TRIM56,0.000000,0.000000,Combined Sources,0.929204,0.816245,0.943883
TYRP1,0.000000,0.000000,Combined Sources,0.929204,0.816245,0.943883
AGER,0.000000,0.000000,Combined Sources,0.929204,0.816245,0.943883
GTPBP2,0.000000,0.000000,Combined Sources,0.929204,0.816245,0.943883
PPT1,0.000000,0.000000,Combined Sources,0.929204,0.816245,0.943883
TNFRSF10B,0.000000,0.000000,Combined Sources,0.929204,0.816245,0.943883
BCAT1,0.000000,0.000000,Combined Sources,0.929204,0.816245,0.943883
LRP3,0.000000,0.000000,Combined Sources,0.929204,0.816245,0.943883
TNFSF18,0.000000,0.000000,Combined Sources,0.929204,0.816245,0.943883
EFNA5,0.000000,0.000000,Combined Sources,0.929204,0.816245,0.943883
NAP1L4,0.000000,0.000000,Combined Sources,0.929204,0.816245,0.943883
AMD1,0.000000,0.000000,Combined Sources,0.929204,0.816245,0.943883
QPCT,0.000000,0.000000,Combined Sources,0.929204,0.816245,0.943883
CANT1,0.000000,0.000000,Combined Sources,0.929204,0.816245,0.943883
PROC,0.000000,0.000000,Combined Sources,0.929204,0.816245,0.943883
CHI3L2,0.000000,0.000000,Combined Sources,0.929204,0.816245,0.943883
HDC,0.000000,0.000000,Combined Sources,0.929204,0.816245,0.943883
MYBL1,0.000000,0.000000,Combined Sources,0.929204,0.816245,0.943883
BAZ1A,0.000000,0.000000,Combined Sources,0.929204,0.816245,0.943883
ILKAP,0.000000,0.000000,Combined Sources,0.929204,0.816245,0.943883
NDUFC1,0.000000,0.000000,Combined Sources,0.929204,0.816245,0.943883
ANO1,0.000000,0.000000,Combined Sources,0.929204,0.816245,0.943883
ASCL3,0.000000,0.000000,Combined Sources,0.929204,0.816245,0.943883
HS3ST3B1,0.000000,0.000000,Combined Sources,0.929204,0.816245,0.943883
CCR7,0.000000,0.000000,Combined Sources,0.929204,0.816245,0.943883
HTR3A,0.000000,0.000000,Combined Sources,0.929204,0.816245,0.943883
CCNG2,0.000000,0.000000,Combined Sources,0.929204,0.816245,0.943883
SPTAN1,0.000000,0.000000,Combined Sources,0.929204,0.816245,0.943883
IL32,0.000000,0.000000,Combined Sources,0.929204,0.816245,0.943883
WRNIP1,0.000000,0.000000,Combined Sources,0.929204,0.816245,0.943883
CSF3,0.000000,0.000000,Combined Sources,0.929204,0.816245,0.943883
SQLE,0.000000,0.000000,Combined Sources,0.929204,0.816245,0.943883
FAM193A,0.000000,0.000000,Combined Sources,0.929204,0.816245,0.943883
UBXN7,0.000000,0.000000,Combined Sources,0.929204,0.816245,0.943883
PARVB,0.000000,0.000000,Combined Sources,0.929204,0.816245,0.943883
ITGA8,0.000000,0.000000,Combined Sources,0.929204,0.816245,0.943883
JRKL,0.000000,0.000000,Combined Sources,0.929204,0.816245,0.943883
GRAMD1B,0.000000,0.000000,Combined Sources,0.929204,0.816245,0.943883
CAV1,0.000000,0.000000,Combined Sources,0.929204,0.816245,0.943883
SMR3A,0.000000,0.000000,Combined Sources,0.929204,0.816245,0.943883
PSMD13,0.000000,0.000000,Combined Sources,0.929204,0.816245,0.943883
ZNF202,0.000000,0.000000,Combined Sources,0.929204,0.816245,0.943883
FOXJ1,0.000000,0.000000,Combined Sources,0.929204,0.816245,0.943883
STK10,0.000000,0.000000,Combined Sources,0.929204,0.816245,0.943883
ACTG2,0.000000,0.000000,Combined Sources,0.929204,0.816245,0.943883
ETV6,0.000000,0.000000,Combined Sources,0.929204,0.816245,0.943883
SF3B2,0.000000,0.000000,Combined Sources,0.929204,0.816245,0.943883
LPCAT4,0.000000,0.000000,Combined Sources,0.929204,0.816245,0.943883
LRRC19,0.000000,0.000000,Combined Sources,0.929204,0.816245,0.943883
HSD17B1,0.000000,0.000000,Combined Sources,0.929204,0.816245,0.943883
NADSYN1,0.000000,0.000000,Combined Sources,0.929204,0.816245,0.943883
HERC1,0.000000,0.000000,Combined Sources,0.929204,0.816245,0.943883
TMPRSS6,0.000000,0.000000,Combined Sources,0.929204,0.816245,0.943883
ZBED5,0.000000,0.000000,Combined Sources,0.929204,0.816245,0.943883
CAMSAP2,0.000000,0.000000,Combined Sources,0.929204,0.816245,0.943883
YLPM1,0.000000,0.000000,Combined Sources,0.929204,0.816245,0.943883
MPZL2,0.000000,0.000000,Combined Sources,0.929204,0.816245,0.943883
ANGPTL7,0.000000,0.000000,Combined Sources,0.929204,0.816245,0.943883
AP1B1,0.000000,0.000000,Combined Sources,0.929204,0.816245,0.943883
HERC6,0.000000,0.000000,Combined Sources,0.929204,0.816245,0.943883
SNTB1,0.000000,0.000000,Combined Sources,0.929204,0.816245,0.943883
BBOX1,0.000000,0.000000,Combined Sources,0.929204,0.816245,0.943883
LY6G5C,0.000000,0.000000,Combined Sources,0.929204,0.816245,0.943883
S100A13,0.000000,0.000000,Combined Sources,0.929204,0.816245,0.943883
PAX9,0.000000,0.000000,Combined Sources,0.929204,0.816245,0.943883
SAMD9,0.000000,0.000000,Combined Sources,0.929204,0.816245,0.943883
PITX1,0.000000,0.000000,Combined Sources,0.929204,0.816245,0.943883
SLC25A32,0.000000,0.000000,Combined Sources,0.929204,0.816245,0.943883
SERPINF1,0.000000,0.000000,Combined Sources,0.929204,0.816245,0.943883
NUDT4,0.000000,0.000000,Combined Sources,0.929204,0.816245,0.943883
NFS1,0.000000,0.000000,Combined Sources,0.929204,0.816245,0.943883
SLC3A1,0.000000,0.000000,Combined Sources,0.929204,0.816245,0.943883
SLC7A7,0.000000,0.000000,Combined Sources,0.929204,0.816245,0.943883
MLC1,0.000000,0.000000,Combined Sources,0.929204,0.816245,0.943883
TM2D1,0.000000,0.000000,Combined Sources,0.929204,0.816245,0.943883
NUCB2,0.000000,0.000000,Combined Sources,0.929204,0.816245,0.943883
CTLA4,0.000000,0.000000,Combined Sources,0.929204,0.816245,0.943883
DDX17,0.000000,0.000000,Combined Sources,0.929204,0.816245,0.943883
NKIRAS2,0.000000,0.000000,Combined Sources,0.929204,0.816245,0.943883
TNFRSF1A,0.000000,0.000000,Combined Sources,0.929204,0.816245,0.943883
HPN,0.000000,0.000000,Combined Sources,0.929204,0.816245,0.943883
NPC1,0.000000,0.000000,Combined Sources,0.929204,0.816245,0.943883
TRPM8,0.000000,0.000000,Combined Sources,0.929204,0.816245,0.943883
PARM1,0.000000,0.000000,Combined Sources,0.929204,0.816245,0.943883
CORIN,0.000000,0.000000,Combined Sources,0.929204,0.816245,0.943883
HOXA6,0.000000,0.000000,Combined Sources,0.929204,0.816245,0.943883
ARHGEF17,0.000000,0.000000,Combined Sources,0.929204,0.816245,0.943883
NMUR1,0.000000,0.000000,Combined Sources,0.929204,0.816245,0.943883
ADCY10,0.000000,0.000000,Combined Sources,0.929204,0.816245,0.943883
WNT3,0.000000,0.000000,Combined Sources,0.929204,0.816245,0.943883
ENO2,0.000000,0.000000,Combined Sources,0.929204,0.816245,0.943883
LINC00260,0.000000,0.000000,Combined Sources,0.929204,0.816245,0.943883
KPNA5,0.000000,0.000000,Combined Sources,0.929204,0.816245,0.943883
RTN3,0.000000,0.000000,Combined Sources,0.929204,0.816245,0.943883
HIVEP1,0.000000,0.000000,Combined Sources,0.929204,0.816245,0.943883
ID2,0.000000,0.000000,Combined Sources,0.929204,0.816245,0.943883
SCAMP2,0.000000,0.000000,Combined Sources,0.929204,0.816245,0.943883
PAFAH1B3,0.000000,0.000000,Combined Sources,0.929204,0.816245,0.943883
CD27,0.000000,0.000000,Combined Sources,0.929204,0.816245,0.943883
TMEM87A,0.000000,0.000000,Combined Sources,0.929204,0.816245,0.943883
GDF11,0.000000,0.000000,Combined Sources,0.929204,0.816245,0.943883
NFATC2IP,0.000000,0.000000,Combined Sources,0.929204,0.816245,0.943883
TRAF4,0.000000,0.000000,Combined Sources,0.929204,0.816245,0.943883
HEPH,0.000000,0.000000,Combined Sources,0.929204,0.816245,0.943883
ZNF556,0.000000,0.000000,Combined Sources,0.929204,0.816245,0.943883
LBR,0.000000,0.000000,Combined Sources,0.929204,0.816245,0.943883
BFAR,0.000000,0.000000,Combined Sources,0.929204,0.816245,0.943883
CKS2,0.000000,0.000000,Combined Sources,0.929204,0.816245,0.943883
ANP32A,0.000000,0.000000,Combined Sources,0.929204,0.816245,0.943883
RGS1,0.000000,0.000000,Combined Sources,0.929204,0.816245,0.943883
RCBTB1,0.000000,0.000000,Combined Sources,0.929204,0.816245,0.943883
CYP4F3,0.000000,0.000000,Combined Sources,0.929204,0.816245,0.943883
RPA4,0.000000,0.000000,Combined Sources,0.929204,0.816245,0.943883
AHNAK2,0.000000,0.000000,Combined Sources,0.929204,0.816245,0.943883
CYP2C9,0.000000,0.000000,Combined Sources,0.929204,0.816245,0.943883
C14orf93,0.000000,0.000000,Combined Sources,0.929204,0.816245,0.943883
GRB2,0.000000,0.000000,Combined Sources,0.929204,0.816245,0.943883
DNTTIP2,0.000000,0.000000,Combined Sources,0.929204,0.816245,0.943883
FAM120C,0.000000,0.000000,Combined Sources,0.929204,0.816245,0.943883
MAFG,0.000000,0.000000,Combined Sources,0.929204,0.816245,0.943883
LIN28A,0.000000,0.000000,Combined Sources,0.929204,0.816245,0.943883
TP53I11,0.000000,0.000000,Combined Sources,0.929204,0.816245,0.943883
PARP6,0.000000,0.000000,Combined Sources,0.929204,0.816245,0.943883
CPNE6,0.000000,0.000000,Combined Sources,0.929204,0.816245,0.943883
MYL12A,0.000000,0.000000,Combined Sources,0.929204,0.816245,0.943883
MTAP,0.000000,0.000000,Combined Sources,0.929204,0.816245,0.943883
SLC45A2,0.000000,0.000000,Combined Sources,0.929204,0.816245,0.943883
KCNJ6,0.000000,0.000000,Combined Sources,0.929204,0.816245,0.943883
ASIP,0.000000,0.000000,Combined Sources,0.929204,0.816245,0.943883
TSR2,0.000000,0.000000,Combined Sources,0.929204,0.816245,0.943883
EXOC6B,0.000000,0.000000,Combined Sources,0.929204,0.816245,0.943883
DUSP12,0.000000,0.000000,Combined Sources,0.929204,0.816245,0.943883
C1QTNF1,0.000000,0.000000,Combined Sources,0.929204,0.816245,0.943883
ARL6IP4,0.000000,0.000000,Combined Sources,0.929204,0.816245,0.943883
VPS53,0.000000,0.000000,Combined Sources,0.929204,0.816245,0.943883
SSTR2,0.000000,0.000000,Combined Sources,0.929204,0.816245,0.943883
PARPBP,0.000000,0.000000,Combined Sources,0.929204,0.816245,0.943883
CDYL,0.000000,0.000000,Combined Sources,0.929204,0.816245,0.943883
CDKAL1,0.000000,0.000000,Combined Sources,0.929204,0.816245,0.943883
TUBB2A,0.000000,0.000000,Combined Sources,0.929204,0.816245,0.943883
KCNQ2,0.000000,0.000000,Combined Sources,0.929204,0.816245,0.943883
PDE3A,0.000000,0.000000,Combined Sources,0.929204,0.816245,0.943883
S100A11,0.000000,0.000000,Combined Sources,0.929204,0.816245,0.943883
MTMR4,0.000000,0.000000,Combined Sources,0.929204,0.816245,0.943883
NR4A1,0.000000,0.000000,Combined Sources,0.929204,0.816245,0.943883
GRSF1,0.000000,0.000000,Combined Sources,0.929204,0.816245,0.943883
CD82,0.000000,0.000000,Combined Sources,0.929204,0.816245,0.943883
FBXL12,0.000000,0.000000,Combined Sources,0.929204,0.816245,0.943883
YKT6,0.000000,0.000000,Combined Sources,0.929204,0.816245,0.943883
SCN11A,0.000000,0.000000,Combined Sources,0.929204,0.816245,0.943883
CDK1,0.000000,0.000000,Combined Sources,0.929204,0.816245,0.943883
TRPC3,0.000000,0.000000,Combined Sources,0.929204,0.816245,0.943883
RBBP8,0.000000,0.000000,Combined Sources,0.929204,0.816245,0.943883
CD1A,0.000000,0.000000,Combined Sources,0.929204,0.816245,0.943883
ITGA4,0.000000,0.000000,Combined Sources,0.929204,0.816245,0.943883
NIT1,0.000000,0.000000,Combined Sources,0.929204,0.816245,0.943883
EML4,0.000000,0.000000,Combined Sources,0.929204,0.816245,0.943883
SPEG,0.000000,0.000000,Combined Sources,0.929204,0.816245,0.943883
SCN5A,0.000000,0.000000,Combined Sources,0.929204,0.816245,0.943883
GBP1,0.000000,0.000000,Combined Sources,0.929204,0.816245,0.943883
LANCL1,0.000000,0.000000,Combined Sources,0.929204,0.816245,0.943883
TRDMT1,0.000000,0.000000,Combined Sources,0.929204,0.816245,0.943883
TTYH1,0.000000,0.000000,Combined Sources,0.929204,0.816245,0.943883
PXDC1,0.000000,0.000000,Combined Sources,0.929204,0.816245,0.943883
PSMB1,0.000000,0.000000,Combined Sources,0.929204,0.816245,0.943883
SCAF11,0.000000,0.000000,Combined Sources,0.929204,0.816245,0.943883
HEXB,0.000000,0.000000,Combined Sources,0.929204,0.816245,0.943883
EFNA4,0.000000,0.000000,Combined Sources,0.929204,0.816245,0.943883
GRIA1,0.000000,0.000000,Combined Sources,0.929204,0.816245,0.943883
TP53TG1,0.000000,0.000000,Combined Sources,0.929204,0.816245,0.943883
PTGS1,0.000000,0.000000,Combined Sources,0.929204,0.816245,0.943883
IL22RA1,0.000000,0.000000,Combined Sources,0.929204,0.816245,0.943883
TIMM50,0.000000,0.000000,Combined Sources,0.929204,0.816245,0.943883
GRB10,0.000000,0.000000,Combined Sources,0.929204,0.816245,0.943883
CREG1,0.000000,0.000000,Combined Sources,0.929204,0.816245,0.943883
RPRD1A,0.000000,0.000000,Combined Sources,0.929204,0.816245,0.943883
ZHX2,0.000000,0.000000,Combined Sources,0.929204,0.816245,0.943883
GALK2,0.000000,0.000000,Combined Sources,0.929204,0.816245,0.943883
GULP1,0.000000,0.000000,Combined Sources,0.929204,0.816245,0.943883
IL1RAPL2,0.000000,0.000000,Combined Sources,0.929204,0.816245,0.943883
TIMP4,0.000000,0.000000,Combined Sources,0.929204,0.816245,0.943883
KCNJ10,0.000000,0.000000,Combined Sources,0.929204,0.816245,0.943883
UNC5B,0.000000,0.000000,Combined Sources,0.929204,0.816245,0.943883
SWAP70,0.000000,0.000000,Combined Sources,0.929204,0.816245,0.943883
PSMB3,0.000000,0.000000,Combined Sources,0.929204,0.816245,0.943883
ZNF189,0.000000,0.000000,Combined Sources,0.929204,0.816245,0.943883
YAP1,0.000000,0.000000,Combined Sources,0.929204,0.816245,0.943883
SEC23A,0.000000,0.000000,Combined Sources,0.929204,0.816245,0.943883
MYH6,0.000000,0.000000,Combined Sources,0.929204,0.816245,0.943883
SERP1,0.000000,0.000000,Combined Sources,0.929204,0.816245,0.943883
MYO10,0.000000,0.000000,Combined Sources,0.929204,0.816245,0.943883
SH2B2,0.000000,0.000000,Combined Sources,0.929204,0.816245,0.943883
CDC42EP3,0.000000,0.000000,Combined Sources,0.929204,0.816245,0.943883
SLFN12,0.000000,0.000000,Combined Sources,0.929204,0.816245,0.943883
TNF,0.000000,0.000000,Combined Sources,0.929204,0.816245,0.943883
GEMIN4,0.000000,0.000000,Combined Sources,0.929204,0.816245,0.943883
MVD,0.000000,0.000000,Combined Sources,0.929204,0.816245,0.943883
RUVBL2,0.000000,0.000000,Combined Sources,0.929204,0.816245,0.943883
ZNF430,0.000000,0.000000,Combined Sources,0.929204,0.816245,0.943883
HOXD11,0.000000,0.000000,Combined Sources,0.929204,0.816245,0.943883
B3GNT3,0.000000,0.000000,Combined Sources,0.929204,0.816245,0.943883
CEP63,0.000000,0.000000,Combined Sources,0.929204,0.816245,0.943883
SLC19A2,0.000000,0.000000,Combined Sources,0.929204,0.816245,0.943883
ANKRD12,0.000000,0.000000,Combined Sources,0.929204,0.816245,0.943883
LRBA,0.000000,0.000000,Combined Sources,0.929204,0.816245,0.943883
SERPINB5,0.000000,0.000000,Combined Sources,0.929204,0.816245,0.943883
CHST7,0.000000,0.000000,Combined Sources,0.929204,0.816245,0.943883
GOT1,0.000000,0.000000,Combined Sources,0.929204,0.816245,0.943883
CCNH,0.000000,0.000000,Combined Sources,0.929204,0.816245,0.943883
DUSP10,0.000000,0.000000,Combined Sources,0.929204,0.816245,0.943883
CHMP6,0.000000,0.000000,Combined Sources,0.929204,0.816245,0.943883
HAND1,0.000000,0.000000,Combined Sources,0.929204,0.816245,0.943883
PSMD5,0.000000,0.000000,Combined Sources,0.929204,0.816245,0.943883
CEACAM3,0.000000,0.000000,Combined Sources,0.929204,0.816245,0.943883
HBG2,0.000000,0.000000,Combined Sources,0.929204,0.816245,0.943883
CD84,0.000000,0.000000,Combined Sources,0.929204,0.816245,0.943883
NCKAP1,0.000000,0.000000,Combined Sources,0.929204,0.816245,0.943883
COQ7,0.000000,0.000000,Combined Sources,0.929204,0.816245,0.943883
VSIG4,0.000000,0.000000,Combined Sources,0.929204,0.816245,0.943883
DPY19L1P1,0.000000,0.000000,Combined Sources,0.929204,0.816245,0.943883
CADPS2,0.000000,0.000000,Combined Sources,0.929204,0.816245,0.943883
FOSL1,0.000000,0.000000,Combined Sources,0.929204,0.816245,0.943883
ABR,0.000000,0.000000,Combined Sources,0.929204,0.816245,0.943883
GATA1,0.000000,0.000000,Combined Sources,0.929204,0.816245,0.943883
IL1RL1,0.000000,0.000000,Combined Sources,0.929204,0.816245,0.943883
NFYC,0.000000,0.000000,Combined Sources,0.929204,0.816245,0.943883
RIMBP2,0.000000,0.000000,Combined Sources,0.929204,0.816245,0.943883
TRIM24,0.000000,0.000000,Combined Sources,0.929204,0.816245,0.943883
CA9,0.000000,0.000000,Combined Sources,0.929204,0.816245,0.943883
GTF2I,0.000000,0.000000,Combined Sources,0.929204,0.816245,0.943883
USP25,0.000000,0.000000,Combined Sources,0.929204,0.816245,0.943883
CDSN,0.000000,0.000000,Combined Sources,0.929204,0.816245,0.943883
NUP50,0.000000,0.000000,Combined Sources,0.929204,0.816245,0.943883
ZCCHC24,0.000000,0.000000,Combined Sources,0.929204,0.816245,0.943883
HOXA1,0.000000,0.000000,Combined Sources,0.929204,0.816245,0.943883
QRICH1,0.000000,0.000000,Combined Sources,0.929204,0.816245,0.943883
RERGL,0.000000,0.000000,Combined Sources,0.929204,0.816245,0.943883
TRIB3,0.000000,0.000000,Combined Sources,0.929204,0.816245,0.943883
MAGEH1,0.000000,0.000000,Combined Sources,0.929204,0.816245,0.943883
NR3C2,0.000000,0.000000,Combined Sources,0.929204,0.816245,0.943883
TBL1Y,0.000000,0.000000,Combined Sources,0.929204,0.816245,0.943883
ACVR1,0.000000,0.000000,Combined Sources,0.929204,0.816245,0.943883
SS18,0.000000,0.000000,Combined Sources,0.929204,0.816245,0.943883
SFTPD,0.000000,0.000000,Combined Sources,0.929204,0.816245,0.943883
CENPN,0.000000,0.000000,Combined Sources,0.929204,0.816245,0.943883
TRAF3,0.000000,0.000000,Combined Sources,0.929204,0.816245,0.943883
HECA,0.000000,0.000000,Combined Sources,0.929204,0.816245,0.943883
FAM98A,0.000000,0.000000,Combined Sources,0.929204,0.816245,0.943883
CD93,0.000000,0.000000,Combined Sources,0.929204,0.816245,0.943883
GAPVD1,0.000000,0.000000,Combined Sources,0.929204,0.816245,0.943883
IPO4,0.000000,0.000000,Combined Sources,0.929204,0.816245,0.943883
FOLR2,0.000000,0.000000,Combined Sources,0.929204,0.816245,0.943883
SNRNP35,0.000000,0.000000,Combined Sources,0.929204,0.816245,0.943883
CCDC85C,0.000000,0.000000,Combined Sources,0.929204,0.816245,0.943883
GRM5,0.000000,0.000000,Combined Sources,0.929204,0.816245,0.943883
HOXD10,0.000000,0.000000,Combined Sources,0.929204,0.816245,0.943883
DNASE1L2,0.000000,0.000000,Combined Sources,0.929204,0.816245,0.943883
LGALS9,0.000000,0.000000,Combined Sources,0.929204,0.816245,0.943883
ASB6,0.000000,0.000000,Combined Sources,0.929204,0.816245,0.943883
ASCL2,0.000000,0.000000,Combined Sources,0.929204,0.816245,0.943883
DAP3,0.000000,0.000000,Combined Sources,0.929204,0.816245,0.943883
PILRA,0.000000,0.000000,Combined Sources,0.929204,0.816245,0.943883
SLITRK3,0.000000,0.000000,Combined Sources,0.929204,0.816245,0.943883
EPAS1,0.000000,0.000000,Combined Sources,0.929204,0.816245,0.943883
PDIA6,0.000000,0.000000,Combined Sources,0.929204,0.816245,0.943883
SEMA6D,0.000000,0.000000,Combined Sources,0.929204,0.816245,0.943883
EP400,0.000000,0.000000,Combined Sources,0.929204,0.816245,0.943883
MED4,0.000000,0.000000,Combined Sources,0.929204,0.816245,0.943883
VAMP8,0.000000,0.000000,Combined Sources,0.929204,0.816245,0.943883
LAMA3,0.000000,0.000000,Combined Sources,0.929204,0.816245,0.943883
RAB3D,0.000000,0.000000,Combined Sources,0.929204,0.816245,0.943883
MCC,0.000000,0.000000,Combined Sources,0.929204,0.816245,0.943883
KRT19P2,0.000000,0.000000,Combined Sources,0.929204,0.816245,0.943883
POU2AF1,0.000000,0.000000,Combined Sources,0.929204,0.816245,0.943883
SRP9,0.000000,0.000000,Combined Sources,0.929204,0.816245,0.943883
E2F2,0.000000,0.000000,Combined Sources,0.929204,0.816245,0.943883
TPBG,0.000000,0.000000,Combined Sources,0.929204,0.816245,0.943883
EDAR,0.000000,0.000000,Combined Sources,0.929204,0.816245,0.943883
MAP7D1,0.000000,0.000000,Combined Sources,0.929204,0.816245,0.943883
DVL3,0.000000,0.000000,Combined Sources,0.929204,0.816245,0.943883
DKK4,0.000000,0.000000,Combined Sources,0.929204,0.816245,0.943883
FDPS,0.000000,0.000000,Combined Sources,0.929204,0.816245,0.943883
ATXN2L,0.000000,0.000000,Combined Sources,0.929204,0.816245,0.943883
KIR2DL1,0.000000,0.000000,Combined Sources,0.929204,0.816245,0.943883
SAP30BP,0.000000,0.000000,Combined Sources,0.929204,0.816245,0.943883
EGOT,0.000000,0.000000,Combined Sources,0.929204,0.816245,0.943883
MAP4K2,0.000000,0.000000,Combined Sources,0.929204,0.816245,0.943883
POU3F2,0.000000,0.000000,Combined Sources,0.929204,0.816245,0.943883
MCM4,0.000000,0.000000,Combined Sources,0.929204,0.816245,0.943883
NLGN4Y,0.000000,0.000000,Combined Sources,0.929204,0.816245,0.943883
SPATS2L,0.000000,0.000000,Combined Sources,0.929204,0.816245,0.943883
CSN2,0.000000,0.000000,Combined Sources,0.929204,0.816245,0.943883
NCK2,0.000000,0.000000,Combined Sources,0.929204,0.816245,0.943883
MCM2,0.000000,0.000000,Combined Sources,0.929204,0.816245,0.943883
TMEM51,0.000000,0.000000,Combined Sources,0.929204,0.816245,0.943883
HIPK3,0.000000,0.000000,Combined Sources,0.929204,0.816245,0.943883
EPM2A,0.000000,0.000000,Combined Sources,0.929204,0.816245,0.943883
GUCY1A2,0.000000,0.000000,Combined Sources,0.929204,0.816245,0.943883
DAP,0.000000,0.000000,Combined Sources,0.929204,0.816245,0.943883
ABCB8,0.000000,0.000000,Combined Sources,0.929204,0.816245,0.943883
ADCY6,0.000000,0.000000,Combined Sources,0.929204,0.816245,0.943883
PRKCB,0.000000,0.000000,Combined Sources,0.929204,0.816245,0.943883
PPARD,0.000000,0.000000,Combined Sources,0.929204,0.816245,0.943883
PRRG1,0.000000,0.000000,Combined Sources,0.929204,0.816245,0.943883
CCL22,0.000000,0.000000,Combined Sources,0.929204,0.816245,0.943883
KRT37,0.000000,0.000000,Combined Sources,0.929204,0.816245,0.943883
EHF,0.000000,0.000000,Combined Sources,0.929204,0.816245,0.943883
GPR107,0.000000,0.000000,Combined Sources,0.929204,0.816245,0.943883
RAD51C,0.000000,0.000000,Combined Sources,0.929204,0.816245,0.943883
SPTSSA,0.000000,0.000000,Combined Sources,0.929204,0.816245,0.943883
PRKCI,0.000000,0.000000,Combined Sources,0.929204,0.816245,0.943883
SIRT5,0.000000,0.000000,Combined Sources,0.929204,0.816245,0.943883
CAMP,0.000000,0.000000,Combined Sources,0.929204,0.816245,0.943883
GAN,0.000000,0.000000,Combined Sources,0.929204,0.816245,0.943883
IFIT1,0.000000,0.000000,Combined Sources,0.929204,0.816245,0.943883
APOLD1,0.000000,0.000000,Combined Sources,0.929204,0.816245,0.943883
ABLIM1,0.000000,0.000000,Combined Sources,0.929204,0.816245,0.943883
PZP,0.000000,0.000000,Combined Sources,0.929204,0.816245,0.943883
KAT2A,0.000000,0.000000,Combined Sources,0.929204,0.816245,0.943883
HAUS4,0.000000,0.000000,Combined Sources,0.929204,0.816245,0.943883
CST4,0.000000,0.000000,Combined Sources,0.929204,0.816245,0.943883
F10,0.000000,0.000000,Combined Sources,0.929204,0.816245,0.943883
YEATS2,0.000000,0.000000,Combined Sources,0.929204,0.816245,0.943883
NHEJ1,0.000000,0.000000,Combined Sources,0.929204,0.816245,0.943883
CSH1,0.000000,0.000000,Combined Sources,0.929204,0.816245,0.943883
CAMK2A,0.000000,0.000000,Combined Sources,0.929204,0.816245,0.943883
ILF3,0.000000,0.000000,Combined Sources,0.929204,0.816245,0.943883
DMWD,0.000000,0.000000,Combined Sources,0.929204,0.816245,0.943883
WDR59,0.000000,0.000000,Combined Sources,0.929204,0.816245,0.943883
MRPS12,0.000000,0.000000,Combined Sources,0.929204,0.816245,0.943883
ARFGEF1,0.000000,0.000000,Combined Sources,0.929204,0.816245,0.943883
FBXO2,0.000000,0.000000,Combined Sources,0.929204,0.816245,0.943883
TYMP,0.000000,0.000000,Combined Sources,0.929204,0.816245,0.943883
TEX2,0.000000,0.000000,Combined Sources,0.929204,0.816245,0.943883
NPRL3,0.000000,0.000000,Combined Sources,0.929204,0.816245,0.943883
SOX15,0.000000,0.000000,Combined Sources,0.929204,0.816245,0.943883
ZDHHC3,0.000000,0.000000,Combined Sources,0.929204,0.816245,0.943883
GREM2,0.000000,0.000000,Combined Sources,0.929204,0.816245,0.943883
ACTG1,0.000000,0.000000,Combined Sources,0.929204,0.816245,0.943883
PPIB,0.000000,0.000000,Combined Sources,0.929204,0.816245,0.943883
FANCG,0.000000,0.000000,Combined Sources,0.929204,0.816245,0.943883
DENND1B,0.000000,0.000000,Combined Sources,0.929204,0.816245,0.943883
SPR,0.000000,0.000000,Combined Sources,0.929204,0.816245,0.943883
CA10,0.000000,0.000000,Combined Sources,0.929204,0.816245,0.943883
ERMP1,0.000000,0.000000,Combined Sources,0.929204,0.816245,0.943883
IQCH,0.000000,0.000000,Combined Sources,0.929204,0.816245,0.943883
SDC2,0.000000,0.000000,Combined Sources,0.929204,0.816245,0.943883
NLGN3,0.000000,0.000000,Combined Sources,0.929204,0.816245,0.943883
IL15,0.000000,0.000000,Combined Sources,0.929204,0.816245,0.943883
RRAGC,0.000000,0.000000,Combined Sources,0.929204,0.816245,0.943883
FRAS1,0.000000,0.000000,Combined Sources,0.929204,0.816245,0.943883
PRSS1,0.000000,0.000000,Combined Sources,0.929204,0.816245,0.943883
PCDHGB6,0.000000,0.000000,Combined Sources,0.929204,0.816245,0.943883
ADAM2,0.000000,0.000000,Combined Sources,0.929204,0.816245,0.943883
PFKM,0.000000,0.000000,Combined Sources,0.929204,0.816245,0.943883
PRKD2,0.000000,0.000000,Combined Sources,0.929204,0.816245,0.943883
ARAP1,0.000000,0.000000,Combined Sources,0.929204,0.816245,0.943883
TET3,0.000000,0.000000,Combined Sources,0.929204,0.816245,0.943883
MRPL12,0.000000,0.000000,Combined Sources,0.929204,0.816245,0.943883
PHKG1,0.000000,0.000000,Combined Sources,0.929204,0.816245,0.943883
GPR12,0.000000,0.000000,Combined Sources,0.929204,0.816245,0.943883
SPG11,0.000000,0.000000,Combined Sources,0.929204,0.816245,0.943883
ZNF665,0.000000,0.000000,Combined Sources,0.929204,0.816245,0.943883
MYH8,0.000000,0.000000,Combined Sources,0.929204,0.816245,0.943883
ZMIZ2,0.000000,0.000000,Combined Sources,0.929204,0.816245,0.943883
PIGT,0.000000,0.000000,Combined Sources,0.929204,0.816245,0.943883
DZANK1,0.000000,0.000000,Combined Sources,0.929204,0.816245,0.943883
HMG20A,0.000000,0.000000,Combined Sources,0.929204,0.816245,0.943883
MAOA,0.000000,0.000000,Combined Sources,0.929204,0.816245,0.943883
KIAA0930,0.000000,0.000000,Combined Sources,0.929204,0.816245,0.943883
COL6A3,0.000000,0.000000,Combined Sources,0.929204,0.816245,0.943883
SIDT2,0.000000,0.000000,Combined Sources,0.929204,0.816245,0.943883
CCT4,0.000000,0.000000,Combined Sources,0.929204,0.816245,0.943883
NID1,0.000000,0.000000,Combined Sources,0.929204,0.816245,0.943883
HSDL2,0.000000,0.000000,Combined Sources,0.929204,0.816245,0.943883
MPHOSPH6,0.000000,0.000000,Combined Sources,0.929204,0.816245,0.943883
RFTN1,0.000000,0.000000,Combined Sources,0.929204,0.816245,0.943883
NYX,0.000000,0.000000,Combined Sources,0.929204,0.816245,0.943883
CCT5,0.000000,0.000000,Combined Sources,0.929204,0.816245,0.943883
SCNN1A,0.000000,0.000000,Combined Sources,0.929204,0.816245,0.943883
WDR48,0.000000,0.000000,Combined Sources,0.929204,0.816245,0.943883
SP1,0.000000,0.000000,Combined Sources,0.929204,0.816245,0.943883
PTPRM,0.000000,0.000000,Combined Sources,0.929204,0.816245,0.943883
RNF11,0.000000,0.000000,Combined Sources,0.929204,0.816245,0.943883
CALD1,0.000000,0.000000,Combined Sources,0.929204,0.816245,0.943883
PTX3,0.000000,0.000000,Combined Sources,0.929204,0.816245,0.943883
RRH,0.000000,0.000000,Combined Sources,0.929204,0.816245,0.943883
PAICS,0.000000,0.000000,Combined Sources,0.929204,0.816245,0.943883
TPD52L1,0.000000,0.000000,Combined Sources,0.929204,0.816245,0.943883
PYGO1,0.000000,0.000000,Combined Sources,0.929204,0.816245,0.943883
MAST2,0.000000,0.000000,Combined Sources,0.929204,0.816245,0.943883
SNX3,0.000000,0.000000,Combined Sources,0.929204,0.816245,0.943883
RBL2,0.000000,0.000000,Combined Sources,0.929204,0.816245,0.943883
IDUA,0.000000,0.000000,Combined Sources,0.929204,0.816245,0.943883
FAM50B,0.000000,0.000000,Combined Sources,0.929204,0.816245,0.943883
VWA1,0.000000,0.000000,Combined Sources,0.929204,0.816245,0.943883
NUDT2,0.000000,0.000000,Combined Sources,0.929204,0.816245,0.943883
MAGEC2,0.000000,0.000000,Combined Sources,0.929204,0.816245,0.943883
MTCH1,0.000000,0.000000,Combined Sources,0.929204,0.816245,0.943883
RRAGA,0.000000,0.000000,Combined Sources,0.929204,0.816245,0.943883
PMFBP1,0.000000,0.000000,Combined Sources,0.929204,0.816245,0.943883
CRISP2,0.000000,0.000000,Combined Sources,0.929204,0.816245,0.943883
PIGF,0.000000,0.000000,Combined Sources,0.929204,0.816245,0.943883
ROS1,0.000000,0.000000,Combined Sources,0.929204,0.816245,0.943883
CERS2,0.000000,0.000000,Combined Sources,0.929204,0.816245,0.943883
AQP8,0.000000,0.000000,Combined Sources,0.929204,0.816245,0.943883
SST,0.000000,0.000000,Combined Sources,0.929204,0.816245,0.943883
GNLY,0.000000,0.000000,Combined Sources,0.929204,0.816245,0.943883
IL20RA,0.000000,0.000000,Combined Sources,0.929204,0.816245,0.943883
SEMA6C,0.000000,0.000000,Combined Sources,0.929204,0.816245,0.943883
TXNRD3,0.000000,0.000000,Combined Sources,0.929204,0.816245,0.943883
CCDC28A,0.000000,0.000000,Combined Sources,0.929204,0.816245,0.943883
ZNF335,0.000000,0.000000,Combined Sources,0.929204,0.816245,0.943883
SH3PXD2A,0.000000,0.000000,Combined Sources,0.929204,0.816245,0.943883
ORM2,0.000000,0.000000,Combined Sources,0.929204,0.816245,0.943883
SSX3,0.000000,0.000000,Combined Sources,0.929204,0.816245,0.943883
GRP,0.000000,0.000000,Combined Sources,0.929204,0.816245,0.943883
MELK,0.000000,0.000000,Combined Sources,0.929204,0.816245,0.943883
FCN1,0.000000,0.000000,Combined Sources,0.929204,0.816245,0.943883
ZWILCH,0.000000,0.000000,Combined Sources,0.929204,0.816245,0.943883
PLA2G2E,0.000000,0.000000,Combined Sources,0.929204,0.816245,0.943883
TSPAN32,0.000000,0.000000,Combined Sources,0.929204,0.816245,0.943883
RAPGEFL1,0.000000,0.000000,Combined Sources,0.929204,0.816245,0.943883
FASTKD1,0.000000,0.000000,Combined Sources,0.929204,0.816245,0.943883
THBS1,0.000000,0.000000,Combined Sources,0.929204,0.816245,0.943883
GPBP1L1,0.000000,0.000000,Combined Sources,0.929204,0.816245,0.943883
CHRNE,0.000000,0.000000,Combined Sources,0.929204,0.816245,0.943883
PPIE,0.000000,0.000000,Combined Sources,0.929204,0.816245,0.943883
ITIH4,0.000000,0.000000,Combined Sources,0.929204,0.816245,0.943883
AP2B1,0.000000,0.000000,Combined Sources,0.929204,0.816245,0.943883
LMO7,0.000000,0.000000,Combined Sources,0.929204,0.816245,0.943883
CLDN10,0.000000,0.000000,Combined Sources,0.929204,0.816245,0.943883
SPSB1,0.000000,0.000000,Combined Sources,0.929204,0.816245,0.943883
TYK2,0.000000,0.000000,Combined Sources,0.929204,0.816245,0.943883
PPIP5K2,0.000000,0.000000,Combined Sources,0.929204,0.816245,0.943883
IER3,0.000000,0.000000,Combined Sources,0.929204,0.816245,0.943883
MEPE,0.000000,0.000000,Combined Sources,0.929204,0.816245,0.943883
YIPF4,0.000000,0.000000,Combined Sources,0.929204,0.816245,0.943883
UTS2,0.000000,0.000000,Combined Sources,0.929204,0.816245,0.943883
SPTLC1,0.000000,0.000000,Combined Sources,0.929204,0.816245,0.943883
RASSF2,0.000000,0.000000,Combined Sources,0.929204,0.816245,0.943883
GABRA6,0.000000,0.000000,Combined Sources,0.929204,0.816245,0.943883
ST20,0.000000,0.000000,Combined Sources,0.929204,0.816245,0.943883
UBA3,0.000000,0.000000,Combined Sources,0.929204,0.816245,0.943883
POLR2B,0.000000,0.000000,Combined Sources,0.929204,0.816245,0.943883
EPHX1,0.000000,0.000000,Combined Sources,0.929204,0.816245,0.943883
ATP6V1B1,0.000000,0.000000,Combined Sources,0.929204,0.816245,0.943883
TSFM,0.000000,0.000000,Combined Sources,0.929204,0.816245,0.943883
HPRT1,0.000000,0.000000,Combined Sources,0.929204,0.816245,0.943883
EIF3B,0.000000,0.000000,Combined Sources,0.929204,0.816245,0.943883
STEAP4,0.000000,0.000000,Combined Sources,0.929204,0.816245,0.943883
MYOD1,0.000000,0.000000,Combined Sources,0.929204,0.816245,0.943883
PEF1,0.000000,0.000000,Combined Sources,0.929204,0.816245,0.943883
MYT1,0.000000,0.000000,Combined Sources,0.929204,0.816245,0.943883
CDKL3,0.000000,0.000000,Combined Sources,0.929204,0.816245,0.943883
WDR43,0.000000,0.000000,Combined Sources,0.929204,0.816245,0.943883
S100A8,0.000000,0.000000,Combined Sources,0.929204,0.816245,0.943883
TPT1,0.000000,0.000000,Combined Sources,0.929204,0.816245,0.943883
HTN3,0.000000,0.000000,Combined Sources,0.929204,0.816245,0.943883
MSMO1,0.000000,0.000000,Combined Sources,0.929204,0.816245,0.943883
MAPKAPK3,0.000000,0.000000,Combined Sources,0.929204,0.816245,0.943883
RSF1,0.000000,0.000000,Combined Sources,0.929204,0.816245,0.943883
ASPN,0.000000,0.000000,Combined Sources,0.929204,0.816245,0.943883
LTF,0.000000,0.000000,Combined Sources,0.929204,0.816245,0.943883
FASTK,0.000000,0.000000,Combined Sources,0.929204,0.816245,0.943883
OR1G1,0.000000,0.000000,Combined Sources,0.929204,0.816245,0.943883
KCNS1,0.000000,0.000000,Combined Sources,0.929204,0.816245,0.943883
INPP5D,0.000000,0.000000,Combined Sources,0.929204,0.816245,0.943883
SELPLG,0.000000,0.000000,Combined Sources,0.929204,0.816245,0.943883
RHOC,0.000000,0.000000,Combined Sources,0.929204,0.816245,0.943883
IL1R1,0.000000,0.000000,Combined Sources,0.929204,0.816245,0.943883
PKD2L2,0.000000,0.000000,Combined Sources,0.929204,0.816245,0.943883
TPH1,0.000000,0.000000,Combined Sources,0.929204,0.816245,0.943883
MGAT1,0.000000,0.000000,Combined Sources,0.929204,0.816245,0.943883
FYN,0.000000,0.000000,Combined Sources,0.929204,0.816245,0.943883
GPR31,0.000000,0.000000,Combined Sources,0.929204,0.816245,0.943883
MIIP,0.000000,0.000000,Combined Sources,0.929204,0.816245,0.943883
SEC23IP,0.000000,0.000000,Combined Sources,0.929204,0.816245,0.943883
ANPEP,0.000000,0.000000,Combined Sources,0.929204,0.816245,0.943883
KATNA1,0.000000,0.000000,Combined Sources,0.929204,0.816245,0.943883
TP53,0.000000,0.000000,Combined Sources,0.929204,0.816245,0.943883
MAGOHB,0.000000,0.000000,Combined Sources,0.929204,0.816245,0.943883
TRAM2,0.000000,0.000000,Combined Sources,0.929204,0.816245,0.943883
CMKLR1,0.000000,0.000000,Combined Sources,0.929204,0.816245,0.943883
TRHDE,0.000000,0.000000,Combined Sources,0.929204,0.816245,0.943883
SRRD,0.000000,0.000000,Combined Sources,0.929204,0.816245,0.943883
TLX1,0.000000,0.000000,Combined Sources,0.929204,0.816245,0.943883
CLK3,0.000000,0.000000,Combined Sources,0.929204,0.816245,0.943883
HSBP1,0.000000,0.000000,Combined Sources,0.929204,0.816245,0.943883
CP,0.000000,0.000000,Combined Sources,0.929204,0.816245,0.943883
RERE,0.000000,0.000000,Combined Sources,0.929204,0.816245,0.943883
PDZD2,0.000000,0.000000,Combined Sources,0.929204,0.816245,0.943883
APCS,0.000000,0.000000,Combined Sources,0.929204,0.816245,0.943883
C4BPA,0.000000,0.000000,Combined Sources,0.929204,0.816245,0.943883
ITGA10,0.000000,0.000000,Combined Sources,0.929204,0.816245,0.943883
PIN1,0.000000,0.000000,Combined Sources,0.929204,0.816245,0.943883
WDR45,0.000000,0.000000,Combined Sources,0.929204,0.816245,0.943883
GBP2,0.000000,0.000000,Combined Sources,0.929204,0.816245,0.943883
RRAGD,0.000000,0.000000,Combined Sources,0.929204,0.816245,0.943883
DNAAF2,0.000000,0.000000,Combined Sources,0.929204,0.816245,0.943883
RNF187,0.000000,0.000000,Combined Sources,0.929204,0.816245,0.943883
ABCA5,0.000000,0.000000,Combined Sources,0.929204,0.816245,0.943883
SNAP91,0.000000,0.000000,Combined Sources,0.929204,0.816245,0.943883
ERI2,0.000000,0.000000,Combined Sources,0.929204,0.816245,0.943883
NDUFS2,0.000000,0.000000,Combined Sources,0.929204,0.816245,0.943883
UBXN6,0.000000,0.000000,Combined Sources,0.929204,0.816245,0.943883
CROCCP3,0.000000,0.000000,Combined Sources,0.929204,0.816245,0.943883
C1QB,0.000000,0.000000,Combined Sources,0.929204,0.816245,0.943883
DHX57,0.000000,0.000000,Combined Sources,0.929204,0.816245,0.943883
SATB2,0.000000,0.000000,Combined Sources,0.929204,0.816245,0.943883
CRYAB,0.000000,0.000000,Combined Sources,0.929204,0.816245,0.943883
ENSA,0.000000,0.000000,Combined Sources,0.929204,0.816245,0.943883
ST6GALNAC2,0.000000,0.000000,Combined Sources,0.929204,0.816245,0.943883
NAT9,0.000000,0.000000,Combined Sources,0.929204,0.816245,0.943883
TUBB2B,0.000000,0.000000,Combined Sources,0.929204,0.816245,0.943883
AOX1,0.000000,0.000000,Combined Sources,0.929204,0.816245,0.943883
VAMP3,0.000000,0.000000,Combined Sources,0.929204,0.816245,0.943883
HIRA,0.000000,0.000000,Combined Sources,0.929204,0.816245,0.943883
HGD,0.000000,0.000000,Combined Sources,0.929204,0.816245,0.943883
POSTN,0.000000,0.000000,Combined Sources,0.929204,0.816245,0.943883
MTCH2,0.000000,0.000000,Combined Sources,0.929204,0.816245,0.943883
STX8,0.000000,0.000000,Combined Sources,0.929204,0.816245,0.943883
RPS14,0.000000,0.000000,Combined Sources,0.929204,0.816245,0.943883
EPB41L2,0.000000,0.000000,Combined Sources,0.929204,0.816245,0.943883
DOCK2,0.000000,0.000000,Combined Sources,0.929204,0.816245,0.943883
S1PR5,0.000000,0.000000,Combined Sources,0.929204,0.816245,0.943883
SRSF10,0.000000,0.000000,Combined Sources,0.929204,0.816245,0.943883
TOMM22,0.000000,0.000000,Combined Sources,0.929204,0.816245,0.943883
ZIC1,0.000000,0.000000,Combined Sources,0.929204,0.816245,0.943883
SNRPB2,0.000000,0.000000,Combined Sources,0.929204,0.816245,0.943883
TWSG1,0.000000,0.000000,Combined Sources,0.929204,0.816245,0.943883
MCM7,0.000000,0.000000,Combined Sources,0.929204,0.816245,0.943883
ARHGAP32,0.000000,0.000000,Combined Sources,0.929204,0.816245,0.943883
PDE1A,0.000000,0.000000,Combined Sources,0.929204,0.816245,0.943883
CHFR,0.000000,0.000000,Combined Sources,0.929204,0.816245,0.943883
CTSE,0.000000,0.000000,Combined Sources,0.929204,0.816245,0.943883
EHHADH,0.000000,0.000000,Combined Sources,0.929204,0.816245,0.943883
RDH8,0.000000,0.000000,Combined Sources,0.929204,0.816245,0.943883
PEX1,0.000000,0.000000,Combined Sources,0.929204,0.816245,0.943883
STAG1,0.000000,0.000000,Combined Sources,0.929204,0.816245,0.943883
ASB13,0.000000,0.000000,Combined Sources,0.929204,0.816245,0.943883
PRDX6,0.000000,0.000000,Combined Sources,0.929204,0.816245,0.943883
TERF2IP,0.000000,0.000000,Combined Sources,0.929204,0.816245,0.943883
NES,0.000000,0.000000,Combined Sources,0.929204,0.816245,0.943883
NCALD,0.000000,0.000000,Combined Sources,0.929204,0.816245,0.943883
FAHD2A,0.000000,0.000000,Combined Sources,0.929204,0.816245,0.943883
FZD9,0.000000,0.000000,Combined Sources,0.929204,0.816245,0.943883
MAN1A1,0.000000,0.000000,Combined Sources,0.929204,0.816245,0.943883
OR2C1,0.000000,0.000000,Combined Sources,0.929204,0.816245,0.943883
STX3,0.000000,0.000000,Combined Sources,0.929204,0.816245,0.943883
BBIP1,0.000000,0.000000,Combined Sources,0.929204,0.816245,0.943883
PRAF2,0.000000,0.000000,Combined Sources,0.929204,0.816245,0.943883
SNRNP40,0.000000,0.000000,Combined Sources,0.929204,0.816245,0.943883
EAF2,0.000000,0.000000,Combined Sources,0.929204,0.816245,0.943883
B3GAT3,0.000000,0.000000,Combined Sources,0.929204,0.816245,0.943883
ST3GAL5,0.000000,0.000000,Combined Sources,0.929204,0.816245,0.943883
B4GALT2,0.000000,0.000000,Combined Sources,0.929204,0.816245,0.943883
CROCC,0.000000,0.000000,Combined Sources,0.929204,0.816245,0.943883
TEX14,0.000000,0.000000,Combined Sources,0.929204,0.816245,0.943883
FKBP10,0.000000,0.000000,Combined Sources,0.929204,0.816245,0.943883
CHPF2,0.000000,0.000000,Combined Sources,0.929204,0.816245,0.943883
SPATA6,0.000000,0.000000,Combined Sources,0.929204,0.816245,0.943883
MED17,0.000000,0.000000,Combined Sources,0.929204,0.816245,0.943883
KIF1C,0.000000,0.000000,Combined Sources,0.929204,0.816245,0.943883
NOL4,0.000000,0.000000,Combined Sources,0.929204,0.816245,0.943883
FCGRT,0.000000,0.000000,Combined Sources,0.929204,0.816245,0.943883
GAP43,0.000000,0.000000,Combined Sources,0.929204,0.816245,0.943883
NAGPA,0.000000,0.000000,Combined Sources,0.929204,0.816245,0.943883
VPS4A,0.000000,0.000000,Combined Sources,0.929204,0.816245,0.943883
NEK1,0.000000,0.000000,Combined Sources,0.929204,0.816245,0.943883
LILRB2,0.000000,0.000000,Combined Sources,0.929204,0.816245,0.943883
TOM1L2,0.000000,0.000000,Combined Sources,0.929204,0.816245,0.943883
DDX23,0.000000,0.000000,Combined Sources,0.929204,0.816245,0.943883
PLEKHB2,0.000000,0.000000,Combined Sources,0.929204,0.816245,0.943883
CRELD1,0.000000,0.000000,Combined Sources,0.929204,0.816245,0.943883
RBM41,0.000000,0.000000,Combined Sources,0.929204,0.816245,0.943883
ARID1A,0.000000,0.000000,Combined Sources,0.929204,0.816245,0.943883
ABCC6,0.000000,0.000000,Combined Sources,0.929204,0.816245,0.943883
TRAPPC12,0.000000,0.000000,Combined Sources,0.929204,0.816245,0.943883
KSR1,0.000000,0.000000,Combined Sources,0.929204,0.816245,0.943883
B4GALT1,0.000000,0.000000,Combined Sources,0.929204,0.816245,0.943883
FILIP1L,0.000000,0.000000,Combined Sources,0.929204,0.816245,0.943883
FGF12,0.000000,0.000000,Combined Sources,0.929204,0.816245,0.943883
NAGK,0.000000,0.000000,Combined Sources,0.929204,0.816245,0.943883
NAT10,0.000000,0.000000,Combined Sources,0.929204,0.816245,0.943883
GNL3L,0.000000,0.000000,Combined Sources,0.929204,0.816245,0.943883
PRPSAP2,0.000000,0.000000,Combined Sources,0.929204,0.816245,0.943883
ONECUT2,0.000000,0.000000,Combined Sources,0.929204,0.816245,0.943883
ISOC2,0.000000,0.000000,Combined Sources,0.929204,0.816245,0.943883
HNRNPA0,0.000000,0.000000,Combined Sources,0.929204,0.816245,0.943883
CLUL1,0.000000,0.000000,Combined Sources,0.929204,0.816245,0.943883
HSD17B10,0.000000,0.000000,Combined Sources,0.929204,0.816245,0.943883
GINS4,0.000000,0.000000,Combined Sources,0.929204,0.816245,0.943883
CLC,0.000000,0.000000,Combined Sources,0.929204,0.816245,0.943883
PHF14,0.000000,0.000000,Combined Sources,0.929204,0.816245,0.943883
PTPRE,0.000000,0.000000,Combined Sources,0.929204,0.816245,0.943883
FGF20,0.000000,0.000000,Combined Sources,0.929204,0.816245,0.943883
GRIA2,0.000000,0.000000,Combined Sources,0.929204,0.816245,0.943883
PPCDC,0.000000,0.000000,Combined Sources,0.929204,0.816245,0.943883
LDLR,0.000000,0.000000,Combined Sources,0.929204,0.816245,0.943883
PIP4K2B,0.000000,0.000000,Combined Sources,0.929204,0.816245,0.943883
GNE,0.000000,0.000000,Combined Sources,0.929204,0.816245,0.943883
NOS2,0.000000,0.000000,Combined Sources,0.929204,0.816245,0.943883
ALDOC,0.000000,0.000000,Combined Sources,0.929204,0.816245,0.943883
CAMK2G,0.000000,0.000000,Combined Sources,0.929204,0.816245,0.943883
GREB1L,0.000000,0.000000,Combined Sources,0.929204,0.816245,0.943883
HERC3,0.000000,0.000000,Combined Sources,0.929204,0.816245,0.943883
GFI1B,0.000000,0.000000,Combined Sources,0.929204,0.816245,0.943883
IGF1R,0.000000,0.000000,Combined Sources,0.929204,0.816245,0.943883
LUZP2,0.000000,0.000000,Combined Sources,0.929204,0.816245,0.943883
USP9X,0.000000,0.000000,Combined Sources,0.929204,0.816245,0.943883
C1orf56,0.000000,0.000000,Combined Sources,0.929204,0.816245,0.943883
PDE11A,0.000000,0.000000,Combined Sources,0.929204,0.816245,0.943883
PHEX,0.000000,0.000000,Combined Sources,0.929204,0.816245,0.943883
PJA2,0.000000,0.000000,Combined Sources,0.929204,0.816245,0.943883
THOC2,0.000000,0.000000,Combined Sources,0.929204,0.816245,0.943883
DUSP26,0.000000,0.000000,Combined Sources,0.929204,0.816245,0.943883
SLC15A2,0.000000,0.000000,Combined Sources,0.929204,0.816245,0.943883
AMPD3,0.000000,0.000000,Combined Sources,0.929204,0.816245,0.943883
C3,0.000000,0.000000,Combined Sources,0.929204,0.816245,0.943883
RBBP5,0.000000,0.000000,Combined Sources,0.929204,0.816245,0.943883
FKBP8,0.000000,0.000000,Combined Sources,0.929204,0.816245,0.943883
DLG2,0.000000,0.000000,Combined Sources,0.929204,0.816245,0.943883
FURIN,0.000000,0.000000,Combined Sources,0.929204,0.816245,0.943883
FAM83E,0.000000,0.000000,Combined Sources,0.929204,0.816245,0.943883
ANKS1B,0.000000,0.000000,Combined Sources,0.929204,0.816245,0.943883
SPCS1,0.000000,0.000000,Combined Sources,0.929204,0.816245,0.943883
ZNF250,0.000000,0.000000,Combined Sources,0.929204,0.816245,0.943883
MOGS,0.000000,0.000000,Combined Sources,0.929204,0.816245,0.943883
DNAJC13,0.000000,0.000000,Combined Sources,0.929204,0.816245,0.943883
VGLL3,0.000000,0.000000,Combined Sources,0.929204,0.816245,0.943883
CCKAR,0.000000,0.000000,Combined Sources,0.929204,0.816245,0.943883
ZNF695,0.000000,0.000000,Combined Sources,0.929204,0.816245,0.943883
HPS6,0.000000,0.000000,Combined Sources,0.929204,0.816245,0.943883
RAD21L1,0.000000,0.000000,Combined Sources,0.929204,0.816245,0.943883
RPAP3,0.000000,0.000000,Combined Sources,0.929204,0.816245,0.943883
TNFRSF4,0.000000,0.000000,Combined Sources,0.929204,0.816245,0.943883
ULK4,0.000000,0.000000,Combined Sources,0.929204,0.816245,0.943883
RNPEP,0.000000,0.000000,Combined Sources,0.929204,0.816245,0.943883
NT5DC2,0.000000,0.000000,Combined Sources,0.929204,0.816245,0.943883
TXNDC9,0.000000,0.000000,Combined Sources,0.929204,0.816245,0.943883
NTHL1,0.000000,0.000000,Combined Sources,0.929204,0.816245,0.943883
PDCD1,0.000000,0.000000,Combined Sources,0.929204,0.816245,0.943883
ZXDC,0.000000,0.000000,Combined Sources,0.929204,0.816245,0.943883
LANCL2,0.000000,0.000000,Combined Sources,0.929204,0.816245,0.943883
TTN,0.000000,0.000000,Combined Sources,0.929204,0.816245,0.943883
GPD1,0.000000,0.000000,Combined Sources,0.929204,0.816245,0.943883
MIA3,0.000000,0.000000,Combined Sources,0.929204,0.816245,0.943883
ALG13,0.000000,0.000000,Combined Sources,0.929204,0.816245,0.943883
TOMM6,0.000000,0.000000,Combined Sources,0.929204,0.816245,0.943883
VRTN,0.000000,0.000000,Combined Sources,0.929204,0.816245,0.943883
BTN3A2,0.000000,0.000000,Combined Sources,0.929204,0.816245,0.943883
ASNSD1,0.000000,0.000000,Combined Sources,0.929204,0.816245,0.943883
CRY1,0.000000,0.000000,Combined Sources,0.929204,0.816245,0.943883
BCKDHB,0.000000,0.000000,Combined Sources,0.929204,0.816245,0.943883
FAM168B,0.000000,0.000000,Combined Sources,0.929204,0.816245,0.943883
AIFM1,0.000000,0.000000,Combined Sources,0.929204,0.816245,0.943883
WASF3,0.000000,0.000000,Combined Sources,0.929204,0.816245,0.943883
CSDE1,0.000000,0.000000,Combined Sources,0.929204,0.816245,0.943883
PAPPA2,0.000000,0.000000,Combined Sources,0.929204,0.816245,0.943883
F2,0.000000,0.000000,Combined Sources,0.929204,0.816245,0.943883
CELA2B,0.000000,0.000000,Combined Sources,0.929204,0.816245,0.943883
ACSF2,0.000000,0.000000,Combined Sources,0.929204,0.816245,0.943883
TMEM45A,0.000000,0.000000,Combined Sources,0.929204,0.816245,0.943883
BACE2,0.000000,0.000000,Combined Sources,0.929204,0.816245,0.943883
DENND4A,0.000000,0.000000,Combined Sources,0.929204,0.816245,0.943883
IDH2,0.000000,0.000000,Combined Sources,0.929204,0.816245,0.943883
LCOR,0.000000,0.000000,Combined Sources,0.929204,0.816245,0.943883
ACADS,0.000000,0.000000,Combined Sources,0.929204,0.816245,0.943883
ADO,0.000000,0.000000,Combined Sources,0.929204,0.816245,0.943883
FBXO31,0.000000,0.000000,Combined Sources,0.929204,0.816245,0.943883
GMPR,0.000000,0.000000,Combined Sources,0.929204,0.816245,0.943883
HSPA5,0.000000,0.000000,Combined Sources,0.929204,0.816245,0.943883
EXT2,0.000000,0.000000,Combined Sources,0.929204,0.816245,0.943883
PAFAH1B2,0.000000,0.000000,Combined Sources,0.929204,0.816245,0.943883
COX7C,0.000000,0.000000,Combined Sources,0.929204,0.816245,0.943883
EBP,0.000000,0.000000,Combined Sources,0.929204,0.816245,0.943883
HMHB1,0.000000,0.000000,Combined Sources,0.929204,0.816245,0.943883
FMO1,0.000000,0.000000,Combined Sources,0.929204,0.816245,0.943883
MYRIP,0.000000,0.000000,Combined Sources,0.929204,0.816245,0.943883
PCGF1,0.000000,0.000000,Combined Sources,0.929204,0.816245,0.943883
SLC25A13,0.000000,0.000000,Combined Sources,0.929204,0.816245,0.943883
SESN1,0.000000,0.000000,Combined Sources,0.929204,0.816245,0.943883
HMGCL,0.000000,0.000000,Combined Sources,0.929204,0.816245,0.943883
CSH2,0.000000,0.000000,Combined Sources,0.929204,0.816245,0.943883
CARD10,0.000000,0.000000,Combined Sources,0.929204,0.816245,0.943883
MEF2A,0.000000,0.000000,Combined Sources,0.929204,0.816245,0.943883
PMVK,0.000000,0.000000,Combined Sources,0.929204,0.816245,0.943883
PPY,0.000000,0.000000,Combined Sources,0.929204,0.816245,0.943883
CASZ1,0.000000,0.000000,Combined Sources,0.929204,0.816245,0.943883
NUDT11,0.000000,0.000000,Combined Sources,0.929204,0.816245,0.943883
TOR1AIP1,0.000000,0.000000,Combined Sources,0.929204,0.816245,0.943883
TMEM106C,0.000000,0.000000,Combined Sources,0.929204,0.816245,0.943883
ACO1,0.000000,0.000000,Combined Sources,0.929204,0.816245,0.943883
COX6C,0.000000,0.000000,Combined Sources,0.929204,0.816245,0.943883
CPLX2,0.000000,0.000000,Combined Sources,0.929204,0.816245,0.943883
NR2C1,0.000000,0.000000,Combined Sources,0.929204,0.816245,0.943883
PDCL,0.000000,0.000000,Combined Sources,0.929204,0.816245,0.943883
PPME1,0.000000,0.000000,Combined Sources,0.929204,0.816245,0.943883
ASMTL,0.000000,0.000000,Combined Sources,0.929204,0.816245,0.943883
ENOPH1,0.000000,0.000000,Combined Sources,0.929204,0.816245,0.943883
HMGB2,0.000000,0.000000,Combined Sources,0.929204,0.816245,0.943883
PGK2,0.000000,0.000000,Combined Sources,0.929204,0.816245,0.943883
POLR1C,0.000000,0.000000,Combined Sources,0.929204,0.816245,0.943883
FAM90A1,0.000000,0.000000,Combined Sources,0.929204,0.816245,0.943883
HSD11B2,0.000000,0.000000,Combined Sources,0.929204,0.816245,0.943883
TPSD1,0.000000,0.000000,Combined Sources,0.929204,0.816245,0.943883
LAG3,0.000000,0.000000,Combined Sources,0.929204,0.816245,0.943883
LCK,0.000000,0.000000,Combined Sources,0.929204,0.816245,0.943883
PERP,0.000000,0.000000,Combined Sources,0.929204,0.816245,0.943883
LSM2,0.000000,0.000000,Combined Sources,0.929204,0.816245,0.943883
NUCB1,0.000000,0.000000,Combined Sources,0.929204,0.816245,0.943883
LILRB4,0.000000,0.000000,Combined Sources,0.929204,0.816245,0.943883
CFB,0.000000,0.000000,Combined Sources,0.929204,0.816245,0.943883
NEK9,0.000000,0.000000,Combined Sources,0.929204,0.816245,0.943883
NEO1,0.000000,0.000000,Combined Sources,0.929204,0.816245,0.943883
MAP1S,0.000000,0.000000,Combined Sources,0.929204,0.816245,0.943883
PHF7,0.000000,0.000000,Combined Sources,0.929204,0.816245,0.943883
ZCCHC8,0.000000,0.000000,Combined Sources,0.929204,0.816245,0.943883
GAPDHS,0.000000,0.000000,Combined Sources,0.929204,0.816245,0.943883
AGBL5,0.000000,0.000000,Combined Sources,0.929204,0.816245,0.943883
LRP1,0.000000,0.000000,Combined Sources,0.929204,0.816245,0.943883
ENTPD4,0.000000,0.000000,Combined Sources,0.929204,0.816245,0.943883
PRKACG,0.000000,0.000000,Combined Sources,0.929204,0.816245,0.943883
GJA8,0.000000,0.000000,Combined Sources,0.929204,0.816245,0.943883
FOXF2,0.000000,0.000000,Combined Sources,0.929204,0.816245,0.943883
CAB39L,0.000000,0.000000,Combined Sources,0.929204,0.816245,0.943883
LIPF,0.000000,0.000000,Combined Sources,0.929204,0.816245,0.943883
MYO1A,0.000000,0.000000,Combined Sources,0.929204,0.816245,0.943883
MAP3K9,0.000000,0.000000,Combined Sources,0.929204,0.816245,0.943883
WDR19,0.000000,0.000000,Combined Sources,0.929204,0.816245,0.943883
CBY1,0.000000,0.000000,Combined Sources,0.929204,0.816245,0.943883
CSTA,0.000000,0.000000,Combined Sources,0.929204,0.816245,0.943883
PARK7,0.000000,0.000000,Combined Sources,0.929204,0.816245,0.943883
HAAO,0.000000,0.000000,Combined Sources,0.929204,0.816245,0.943883
GIPC1,0.000000,0.000000,Combined Sources,0.929204,0.816245,0.943883
RBM34,0.000000,0.000000,Combined Sources,0.929204,0.816245,0.943883
ZNF536,0.000000,0.000000,Combined Sources,0.929204,0.816245,0.943883
CCNF,0.000000,0.000000,Combined Sources,0.929204,0.816245,0.943883
SOX5,0.000000,0.000000,Combined Sources,0.929204,0.816245,0.943883
NEFM,0.000000,0.000000,Combined Sources,0.929204,0.816245,0.943883
INPP4B,0.000000,0.000000,Combined Sources,0.929204,0.816245,0.943883
GTF3A,0.000000,0.000000,Combined Sources,0.929204,0.816245,0.943883
TPCN1,0.000000,0.000000,Combined Sources,0.929204,0.816245,0.943883
ARHGAP44,0.000000,0.000000,Combined Sources,0.929204,0.816245,0.943883
MRPL17,0.000000,0.000000,Combined Sources,0.929204,0.816245,0.943883
RPL39L,0.000000,0.000000,Combined Sources,0.929204,0.816245,0.943883
TFR2,0.000000,0.000000,Combined Sources,0.929204,0.816245,0.943883
BLNK,0.000000,0.000000,Combined Sources,0.929204,0.816245,0.943883
DEF8,0.000000,0.000000,Combined Sources,0.929204,0.816245,0.943883
RTN2,0.000000,0.000000,Combined Sources,0.929204,0.816245,0.943883
CALCA,0.000000,0.000000,Combined Sources,0.929204,0.816245,0.943883
FH,0.000000,0.000000,Combined Sources,0.929204,0.816245,0.943883
MRPL23,0.000000,0.000000,Combined Sources,0.929204,0.816245,0.943883
NPRL2,0.000000,0.000000,Combined Sources,0.929204,0.816245,0.943883
CXCL1,0.000000,0.000000,Combined Sources,0.929204,0.816245,0.943883
ARID3A,0.000000,0.000000,Combined Sources,0.929204,0.816245,0.943883
TMEM126B,0.000000,0.000000,Combined Sources,0.929204,0.816245,0.943883
CTSB,0.000000,0.000000,Combined Sources,0.929204,0.816245,0.943883
MC1R,0.000000,0.000000,Combined Sources,0.929204,0.816245,0.943883
VCAM1,0.000000,0.000000,Combined Sources,0.929204,0.816245,0.943883
TNS1,0.000000,0.000000,Combined Sources,0.929204,0.816245,0.943883
PURG,0.000000,0.000000,Combined Sources,0.929204,0.816245,0.943883
CAST,0.000000,0.000000,Combined Sources,0.929204,0.816245,0.943883
TTC27,0.000000,0.000000,Combined Sources,0.929204,0.816245,0.943883
CNN1,0.000000,0.000000,Combined Sources,0.929204,0.816245,0.943883
HFE,0.000000,0.000000,Combined Sources,0.929204,0.816245,0.943883
ERCC2,0.000000,0.000000,Combined Sources,0.929204,0.816245,0.943883
FKBP14,0.000000,0.000000,Combined Sources,0.929204,0.816245,0.943883
MYCT1,0.000000,0.000000,Combined Sources,0.929204,0.816245,0.943883
EDDM3B,0.000000,0.000000,Combined Sources,0.929204,0.816245,0.943883
RCC1,0.000000,0.000000,Combined Sources,0.929204,0.816245,0.943883
RAB14,0.000000,0.000000,Combined Sources,0.929204,0.816245,0.943883
SPAST,0.000000,0.000000,Combined Sources,0.929204,0.816245,0.943883
ACTA1,0.000000,0.000000,Combined Sources,0.929204,0.816245,0.943883
RASA3,0.000000,0.000000,Combined Sources,0.929204,0.816245,0.943883
APBB2,0.000000,0.000000,Combined Sources,0.929204,0.816245,0.943883
SCARB1,0.000000,0.000000,Combined Sources,0.929204,0.816245,0.943883
SLC16A10,0.000000,0.000000,Combined Sources,0.929204,0.816245,0.943883
PLIN2,0.000000,0.000000,Combined Sources,0.929204,0.816245,0.943883
NMT1,0.000000,0.000000,Combined Sources,0.929204,0.816245,0.943883
NKX6-1,0.000000,0.000000,Combined Sources,0.929204,0.816245,0.943883
GTF2E2,0.000000,0.000000,Combined Sources,0.929204,0.816245,0.943883
NOC3L,0.000000,0.000000,Combined Sources,0.929204,0.816245,0.943883
TAOK2,0.000000,0.000000,Combined Sources,0.929204,0.816245,0.943883
CSNK2A1,0.000000,0.000000,Combined Sources,0.929204,0.816245,0.943883
BRAP,0.000000,0.000000,Combined Sources,0.929204,0.816245,0.943883
SLC12A3,0.000000,0.000000,Combined Sources,0.929204,0.816245,0.943883
LIMS2,0.000000,0.000000,Combined Sources,0.929204,0.816245,0.943883
CTR9,0.000000,0.000000,Combined Sources,0.929204,0.816245,0.943883
PTPRB,0.000000,0.000000,Combined Sources,0.929204,0.816245,0.943883
SNED1,0.000000,0.000000,Combined Sources,0.929204,0.816245,0.943883
ACYP2,0.000000,0.000000,Combined Sources,0.929204,0.816245,0.943883
STK11,0.000000,0.000000,Combined Sources,0.929204,0.816245,0.943883
DGCR5,0.000000,0.000000,Combined Sources,0.929204,0.816245,0.943883
IL6ST,0.000000,0.000000,Combined Sources,0.929204,0.816245,0.943883
SKA1,0.000000,0.000000,Combined Sources,0.929204,0.816245,0.943883
CCT8,0.000000,0.000000,Combined Sources,0.929204,0.816245,0.943883
ZNF227,0.000000,0.000000,Combined Sources,0.929204,0.816245,0.943883
SIT1,0.000000,0.000000,Combined Sources,0.929204,0.816245,0.943883
P2RX6,0.000000,0.000000,Combined Sources,0.929204,0.816245,0.943883
MADD,0.000000,0.000000,Combined Sources,0.929204,0.816245,0.943883
ZNF76,0.000000,0.000000,Combined Sources,0.929204,0.816245,0.943883
RAB7A,0.000000,0.000000,Combined Sources,0.929204,0.816245,0.943883
UBASH3A,0.000000,0.000000,Combined Sources,0.929204,0.816245,0.943883
TADA3,0.000000,0.000000,Combined Sources,0.929204,0.816245,0.943883
SLC6A8,0.000000,0.000000,Combined Sources,0.929204,0.816245,0.943883
USP4,0.000000,0.000000,Combined Sources,0.929204,0.816245,0.943883
KCTD7,0.000000,0.000000,Combined Sources,0.929204,0.816245,0.943883
NAV3,0.000000,0.000000,Combined Sources,0.929204,0.816245,0.943883
PKD2,0.000000,0.000000,Combined Sources,0.929204,0.816245,0.943883
CELF2,0.000000,0.000000,Combined Sources,0.929204,0.816245,0.943883
DPF2,0.000000,0.000000,Combined Sources,0.929204,0.816245,0.943883
F8,0.000000,0.000000,Combined Sources,0.929204,0.816245,0.943883
NEU1,0.000000,0.000000,Combined Sources,0.929204,0.816245,0.943883
C6,0.000000,0.000000,Combined Sources,0.929204,0.816245,0.943883
AVPR1A,0.000000,0.000000,Combined Sources,0.929204,0.816245,0.943883
MAPK1,0.000000,0.000000,Combined Sources,0.929204,0.816245,0.943883
DAZL,0.000000,0.000000,Combined Sources,0.929204,0.816245,0.943883
FLOT1,0.000000,0.000000,Combined Sources,0.929204,0.816245,0.943883
SH3BP5,0.000000,0.000000,Combined Sources,0.929204,0.816245,0.943883
RNMT,0.000000,0.000000,Combined Sources,0.929204,0.816245,0.943883
F5,0.000000,0.000000,Combined Sources,0.929204,0.816245,0.943883
INHBB,0.000000,0.000000,Combined Sources,0.929204,0.816245,0.943883
SYNPO,0.000000,0.000000,Combined Sources,0.929204,0.816245,0.943883
RHOF,0.000000,0.000000,Combined Sources,0.929204,0.816245,0.943883
HES1,0.000000,0.000000,Combined Sources,0.929204,0.816245,0.943883
COL11A1,0.000000,0.000000,Combined Sources,0.929204,0.816245,0.943883
RNF14,0.000000,0.000000,Combined Sources,0.929204,0.816245,0.943883
CRIP1,0.000000,0.000000,Combined Sources,0.929204,0.816245,0.943883
IFI30,0.000000,0.000000,Combined Sources,0.929204,0.816245,0.943883
ST8SIA3,0.000000,0.000000,Combined Sources,0.929204,0.816245,0.943883
WBP2,0.000000,0.000000,Combined Sources,0.929204,0.816245,0.943883
KLK7,0.000000,0.000000,Combined Sources,0.929204,0.816245,0.943883
NRL,0.000000,0.000000,Combined Sources,0.929204,0.816245,0.943883
MTMR11,0.000000,0.000000,Combined Sources,0.929204,0.816245,0.943883
PRDM16,0.000000,0.000000,Combined Sources,0.929204,0.816245,0.943883
USP8,0.000000,0.000000,Combined Sources,0.929204,0.816245,0.943883
HIBCH,0.000000,0.000000,Combined Sources,0.929204,0.816245,0.943883
SYT11,0.000000,0.000000,Combined Sources,0.929204,0.816245,0.943883
REPS2,0.000000,0.000000,Combined Sources,0.929204,0.816245,0.943883
PHTF1,0.000000,0.000000,Combined Sources,0.929204,0.816245,0.943883
GABRR1,0.000000,0.000000,Combined Sources,0.929204,0.816245,0.943883
HMGCS1,0.000000,0.000000,Combined Sources,0.929204,0.816245,0.943883
COL9A3,0.000000,0.000000,Combined Sources,0.929204,0.816245,0.943883
RAB8B,0.000000,0.000000,Combined Sources,0.929204,0.816245,0.943883
IL18RAP,0.000000,0.000000,Combined Sources,0.929204,0.816245,0.943883
KIF21B,0.000000,0.000000,Combined Sources,0.929204,0.816245,0.943883
MRPS14,0.000000,0.000000,Combined Sources,0.929204,0.816245,0.943883
KIN,0.000000,0.000000,Combined Sources,0.929204,0.816245,0.943883
NSFL1C,0.000000,0.000000,Combined Sources,0.929204,0.816245,0.943883
PI15,0.000000,0.000000,Combined Sources,0.929204,0.816245,0.943883
RAP1GAP2,0.000000,0.000000,Combined Sources,0.929204,0.816245,0.943883
CISD1,0.000000,0.000000,Combined Sources,0.929204,0.816245,0.943883
IFT20,0.000000,0.000000,Combined Sources,0.929204,0.816245,0.943883
ASGR2,0.000000,0.000000,Combined Sources,0.929204,0.816245,0.943883
SLC4A1,0.000000,0.000000,Combined Sources,0.929204,0.816245,0.943883
ITGAL,0.000000,0.000000,Combined Sources,0.929204,0.816245,0.943883
FBXO22,0.000000,0.000000,Combined Sources,0.929204,0.816245,0.943883
AGGF1,0.000000,0.000000,Combined Sources,0.929204,0.816245,0.943883
FADS1,0.000000,0.000000,Combined Sources,0.929204,0.816245,0.943883
MAN1B1,0.000000,0.000000,Combined Sources,0.929204,0.816245,0.943883
NME6,0.000000,0.000000,Combined Sources,0.929204,0.816245,0.943883
ATP10A,0.000000,0.000000,Combined Sources,0.929204,0.816245,0.943883
GOLGA3,0.000000,0.000000,Combined Sources,0.929204,0.816245,0.943883
IMPA2,0.000000,0.000000,Combined Sources,0.929204,0.816245,0.943883
CPS1-IT1,0.000000,0.000000,Combined Sources,0.929204,0.816245,0.943883
TM4SF20,0.000000,0.000000,Combined Sources,0.929204,0.816245,0.943883
RGS19,0.000000,0.000000,Combined Sources,0.929204,0.816245,0.943883
SP140L,0.000000,0.000000,Combined Sources,0.929204,0.816245,0.943883
VENTX,0.000000,0.000000,Combined Sources,0.929204,0.816245,0.943883
ANP32D,0.000000,0.000000,Combined Sources,0.929204,0.816245,0.943883
KLHL21,0.000000,0.000000,Combined Sources,0.929204,0.816245,0.943883
OR10H1,0.000000,0.000000,Combined Sources,0.929204,0.816245,0.943883
APOM,0.000000,0.000000,Combined Sources,0.929204,0.816245,0.943883
PTPN12,0.000000,0.000000,Combined Sources,0.929204,0.816245,0.943883
TXNDC16,0.000000,0.000000,Combined Sources,0.929204,0.816245,0.943883
ISG15,0.000000,0.000000,Combined Sources,0.929204,0.816245,0.943883
INSRR,0.000000,0.000000,Combined Sources,0.929204,0.816245,0.943883
SCN2A,0.000000,0.000000,Combined Sources,0.929204,0.816245,0.943883
OAS3,0.000000,0.000000,Combined Sources,0.929204,0.816245,0.943883
STK17A,0.000000,0.000000,Combined Sources,0.929204,0.816245,0.943883
ANXA2,0.000000,0.000000,Combined Sources,0.929204,0.816245,0.943883
SPAG11B,0.000000,0.000000,Combined Sources,0.929204,0.816245,0.943883
FZR1,0.000000,0.000000,Combined Sources,0.929204,0.816245,0.943883
GABRA1,0.000000,0.000000,Combined Sources,0.929204,0.816245,0.943883
CTC1,0.000000,0.000000,Combined Sources,0.929204,0.816245,0.943883
FOXE3,0.000000,0.000000,Combined Sources,0.929204,0.816245,0.943883
ASAP1,0.000000,0.000000,Combined Sources,0.929204,0.816245,0.943883
SKAP2,0.000000,0.000000,Combined Sources,0.929204,0.816245,0.943883
KDM6A,0.000000,0.000000,Combined Sources,0.929204,0.816245,0.943883
STAR,0.000000,0.000000,Combined Sources,0.929204,0.816245,0.943883
CALU,0.000000,0.000000,Combined Sources,0.929204,0.816245,0.943883
PPID,0.000000,0.000000,Combined Sources,0.929204,0.816245,0.943883
PRAMEF11,0.000000,0.000000,Combined Sources,0.929204,0.816245,0.943883
TMEM185B,0.000000,0.000000,Combined Sources,0.929204,0.816245,0.943883
KRT81,0.000000,0.000000,Combined Sources,0.929204,0.816245,0.943883
AKAP7,0.000000,0.000000,Combined Sources,0.929204,0.816245,0.943883
RSL1D1,0.000000,0.000000,Combined Sources,0.929204,0.816245,0.943883
NGRN,0.000000,0.000000,Combined Sources,0.929204,0.816245,0.943883
SLC6A15,0.000000,0.000000,Combined Sources,0.929204,0.816245,0.943883
AVL9,0.000000,0.000000,Combined Sources,0.929204,0.816245,0.943883
EPM2AIP1,0.000000,0.000000,Combined Sources,0.929204,0.816245,0.943883
FAM182B,0.000000,0.000000,Combined Sources,0.929204,0.816245,0.943883
KCNK15,0.000000,0.000000,Combined Sources,0.929204,0.816245,0.943883
VEGFA,0.000000,0.000000,Combined Sources,0.929204,0.816245,0.943883
TBL1X,0.000000,0.000000,Combined Sources,0.929204,0.816245,0.943883
SLC25A40,0.000000,0.000000,Combined Sources,0.929204,0.816245,0.943883
NFRKB,0.000000,0.000000,Combined Sources,0.929204,0.816245,0.943883
MAX,0.000000,0.000000,Combined Sources,0.929204,0.816245,0.943883
PYHIN1,0.000000,0.000000,Combined Sources,0.929204,0.816245,0.943883
NAB2,0.000000,0.000000,Combined Sources,0.929204,0.816245,0.943883
YWHAZ,0.000000,0.000000,Combined Sources,0.929204,0.816245,0.943883
GPC3,0.000000,0.000000,Combined Sources,0.929204,0.816245,0.943883
CRTAM,0.000000,0.000000,Combined Sources,0.929204,0.816245,0.943883
COQ10B,0.000000,0.000000,Combined Sources,0.929204,0.816245,0.943883
CDK7,0.000000,0.000000,Combined Sources,0.929204,0.816245,0.943883
MLANA,0.000000,0.000000,Combined Sources,0.929204,0.816245,0.943883
NMD3,0.000000,0.000000,Combined Sources,0.929204,0.816245,0.943883
SLC26A4,0.000000,0.000000,Combined Sources,0.929204,0.816245,0.943883
ZNF835,0.000000,0.000000,Combined Sources,0.929204,0.816245,0.943883
DHX8,0.000000,0.000000,Combined Sources,0.929204,0.816245,0.943883
SOX18,0.000000,0.000000,Combined Sources,0.929204,0.816245,0.943883
NAPG,0.000000,0.000000,Combined Sources,0.929204,0.816245,0.943883
ADAR,0.000000,0.000000,Combined Sources,0.929204,0.816245,0.943883
CCDC81,0.000000,0.000000,Combined Sources,0.929204,0.816245,0.943883
CCL20,0.000000,0.000000,Combined Sources,0.929204,0.816245,0.943883
ABCA12,0.000000,0.000000,Combined Sources,0.929204,0.816245,0.943883
PLCG1,0.000000,0.000000,Combined Sources,0.929204,0.816245,0.943883
REV3L,0.000000,0.000000,Combined Sources,0.929204,0.816245,0.943883
BCAS4,0.000000,0.000000,Combined Sources,0.929204,0.816245,0.943883
KCNB1,0.000000,0.000000,Combined Sources,0.929204,0.816245,0.943883
KLHL25,0.000000,0.000000,Combined Sources,0.929204,0.816245,0.943883
SLC12A8,0.000000,0.000000,Combined Sources,0.929204,0.816245,0.943883
KIF18A,0.000000,0.000000,Combined Sources,0.929204,0.816245,0.943883
ATF6,0.000000,0.000000,Combined Sources,0.929204,0.816245,0.943883
ENTPD6,0.000000,0.000000,Combined Sources,0.929204,0.816245,0.943883
WDR62,0.000000,0.000000,Combined Sources,0.929204,0.816245,0.943883
PTPRZ1,0.000000,0.000000,Combined Sources,0.929204,0.816245,0.943883
UBE2H,0.000000,0.000000,Combined Sources,0.929204,0.816245,0.943883
MS4A6A,0.000000,0.000000,Combined Sources,0.929204,0.816245,0.943883
PPP3CC,0.000000,0.000000,Combined Sources,0.929204,0.816245,0.943883
A2M,0.000000,0.000000,Combined Sources,0.929204,0.816245,0.943883
KCNB2,0.000000,0.000000,Combined Sources,0.929204,0.816245,0.943883
NRCAM,0.000000,0.000000,Combined Sources,0.929204,0.816245,0.943883
CHST11,0.000000,0.000000,Combined Sources,0.929204,0.816245,0.943883
ABCA11P,0.000000,0.000000,Combined Sources,0.929204,0.816245,0.943883
GABARAPL1,0.000000,0.000000,Combined Sources,0.929204,0.816245,0.943883
TTF1,0.000000,0.000000,Combined Sources,0.929204,0.816245,0.943883
REXO2,0.000000,0.000000,Combined Sources,0.929204,0.816245,0.943883
COQ3,0.000000,0.000000,Combined Sources,0.929204,0.816245,0.943883
NUP205,0.000000,0.000000,Combined Sources,0.929204,0.816245,0.943883
NPHS2,0.000000,0.000000,Combined Sources,0.929204,0.816245,0.943883
ELF2,0.000000,0.000000,Combined Sources,0.929204,0.816245,0.943883
MGST2,0.000000,0.000000,Combined Sources,0.929204,0.816245,0.943883
SOS1,0.000000,0.000000,Combined Sources,0.929204,0.816245,0.943883
TRMT61B,0.000000,0.000000,Combined Sources,0.929204,0.816245,0.943883
NINJ1,0.000000,0.000000,Combined Sources,0.929204,0.816245,0.943883
DPM3,0.000000,0.000000,Combined Sources,0.929204,0.816245,0.943883
RPL10,0.000000,0.000000,Combined Sources,0.929204,0.816245,0.943883
TGM4,0.000000,0.000000,Combined Sources,0.929204,0.816245,0.943883
FBXL8,0.000000,0.000000,Combined Sources,0.929204,0.816245,0.943883
GLP2R,0.000000,0.000000,Combined Sources,0.929204,0.816245,0.943883
USP15,0.000000,0.000000,Combined Sources,0.929204,0.816245,0.943883
ZNF329,0.000000,0.000000,Combined Sources,0.929204,0.816245,0.943883
FNDC3A,0.000000,0.000000,Combined Sources,0.929204,0.816245,0.943883
RNASE6,0.000000,0.000000,Combined Sources,0.929204,0.816245,0.943883
NRGN,0.000000,0.000000,Combined Sources,0.929204,0.816245,0.943883
ARSD,0.000000,0.000000,Combined Sources,0.929204,0.816245,0.943883
HLA-F,0.000000,0.000000,Combined Sources,0.929204,0.816245,0.943883
GLUL,0.000000,0.000000,Combined Sources,0.929204,0.816245,0.943883
DNAJC8,0.000000,0.000000,Combined Sources,0.929204,0.816245,0.943883
MYH7,0.000000,0.000000,Combined Sources,0.929204,0.816245,0.943883
RHBDD3,0.000000,0.000000,Combined Sources,0.929204,0.816245,0.943883
CCNL2,0.000000,0.000000,Combined Sources,0.929204,0.816245,0.943883
PSMB5,0.000000,0.000000,Combined Sources,0.929204,0.816245,0.943883
GLA,0.000000,0.000000,Combined Sources,0.929204,0.816245,0.943883
RAB33A,0.000000,0.000000,Combined Sources,0.929204,0.816245,0.943883
USP20,0.000000,0.000000,Combined Sources,0.929204,0.816245,0.943883
COX7A1,0.000000,0.000000,Combined Sources,0.929204,0.816245,0.943883
TERF2,0.000000,0.000000,Combined Sources,0.929204,0.816245,0.943883
HCCS,0.000000,0.000000,Combined Sources,0.929204,0.816245,0.943883
ADAM23,0.000000,0.000000,Combined Sources,0.929204,0.816245,0.943883
KDM5D,0.000000,0.000000,Combined Sources,0.929204,0.816245,0.943883
PDE2A,0.000000,0.000000,Combined Sources,0.929204,0.816245,0.943883
PEX2,0.000000,0.000000,Combined Sources,0.929204,0.816245,0.943883
DCAKD,0.000000,0.000000,Combined Sources,0.929204,0.816245,0.943883
EZH1,0.000000,0.000000,Combined Sources,0.929204,0.816245,0.943883
PLEKHA2,0.000000,0.000000,Combined Sources,0.929204,0.816245,0.943883
TMEM97,0.000000,0.000000,Combined Sources,0.929204,0.816245,0.943883
TBC1D8B,0.000000,0.000000,Combined Sources,0.929204,0.816245,0.943883
MORC1,0.000000,0.000000,Combined Sources,0.929204,0.816245,0.943883
CSAD,0.000000,0.000000,Combined Sources,0.929204,0.816245,0.943883
GTPBP1,0.000000,0.000000,Combined Sources,0.929204,0.816245,0.943883
MRPL42,0.000000,0.000000,Combined Sources,0.929204,0.816245,0.943883
GBF1,0.000000,0.000000,Combined Sources,0.929204,0.816245,0.943883
NAA40,0.000000,0.000000,Combined Sources,0.929204,0.816245,0.943883
PSMD10,0.000000,0.000000,Combined Sources,0.929204,0.816245,0.943883
THOC5,0.000000,0.000000,Combined Sources,0.929204,0.816245,0.943883
PMS2P1,0.000000,0.000000,Combined Sources,0.929204,0.816245,0.943883
GHSR,0.000000,0.000000,Combined Sources,0.929204,0.816245,0.943883
KLRB1,0.000000,0.000000,Combined Sources,0.929204,0.816245,0.943883
MAVS,0.000000,0.000000,Combined Sources,0.929204,0.816245,0.943883
PDHA1,0.000000,0.000000,Combined Sources,0.929204,0.816245,0.943883
PRRG4,0.000000,0.000000,Combined Sources,0.929204,0.816245,0.943883
PPBP,0.000000,0.000000,Combined Sources,0.929204,0.816245,0.943883
RAC2,0.000000,0.000000,Combined Sources,0.929204,0.816245,0.943883
MFSD5,0.000000,0.000000,Combined Sources,0.929204,0.816245,0.943883
MTRF1L,0.000000,0.000000,Combined Sources,0.929204,0.816245,0.943883
AKAP12,0.000000,0.000000,Combined Sources,0.929204,0.816245,0.943883
ORAI2,0.000000,0.000000,Combined Sources,0.929204,0.816245,0.943883
TAF4,0.000000,0.000000,Combined Sources,0.929204,0.816245,0.943883
ADARB2,0.000000,0.000000,Combined Sources,0.929204,0.816245,0.943883
TREML2,0.000000,0.000000,Combined Sources,0.929204,0.816245,0.943883
AVIL,0.000000,0.000000,Combined Sources,0.929204,0.816245,0.943883
PAMR1,0.000000,0.000000,Combined Sources,0.929204,0.816245,0.943883
REV1,0.000000,0.000000,Combined Sources,0.929204,0.816245,0.943883
TP63,0.000000,0.000000,Combined Sources,0.929204,0.816245,0.943883
CDK5RAP1,0.000000,0.000000,Combined Sources,0.929204,0.816245,0.943883
CBR1,0.000000,0.000000,Combined Sources,0.929204,0.816245,0.943883
SAC3D1,0.000000,0.000000,Combined Sources,0.929204,0.816245,0.943883
ROCK2,0.000000,0.000000,Combined Sources,0.929204,0.816245,0.943883
NKX3-2,0.000000,0.000000,Combined Sources,0.929204,0.816245,0.943883
TYRO3,0.000000,0.000000,Combined Sources,0.929204,0.816245,0.943883
CTNNA2,0.000000,0.000000,Combined Sources,0.929204,0.816245,0.943883
SEMA6A,0.000000,0.000000,Combined Sources,0.929204,0.816245,0.943883
CALML5,0.000000,0.000000,Combined Sources,0.929204,0.816245,0.943883
LIMS1,0.000000,0.000000,Combined Sources,0.929204,0.816245,0.943883
CYP4F2,0.000000,0.000000,Combined Sources,0.929204,0.816245,0.943883
APBB1IP,0.000000,0.000000,Combined Sources,0.929204,0.816245,0.943883
CXXC4,0.000000,0.000000,Combined Sources,0.929204,0.816245,0.943883
CTNNA1,0.000000,0.000000,Combined Sources,0.929204,0.816245,0.943883
PES1,0.000000,0.000000,Combined Sources,0.929204,0.816245,0.943883
ARSA,0.000000,0.000000,Combined Sources,0.929204,0.816245,0.943883
NOP14-AS1,0.000000,0.000000,Combined Sources,0.929204,0.816245,0.943883
SMG5,0.000000,0.000000,Combined Sources,0.929204,0.816245,0.943883
ADCYAP1,0.000000,0.000000,Combined Sources,0.929204,0.816245,0.943883
HEG1,0.000000,0.000000,Combined Sources,0.929204,0.816245,0.943883
CNKSR2,0.000000,0.000000,Combined Sources,0.929204,0.816245,0.943883
PCTP,0.000000,0.000000,Combined Sources,0.929204,0.816245,0.943883
GOLGA2,0.000000,0.000000,Combined Sources,0.929204,0.816245,0.943883
ACSL5,0.000000,0.000000,Combined Sources,0.929204,0.816245,0.943883
UPB1,0.000000,0.000000,Combined Sources,0.929204,0.816245,0.943883
HADHB,0.000000,0.000000,Combined Sources,0.929204,0.816245,0.943883
PPM1D,0.000000,0.000000,Combined Sources,0.929204,0.816245,0.943883
RSPH6A,0.000000,0.000000,Combined Sources,0.929204,0.816245,0.943883
ODAM,0.000000,0.000000,Combined Sources,0.929204,0.816245,0.943883
TEFM,0.000000,0.000000,Combined Sources,0.929204,0.816245,0.943883
UBE2G2,0.000000,0.000000,Combined Sources,0.929204,0.816245,0.943883
ALMS1,0.000000,0.000000,Combined Sources,0.929204,0.816245,0.943883
ABHD11,0.000000,0.000000,Combined Sources,0.929204,0.816245,0.943883
KCNV1,0.000000,0.000000,Combined Sources,0.929204,0.816245,0.943883
PDCD10,0.000000,0.000000,Combined Sources,0.929204,0.816245,0.943883
UBE2B,0.000000,0.000000,Combined Sources,0.929204,0.816245,0.943883
POU5F1P4,0.000000,0.000000,Combined Sources,0.929204,0.816245,0.943883
IFNAR2,0.000000,0.000000,Combined Sources,0.929204,0.816245,0.943883
LIMCH1,0.000000,0.000000,Combined Sources,0.929204,0.816245,0.943883
SPRR2C,0.000000,0.000000,Combined Sources,0.929204,0.816245,0.943883
PPM1A,0.000000,0.000000,Combined Sources,0.929204,0.816245,0.943883
MED6,0.000000,0.000000,Combined Sources,0.929204,0.816245,0.943883
IGLL3P,0.000000,0.000000,Combined Sources,0.929204,0.816245,0.943883
KIT,0.000000,0.000000,Combined Sources,0.929204,0.816245,0.943883
ABAT,0.000000,0.000000,Combined Sources,0.929204,0.816245,0.943883
OPTN,0.000000,0.000000,Combined Sources,0.929204,0.816245,0.943883
CENPM,0.000000,0.000000,Combined Sources,0.929204,0.816245,0.943883
ATAT1,0.000000,0.000000,Combined Sources,0.929204,0.816245,0.943883
IQCG,0.000000,0.000000,Combined Sources,0.929204,0.816245,0.943883
TAF1,0.000000,0.000000,Combined Sources,0.929204,0.816245,0.943883
CLGN,0.000000,0.000000,Combined Sources,0.929204,0.816245,0.943883
MST1,0.000000,0.000000,Combined Sources,0.929204,0.816245,0.943883
RPL10L,0.000000,0.000000,Combined Sources,0.929204,0.816245,0.943883
OGFR,0.000000,0.000000,Combined Sources,0.929204,0.816245,0.943883
ACAD8,0.000000,0.000000,Combined Sources,0.929204,0.816245,0.943883
CXCR2,0.000000,0.000000,Combined Sources,0.929204,0.816245,0.943883
TMEM80,0.000000,0.000000,Combined Sources,0.929204,0.816245,0.943883
TLR6,0.000000,0.000000,Combined Sources,0.929204,0.816245,0.943883
TSPO,0.000000,0.000000,Combined Sources,0.929204,0.816245,0.943883
ITGA6,0.000000,0.000000,Combined Sources,0.929204,0.816245,0.943883
TMEM176A,0.000000,0.000000,Combined Sources,0.929204,0.816245,0.943883
MYO3A,0.000000,0.000000,Combined Sources,0.929204,0.816245,0.943883
POLR2L,0.000000,0.000000,Combined Sources,0.929204,0.816245,0.943883
ARHGAP29,0.000000,0.000000,Combined Sources,0.929204,0.816245,0.943883
ZNF217,0.000000,0.000000,Combined Sources,0.929204,0.816245,0.943883
USP14,0.000000,0.000000,Combined Sources,0.929204,0.816245,0.943883
TBX10,0.000000,0.000000,Combined Sources,0.929204,0.816245,0.943883
KRT86,0.000000,0.000000,Combined Sources,0.929204,0.816245,0.943883
ZBBX,0.000000,0.000000,Combined Sources,0.929204,0.816245,0.943883
LMO3,0.000000,0.000000,Combined Sources,0.929204,0.816245,0.943883
PPP2CB,0.000000,0.000000,Combined Sources,0.929204,0.816245,0.943883
FBXL7,0.000000,0.000000,Combined Sources,0.929204,0.816245,0.943883
HMGA1,0.000000,0.000000,Combined Sources,0.929204,0.816245,0.943883
RLN1,0.000000,0.000000,Combined Sources,0.929204,0.816245,0.943883
NIPAL2,0.000000,0.000000,Combined Sources,0.929204,0.816245,0.943883
PLA2G5,0.000000,0.000000,Combined Sources,0.929204,0.816245,0.943883
RSU1,0.000000,0.000000,Combined Sources,0.929204,0.816245,0.943883
SPINT1,0.000000,0.000000,Combined Sources,0.929204,0.816245,0.943883
LPXN,0.000000,0.000000,Combined Sources,0.929204,0.816245,0.943883
TAF6L,0.000000,0.000000,Combined Sources,0.929204,0.816245,0.943883
TSPAN15,0.000000,0.000000,Combined Sources,0.929204,0.816245,0.943883
DSCR4,0.000000,0.000000,Combined Sources,0.929204,0.816245,0.943883
SLC39A6,0.000000,0.000000,Combined Sources,0.929204,0.816245,0.943883
ADAMTS6,0.000000,0.000000,Combined Sources,0.929204,0.816245,0.943883
C1QBP,0.000000,0.000000,Combined Sources,0.929204,0.816245,0.943883
ST6GALNAC5,0.000000,0.000000,Combined Sources,0.929204,0.816245,0.943883
MGP,0.000000,0.000000,Combined Sources,0.929204,0.816245,0.943883
CHSY1,0.000000,0.000000,Combined Sources,0.929204,0.816245,0.943883
FYCO1,0.000000,0.000000,Combined Sources,0.929204,0.816245,0.943883
TNFAIP6,0.000000,0.000000,Combined Sources,0.929204,0.816245,0.943883
EIF1AY,0.000000,0.000000,Combined Sources,0.929204,0.816245,0.943883
SPOCK3,0.000000,0.000000,Combined Sources,0.929204,0.816245,0.943883
KRT76,0.000000,0.000000,Combined Sources,0.929204,0.816245,0.943883
METTL3,0.000000,0.000000,Combined Sources,0.929204,0.816245,0.943883
OASL,0.000000,0.000000,Combined Sources,0.929204,0.816245,0.943883
IL36G,0.000000,0.000000,Combined Sources,0.929204,0.816245,0.943883
PXMP4,0.000000,0.000000,Combined Sources,0.929204,0.816245,0.943883
THBS2,0.000000,0.000000,Combined Sources,0.929204,0.816245,0.943883
CDK2AP1,0.000000,0.000000,Combined Sources,0.929204,0.816245,0.943883
DFFB,0.000000,0.000000,Combined Sources,0.929204,0.816245,0.943883
MXD4,0.000000,0.000000,Combined Sources,0.929204,0.816245,0.943883
CACNA1E,0.000000,0.000000,Combined Sources,0.929204,0.816245,0.943883
CNTLN,0.000000,0.000000,Combined Sources,0.929204,0.816245,0.943883
CNGB3,0.000000,0.000000,Combined Sources,0.929204,0.816245,0.943883
LOXL1,0.000000,0.000000,Combined Sources,0.929204,0.816245,0.943883
ESF1,0.000000,0.000000,Combined Sources,0.929204,0.816245,0.943883
OSTF1,0.000000,0.000000,Combined Sources,0.929204,0.816245,0.943883
CYP4F8,0.000000,0.000000,Combined Sources,0.929204,0.816245,0.943883
GPATCH1,0.000000,0.000000,Combined Sources,0.929204,0.816245,0.943883
SNRNP25,0.000000,0.000000,Combined Sources,0.929204,0.816245,0.943883
CRYZ,0.000000,0.000000,Combined Sources,0.929204,0.816245,0.943883
SSTR5,0.000000,0.000000,Combined Sources,0.929204,0.816245,0.943883
BMP2K,0.000000,0.000000,Combined Sources,0.929204,0.816245,0.943883
GML,0.000000,0.000000,Combined Sources,0.929204,0.816245,0.943883
CNOT4,0.000000,0.000000,Combined Sources,0.929204,0.816245,0.943883
MNT,0.000000,0.000000,Combined Sources,0.929204,0.816245,0.943883
DDX41,0.000000,0.000000,Combined Sources,0.929204,0.816245,0.943883
PADI3,0.000000,0.000000,Combined Sources,0.929204,0.816245,0.943883
DIAPH1,0.000000,0.000000,Combined Sources,0.929204,0.816245,0.943883
GPM6A,0.000000,0.000000,Combined Sources,0.929204,0.816245,0.943883
PCID2,0.000000,0.000000,Combined Sources,0.929204,0.816245,0.943883
MTUS1,0.000000,0.000000,Combined Sources,0.929204,0.816245,0.943883
IAPP,0.000000,0.000000,Combined Sources,0.929204,0.816245,0.943883
CLCN3,0.000000,0.000000,Combined Sources,0.929204,0.816245,0.943883
BCAS2,0.000000,0.000000,Combined Sources,0.929204,0.816245,0.943883
AIPL1,0.000000,0.000000,Combined Sources,0.929204,0.816245,0.943883
RFPL1,0.000000,0.000000,Combined Sources,0.929204,0.816245,0.943883
KRTAP2-4,0.000000,0.000000,Combined Sources,0.929204,0.816245,0.943883
TCN1,0.000000,0.000000,Combined Sources,0.929204,0.816245,0.943883
NXPH3,0.000000,0.000000,Combined Sources,0.929204,0.816245,0.943883
TRPC4AP,0.000000,0.000000,Combined Sources,0.929204,0.816245,0.943883
DHTKD1,0.000000,0.000000,Combined Sources,0.929204,0.816245,0.943883
POLR2K,0.000000,0.000000,Combined Sources,0.929204,0.816245,0.943883
VTCN1,0.000000,0.000000,Combined Sources,0.929204,0.816245,0.943883
POGK,0.000000,0.000000,Combined Sources,0.929204,0.816245,0.943883
RACGAP1,0.000000,0.000000,Combined Sources,0.929204,0.816245,0.943883
SLC37A1,0.000000,0.000000,Combined Sources,0.929204,0.816245,0.943883
GMFG,0.000000,0.000000,Combined Sources,0.929204,0.816245,0.943883
TMPRSS2,0.000000,0.000000,Combined Sources,0.929204,0.816245,0.943883
USP29,0.000000,0.000000,Combined Sources,0.929204,0.816245,0.943883
SLC1A4,0.000000,0.000000,Combined Sources,0.929204,0.816245,0.943883
RAD51B,0.000000,0.000000,Combined Sources,0.929204,0.816245,0.943883
USP5,0.000000,0.000000,Combined Sources,0.929204,0.816245,0.943883
SEMA4A,0.000000,0.000000,Combined Sources,0.929204,0.816245,0.943883
ZNF14,0.000000,0.000000,Combined Sources,0.929204,0.816245,0.943883
RBM38,0.000000,0.000000,Combined Sources,0.929204,0.816245,0.943883
SOD1,0.000000,0.000000,Combined Sources,0.929204,0.816245,0.943883
CSTB,0.000000,0.000000,Combined Sources,0.929204,0.816245,0.943883
CRAT,0.000000,0.000000,Combined Sources,0.929204,0.816245,0.943883
SOS2,0.000000,0.000000,Combined Sources,0.929204,0.816245,0.943883
CHST5,0.000000,0.000000,Combined Sources,0.929204,0.816245,0.943883
MYOZ2,0.000000,0.000000,Combined Sources,0.929204,0.816245,0.943883
ECHDC1,0.000000,0.000000,Combined Sources,0.929204,0.816245,0.943883
TKT,0.000000,0.000000,Combined Sources,0.929204,0.816245,0.943883
PIN1P1,0.000000,0.000000,Combined Sources,0.929204,0.816245,0.943883
DBF4B,0.000000,0.000000,Combined Sources,0.929204,0.816245,0.943883
IRF6,0.000000,0.000000,Combined Sources,0.929204,0.816245,0.943883
BMS1,0.000000,0.000000,Combined Sources,0.929204,0.816245,0.943883
COLEC10,0.000000,0.000000,Combined Sources,0.929204,0.816245,0.943883
PHC2,0.000000,0.000000,Combined Sources,0.929204,0.816245,0.943883
PSIP1,0.000000,0.000000,Combined Sources,0.929204,0.816245,0.943883
NDC80,0.000000,0.000000,Combined Sources,0.929204,0.816245,0.943883
TMEM121,0.000000,0.000000,Combined Sources,0.929204,0.816245,0.943883
PTGS2,0.000000,0.000000,Combined Sources,0.929204,0.816245,0.943883
NPY6R,0.000000,0.000000,Combined Sources,0.929204,0.816245,0.943883
ITGB3BP,0.000000,0.000000,Combined Sources,0.929204,0.816245,0.943883
PHF1,0.000000,0.000000,Combined Sources,0.929204,0.816245,0.943883
IQCE,0.000000,0.000000,Combined Sources,0.929204,0.816245,0.943883
CXCL2,0.000000,0.000000,Combined Sources,0.929204,0.816245,0.943883
FBXO7,0.000000,0.000000,Combined Sources,0.929204,0.816245,0.943883
TF,0.000000,0.000000,Combined Sources,0.929204,0.816245,0.943883
TLN2,0.000000,0.000000,Combined Sources,0.929204,0.816245,0.943883
KAT5,0.000000,0.000000,Combined Sources,0.929204,0.816245,0.943883
FGF16,0.000000,0.000000,Combined Sources,0.929204,0.816245,0.943883
KCTD3,0.000000,0.000000,Combined Sources,0.929204,0.816245,0.943883
CYP7A1,0.000000,0.000000,Combined Sources,0.929204,0.816245,0.943883
ALS2CL,0.000000,0.000000,Combined Sources,0.929204,0.816245,0.943883
COX6A2,0.000000,0.000000,Combined Sources,0.929204,0.816245,0.943883
ADM,0.000000,0.000000,Combined Sources,0.929204,0.816245,0.943883
SLC14A1,0.000000,0.000000,Combined Sources,0.929204,0.816245,0.943883
CHGA,0.000000,0.000000,Combined Sources,0.929204,0.816245,0.943883
OXR1,0.000000,0.000000,Combined Sources,0.929204,0.816245,0.943883
ZNF471,0.000000,0.000000,Combined Sources,0.929204,0.816245,0.943883
EXOG,0.000000,0.000000,Combined Sources,0.929204,0.816245,0.943883
STK38L,0.000000,0.000000,Combined Sources,0.929204,0.816245,0.943883
MKNK2,0.000000,0.000000,Combined Sources,0.929204,0.816245,0.943883
SMARCC1,0.000000,0.000000,Combined Sources,0.929204,0.816245,0.943883
EPB41L1,0.000000,0.000000,Combined Sources,0.929204,0.816245,0.943883
TLE6,0.000000,0.000000,Combined Sources,0.929204,0.816245,0.943883
NAA11,0.000000,0.000000,Combined Sources,0.929204,0.816245,0.943883
PTGES3,0.000000,0.000000,Combined Sources,0.929204,0.816245,0.943883
TBC1D5,0.000000,0.000000,Combined Sources,0.929204,0.816245,0.943883
MITF,0.000000,0.000000,Combined Sources,0.929204,0.816245,0.943883
CLEC16A,0.000000,0.000000,Combined Sources,0.929204,0.816245,0.943883
IQCK,0.000000,0.000000,Combined Sources,0.929204,0.816245,0.943883
OR1A2,0.000000,0.000000,Combined Sources,0.929204,0.816245,0.943883
GAL,0.000000,0.000000,Combined Sources,0.929204,0.816245,0.943883
SYCP2,0.000000,0.000000,Combined Sources,0.929204,0.816245,0.943883
SELL,0.000000,0.000000,Combined Sources,0.929204,0.816245,0.943883
DSTN,0.000000,0.000000,Combined Sources,0.929204,0.816245,0.943883
HLTF,0.000000,0.000000,Combined Sources,0.929204,0.816245,0.943883
RASAL2,0.000000,0.000000,Combined Sources,0.929204,0.816245,0.943883
SLC16A1,0.000000,0.000000,Combined Sources,0.929204,0.816245,0.943883
PEX11B,0.000000,0.000000,Combined Sources,0.929204,0.816245,0.943883
DEK,0.000000,0.000000,Combined Sources,0.929204,0.816245,0.943883
AP2S1,0.000000,0.000000,Combined Sources,0.929204,0.816245,0.943883
PITPNA,0.000000,0.000000,Combined Sources,0.929204,0.816245,0.943883
EFEMP2,0.000000,0.000000,Combined Sources,0.929204,0.816245,0.943883
ELOVL2,0.000000,0.000000,Combined Sources,0.929204,0.816245,0.943883
GNG4,0.000000,0.000000,Combined Sources,0.929204,0.816245,0.943883
ISG20,0.000000,0.000000,Combined Sources,0.929204,0.816245,0.943883
PRDM12,0.000000,0.000000,Combined Sources,0.929204,0.816245,0.943883
IDI1,0.000000,0.000000,Combined Sources,0.929204,0.816245,0.943883
VPREB1,0.000000,0.000000,Combined Sources,0.929204,0.816245,0.943883
ITGAV,0.000000,0.000000,Combined Sources,0.929204,0.816245,0.943883
SAT1,0.000000,0.000000,Combined Sources,0.929204,0.816245,0.943883
CD6,0.000000,0.000000,Combined Sources,0.929204,0.816245,0.943883
DGKI,0.000000,0.000000,Combined Sources,0.929204,0.816245,0.943883
EXOSC5,0.000000,0.000000,Combined Sources,0.929204,0.816245,0.943883
MT1X,0.000000,0.000000,Combined Sources,0.929204,0.816245,0.943883
ASF1A,0.000000,0.000000,Combined Sources,0.929204,0.816245,0.943883
HAMP,0.000000,0.000000,Combined Sources,0.929204,0.816245,0.943883
PNP,0.000000,0.000000,Combined Sources,0.929204,0.816245,0.943883
MMACHC,0.000000,0.000000,Combined Sources,0.929204,0.816245,0.943883
GJD2,0.000000,0.000000,Combined Sources,0.929204,0.816245,0.943883
ITGAX,0.000000,0.000000,Combined Sources,0.929204,0.816245,0.943883
MTMR10,0.000000,0.000000,Combined Sources,0.929204,0.816245,0.943883
GYS2,0.000000,0.000000,Combined Sources,0.929204,0.816245,0.943883
ARHGAP6,0.000000,0.000000,Combined Sources,0.929204,0.816245,0.943883
ZNF85,0.000000,0.000000,Combined Sources,0.929204,0.816245,0.943883
RHOT2,0.000000,0.000000,Combined Sources,0.929204,0.816245,0.943883
RHD,0.000000,0.000000,Combined Sources,0.929204,0.816245,0.943883
P2RY4,0.000000,0.000000,Combined Sources,0.929204,0.816245,0.943883
FARS2,0.000000,0.000000,Combined Sources,0.929204,0.816245,0.943883
BMP15,0.000000,0.000000,Combined Sources,0.929204,0.816245,0.943883
DMP1,0.000000,0.000000,Combined Sources,0.929204,0.816245,0.943883
RBFA,0.000000,0.000000,Combined Sources,0.929204,0.816245,0.943883
TMEM223,0.000000,0.000000,Combined Sources,0.929204,0.816245,0.943883
AKAP10,0.000000,0.000000,Combined Sources,0.929204,0.816245,0.943883
FBRS,0.000000,0.000000,Combined Sources,0.929204,0.816245,0.943883
UBA2,0.000000,0.000000,Combined Sources,0.929204,0.816245,0.943883
KIFC1,0.000000,0.000000,Combined Sources,0.929204,0.816245,0.943883
ZNF821,0.000000,0.000000,Combined Sources,0.929204,0.816245,0.943883
PTPN2,0.000000,0.000000,Combined Sources,0.929204,0.816245,0.943883
B3GALT5,0.000000,0.000000,Combined Sources,0.929204,0.816245,0.943883
WBP4,0.000000,0.000000,Combined Sources,0.929204,0.816245,0.943883
ZNF154,0.000000,0.000000,Combined Sources,0.929204,0.816245,0.943883
GUF1,0.000000,0.000000,Combined Sources,0.929204,0.816245,0.943883
ATP8A2,0.000000,0.000000,Combined Sources,0.929204,0.816245,0.943883
SMARCA2,0.000000,0.000000,Combined Sources,0.929204,0.816245,0.943883
CYB5A,0.000000,0.000000,Combined Sources,0.929204,0.816245,0.943883
IGLL1,0.000000,0.000000,Combined Sources,0.929204,0.816245,0.943883
GPR137,0.000000,0.000000,Combined Sources,0.929204,0.816245,0.943883
NFYB,0.000000,0.000000,Combined Sources,0.929204,0.816245,0.943883
INSIG2,0.000000,0.000000,Combined Sources,0.929204,0.816245,0.943883
NSMAF,0.000000,0.000000,Combined Sources,0.929204,0.816245,0.943883
ZDHHC7,0.000000,0.000000,Combined Sources,0.929204,0.816245,0.943883
LY6G6C,0.000000,0.000000,Combined Sources,0.929204,0.816245,0.943883
ZNF350,0.000000,0.000000,Combined Sources,0.929204,0.816245,0.943883
MYEF2,0.000000,0.000000,Combined Sources,0.929204,0.816245,0.943883
SYP,0.000000,0.000000,Combined Sources,0.929204,0.816245,0.943883
METTL18,0.000000,0.000000,Combined Sources,0.929204,0.816245,0.943883
DNAL4,0.000000,0.000000,Combined Sources,0.929204,0.816245,0.943883
ZNF544,0.000000,0.000000,Combined Sources,0.929204,0.816245,0.943883
STAT4,0.000000,0.000000,Combined Sources,0.929204,0.816245,0.943883
ITCH,0.000000,0.000000,Combined Sources,0.929204,0.816245,0.943883
PFN2,0.000000,0.000000,Combined Sources,0.929204,0.816245,0.943883
GOLGA1,0.000000,0.000000,Combined Sources,0.929204,0.816245,0.943883
PIEZO1,0.000000,0.000000,Combined Sources,0.929204,0.816245,0.943883
LSR,0.000000,0.000000,Combined Sources,0.929204,0.816245,0.943883
MOBP,0.000000,0.000000,Combined Sources,0.929204,0.816245,0.943883
CA1,0.000000,0.000000,Combined Sources,0.929204,0.816245,0.943883
ADAM3A,0.000000,0.000000,Combined Sources,0.929204,0.816245,0.943883
ENTPD1,0.000000,0.000000,Combined Sources,0.929204,0.816245,0.943883
TCL6,0.000000,0.000000,Combined Sources,0.929204,0.816245,0.943883
DZIP3,0.000000,0.000000,Combined Sources,0.929204,0.816245,0.943883
PNISR,0.000000,0.000000,Combined Sources,0.929204,0.816245,0.943883
ARSJ,0.000000,0.000000,Combined Sources,0.929204,0.816245,0.943883
NUP188,0.000000,0.000000,Combined Sources,0.929204,0.816245,0.943883
PPFIA3,0.000000,0.000000,Combined Sources,0.929204,0.816245,0.943883
SH3TC2,0.000000,0.000000,Combined Sources,0.929204,0.816245,0.943883
ABLIM3,0.000000,0.000000,Combined Sources,0.929204,0.816245,0.943883
YIF1A,0.000000,0.000000,Combined Sources,0.929204,0.816245,0.943883
RNH1,0.000000,0.000000,Combined Sources,0.929204,0.816245,0.943883
FKBPL,0.000000,0.000000,Combined Sources,0.929204,0.816245,0.943883
BATF,0.000000,0.000000,Combined Sources,0.929204,0.816245,0.943883
ATF2,0.000000,0.000000,Combined Sources,0.929204,0.816245,0.943883
CST3,0.000000,0.000000,Combined Sources,0.929204,0.816245,0.943883
KRT31,0.000000,0.000000,Combined Sources,0.929204,0.816245,0.943883
DVL1,0.000000,0.000000,Combined Sources,0.929204,0.816245,0.943883
VIPR1,0.000000,0.000000,Combined Sources,0.929204,0.816245,0.943883
KLK6,0.000000,0.000000,Combined Sources,0.929204,0.816245,0.943883
POMT2,0.000000,0.000000,Combined Sources,0.929204,0.816245,0.943883
HCG26,0.000000,0.000000,Combined Sources,0.929204,0.816245,0.943883
TOP2B,0.000000,0.000000,Combined Sources,0.929204,0.816245,0.943883
CABP2,0.000000,0.000000,Combined Sources,0.929204,0.816245,0.943883
NPHS1,0.000000,0.000000,Combined Sources,0.929204,0.816245,0.943883
UPF3B,0.000000,0.000000,Combined Sources,0.929204,0.816245,0.943883
KLHL12,0.000000,0.000000,Combined Sources,0.929204,0.816245,0.943883
SFRP1,0.000000,0.000000,Combined Sources,0.929204,0.816245,0.943883
PCDHB6,0.000000,0.000000,Combined Sources,0.929204,0.816245,0.943883
ZNF334,0.000000,0.000000,Combined Sources,0.929204,0.816245,0.943883
MINK1,0.000000,0.000000,Combined Sources,0.929204,0.816245,0.943883
TAP1,0.000000,0.000000,Combined Sources,0.929204,0.816245,0.943883
PIGP,0.000000,0.000000,Combined Sources,0.929204,0.816245,0.943883
LIPC,0.000000,0.000000,Combined Sources,0.929204,0.816245,0.943883
TIMP2,0.000000,0.000000,Combined Sources,0.929204,0.816245,0.943883
OR12D2,0.000000,0.000000,Combined Sources,0.929204,0.816245,0.943883
RSL24D1,0.000000,0.000000,Combined Sources,0.929204,0.816245,0.943883
SERPINI2,0.000000,0.000000,Combined Sources,0.929204,0.816245,0.943883
TSC22D4,0.000000,0.000000,Combined Sources,0.929204,0.816245,0.943883
CACNA1D,0.000000,0.000000,Combined Sources,0.929204,0.816245,0.943883
SAP30L,0.000000,0.000000,Combined Sources,0.929204,0.816245,0.943883
RAB40B,0.000000,0.000000,Combined Sources,0.929204,0.816245,0.943883
KRT15,0.000000,0.000000,Combined Sources,0.929204,0.816245,0.943883
SEMA3F,0.000000,0.000000,Combined Sources,0.929204,0.816245,0.943883
SLC16A5,0.000000,0.000000,Combined Sources,0.929204,0.816245,0.943883
PRKACB,0.000000,0.000000,Combined Sources,0.929204,0.816245,0.943883
SNRPB,0.000000,0.000000,Combined Sources,0.929204,0.816245,0.943883
KRT13,0.000000,0.000000,Combined Sources,0.929204,0.816245,0.943883
GJA1,0.000000,0.000000,Combined Sources,0.929204,0.816245,0.943883
STAG3L4,0.000000,0.000000,Combined Sources,0.929204,0.816245,0.943883
CRYBB2,0.000000,0.000000,Combined Sources,0.929204,0.816245,0.943883
NT5DC3,0.000000,0.000000,Combined Sources,0.929204,0.816245,0.943883
TYROBP,0.000000,0.000000,Combined Sources,0.929204,0.816245,0.943883
PVR,0.000000,0.000000,Combined Sources,0.929204,0.816245,0.943883
FLVCR2,0.000000,0.000000,Combined Sources,0.929204,0.816245,0.943883
WFS1,0.000000,0.000000,Combined Sources,0.929204,0.816245,0.943883
RAC3,0.000000,0.000000,Combined Sources,0.929204,0.816245,0.943883
ERGIC3,0.000000,0.000000,Combined Sources,0.929204,0.816245,0.943883
MAGED2,0.000000,0.000000,Combined Sources,0.929204,0.816245,0.943883
RNASEH2A,0.000000,0.000000,Combined Sources,0.929204,0.816245,0.943883
TBCE,0.000000,0.000000,Combined Sources,0.929204,0.816245,0.943883
CSN3,0.000000,0.000000,Combined Sources,0.929204,0.816245,0.943883
ENTPD3,0.000000,0.000000,Combined Sources,0.929204,0.816245,0.943883
PPP6R1,0.000000,0.000000,Combined Sources,0.929204,0.816245,0.943883
KAT8,0.000000,0.000000,Combined Sources,0.929204,0.816245,0.943883
ALG9,0.000000,0.000000,Combined Sources,0.929204,0.816245,0.943883
KLC2,0.000000,0.000000,Combined Sources,0.929204,0.816245,0.943883
GIGYF2,0.000000,0.000000,Combined Sources,0.929204,0.816245,0.943883
PPP2R3A,0.000000,0.000000,Combined Sources,0.929204,0.816245,0.943883
CDCA4,0.000000,0.000000,Combined Sources,0.929204,0.816245,0.943883
ARMC1,0.000000,0.000000,Combined Sources,0.929204,0.816245,0.943883
FOXN3,0.000000,0.000000,Combined Sources,0.929204,0.816245,0.943883
PMP22,0.000000,0.000000,Combined Sources,0.929204,0.816245,0.943883
MUC4,0.000000,0.000000,Combined Sources,0.929204,0.816245,0.943883
SCAMP1,0.000000,0.000000,Combined Sources,0.929204,0.816245,0.943883
GNRHR,0.000000,0.000000,Combined Sources,0.929204,0.816245,0.943883
HSPA1A,0.000000,0.000000,Combined Sources,0.929204,0.816245,0.943883
CDK16,0.000000,0.000000,Combined Sources,0.929204,0.816245,0.943883
PRKAR1B,0.000000,0.000000,Combined Sources,0.929204,0.816245,0.943883
ARPC5L,0.000000,0.000000,Combined Sources,0.929204,0.816245,0.943883
USP2,0.000000,0.000000,Combined Sources,0.929204,0.816245,0.943883
KLF5,0.000000,0.000000,Combined Sources,0.929204,0.816245,0.943883
CDK5R1,0.000000,0.000000,Combined Sources,0.929204,0.816245,0.943883
PTPRD,0.000000,0.000000,Combined Sources,0.929204,0.816245,0.943883
HNF1A,0.000000,0.000000,Combined Sources,0.929204,0.816245,0.943883
POLR1B,0.000000,0.000000,Combined Sources,0.929204,0.816245,0.943883
TNFRSF17,0.000000,0.000000,Combined Sources,0.929204,0.816245,0.943883
CSF3R,0.000000,0.000000,Combined Sources,0.929204,0.816245,0.943883
SLC30A4,0.000000,0.000000,Combined Sources,0.929204,0.816245,0.943883
SIRPB1,0.000000,0.000000,Combined Sources,0.929204,0.816245,0.943883
ZNF180,0.000000,0.000000,Combined Sources,0.929204,0.816245,0.943883
MLLT10,0.000000,0.000000,Combined Sources,0.929204,0.816245,0.943883
EIF4A3,0.000000,0.000000,Combined Sources,0.929204,0.816245,0.943883
RPRD2,0.000000,0.000000,Combined Sources,0.929204,0.816245,0.943883
PSMG2,0.000000,0.000000,Combined Sources,0.929204,0.816245,0.943883
ADAM29,0.000000,0.000000,Combined Sources,0.929204,0.816245,0.943883
LILRP2,0.000000,0.000000,Combined Sources,0.929204,0.816245,0.943883
SULT2B1,0.000000,0.000000,Combined Sources,0.929204,0.816245,0.943883
RUFY1,0.000000,0.000000,Combined Sources,0.929204,0.816245,0.943883
TMEM11,0.000000,0.000000,Combined Sources,0.929204,0.816245,0.943883
NOP2,0.000000,0.000000,Combined Sources,0.929204,0.816245,0.943883
CRHBP,0.000000,0.000000,Combined Sources,0.929204,0.816245,0.943883
GLYR1,0.000000,0.000000,Combined Sources,0.929204,0.816245,0.943883
HNRNPH1,0.000000,0.000000,Combined Sources,0.929204,0.816245,0.943883
GPD1L,0.000000,0.000000,Combined Sources,0.929204,0.816245,0.943883
MCCC2,0.000000,0.000000,Combined Sources,0.929204,0.816245,0.943883
DUSP8,0.000000,0.000000,Combined Sources,0.929204,0.816245,0.943883
NAP1L2,0.000000,0.000000,Combined Sources,0.929204,0.816245,0.943883
XPC,0.000000,0.000000,Combined Sources,0.929204,0.816245,0.943883
ZNF710,0.000000,0.000000,Combined Sources,0.929204,0.816245,0.943883
REG1A,0.000000,0.000000,Combined Sources,0.929204,0.816245,0.943883
KLK5,0.000000,0.000000,Combined Sources,0.929204,0.816245,0.943883
SPATA20,0.000000,0.000000,Combined Sources,0.929204,0.816245,0.943883
IGF2R,0.000000,0.000000,Combined Sources,0.929204,0.816245,0.943883
PPOX,0.000000,0.000000,Combined Sources,0.929204,0.816245,0.943883
TRIB2,0.000000,0.000000,Combined Sources,0.929204,0.816245,0.943883
COX4I1,0.000000,0.000000,Combined Sources,0.929204,0.816245,0.943883
HCLS1,0.000000,0.000000,Combined Sources,0.929204,0.816245,0.943883
RHOD,0.000000,0.000000,Combined Sources,0.929204,0.816245,0.943883
HNRNPH3,0.000000,0.000000,Combined Sources,0.929204,0.816245,0.943883
CDX2,0.000000,0.000000,Combined Sources,0.929204,0.816245,0.943883
NETO2,0.000000,0.000000,Combined Sources,0.929204,0.816245,0.943883
PLXNA2,0.000000,0.000000,Combined Sources,0.929204,0.816245,0.943883
ALG12,0.000000,0.000000,Combined Sources,0.929204,0.816245,0.943883
CLSTN2,0.000000,0.000000,Combined Sources,0.929204,0.816245,0.943883
PLAA,0.000000,0.000000,Combined Sources,0.929204,0.816245,0.943883
PRTN3,0.000000,0.000000,Combined Sources,0.929204,0.816245,0.943883
RPS11,0.000000,0.000000,Combined Sources,0.929204,0.816245,0.943883
EYA2,0.000000,0.000000,Combined Sources,0.929204,0.816245,0.943883
RPN2,0.000000,0.000000,Combined Sources,0.929204,0.816245,0.943883
AHCYL1,0.000000,0.000000,Combined Sources,0.929204,0.816245,0.943883
CDHR2,0.000000,0.000000,Combined Sources,0.929204,0.816245,0.943883
DGCR11,0.000000,0.000000,Combined Sources,0.929204,0.816245,0.943883
ATXN10,0.000000,0.000000,Combined Sources,0.929204,0.816245,0.943883
SLC2A3,0.000000,0.000000,Combined Sources,0.929204,0.816245,0.943883
KPNA3,0.000000,0.000000,Combined Sources,0.929204,0.816245,0.943883
MCAM,0.000000,0.000000,Combined Sources,0.929204,0.816245,0.943883
TRAF5,0.000000,0.000000,Combined Sources,0.929204,0.816245,0.943883
RFX3,0.000000,0.000000,Combined Sources,0.929204,0.816245,0.943883
MED22,0.000000,0.000000,Combined Sources,0.929204,0.816245,0.943883
ALG3,0.000000,0.000000,Combined Sources,0.929204,0.816245,0.943883
MEGF8,0.000000,0.000000,Combined Sources,0.929204,0.816245,0.943883
SPINT2,0.000000,0.000000,Combined Sources,0.929204,0.816245,0.943883
HS2ST1,0.000000,0.000000,Combined Sources,0.929204,0.816245,0.943883
TNNT1,0.000000,0.000000,Combined Sources,0.929204,0.816245,0.943883
GSPT1,0.000000,0.000000,Combined Sources,0.929204,0.816245,0.943883
TRO,0.000000,0.000000,Combined Sources,0.929204,0.816245,0.943883
NRBP1,0.000000,0.000000,Combined Sources,0.929204,0.816245,0.943883
ZNF84,0.000000,0.000000,Combined Sources,0.929204,0.816245,0.943883
MYOF,0.000000,0.000000,Combined Sources,0.929204,0.816245,0.943883
NRF1,0.000000,0.000000,Combined Sources,0.929204,0.816245,0.943883
ATP2B1,0.000000,0.000000,Combined Sources,0.929204,0.816245,0.943883
SIX1,0.000000,0.000000,Combined Sources,0.929204,0.816245,0.943883
NR1I2,0.000000,0.000000,Combined Sources,0.929204,0.816245,0.943883
NPLOC4,0.000000,0.000000,Combined Sources,0.929204,0.816245,0.943883
ZNF696,0.000000,0.000000,Combined Sources,0.929204,0.816245,0.943883
TRPC7,0.000000,0.000000,Combined Sources,0.929204,0.816245,0.943883
SLC36A1,0.000000,0.000000,Combined Sources,0.929204,0.816245,0.943883
PDCD6,0.000000,0.000000,Combined Sources,0.929204,0.816245,0.943883
NHP2,0.000000,0.000000,Combined Sources,0.929204,0.816245,0.943883
NUDT18,0.000000,0.000000,Combined Sources,0.929204,0.816245,0.943883
SLC35A5,0.000000,0.000000,Combined Sources,0.929204,0.816245,0.943883
PTCH1,0.000000,0.000000,Combined Sources,0.929204,0.816245,0.943883
GRIN2B,0.000000,0.000000,Combined Sources,0.929204,0.816245,0.943883
DUSP9,0.000000,0.000000,Combined Sources,0.929204,0.816245,0.943883
SNTG1,0.000000,0.000000,Combined Sources,0.929204,0.816245,0.943883
AZIN1,0.000000,0.000000,Combined Sources,0.929204,0.816245,0.943883
NLRP3,0.000000,0.000000,Combined Sources,0.929204,0.816245,0.943883
SMARCD1,0.000000,0.000000,Combined Sources,0.929204,0.816245,0.943883
ST3GAL2,0.000000,0.000000,Combined Sources,0.929204,0.816245,0.943883
GRN,0.000000,0.000000,Combined Sources,0.929204,0.816245,0.943883
PORCN,0.000000,0.000000,Combined Sources,0.929204,0.816245,0.943883
LSP1,0.000000,0.000000,Combined Sources,0.929204,0.816245,0.943883
ATF1,0.000000,0.000000,Combined Sources,0.929204,0.816245,0.943883
ORC6,0.000000,0.000000,Combined Sources,0.929204,0.816245,0.943883
ZCCHC10,0.000000,0.000000,Combined Sources,0.929204,0.816245,0.943883
ADD3,0.000000,0.000000,Combined Sources,0.929204,0.816245,0.943883
TMCC2,0.000000,0.000000,Combined Sources,0.929204,0.816245,0.943883
TOX4,0.000000,0.000000,Combined Sources,0.929204,0.816245,0.943883
CHL1,0.000000,0.000000,Combined Sources,0.929204,0.816245,0.943883
KLF7,0.000000,0.000000,Combined Sources,0.929204,0.816245,0.943883
CASQ1,0.000000,0.000000,Combined Sources,0.929204,0.816245,0.943883
LAMTOR3,0.000000,0.000000,Combined Sources,0.929204,0.816245,0.943883
SIX6,0.000000,0.000000,Combined Sources,0.929204,0.816245,0.943883
CELSR3,0.000000,0.000000,Combined Sources,0.929204,0.816245,0.943883
GSTA4,0.000000,0.000000,Combined Sources,0.929204,0.816245,0.943883
PMP2,0.000000,0.000000,Combined Sources,0.929204,0.816245,0.943883
CHIC2,0.000000,0.000000,Combined Sources,0.929204,0.816245,0.943883
UBE2K,0.000000,0.000000,Combined Sources,0.929204,0.816245,0.943883
PSMC3,0.000000,0.000000,Combined Sources,0.929204,0.816245,0.943883
TSG101,0.000000,0.000000,Combined Sources,0.929204,0.816245,0.943883
ADAMTS1,0.000000,0.000000,Combined Sources,0.929204,0.816245,0.943883
PCDH11Y,0.000000,0.000000,Combined Sources,0.929204,0.816245,0.943883
CYB5R1,0.000000,0.000000,Combined Sources,0.929204,0.816245,0.943883
GLS,0.000000,0.000000,Combined Sources,0.929204,0.816245,0.943883
DMPK,0.000000,0.000000,Combined Sources,0.929204,0.816245,0.943883
ZNF589,0.000000,0.000000,Combined Sources,0.929204,0.816245,0.943883
RUNX2,0.000000,0.000000,Combined Sources,0.929204,0.816245,0.943883
SHC1,0.000000,0.000000,Combined Sources,0.929204,0.816245,0.943883
MSL3,0.000000,0.000000,Combined Sources,0.929204,0.816245,0.943883
FOXO4,0.000000,0.000000,Combined Sources,0.929204,0.816245,0.943883
AK5,0.000000,0.000000,Combined Sources,0.929204,0.816245,0.943883
ZNF41,0.000000,0.000000,Combined Sources,0.929204,0.816245,0.943883
ADNP2,0.000000,0.000000,Combined Sources,0.929204,0.816245,0.943883
RIC3,0.000000,0.000000,Combined Sources,0.929204,0.816245,0.943883
SMCP,0.000000,0.000000,Combined Sources,0.929204,0.816245,0.943883
PKMYT1,0.000000,0.000000,Combined Sources,0.929204,0.816245,0.943883
GALC,0.000000,0.000000,Combined Sources,0.929204,0.816245,0.943883
RUSC1,0.000000,0.000000,Combined Sources,0.929204,0.816245,0.943883
SOX9,0.000000,0.000000,Combined Sources,0.929204,0.816245,0.943883
GTF2H1,0.000000,0.000000,Combined Sources,0.929204,0.816245,0.943883
KIR3DX1,0.000000,0.000000,Combined Sources,0.929204,0.816245,0.943883
RAB2A,0.000000,0.000000,Combined Sources,0.929204,0.816245,0.943883
RAPGEF1,0.000000,0.000000,Combined Sources,0.929204,0.816245,0.943883
SAP130,0.000000,0.000000,Combined Sources,0.929204,0.816245,0.943883
ZW10,0.000000,0.000000,Combined Sources,0.929204,0.816245,0.943883
DTX2P1-UPK3BP1-PMS2P11,0.000000,0.000000,Combined Sources,0.929204,0.816245,0.943883
PITRM1,0.000000,0.000000,Combined Sources,0.929204,0.816245,0.943883
CNR1,0.000000,0.000000,Combined Sources,0.929204,0.816245,0.943883
CRBN,0.000000,0.000000,Combined Sources,0.929204,0.816245,0.943883
NAT8,0.000000,0.000000,Combined Sources,0.929204,0.816245,0.943883
CCDC47,0.000000,0.000000,Combined Sources,0.929204,0.816245,0.943883
RPAP1,0.000000,0.000000,Combined Sources,0.929204,0.816245,0.943883
TBC1D1,0.000000,0.000000,Combined Sources,0.929204,0.816245,0.943883
WFDC1,0.000000,0.000000,Combined Sources,0.929204,0.816245,0.943883
GP2,0.000000,0.000000,Combined Sources,0.929204,0.816245,0.943883
PTK2,0.000000,0.000000,Combined Sources,0.929204,0.816245,0.943883
ZMAT4,0.000000,0.000000,Combined Sources,0.929204,0.816245,0.943883
S100A3,0.000000,0.000000,Combined Sources,0.929204,0.816245,0.943883
IER2,0.000000,0.000000,Combined Sources,0.929204,0.816245,0.943883
COL18A1,0.000000,0.000000,Combined Sources,0.929204,0.816245,0.943883
ABCC9,0.000000,0.000000,Combined Sources,0.929204,0.816245,0.943883
NPR1,0.000000,0.000000,Combined Sources,0.929204,0.816245,0.943883
GP9,0.000000,0.000000,Combined Sources,0.929204,0.816245,0.943883
PFDN4,0.000000,0.000000,Combined Sources,0.929204,0.816245,0.943883
GNG11,0.000000,0.000000,Combined Sources,0.929204,0.816245,0.943883
CRABP2,0.000000,0.000000,Combined Sources,0.929204,0.816245,0.943883
POU6F2,0.000000,0.000000,Combined Sources,0.929204,0.816245,0.943883
SPINK5,0.000000,0.000000,Combined Sources,0.929204,0.816245,0.943883
GATM,0.000000,0.000000,Combined Sources,0.929204,0.816245,0.943883
MAS1,0.000000,0.000000,Combined Sources,0.929204,0.816245,0.943883
USO1,0.000000,0.000000,Combined Sources,0.929204,0.816245,0.943883
CSPP1,0.000000,0.000000,Combined Sources,0.929204,0.816245,0.943883
DLST,0.000000,0.000000,Combined Sources,0.929204,0.816245,0.943883
CYLD,0.000000,0.000000,Combined Sources,0.929204,0.816245,0.943883
TMEM183A,0.000000,0.000000,Combined Sources,0.929204,0.816245,0.943883
TRPC1,0.000000,0.000000,Combined Sources,0.929204,0.816245,0.943883
HSD3B2,0.000000,0.000000,Combined Sources,0.929204,0.816245,0.943883
PCSK6,0.000000,0.000000,Combined Sources,0.929204,0.816245,0.943883
MYO5A,0.000000,0.000000,Combined Sources,0.929204,0.816245,0.943883
C1orf50,0.000000,0.000000,Combined Sources,0.929204,0.816245,0.943883
SIRT3,0.000000,0.000000,Combined Sources,0.929204,0.816245,0.943883
C6orf15,0.000000,0.000000,Combined Sources,0.929204,0.816245,0.943883
AP1S1,0.000000,0.000000,Combined Sources,0.929204,0.816245,0.943883
RRN3,0.000000,0.000000,Combined Sources,0.929204,0.816245,0.943883
CD70,0.000000,0.000000,Combined Sources,0.929204,0.816245,0.943883
NOL9,0.000000,0.000000,Combined Sources,0.929204,0.816245,0.943883
FRY,0.000000,0.000000,Combined Sources,0.929204,0.816245,0.943883
UIMC1,0.000000,0.000000,Combined Sources,0.929204,0.816245,0.943883
RSRC1,0.000000,0.000000,Combined Sources,0.929204,0.816245,0.943883
PGAP2,0.000000,0.000000,Combined Sources,0.929204,0.816245,0.943883
RNF141,0.000000,0.000000,Combined Sources,0.929204,0.816245,0.943883
PTPRN,0.000000,0.000000,Combined Sources,0.929204,0.816245,0.943883
SETD1B,0.000000,0.000000,Combined Sources,0.929204,0.816245,0.943883
CEACAM21,0.000000,0.000000,Combined Sources,0.929204,0.816245,0.943883
RIPK4,0.000000,0.000000,Combined Sources,0.929204,0.816245,0.943883
FOXH1,0.000000,0.000000,Combined Sources,0.929204,0.816245,0.943883
CUTC,0.000000,0.000000,Combined Sources,0.929204,0.816245,0.943883
LRRC41,0.000000,0.000000,Combined Sources,0.929204,0.816245,0.943883
FNDC3B,0.000000,0.000000,Combined Sources,0.929204,0.816245,0.943883
FTSJ1,0.000000,0.000000,Combined Sources,0.929204,0.816245,0.943883
GPRC5D,0.000000,0.000000,Combined Sources,0.929204,0.816245,0.943883
PRMT7,0.000000,0.000000,Combined Sources,0.929204,0.816245,0.943883
RBMY2FP,0.000000,0.000000,Combined Sources,0.929204,0.816245,0.943883
RFX5,0.000000,0.000000,Combined Sources,0.929204,0.816245,0.943883
IRF3,0.000000,0.000000,Combined Sources,0.929204,0.816245,0.943883
MOCS3,0.000000,0.000000,Combined Sources,0.929204,0.816245,0.943883
SLC17A1,0.000000,0.000000,Combined Sources,0.929204,0.816245,0.943883
IGF1,0.000000,0.000000,Combined Sources,0.929204,0.816245,0.943883
PHGDH,0.000000,0.000000,Combined Sources,0.929204,0.816245,0.943883
TNK1,0.000000,0.000000,Combined Sources,0.929204,0.816245,0.943883
DAB2,0.000000,0.000000,Combined Sources,0.929204,0.816245,0.943883
OPRD1,0.000000,0.000000,Combined Sources,0.929204,0.816245,0.943883
MAPKAP1,0.000000,0.000000,Combined Sources,0.929204,0.816245,0.943883
CREB3L1,0.000000,0.000000,Combined Sources,0.929204,0.816245,0.943883
BST2,0.000000,0.000000,Combined Sources,0.929204,0.816245,0.943883
RNF40,0.000000,0.000000,Combined Sources,0.929204,0.816245,0.943883
EVL,0.000000,0.000000,Combined Sources,0.929204,0.816245,0.943883
RRBP1,0.000000,0.000000,Combined Sources,0.929204,0.816245,0.943883
CDKN1A,0.000000,0.000000,Combined Sources,0.929204,0.816245,0.943883
WTAP,0.000000,0.000000,Combined Sources,0.929204,0.816245,0.943883
FBLN2,0.000000,0.000000,Combined Sources,0.929204,0.816245,0.943883
ST3GAL6,0.000000,0.000000,Combined Sources,0.929204,0.816245,0.943883
UCHL1,0.000000,0.000000,Combined Sources,0.929204,0.816245,0.943883
UCP3,0.000000,0.000000,Combined Sources,0.929204,0.816245,0.943883
TRPM1,0.000000,0.000000,Combined Sources,0.929204,0.816245,0.943883
MED25,0.000000,0.000000,Combined Sources,0.929204,0.816245,0.943883
PDK3,0.000000,0.000000,Combined Sources,0.929204,0.816245,0.943883
SLC25A17,0.000000,0.000000,Combined Sources,0.929204,0.816245,0.943883
ANKZF1,0.000000,0.000000,Combined Sources,0.929204,0.816245,0.943883
CTSZ,0.000000,0.000000,Combined Sources,0.929204,0.816245,0.943883
UQCRB,0.000000,0.000000,Combined Sources,0.929204,0.816245,0.943883
NCBP1,0.000000,0.000000,Combined Sources,0.929204,0.816245,0.943883
TRIM48,0.000000,0.000000,Combined Sources,0.929204,0.816245,0.943883
ARL2BP,0.000000,0.000000,Combined Sources,0.929204,0.816245,0.943883
SOCS2,0.000000,0.000000,Combined Sources,0.929204,0.816245,0.943883
CD8B,0.000000,0.000000,Combined Sources,0.929204,0.816245,0.943883
EIF3G,0.000000,0.000000,Combined Sources,0.929204,0.816245,0.943883
CHPT1,0.000000,0.000000,Combined Sources,0.929204,0.816245,0.943883
CD180,0.000000,0.000000,Combined Sources,0.929204,0.816245,0.943883
WNT7A,0.000000,0.000000,Combined Sources,0.929204,0.816245,0.943883
BCORL1,0.000000,0.000000,Combined Sources,0.929204,0.816245,0.943883
GADD45GIP1,0.000000,0.000000,Combined Sources,0.929204,0.816245,0.943883
FGFR1,0.000000,0.000000,Combined Sources,0.929204,0.816245,0.943883
TSKU,0.000000,0.000000,Combined Sources,0.929204,0.816245,0.943883
ARPP19,0.000000,0.000000,Combined Sources,0.929204,0.816245,0.943883
TCF12,0.000000,0.000000,Combined Sources,0.929204,0.816245,0.943883
PRDM13,0.000000,0.000000,Combined Sources,0.929204,0.816245,0.943883
KCNAB3,0.000000,0.000000,Combined Sources,0.929204,0.816245,0.943883
MTDH,0.000000,0.000000,Combined Sources,0.929204,0.816245,0.943883
CD207,0.000000,0.000000,Combined Sources,0.929204,0.816245,0.943883
MIR22HG,0.000000,0.000000,Combined Sources,0.929204,0.816245,0.943883
NSDHL,0.000000,0.000000,Combined Sources,0.929204,0.816245,0.943883
SYNJ1,0.000000,0.000000,Combined Sources,0.929204,0.816245,0.943883
COX7A2L,0.000000,0.000000,Combined Sources,0.929204,0.816245,0.943883
ADH1A,0.000000,0.000000,Combined Sources,0.929204,0.816245,0.943883
ARPP21,0.000000,0.000000,Combined Sources,0.929204,0.816245,0.943883
PROSER1,-0.004559,0.003224,Combined Sources,0.929204,0.816245,0.943883
