feature,perm_importance_mean,perm_importance_std,model_name,model_accuracy,model_mcc,model_auc
ESR1,0.749544,0.019227,Source: gse62944,0.937037,0.822247,0.962487
BRDT,0.014027,0.005144,Source: gse62944,0.937037,0.822247,0.962487
ELL3,0.012987,0.005719,Source: gse62944,0.937037,0.822247,0.962487
GATA3,0.012064,0.000000,Source: gse62944,0.937037,0.822247,0.962487
ACOT9,0.012064,0.000000,Source: gse62944,0.937037,0.822247,0.962487
IL6R,0.012064,0.000000,Source: gse62944,0.937037,0.822247,0.962487
SLC27A2,0.012064,0.000000,Source: gse62944,0.937037,0.822247,0.962487
DNAAF1,0.008943,0.000000,Source: gse62944,0.937037,0.822247,0.962487
OAS3,0.008943,0.000000,Source: gse62944,0.937037,0.822247,0.962487
PDK1,0.008943,0.000000,Source: gse62944,0.937037,0.822247,0.962487
BCAS1,0.008943,0.000000,Source: gse62944,0.937037,0.822247,0.962487
CLTCL1,0.008943,0.000000,Source: gse62944,0.937037,0.822247,0.962487
GTF2B,0.008943,0.000000,Source: gse62944,0.937037,0.822247,0.962487
TCL1A,0.008943,0.000000,Source: gse62944,0.937037,0.822247,0.962487
SECTM1,0.005962,0.004216,Source: gse62944,0.937037,0.822247,0.962487
ELAVL3,0.005962,0.004216,Source: gse62944,0.937037,0.822247,0.962487
SLC38A3,0.005962,0.004216,Source: gse62944,0.937037,0.822247,0.962487
PPP1R14D,0.005962,0.004216,Source: gse62944,0.937037,0.822247,0.962487
ANO2,0.005962,0.004216,Source: gse62944,0.937037,0.822247,0.962487
F2RL1,0.005962,0.004216,Source: gse62944,0.937037,0.822247,0.962487
GLI3,0.005962,0.004216,Source: gse62944,0.937037,0.822247,0.962487
TDO2,0.005962,0.004216,Source: gse62944,0.937037,0.822247,0.962487
CFB,0.005962,0.004216,Source: gse62944,0.937037,0.822247,0.962487
SH3D21,0.005962,0.004216,Source: gse62944,0.937037,0.822247,0.962487
ENOPH1,0.005962,0.004216,Source: gse62944,0.937037,0.822247,0.962487
DHRS11,0.005962,0.004216,Source: gse62944,0.937037,0.822247,0.962487
GALE,0.002981,0.004216,Source: gse62944,0.937037,0.822247,0.962487
SAT1,0.002981,0.004216,Source: gse62944,0.937037,0.822247,0.962487
LBP,0.002981,0.004216,Source: gse62944,0.937037,0.822247,0.962487
NRXN1,0.002981,0.004216,Source: gse62944,0.937037,0.822247,0.962487
LARP1,0.002981,0.004216,Source: gse62944,0.937037,0.822247,0.962487
CYP4F3,0.002981,0.004216,Source: gse62944,0.937037,0.822247,0.962487
ARPC1B,0.002981,0.004216,Source: gse62944,0.937037,0.822247,0.962487
UGCG,0.002981,0.004216,Source: gse62944,0.937037,0.822247,0.962487
EMID1,0.002981,0.004216,Source: gse62944,0.937037,0.822247,0.962487
SERTAD3,0.002981,0.004216,Source: gse62944,0.937037,0.822247,0.962487
KLK11,0.002981,0.004216,Source: gse62944,0.937037,0.822247,0.962487
CIDEC,0.002981,0.004216,Source: gse62944,0.937037,0.822247,0.962487
CORO7,0.002981,0.004216,Source: gse62944,0.937037,0.822247,0.962487
LYPD1,0.002981,0.004216,Source: gse62944,0.937037,0.822247,0.962487
LRP1B,0.002981,0.004216,Source: gse62944,0.937037,0.822247,0.962487
SCCPDH,0.002981,0.004216,Source: gse62944,0.937037,0.822247,0.962487
TDRD7,0.002981,0.004216,Source: gse62944,0.937037,0.822247,0.962487
MUC5B,0.002981,0.004216,Source: gse62944,0.937037,0.822247,0.962487
PRR5L,0.002981,0.004216,Source: gse62944,0.937037,0.822247,0.962487
FXYD6,0.002981,0.004216,Source: gse62944,0.937037,0.822247,0.962487
GZMB,0.002981,0.004216,Source: gse62944,0.937037,0.822247,0.962487
DENND2A,0.002981,0.004216,Source: gse62944,0.937037,0.822247,0.962487
RGS11,0.000000,0.000000,Source: gse62944,0.937037,0.822247,0.962487
CDC5L,0.000000,0.000000,Source: gse62944,0.937037,0.822247,0.962487
PPP1R15A,0.000000,0.000000,Source: gse62944,0.937037,0.822247,0.962487
MACF1,0.000000,0.000000,Source: gse62944,0.937037,0.822247,0.962487
APBB1,0.000000,0.000000,Source: gse62944,0.937037,0.822247,0.962487
ATG4B,0.000000,0.000000,Source: gse62944,0.937037,0.822247,0.962487
CPS1,0.000000,0.000000,Source: gse62944,0.937037,0.822247,0.962487
ABCD3,0.000000,0.000000,Source: gse62944,0.937037,0.822247,0.962487
ARHGEF3,0.000000,0.000000,Source: gse62944,0.937037,0.822247,0.962487
LAMB2,0.000000,0.000000,Source: gse62944,0.937037,0.822247,0.962487
MTR,0.000000,0.000000,Source: gse62944,0.937037,0.822247,0.962487
KRT3,0.000000,0.000000,Source: gse62944,0.937037,0.822247,0.962487
FASN,0.000000,0.000000,Source: gse62944,0.937037,0.822247,0.962487
TTBK2,0.000000,0.000000,Source: gse62944,0.937037,0.822247,0.962487
NR3C1,0.000000,0.000000,Source: gse62944,0.937037,0.822247,0.962487
C11orf71,0.000000,0.000000,Source: gse62944,0.937037,0.822247,0.962487
SLC11A2,0.000000,0.000000,Source: gse62944,0.937037,0.822247,0.962487
TUBA3C,0.000000,0.000000,Source: gse62944,0.937037,0.822247,0.962487
MAU2,0.000000,0.000000,Source: gse62944,0.937037,0.822247,0.962487
RTN4,0.000000,0.000000,Source: gse62944,0.937037,0.822247,0.962487
ZMYND11,0.000000,0.000000,Source: gse62944,0.937037,0.822247,0.962487
DIAPH2,0.000000,0.000000,Source: gse62944,0.937037,0.822247,0.962487
LEMD3,0.000000,0.000000,Source: gse62944,0.937037,0.822247,0.962487
PLVAP,0.000000,0.000000,Source: gse62944,0.937037,0.822247,0.962487
ARHGEF11,0.000000,0.000000,Source: gse62944,0.937037,0.822247,0.962487
DRD5,0.000000,0.000000,Source: gse62944,0.937037,0.822247,0.962487
CABIN1,0.000000,0.000000,Source: gse62944,0.937037,0.822247,0.962487
CD2AP,0.000000,0.000000,Source: gse62944,0.937037,0.822247,0.962487
VWA5A,0.000000,0.000000,Source: gse62944,0.937037,0.822247,0.962487
SLC13A4,0.000000,0.000000,Source: gse62944,0.937037,0.822247,0.962487
ROCK1,0.000000,0.000000,Source: gse62944,0.937037,0.822247,0.962487
KIAA0087,0.000000,0.000000,Source: gse62944,0.937037,0.822247,0.962487
NUDCD3,0.000000,0.000000,Source: gse62944,0.937037,0.822247,0.962487
PAQR5,0.000000,0.000000,Source: gse62944,0.937037,0.822247,0.962487
BEX1,0.000000,0.000000,Source: gse62944,0.937037,0.822247,0.962487
NOP56,0.000000,0.000000,Source: gse62944,0.937037,0.822247,0.962487
TARP,0.000000,0.000000,Source: gse62944,0.937037,0.822247,0.962487
RANBP3,0.000000,0.000000,Source: gse62944,0.937037,0.822247,0.962487
LAT,0.000000,0.000000,Source: gse62944,0.937037,0.822247,0.962487
UAP1,0.000000,0.000000,Source: gse62944,0.937037,0.822247,0.962487
RGS20,0.000000,0.000000,Source: gse62944,0.937037,0.822247,0.962487
AFF3,0.000000,0.000000,Source: gse62944,0.937037,0.822247,0.962487
BARD1,0.000000,0.000000,Source: gse62944,0.937037,0.822247,0.962487
FMO4,0.000000,0.000000,Source: gse62944,0.937037,0.822247,0.962487
WDR74,0.000000,0.000000,Source: gse62944,0.937037,0.822247,0.962487
PLA2G15,0.000000,0.000000,Source: gse62944,0.937037,0.822247,0.962487
SH3GLB1,0.000000,0.000000,Source: gse62944,0.937037,0.822247,0.962487
HOXA3,0.000000,0.000000,Source: gse62944,0.937037,0.822247,0.962487
SRSF9,0.000000,0.000000,Source: gse62944,0.937037,0.822247,0.962487
DUSP11,0.000000,0.000000,Source: gse62944,0.937037,0.822247,0.962487
GUCY2C,0.000000,0.000000,Source: gse62944,0.937037,0.822247,0.962487
CYP2J2,0.000000,0.000000,Source: gse62944,0.937037,0.822247,0.962487
HSD3B1,0.000000,0.000000,Source: gse62944,0.937037,0.822247,0.962487
CRMP1,0.000000,0.000000,Source: gse62944,0.937037,0.822247,0.962487
GJA4,0.000000,0.000000,Source: gse62944,0.937037,0.822247,0.962487
CPEB1,0.000000,0.000000,Source: gse62944,0.937037,0.822247,0.962487
ENPP2,0.000000,0.000000,Source: gse62944,0.937037,0.822247,0.962487
GP1BA,0.000000,0.000000,Source: gse62944,0.937037,0.822247,0.962487
PA2G4,0.000000,0.000000,Source: gse62944,0.937037,0.822247,0.962487
TRABD,0.000000,0.000000,Source: gse62944,0.937037,0.822247,0.962487
TRIOBP,0.000000,0.000000,Source: gse62944,0.937037,0.822247,0.962487
HECW1,0.000000,0.000000,Source: gse62944,0.937037,0.822247,0.962487
TMEM158,0.000000,0.000000,Source: gse62944,0.937037,0.822247,0.962487
LRRC1,0.000000,0.000000,Source: gse62944,0.937037,0.822247,0.962487
DLGAP2,0.000000,0.000000,Source: gse62944,0.937037,0.822247,0.962487
CIITA,0.000000,0.000000,Source: gse62944,0.937037,0.822247,0.962487
FBXW7,0.000000,0.000000,Source: gse62944,0.937037,0.822247,0.962487
TPPP,0.000000,0.000000,Source: gse62944,0.937037,0.822247,0.962487
SCN3A,0.000000,0.000000,Source: gse62944,0.937037,0.822247,0.962487
KCNJ13,0.000000,0.000000,Source: gse62944,0.937037,0.822247,0.962487
SEMA7A,0.000000,0.000000,Source: gse62944,0.937037,0.822247,0.962487
BOP1,0.000000,0.000000,Source: gse62944,0.937037,0.822247,0.962487
SGSH,0.000000,0.000000,Source: gse62944,0.937037,0.822247,0.962487
TSPYL1,0.000000,0.000000,Source: gse62944,0.937037,0.822247,0.962487
ZNF304,0.000000,0.000000,Source: gse62944,0.937037,0.822247,0.962487
FHL5,0.000000,0.000000,Source: gse62944,0.937037,0.822247,0.962487
ALOX5,0.000000,0.000000,Source: gse62944,0.937037,0.822247,0.962487
IQCB1,0.000000,0.000000,Source: gse62944,0.937037,0.822247,0.962487
LNPEP,0.000000,0.000000,Source: gse62944,0.937037,0.822247,0.962487
HTR7P1,0.000000,0.000000,Source: gse62944,0.937037,0.822247,0.962487
PTGIR,0.000000,0.000000,Source: gse62944,0.937037,0.822247,0.962487
TMEM184B,0.000000,0.000000,Source: gse62944,0.937037,0.822247,0.962487
FOXI1,0.000000,0.000000,Source: gse62944,0.937037,0.822247,0.962487
EIF2AK2,0.000000,0.000000,Source: gse62944,0.937037,0.822247,0.962487
BLVRB,0.000000,0.000000,Source: gse62944,0.937037,0.822247,0.962487
OXSR1,0.000000,0.000000,Source: gse62944,0.937037,0.822247,0.962487
SRD5A3,0.000000,0.000000,Source: gse62944,0.937037,0.822247,0.962487
ZMPSTE24,0.000000,0.000000,Source: gse62944,0.937037,0.822247,0.962487
SMOX,0.000000,0.000000,Source: gse62944,0.937037,0.822247,0.962487
ATP1A3,0.000000,0.000000,Source: gse62944,0.937037,0.822247,0.962487
TULP2,0.000000,0.000000,Source: gse62944,0.937037,0.822247,0.962487
ARL4C,0.000000,0.000000,Source: gse62944,0.937037,0.822247,0.962487
HSPB6,0.000000,0.000000,Source: gse62944,0.937037,0.822247,0.962487
MT4,0.000000,0.000000,Source: gse62944,0.937037,0.822247,0.962487
MEA1,0.000000,0.000000,Source: gse62944,0.937037,0.822247,0.962487
CHD9,0.000000,0.000000,Source: gse62944,0.937037,0.822247,0.962487
ING4,0.000000,0.000000,Source: gse62944,0.937037,0.822247,0.962487
COQ4,0.000000,0.000000,Source: gse62944,0.937037,0.822247,0.962487
PITX3,0.000000,0.000000,Source: gse62944,0.937037,0.822247,0.962487
PMM2,0.000000,0.000000,Source: gse62944,0.937037,0.822247,0.962487
ACAA1,0.000000,0.000000,Source: gse62944,0.937037,0.822247,0.962487
TCF21,0.000000,0.000000,Source: gse62944,0.937037,0.822247,0.962487
PRCP,0.000000,0.000000,Source: gse62944,0.937037,0.822247,0.962487
ARHGAP22,0.000000,0.000000,Source: gse62944,0.937037,0.822247,0.962487
PDGFA,0.000000,0.000000,Source: gse62944,0.937037,0.822247,0.962487
ASMT,0.000000,0.000000,Source: gse62944,0.937037,0.822247,0.962487
B3GALT2,0.000000,0.000000,Source: gse62944,0.937037,0.822247,0.962487
CLEC4E,0.000000,0.000000,Source: gse62944,0.937037,0.822247,0.962487
ZSCAN16,0.000000,0.000000,Source: gse62944,0.937037,0.822247,0.962487
KIFC3,0.000000,0.000000,Source: gse62944,0.937037,0.822247,0.962487
FOXD2,0.000000,0.000000,Source: gse62944,0.937037,0.822247,0.962487
EAPP,0.000000,0.000000,Source: gse62944,0.937037,0.822247,0.962487
CPEB3,0.000000,0.000000,Source: gse62944,0.937037,0.822247,0.962487
RRM1,0.000000,0.000000,Source: gse62944,0.937037,0.822247,0.962487
ROR1,0.000000,0.000000,Source: gse62944,0.937037,0.822247,0.962487
ZBTB1,0.000000,0.000000,Source: gse62944,0.937037,0.822247,0.962487
PDP1,0.000000,0.000000,Source: gse62944,0.937037,0.822247,0.962487
DCLRE1A,0.000000,0.000000,Source: gse62944,0.937037,0.822247,0.962487
DNASE1,0.000000,0.000000,Source: gse62944,0.937037,0.822247,0.962487
CHMP4A,0.000000,0.000000,Source: gse62944,0.937037,0.822247,0.962487
LXN,0.000000,0.000000,Source: gse62944,0.937037,0.822247,0.962487
CAPZA2,0.000000,0.000000,Source: gse62944,0.937037,0.822247,0.962487
MYCN,0.000000,0.000000,Source: gse62944,0.937037,0.822247,0.962487
RABEPK,0.000000,0.000000,Source: gse62944,0.937037,0.822247,0.962487
ADRA2A,0.000000,0.000000,Source: gse62944,0.937037,0.822247,0.962487
STK38,0.000000,0.000000,Source: gse62944,0.937037,0.822247,0.962487
TBL1XR1,0.000000,0.000000,Source: gse62944,0.937037,0.822247,0.962487
TAX1BP1,0.000000,0.000000,Source: gse62944,0.937037,0.822247,0.962487
BASP1,0.000000,0.000000,Source: gse62944,0.937037,0.822247,0.962487
DEAF1,0.000000,0.000000,Source: gse62944,0.937037,0.822247,0.962487
TBRG4,0.000000,0.000000,Source: gse62944,0.937037,0.822247,0.962487
SIPA1L1,0.000000,0.000000,Source: gse62944,0.937037,0.822247,0.962487
TCERG1,0.000000,0.000000,Source: gse62944,0.937037,0.822247,0.962487
COLQ,0.000000,0.000000,Source: gse62944,0.937037,0.822247,0.962487
JAK3,0.000000,0.000000,Source: gse62944,0.937037,0.822247,0.962487
SF3B1,0.000000,0.000000,Source: gse62944,0.937037,0.822247,0.962487
RHBDF2,0.000000,0.000000,Source: gse62944,0.937037,0.822247,0.962487
KCTD15,0.000000,0.000000,Source: gse62944,0.937037,0.822247,0.962487
RPGRIP1,0.000000,0.000000,Source: gse62944,0.937037,0.822247,0.962487
CSNK1G2,0.000000,0.000000,Source: gse62944,0.937037,0.822247,0.962487
FAM20B,0.000000,0.000000,Source: gse62944,0.937037,0.822247,0.962487
TMX4,0.000000,0.000000,Source: gse62944,0.937037,0.822247,0.962487
HOXB5,0.000000,0.000000,Source: gse62944,0.937037,0.822247,0.962487
SCP2,0.000000,0.000000,Source: gse62944,0.937037,0.822247,0.962487
PLA2G2F,0.000000,0.000000,Source: gse62944,0.937037,0.822247,0.962487
C21orf91,0.000000,0.000000,Source: gse62944,0.937037,0.822247,0.962487
PRB4,0.000000,0.000000,Source: gse62944,0.937037,0.822247,0.962487
CD160,0.000000,0.000000,Source: gse62944,0.937037,0.822247,0.962487
PIGK,0.000000,0.000000,Source: gse62944,0.937037,0.822247,0.962487
SAMM50,0.000000,0.000000,Source: gse62944,0.937037,0.822247,0.962487
SDC4,0.000000,0.000000,Source: gse62944,0.937037,0.822247,0.962487
MPV17,0.000000,0.000000,Source: gse62944,0.937037,0.822247,0.962487
NFKBIB,0.000000,0.000000,Source: gse62944,0.937037,0.822247,0.962487
RAB3A,0.000000,0.000000,Source: gse62944,0.937037,0.822247,0.962487
FGF22,0.000000,0.000000,Source: gse62944,0.937037,0.822247,0.962487
RHCG,0.000000,0.000000,Source: gse62944,0.937037,0.822247,0.962487
CAMK2B,0.000000,0.000000,Source: gse62944,0.937037,0.822247,0.962487
SPINT3,0.000000,0.000000,Source: gse62944,0.937037,0.822247,0.962487
HIF1AN,0.000000,0.000000,Source: gse62944,0.937037,0.822247,0.962487
ZNF432,0.000000,0.000000,Source: gse62944,0.937037,0.822247,0.962487
SYN3,0.000000,0.000000,Source: gse62944,0.937037,0.822247,0.962487
PSORS1C2,0.000000,0.000000,Source: gse62944,0.937037,0.822247,0.962487
SOCS1,0.000000,0.000000,Source: gse62944,0.937037,0.822247,0.962487
AATF,0.000000,0.000000,Source: gse62944,0.937037,0.822247,0.962487
CARD9,0.000000,0.000000,Source: gse62944,0.937037,0.822247,0.962487
RTF1,0.000000,0.000000,Source: gse62944,0.937037,0.822247,0.962487
ZFY,0.000000,0.000000,Source: gse62944,0.937037,0.822247,0.962487
FNDC4,0.000000,0.000000,Source: gse62944,0.937037,0.822247,0.962487
IARS2,0.000000,0.000000,Source: gse62944,0.937037,0.822247,0.962487
TNIP1,0.000000,0.000000,Source: gse62944,0.937037,0.822247,0.962487
ZNF552,0.000000,0.000000,Source: gse62944,0.937037,0.822247,0.962487
BICD2,0.000000,0.000000,Source: gse62944,0.937037,0.822247,0.962487
GEM,0.000000,0.000000,Source: gse62944,0.937037,0.822247,0.962487
ALB,0.000000,0.000000,Source: gse62944,0.937037,0.822247,0.962487
ARGLU1,0.000000,0.000000,Source: gse62944,0.937037,0.822247,0.962487
ZNF224,0.000000,0.000000,Source: gse62944,0.937037,0.822247,0.962487
EIF1AX,0.000000,0.000000,Source: gse62944,0.937037,0.822247,0.962487
RNF7,0.000000,0.000000,Source: gse62944,0.937037,0.822247,0.962487
OR1D2,0.000000,0.000000,Source: gse62944,0.937037,0.822247,0.962487
PPP1R9A,0.000000,0.000000,Source: gse62944,0.937037,0.822247,0.962487
CD9,0.000000,0.000000,Source: gse62944,0.937037,0.822247,0.962487
TKTL1,0.000000,0.000000,Source: gse62944,0.937037,0.822247,0.962487
SLIT2,0.000000,0.000000,Source: gse62944,0.937037,0.822247,0.962487
NRP1,0.000000,0.000000,Source: gse62944,0.937037,0.822247,0.962487
SLC25A20,0.000000,0.000000,Source: gse62944,0.937037,0.822247,0.962487
ST8SIA1,0.000000,0.000000,Source: gse62944,0.937037,0.822247,0.962487
PITPNB,0.000000,0.000000,Source: gse62944,0.937037,0.822247,0.962487
ARAP3,0.000000,0.000000,Source: gse62944,0.937037,0.822247,0.962487
BPIFA1,0.000000,0.000000,Source: gse62944,0.937037,0.822247,0.962487
DBP,0.000000,0.000000,Source: gse62944,0.937037,0.822247,0.962487
DHCR7,0.000000,0.000000,Source: gse62944,0.937037,0.822247,0.962487
LUC7L,0.000000,0.000000,Source: gse62944,0.937037,0.822247,0.962487
CD22,0.000000,0.000000,Source: gse62944,0.937037,0.822247,0.962487
TIMP3,0.000000,0.000000,Source: gse62944,0.937037,0.822247,0.962487
CLTB,0.000000,0.000000,Source: gse62944,0.937037,0.822247,0.962487
RALBP1,0.000000,0.000000,Source: gse62944,0.937037,0.822247,0.962487
RNF125,0.000000,0.000000,Source: gse62944,0.937037,0.822247,0.962487
RPL4,0.000000,0.000000,Source: gse62944,0.937037,0.822247,0.962487
TWF2,0.000000,0.000000,Source: gse62944,0.937037,0.822247,0.962487
SIRT1,0.000000,0.000000,Source: gse62944,0.937037,0.822247,0.962487
CACNA1H,0.000000,0.000000,Source: gse62944,0.937037,0.822247,0.962487
CYP2B6,0.000000,0.000000,Source: gse62944,0.937037,0.822247,0.962487
ASPSCR1,0.000000,0.000000,Source: gse62944,0.937037,0.822247,0.962487
GPR176,0.000000,0.000000,Source: gse62944,0.937037,0.822247,0.962487
PAX8,0.000000,0.000000,Source: gse62944,0.937037,0.822247,0.962487
HIPK2,0.000000,0.000000,Source: gse62944,0.937037,0.822247,0.962487
EYA4,0.000000,0.000000,Source: gse62944,0.937037,0.822247,0.962487
DDRGK1,0.000000,0.000000,Source: gse62944,0.937037,0.822247,0.962487
SLC33A1,0.000000,0.000000,Source: gse62944,0.937037,0.822247,0.962487
ACOT13,0.000000,0.000000,Source: gse62944,0.937037,0.822247,0.962487
TRAF3IP1,0.000000,0.000000,Source: gse62944,0.937037,0.822247,0.962487
ZG16,0.000000,0.000000,Source: gse62944,0.937037,0.822247,0.962487
GHRHR,0.000000,0.000000,Source: gse62944,0.937037,0.822247,0.962487
UNC50,0.000000,0.000000,Source: gse62944,0.937037,0.822247,0.962487
TMEM30B,0.000000,0.000000,Source: gse62944,0.937037,0.822247,0.962487
NEIL3,0.000000,0.000000,Source: gse62944,0.937037,0.822247,0.962487
SLC6A16,0.000000,0.000000,Source: gse62944,0.937037,0.822247,0.962487
TRPV5,0.000000,0.000000,Source: gse62944,0.937037,0.822247,0.962487
C3orf36,0.000000,0.000000,Source: gse62944,0.937037,0.822247,0.962487
PCSK1,0.000000,0.000000,Source: gse62944,0.937037,0.822247,0.962487
HTR2B,0.000000,0.000000,Source: gse62944,0.937037,0.822247,0.962487
NFU1,0.000000,0.000000,Source: gse62944,0.937037,0.822247,0.962487
SIGLEC7,0.000000,0.000000,Source: gse62944,0.937037,0.822247,0.962487
LPAL2,0.000000,0.000000,Source: gse62944,0.937037,0.822247,0.962487
CSN1S1,0.000000,0.000000,Source: gse62944,0.937037,0.822247,0.962487
ARID4B,0.000000,0.000000,Source: gse62944,0.937037,0.822247,0.962487
FBN2,0.000000,0.000000,Source: gse62944,0.937037,0.822247,0.962487
ITGB3,0.000000,0.000000,Source: gse62944,0.937037,0.822247,0.962487
ZNF467,0.000000,0.000000,Source: gse62944,0.937037,0.822247,0.962487
MRPL4,0.000000,0.000000,Source: gse62944,0.937037,0.822247,0.962487
PDE6G,0.000000,0.000000,Source: gse62944,0.937037,0.822247,0.962487
MTMR9,0.000000,0.000000,Source: gse62944,0.937037,0.822247,0.962487
GTF3C5,0.000000,0.000000,Source: gse62944,0.937037,0.822247,0.962487
RBM5,0.000000,0.000000,Source: gse62944,0.937037,0.822247,0.962487
CITED2,0.000000,0.000000,Source: gse62944,0.937037,0.822247,0.962487
COL9A2,0.000000,0.000000,Source: gse62944,0.937037,0.822247,0.962487
WWTR1,0.000000,0.000000,Source: gse62944,0.937037,0.822247,0.962487
SMARCAL1,0.000000,0.000000,Source: gse62944,0.937037,0.822247,0.962487
PEX13,0.000000,0.000000,Source: gse62944,0.937037,0.822247,0.962487
FGF3,0.000000,0.000000,Source: gse62944,0.937037,0.822247,0.962487
BCL2L14,0.000000,0.000000,Source: gse62944,0.937037,0.822247,0.962487
SART3,0.000000,0.000000,Source: gse62944,0.937037,0.822247,0.962487
PLCH1,0.000000,0.000000,Source: gse62944,0.937037,0.822247,0.962487
SIRT7,0.000000,0.000000,Source: gse62944,0.937037,0.822247,0.962487
CELA3B,0.000000,0.000000,Source: gse62944,0.937037,0.822247,0.962487
PPA2,0.000000,0.000000,Source: gse62944,0.937037,0.822247,0.962487
HOMER3,0.000000,0.000000,Source: gse62944,0.937037,0.822247,0.962487
VNN1,0.000000,0.000000,Source: gse62944,0.937037,0.822247,0.962487
ERICH1,0.000000,0.000000,Source: gse62944,0.937037,0.822247,0.962487
CLCA1,0.000000,0.000000,Source: gse62944,0.937037,0.822247,0.962487
PCDHGC3,0.000000,0.000000,Source: gse62944,0.937037,0.822247,0.962487
PEX14,0.000000,0.000000,Source: gse62944,0.937037,0.822247,0.962487
SP3,0.000000,0.000000,Source: gse62944,0.937037,0.822247,0.962487
B3GALNT1,0.000000,0.000000,Source: gse62944,0.937037,0.822247,0.962487
SLC1A7,0.000000,0.000000,Source: gse62944,0.937037,0.822247,0.962487
SMPD3,0.000000,0.000000,Source: gse62944,0.937037,0.822247,0.962487
ARHGAP12,0.000000,0.000000,Source: gse62944,0.937037,0.822247,0.962487
CYP4A11,0.000000,0.000000,Source: gse62944,0.937037,0.822247,0.962487
FAM163A,0.000000,0.000000,Source: gse62944,0.937037,0.822247,0.962487
PCDHGA8,0.000000,0.000000,Source: gse62944,0.937037,0.822247,0.962487
PRKCSH,0.000000,0.000000,Source: gse62944,0.937037,0.822247,0.962487
ZNF236,0.000000,0.000000,Source: gse62944,0.937037,0.822247,0.962487
ORC3,0.000000,0.000000,Source: gse62944,0.937037,0.822247,0.962487
IFIT5,0.000000,0.000000,Source: gse62944,0.937037,0.822247,0.962487
PDGFB,0.000000,0.000000,Source: gse62944,0.937037,0.822247,0.962487
HMMR,0.000000,0.000000,Source: gse62944,0.937037,0.822247,0.962487
MARK2,0.000000,0.000000,Source: gse62944,0.937037,0.822247,0.962487
ADAMTS3,0.000000,0.000000,Source: gse62944,0.937037,0.822247,0.962487
STRA6,0.000000,0.000000,Source: gse62944,0.937037,0.822247,0.962487
ULK1,0.000000,0.000000,Source: gse62944,0.937037,0.822247,0.962487
KLHL24,0.000000,0.000000,Source: gse62944,0.937037,0.822247,0.962487
SLA,0.000000,0.000000,Source: gse62944,0.937037,0.822247,0.962487
DLX5,0.000000,0.000000,Source: gse62944,0.937037,0.822247,0.962487
ARIH2,0.000000,0.000000,Source: gse62944,0.937037,0.822247,0.962487
STARD7,0.000000,0.000000,Source: gse62944,0.937037,0.822247,0.962487
CTTN,0.000000,0.000000,Source: gse62944,0.937037,0.822247,0.962487
RHOBTB2,0.000000,0.000000,Source: gse62944,0.937037,0.822247,0.962487
ABCD2,0.000000,0.000000,Source: gse62944,0.937037,0.822247,0.962487
CDC123,0.000000,0.000000,Source: gse62944,0.937037,0.822247,0.962487
BTRC,0.000000,0.000000,Source: gse62944,0.937037,0.822247,0.962487
MEFV,0.000000,0.000000,Source: gse62944,0.937037,0.822247,0.962487
IPW,0.000000,0.000000,Source: gse62944,0.937037,0.822247,0.962487
ZNF140,0.000000,0.000000,Source: gse62944,0.937037,0.822247,0.962487
B3GALT4,0.000000,0.000000,Source: gse62944,0.937037,0.822247,0.962487
CNGA3,0.000000,0.000000,Source: gse62944,0.937037,0.822247,0.962487
NCAPH2,0.000000,0.000000,Source: gse62944,0.937037,0.822247,0.962487
HBBP1,0.000000,0.000000,Source: gse62944,0.937037,0.822247,0.962487
LPGAT1,0.000000,0.000000,Source: gse62944,0.937037,0.822247,0.962487
TCAP,0.000000,0.000000,Source: gse62944,0.937037,0.822247,0.962487
ARTN,0.000000,0.000000,Source: gse62944,0.937037,0.822247,0.962487
TMED1,0.000000,0.000000,Source: gse62944,0.937037,0.822247,0.962487
RBM39,0.000000,0.000000,Source: gse62944,0.937037,0.822247,0.962487
TRAPPC3,0.000000,0.000000,Source: gse62944,0.937037,0.822247,0.962487
PGLS,0.000000,0.000000,Source: gse62944,0.937037,0.822247,0.962487
TRPV6,0.000000,0.000000,Source: gse62944,0.937037,0.822247,0.962487
RNF216,0.000000,0.000000,Source: gse62944,0.937037,0.822247,0.962487
MAZ,0.000000,0.000000,Source: gse62944,0.937037,0.822247,0.962487
FAM216A,0.000000,0.000000,Source: gse62944,0.937037,0.822247,0.962487
P4HA1,0.000000,0.000000,Source: gse62944,0.937037,0.822247,0.962487
TNIP3,0.000000,0.000000,Source: gse62944,0.937037,0.822247,0.962487
DR1,0.000000,0.000000,Source: gse62944,0.937037,0.822247,0.962487
DHX30,0.000000,0.000000,Source: gse62944,0.937037,0.822247,0.962487
CHMP5,0.000000,0.000000,Source: gse62944,0.937037,0.822247,0.962487
RFNG,0.000000,0.000000,Source: gse62944,0.937037,0.822247,0.962487
PADI4,0.000000,0.000000,Source: gse62944,0.937037,0.822247,0.962487
ADNP,0.000000,0.000000,Source: gse62944,0.937037,0.822247,0.962487
CYP27A1,0.000000,0.000000,Source: gse62944,0.937037,0.822247,0.962487
USP13,0.000000,0.000000,Source: gse62944,0.937037,0.822247,0.962487
LGALS3,0.000000,0.000000,Source: gse62944,0.937037,0.822247,0.962487
VGLL1,0.000000,0.000000,Source: gse62944,0.937037,0.822247,0.962487
C1S,0.000000,0.000000,Source: gse62944,0.937037,0.822247,0.962487
SLC7A4,0.000000,0.000000,Source: gse62944,0.937037,0.822247,0.962487
GRK1,0.000000,0.000000,Source: gse62944,0.937037,0.822247,0.962487
PKP1,0.000000,0.000000,Source: gse62944,0.937037,0.822247,0.962487
C15orf39,0.000000,0.000000,Source: gse62944,0.937037,0.822247,0.962487
GTF2H5,0.000000,0.000000,Source: gse62944,0.937037,0.822247,0.962487
TRIM31,0.000000,0.000000,Source: gse62944,0.937037,0.822247,0.962487
FBXL15,0.000000,0.000000,Source: gse62944,0.937037,0.822247,0.962487
FLCN,0.000000,0.000000,Source: gse62944,0.937037,0.822247,0.962487
ZNF639,0.000000,0.000000,Source: gse62944,0.937037,0.822247,0.962487
BGN,0.000000,0.000000,Source: gse62944,0.937037,0.822247,0.962487
TES,0.000000,0.000000,Source: gse62944,0.937037,0.822247,0.962487
TRMT112,0.000000,0.000000,Source: gse62944,0.937037,0.822247,0.962487
NOX1,0.000000,0.000000,Source: gse62944,0.937037,0.822247,0.962487
DDAH1,0.000000,0.000000,Source: gse62944,0.937037,0.822247,0.962487
DTNB,0.000000,0.000000,Source: gse62944,0.937037,0.822247,0.962487
C11orf24,0.000000,0.000000,Source: gse62944,0.937037,0.822247,0.962487
SPANXB1,0.000000,0.000000,Source: gse62944,0.937037,0.822247,0.962487
TSHZ2,0.000000,0.000000,Source: gse62944,0.937037,0.822247,0.962487
RAB28,0.000000,0.000000,Source: gse62944,0.937037,0.822247,0.962487
ADCY2,0.000000,0.000000,Source: gse62944,0.937037,0.822247,0.962487
ELP3,0.000000,0.000000,Source: gse62944,0.937037,0.822247,0.962487
TMEM59L,0.000000,0.000000,Source: gse62944,0.937037,0.822247,0.962487
SLC39A2,0.000000,0.000000,Source: gse62944,0.937037,0.822247,0.962487
IKZF2,0.000000,0.000000,Source: gse62944,0.937037,0.822247,0.962487
DDO,0.000000,0.000000,Source: gse62944,0.937037,0.822247,0.962487
ERP29,0.000000,0.000000,Source: gse62944,0.937037,0.822247,0.962487
COL8A2,0.000000,0.000000,Source: gse62944,0.937037,0.822247,0.962487
PCDHGA9,0.000000,0.000000,Source: gse62944,0.937037,0.822247,0.962487
EVI2A,0.000000,0.000000,Source: gse62944,0.937037,0.822247,0.962487
HSD17B14,0.000000,0.000000,Source: gse62944,0.937037,0.822247,0.962487
IKZF1,0.000000,0.000000,Source: gse62944,0.937037,0.822247,0.962487
MN1,0.000000,0.000000,Source: gse62944,0.937037,0.822247,0.962487
VWA7,0.000000,0.000000,Source: gse62944,0.937037,0.822247,0.962487
WDR44,0.000000,0.000000,Source: gse62944,0.937037,0.822247,0.962487
DAD1,0.000000,0.000000,Source: gse62944,0.937037,0.822247,0.962487
CDA,0.000000,0.000000,Source: gse62944,0.937037,0.822247,0.962487
GOSR2,0.000000,0.000000,Source: gse62944,0.937037,0.822247,0.962487
CCDC33,0.000000,0.000000,Source: gse62944,0.937037,0.822247,0.962487
FOXJ3,0.000000,0.000000,Source: gse62944,0.937037,0.822247,0.962487
HLA-DRA,0.000000,0.000000,Source: gse62944,0.937037,0.822247,0.962487
PLCL1,0.000000,0.000000,Source: gse62944,0.937037,0.822247,0.962487
PLIN3,0.000000,0.000000,Source: gse62944,0.937037,0.822247,0.962487
FZD5,0.000000,0.000000,Source: gse62944,0.937037,0.822247,0.962487
RRM2,0.000000,0.000000,Source: gse62944,0.937037,0.822247,0.962487
CCL24,0.000000,0.000000,Source: gse62944,0.937037,0.822247,0.962487
DRAM1,0.000000,0.000000,Source: gse62944,0.937037,0.822247,0.962487
OR7C2,0.000000,0.000000,Source: gse62944,0.937037,0.822247,0.962487
SRSF1,0.000000,0.000000,Source: gse62944,0.937037,0.822247,0.962487
GABRA2,0.000000,0.000000,Source: gse62944,0.937037,0.822247,0.962487
PAK2,0.000000,0.000000,Source: gse62944,0.937037,0.822247,0.962487
ATP6V0E1,0.000000,0.000000,Source: gse62944,0.937037,0.822247,0.962487
LILRA1,0.000000,0.000000,Source: gse62944,0.937037,0.822247,0.962487
UBD,0.000000,0.000000,Source: gse62944,0.937037,0.822247,0.962487
EFNB2,0.000000,0.000000,Source: gse62944,0.937037,0.822247,0.962487
ETFB,0.000000,0.000000,Source: gse62944,0.937037,0.822247,0.962487
FAM118A,0.000000,0.000000,Source: gse62944,0.937037,0.822247,0.962487
CLEC2B,0.000000,0.000000,Source: gse62944,0.937037,0.822247,0.962487
LUM,0.000000,0.000000,Source: gse62944,0.937037,0.822247,0.962487
GALNT12,0.000000,0.000000,Source: gse62944,0.937037,0.822247,0.962487
PCDHA6,0.000000,0.000000,Source: gse62944,0.937037,0.822247,0.962487
GUCY2F,0.000000,0.000000,Source: gse62944,0.937037,0.822247,0.962487
GATA2,0.000000,0.000000,Source: gse62944,0.937037,0.822247,0.962487
COQ2,0.000000,0.000000,Source: gse62944,0.937037,0.822247,0.962487
CTDSPL,0.000000,0.000000,Source: gse62944,0.937037,0.822247,0.962487
EGF,0.000000,0.000000,Source: gse62944,0.937037,0.822247,0.962487
SCRN3,0.000000,0.000000,Source: gse62944,0.937037,0.822247,0.962487
RPL5,0.000000,0.000000,Source: gse62944,0.937037,0.822247,0.962487
STXBP3,0.000000,0.000000,Source: gse62944,0.937037,0.822247,0.962487
TBC1D30,0.000000,0.000000,Source: gse62944,0.937037,0.822247,0.962487
P2RX7,0.000000,0.000000,Source: gse62944,0.937037,0.822247,0.962487
MED27,0.000000,0.000000,Source: gse62944,0.937037,0.822247,0.962487
NME4,0.000000,0.000000,Source: gse62944,0.937037,0.822247,0.962487
SPI1,0.000000,0.000000,Source: gse62944,0.937037,0.822247,0.962487
CCL21,0.000000,0.000000,Source: gse62944,0.937037,0.822247,0.962487
CXCR1,0.000000,0.000000,Source: gse62944,0.937037,0.822247,0.962487
COL1A1,0.000000,0.000000,Source: gse62944,0.937037,0.822247,0.962487
GRK6,0.000000,0.000000,Source: gse62944,0.937037,0.822247,0.962487
GPR135,0.000000,0.000000,Source: gse62944,0.937037,0.822247,0.962487
TMEM222,0.000000,0.000000,Source: gse62944,0.937037,0.822247,0.962487
THNSL2,0.000000,0.000000,Source: gse62944,0.937037,0.822247,0.962487
HLA-J,0.000000,0.000000,Source: gse62944,0.937037,0.822247,0.962487
CAMTA2,0.000000,0.000000,Source: gse62944,0.937037,0.822247,0.962487
ZNF23,0.000000,0.000000,Source: gse62944,0.937037,0.822247,0.962487
HOXD12,0.000000,0.000000,Source: gse62944,0.937037,0.822247,0.962487
SCRT1,0.000000,0.000000,Source: gse62944,0.937037,0.822247,0.962487
EIF2D,0.000000,0.000000,Source: gse62944,0.937037,0.822247,0.962487
HOXB6,0.000000,0.000000,Source: gse62944,0.937037,0.822247,0.962487
HRK,0.000000,0.000000,Source: gse62944,0.937037,0.822247,0.962487
NEDD4,0.000000,0.000000,Source: gse62944,0.937037,0.822247,0.962487
WSB2,0.000000,0.000000,Source: gse62944,0.937037,0.822247,0.962487
HAUS2,0.000000,0.000000,Source: gse62944,0.937037,0.822247,0.962487
EML2,0.000000,0.000000,Source: gse62944,0.937037,0.822247,0.962487
MRFAP1L1,0.000000,0.000000,Source: gse62944,0.937037,0.822247,0.962487
SFXN1,0.000000,0.000000,Source: gse62944,0.937037,0.822247,0.962487
CDIPT,0.000000,0.000000,Source: gse62944,0.937037,0.822247,0.962487
TCTN1,0.000000,0.000000,Source: gse62944,0.937037,0.822247,0.962487
CUTA,0.000000,0.000000,Source: gse62944,0.937037,0.822247,0.962487
HTR1E,0.000000,0.000000,Source: gse62944,0.937037,0.822247,0.962487
FZD1,0.000000,0.000000,Source: gse62944,0.937037,0.822247,0.962487
TP53AIP1,0.000000,0.000000,Source: gse62944,0.937037,0.822247,0.962487
ASL,0.000000,0.000000,Source: gse62944,0.937037,0.822247,0.962487
CER1,0.000000,0.000000,Source: gse62944,0.937037,0.822247,0.962487
CCNL1,0.000000,0.000000,Source: gse62944,0.937037,0.822247,0.962487
ING3,0.000000,0.000000,Source: gse62944,0.937037,0.822247,0.962487
MPHOSPH9,0.000000,0.000000,Source: gse62944,0.937037,0.822247,0.962487
FBXW4,0.000000,0.000000,Source: gse62944,0.937037,0.822247,0.962487
SYNGR2,0.000000,0.000000,Source: gse62944,0.937037,0.822247,0.962487
DNM3,0.000000,0.000000,Source: gse62944,0.937037,0.822247,0.962487
ST7,0.000000,0.000000,Source: gse62944,0.937037,0.822247,0.962487
SNX5,0.000000,0.000000,Source: gse62944,0.937037,0.822247,0.962487
MME,0.000000,0.000000,Source: gse62944,0.937037,0.822247,0.962487
SERPINB4,0.000000,0.000000,Source: gse62944,0.937037,0.822247,0.962487
SV2B,0.000000,0.000000,Source: gse62944,0.937037,0.822247,0.962487
NFYA,0.000000,0.000000,Source: gse62944,0.937037,0.822247,0.962487
TRIT1,0.000000,0.000000,Source: gse62944,0.937037,0.822247,0.962487
MPPE1,0.000000,0.000000,Source: gse62944,0.937037,0.822247,0.962487
MYH11,0.000000,0.000000,Source: gse62944,0.937037,0.822247,0.962487
TMEM39A,0.000000,0.000000,Source: gse62944,0.937037,0.822247,0.962487
SMARCA5,0.000000,0.000000,Source: gse62944,0.937037,0.822247,0.962487
WDR5B,0.000000,0.000000,Source: gse62944,0.937037,0.822247,0.962487
GLOD4,0.000000,0.000000,Source: gse62944,0.937037,0.822247,0.962487
HCFC1R1,0.000000,0.000000,Source: gse62944,0.937037,0.822247,0.962487
ZNF22,0.000000,0.000000,Source: gse62944,0.937037,0.822247,0.962487
ANG,0.000000,0.000000,Source: gse62944,0.937037,0.822247,0.962487
FOXJ2,0.000000,0.000000,Source: gse62944,0.937037,0.822247,0.962487
MTM1,0.000000,0.000000,Source: gse62944,0.937037,0.822247,0.962487
EXOSC9,0.000000,0.000000,Source: gse62944,0.937037,0.822247,0.962487
FUT5,0.000000,0.000000,Source: gse62944,0.937037,0.822247,0.962487
ADRA1D,0.000000,0.000000,Source: gse62944,0.937037,0.822247,0.962487
F2RL2,0.000000,0.000000,Source: gse62944,0.937037,0.822247,0.962487
PIN4,0.000000,0.000000,Source: gse62944,0.937037,0.822247,0.962487
BAALC,0.000000,0.000000,Source: gse62944,0.937037,0.822247,0.962487
AMELY,0.000000,0.000000,Source: gse62944,0.937037,0.822247,0.962487
RFX1,0.000000,0.000000,Source: gse62944,0.937037,0.822247,0.962487
FPGS,0.000000,0.000000,Source: gse62944,0.937037,0.822247,0.962487
CCDC68,0.000000,0.000000,Source: gse62944,0.937037,0.822247,0.962487
TJP2,0.000000,0.000000,Source: gse62944,0.937037,0.822247,0.962487
RPH3AL,0.000000,0.000000,Source: gse62944,0.937037,0.822247,0.962487
STAM,0.000000,0.000000,Source: gse62944,0.937037,0.822247,0.962487
NCOA2,0.000000,0.000000,Source: gse62944,0.937037,0.822247,0.962487
ANKRD28,0.000000,0.000000,Source: gse62944,0.937037,0.822247,0.962487
OAS2,0.000000,0.000000,Source: gse62944,0.937037,0.822247,0.962487
HADH,0.000000,0.000000,Source: gse62944,0.937037,0.822247,0.962487
HRH3,0.000000,0.000000,Source: gse62944,0.937037,0.822247,0.962487
CNTNAP2,0.000000,0.000000,Source: gse62944,0.937037,0.822247,0.962487
AHR,0.000000,0.000000,Source: gse62944,0.937037,0.822247,0.962487
PLEKHA6,0.000000,0.000000,Source: gse62944,0.937037,0.822247,0.962487
CEACAM7,0.000000,0.000000,Source: gse62944,0.937037,0.822247,0.962487
CD28,0.000000,0.000000,Source: gse62944,0.937037,0.822247,0.962487
HSP90AB1,0.000000,0.000000,Source: gse62944,0.937037,0.822247,0.962487
MECOM,0.000000,0.000000,Source: gse62944,0.937037,0.822247,0.962487
GIT1,0.000000,0.000000,Source: gse62944,0.937037,0.822247,0.962487
FOXB1,0.000000,0.000000,Source: gse62944,0.937037,0.822247,0.962487
GNPDA1,0.000000,0.000000,Source: gse62944,0.937037,0.822247,0.962487
PAWR,0.000000,0.000000,Source: gse62944,0.937037,0.822247,0.962487
APOC3,0.000000,0.000000,Source: gse62944,0.937037,0.822247,0.962487
SLC30A5,0.000000,0.000000,Source: gse62944,0.937037,0.822247,0.962487
STXBP6,0.000000,0.000000,Source: gse62944,0.937037,0.822247,0.962487
TSC2,0.000000,0.000000,Source: gse62944,0.937037,0.822247,0.962487
NEFL,0.000000,0.000000,Source: gse62944,0.937037,0.822247,0.962487
AP1G1,0.000000,0.000000,Source: gse62944,0.937037,0.822247,0.962487
CIB2,0.000000,0.000000,Source: gse62944,0.937037,0.822247,0.962487
NCK1,0.000000,0.000000,Source: gse62944,0.937037,0.822247,0.962487
PTGDR2,0.000000,0.000000,Source: gse62944,0.937037,0.822247,0.962487
GPN3,0.000000,0.000000,Source: gse62944,0.937037,0.822247,0.962487
KIF26B,0.000000,0.000000,Source: gse62944,0.937037,0.822247,0.962487
PLEKHO1,0.000000,0.000000,Source: gse62944,0.937037,0.822247,0.962487
SEZ6L,0.000000,0.000000,Source: gse62944,0.937037,0.822247,0.962487
OR7A5,0.000000,0.000000,Source: gse62944,0.937037,0.822247,0.962487
NPFFR1,0.000000,0.000000,Source: gse62944,0.937037,0.822247,0.962487
TCF15,0.000000,0.000000,Source: gse62944,0.937037,0.822247,0.962487
CPSF1,0.000000,0.000000,Source: gse62944,0.937037,0.822247,0.962487
KIAA0319L,0.000000,0.000000,Source: gse62944,0.937037,0.822247,0.962487
TNN,0.000000,0.000000,Source: gse62944,0.937037,0.822247,0.962487
HMGN3,0.000000,0.000000,Source: gse62944,0.937037,0.822247,0.962487
N4BP3,0.000000,0.000000,Source: gse62944,0.937037,0.822247,0.962487
LDHAL6B,0.000000,0.000000,Source: gse62944,0.937037,0.822247,0.962487
MBL2,0.000000,0.000000,Source: gse62944,0.937037,0.822247,0.962487
ZIM2,0.000000,0.000000,Source: gse62944,0.937037,0.822247,0.962487
ATP1B2,0.000000,0.000000,Source: gse62944,0.937037,0.822247,0.962487
F7,0.000000,0.000000,Source: gse62944,0.937037,0.822247,0.962487
PSAP,0.000000,0.000000,Source: gse62944,0.937037,0.822247,0.962487
PDGFRB,0.000000,0.000000,Source: gse62944,0.937037,0.822247,0.962487
PAX3,0.000000,0.000000,Source: gse62944,0.937037,0.822247,0.962487
HAS2,0.000000,0.000000,Source: gse62944,0.937037,0.822247,0.962487
HSPA1L,0.000000,0.000000,Source: gse62944,0.937037,0.822247,0.962487
NHLRC2,0.000000,0.000000,Source: gse62944,0.937037,0.822247,0.962487
SIVA1,0.000000,0.000000,Source: gse62944,0.937037,0.822247,0.962487
ALPL,0.000000,0.000000,Source: gse62944,0.937037,0.822247,0.962487
CCL4,0.000000,0.000000,Source: gse62944,0.937037,0.822247,0.962487
NCAPG,0.000000,0.000000,Source: gse62944,0.937037,0.822247,0.962487
DPYSL4,0.000000,0.000000,Source: gse62944,0.937037,0.822247,0.962487
PNRC1,0.000000,0.000000,Source: gse62944,0.937037,0.822247,0.962487
GABARAPL2,0.000000,0.000000,Source: gse62944,0.937037,0.822247,0.962487
LMCD1,0.000000,0.000000,Source: gse62944,0.937037,0.822247,0.962487
RMND1,0.000000,0.000000,Source: gse62944,0.937037,0.822247,0.962487
BPESC1,0.000000,0.000000,Source: gse62944,0.937037,0.822247,0.962487
DBNDD1,0.000000,0.000000,Source: gse62944,0.937037,0.822247,0.962487
TGM1,0.000000,0.000000,Source: gse62944,0.937037,0.822247,0.962487
ARCN1,0.000000,0.000000,Source: gse62944,0.937037,0.822247,0.962487
GPR137B,0.000000,0.000000,Source: gse62944,0.937037,0.822247,0.962487
ANGPTL2,0.000000,0.000000,Source: gse62944,0.937037,0.822247,0.962487
ST6GALNAC4,0.000000,0.000000,Source: gse62944,0.937037,0.822247,0.962487
WFDC2,0.000000,0.000000,Source: gse62944,0.937037,0.822247,0.962487
ST3GAL4,0.000000,0.000000,Source: gse62944,0.937037,0.822247,0.962487
ZNF266,0.000000,0.000000,Source: gse62944,0.937037,0.822247,0.962487
CADM4,0.000000,0.000000,Source: gse62944,0.937037,0.822247,0.962487
SYT17,0.000000,0.000000,Source: gse62944,0.937037,0.822247,0.962487
ACTN1,0.000000,0.000000,Source: gse62944,0.937037,0.822247,0.962487
ZNF384,0.000000,0.000000,Source: gse62944,0.937037,0.822247,0.962487
CDC27,0.000000,0.000000,Source: gse62944,0.937037,0.822247,0.962487
KLF10,0.000000,0.000000,Source: gse62944,0.937037,0.822247,0.962487
MTNR1A,0.000000,0.000000,Source: gse62944,0.937037,0.822247,0.962487
MPST,0.000000,0.000000,Source: gse62944,0.937037,0.822247,0.962487
OR5I1,0.000000,0.000000,Source: gse62944,0.937037,0.822247,0.962487
POLR1E,0.000000,0.000000,Source: gse62944,0.937037,0.822247,0.962487
LHB,0.000000,0.000000,Source: gse62944,0.937037,0.822247,0.962487
PNLIPRP1,0.000000,0.000000,Source: gse62944,0.937037,0.822247,0.962487
TMEM147,0.000000,0.000000,Source: gse62944,0.937037,0.822247,0.962487
PSMF1,0.000000,0.000000,Source: gse62944,0.937037,0.822247,0.962487
OCEL1,0.000000,0.000000,Source: gse62944,0.937037,0.822247,0.962487
NCSTN,0.000000,0.000000,Source: gse62944,0.937037,0.822247,0.962487
ZNF549,0.000000,0.000000,Source: gse62944,0.937037,0.822247,0.962487
MUC16,0.000000,0.000000,Source: gse62944,0.937037,0.822247,0.962487
TMPRSS11E,0.000000,0.000000,Source: gse62944,0.937037,0.822247,0.962487
EPHA4,0.000000,0.000000,Source: gse62944,0.937037,0.822247,0.962487
TAGLN2,0.000000,0.000000,Source: gse62944,0.937037,0.822247,0.962487
RAD1,0.000000,0.000000,Source: gse62944,0.937037,0.822247,0.962487
PDZRN3,0.000000,0.000000,Source: gse62944,0.937037,0.822247,0.962487
RNF128,0.000000,0.000000,Source: gse62944,0.937037,0.822247,0.962487
SASH3,0.000000,0.000000,Source: gse62944,0.937037,0.822247,0.962487
VPS16,0.000000,0.000000,Source: gse62944,0.937037,0.822247,0.962487
FIS1,0.000000,0.000000,Source: gse62944,0.937037,0.822247,0.962487
BRWD1,0.000000,0.000000,Source: gse62944,0.937037,0.822247,0.962487
PSAT1,0.000000,0.000000,Source: gse62944,0.937037,0.822247,0.962487
BAHD1,0.000000,0.000000,Source: gse62944,0.937037,0.822247,0.962487
PRSS23,0.000000,0.000000,Source: gse62944,0.937037,0.822247,0.962487
EIF2S1,0.000000,0.000000,Source: gse62944,0.937037,0.822247,0.962487
HNRNPA1,0.000000,0.000000,Source: gse62944,0.937037,0.822247,0.962487
DPP6,0.000000,0.000000,Source: gse62944,0.937037,0.822247,0.962487
SBF1,0.000000,0.000000,Source: gse62944,0.937037,0.822247,0.962487
IL1R2,0.000000,0.000000,Source: gse62944,0.937037,0.822247,0.962487
MRPS7,0.000000,0.000000,Source: gse62944,0.937037,0.822247,0.962487
CACNA1G,0.000000,0.000000,Source: gse62944,0.937037,0.822247,0.962487
CBFA2T2,0.000000,0.000000,Source: gse62944,0.937037,0.822247,0.962487
L1TD1,0.000000,0.000000,Source: gse62944,0.937037,0.822247,0.962487
CDK10,0.000000,0.000000,Source: gse62944,0.937037,0.822247,0.962487
PPP1R13L,0.000000,0.000000,Source: gse62944,0.937037,0.822247,0.962487
ZNF747,0.000000,0.000000,Source: gse62944,0.937037,0.822247,0.962487
RGS16,0.000000,0.000000,Source: gse62944,0.937037,0.822247,0.962487
ALDH1A3,0.000000,0.000000,Source: gse62944,0.937037,0.822247,0.962487
MAT1A,0.000000,0.000000,Source: gse62944,0.937037,0.822247,0.962487
FLRT1,0.000000,0.000000,Source: gse62944,0.937037,0.822247,0.962487
ARL4D,0.000000,0.000000,Source: gse62944,0.937037,0.822247,0.962487
DDX3X,0.000000,0.000000,Source: gse62944,0.937037,0.822247,0.962487
EMILIN2,0.000000,0.000000,Source: gse62944,0.937037,0.822247,0.962487
GPR22,0.000000,0.000000,Source: gse62944,0.937037,0.822247,0.962487
CDC14B,0.000000,0.000000,Source: gse62944,0.937037,0.822247,0.962487
CYP26B1,0.000000,0.000000,Source: gse62944,0.937037,0.822247,0.962487
CINP,0.000000,0.000000,Source: gse62944,0.937037,0.822247,0.962487
ZNF337,0.000000,0.000000,Source: gse62944,0.937037,0.822247,0.962487
CLDN14,0.000000,0.000000,Source: gse62944,0.937037,0.822247,0.962487
TEX264,0.000000,0.000000,Source: gse62944,0.937037,0.822247,0.962487
ZNF668,0.000000,0.000000,Source: gse62944,0.937037,0.822247,0.962487
RGS6,0.000000,0.000000,Source: gse62944,0.937037,0.822247,0.962487
GPR50,0.000000,0.000000,Source: gse62944,0.937037,0.822247,0.962487
EYA3,0.000000,0.000000,Source: gse62944,0.937037,0.822247,0.962487
RING1,0.000000,0.000000,Source: gse62944,0.937037,0.822247,0.962487
HKDC1,0.000000,0.000000,Source: gse62944,0.937037,0.822247,0.962487
NEAT1,0.000000,0.000000,Source: gse62944,0.937037,0.822247,0.962487
BMP4,0.000000,0.000000,Source: gse62944,0.937037,0.822247,0.962487
KIF18B,0.000000,0.000000,Source: gse62944,0.937037,0.822247,0.962487
ZKSCAN1,0.000000,0.000000,Source: gse62944,0.937037,0.822247,0.962487
CD300C,0.000000,0.000000,Source: gse62944,0.937037,0.822247,0.962487
CYP3A5,0.000000,0.000000,Source: gse62944,0.937037,0.822247,0.962487
RAB9BP1,0.000000,0.000000,Source: gse62944,0.937037,0.822247,0.962487
PKP2,0.000000,0.000000,Source: gse62944,0.937037,0.822247,0.962487
FERMT1,0.000000,0.000000,Source: gse62944,0.937037,0.822247,0.962487
CCNA2,0.000000,0.000000,Source: gse62944,0.937037,0.822247,0.962487
GFPT1,0.000000,0.000000,Source: gse62944,0.937037,0.822247,0.962487
RABIF,0.000000,0.000000,Source: gse62944,0.937037,0.822247,0.962487
PRLH,0.000000,0.000000,Source: gse62944,0.937037,0.822247,0.962487
TM4SF1,0.000000,0.000000,Source: gse62944,0.937037,0.822247,0.962487
LRRC8E,0.000000,0.000000,Source: gse62944,0.937037,0.822247,0.962487
SRPX,0.000000,0.000000,Source: gse62944,0.937037,0.822247,0.962487
ZBED1,0.000000,0.000000,Source: gse62944,0.937037,0.822247,0.962487
KLHL11,0.000000,0.000000,Source: gse62944,0.937037,0.822247,0.962487
PICK1,0.000000,0.000000,Source: gse62944,0.937037,0.822247,0.962487
ERLIN2,0.000000,0.000000,Source: gse62944,0.937037,0.822247,0.962487
RNF38,0.000000,0.000000,Source: gse62944,0.937037,0.822247,0.962487
DOK5,0.000000,0.000000,Source: gse62944,0.937037,0.822247,0.962487
FAM53C,0.000000,0.000000,Source: gse62944,0.937037,0.822247,0.962487
DES,0.000000,0.000000,Source: gse62944,0.937037,0.822247,0.962487
LST1,0.000000,0.000000,Source: gse62944,0.937037,0.822247,0.962487
CNNM4,0.000000,0.000000,Source: gse62944,0.937037,0.822247,0.962487
SEC61A1,0.000000,0.000000,Source: gse62944,0.937037,0.822247,0.962487
ETF1,0.000000,0.000000,Source: gse62944,0.937037,0.822247,0.962487
GPS1,0.000000,0.000000,Source: gse62944,0.937037,0.822247,0.962487
ERCC8,0.000000,0.000000,Source: gse62944,0.937037,0.822247,0.962487
CLDN11,0.000000,0.000000,Source: gse62944,0.937037,0.822247,0.962487
GRID2,0.000000,0.000000,Source: gse62944,0.937037,0.822247,0.962487
NDN,0.000000,0.000000,Source: gse62944,0.937037,0.822247,0.962487
CPLX3,0.000000,0.000000,Source: gse62944,0.937037,0.822247,0.962487
RUNX3,0.000000,0.000000,Source: gse62944,0.937037,0.822247,0.962487
ZMYM6,0.000000,0.000000,Source: gse62944,0.937037,0.822247,0.962487
LRRFIP1,0.000000,0.000000,Source: gse62944,0.937037,0.822247,0.962487
CCDC90B,0.000000,0.000000,Source: gse62944,0.937037,0.822247,0.962487
ZNF510,0.000000,0.000000,Source: gse62944,0.937037,0.822247,0.962487
STOML1,0.000000,0.000000,Source: gse62944,0.937037,0.822247,0.962487
KCNK7,0.000000,0.000000,Source: gse62944,0.937037,0.822247,0.962487
PAOX,0.000000,0.000000,Source: gse62944,0.937037,0.822247,0.962487
TLE3,0.000000,0.000000,Source: gse62944,0.937037,0.822247,0.962487
WNT5B,0.000000,0.000000,Source: gse62944,0.937037,0.822247,0.962487
DUS1L,0.000000,0.000000,Source: gse62944,0.937037,0.822247,0.962487
HOXB13,0.000000,0.000000,Source: gse62944,0.937037,0.822247,0.962487
TAF9B,0.000000,0.000000,Source: gse62944,0.937037,0.822247,0.962487
HLX,0.000000,0.000000,Source: gse62944,0.937037,0.822247,0.962487
CD1D,0.000000,0.000000,Source: gse62944,0.937037,0.822247,0.962487
CDKN2AIP,0.000000,0.000000,Source: gse62944,0.937037,0.822247,0.962487
MICAL3,0.000000,0.000000,Source: gse62944,0.937037,0.822247,0.962487
FAH,0.000000,0.000000,Source: gse62944,0.937037,0.822247,0.962487
ZBTB24,0.000000,0.000000,Source: gse62944,0.937037,0.822247,0.962487
TRAF3IP3,0.000000,0.000000,Source: gse62944,0.937037,0.822247,0.962487
ACOX2,0.000000,0.000000,Source: gse62944,0.937037,0.822247,0.962487
ZNF646,0.000000,0.000000,Source: gse62944,0.937037,0.822247,0.962487
ISL1,0.000000,0.000000,Source: gse62944,0.937037,0.822247,0.962487
ZBTB7C,0.000000,0.000000,Source: gse62944,0.937037,0.822247,0.962487
CPB1,0.000000,0.000000,Source: gse62944,0.937037,0.822247,0.962487
CCNB2,0.000000,0.000000,Source: gse62944,0.937037,0.822247,0.962487
COG7,0.000000,0.000000,Source: gse62944,0.937037,0.822247,0.962487
INTS7,0.000000,0.000000,Source: gse62944,0.937037,0.822247,0.962487
SIX3,0.000000,0.000000,Source: gse62944,0.937037,0.822247,0.962487
MMP14,0.000000,0.000000,Source: gse62944,0.937037,0.822247,0.962487
PLSCR1,0.000000,0.000000,Source: gse62944,0.937037,0.822247,0.962487
ABCG5,0.000000,0.000000,Source: gse62944,0.937037,0.822247,0.962487
PTGER2,0.000000,0.000000,Source: gse62944,0.937037,0.822247,0.962487
STXBP1,0.000000,0.000000,Source: gse62944,0.937037,0.822247,0.962487
TSC1,0.000000,0.000000,Source: gse62944,0.937037,0.822247,0.962487
DAPK1,0.000000,0.000000,Source: gse62944,0.937037,0.822247,0.962487
HLA-C,0.000000,0.000000,Source: gse62944,0.937037,0.822247,0.962487
INPP5J,0.000000,0.000000,Source: gse62944,0.937037,0.822247,0.962487
VAMP4,0.000000,0.000000,Source: gse62944,0.937037,0.822247,0.962487
SNN,0.000000,0.000000,Source: gse62944,0.937037,0.822247,0.962487
CT62,0.000000,0.000000,Source: gse62944,0.937037,0.822247,0.962487
ZFYVE9,0.000000,0.000000,Source: gse62944,0.937037,0.822247,0.962487
ALDH7A1,0.000000,0.000000,Source: gse62944,0.937037,0.822247,0.962487
NUDT13,0.000000,0.000000,Source: gse62944,0.937037,0.822247,0.962487
STRN,0.000000,0.000000,Source: gse62944,0.937037,0.822247,0.962487
CYP20A1,0.000000,0.000000,Source: gse62944,0.937037,0.822247,0.962487
CD1E,0.000000,0.000000,Source: gse62944,0.937037,0.822247,0.962487
EPO,0.000000,0.000000,Source: gse62944,0.937037,0.822247,0.962487
LCT,0.000000,0.000000,Source: gse62944,0.937037,0.822247,0.962487
SLC9A2,0.000000,0.000000,Source: gse62944,0.937037,0.822247,0.962487
DDX60,0.000000,0.000000,Source: gse62944,0.937037,0.822247,0.962487
STK4,0.000000,0.000000,Source: gse62944,0.937037,0.822247,0.962487
LAMP5,0.000000,0.000000,Source: gse62944,0.937037,0.822247,0.962487
SUMO3,0.000000,0.000000,Source: gse62944,0.937037,0.822247,0.962487
DEFA4,0.000000,0.000000,Source: gse62944,0.937037,0.822247,0.962487
UPK3B,0.000000,0.000000,Source: gse62944,0.937037,0.822247,0.962487
ZNF7,0.000000,0.000000,Source: gse62944,0.937037,0.822247,0.962487
LSM14B,0.000000,0.000000,Source: gse62944,0.937037,0.822247,0.962487
ATP2B4,0.000000,0.000000,Source: gse62944,0.937037,0.822247,0.962487
FGF4,0.000000,0.000000,Source: gse62944,0.937037,0.822247,0.962487
ASTN1,0.000000,0.000000,Source: gse62944,0.937037,0.822247,0.962487
FMO3,0.000000,0.000000,Source: gse62944,0.937037,0.822247,0.962487
EHMT2,0.000000,0.000000,Source: gse62944,0.937037,0.822247,0.962487
MDN1,0.000000,0.000000,Source: gse62944,0.937037,0.822247,0.962487
RTN1,0.000000,0.000000,Source: gse62944,0.937037,0.822247,0.962487
ZBTB7A,0.000000,0.000000,Source: gse62944,0.937037,0.822247,0.962487
CACNB1,0.000000,0.000000,Source: gse62944,0.937037,0.822247,0.962487
PRDM4,0.000000,0.000000,Source: gse62944,0.937037,0.822247,0.962487
PROZ,0.000000,0.000000,Source: gse62944,0.937037,0.822247,0.962487
ZFAND3,0.000000,0.000000,Source: gse62944,0.937037,0.822247,0.962487
MPO,0.000000,0.000000,Source: gse62944,0.937037,0.822247,0.962487
FAM3A,0.000000,0.000000,Source: gse62944,0.937037,0.822247,0.962487
LMO4,0.000000,0.000000,Source: gse62944,0.937037,0.822247,0.962487
ICAM5,0.000000,0.000000,Source: gse62944,0.937037,0.822247,0.962487
ARHGAP4,0.000000,0.000000,Source: gse62944,0.937037,0.822247,0.962487
NOL11,0.000000,0.000000,Source: gse62944,0.937037,0.822247,0.962487
CLTA,0.000000,0.000000,Source: gse62944,0.937037,0.822247,0.962487
SLC35B1,0.000000,0.000000,Source: gse62944,0.937037,0.822247,0.962487
ATP6V1B2,0.000000,0.000000,Source: gse62944,0.937037,0.822247,0.962487
PTBP2,0.000000,0.000000,Source: gse62944,0.937037,0.822247,0.962487
CAD,0.000000,0.000000,Source: gse62944,0.937037,0.822247,0.962487
KCNJ14,0.000000,0.000000,Source: gse62944,0.937037,0.822247,0.962487
KCNMB2,0.000000,0.000000,Source: gse62944,0.937037,0.822247,0.962487
LILRA2,0.000000,0.000000,Source: gse62944,0.937037,0.822247,0.962487
LAMB1,0.000000,0.000000,Source: gse62944,0.937037,0.822247,0.962487
ALDH5A1,0.000000,0.000000,Source: gse62944,0.937037,0.822247,0.962487
HCG4,0.000000,0.000000,Source: gse62944,0.937037,0.822247,0.962487
PBX1,0.000000,0.000000,Source: gse62944,0.937037,0.822247,0.962487
GORASP2,0.000000,0.000000,Source: gse62944,0.937037,0.822247,0.962487
TCOF1,0.000000,0.000000,Source: gse62944,0.937037,0.822247,0.962487
SAMSN1,0.000000,0.000000,Source: gse62944,0.937037,0.822247,0.962487
SENP5,0.000000,0.000000,Source: gse62944,0.937037,0.822247,0.962487
EFEMP1,0.000000,0.000000,Source: gse62944,0.937037,0.822247,0.962487
ZNF426,0.000000,0.000000,Source: gse62944,0.937037,0.822247,0.962487
GCK,0.000000,0.000000,Source: gse62944,0.937037,0.822247,0.962487
OLFML2A,0.000000,0.000000,Source: gse62944,0.937037,0.822247,0.962487
SEPHS1,0.000000,0.000000,Source: gse62944,0.937037,0.822247,0.962487
AQP6,0.000000,0.000000,Source: gse62944,0.937037,0.822247,0.962487
ELAVL1,0.000000,0.000000,Source: gse62944,0.937037,0.822247,0.962487
DPEP3,0.000000,0.000000,Source: gse62944,0.937037,0.822247,0.962487
CXCR3,0.000000,0.000000,Source: gse62944,0.937037,0.822247,0.962487
TRPC4,0.000000,0.000000,Source: gse62944,0.937037,0.822247,0.962487
CENPI,0.000000,0.000000,Source: gse62944,0.937037,0.822247,0.962487
SMC5,0.000000,0.000000,Source: gse62944,0.937037,0.822247,0.962487
FNBP1L,0.000000,0.000000,Source: gse62944,0.937037,0.822247,0.962487
PDPK1,0.000000,0.000000,Source: gse62944,0.937037,0.822247,0.962487
CFTR,0.000000,0.000000,Source: gse62944,0.937037,0.822247,0.962487
UGT2B17,0.000000,0.000000,Source: gse62944,0.937037,0.822247,0.962487
PHACTR2,0.000000,0.000000,Source: gse62944,0.937037,0.822247,0.962487
SHQ1,0.000000,0.000000,Source: gse62944,0.937037,0.822247,0.962487
SULT1A1,0.000000,0.000000,Source: gse62944,0.937037,0.822247,0.962487
CLEC1B,0.000000,0.000000,Source: gse62944,0.937037,0.822247,0.962487
PIGN,0.000000,0.000000,Source: gse62944,0.937037,0.822247,0.962487
AGT,0.000000,0.000000,Source: gse62944,0.937037,0.822247,0.962487
OPRL1,0.000000,0.000000,Source: gse62944,0.937037,0.822247,0.962487
ALKBH1,0.000000,0.000000,Source: gse62944,0.937037,0.822247,0.962487
NCLN,0.000000,0.000000,Source: gse62944,0.937037,0.822247,0.962487
ELAVL2,0.000000,0.000000,Source: gse62944,0.937037,0.822247,0.962487
BDH2,0.000000,0.000000,Source: gse62944,0.937037,0.822247,0.962487
L3MBTL1,0.000000,0.000000,Source: gse62944,0.937037,0.822247,0.962487
HIF3A,0.000000,0.000000,Source: gse62944,0.937037,0.822247,0.962487
DDX11,0.000000,0.000000,Source: gse62944,0.937037,0.822247,0.962487
SPTBN5,0.000000,0.000000,Source: gse62944,0.937037,0.822247,0.962487
KLHL1,0.000000,0.000000,Source: gse62944,0.937037,0.822247,0.962487
PHLPP1,0.000000,0.000000,Source: gse62944,0.937037,0.822247,0.962487
ICAM1,0.000000,0.000000,Source: gse62944,0.937037,0.822247,0.962487
CLPP,0.000000,0.000000,Source: gse62944,0.937037,0.822247,0.962487
CASP8AP2,0.000000,0.000000,Source: gse62944,0.937037,0.822247,0.962487
TCF7L2,0.000000,0.000000,Source: gse62944,0.937037,0.822247,0.962487
NR2F1,0.000000,0.000000,Source: gse62944,0.937037,0.822247,0.962487
RAB11B,0.000000,0.000000,Source: gse62944,0.937037,0.822247,0.962487
GCLC,0.000000,0.000000,Source: gse62944,0.937037,0.822247,0.962487
TRMT2B,0.000000,0.000000,Source: gse62944,0.937037,0.822247,0.962487
COASY,0.000000,0.000000,Source: gse62944,0.937037,0.822247,0.962487
MYL6,0.000000,0.000000,Source: gse62944,0.937037,0.822247,0.962487
CDCA8,0.000000,0.000000,Source: gse62944,0.937037,0.822247,0.962487
RASGRP2,0.000000,0.000000,Source: gse62944,0.937037,0.822247,0.962487
FKBP15,0.000000,0.000000,Source: gse62944,0.937037,0.822247,0.962487
BMP6,0.000000,0.000000,Source: gse62944,0.937037,0.822247,0.962487
BTG2,0.000000,0.000000,Source: gse62944,0.937037,0.822247,0.962487
TMPRSS15,0.000000,0.000000,Source: gse62944,0.937037,0.822247,0.962487
MED18,0.000000,0.000000,Source: gse62944,0.937037,0.822247,0.962487
ERH,0.000000,0.000000,Source: gse62944,0.937037,0.822247,0.962487
NCAM2,0.000000,0.000000,Source: gse62944,0.937037,0.822247,0.962487
OPCML,0.000000,0.000000,Source: gse62944,0.937037,0.822247,0.962487
C7orf25,0.000000,0.000000,Source: gse62944,0.937037,0.822247,0.962487
ULBP2,0.000000,0.000000,Source: gse62944,0.937037,0.822247,0.962487
AJAP1,0.000000,0.000000,Source: gse62944,0.937037,0.822247,0.962487
NPM1,0.000000,0.000000,Source: gse62944,0.937037,0.822247,0.962487
SSBP1,0.000000,0.000000,Source: gse62944,0.937037,0.822247,0.962487
CDK14,0.000000,0.000000,Source: gse62944,0.937037,0.822247,0.962487
C17orf75,0.000000,0.000000,Source: gse62944,0.937037,0.822247,0.962487
PACSIN2,0.000000,0.000000,Source: gse62944,0.937037,0.822247,0.962487
PPWD1,0.000000,0.000000,Source: gse62944,0.937037,0.822247,0.962487
MOK,0.000000,0.000000,Source: gse62944,0.937037,0.822247,0.962487
PRKAG2,0.000000,0.000000,Source: gse62944,0.937037,0.822247,0.962487
COL3A1,0.000000,0.000000,Source: gse62944,0.937037,0.822247,0.962487
BABAM1,0.000000,0.000000,Source: gse62944,0.937037,0.822247,0.962487
GPR25,0.000000,0.000000,Source: gse62944,0.937037,0.822247,0.962487
NR1I3,0.000000,0.000000,Source: gse62944,0.937037,0.822247,0.962487
SLC25A28,0.000000,0.000000,Source: gse62944,0.937037,0.822247,0.962487
SERPINB3,0.000000,0.000000,Source: gse62944,0.937037,0.822247,0.962487
AKAP11,0.000000,0.000000,Source: gse62944,0.937037,0.822247,0.962487
KDM4B,0.000000,0.000000,Source: gse62944,0.937037,0.822247,0.962487
ULBP1,0.000000,0.000000,Source: gse62944,0.937037,0.822247,0.962487
HSD17B11,0.000000,0.000000,Source: gse62944,0.937037,0.822247,0.962487
MFSD6,0.000000,0.000000,Source: gse62944,0.937037,0.822247,0.962487
SAMD14,0.000000,0.000000,Source: gse62944,0.937037,0.822247,0.962487
SLC44A4,0.000000,0.000000,Source: gse62944,0.937037,0.822247,0.962487
CENPE,0.000000,0.000000,Source: gse62944,0.937037,0.822247,0.962487
ME2,0.000000,0.000000,Source: gse62944,0.937037,0.822247,0.962487
CHRNB1,0.000000,0.000000,Source: gse62944,0.937037,0.822247,0.962487
EIF2B4,0.000000,0.000000,Source: gse62944,0.937037,0.822247,0.962487
APH1B,0.000000,0.000000,Source: gse62944,0.937037,0.822247,0.962487
COL15A1,0.000000,0.000000,Source: gse62944,0.937037,0.822247,0.962487
MST1R,0.000000,0.000000,Source: gse62944,0.937037,0.822247,0.962487
PHF10,0.000000,0.000000,Source: gse62944,0.937037,0.822247,0.962487
TTC39A,0.000000,0.000000,Source: gse62944,0.937037,0.822247,0.962487
ITGB1BP2,0.000000,0.000000,Source: gse62944,0.937037,0.822247,0.962487
LGALS3BP,0.000000,0.000000,Source: gse62944,0.937037,0.822247,0.962487
NEK3,0.000000,0.000000,Source: gse62944,0.937037,0.822247,0.962487
RPL3,0.000000,0.000000,Source: gse62944,0.937037,0.822247,0.962487
CCNG1,0.000000,0.000000,Source: gse62944,0.937037,0.822247,0.962487
FXYD3,0.000000,0.000000,Source: gse62944,0.937037,0.822247,0.962487
NDRG1,0.000000,0.000000,Source: gse62944,0.937037,0.822247,0.962487
FTO,0.000000,0.000000,Source: gse62944,0.937037,0.822247,0.962487
GNAT2,0.000000,0.000000,Source: gse62944,0.937037,0.822247,0.962487
CRELD2,0.000000,0.000000,Source: gse62944,0.937037,0.822247,0.962487
CSF2RA,0.000000,0.000000,Source: gse62944,0.937037,0.822247,0.962487
PRR7,0.000000,0.000000,Source: gse62944,0.937037,0.822247,0.962487
PRKCH,0.000000,0.000000,Source: gse62944,0.937037,0.822247,0.962487
XYLT1,0.000000,0.000000,Source: gse62944,0.937037,0.822247,0.962487
ZNF219,0.000000,0.000000,Source: gse62944,0.937037,0.822247,0.962487
CEP290,0.000000,0.000000,Source: gse62944,0.937037,0.822247,0.962487
ICAM2,0.000000,0.000000,Source: gse62944,0.937037,0.822247,0.962487
ECM2,0.000000,0.000000,Source: gse62944,0.937037,0.822247,0.962487
MAST4,0.000000,0.000000,Source: gse62944,0.937037,0.822247,0.962487
CDR1,0.000000,0.000000,Source: gse62944,0.937037,0.822247,0.962487
E2F5,0.000000,0.000000,Source: gse62944,0.937037,0.822247,0.962487
FCHO1,0.000000,0.000000,Source: gse62944,0.937037,0.822247,0.962487
TMEM50A,0.000000,0.000000,Source: gse62944,0.937037,0.822247,0.962487
UBE4B,0.000000,0.000000,Source: gse62944,0.937037,0.822247,0.962487
GMEB2,0.000000,0.000000,Source: gse62944,0.937037,0.822247,0.962487
AP3B1,0.000000,0.000000,Source: gse62944,0.937037,0.822247,0.962487
KLRC3,0.000000,0.000000,Source: gse62944,0.937037,0.822247,0.962487
DGUOK,0.000000,0.000000,Source: gse62944,0.937037,0.822247,0.962487
BANF1,0.000000,0.000000,Source: gse62944,0.937037,0.822247,0.962487
GJA3,0.000000,0.000000,Source: gse62944,0.937037,0.822247,0.962487
LIMD2,0.000000,0.000000,Source: gse62944,0.937037,0.822247,0.962487
PPL,0.000000,0.000000,Source: gse62944,0.937037,0.822247,0.962487
KCNA2,0.000000,0.000000,Source: gse62944,0.937037,0.822247,0.962487
FOXC2,0.000000,0.000000,Source: gse62944,0.937037,0.822247,0.962487
KIF16B,0.000000,0.000000,Source: gse62944,0.937037,0.822247,0.962487
MCCC1,0.000000,0.000000,Source: gse62944,0.937037,0.822247,0.962487
ABCB1,0.000000,0.000000,Source: gse62944,0.937037,0.822247,0.962487
SLC43A3,0.000000,0.000000,Source: gse62944,0.937037,0.822247,0.962487
GLO1,0.000000,0.000000,Source: gse62944,0.937037,0.822247,0.962487
OTOR,0.000000,0.000000,Source: gse62944,0.937037,0.822247,0.962487
NXF1,0.000000,0.000000,Source: gse62944,0.937037,0.822247,0.962487
LY9,0.000000,0.000000,Source: gse62944,0.937037,0.822247,0.962487
NUBP2,0.000000,0.000000,Source: gse62944,0.937037,0.822247,0.962487
UBE2NL,0.000000,0.000000,Source: gse62944,0.937037,0.822247,0.962487
KDELR2,0.000000,0.000000,Source: gse62944,0.937037,0.822247,0.962487
MBOAT7,0.000000,0.000000,Source: gse62944,0.937037,0.822247,0.962487
LIN37,0.000000,0.000000,Source: gse62944,0.937037,0.822247,0.962487
AAK1,0.000000,0.000000,Source: gse62944,0.937037,0.822247,0.962487
ZNF280B,0.000000,0.000000,Source: gse62944,0.937037,0.822247,0.962487
ADRA2C,0.000000,0.000000,Source: gse62944,0.937037,0.822247,0.962487
GDF10,0.000000,0.000000,Source: gse62944,0.937037,0.822247,0.962487
SEC61G,0.000000,0.000000,Source: gse62944,0.937037,0.822247,0.962487
KLF9,0.000000,0.000000,Source: gse62944,0.937037,0.822247,0.962487
DIMT1,0.000000,0.000000,Source: gse62944,0.937037,0.822247,0.962487
IFIT2,0.000000,0.000000,Source: gse62944,0.937037,0.822247,0.962487
PDE4B,0.000000,0.000000,Source: gse62944,0.937037,0.822247,0.962487
POPDC2,0.000000,0.000000,Source: gse62944,0.937037,0.822247,0.962487
QPCTL,0.000000,0.000000,Source: gse62944,0.937037,0.822247,0.962487
CPT2,0.000000,0.000000,Source: gse62944,0.937037,0.822247,0.962487
GFRA2,0.000000,0.000000,Source: gse62944,0.937037,0.822247,0.962487
C12orf43,0.000000,0.000000,Source: gse62944,0.937037,0.822247,0.962487
MFSD10,0.000000,0.000000,Source: gse62944,0.937037,0.822247,0.962487
PPA1,0.000000,0.000000,Source: gse62944,0.937037,0.822247,0.962487
LMNB1,0.000000,0.000000,Source: gse62944,0.937037,0.822247,0.962487
TIPARP,0.000000,0.000000,Source: gse62944,0.937037,0.822247,0.962487
DGKB,0.000000,0.000000,Source: gse62944,0.937037,0.822247,0.962487
PODNL1,0.000000,0.000000,Source: gse62944,0.937037,0.822247,0.962487
CACNB3,0.000000,0.000000,Source: gse62944,0.937037,0.822247,0.962487
TMEM140,0.000000,0.000000,Source: gse62944,0.937037,0.822247,0.962487
RNF220,0.000000,0.000000,Source: gse62944,0.937037,0.822247,0.962487
AKAP13,0.000000,0.000000,Source: gse62944,0.937037,0.822247,0.962487
FLT3LG,0.000000,0.000000,Source: gse62944,0.937037,0.822247,0.962487
LONP2,0.000000,0.000000,Source: gse62944,0.937037,0.822247,0.962487
MSLN,0.000000,0.000000,Source: gse62944,0.937037,0.822247,0.962487
VIL1,0.000000,0.000000,Source: gse62944,0.937037,0.822247,0.962487
GPR173,0.000000,0.000000,Source: gse62944,0.937037,0.822247,0.962487
CCDC102B,0.000000,0.000000,Source: gse62944,0.937037,0.822247,0.962487
IL7,0.000000,0.000000,Source: gse62944,0.937037,0.822247,0.962487
VSX1,0.000000,0.000000,Source: gse62944,0.937037,0.822247,0.962487
SELP,0.000000,0.000000,Source: gse62944,0.937037,0.822247,0.962487
DKK3,0.000000,0.000000,Source: gse62944,0.937037,0.822247,0.962487
ECHDC3,0.000000,0.000000,Source: gse62944,0.937037,0.822247,0.962487
SMC2,0.000000,0.000000,Source: gse62944,0.937037,0.822247,0.962487
AMBRA1,0.000000,0.000000,Source: gse62944,0.937037,0.822247,0.962487
DSP,0.000000,0.000000,Source: gse62944,0.937037,0.822247,0.962487
PARD3,0.000000,0.000000,Source: gse62944,0.937037,0.822247,0.962487
PRICKLE3,0.000000,0.000000,Source: gse62944,0.937037,0.822247,0.962487
EGLN3,0.000000,0.000000,Source: gse62944,0.937037,0.822247,0.962487
TNFRSF25,0.000000,0.000000,Source: gse62944,0.937037,0.822247,0.962487
GRPEL1,0.000000,0.000000,Source: gse62944,0.937037,0.822247,0.962487
SLC25A4,0.000000,0.000000,Source: gse62944,0.937037,0.822247,0.962487
TNFAIP1,0.000000,0.000000,Source: gse62944,0.937037,0.822247,0.962487
IL7R,0.000000,0.000000,Source: gse62944,0.937037,0.822247,0.962487
NOS1AP,0.000000,0.000000,Source: gse62944,0.937037,0.822247,0.962487
SMAD3,0.000000,0.000000,Source: gse62944,0.937037,0.822247,0.962487
RNF139,0.000000,0.000000,Source: gse62944,0.937037,0.822247,0.962487
AMELX,0.000000,0.000000,Source: gse62944,0.937037,0.822247,0.962487
CHMP2B,0.000000,0.000000,Source: gse62944,0.937037,0.822247,0.962487
DIAPH3,0.000000,0.000000,Source: gse62944,0.937037,0.822247,0.962487
PGM1,0.000000,0.000000,Source: gse62944,0.937037,0.822247,0.962487
SMAD6,0.000000,0.000000,Source: gse62944,0.937037,0.822247,0.962487
SLC12A9,0.000000,0.000000,Source: gse62944,0.937037,0.822247,0.962487
ADAMTS12,0.000000,0.000000,Source: gse62944,0.937037,0.822247,0.962487
MALT1,0.000000,0.000000,Source: gse62944,0.937037,0.822247,0.962487
HSD17B12,0.000000,0.000000,Source: gse62944,0.937037,0.822247,0.962487
DNAH7,0.000000,0.000000,Source: gse62944,0.937037,0.822247,0.962487
NXPH4,0.000000,0.000000,Source: gse62944,0.937037,0.822247,0.962487
COL10A1,0.000000,0.000000,Source: gse62944,0.937037,0.822247,0.962487
NAAA,0.000000,0.000000,Source: gse62944,0.937037,0.822247,0.962487
RAB11FIP2,0.000000,0.000000,Source: gse62944,0.937037,0.822247,0.962487
DPP8,0.000000,0.000000,Source: gse62944,0.937037,0.822247,0.962487
RCAN1,0.000000,0.000000,Source: gse62944,0.937037,0.822247,0.962487
TMEM14A,0.000000,0.000000,Source: gse62944,0.937037,0.822247,0.962487
CTPS2,0.000000,0.000000,Source: gse62944,0.937037,0.822247,0.962487
TNK2,0.000000,0.000000,Source: gse62944,0.937037,0.822247,0.962487
CLNS1A,0.000000,0.000000,Source: gse62944,0.937037,0.822247,0.962487
PPP1R26,0.000000,0.000000,Source: gse62944,0.937037,0.822247,0.962487
SAA3P,0.000000,0.000000,Source: gse62944,0.937037,0.822247,0.962487
PLS1,0.000000,0.000000,Source: gse62944,0.937037,0.822247,0.962487
TMEM132A,0.000000,0.000000,Source: gse62944,0.937037,0.822247,0.962487
CCT6A,0.000000,0.000000,Source: gse62944,0.937037,0.822247,0.962487
AIF1,0.000000,0.000000,Source: gse62944,0.937037,0.822247,0.962487
ZNF557,0.000000,0.000000,Source: gse62944,0.937037,0.822247,0.962487
NFKB1,0.000000,0.000000,Source: gse62944,0.937037,0.822247,0.962487
CTSD,0.000000,0.000000,Source: gse62944,0.937037,0.822247,0.962487
PSG11,0.000000,0.000000,Source: gse62944,0.937037,0.822247,0.962487
PLN,0.000000,0.000000,Source: gse62944,0.937037,0.822247,0.962487
KCTD13,0.000000,0.000000,Source: gse62944,0.937037,0.822247,0.962487
NACAD,0.000000,0.000000,Source: gse62944,0.937037,0.822247,0.962487
RRP1,0.000000,0.000000,Source: gse62944,0.937037,0.822247,0.962487
TCTN3,0.000000,0.000000,Source: gse62944,0.937037,0.822247,0.962487
ZNF37A,0.000000,0.000000,Source: gse62944,0.937037,0.822247,0.962487
PRKAR2A,0.000000,0.000000,Source: gse62944,0.937037,0.822247,0.962487
SKP2,0.000000,0.000000,Source: gse62944,0.937037,0.822247,0.962487
CCDC51,0.000000,0.000000,Source: gse62944,0.937037,0.822247,0.962487
CDKL2,0.000000,0.000000,Source: gse62944,0.937037,0.822247,0.962487
NUP93,0.000000,0.000000,Source: gse62944,0.937037,0.822247,0.962487
GLTP,0.000000,0.000000,Source: gse62944,0.937037,0.822247,0.962487
KCTD12,0.000000,0.000000,Source: gse62944,0.937037,0.822247,0.962487
CCNI,0.000000,0.000000,Source: gse62944,0.937037,0.822247,0.962487
KCTD5,0.000000,0.000000,Source: gse62944,0.937037,0.822247,0.962487
LTB4R,0.000000,0.000000,Source: gse62944,0.937037,0.822247,0.962487
RAC1,0.000000,0.000000,Source: gse62944,0.937037,0.822247,0.962487
ATF7IP2,0.000000,0.000000,Source: gse62944,0.937037,0.822247,0.962487
SND1-IT1,0.000000,0.000000,Source: gse62944,0.937037,0.822247,0.962487
BAHCC1,0.000000,0.000000,Source: gse62944,0.937037,0.822247,0.962487
RRP7A,0.000000,0.000000,Source: gse62944,0.937037,0.822247,0.962487
GDF15,0.000000,0.000000,Source: gse62944,0.937037,0.822247,0.962487
LOC100130331,0.000000,0.000000,Source: gse62944,0.937037,0.822247,0.962487
CLEC11A,0.000000,0.000000,Source: gse62944,0.937037,0.822247,0.962487
CA4,0.000000,0.000000,Source: gse62944,0.937037,0.822247,0.962487
LZTFL1,0.000000,0.000000,Source: gse62944,0.937037,0.822247,0.962487
TINF2,0.000000,0.000000,Source: gse62944,0.937037,0.822247,0.962487
P2RX4,0.000000,0.000000,Source: gse62944,0.937037,0.822247,0.962487
BNIP1,0.000000,0.000000,Source: gse62944,0.937037,0.822247,0.962487
YEATS4,0.000000,0.000000,Source: gse62944,0.937037,0.822247,0.962487
CDC42BPA,0.000000,0.000000,Source: gse62944,0.937037,0.822247,0.962487
GNA13,0.000000,0.000000,Source: gse62944,0.937037,0.822247,0.962487
NRSN2,0.000000,0.000000,Source: gse62944,0.937037,0.822247,0.962487
GBX2,0.000000,0.000000,Source: gse62944,0.937037,0.822247,0.962487
CBL,0.000000,0.000000,Source: gse62944,0.937037,0.822247,0.962487
MED21,0.000000,0.000000,Source: gse62944,0.937037,0.822247,0.962487
ZFX,0.000000,0.000000,Source: gse62944,0.937037,0.822247,0.962487
SAFB,0.000000,0.000000,Source: gse62944,0.937037,0.822247,0.962487
INHA,0.000000,0.000000,Source: gse62944,0.937037,0.822247,0.962487
CCDC69,0.000000,0.000000,Source: gse62944,0.937037,0.822247,0.962487
B4GALT3,0.000000,0.000000,Source: gse62944,0.937037,0.822247,0.962487
OR2J2,0.000000,0.000000,Source: gse62944,0.937037,0.822247,0.962487
MAMLD1,0.000000,0.000000,Source: gse62944,0.937037,0.822247,0.962487
BUB1,0.000000,0.000000,Source: gse62944,0.937037,0.822247,0.962487
OPRM1,0.000000,0.000000,Source: gse62944,0.937037,0.822247,0.962487
NTSR2,0.000000,0.000000,Source: gse62944,0.937037,0.822247,0.962487
OR7A17,0.000000,0.000000,Source: gse62944,0.937037,0.822247,0.962487
ADIPOQ,0.000000,0.000000,Source: gse62944,0.937037,0.822247,0.962487
FAM168A,0.000000,0.000000,Source: gse62944,0.937037,0.822247,0.962487
SMARCC2,0.000000,0.000000,Source: gse62944,0.937037,0.822247,0.962487
CDK8,0.000000,0.000000,Source: gse62944,0.937037,0.822247,0.962487
FKBP11,0.000000,0.000000,Source: gse62944,0.937037,0.822247,0.962487
CUL2,0.000000,0.000000,Source: gse62944,0.937037,0.822247,0.962487
OSGEP,0.000000,0.000000,Source: gse62944,0.937037,0.822247,0.962487
SERPINB7,0.000000,0.000000,Source: gse62944,0.937037,0.822247,0.962487
GFI1,0.000000,0.000000,Source: gse62944,0.937037,0.822247,0.962487
EHD4,0.000000,0.000000,Source: gse62944,0.937037,0.822247,0.962487
LYPLA2,0.000000,0.000000,Source: gse62944,0.937037,0.822247,0.962487
APPBP2,0.000000,0.000000,Source: gse62944,0.937037,0.822247,0.962487
FNBP4,0.000000,0.000000,Source: gse62944,0.937037,0.822247,0.962487
G0S2,0.000000,0.000000,Source: gse62944,0.937037,0.822247,0.962487
GPRC5B,0.000000,0.000000,Source: gse62944,0.937037,0.822247,0.962487
GALNT10,0.000000,0.000000,Source: gse62944,0.937037,0.822247,0.962487
AQP2,0.000000,0.000000,Source: gse62944,0.937037,0.822247,0.962487
ENC1,0.000000,0.000000,Source: gse62944,0.937037,0.822247,0.962487
CLCA3P,0.000000,0.000000,Source: gse62944,0.937037,0.822247,0.962487
FOXN1,0.000000,0.000000,Source: gse62944,0.937037,0.822247,0.962487
MINPP1,0.000000,0.000000,Source: gse62944,0.937037,0.822247,0.962487
PPP2R1B,0.000000,0.000000,Source: gse62944,0.937037,0.822247,0.962487
HOXA11,0.000000,0.000000,Source: gse62944,0.937037,0.822247,0.962487
DECR2,0.000000,0.000000,Source: gse62944,0.937037,0.822247,0.962487
MGAT2,0.000000,0.000000,Source: gse62944,0.937037,0.822247,0.962487
UBP1,0.000000,0.000000,Source: gse62944,0.937037,0.822247,0.962487
TFB1M,0.000000,0.000000,Source: gse62944,0.937037,0.822247,0.962487
SECISBP2L,0.000000,0.000000,Source: gse62944,0.937037,0.822247,0.962487
TLR7,0.000000,0.000000,Source: gse62944,0.937037,0.822247,0.962487
HSD17B2,0.000000,0.000000,Source: gse62944,0.937037,0.822247,0.962487
NET1,0.000000,0.000000,Source: gse62944,0.937037,0.822247,0.962487
ZNF331,0.000000,0.000000,Source: gse62944,0.937037,0.822247,0.962487
ZNF576,0.000000,0.000000,Source: gse62944,0.937037,0.822247,0.962487
THYN1,0.000000,0.000000,Source: gse62944,0.937037,0.822247,0.962487
BACE1,0.000000,0.000000,Source: gse62944,0.937037,0.822247,0.962487
PIP5K1C,0.000000,0.000000,Source: gse62944,0.937037,0.822247,0.962487
IFNA2,0.000000,0.000000,Source: gse62944,0.937037,0.822247,0.962487
MTHFD1,0.000000,0.000000,Source: gse62944,0.937037,0.822247,0.962487
B4GALT7,0.000000,0.000000,Source: gse62944,0.937037,0.822247,0.962487
APLNR,0.000000,0.000000,Source: gse62944,0.937037,0.822247,0.962487
MCF2L2,0.000000,0.000000,Source: gse62944,0.937037,0.822247,0.962487
SETDB1,0.000000,0.000000,Source: gse62944,0.937037,0.822247,0.962487
TMEM187,0.000000,0.000000,Source: gse62944,0.937037,0.822247,0.962487
STK17B,0.000000,0.000000,Source: gse62944,0.937037,0.822247,0.962487
ERAP2,0.000000,0.000000,Source: gse62944,0.937037,0.822247,0.962487
GSG1,0.000000,0.000000,Source: gse62944,0.937037,0.822247,0.962487
SLC13A2,0.000000,0.000000,Source: gse62944,0.937037,0.822247,0.962487
VAV2,0.000000,0.000000,Source: gse62944,0.937037,0.822247,0.962487
SLC5A1,0.000000,0.000000,Source: gse62944,0.937037,0.822247,0.962487
GPR171,0.000000,0.000000,Source: gse62944,0.937037,0.822247,0.962487
RBM15,0.000000,0.000000,Source: gse62944,0.937037,0.822247,0.962487
FAM13A,0.000000,0.000000,Source: gse62944,0.937037,0.822247,0.962487
AKT2,0.000000,0.000000,Source: gse62944,0.937037,0.822247,0.962487
MMP7,0.000000,0.000000,Source: gse62944,0.937037,0.822247,0.962487
TRIO,0.000000,0.000000,Source: gse62944,0.937037,0.822247,0.962487
PIGC,0.000000,0.000000,Source: gse62944,0.937037,0.822247,0.962487
DRD2,0.000000,0.000000,Source: gse62944,0.937037,0.822247,0.962487
CRYL1,0.000000,0.000000,Source: gse62944,0.937037,0.822247,0.962487
HOXC4,0.000000,0.000000,Source: gse62944,0.937037,0.822247,0.962487
SRRM1,0.000000,0.000000,Source: gse62944,0.937037,0.822247,0.962487
PLEKHB1,0.000000,0.000000,Source: gse62944,0.937037,0.822247,0.962487
GORASP1,0.000000,0.000000,Source: gse62944,0.937037,0.822247,0.962487
TUBB4B,0.000000,0.000000,Source: gse62944,0.937037,0.822247,0.962487
UBTF,0.000000,0.000000,Source: gse62944,0.937037,0.822247,0.962487
IRGQ,0.000000,0.000000,Source: gse62944,0.937037,0.822247,0.962487
MYOZ1,0.000000,0.000000,Source: gse62944,0.937037,0.822247,0.962487
ZNF134,0.000000,0.000000,Source: gse62944,0.937037,0.822247,0.962487
GPT,0.000000,0.000000,Source: gse62944,0.937037,0.822247,0.962487
XYLT2,0.000000,0.000000,Source: gse62944,0.937037,0.822247,0.962487
HELZ,0.000000,0.000000,Source: gse62944,0.937037,0.822247,0.962487
GOLGB1,0.000000,0.000000,Source: gse62944,0.937037,0.822247,0.962487
LMBR1L,0.000000,0.000000,Source: gse62944,0.937037,0.822247,0.962487
DDX46,0.000000,0.000000,Source: gse62944,0.937037,0.822247,0.962487
CBX2,0.000000,0.000000,Source: gse62944,0.937037,0.822247,0.962487
STAG2,0.000000,0.000000,Source: gse62944,0.937037,0.822247,0.962487
LMTK2,0.000000,0.000000,Source: gse62944,0.937037,0.822247,0.962487
ARPC5,0.000000,0.000000,Source: gse62944,0.937037,0.822247,0.962487
GDF3,0.000000,0.000000,Source: gse62944,0.937037,0.822247,0.962487
TM4SF4,0.000000,0.000000,Source: gse62944,0.937037,0.822247,0.962487
FAM13B,0.000000,0.000000,Source: gse62944,0.937037,0.822247,0.962487
GBX1,0.000000,0.000000,Source: gse62944,0.937037,0.822247,0.962487
JAM3,0.000000,0.000000,Source: gse62944,0.937037,0.822247,0.962487
UFL1,0.000000,0.000000,Source: gse62944,0.937037,0.822247,0.962487
BFSP2,0.000000,0.000000,Source: gse62944,0.937037,0.822247,0.962487
C22orf31,0.000000,0.000000,Source: gse62944,0.937037,0.822247,0.962487
DRD3,0.000000,0.000000,Source: gse62944,0.937037,0.822247,0.962487
UXS1,0.000000,0.000000,Source: gse62944,0.937037,0.822247,0.962487
FCER1A,0.000000,0.000000,Source: gse62944,0.937037,0.822247,0.962487
PEBP1,0.000000,0.000000,Source: gse62944,0.937037,0.822247,0.962487
ISLR,0.000000,0.000000,Source: gse62944,0.937037,0.822247,0.962487
JPH2,0.000000,0.000000,Source: gse62944,0.937037,0.822247,0.962487
ATP1A1,0.000000,0.000000,Source: gse62944,0.937037,0.822247,0.962487
NNAT,0.000000,0.000000,Source: gse62944,0.937037,0.822247,0.962487
ZNF276,0.000000,0.000000,Source: gse62944,0.937037,0.822247,0.962487
SPSB3,0.000000,0.000000,Source: gse62944,0.937037,0.822247,0.962487
FHL1,0.000000,0.000000,Source: gse62944,0.937037,0.822247,0.962487
MYO6,0.000000,0.000000,Source: gse62944,0.937037,0.822247,0.962487
RNF111,0.000000,0.000000,Source: gse62944,0.937037,0.822247,0.962487
ASMTL-AS1,0.000000,0.000000,Source: gse62944,0.937037,0.822247,0.962487
LRP8,0.000000,0.000000,Source: gse62944,0.937037,0.822247,0.962487
ACP2,0.000000,0.000000,Source: gse62944,0.937037,0.822247,0.962487
PCSK2,0.000000,0.000000,Source: gse62944,0.937037,0.822247,0.962487
TNFSF4,0.000000,0.000000,Source: gse62944,0.937037,0.822247,0.962487
PLCB4,0.000000,0.000000,Source: gse62944,0.937037,0.822247,0.962487
CR2,0.000000,0.000000,Source: gse62944,0.937037,0.822247,0.962487
ERN2,0.000000,0.000000,Source: gse62944,0.937037,0.822247,0.962487
SLC30A10,0.000000,0.000000,Source: gse62944,0.937037,0.822247,0.962487
ARF1,0.000000,0.000000,Source: gse62944,0.937037,0.822247,0.962487
CTCF,0.000000,0.000000,Source: gse62944,0.937037,0.822247,0.962487
ZNF211,0.000000,0.000000,Source: gse62944,0.937037,0.822247,0.962487
CST1,0.000000,0.000000,Source: gse62944,0.937037,0.822247,0.962487
NELL1,0.000000,0.000000,Source: gse62944,0.937037,0.822247,0.962487
GPR45,0.000000,0.000000,Source: gse62944,0.937037,0.822247,0.962487
FARSA,0.000000,0.000000,Source: gse62944,0.937037,0.822247,0.962487
INVS,0.000000,0.000000,Source: gse62944,0.937037,0.822247,0.962487
MPRIP,0.000000,0.000000,Source: gse62944,0.937037,0.822247,0.962487
SCRIB,0.000000,0.000000,Source: gse62944,0.937037,0.822247,0.962487
CYB5R4,0.000000,0.000000,Source: gse62944,0.937037,0.822247,0.962487
FAT4,0.000000,0.000000,Source: gse62944,0.937037,0.822247,0.962487
TNP2,0.000000,0.000000,Source: gse62944,0.937037,0.822247,0.962487
TRNAU1AP,0.000000,0.000000,Source: gse62944,0.937037,0.822247,0.962487
DLX6,0.000000,0.000000,Source: gse62944,0.937037,0.822247,0.962487
MTTP,0.000000,0.000000,Source: gse62944,0.937037,0.822247,0.962487
TEX11,0.000000,0.000000,Source: gse62944,0.937037,0.822247,0.962487
IKZF5,0.000000,0.000000,Source: gse62944,0.937037,0.822247,0.962487
CDS2,0.000000,0.000000,Source: gse62944,0.937037,0.822247,0.962487
ATXN7L3B,0.000000,0.000000,Source: gse62944,0.937037,0.822247,0.962487
CACYBP,0.000000,0.000000,Source: gse62944,0.937037,0.822247,0.962487
MAGT1,0.000000,0.000000,Source: gse62944,0.937037,0.822247,0.962487
TRIM36,0.000000,0.000000,Source: gse62944,0.937037,0.822247,0.962487
GRIK5,0.000000,0.000000,Source: gse62944,0.937037,0.822247,0.962487
CD40LG,0.000000,0.000000,Source: gse62944,0.937037,0.822247,0.962487
CEP55,0.000000,0.000000,Source: gse62944,0.937037,0.822247,0.962487
ACE2,0.000000,0.000000,Source: gse62944,0.937037,0.822247,0.962487
TRPM4,0.000000,0.000000,Source: gse62944,0.937037,0.822247,0.962487
NEUROD1,0.000000,0.000000,Source: gse62944,0.937037,0.822247,0.962487
LONRF3,0.000000,0.000000,Source: gse62944,0.937037,0.822247,0.962487
THY1,0.000000,0.000000,Source: gse62944,0.937037,0.822247,0.962487
RAB27A,0.000000,0.000000,Source: gse62944,0.937037,0.822247,0.962487
ARPC4,0.000000,0.000000,Source: gse62944,0.937037,0.822247,0.962487
MBOAT2,0.000000,0.000000,Source: gse62944,0.937037,0.822247,0.962487
TREX2,0.000000,0.000000,Source: gse62944,0.937037,0.822247,0.962487
NPR2,0.000000,0.000000,Source: gse62944,0.937037,0.822247,0.962487
FAM184A,0.000000,0.000000,Source: gse62944,0.937037,0.822247,0.962487
ZFP36L1,0.000000,0.000000,Source: gse62944,0.937037,0.822247,0.962487
HYAL3,0.000000,0.000000,Source: gse62944,0.937037,0.822247,0.962487
NME7,0.000000,0.000000,Source: gse62944,0.937037,0.822247,0.962487
AMZ2,0.000000,0.000000,Source: gse62944,0.937037,0.822247,0.962487
CALY,0.000000,0.000000,Source: gse62944,0.937037,0.822247,0.962487
CAT,0.000000,0.000000,Source: gse62944,0.937037,0.822247,0.962487
CMC2,0.000000,0.000000,Source: gse62944,0.937037,0.822247,0.962487
OAS1,0.000000,0.000000,Source: gse62944,0.937037,0.822247,0.962487
BAG5,0.000000,0.000000,Source: gse62944,0.937037,0.822247,0.962487
ZNF473,0.000000,0.000000,Source: gse62944,0.937037,0.822247,0.962487
PIK3R4,0.000000,0.000000,Source: gse62944,0.937037,0.822247,0.962487
COL4A4,0.000000,0.000000,Source: gse62944,0.937037,0.822247,0.962487
VPS11,0.000000,0.000000,Source: gse62944,0.937037,0.822247,0.962487
GSR,0.000000,0.000000,Source: gse62944,0.937037,0.822247,0.962487
DIO2,0.000000,0.000000,Source: gse62944,0.937037,0.822247,0.962487
KCNK13,0.000000,0.000000,Source: gse62944,0.937037,0.822247,0.962487
CDK5,0.000000,0.000000,Source: gse62944,0.937037,0.822247,0.962487
NEUROG3,0.000000,0.000000,Source: gse62944,0.937037,0.822247,0.962487
DSCAM,0.000000,0.000000,Source: gse62944,0.937037,0.822247,0.962487
GIN1,0.000000,0.000000,Source: gse62944,0.937037,0.822247,0.962487
EIF1,0.000000,0.000000,Source: gse62944,0.937037,0.822247,0.962487
UBE2G1,0.000000,0.000000,Source: gse62944,0.937037,0.822247,0.962487
MPHOSPH8,0.000000,0.000000,Source: gse62944,0.937037,0.822247,0.962487
SDHAF1,0.000000,0.000000,Source: gse62944,0.937037,0.822247,0.962487
TXN2,0.000000,0.000000,Source: gse62944,0.937037,0.822247,0.962487
TROAP,0.000000,0.000000,Source: gse62944,0.937037,0.822247,0.962487
USPL1,0.000000,0.000000,Source: gse62944,0.937037,0.822247,0.962487
MORN1,0.000000,0.000000,Source: gse62944,0.937037,0.822247,0.962487
SF3B3,0.000000,0.000000,Source: gse62944,0.937037,0.822247,0.962487
COMT,0.000000,0.000000,Source: gse62944,0.937037,0.822247,0.962487
RNF8,0.000000,0.000000,Source: gse62944,0.937037,0.822247,0.962487
CLCN5,0.000000,0.000000,Source: gse62944,0.937037,0.822247,0.962487
UROD,0.000000,0.000000,Source: gse62944,0.937037,0.822247,0.962487
ETFA,0.000000,0.000000,Source: gse62944,0.937037,0.822247,0.962487
PFKL,0.000000,0.000000,Source: gse62944,0.937037,0.822247,0.962487
PHACTR1,0.000000,0.000000,Source: gse62944,0.937037,0.822247,0.962487
FAAH,0.000000,0.000000,Source: gse62944,0.937037,0.822247,0.962487
C3AR1,0.000000,0.000000,Source: gse62944,0.937037,0.822247,0.962487
COL1A2,0.000000,0.000000,Source: gse62944,0.937037,0.822247,0.962487
ZNF419,0.000000,0.000000,Source: gse62944,0.937037,0.822247,0.962487
PDIA2,0.000000,0.000000,Source: gse62944,0.937037,0.822247,0.962487
SEMA6B,0.000000,0.000000,Source: gse62944,0.937037,0.822247,0.962487
PTRH2,0.000000,0.000000,Source: gse62944,0.937037,0.822247,0.962487
EGFR,0.000000,0.000000,Source: gse62944,0.937037,0.822247,0.962487
AHNAK,0.000000,0.000000,Source: gse62944,0.937037,0.822247,0.962487
DENND1A,0.000000,0.000000,Source: gse62944,0.937037,0.822247,0.962487
TSPYL5,0.000000,0.000000,Source: gse62944,0.937037,0.822247,0.962487
FSTL1,0.000000,0.000000,Source: gse62944,0.937037,0.822247,0.962487
IL10RA,0.000000,0.000000,Source: gse62944,0.937037,0.822247,0.962487
CYP1B1,0.000000,0.000000,Source: gse62944,0.937037,0.822247,0.962487
RNF122,0.000000,0.000000,Source: gse62944,0.937037,0.822247,0.962487
TUBB4A,0.000000,0.000000,Source: gse62944,0.937037,0.822247,0.962487
RPL13A,0.000000,0.000000,Source: gse62944,0.937037,0.822247,0.962487
CUL4B,0.000000,0.000000,Source: gse62944,0.937037,0.822247,0.962487
SLC6A20,0.000000,0.000000,Source: gse62944,0.937037,0.822247,0.962487
THRB,0.000000,0.000000,Source: gse62944,0.937037,0.822247,0.962487
MAP4K5,0.000000,0.000000,Source: gse62944,0.937037,0.822247,0.962487
SLC25A31,0.000000,0.000000,Source: gse62944,0.937037,0.822247,0.962487
DLEU2,0.000000,0.000000,Source: gse62944,0.937037,0.822247,0.962487
AMFR,0.000000,0.000000,Source: gse62944,0.937037,0.822247,0.962487
TTC17,0.000000,0.000000,Source: gse62944,0.937037,0.822247,0.962487
NAP1L3,0.000000,0.000000,Source: gse62944,0.937037,0.822247,0.962487
SEC24A,0.000000,0.000000,Source: gse62944,0.937037,0.822247,0.962487
STAMBP,0.000000,0.000000,Source: gse62944,0.937037,0.822247,0.962487
RIPK1,0.000000,0.000000,Source: gse62944,0.937037,0.822247,0.962487
SUN1,0.000000,0.000000,Source: gse62944,0.937037,0.822247,0.962487
BCL11B,0.000000,0.000000,Source: gse62944,0.937037,0.822247,0.962487
RIC8A,0.000000,0.000000,Source: gse62944,0.937037,0.822247,0.962487
CBX8,0.000000,0.000000,Source: gse62944,0.937037,0.822247,0.962487
DIO1,0.000000,0.000000,Source: gse62944,0.937037,0.822247,0.962487
FUT1,0.000000,0.000000,Source: gse62944,0.937037,0.822247,0.962487
APOBEC3B,0.000000,0.000000,Source: gse62944,0.937037,0.822247,0.962487
ANP32E,0.000000,0.000000,Source: gse62944,0.937037,0.822247,0.962487
ELF4,0.000000,0.000000,Source: gse62944,0.937037,0.822247,0.962487
KREMEN2,0.000000,0.000000,Source: gse62944,0.937037,0.822247,0.962487
NADK,0.000000,0.000000,Source: gse62944,0.937037,0.822247,0.962487
MRPL3,0.000000,0.000000,Source: gse62944,0.937037,0.822247,0.962487
CSTF3,0.000000,0.000000,Source: gse62944,0.937037,0.822247,0.962487
LMO2,0.000000,0.000000,Source: gse62944,0.937037,0.822247,0.962487
GC,0.000000,0.000000,Source: gse62944,0.937037,0.822247,0.962487
FOXO1,0.000000,0.000000,Source: gse62944,0.937037,0.822247,0.962487
LY86,0.000000,0.000000,Source: gse62944,0.937037,0.822247,0.962487
HOXD13,0.000000,0.000000,Source: gse62944,0.937037,0.822247,0.962487
SCG2,0.000000,0.000000,Source: gse62944,0.937037,0.822247,0.962487
PDE12,0.000000,0.000000,Source: gse62944,0.937037,0.822247,0.962487
HCFC1,0.000000,0.000000,Source: gse62944,0.937037,0.822247,0.962487
UXT,0.000000,0.000000,Source: gse62944,0.937037,0.822247,0.962487
TUBB3,0.000000,0.000000,Source: gse62944,0.937037,0.822247,0.962487
GK,0.000000,0.000000,Source: gse62944,0.937037,0.822247,0.962487
FOLR3,0.000000,0.000000,Source: gse62944,0.937037,0.822247,0.962487
GPKOW,0.000000,0.000000,Source: gse62944,0.937037,0.822247,0.962487
SCUBE2,0.000000,0.000000,Source: gse62944,0.937037,0.822247,0.962487
LPO,0.000000,0.000000,Source: gse62944,0.937037,0.822247,0.962487
EDN3,0.000000,0.000000,Source: gse62944,0.937037,0.822247,0.962487
HNF1B,0.000000,0.000000,Source: gse62944,0.937037,0.822247,0.962487
YTHDF3,0.000000,0.000000,Source: gse62944,0.937037,0.822247,0.962487
RASSF4,0.000000,0.000000,Source: gse62944,0.937037,0.822247,0.962487
SLC39A14,0.000000,0.000000,Source: gse62944,0.937037,0.822247,0.962487
ANKRD11,0.000000,0.000000,Source: gse62944,0.937037,0.822247,0.962487
C3orf52,0.000000,0.000000,Source: gse62944,0.937037,0.822247,0.962487
MRPS27,0.000000,0.000000,Source: gse62944,0.937037,0.822247,0.962487
PRRX1,0.000000,0.000000,Source: gse62944,0.937037,0.822247,0.962487
AKAP9,0.000000,0.000000,Source: gse62944,0.937037,0.822247,0.962487
AKR7A2,0.000000,0.000000,Source: gse62944,0.937037,0.822247,0.962487
HLA-DQA1,0.000000,0.000000,Source: gse62944,0.937037,0.822247,0.962487
DNALI1,0.000000,0.000000,Source: gse62944,0.937037,0.822247,0.962487
COMMD10,0.000000,0.000000,Source: gse62944,0.937037,0.822247,0.962487
ACE,0.000000,0.000000,Source: gse62944,0.937037,0.822247,0.962487
DHDDS,0.000000,0.000000,Source: gse62944,0.937037,0.822247,0.962487
RAB30,0.000000,0.000000,Source: gse62944,0.937037,0.822247,0.962487
QDPR,0.000000,0.000000,Source: gse62944,0.937037,0.822247,0.962487
ZNF451,0.000000,0.000000,Source: gse62944,0.937037,0.822247,0.962487
MCM5,0.000000,0.000000,Source: gse62944,0.937037,0.822247,0.962487
ACAD10,0.000000,0.000000,Source: gse62944,0.937037,0.822247,0.962487
OSBPL10,0.000000,0.000000,Source: gse62944,0.937037,0.822247,0.962487
HJURP,0.000000,0.000000,Source: gse62944,0.937037,0.822247,0.962487
MTSS1,0.000000,0.000000,Source: gse62944,0.937037,0.822247,0.962487
AFG3L2,0.000000,0.000000,Source: gse62944,0.937037,0.822247,0.962487
CD58,0.000000,0.000000,Source: gse62944,0.937037,0.822247,0.962487
FGF1,0.000000,0.000000,Source: gse62944,0.937037,0.822247,0.962487
TBX5,0.000000,0.000000,Source: gse62944,0.937037,0.822247,0.962487
AP2A2,0.000000,0.000000,Source: gse62944,0.937037,0.822247,0.962487
PCNP,0.000000,0.000000,Source: gse62944,0.937037,0.822247,0.962487
SCGB2A2,0.000000,0.000000,Source: gse62944,0.937037,0.822247,0.962487
TOX3,0.000000,0.000000,Source: gse62944,0.937037,0.822247,0.962487
GAA,0.000000,0.000000,Source: gse62944,0.937037,0.822247,0.962487
STXBP5L,0.000000,0.000000,Source: gse62944,0.937037,0.822247,0.962487
LHCGR,0.000000,0.000000,Source: gse62944,0.937037,0.822247,0.962487
LMAN1,0.000000,0.000000,Source: gse62944,0.937037,0.822247,0.962487
ZNF669,0.000000,0.000000,Source: gse62944,0.937037,0.822247,0.962487
MFNG,0.000000,0.000000,Source: gse62944,0.937037,0.822247,0.962487
PPM1H,0.000000,0.000000,Source: gse62944,0.937037,0.822247,0.962487
ALOX12P2,0.000000,0.000000,Source: gse62944,0.937037,0.822247,0.962487
IQSEC3,0.000000,0.000000,Source: gse62944,0.937037,0.822247,0.962487
PWP1,0.000000,0.000000,Source: gse62944,0.937037,0.822247,0.962487
GDF5,0.000000,0.000000,Source: gse62944,0.937037,0.822247,0.962487
GSK3A,0.000000,0.000000,Source: gse62944,0.937037,0.822247,0.962487
TCEAL2,0.000000,0.000000,Source: gse62944,0.937037,0.822247,0.962487
STX12,0.000000,0.000000,Source: gse62944,0.937037,0.822247,0.962487
PCDH12,0.000000,0.000000,Source: gse62944,0.937037,0.822247,0.962487
PRKRA,0.000000,0.000000,Source: gse62944,0.937037,0.822247,0.962487
TMEM41B,0.000000,0.000000,Source: gse62944,0.937037,0.822247,0.962487
CTBP2,0.000000,0.000000,Source: gse62944,0.937037,0.822247,0.962487
PROSER1,0.000000,0.000000,Source: gse62944,0.937037,0.822247,0.962487
POLR3F,0.000000,0.000000,Source: gse62944,0.937037,0.822247,0.962487
CADM3,0.000000,0.000000,Source: gse62944,0.937037,0.822247,0.962487
COL4A1,0.000000,0.000000,Source: gse62944,0.937037,0.822247,0.962487
CDK18,0.000000,0.000000,Source: gse62944,0.937037,0.822247,0.962487
SERGEF,0.000000,0.000000,Source: gse62944,0.937037,0.822247,0.962487
CLPS,0.000000,0.000000,Source: gse62944,0.937037,0.822247,0.962487
SF3B4,0.000000,0.000000,Source: gse62944,0.937037,0.822247,0.962487
CARM1,0.000000,0.000000,Source: gse62944,0.937037,0.822247,0.962487
LIPG,0.000000,0.000000,Source: gse62944,0.937037,0.822247,0.962487
CAMKK2,0.000000,0.000000,Source: gse62944,0.937037,0.822247,0.962487
PTPRA,0.000000,0.000000,Source: gse62944,0.937037,0.822247,0.962487
ARL15,0.000000,0.000000,Source: gse62944,0.937037,0.822247,0.962487
CEMP1,0.000000,0.000000,Source: gse62944,0.937037,0.822247,0.962487
MAST1,0.000000,0.000000,Source: gse62944,0.937037,0.822247,0.962487
PRKCE,0.000000,0.000000,Source: gse62944,0.937037,0.822247,0.962487
SERPINA6,0.000000,0.000000,Source: gse62944,0.937037,0.822247,0.962487
PAPOLA,0.000000,0.000000,Source: gse62944,0.937037,0.822247,0.962487
FN3K,0.000000,0.000000,Source: gse62944,0.937037,0.822247,0.962487
ZBTB22,0.000000,0.000000,Source: gse62944,0.937037,0.822247,0.962487
ASPA,0.000000,0.000000,Source: gse62944,0.937037,0.822247,0.962487
SARS2,0.000000,0.000000,Source: gse62944,0.937037,0.822247,0.962487
RARRES1,0.000000,0.000000,Source: gse62944,0.937037,0.822247,0.962487
COL17A1,0.000000,0.000000,Source: gse62944,0.937037,0.822247,0.962487
ARF5,0.000000,0.000000,Source: gse62944,0.937037,0.822247,0.962487
ETV2,0.000000,0.000000,Source: gse62944,0.937037,0.822247,0.962487
ZNF207,0.000000,0.000000,Source: gse62944,0.937037,0.822247,0.962487
AR,0.000000,0.000000,Source: gse62944,0.937037,0.822247,0.962487
SNAI1,0.000000,0.000000,Source: gse62944,0.937037,0.822247,0.962487
AAGAB,0.000000,0.000000,Source: gse62944,0.937037,0.822247,0.962487
NDST4,0.000000,0.000000,Source: gse62944,0.937037,0.822247,0.962487
MATN4,0.000000,0.000000,Source: gse62944,0.937037,0.822247,0.962487
SACM1L,0.000000,0.000000,Source: gse62944,0.937037,0.822247,0.962487
IL2RG,0.000000,0.000000,Source: gse62944,0.937037,0.822247,0.962487
FCER1G,0.000000,0.000000,Source: gse62944,0.937037,0.822247,0.962487
HSD11B1,0.000000,0.000000,Source: gse62944,0.937037,0.822247,0.962487
KCNK5,0.000000,0.000000,Source: gse62944,0.937037,0.822247,0.962487
ABCF1,0.000000,0.000000,Source: gse62944,0.937037,0.822247,0.962487
FOXD3,0.000000,0.000000,Source: gse62944,0.937037,0.822247,0.962487
TMPO,0.000000,0.000000,Source: gse62944,0.937037,0.822247,0.962487
FBXO40,0.000000,0.000000,Source: gse62944,0.937037,0.822247,0.962487
OMP,0.000000,0.000000,Source: gse62944,0.937037,0.822247,0.962487
ALCAM,0.000000,0.000000,Source: gse62944,0.937037,0.822247,0.962487
CAND2,0.000000,0.000000,Source: gse62944,0.937037,0.822247,0.962487
PTTG2,0.000000,0.000000,Source: gse62944,0.937037,0.822247,0.962487
VTN,0.000000,0.000000,Source: gse62944,0.937037,0.822247,0.962487
KRT32,0.000000,0.000000,Source: gse62944,0.937037,0.822247,0.962487
GAD1,0.000000,0.000000,Source: gse62944,0.937037,0.822247,0.962487
CD40,0.000000,0.000000,Source: gse62944,0.937037,0.822247,0.962487
TUSC3,0.000000,0.000000,Source: gse62944,0.937037,0.822247,0.962487
TPK1,0.000000,0.000000,Source: gse62944,0.937037,0.822247,0.962487
MOSPD2,0.000000,0.000000,Source: gse62944,0.937037,0.822247,0.962487
NCS1,0.000000,0.000000,Source: gse62944,0.937037,0.822247,0.962487
GATAD1,0.000000,0.000000,Source: gse62944,0.937037,0.822247,0.962487
SIRPA,0.000000,0.000000,Source: gse62944,0.937037,0.822247,0.962487
TARDBP,0.000000,0.000000,Source: gse62944,0.937037,0.822247,0.962487
VPS39,0.000000,0.000000,Source: gse62944,0.937037,0.822247,0.962487
FAU,0.000000,0.000000,Source: gse62944,0.937037,0.822247,0.962487
TEX10,0.000000,0.000000,Source: gse62944,0.937037,0.822247,0.962487
CTRB2,0.000000,0.000000,Source: gse62944,0.937037,0.822247,0.962487
GDAP1L1,0.000000,0.000000,Source: gse62944,0.937037,0.822247,0.962487
SPATA2,0.000000,0.000000,Source: gse62944,0.937037,0.822247,0.962487
TMEM100,0.000000,0.000000,Source: gse62944,0.937037,0.822247,0.962487
CLN3,0.000000,0.000000,Source: gse62944,0.937037,0.822247,0.962487
DIABLO,0.000000,0.000000,Source: gse62944,0.937037,0.822247,0.962487
NMT2,0.000000,0.000000,Source: gse62944,0.937037,0.822247,0.962487
SUGP1,0.000000,0.000000,Source: gse62944,0.937037,0.822247,0.962487
YIPF2,0.000000,0.000000,Source: gse62944,0.937037,0.822247,0.962487
ACOXL,0.000000,0.000000,Source: gse62944,0.937037,0.822247,0.962487
EDN2,0.000000,0.000000,Source: gse62944,0.937037,0.822247,0.962487
PLAC8,0.000000,0.000000,Source: gse62944,0.937037,0.822247,0.962487
TASP1,0.000000,0.000000,Source: gse62944,0.937037,0.822247,0.962487
KLK12,0.000000,0.000000,Source: gse62944,0.937037,0.822247,0.962487
TPMT,0.000000,0.000000,Source: gse62944,0.937037,0.822247,0.962487
CFP,0.000000,0.000000,Source: gse62944,0.937037,0.822247,0.962487
KCNJ16,0.000000,0.000000,Source: gse62944,0.937037,0.822247,0.962487
RRAGB,0.000000,0.000000,Source: gse62944,0.937037,0.822247,0.962487
KIFAP3,0.000000,0.000000,Source: gse62944,0.937037,0.822247,0.962487
ARHGEF4,0.000000,0.000000,Source: gse62944,0.937037,0.822247,0.962487
EBAG9,0.000000,0.000000,Source: gse62944,0.937037,0.822247,0.962487
MED31,0.000000,0.000000,Source: gse62944,0.937037,0.822247,0.962487
CAPN10,0.000000,0.000000,Source: gse62944,0.937037,0.822247,0.962487
KLK13,0.000000,0.000000,Source: gse62944,0.937037,0.822247,0.962487
FEZ1,0.000000,0.000000,Source: gse62944,0.937037,0.822247,0.962487
KCNK10,0.000000,0.000000,Source: gse62944,0.937037,0.822247,0.962487
TNP1,0.000000,0.000000,Source: gse62944,0.937037,0.822247,0.962487
PLXND1,0.000000,0.000000,Source: gse62944,0.937037,0.822247,0.962487
RCOR3,0.000000,0.000000,Source: gse62944,0.937037,0.822247,0.962487
MYO9A,0.000000,0.000000,Source: gse62944,0.937037,0.822247,0.962487
POLB,0.000000,0.000000,Source: gse62944,0.937037,0.822247,0.962487
MAP2K7,0.000000,0.000000,Source: gse62944,0.937037,0.822247,0.962487
MAPK14,0.000000,0.000000,Source: gse62944,0.937037,0.822247,0.962487
NR0B1,0.000000,0.000000,Source: gse62944,0.937037,0.822247,0.962487
ANK1,0.000000,0.000000,Source: gse62944,0.937037,0.822247,0.962487
JAM2,0.000000,0.000000,Source: gse62944,0.937037,0.822247,0.962487
EPB41,0.000000,0.000000,Source: gse62944,0.937037,0.822247,0.962487
SPACA1,0.000000,0.000000,Source: gse62944,0.937037,0.822247,0.962487
SUPT5H,0.000000,0.000000,Source: gse62944,0.937037,0.822247,0.962487
MSI1,0.000000,0.000000,Source: gse62944,0.937037,0.822247,0.962487
TMEM123,0.000000,0.000000,Source: gse62944,0.937037,0.822247,0.962487
TAS2R16,0.000000,0.000000,Source: gse62944,0.937037,0.822247,0.962487
CDH22,0.000000,0.000000,Source: gse62944,0.937037,0.822247,0.962487
ALG8,0.000000,0.000000,Source: gse62944,0.937037,0.822247,0.962487
GABRD,0.000000,0.000000,Source: gse62944,0.937037,0.822247,0.962487
CDK2,0.000000,0.000000,Source: gse62944,0.937037,0.822247,0.962487
GCNT4,0.000000,0.000000,Source: gse62944,0.937037,0.822247,0.962487
ZNF654,0.000000,0.000000,Source: gse62944,0.937037,0.822247,0.962487
KCNN4,0.000000,0.000000,Source: gse62944,0.937037,0.822247,0.962487
NDUFAF3,0.000000,0.000000,Source: gse62944,0.937037,0.822247,0.962487
SRPK2,0.000000,0.000000,Source: gse62944,0.937037,0.822247,0.962487
PPP1R17,0.000000,0.000000,Source: gse62944,0.937037,0.822247,0.962487
SPAG5,0.000000,0.000000,Source: gse62944,0.937037,0.822247,0.962487
KLRC4,0.000000,0.000000,Source: gse62944,0.937037,0.822247,0.962487
KLF2,0.000000,0.000000,Source: gse62944,0.937037,0.822247,0.962487
GTF2H3,0.000000,0.000000,Source: gse62944,0.937037,0.822247,0.962487
UNC119B,0.000000,0.000000,Source: gse62944,0.937037,0.822247,0.962487
TXNRD2,0.000000,0.000000,Source: gse62944,0.937037,0.822247,0.962487
MIS18A,0.000000,0.000000,Source: gse62944,0.937037,0.822247,0.962487
VPS41,0.000000,0.000000,Source: gse62944,0.937037,0.822247,0.962487
RNF10,0.000000,0.000000,Source: gse62944,0.937037,0.822247,0.962487
PDLIM4,0.000000,0.000000,Source: gse62944,0.937037,0.822247,0.962487
DCAF15,0.000000,0.000000,Source: gse62944,0.937037,0.822247,0.962487
BPTF,0.000000,0.000000,Source: gse62944,0.937037,0.822247,0.962487
CASP7,0.000000,0.000000,Source: gse62944,0.937037,0.822247,0.962487
CSRP3,0.000000,0.000000,Source: gse62944,0.937037,0.822247,0.962487
PLA2G3,0.000000,0.000000,Source: gse62944,0.937037,0.822247,0.962487
TAPBPL,0.000000,0.000000,Source: gse62944,0.937037,0.822247,0.962487
ANXA2P3,0.000000,0.000000,Source: gse62944,0.937037,0.822247,0.962487
CLASP1,0.000000,0.000000,Source: gse62944,0.937037,0.822247,0.962487
CSNK1G3,0.000000,0.000000,Source: gse62944,0.937037,0.822247,0.962487
CSF2RB,0.000000,0.000000,Source: gse62944,0.937037,0.822247,0.962487
FXR2,0.000000,0.000000,Source: gse62944,0.937037,0.822247,0.962487
KLHL3,0.000000,0.000000,Source: gse62944,0.937037,0.822247,0.962487
MAGEB1,0.000000,0.000000,Source: gse62944,0.937037,0.822247,0.962487
IFNA8,0.000000,0.000000,Source: gse62944,0.937037,0.822247,0.962487
CHRNB3,0.000000,0.000000,Source: gse62944,0.937037,0.822247,0.962487
PRR15L,0.000000,0.000000,Source: gse62944,0.937037,0.822247,0.962487
MLF2,0.000000,0.000000,Source: gse62944,0.937037,0.822247,0.962487
ZFAND5,0.000000,0.000000,Source: gse62944,0.937037,0.822247,0.962487
CBR3,0.000000,0.000000,Source: gse62944,0.937037,0.822247,0.962487
GALR1,0.000000,0.000000,Source: gse62944,0.937037,0.822247,0.962487
CDH9,0.000000,0.000000,Source: gse62944,0.937037,0.822247,0.962487
LGALS13,0.000000,0.000000,Source: gse62944,0.937037,0.822247,0.962487
PDYN,0.000000,0.000000,Source: gse62944,0.937037,0.822247,0.962487
SAR1B,0.000000,0.000000,Source: gse62944,0.937037,0.822247,0.962487
SFTPC,0.000000,0.000000,Source: gse62944,0.937037,0.822247,0.962487
PCDHA2,0.000000,0.000000,Source: gse62944,0.937037,0.822247,0.962487
LBH,0.000000,0.000000,Source: gse62944,0.937037,0.822247,0.962487
DAPP1,0.000000,0.000000,Source: gse62944,0.937037,0.822247,0.962487
SH3BGRL,0.000000,0.000000,Source: gse62944,0.937037,0.822247,0.962487
ZMYM1,0.000000,0.000000,Source: gse62944,0.937037,0.822247,0.962487
FGF21,0.000000,0.000000,Source: gse62944,0.937037,0.822247,0.962487
KRT9,0.000000,0.000000,Source: gse62944,0.937037,0.822247,0.962487
THOC7,0.000000,0.000000,Source: gse62944,0.937037,0.822247,0.962487
GNL2,0.000000,0.000000,Source: gse62944,0.937037,0.822247,0.962487
AGBL2,0.000000,0.000000,Source: gse62944,0.937037,0.822247,0.962487
REEP4,0.000000,0.000000,Source: gse62944,0.937037,0.822247,0.962487
SMARCE1,0.000000,0.000000,Source: gse62944,0.937037,0.822247,0.962487
FGF23,0.000000,0.000000,Source: gse62944,0.937037,0.822247,0.962487
HOXB1,0.000000,0.000000,Source: gse62944,0.937037,0.822247,0.962487
RENBP,0.000000,0.000000,Source: gse62944,0.937037,0.822247,0.962487
CUEDC2,0.000000,0.000000,Source: gse62944,0.937037,0.822247,0.962487
AGBL3,0.000000,0.000000,Source: gse62944,0.937037,0.822247,0.962487
SLC43A1,0.000000,0.000000,Source: gse62944,0.937037,0.822247,0.962487
MGAM,0.000000,0.000000,Source: gse62944,0.937037,0.822247,0.962487
RIN1,0.000000,0.000000,Source: gse62944,0.937037,0.822247,0.962487
YWHAH,0.000000,0.000000,Source: gse62944,0.937037,0.822247,0.962487
SART1,0.000000,0.000000,Source: gse62944,0.937037,0.822247,0.962487
ECM1,0.000000,0.000000,Source: gse62944,0.937037,0.822247,0.962487
CHKA,0.000000,0.000000,Source: gse62944,0.937037,0.822247,0.962487
CA14,0.000000,0.000000,Source: gse62944,0.937037,0.822247,0.962487
CASQ2,0.000000,0.000000,Source: gse62944,0.937037,0.822247,0.962487
TSPYL4,0.000000,0.000000,Source: gse62944,0.937037,0.822247,0.962487
PELI2,0.000000,0.000000,Source: gse62944,0.937037,0.822247,0.962487
CCDC88A,0.000000,0.000000,Source: gse62944,0.937037,0.822247,0.962487
BIRC7,0.000000,0.000000,Source: gse62944,0.937037,0.822247,0.962487
SCN1B,0.000000,0.000000,Source: gse62944,0.937037,0.822247,0.962487
MUC13,0.000000,0.000000,Source: gse62944,0.937037,0.822247,0.962487
TGDS,0.000000,0.000000,Source: gse62944,0.937037,0.822247,0.962487
LPAR2,0.000000,0.000000,Source: gse62944,0.937037,0.822247,0.962487
PPIG,0.000000,0.000000,Source: gse62944,0.937037,0.822247,0.962487
KDM2A,0.000000,0.000000,Source: gse62944,0.937037,0.822247,0.962487
SFT2D2,0.000000,0.000000,Source: gse62944,0.937037,0.822247,0.962487
SDHB,0.000000,0.000000,Source: gse62944,0.937037,0.822247,0.962487
P2RX2,0.000000,0.000000,Source: gse62944,0.937037,0.822247,0.962487
HBP1,0.000000,0.000000,Source: gse62944,0.937037,0.822247,0.962487
GLB1L2,0.000000,0.000000,Source: gse62944,0.937037,0.822247,0.962487
N4BP2L1,0.000000,0.000000,Source: gse62944,0.937037,0.822247,0.962487
PPRC1,0.000000,0.000000,Source: gse62944,0.937037,0.822247,0.962487
CDC42,0.000000,0.000000,Source: gse62944,0.937037,0.822247,0.962487
TFAP2A,0.000000,0.000000,Source: gse62944,0.937037,0.822247,0.962487
TBCA,0.000000,0.000000,Source: gse62944,0.937037,0.822247,0.962487
GPR20,0.000000,0.000000,Source: gse62944,0.937037,0.822247,0.962487
MYL5,0.000000,0.000000,Source: gse62944,0.937037,0.822247,0.962487
MYO16,0.000000,0.000000,Source: gse62944,0.937037,0.822247,0.962487
SGPL1,0.000000,0.000000,Source: gse62944,0.937037,0.822247,0.962487
ZNF273,0.000000,0.000000,Source: gse62944,0.937037,0.822247,0.962487
PCDHA5,0.000000,0.000000,Source: gse62944,0.937037,0.822247,0.962487
DUOX1,0.000000,0.000000,Source: gse62944,0.937037,0.822247,0.962487
PDE5A,0.000000,0.000000,Source: gse62944,0.937037,0.822247,0.962487
EDC3,0.000000,0.000000,Source: gse62944,0.937037,0.822247,0.962487
ARHGAP17,0.000000,0.000000,Source: gse62944,0.937037,0.822247,0.962487
ADCY3,0.000000,0.000000,Source: gse62944,0.937037,0.822247,0.962487
NDRG2,0.000000,0.000000,Source: gse62944,0.937037,0.822247,0.962487
MYBL2,0.000000,0.000000,Source: gse62944,0.937037,0.822247,0.962487
OTOF,0.000000,0.000000,Source: gse62944,0.937037,0.822247,0.962487
MIP,0.000000,0.000000,Source: gse62944,0.937037,0.822247,0.962487
VPS35,0.000000,0.000000,Source: gse62944,0.937037,0.822247,0.962487
XPO4,0.000000,0.000000,Source: gse62944,0.937037,0.822247,0.962487
NPAS2,0.000000,0.000000,Source: gse62944,0.937037,0.822247,0.962487
BBS9,0.000000,0.000000,Source: gse62944,0.937037,0.822247,0.962487
IL18R1,0.000000,0.000000,Source: gse62944,0.937037,0.822247,0.962487
PKNOX2,0.000000,0.000000,Source: gse62944,0.937037,0.822247,0.962487
DMRT1,0.000000,0.000000,Source: gse62944,0.937037,0.822247,0.962487
ADAMTS5,0.000000,0.000000,Source: gse62944,0.937037,0.822247,0.962487
TFF3,0.000000,0.000000,Source: gse62944,0.937037,0.822247,0.962487
FAM114A1,0.000000,0.000000,Source: gse62944,0.937037,0.822247,0.962487
GNAT3,0.000000,0.000000,Source: gse62944,0.937037,0.822247,0.962487
SMARCD2,0.000000,0.000000,Source: gse62944,0.937037,0.822247,0.962487
PVRIG,0.000000,0.000000,Source: gse62944,0.937037,0.822247,0.962487
GPR68,0.000000,0.000000,Source: gse62944,0.937037,0.822247,0.962487
WNT7B,0.000000,0.000000,Source: gse62944,0.937037,0.822247,0.962487
KCNE2,0.000000,0.000000,Source: gse62944,0.937037,0.822247,0.962487
GOLGA2P5,0.000000,0.000000,Source: gse62944,0.937037,0.822247,0.962487
GNG3,0.000000,0.000000,Source: gse62944,0.937037,0.822247,0.962487
ARHGAP1,0.000000,0.000000,Source: gse62944,0.937037,0.822247,0.962487
FPR3,0.000000,0.000000,Source: gse62944,0.937037,0.822247,0.962487
CLDN3,0.000000,0.000000,Source: gse62944,0.937037,0.822247,0.962487
CD68,0.000000,0.000000,Source: gse62944,0.937037,0.822247,0.962487
DNAJC2,0.000000,0.000000,Source: gse62944,0.937037,0.822247,0.962487
NKX2-5,0.000000,0.000000,Source: gse62944,0.937037,0.822247,0.962487
REST,0.000000,0.000000,Source: gse62944,0.937037,0.822247,0.962487
INTS3,0.000000,0.000000,Source: gse62944,0.937037,0.822247,0.962487
MIPEP,0.000000,0.000000,Source: gse62944,0.937037,0.822247,0.962487
SMURF1,0.000000,0.000000,Source: gse62944,0.937037,0.822247,0.962487
SLC39A4,0.000000,0.000000,Source: gse62944,0.937037,0.822247,0.962487
CAND1,0.000000,0.000000,Source: gse62944,0.937037,0.822247,0.962487
CSNK1A1,0.000000,0.000000,Source: gse62944,0.937037,0.822247,0.962487
ENAH,0.000000,0.000000,Source: gse62944,0.937037,0.822247,0.962487
MRPL44,0.000000,0.000000,Source: gse62944,0.937037,0.822247,0.962487
ATPAF2,0.000000,0.000000,Source: gse62944,0.937037,0.822247,0.962487
NDRG4,0.000000,0.000000,Source: gse62944,0.937037,0.822247,0.962487
AKR1C3,0.000000,0.000000,Source: gse62944,0.937037,0.822247,0.962487
FGF9,0.000000,0.000000,Source: gse62944,0.937037,0.822247,0.962487
UGGT2,0.000000,0.000000,Source: gse62944,0.937037,0.822247,0.962487
LETMD1,0.000000,0.000000,Source: gse62944,0.937037,0.822247,0.962487
LIN7A,0.000000,0.000000,Source: gse62944,0.937037,0.822247,0.962487
CENPA,0.000000,0.000000,Source: gse62944,0.937037,0.822247,0.962487
JAK1,0.000000,0.000000,Source: gse62944,0.937037,0.822247,0.962487
ASGR1,0.000000,0.000000,Source: gse62944,0.937037,0.822247,0.962487
IL36A,0.000000,0.000000,Source: gse62944,0.937037,0.822247,0.962487
CENPQ,0.000000,0.000000,Source: gse62944,0.937037,0.822247,0.962487
ARAP2,0.000000,0.000000,Source: gse62944,0.937037,0.822247,0.962487
GUK1,0.000000,0.000000,Source: gse62944,0.937037,0.822247,0.962487
S1PR2,0.000000,0.000000,Source: gse62944,0.937037,0.822247,0.962487
PREX2,0.000000,0.000000,Source: gse62944,0.937037,0.822247,0.962487
TCFL5,0.000000,0.000000,Source: gse62944,0.937037,0.822247,0.962487
SCAMP3,0.000000,0.000000,Source: gse62944,0.937037,0.822247,0.962487
MOCS1,0.000000,0.000000,Source: gse62944,0.937037,0.822247,0.962487
BTN3A1,0.000000,0.000000,Source: gse62944,0.937037,0.822247,0.962487
FGL1,0.000000,0.000000,Source: gse62944,0.937037,0.822247,0.962487
UBE2D1,0.000000,0.000000,Source: gse62944,0.937037,0.822247,0.962487
AKR1A1,0.000000,0.000000,Source: gse62944,0.937037,0.822247,0.962487
STARD3,0.000000,0.000000,Source: gse62944,0.937037,0.822247,0.962487
FBXO34,0.000000,0.000000,Source: gse62944,0.937037,0.822247,0.962487
CSGALNACT1,0.000000,0.000000,Source: gse62944,0.937037,0.822247,0.962487
PTTG1,0.000000,0.000000,Source: gse62944,0.937037,0.822247,0.962487
PRDX4,0.000000,0.000000,Source: gse62944,0.937037,0.822247,0.962487
CHST10,0.000000,0.000000,Source: gse62944,0.937037,0.822247,0.962487
LRRC36,0.000000,0.000000,Source: gse62944,0.937037,0.822247,0.962487
ATG2A,0.000000,0.000000,Source: gse62944,0.937037,0.822247,0.962487
PAF1,0.000000,0.000000,Source: gse62944,0.937037,0.822247,0.962487
TUBG1,0.000000,0.000000,Source: gse62944,0.937037,0.822247,0.962487
SLC4A7,0.000000,0.000000,Source: gse62944,0.937037,0.822247,0.962487
CTBP1,0.000000,0.000000,Source: gse62944,0.937037,0.822247,0.962487
CHST4,0.000000,0.000000,Source: gse62944,0.937037,0.822247,0.962487
BRIP1,0.000000,0.000000,Source: gse62944,0.937037,0.822247,0.962487
ALDH1B1,0.000000,0.000000,Source: gse62944,0.937037,0.822247,0.962487
TSTD2,0.000000,0.000000,Source: gse62944,0.937037,0.822247,0.962487
TUBGCP4,0.000000,0.000000,Source: gse62944,0.937037,0.822247,0.962487
TFDP1,0.000000,0.000000,Source: gse62944,0.937037,0.822247,0.962487
CDR2,0.000000,0.000000,Source: gse62944,0.937037,0.822247,0.962487
SFPQ,0.000000,0.000000,Source: gse62944,0.937037,0.822247,0.962487
LRCH3,0.000000,0.000000,Source: gse62944,0.937037,0.822247,0.962487
SLC5A4,0.000000,0.000000,Source: gse62944,0.937037,0.822247,0.962487
SH2B1,0.000000,0.000000,Source: gse62944,0.937037,0.822247,0.962487
C8G,0.000000,0.000000,Source: gse62944,0.937037,0.822247,0.962487
DCUN1D4,0.000000,0.000000,Source: gse62944,0.937037,0.822247,0.962487
MED9,0.000000,0.000000,Source: gse62944,0.937037,0.822247,0.962487
SERPING1,0.000000,0.000000,Source: gse62944,0.937037,0.822247,0.962487
LAMC2,0.000000,0.000000,Source: gse62944,0.937037,0.822247,0.962487
RPS6KA5,0.000000,0.000000,Source: gse62944,0.937037,0.822247,0.962487
UBA5,0.000000,0.000000,Source: gse62944,0.937037,0.822247,0.962487
GALNT3,0.000000,0.000000,Source: gse62944,0.937037,0.822247,0.962487
AGFG1,0.000000,0.000000,Source: gse62944,0.937037,0.822247,0.962487
SPAG9,0.000000,0.000000,Source: gse62944,0.937037,0.822247,0.962487
TOMM7,0.000000,0.000000,Source: gse62944,0.937037,0.822247,0.962487
RNPS1,0.000000,0.000000,Source: gse62944,0.937037,0.822247,0.962487
OR51E2,0.000000,0.000000,Source: gse62944,0.937037,0.822247,0.962487
TNFAIP3,0.000000,0.000000,Source: gse62944,0.937037,0.822247,0.962487
ICAM4,0.000000,0.000000,Source: gse62944,0.937037,0.822247,0.962487
ZIC3,0.000000,0.000000,Source: gse62944,0.937037,0.822247,0.962487
BANP,0.000000,0.000000,Source: gse62944,0.937037,0.822247,0.962487
RPP30,0.000000,0.000000,Source: gse62944,0.937037,0.822247,0.962487
QPRT,0.000000,0.000000,Source: gse62944,0.937037,0.822247,0.962487
DHX34,0.000000,0.000000,Source: gse62944,0.937037,0.822247,0.962487
ZBTB38,0.000000,0.000000,Source: gse62944,0.937037,0.822247,0.962487
ACSL3,0.000000,0.000000,Source: gse62944,0.937037,0.822247,0.962487
MAT2B,0.000000,0.000000,Source: gse62944,0.937037,0.822247,0.962487
EHD2,0.000000,0.000000,Source: gse62944,0.937037,0.822247,0.962487
MXD3,0.000000,0.000000,Source: gse62944,0.937037,0.822247,0.962487
TFDP2,0.000000,0.000000,Source: gse62944,0.937037,0.822247,0.962487
LIPT1,0.000000,0.000000,Source: gse62944,0.937037,0.822247,0.962487
MCOLN1,0.000000,0.000000,Source: gse62944,0.937037,0.822247,0.962487
LRP2,0.000000,0.000000,Source: gse62944,0.937037,0.822247,0.962487
FLT3,0.000000,0.000000,Source: gse62944,0.937037,0.822247,0.962487
FAM215A,0.000000,0.000000,Source: gse62944,0.937037,0.822247,0.962487
MC2R,0.000000,0.000000,Source: gse62944,0.937037,0.822247,0.962487
SCGB1A1,0.000000,0.000000,Source: gse62944,0.937037,0.822247,0.962487
TXK,0.000000,0.000000,Source: gse62944,0.937037,0.822247,0.962487
NOL6,0.000000,0.000000,Source: gse62944,0.937037,0.822247,0.962487
ECI1,0.000000,0.000000,Source: gse62944,0.937037,0.822247,0.962487
HABP4,0.000000,0.000000,Source: gse62944,0.937037,0.822247,0.962487
SRSF3,0.000000,0.000000,Source: gse62944,0.937037,0.822247,0.962487
RNF146,0.000000,0.000000,Source: gse62944,0.937037,0.822247,0.962487
TBR1,0.000000,0.000000,Source: gse62944,0.937037,0.822247,0.962487
CAMK4,0.000000,0.000000,Source: gse62944,0.937037,0.822247,0.962487
GAK,0.000000,0.000000,Source: gse62944,0.937037,0.822247,0.962487
NBR2,0.000000,0.000000,Source: gse62944,0.937037,0.822247,0.962487
KLRD1,0.000000,0.000000,Source: gse62944,0.937037,0.822247,0.962487
BCAS3,0.000000,0.000000,Source: gse62944,0.937037,0.822247,0.962487
SERPINB10,0.000000,0.000000,Source: gse62944,0.937037,0.822247,0.962487
CCNT2,0.000000,0.000000,Source: gse62944,0.937037,0.822247,0.962487
NDNF,0.000000,0.000000,Source: gse62944,0.937037,0.822247,0.962487
ACOX1,0.000000,0.000000,Source: gse62944,0.937037,0.822247,0.962487
IMPA1,0.000000,0.000000,Source: gse62944,0.937037,0.822247,0.962487
YIF1B,0.000000,0.000000,Source: gse62944,0.937037,0.822247,0.962487
POMP,0.000000,0.000000,Source: gse62944,0.937037,0.822247,0.962487
RPN1,0.000000,0.000000,Source: gse62944,0.937037,0.822247,0.962487
SLC38A7,0.000000,0.000000,Source: gse62944,0.937037,0.822247,0.962487
SYT2,0.000000,0.000000,Source: gse62944,0.937037,0.822247,0.962487
PREB,0.000000,0.000000,Source: gse62944,0.937037,0.822247,0.962487
TIPRL,0.000000,0.000000,Source: gse62944,0.937037,0.822247,0.962487
SLC24A2,0.000000,0.000000,Source: gse62944,0.937037,0.822247,0.962487
DCTPP1,0.000000,0.000000,Source: gse62944,0.937037,0.822247,0.962487
TRPV1,0.000000,0.000000,Source: gse62944,0.937037,0.822247,0.962487
CACNA2D1,0.000000,0.000000,Source: gse62944,0.937037,0.822247,0.962487
SQSTM1,0.000000,0.000000,Source: gse62944,0.937037,0.822247,0.962487
APEX1,0.000000,0.000000,Source: gse62944,0.937037,0.822247,0.962487
SLC9A5,0.000000,0.000000,Source: gse62944,0.937037,0.822247,0.962487
EIF4E,0.000000,0.000000,Source: gse62944,0.937037,0.822247,0.962487
MOB1A,0.000000,0.000000,Source: gse62944,0.937037,0.822247,0.962487
BET1,0.000000,0.000000,Source: gse62944,0.937037,0.822247,0.962487
PLAG1,0.000000,0.000000,Source: gse62944,0.937037,0.822247,0.962487
CLPTM1,0.000000,0.000000,Source: gse62944,0.937037,0.822247,0.962487
GOLIM4,0.000000,0.000000,Source: gse62944,0.937037,0.822247,0.962487
MTF2,0.000000,0.000000,Source: gse62944,0.937037,0.822247,0.962487
POLQ,0.000000,0.000000,Source: gse62944,0.937037,0.822247,0.962487
ATRN,0.000000,0.000000,Source: gse62944,0.937037,0.822247,0.962487
TCF4,0.000000,0.000000,Source: gse62944,0.937037,0.822247,0.962487
MAN2B1,0.000000,0.000000,Source: gse62944,0.937037,0.822247,0.962487
TRIM8,0.000000,0.000000,Source: gse62944,0.937037,0.822247,0.962487
EFHC1,0.000000,0.000000,Source: gse62944,0.937037,0.822247,0.962487
S100A5,0.000000,0.000000,Source: gse62944,0.937037,0.822247,0.962487
SLC25A36,0.000000,0.000000,Source: gse62944,0.937037,0.822247,0.962487
MRS2,0.000000,0.000000,Source: gse62944,0.937037,0.822247,0.962487
CD101,0.000000,0.000000,Source: gse62944,0.937037,0.822247,0.962487
DOCK3,0.000000,0.000000,Source: gse62944,0.937037,0.822247,0.962487
PUS1,0.000000,0.000000,Source: gse62944,0.937037,0.822247,0.962487
ACVR1B,0.000000,0.000000,Source: gse62944,0.937037,0.822247,0.962487
PPFIA4,0.000000,0.000000,Source: gse62944,0.937037,0.822247,0.962487
GOLPH3,0.000000,0.000000,Source: gse62944,0.937037,0.822247,0.962487
AHSG,0.000000,0.000000,Source: gse62944,0.937037,0.822247,0.962487
TPGS2,0.000000,0.000000,Source: gse62944,0.937037,0.822247,0.962487
SYNPO2L,0.000000,0.000000,Source: gse62944,0.937037,0.822247,0.962487
CPZ,0.000000,0.000000,Source: gse62944,0.937037,0.822247,0.962487
EPN2,0.000000,0.000000,Source: gse62944,0.937037,0.822247,0.962487
MARK4,0.000000,0.000000,Source: gse62944,0.937037,0.822247,0.962487
TMED7,0.000000,0.000000,Source: gse62944,0.937037,0.822247,0.962487
TRAK2,0.000000,0.000000,Source: gse62944,0.937037,0.822247,0.962487
LRIF1,0.000000,0.000000,Source: gse62944,0.937037,0.822247,0.962487
PPP1CC,0.000000,0.000000,Source: gse62944,0.937037,0.822247,0.962487
ARHGDIA,0.000000,0.000000,Source: gse62944,0.937037,0.822247,0.962487
TESK1,0.000000,0.000000,Source: gse62944,0.937037,0.822247,0.962487
SMAD9,0.000000,0.000000,Source: gse62944,0.937037,0.822247,0.962487
CCNA1,0.000000,0.000000,Source: gse62944,0.937037,0.822247,0.962487
GMFB,0.000000,0.000000,Source: gse62944,0.937037,0.822247,0.962487
PPP2R3B,0.000000,0.000000,Source: gse62944,0.937037,0.822247,0.962487
CCL27,0.000000,0.000000,Source: gse62944,0.937037,0.822247,0.962487
HBD,0.000000,0.000000,Source: gse62944,0.937037,0.822247,0.962487
AP3B2,0.000000,0.000000,Source: gse62944,0.937037,0.822247,0.962487
FHIT,0.000000,0.000000,Source: gse62944,0.937037,0.822247,0.962487
MREG,0.000000,0.000000,Source: gse62944,0.937037,0.822247,0.962487
TEX12,0.000000,0.000000,Source: gse62944,0.937037,0.822247,0.962487
TLR2,0.000000,0.000000,Source: gse62944,0.937037,0.822247,0.962487
CRCP,0.000000,0.000000,Source: gse62944,0.937037,0.822247,0.962487
COPZ2,0.000000,0.000000,Source: gse62944,0.937037,0.822247,0.962487
ERBB3,0.000000,0.000000,Source: gse62944,0.937037,0.822247,0.962487
RABAC1,0.000000,0.000000,Source: gse62944,0.937037,0.822247,0.962487
CYB561,0.000000,0.000000,Source: gse62944,0.937037,0.822247,0.962487
GKN1,0.000000,0.000000,Source: gse62944,0.937037,0.822247,0.962487
NUDT6,0.000000,0.000000,Source: gse62944,0.937037,0.822247,0.962487
PAGE1,0.000000,0.000000,Source: gse62944,0.937037,0.822247,0.962487
NUDT1,0.000000,0.000000,Source: gse62944,0.937037,0.822247,0.962487
PCDHA3,0.000000,0.000000,Source: gse62944,0.937037,0.822247,0.962487
FBXO41,0.000000,0.000000,Source: gse62944,0.937037,0.822247,0.962487
PGD,0.000000,0.000000,Source: gse62944,0.937037,0.822247,0.962487
MUC6,0.000000,0.000000,Source: gse62944,0.937037,0.822247,0.962487
ZNF222,0.000000,0.000000,Source: gse62944,0.937037,0.822247,0.962487
DHRS2,0.000000,0.000000,Source: gse62944,0.937037,0.822247,0.962487
MPI,0.000000,0.000000,Source: gse62944,0.937037,0.822247,0.962487
GPC5,0.000000,0.000000,Source: gse62944,0.937037,0.822247,0.962487
HDHD3,0.000000,0.000000,Source: gse62944,0.937037,0.822247,0.962487
BCL2L11,0.000000,0.000000,Source: gse62944,0.937037,0.822247,0.962487
CYB5B,0.000000,0.000000,Source: gse62944,0.937037,0.822247,0.962487
EMP1,0.000000,0.000000,Source: gse62944,0.937037,0.822247,0.962487
HYOU1,0.000000,0.000000,Source: gse62944,0.937037,0.822247,0.962487
SNPH,0.000000,0.000000,Source: gse62944,0.937037,0.822247,0.962487
PAX4,0.000000,0.000000,Source: gse62944,0.937037,0.822247,0.962487
PON3,0.000000,0.000000,Source: gse62944,0.937037,0.822247,0.962487
PSMA6,0.000000,0.000000,Source: gse62944,0.937037,0.822247,0.962487
MAPK13,0.000000,0.000000,Source: gse62944,0.937037,0.822247,0.962487
PLA2G4A,0.000000,0.000000,Source: gse62944,0.937037,0.822247,0.962487
XPO1,0.000000,0.000000,Source: gse62944,0.937037,0.822247,0.962487
BCR,0.000000,0.000000,Source: gse62944,0.937037,0.822247,0.962487
MTOR,0.000000,0.000000,Source: gse62944,0.937037,0.822247,0.962487
RCL1,0.000000,0.000000,Source: gse62944,0.937037,0.822247,0.962487
P2RY10,0.000000,0.000000,Source: gse62944,0.937037,0.822247,0.962487
NTSR1,0.000000,0.000000,Source: gse62944,0.937037,0.822247,0.962487
NRBF2,0.000000,0.000000,Source: gse62944,0.937037,0.822247,0.962487
ATF7IP,0.000000,0.000000,Source: gse62944,0.937037,0.822247,0.962487
TRIM46,0.000000,0.000000,Source: gse62944,0.937037,0.822247,0.962487
GLUD1,0.000000,0.000000,Source: gse62944,0.937037,0.822247,0.962487
MC3R,0.000000,0.000000,Source: gse62944,0.937037,0.822247,0.962487
CYLC2,0.000000,0.000000,Source: gse62944,0.937037,0.822247,0.962487
CTNNBIP1,0.000000,0.000000,Source: gse62944,0.937037,0.822247,0.962487
FBXL2,0.000000,0.000000,Source: gse62944,0.937037,0.822247,0.962487
TRAK1,0.000000,0.000000,Source: gse62944,0.937037,0.822247,0.962487
GTSE1,0.000000,0.000000,Source: gse62944,0.937037,0.822247,0.962487
SLC16A2,0.000000,0.000000,Source: gse62944,0.937037,0.822247,0.962487
LAMB4,0.000000,0.000000,Source: gse62944,0.937037,0.822247,0.962487
EHD1,0.000000,0.000000,Source: gse62944,0.937037,0.822247,0.962487
BTBD2,0.000000,0.000000,Source: gse62944,0.937037,0.822247,0.962487
CPA4,0.000000,0.000000,Source: gse62944,0.937037,0.822247,0.962487
BNC1,0.000000,0.000000,Source: gse62944,0.937037,0.822247,0.962487
MET,0.000000,0.000000,Source: gse62944,0.937037,0.822247,0.962487
GNB3,0.000000,0.000000,Source: gse62944,0.937037,0.822247,0.962487
PTCRA,0.000000,0.000000,Source: gse62944,0.937037,0.822247,0.962487
RUNX1,0.000000,0.000000,Source: gse62944,0.937037,0.822247,0.962487
TBC1D9B,0.000000,0.000000,Source: gse62944,0.937037,0.822247,0.962487
FARP2,0.000000,0.000000,Source: gse62944,0.937037,0.822247,0.962487
LOX,0.000000,0.000000,Source: gse62944,0.937037,0.822247,0.962487
MSRB2,0.000000,0.000000,Source: gse62944,0.937037,0.822247,0.962487
GPI,0.000000,0.000000,Source: gse62944,0.937037,0.822247,0.962487
CDH7,0.000000,0.000000,Source: gse62944,0.937037,0.822247,0.962487
NUP54,0.000000,0.000000,Source: gse62944,0.937037,0.822247,0.962487
FCGR3B,0.000000,0.000000,Source: gse62944,0.937037,0.822247,0.962487
COMMD8,0.000000,0.000000,Source: gse62944,0.937037,0.822247,0.962487
NCBP2,0.000000,0.000000,Source: gse62944,0.937037,0.822247,0.962487
LYPLA1,0.000000,0.000000,Source: gse62944,0.937037,0.822247,0.962487
IQCC,0.000000,0.000000,Source: gse62944,0.937037,0.822247,0.962487
FMOD,0.000000,0.000000,Source: gse62944,0.937037,0.822247,0.962487
APOB,0.000000,0.000000,Source: gse62944,0.937037,0.822247,0.962487
ACSM1,0.000000,0.000000,Source: gse62944,0.937037,0.822247,0.962487
PANX1,0.000000,0.000000,Source: gse62944,0.937037,0.822247,0.962487
ACSL1,0.000000,0.000000,Source: gse62944,0.937037,0.822247,0.962487
CST5,0.000000,0.000000,Source: gse62944,0.937037,0.822247,0.962487
TAS2R14,0.000000,0.000000,Source: gse62944,0.937037,0.822247,0.962487
FOXE1,0.000000,0.000000,Source: gse62944,0.937037,0.822247,0.962487
MGAT4A,0.000000,0.000000,Source: gse62944,0.937037,0.822247,0.962487
ZNF692,0.000000,0.000000,Source: gse62944,0.937037,0.822247,0.962487
TTC22,0.000000,0.000000,Source: gse62944,0.937037,0.822247,0.962487
ITM2C,0.000000,0.000000,Source: gse62944,0.937037,0.822247,0.962487
SLC25A5,0.000000,0.000000,Source: gse62944,0.937037,0.822247,0.962487
PARP8,0.000000,0.000000,Source: gse62944,0.937037,0.822247,0.962487
ELK4,0.000000,0.000000,Source: gse62944,0.937037,0.822247,0.962487
NLRP1,0.000000,0.000000,Source: gse62944,0.937037,0.822247,0.962487
UNKL,0.000000,0.000000,Source: gse62944,0.937037,0.822247,0.962487
GFRA3,0.000000,0.000000,Source: gse62944,0.937037,0.822247,0.962487
AP4S1,0.000000,0.000000,Source: gse62944,0.937037,0.822247,0.962487
WDR46,0.000000,0.000000,Source: gse62944,0.937037,0.822247,0.962487
ATP6V1D,0.000000,0.000000,Source: gse62944,0.937037,0.822247,0.962487
BET1L,0.000000,0.000000,Source: gse62944,0.937037,0.822247,0.962487
SNRPD3,0.000000,0.000000,Source: gse62944,0.937037,0.822247,0.962487
SYT1,0.000000,0.000000,Source: gse62944,0.937037,0.822247,0.962487
CYCS,0.000000,0.000000,Source: gse62944,0.937037,0.822247,0.962487
GABBR2,0.000000,0.000000,Source: gse62944,0.937037,0.822247,0.962487
MED14,0.000000,0.000000,Source: gse62944,0.937037,0.822247,0.962487
SNCA,0.000000,0.000000,Source: gse62944,0.937037,0.822247,0.962487
STOML2,0.000000,0.000000,Source: gse62944,0.937037,0.822247,0.962487
TMPRSS4,0.000000,0.000000,Source: gse62944,0.937037,0.822247,0.962487
MRPL16,0.000000,0.000000,Source: gse62944,0.937037,0.822247,0.962487
RGS13,0.000000,0.000000,Source: gse62944,0.937037,0.822247,0.962487
PCCA,0.000000,0.000000,Source: gse62944,0.937037,0.822247,0.962487
GOLM1,0.000000,0.000000,Source: gse62944,0.937037,0.822247,0.962487
SCPEP1,0.000000,0.000000,Source: gse62944,0.937037,0.822247,0.962487
FAM162A,0.000000,0.000000,Source: gse62944,0.937037,0.822247,0.962487
SLC20A2,0.000000,0.000000,Source: gse62944,0.937037,0.822247,0.962487
MYH9,0.000000,0.000000,Source: gse62944,0.937037,0.822247,0.962487
CCR9,0.000000,0.000000,Source: gse62944,0.937037,0.822247,0.962487
SLCO2B1,0.000000,0.000000,Source: gse62944,0.937037,0.822247,0.962487
PENK,0.000000,0.000000,Source: gse62944,0.937037,0.822247,0.962487
CHP2,0.000000,0.000000,Source: gse62944,0.937037,0.822247,0.962487
TTLL12,0.000000,0.000000,Source: gse62944,0.937037,0.822247,0.962487
TMF1,0.000000,0.000000,Source: gse62944,0.937037,0.822247,0.962487
SLC35F5,0.000000,0.000000,Source: gse62944,0.937037,0.822247,0.962487
AKAP8,0.000000,0.000000,Source: gse62944,0.937037,0.822247,0.962487
KCNQ4,0.000000,0.000000,Source: gse62944,0.937037,0.822247,0.962487
ABCC5,0.000000,0.000000,Source: gse62944,0.937037,0.822247,0.962487
OGT,0.000000,0.000000,Source: gse62944,0.937037,0.822247,0.962487
FBXO42,0.000000,0.000000,Source: gse62944,0.937037,0.822247,0.962487
ZNF292,0.000000,0.000000,Source: gse62944,0.937037,0.822247,0.962487
CD99,0.000000,0.000000,Source: gse62944,0.937037,0.822247,0.962487
CYP3A7,0.000000,0.000000,Source: gse62944,0.937037,0.822247,0.962487
RARRES2,0.000000,0.000000,Source: gse62944,0.937037,0.822247,0.962487
ZC3H11A,0.000000,0.000000,Source: gse62944,0.937037,0.822247,0.962487
HOXB8,0.000000,0.000000,Source: gse62944,0.937037,0.822247,0.962487
RLF,0.000000,0.000000,Source: gse62944,0.937037,0.822247,0.962487
FETUB,0.000000,0.000000,Source: gse62944,0.937037,0.822247,0.962487
LAP3,0.000000,0.000000,Source: gse62944,0.937037,0.822247,0.962487
ITSN1,0.000000,0.000000,Source: gse62944,0.937037,0.822247,0.962487
CHCHD3,0.000000,0.000000,Source: gse62944,0.937037,0.822247,0.962487
SPTB,0.000000,0.000000,Source: gse62944,0.937037,0.822247,0.962487
SKAP1,0.000000,0.000000,Source: gse62944,0.937037,0.822247,0.962487
RAD23B,0.000000,0.000000,Source: gse62944,0.937037,0.822247,0.962487
MAGEA4,0.000000,0.000000,Source: gse62944,0.937037,0.822247,0.962487
KLC1,0.000000,0.000000,Source: gse62944,0.937037,0.822247,0.962487
FSHB,0.000000,0.000000,Source: gse62944,0.937037,0.822247,0.962487
PLK4,0.000000,0.000000,Source: gse62944,0.937037,0.822247,0.962487
CDC42EP1,0.000000,0.000000,Source: gse62944,0.937037,0.822247,0.962487
INCENP,0.000000,0.000000,Source: gse62944,0.937037,0.822247,0.962487
DENND5A,0.000000,0.000000,Source: gse62944,0.937037,0.822247,0.962487
SON,0.000000,0.000000,Source: gse62944,0.937037,0.822247,0.962487
PCSK1N,0.000000,0.000000,Source: gse62944,0.937037,0.822247,0.962487
MYO1C,0.000000,0.000000,Source: gse62944,0.937037,0.822247,0.962487
GRIN2C,0.000000,0.000000,Source: gse62944,0.937037,0.822247,0.962487
HEXA,0.000000,0.000000,Source: gse62944,0.937037,0.822247,0.962487
CCDC85B,0.000000,0.000000,Source: gse62944,0.937037,0.822247,0.962487
EP300,0.000000,0.000000,Source: gse62944,0.937037,0.822247,0.962487
TUFT1,0.000000,0.000000,Source: gse62944,0.937037,0.822247,0.962487
HCP5,0.000000,0.000000,Source: gse62944,0.937037,0.822247,0.962487
SENP3,0.000000,0.000000,Source: gse62944,0.937037,0.822247,0.962487
AGTR1,0.000000,0.000000,Source: gse62944,0.937037,0.822247,0.962487
SLC35A1,0.000000,0.000000,Source: gse62944,0.937037,0.822247,0.962487
PDSS1,0.000000,0.000000,Source: gse62944,0.937037,0.822247,0.962487
SLC26A2,0.000000,0.000000,Source: gse62944,0.937037,0.822247,0.962487
ITK,0.000000,0.000000,Source: gse62944,0.937037,0.822247,0.962487
PPM1E,0.000000,0.000000,Source: gse62944,0.937037,0.822247,0.962487
LGALS14,0.000000,0.000000,Source: gse62944,0.937037,0.822247,0.962487
TRIP13,0.000000,0.000000,Source: gse62944,0.937037,0.822247,0.962487
FER,0.000000,0.000000,Source: gse62944,0.937037,0.822247,0.962487
SGSM2,0.000000,0.000000,Source: gse62944,0.937037,0.822247,0.962487
MED24,0.000000,0.000000,Source: gse62944,0.937037,0.822247,0.962487
PSMG1,0.000000,0.000000,Source: gse62944,0.937037,0.822247,0.962487
ESYT1,0.000000,0.000000,Source: gse62944,0.937037,0.822247,0.962487
CCIN,0.000000,0.000000,Source: gse62944,0.937037,0.822247,0.962487
HAL,0.000000,0.000000,Source: gse62944,0.937037,0.822247,0.962487
MNAT1,0.000000,0.000000,Source: gse62944,0.937037,0.822247,0.962487
FSCN3,0.000000,0.000000,Source: gse62944,0.937037,0.822247,0.962487
RGSL1,0.000000,0.000000,Source: gse62944,0.937037,0.822247,0.962487
KLHL4,0.000000,0.000000,Source: gse62944,0.937037,0.822247,0.962487
SLC17A3,0.000000,0.000000,Source: gse62944,0.937037,0.822247,0.962487
SOSTDC1,0.000000,0.000000,Source: gse62944,0.937037,0.822247,0.962487
COL19A1,0.000000,0.000000,Source: gse62944,0.937037,0.822247,0.962487
RGL1,0.000000,0.000000,Source: gse62944,0.937037,0.822247,0.962487
ARFIP1,0.000000,0.000000,Source: gse62944,0.937037,0.822247,0.962487
IFFO1,0.000000,0.000000,Source: gse62944,0.937037,0.822247,0.962487
ADAM22,0.000000,0.000000,Source: gse62944,0.937037,0.822247,0.962487
STK25,0.000000,0.000000,Source: gse62944,0.937037,0.822247,0.962487
AMHR2,0.000000,0.000000,Source: gse62944,0.937037,0.822247,0.962487
SYT5,0.000000,0.000000,Source: gse62944,0.937037,0.822247,0.962487
PLA2G1B,0.000000,0.000000,Source: gse62944,0.937037,0.822247,0.962487
ATP1A2,0.000000,0.000000,Source: gse62944,0.937037,0.822247,0.962487
PLAC4,0.000000,0.000000,Source: gse62944,0.937037,0.822247,0.962487
MAFB,0.000000,0.000000,Source: gse62944,0.937037,0.822247,0.962487
USP33,0.000000,0.000000,Source: gse62944,0.937037,0.822247,0.962487
MADCAM1,0.000000,0.000000,Source: gse62944,0.937037,0.822247,0.962487
SEMG1,0.000000,0.000000,Source: gse62944,0.937037,0.822247,0.962487
COPB1,0.000000,0.000000,Source: gse62944,0.937037,0.822247,0.962487
MCL1,0.000000,0.000000,Source: gse62944,0.937037,0.822247,0.962487
CORO1A,0.000000,0.000000,Source: gse62944,0.937037,0.822247,0.962487
EIF2AK3,0.000000,0.000000,Source: gse62944,0.937037,0.822247,0.962487
GDI2,0.000000,0.000000,Source: gse62944,0.937037,0.822247,0.962487
TLX3,0.000000,0.000000,Source: gse62944,0.937037,0.822247,0.962487
ROM1,0.000000,0.000000,Source: gse62944,0.937037,0.822247,0.962487
GOLGA5,0.000000,0.000000,Source: gse62944,0.937037,0.822247,0.962487
BTF3P11,0.000000,0.000000,Source: gse62944,0.937037,0.822247,0.962487
NEK7,0.000000,0.000000,Source: gse62944,0.937037,0.822247,0.962487
AMOT,0.000000,0.000000,Source: gse62944,0.937037,0.822247,0.962487
PHKB,0.000000,0.000000,Source: gse62944,0.937037,0.822247,0.962487
SLC13A1,0.000000,0.000000,Source: gse62944,0.937037,0.822247,0.962487
SLC19A3,0.000000,0.000000,Source: gse62944,0.937037,0.822247,0.962487
DDX39A,0.000000,0.000000,Source: gse62944,0.937037,0.822247,0.962487
CHD8,0.000000,0.000000,Source: gse62944,0.937037,0.822247,0.962487
SLC25A24,0.000000,0.000000,Source: gse62944,0.937037,0.822247,0.962487
TTPAL,0.000000,0.000000,Source: gse62944,0.937037,0.822247,0.962487
ADAM12,0.000000,0.000000,Source: gse62944,0.937037,0.822247,0.962487
FUBP3,0.000000,0.000000,Source: gse62944,0.937037,0.822247,0.962487
TNFRSF8,0.000000,0.000000,Source: gse62944,0.937037,0.822247,0.962487
CENPT,0.000000,0.000000,Source: gse62944,0.937037,0.822247,0.962487
CD37,0.000000,0.000000,Source: gse62944,0.937037,0.822247,0.962487
CKB,0.000000,0.000000,Source: gse62944,0.937037,0.822247,0.962487
FAT2,0.000000,0.000000,Source: gse62944,0.937037,0.822247,0.962487
HDAC3,0.000000,0.000000,Source: gse62944,0.937037,0.822247,0.962487
MAGEB3,0.000000,0.000000,Source: gse62944,0.937037,0.822247,0.962487
RUNX1T1,0.000000,0.000000,Source: gse62944,0.937037,0.822247,0.962487
CYTH4,0.000000,0.000000,Source: gse62944,0.937037,0.822247,0.962487
IRS2,0.000000,0.000000,Source: gse62944,0.937037,0.822247,0.962487
ACACB,0.000000,0.000000,Source: gse62944,0.937037,0.822247,0.962487
NOC4L,0.000000,0.000000,Source: gse62944,0.937037,0.822247,0.962487
SMG8,0.000000,0.000000,Source: gse62944,0.937037,0.822247,0.962487
CIB1,0.000000,0.000000,Source: gse62944,0.937037,0.822247,0.962487
STC1,0.000000,0.000000,Source: gse62944,0.937037,0.822247,0.962487
PODXL2,0.000000,0.000000,Source: gse62944,0.937037,0.822247,0.962487
TMPRSS11D,0.000000,0.000000,Source: gse62944,0.937037,0.822247,0.962487
EIF4G2,0.000000,0.000000,Source: gse62944,0.937037,0.822247,0.962487
CDH12,0.000000,0.000000,Source: gse62944,0.937037,0.822247,0.962487
ELAC2,0.000000,0.000000,Source: gse62944,0.937037,0.822247,0.962487
PPP1R7,0.000000,0.000000,Source: gse62944,0.937037,0.822247,0.962487
PUS7L,0.000000,0.000000,Source: gse62944,0.937037,0.822247,0.962487
UFSP2,0.000000,0.000000,Source: gse62944,0.937037,0.822247,0.962487
RPUSD2,0.000000,0.000000,Source: gse62944,0.937037,0.822247,0.962487
STX6,0.000000,0.000000,Source: gse62944,0.937037,0.822247,0.962487
NDUFS8,0.000000,0.000000,Source: gse62944,0.937037,0.822247,0.962487
DDN,0.000000,0.000000,Source: gse62944,0.937037,0.822247,0.962487
MYBBP1A,0.000000,0.000000,Source: gse62944,0.937037,0.822247,0.962487
CREB3L2,0.000000,0.000000,Source: gse62944,0.937037,0.822247,0.962487
MRPS22,0.000000,0.000000,Source: gse62944,0.937037,0.822247,0.962487
IRF2,0.000000,0.000000,Source: gse62944,0.937037,0.822247,0.962487
CRISP3,0.000000,0.000000,Source: gse62944,0.937037,0.822247,0.962487
PIEZO2,0.000000,0.000000,Source: gse62944,0.937037,0.822247,0.962487
ETFDH,0.000000,0.000000,Source: gse62944,0.937037,0.822247,0.962487
PLD1,0.000000,0.000000,Source: gse62944,0.937037,0.822247,0.962487
SCRG1,0.000000,0.000000,Source: gse62944,0.937037,0.822247,0.962487
SLC7A9,0.000000,0.000000,Source: gse62944,0.937037,0.822247,0.962487
TACR3,0.000000,0.000000,Source: gse62944,0.937037,0.822247,0.962487
RPS6KB1,0.000000,0.000000,Source: gse62944,0.937037,0.822247,0.962487
FZD4,0.000000,0.000000,Source: gse62944,0.937037,0.822247,0.962487
DLAT,0.000000,0.000000,Source: gse62944,0.937037,0.822247,0.962487
CAPRIN1,0.000000,0.000000,Source: gse62944,0.937037,0.822247,0.962487
INHBC,0.000000,0.000000,Source: gse62944,0.937037,0.822247,0.962487
SGCE,0.000000,0.000000,Source: gse62944,0.937037,0.822247,0.962487
TMBIM6,0.000000,0.000000,Source: gse62944,0.937037,0.822247,0.962487
TNPO2,0.000000,0.000000,Source: gse62944,0.937037,0.822247,0.962487
TESK2,0.000000,0.000000,Source: gse62944,0.937037,0.822247,0.962487
SEC24D,0.000000,0.000000,Source: gse62944,0.937037,0.822247,0.962487
OR1F1,0.000000,0.000000,Source: gse62944,0.937037,0.822247,0.962487
WDR3,0.000000,0.000000,Source: gse62944,0.937037,0.822247,0.962487
CTDP1,0.000000,0.000000,Source: gse62944,0.937037,0.822247,0.962487
SSNA1,0.000000,0.000000,Source: gse62944,0.937037,0.822247,0.962487
SIGLEC1,0.000000,0.000000,Source: gse62944,0.937037,0.822247,0.962487
CPSF6,0.000000,0.000000,Source: gse62944,0.937037,0.822247,0.962487
ANXA7,0.000000,0.000000,Source: gse62944,0.937037,0.822247,0.962487
REN,0.000000,0.000000,Source: gse62944,0.937037,0.822247,0.962487
RBFOX2,0.000000,0.000000,Source: gse62944,0.937037,0.822247,0.962487
CPN1,0.000000,0.000000,Source: gse62944,0.937037,0.822247,0.962487
CRHR2,0.000000,0.000000,Source: gse62944,0.937037,0.822247,0.962487
CRKL,0.000000,0.000000,Source: gse62944,0.937037,0.822247,0.962487
ESR2,0.000000,0.000000,Source: gse62944,0.937037,0.822247,0.962487
PCGF2,0.000000,0.000000,Source: gse62944,0.937037,0.822247,0.962487
PER1,0.000000,0.000000,Source: gse62944,0.937037,0.822247,0.962487
FSCN1,0.000000,0.000000,Source: gse62944,0.937037,0.822247,0.962487
ATP2A2,0.000000,0.000000,Source: gse62944,0.937037,0.822247,0.962487
CSTF1,0.000000,0.000000,Source: gse62944,0.937037,0.822247,0.962487
PHF20L1,0.000000,0.000000,Source: gse62944,0.937037,0.822247,0.962487
KALRN,0.000000,0.000000,Source: gse62944,0.937037,0.822247,0.962487
GCFC2,0.000000,0.000000,Source: gse62944,0.937037,0.822247,0.962487
ALDH4A1,0.000000,0.000000,Source: gse62944,0.937037,0.822247,0.962487
AGTPBP1,0.000000,0.000000,Source: gse62944,0.937037,0.822247,0.962487
UBE3A,0.000000,0.000000,Source: gse62944,0.937037,0.822247,0.962487
MYBPC2,0.000000,0.000000,Source: gse62944,0.937037,0.822247,0.962487
PEX5,0.000000,0.000000,Source: gse62944,0.937037,0.822247,0.962487
GALT,0.000000,0.000000,Source: gse62944,0.937037,0.822247,0.962487
REEP1,0.000000,0.000000,Source: gse62944,0.937037,0.822247,0.962487
NR5A2,0.000000,0.000000,Source: gse62944,0.937037,0.822247,0.962487
TRIM9,0.000000,0.000000,Source: gse62944,0.937037,0.822247,0.962487
WDR55,0.000000,0.000000,Source: gse62944,0.937037,0.822247,0.962487
CUL7,0.000000,0.000000,Source: gse62944,0.937037,0.822247,0.962487
RUSC2,0.000000,0.000000,Source: gse62944,0.937037,0.822247,0.962487
CRX,0.000000,0.000000,Source: gse62944,0.937037,0.822247,0.962487
FBXO9,0.000000,0.000000,Source: gse62944,0.937037,0.822247,0.962487
ATM,0.000000,0.000000,Source: gse62944,0.937037,0.822247,0.962487
PCSK5,0.000000,0.000000,Source: gse62944,0.937037,0.822247,0.962487
BCKDHA,0.000000,0.000000,Source: gse62944,0.937037,0.822247,0.962487
AHDC1,0.000000,0.000000,Source: gse62944,0.937037,0.822247,0.962487
WDR1,0.000000,0.000000,Source: gse62944,0.937037,0.822247,0.962487
COL4A3,0.000000,0.000000,Source: gse62944,0.937037,0.822247,0.962487
UBR2,0.000000,0.000000,Source: gse62944,0.937037,0.822247,0.962487
SH3GLB2,0.000000,0.000000,Source: gse62944,0.937037,0.822247,0.962487
IFRD1,0.000000,0.000000,Source: gse62944,0.937037,0.822247,0.962487
TCF25,0.000000,0.000000,Source: gse62944,0.937037,0.822247,0.962487
TBC1D8,0.000000,0.000000,Source: gse62944,0.937037,0.822247,0.962487
KIF3C,0.000000,0.000000,Source: gse62944,0.937037,0.822247,0.962487
PBX3,0.000000,0.000000,Source: gse62944,0.937037,0.822247,0.962487
NF1,0.000000,0.000000,Source: gse62944,0.937037,0.822247,0.962487
ZNF324B,0.000000,0.000000,Source: gse62944,0.937037,0.822247,0.962487
LARP7,0.000000,0.000000,Source: gse62944,0.937037,0.822247,0.962487
SNTA1,0.000000,0.000000,Source: gse62944,0.937037,0.822247,0.962487
MYO15B,0.000000,0.000000,Source: gse62944,0.937037,0.822247,0.962487
CYP4F11,0.000000,0.000000,Source: gse62944,0.937037,0.822247,0.962487
COX15,0.000000,0.000000,Source: gse62944,0.937037,0.822247,0.962487
SEMA4G,0.000000,0.000000,Source: gse62944,0.937037,0.822247,0.962487
GNAS,0.000000,0.000000,Source: gse62944,0.937037,0.822247,0.962487
GNAL,0.000000,0.000000,Source: gse62944,0.937037,0.822247,0.962487
GOT2,0.000000,0.000000,Source: gse62944,0.937037,0.822247,0.962487
MCOLN3,0.000000,0.000000,Source: gse62944,0.937037,0.822247,0.962487
TACC2,0.000000,0.000000,Source: gse62944,0.937037,0.822247,0.962487
ZNF711,0.000000,0.000000,Source: gse62944,0.937037,0.822247,0.962487
RNASEH1,0.000000,0.000000,Source: gse62944,0.937037,0.822247,0.962487
BPHL,0.000000,0.000000,Source: gse62944,0.937037,0.822247,0.962487
GOLGA7,0.000000,0.000000,Source: gse62944,0.937037,0.822247,0.962487
GSN,0.000000,0.000000,Source: gse62944,0.937037,0.822247,0.962487
SETD2,0.000000,0.000000,Source: gse62944,0.937037,0.822247,0.962487
TNMD,0.000000,0.000000,Source: gse62944,0.937037,0.822247,0.962487
DNAJA1,0.000000,0.000000,Source: gse62944,0.937037,0.822247,0.962487
ZNF81,0.000000,0.000000,Source: gse62944,0.937037,0.822247,0.962487
NFKBIA,0.000000,0.000000,Source: gse62944,0.937037,0.822247,0.962487
TNFRSF11A,0.000000,0.000000,Source: gse62944,0.937037,0.822247,0.962487
TNFSF10,0.000000,0.000000,Source: gse62944,0.937037,0.822247,0.962487
BCL7C,0.000000,0.000000,Source: gse62944,0.937037,0.822247,0.962487
ZNF593,0.000000,0.000000,Source: gse62944,0.937037,0.822247,0.962487
TAT,0.000000,0.000000,Source: gse62944,0.937037,0.822247,0.962487
RSAD1,0.000000,0.000000,Source: gse62944,0.937037,0.822247,0.962487
PTPN1,0.000000,0.000000,Source: gse62944,0.937037,0.822247,0.962487
HARS2,0.000000,0.000000,Source: gse62944,0.937037,0.822247,0.962487
NCR2,0.000000,0.000000,Source: gse62944,0.937037,0.822247,0.962487
CALB1,0.000000,0.000000,Source: gse62944,0.937037,0.822247,0.962487
SUMO4,0.000000,0.000000,Source: gse62944,0.937037,0.822247,0.962487
NDUFA6,0.000000,0.000000,Source: gse62944,0.937037,0.822247,0.962487
SNRNP70,0.000000,0.000000,Source: gse62944,0.937037,0.822247,0.962487
XCL1,0.000000,0.000000,Source: gse62944,0.937037,0.822247,0.962487
WDR47,0.000000,0.000000,Source: gse62944,0.937037,0.822247,0.962487
SSPN,0.000000,0.000000,Source: gse62944,0.937037,0.822247,0.962487
PNMT,0.000000,0.000000,Source: gse62944,0.937037,0.822247,0.962487
TMC7,0.000000,0.000000,Source: gse62944,0.937037,0.822247,0.962487
ASAH1,0.000000,0.000000,Source: gse62944,0.937037,0.822247,0.962487
ALKBH4,0.000000,0.000000,Source: gse62944,0.937037,0.822247,0.962487
EPHB6,0.000000,0.000000,Source: gse62944,0.937037,0.822247,0.962487
PPP3CB,0.000000,0.000000,Source: gse62944,0.937037,0.822247,0.962487
MEOX1,0.000000,0.000000,Source: gse62944,0.937037,0.822247,0.962487
TBX21,0.000000,0.000000,Source: gse62944,0.937037,0.822247,0.962487
PLEKHO2,0.000000,0.000000,Source: gse62944,0.937037,0.822247,0.962487
CCL17,0.000000,0.000000,Source: gse62944,0.937037,0.822247,0.962487
MFAP4,0.000000,0.000000,Source: gse62944,0.937037,0.822247,0.962487
SPINK2,0.000000,0.000000,Source: gse62944,0.937037,0.822247,0.962487
MFSD11,0.000000,0.000000,Source: gse62944,0.937037,0.822247,0.962487
ATG12,0.000000,0.000000,Source: gse62944,0.937037,0.822247,0.962487
PNN,0.000000,0.000000,Source: gse62944,0.937037,0.822247,0.962487
RAE1,0.000000,0.000000,Source: gse62944,0.937037,0.822247,0.962487
CACNA1S,0.000000,0.000000,Source: gse62944,0.937037,0.822247,0.962487
NDUFAF1,0.000000,0.000000,Source: gse62944,0.937037,0.822247,0.962487
USP34,0.000000,0.000000,Source: gse62944,0.937037,0.822247,0.962487
HOXB7,0.000000,0.000000,Source: gse62944,0.937037,0.822247,0.962487
PGK1,0.000000,0.000000,Source: gse62944,0.937037,0.822247,0.962487
PSMD8,0.000000,0.000000,Source: gse62944,0.937037,0.822247,0.962487
NR6A1,0.000000,0.000000,Source: gse62944,0.937037,0.822247,0.962487
SLC8A2,0.000000,0.000000,Source: gse62944,0.937037,0.822247,0.962487
AVPR1B,0.000000,0.000000,Source: gse62944,0.937037,0.822247,0.962487
SCN2B,0.000000,0.000000,Source: gse62944,0.937037,0.822247,0.962487
SS18L1,0.000000,0.000000,Source: gse62944,0.937037,0.822247,0.962487
NCDN,0.000000,0.000000,Source: gse62944,0.937037,0.822247,0.962487
CD3D,0.000000,0.000000,Source: gse62944,0.937037,0.822247,0.962487
CTAGE1,0.000000,0.000000,Source: gse62944,0.937037,0.822247,0.962487
PTPRF,0.000000,0.000000,Source: gse62944,0.937037,0.822247,0.962487
C1D,0.000000,0.000000,Source: gse62944,0.937037,0.822247,0.962487
PANK4,0.000000,0.000000,Source: gse62944,0.937037,0.822247,0.962487
ARL17B,0.000000,0.000000,Source: gse62944,0.937037,0.822247,0.962487
CD163,0.000000,0.000000,Source: gse62944,0.937037,0.822247,0.962487
PDCD11,0.000000,0.000000,Source: gse62944,0.937037,0.822247,0.962487
PLCH2,0.000000,0.000000,Source: gse62944,0.937037,0.822247,0.962487
RALGAPB,0.000000,0.000000,Source: gse62944,0.937037,0.822247,0.962487
CBX4,0.000000,0.000000,Source: gse62944,0.937037,0.822247,0.962487
CALB2,0.000000,0.000000,Source: gse62944,0.937037,0.822247,0.962487
IK,0.000000,0.000000,Source: gse62944,0.937037,0.822247,0.962487
LIPA,0.000000,0.000000,Source: gse62944,0.937037,0.822247,0.962487
SLC11A1,0.000000,0.000000,Source: gse62944,0.937037,0.822247,0.962487
BHLHE41,0.000000,0.000000,Source: gse62944,0.937037,0.822247,0.962487
GABBR1,0.000000,0.000000,Source: gse62944,0.937037,0.822247,0.962487
PPIL2,0.000000,0.000000,Source: gse62944,0.937037,0.822247,0.962487
ID3,0.000000,0.000000,Source: gse62944,0.937037,0.822247,0.962487
TOPBP1,0.000000,0.000000,Source: gse62944,0.937037,0.822247,0.962487
PFKP,0.000000,0.000000,Source: gse62944,0.937037,0.822247,0.962487
GDPD5,0.000000,0.000000,Source: gse62944,0.937037,0.822247,0.962487
HMGA2,0.000000,0.000000,Source: gse62944,0.937037,0.822247,0.962487
AGA,0.000000,0.000000,Source: gse62944,0.937037,0.822247,0.962487
CDR2L,0.000000,0.000000,Source: gse62944,0.937037,0.822247,0.962487
ATP6V1C1,0.000000,0.000000,Source: gse62944,0.937037,0.822247,0.962487
FBXO46,0.000000,0.000000,Source: gse62944,0.937037,0.822247,0.962487
CD33,0.000000,0.000000,Source: gse62944,0.937037,0.822247,0.962487
OSBPL11,0.000000,0.000000,Source: gse62944,0.937037,0.822247,0.962487
DEFB126,0.000000,0.000000,Source: gse62944,0.937037,0.822247,0.962487
MNDA,0.000000,0.000000,Source: gse62944,0.937037,0.822247,0.962487
PRG3,0.000000,0.000000,Source: gse62944,0.937037,0.822247,0.962487
PLEKHG3,0.000000,0.000000,Source: gse62944,0.937037,0.822247,0.962487
DTYMK,0.000000,0.000000,Source: gse62944,0.937037,0.822247,0.962487
KLF1,0.000000,0.000000,Source: gse62944,0.937037,0.822247,0.962487
RFC4,0.000000,0.000000,Source: gse62944,0.937037,0.822247,0.962487
FOXD1,0.000000,0.000000,Source: gse62944,0.937037,0.822247,0.962487
ANXA2P2,0.000000,0.000000,Source: gse62944,0.937037,0.822247,0.962487
CDK20,0.000000,0.000000,Source: gse62944,0.937037,0.822247,0.962487
HYAL4,0.000000,0.000000,Source: gse62944,0.937037,0.822247,0.962487
NECAP1,0.000000,0.000000,Source: gse62944,0.937037,0.822247,0.962487
DOT1L,0.000000,0.000000,Source: gse62944,0.937037,0.822247,0.962487
CES1P1,0.000000,0.000000,Source: gse62944,0.937037,0.822247,0.962487
AQP5,0.000000,0.000000,Source: gse62944,0.937037,0.822247,0.962487
TM7SF3,0.000000,0.000000,Source: gse62944,0.937037,0.822247,0.962487
GGA3,0.000000,0.000000,Source: gse62944,0.937037,0.822247,0.962487
ARHGAP35,0.000000,0.000000,Source: gse62944,0.937037,0.822247,0.962487
SFI1,0.000000,0.000000,Source: gse62944,0.937037,0.822247,0.962487
ATRX,0.000000,0.000000,Source: gse62944,0.937037,0.822247,0.962487
CELA3A,0.000000,0.000000,Source: gse62944,0.937037,0.822247,0.962487
NBR1,0.000000,0.000000,Source: gse62944,0.937037,0.822247,0.962487
PAQR6,0.000000,0.000000,Source: gse62944,0.937037,0.822247,0.962487
PGBD5,0.000000,0.000000,Source: gse62944,0.937037,0.822247,0.962487
SRRM2,0.000000,0.000000,Source: gse62944,0.937037,0.822247,0.962487
KIF3A,0.000000,0.000000,Source: gse62944,0.937037,0.822247,0.962487
CAPN7,0.000000,0.000000,Source: gse62944,0.937037,0.822247,0.962487
ZNF263,0.000000,0.000000,Source: gse62944,0.937037,0.822247,0.962487
CTDSP1,0.000000,0.000000,Source: gse62944,0.937037,0.822247,0.962487
MFAP3L,0.000000,0.000000,Source: gse62944,0.937037,0.822247,0.962487
PCYT1A,0.000000,0.000000,Source: gse62944,0.937037,0.822247,0.962487
MED13L,0.000000,0.000000,Source: gse62944,0.937037,0.822247,0.962487
CFHR2,0.000000,0.000000,Source: gse62944,0.937037,0.822247,0.962487
SLC35E1,0.000000,0.000000,Source: gse62944,0.937037,0.822247,0.962487
FEZ2,0.000000,0.000000,Source: gse62944,0.937037,0.822247,0.962487
ADAM17,0.000000,0.000000,Source: gse62944,0.937037,0.822247,0.962487
PSMB9,0.000000,0.000000,Source: gse62944,0.937037,0.822247,0.962487
HCFC2,0.000000,0.000000,Source: gse62944,0.937037,0.822247,0.962487
CCR10,0.000000,0.000000,Source: gse62944,0.937037,0.822247,0.962487
ERCC4,0.000000,0.000000,Source: gse62944,0.937037,0.822247,0.962487
SPRR1A,0.000000,0.000000,Source: gse62944,0.937037,0.822247,0.962487
MICU1,0.000000,0.000000,Source: gse62944,0.937037,0.822247,0.962487
CNPPD1,0.000000,0.000000,Source: gse62944,0.937037,0.822247,0.962487
MUS81,0.000000,0.000000,Source: gse62944,0.937037,0.822247,0.962487
ZNF280A,0.000000,0.000000,Source: gse62944,0.937037,0.822247,0.962487
HMBS,0.000000,0.000000,Source: gse62944,0.937037,0.822247,0.962487
LHPP,0.000000,0.000000,Source: gse62944,0.937037,0.822247,0.962487
DMTF1,0.000000,0.000000,Source: gse62944,0.937037,0.822247,0.962487
SERINC1,0.000000,0.000000,Source: gse62944,0.937037,0.822247,0.962487
RASIP1,0.000000,0.000000,Source: gse62944,0.937037,0.822247,0.962487
GNG7,0.000000,0.000000,Source: gse62944,0.937037,0.822247,0.962487
POU1F1,0.000000,0.000000,Source: gse62944,0.937037,0.822247,0.962487
KBTBD4,0.000000,0.000000,Source: gse62944,0.937037,0.822247,0.962487
SASH1,0.000000,0.000000,Source: gse62944,0.937037,0.822247,0.962487
HSD17B4,0.000000,0.000000,Source: gse62944,0.937037,0.822247,0.962487
DNAJA3,0.000000,0.000000,Source: gse62944,0.937037,0.822247,0.962487
ARF4,0.000000,0.000000,Source: gse62944,0.937037,0.822247,0.962487
UEVLD,0.000000,0.000000,Source: gse62944,0.937037,0.822247,0.962487
MOXD1,0.000000,0.000000,Source: gse62944,0.937037,0.822247,0.962487
KLHL26,0.000000,0.000000,Source: gse62944,0.937037,0.822247,0.962487
APC2,0.000000,0.000000,Source: gse62944,0.937037,0.822247,0.962487
CABP1,0.000000,0.000000,Source: gse62944,0.937037,0.822247,0.962487
PGM5,0.000000,0.000000,Source: gse62944,0.937037,0.822247,0.962487
POLR3K,0.000000,0.000000,Source: gse62944,0.937037,0.822247,0.962487
TTC31,0.000000,0.000000,Source: gse62944,0.937037,0.822247,0.962487
NDST3,0.000000,0.000000,Source: gse62944,0.937037,0.822247,0.962487
FUT2,0.000000,0.000000,Source: gse62944,0.937037,0.822247,0.962487
IL12B,0.000000,0.000000,Source: gse62944,0.937037,0.822247,0.962487
NFASC,0.000000,0.000000,Source: gse62944,0.937037,0.822247,0.962487
TMEM106B,0.000000,0.000000,Source: gse62944,0.937037,0.822247,0.962487
TCIRG1,0.000000,0.000000,Source: gse62944,0.937037,0.822247,0.962487
RPL23AP32,0.000000,0.000000,Source: gse62944,0.937037,0.822247,0.962487
POLR3C,0.000000,0.000000,Source: gse62944,0.937037,0.822247,0.962487
VAMP5,0.000000,0.000000,Source: gse62944,0.937037,0.822247,0.962487
GABARAP,0.000000,0.000000,Source: gse62944,0.937037,0.822247,0.962487
RAG1,0.000000,0.000000,Source: gse62944,0.937037,0.822247,0.962487
UBE2I,0.000000,0.000000,Source: gse62944,0.937037,0.822247,0.962487
NSL1,0.000000,0.000000,Source: gse62944,0.937037,0.822247,0.962487
KCNQ1,0.000000,0.000000,Source: gse62944,0.937037,0.822247,0.962487
MUL1,0.000000,0.000000,Source: gse62944,0.937037,0.822247,0.962487
NR2E3,0.000000,0.000000,Source: gse62944,0.937037,0.822247,0.962487
CDC73,0.000000,0.000000,Source: gse62944,0.937037,0.822247,0.962487
CRNKL1,0.000000,0.000000,Source: gse62944,0.937037,0.822247,0.962487
SLC13A3,0.000000,0.000000,Source: gse62944,0.937037,0.822247,0.962487
STXBP2,0.000000,0.000000,Source: gse62944,0.937037,0.822247,0.962487
GLDC,0.000000,0.000000,Source: gse62944,0.937037,0.822247,0.962487
PIWIL2,0.000000,0.000000,Source: gse62944,0.937037,0.822247,0.962487
GABRB1,0.000000,0.000000,Source: gse62944,0.937037,0.822247,0.962487
MCTP1,0.000000,0.000000,Source: gse62944,0.937037,0.822247,0.962487
OR3A2,0.000000,0.000000,Source: gse62944,0.937037,0.822247,0.962487
SDK2,0.000000,0.000000,Source: gse62944,0.937037,0.822247,0.962487
PLXNB1,0.000000,0.000000,Source: gse62944,0.937037,0.822247,0.962487
RAB11A,0.000000,0.000000,Source: gse62944,0.937037,0.822247,0.962487
ZNF212,0.000000,0.000000,Source: gse62944,0.937037,0.822247,0.962487
SPCS3,0.000000,0.000000,Source: gse62944,0.937037,0.822247,0.962487
EXTL1,0.000000,0.000000,Source: gse62944,0.937037,0.822247,0.962487
NUP85,0.000000,0.000000,Source: gse62944,0.937037,0.822247,0.962487
UBE2N,0.000000,0.000000,Source: gse62944,0.937037,0.822247,0.962487
B4GALNT1,0.000000,0.000000,Source: gse62944,0.937037,0.822247,0.962487
EEA1,0.000000,0.000000,Source: gse62944,0.937037,0.822247,0.962487
ERLIN1,0.000000,0.000000,Source: gse62944,0.937037,0.822247,0.962487
RAD9A,0.000000,0.000000,Source: gse62944,0.937037,0.822247,0.962487
SUSD5,0.000000,0.000000,Source: gse62944,0.937037,0.822247,0.962487
IL5,0.000000,0.000000,Source: gse62944,0.937037,0.822247,0.962487
KIR2DS4,0.000000,0.000000,Source: gse62944,0.937037,0.822247,0.962487
MEIS1,0.000000,0.000000,Source: gse62944,0.937037,0.822247,0.962487
ACIN1,0.000000,0.000000,Source: gse62944,0.937037,0.822247,0.962487
RAB25,0.000000,0.000000,Source: gse62944,0.937037,0.822247,0.962487
TNXB,0.000000,0.000000,Source: gse62944,0.937037,0.822247,0.962487
C1orf21,0.000000,0.000000,Source: gse62944,0.937037,0.822247,0.962487
OLFML1,0.000000,0.000000,Source: gse62944,0.937037,0.822247,0.962487
TBX19,0.000000,0.000000,Source: gse62944,0.937037,0.822247,0.962487
GABPB1,0.000000,0.000000,Source: gse62944,0.937037,0.822247,0.962487
HCG9,0.000000,0.000000,Source: gse62944,0.937037,0.822247,0.962487
CHN1,0.000000,0.000000,Source: gse62944,0.937037,0.822247,0.962487
TACR2,0.000000,0.000000,Source: gse62944,0.937037,0.822247,0.962487
USP36,0.000000,0.000000,Source: gse62944,0.937037,0.822247,0.962487
HP1BP3,0.000000,0.000000,Source: gse62944,0.937037,0.822247,0.962487
MPP1,0.000000,0.000000,Source: gse62944,0.937037,0.822247,0.962487
RIMS2,0.000000,0.000000,Source: gse62944,0.937037,0.822247,0.962487
TNIK,0.000000,0.000000,Source: gse62944,0.937037,0.822247,0.962487
EVI5,0.000000,0.000000,Source: gse62944,0.937037,0.822247,0.962487
BDH1,0.000000,0.000000,Source: gse62944,0.937037,0.822247,0.962487
PROX1,0.000000,0.000000,Source: gse62944,0.937037,0.822247,0.962487
SDAD1,0.000000,0.000000,Source: gse62944,0.937037,0.822247,0.962487
IBTK,0.000000,0.000000,Source: gse62944,0.937037,0.822247,0.962487
ZNF136,0.000000,0.000000,Source: gse62944,0.937037,0.822247,0.962487
METTL16,0.000000,0.000000,Source: gse62944,0.937037,0.822247,0.962487
TBCCD1,0.000000,0.000000,Source: gse62944,0.937037,0.822247,0.962487
DEXI,0.000000,0.000000,Source: gse62944,0.937037,0.822247,0.962487
TBL3,0.000000,0.000000,Source: gse62944,0.937037,0.822247,0.962487
CTSA,0.000000,0.000000,Source: gse62944,0.937037,0.822247,0.962487
GDPD3,0.000000,0.000000,Source: gse62944,0.937037,0.822247,0.962487
ID4,0.000000,0.000000,Source: gse62944,0.937037,0.822247,0.962487
PSME4,0.000000,0.000000,Source: gse62944,0.937037,0.822247,0.962487
DERA,0.000000,0.000000,Source: gse62944,0.937037,0.822247,0.962487
PEX16,0.000000,0.000000,Source: gse62944,0.937037,0.822247,0.962487
LY6H,0.000000,0.000000,Source: gse62944,0.937037,0.822247,0.962487
ADPGK,0.000000,0.000000,Source: gse62944,0.937037,0.822247,0.962487
WDR18,0.000000,0.000000,Source: gse62944,0.937037,0.822247,0.962487
ARIH1,0.000000,0.000000,Source: gse62944,0.937037,0.822247,0.962487
ZNF529,0.000000,0.000000,Source: gse62944,0.937037,0.822247,0.962487
NUBP1,0.000000,0.000000,Source: gse62944,0.937037,0.822247,0.962487
ZDHHC14,0.000000,0.000000,Source: gse62944,0.937037,0.822247,0.962487
DPM2,0.000000,0.000000,Source: gse62944,0.937037,0.822247,0.962487
TSPAN6,0.000000,0.000000,Source: gse62944,0.937037,0.822247,0.962487
TRMT1,0.000000,0.000000,Source: gse62944,0.937037,0.822247,0.962487
AEBP1,0.000000,0.000000,Source: gse62944,0.937037,0.822247,0.962487
PTPRO,0.000000,0.000000,Source: gse62944,0.937037,0.822247,0.962487
SKIL,0.000000,0.000000,Source: gse62944,0.937037,0.822247,0.962487
SETD3,0.000000,0.000000,Source: gse62944,0.937037,0.822247,0.962487
IGSF6,0.000000,0.000000,Source: gse62944,0.937037,0.822247,0.962487
DCAF11,0.000000,0.000000,Source: gse62944,0.937037,0.822247,0.962487
KXD1,0.000000,0.000000,Source: gse62944,0.937037,0.822247,0.962487
PCDHB11,0.000000,0.000000,Source: gse62944,0.937037,0.822247,0.962487
DYNLT1,0.000000,0.000000,Source: gse62944,0.937037,0.822247,0.962487
TCF3,0.000000,0.000000,Source: gse62944,0.937037,0.822247,0.962487
CCR1,0.000000,0.000000,Source: gse62944,0.937037,0.822247,0.962487
BPGM,0.000000,0.000000,Source: gse62944,0.937037,0.822247,0.962487
GMPR2,0.000000,0.000000,Source: gse62944,0.937037,0.822247,0.962487
HNF4G,0.000000,0.000000,Source: gse62944,0.937037,0.822247,0.962487
FZD6,0.000000,0.000000,Source: gse62944,0.937037,0.822247,0.962487
PDE4C,0.000000,0.000000,Source: gse62944,0.937037,0.822247,0.962487
CDKN1B,0.000000,0.000000,Source: gse62944,0.937037,0.822247,0.962487
NOL12,0.000000,0.000000,Source: gse62944,0.937037,0.822247,0.962487
SLC4A3,0.000000,0.000000,Source: gse62944,0.937037,0.822247,0.962487
ATP13A2,0.000000,0.000000,Source: gse62944,0.937037,0.822247,0.962487
CLN5,0.000000,0.000000,Source: gse62944,0.937037,0.822247,0.962487
MPL,0.000000,0.000000,Source: gse62944,0.937037,0.822247,0.962487
GPSM2,0.000000,0.000000,Source: gse62944,0.937037,0.822247,0.962487
EPCAM,0.000000,0.000000,Source: gse62944,0.937037,0.822247,0.962487
ALOXE3,0.000000,0.000000,Source: gse62944,0.937037,0.822247,0.962487
NCR3,0.000000,0.000000,Source: gse62944,0.937037,0.822247,0.962487
NEBL,0.000000,0.000000,Source: gse62944,0.937037,0.822247,0.962487
MYL2,0.000000,0.000000,Source: gse62944,0.937037,0.822247,0.962487
DEGS1,0.000000,0.000000,Source: gse62944,0.937037,0.822247,0.962487
FLRT3,0.000000,0.000000,Source: gse62944,0.937037,0.822247,0.962487
HCN2,0.000000,0.000000,Source: gse62944,0.937037,0.822247,0.962487
TMEM63A,0.000000,0.000000,Source: gse62944,0.937037,0.822247,0.962487
IRGC,0.000000,0.000000,Source: gse62944,0.937037,0.822247,0.962487
CRLF3,0.000000,0.000000,Source: gse62944,0.937037,0.822247,0.962487
LUC7L3,0.000000,0.000000,Source: gse62944,0.937037,0.822247,0.962487
PRODH,0.000000,0.000000,Source: gse62944,0.937037,0.822247,0.962487
CYP21A2,0.000000,0.000000,Source: gse62944,0.937037,0.822247,0.962487
OTUD7B,0.000000,0.000000,Source: gse62944,0.937037,0.822247,0.962487
CDC40,0.000000,0.000000,Source: gse62944,0.937037,0.822247,0.962487
PTGFR,0.000000,0.000000,Source: gse62944,0.937037,0.822247,0.962487
NOTCH1,0.000000,0.000000,Source: gse62944,0.937037,0.822247,0.962487
USH1C,0.000000,0.000000,Source: gse62944,0.937037,0.822247,0.962487
TMEM144,0.000000,0.000000,Source: gse62944,0.937037,0.822247,0.962487
U2SURP,0.000000,0.000000,Source: gse62944,0.937037,0.822247,0.962487
E2F8,0.000000,0.000000,Source: gse62944,0.937037,0.822247,0.962487
METTL17,0.000000,0.000000,Source: gse62944,0.937037,0.822247,0.962487
USP9Y,0.000000,0.000000,Source: gse62944,0.937037,0.822247,0.962487
ZNF33B,0.000000,0.000000,Source: gse62944,0.937037,0.822247,0.962487
PAM,0.000000,0.000000,Source: gse62944,0.937037,0.822247,0.962487
HEMK1,0.000000,0.000000,Source: gse62944,0.937037,0.822247,0.962487
NDUFAB1,0.000000,0.000000,Source: gse62944,0.937037,0.822247,0.962487
YTHDC2,0.000000,0.000000,Source: gse62944,0.937037,0.822247,0.962487
ASRGL1,0.000000,0.000000,Source: gse62944,0.937037,0.822247,0.962487
SPATA2L,0.000000,0.000000,Source: gse62944,0.937037,0.822247,0.962487
SPOCK2,0.000000,0.000000,Source: gse62944,0.937037,0.822247,0.962487
CLIC5,0.000000,0.000000,Source: gse62944,0.937037,0.822247,0.962487
IPO8,0.000000,0.000000,Source: gse62944,0.937037,0.822247,0.962487
UBXN1,0.000000,0.000000,Source: gse62944,0.937037,0.822247,0.962487
IZUMO4,0.000000,0.000000,Source: gse62944,0.937037,0.822247,0.962487
MDFIC,0.000000,0.000000,Source: gse62944,0.937037,0.822247,0.962487
PELI1,0.000000,0.000000,Source: gse62944,0.937037,0.822247,0.962487
MEGF9,0.000000,0.000000,Source: gse62944,0.937037,0.822247,0.962487
RAB40A,0.000000,0.000000,Source: gse62944,0.937037,0.822247,0.962487
STRAP,0.000000,0.000000,Source: gse62944,0.937037,0.822247,0.962487
MAP3K3,0.000000,0.000000,Source: gse62944,0.937037,0.822247,0.962487
MRPL18,0.000000,0.000000,Source: gse62944,0.937037,0.822247,0.962487
CCL23,0.000000,0.000000,Source: gse62944,0.937037,0.822247,0.962487
CRCT1,0.000000,0.000000,Source: gse62944,0.937037,0.822247,0.962487
CCNK,0.000000,0.000000,Source: gse62944,0.937037,0.822247,0.962487
HTRA1,0.000000,0.000000,Source: gse62944,0.937037,0.822247,0.962487
BHMT,0.000000,0.000000,Source: gse62944,0.937037,0.822247,0.962487
TUBB1,0.000000,0.000000,Source: gse62944,0.937037,0.822247,0.962487
CST6,0.000000,0.000000,Source: gse62944,0.937037,0.822247,0.962487
CC2D1A,0.000000,0.000000,Source: gse62944,0.937037,0.822247,0.962487
PIPOX,0.000000,0.000000,Source: gse62944,0.937037,0.822247,0.962487
TM2D3,0.000000,0.000000,Source: gse62944,0.937037,0.822247,0.962487
BATF3,0.000000,0.000000,Source: gse62944,0.937037,0.822247,0.962487
CDC37L1,0.000000,0.000000,Source: gse62944,0.937037,0.822247,0.962487
SNAP25,0.000000,0.000000,Source: gse62944,0.937037,0.822247,0.962487
TOB1,0.000000,0.000000,Source: gse62944,0.937037,0.822247,0.962487
DCLRE1C,0.000000,0.000000,Source: gse62944,0.937037,0.822247,0.962487
FIP1L1,0.000000,0.000000,Source: gse62944,0.937037,0.822247,0.962487
MTCP1,0.000000,0.000000,Source: gse62944,0.937037,0.822247,0.962487
AXIN1,0.000000,0.000000,Source: gse62944,0.937037,0.822247,0.962487
MYC,0.000000,0.000000,Source: gse62944,0.937037,0.822247,0.962487
MXRA8,0.000000,0.000000,Source: gse62944,0.937037,0.822247,0.962487
UTP6,0.000000,0.000000,Source: gse62944,0.937037,0.822247,0.962487
ARRB2,0.000000,0.000000,Source: gse62944,0.937037,0.822247,0.962487
PTH1R,0.000000,0.000000,Source: gse62944,0.937037,0.822247,0.962487
ZNF3,0.000000,0.000000,Source: gse62944,0.937037,0.822247,0.962487
SYN2,0.000000,0.000000,Source: gse62944,0.937037,0.822247,0.962487
PTAFR,0.000000,0.000000,Source: gse62944,0.937037,0.822247,0.962487
GLRB,0.000000,0.000000,Source: gse62944,0.937037,0.822247,0.962487
HAPLN2,0.000000,0.000000,Source: gse62944,0.937037,0.822247,0.962487
RHOA,0.000000,0.000000,Source: gse62944,0.937037,0.822247,0.962487
MEOX2,0.000000,0.000000,Source: gse62944,0.937037,0.822247,0.962487
EIF3M,0.000000,0.000000,Source: gse62944,0.937037,0.822247,0.962487
SRP14,0.000000,0.000000,Source: gse62944,0.937037,0.822247,0.962487
SLC17A6,0.000000,0.000000,Source: gse62944,0.937037,0.822247,0.962487
CHRNA4,0.000000,0.000000,Source: gse62944,0.937037,0.822247,0.962487
TMX2,0.000000,0.000000,Source: gse62944,0.937037,0.822247,0.962487
PDPR,0.000000,0.000000,Source: gse62944,0.937037,0.822247,0.962487
BAG1,0.000000,0.000000,Source: gse62944,0.937037,0.822247,0.962487
UNC119,0.000000,0.000000,Source: gse62944,0.937037,0.822247,0.962487
CDC6,0.000000,0.000000,Source: gse62944,0.937037,0.822247,0.962487
WWC3,0.000000,0.000000,Source: gse62944,0.937037,0.822247,0.962487
ACSM5,0.000000,0.000000,Source: gse62944,0.937037,0.822247,0.962487
PRMT5,0.000000,0.000000,Source: gse62944,0.937037,0.822247,0.962487
CSNK2A2,0.000000,0.000000,Source: gse62944,0.937037,0.822247,0.962487
HNRNPUL1,0.000000,0.000000,Source: gse62944,0.937037,0.822247,0.962487
GSS,0.000000,0.000000,Source: gse62944,0.937037,0.822247,0.962487
SLC16A7,0.000000,0.000000,Source: gse62944,0.937037,0.822247,0.962487
FKRP,0.000000,0.000000,Source: gse62944,0.937037,0.822247,0.962487
TRIM13,0.000000,0.000000,Source: gse62944,0.937037,0.822247,0.962487
ACTR2,0.000000,0.000000,Source: gse62944,0.937037,0.822247,0.962487
SH2B3,0.000000,0.000000,Source: gse62944,0.937037,0.822247,0.962487
URB2,0.000000,0.000000,Source: gse62944,0.937037,0.822247,0.962487
EPB41L5,0.000000,0.000000,Source: gse62944,0.937037,0.822247,0.962487
S100B,0.000000,0.000000,Source: gse62944,0.937037,0.822247,0.962487
TBC1D16,0.000000,0.000000,Source: gse62944,0.937037,0.822247,0.962487
PAPOLB,0.000000,0.000000,Source: gse62944,0.937037,0.822247,0.962487
SMARCA4,0.000000,0.000000,Source: gse62944,0.937037,0.822247,0.962487
ASXL1,0.000000,0.000000,Source: gse62944,0.937037,0.822247,0.962487
NPAT,0.000000,0.000000,Source: gse62944,0.937037,0.822247,0.962487
UQCR11,0.000000,0.000000,Source: gse62944,0.937037,0.822247,0.962487
NTRK3,0.000000,0.000000,Source: gse62944,0.937037,0.822247,0.962487
RGS10,0.000000,0.000000,Source: gse62944,0.937037,0.822247,0.962487
NUP43,0.000000,0.000000,Source: gse62944,0.937037,0.822247,0.962487
ADSL,0.000000,0.000000,Source: gse62944,0.937037,0.822247,0.962487
MYOG,0.000000,0.000000,Source: gse62944,0.937037,0.822247,0.962487
DIRAS3,0.000000,0.000000,Source: gse62944,0.937037,0.822247,0.962487
DSE,0.000000,0.000000,Source: gse62944,0.937037,0.822247,0.962487
S100A14,0.000000,0.000000,Source: gse62944,0.937037,0.822247,0.962487
PGRMC2,0.000000,0.000000,Source: gse62944,0.937037,0.822247,0.962487
MMP24,0.000000,0.000000,Source: gse62944,0.937037,0.822247,0.962487
CUX2,0.000000,0.000000,Source: gse62944,0.937037,0.822247,0.962487
INTS9,0.000000,0.000000,Source: gse62944,0.937037,0.822247,0.962487
F13A1,0.000000,0.000000,Source: gse62944,0.937037,0.822247,0.962487
DHX58,0.000000,0.000000,Source: gse62944,0.937037,0.822247,0.962487
PAFAH1B1,0.000000,0.000000,Source: gse62944,0.937037,0.822247,0.962487
EDEM1,0.000000,0.000000,Source: gse62944,0.937037,0.822247,0.962487
BCL9,0.000000,0.000000,Source: gse62944,0.937037,0.822247,0.962487
FRMD4B,0.000000,0.000000,Source: gse62944,0.937037,0.822247,0.962487
ZMIZ1,0.000000,0.000000,Source: gse62944,0.937037,0.822247,0.962487
CD38,0.000000,0.000000,Source: gse62944,0.937037,0.822247,0.962487
CRNN,0.000000,0.000000,Source: gse62944,0.937037,0.822247,0.962487
RNF34,0.000000,0.000000,Source: gse62944,0.937037,0.822247,0.962487
APOL2,0.000000,0.000000,Source: gse62944,0.937037,0.822247,0.962487
BMP2,0.000000,0.000000,Source: gse62944,0.937037,0.822247,0.962487
PYGM,0.000000,0.000000,Source: gse62944,0.937037,0.822247,0.962487
LCE2B,0.000000,0.000000,Source: gse62944,0.937037,0.822247,0.962487
ESRRA,0.000000,0.000000,Source: gse62944,0.937037,0.822247,0.962487
OLFML3,0.000000,0.000000,Source: gse62944,0.937037,0.822247,0.962487
ARFGEF2,0.000000,0.000000,Source: gse62944,0.937037,0.822247,0.962487
CDC14A,0.000000,0.000000,Source: gse62944,0.937037,0.822247,0.962487
TRA2B,0.000000,0.000000,Source: gse62944,0.937037,0.822247,0.962487
PRPF8,0.000000,0.000000,Source: gse62944,0.937037,0.822247,0.962487
CASP1,0.000000,0.000000,Source: gse62944,0.937037,0.822247,0.962487
ADAM8,0.000000,0.000000,Source: gse62944,0.937037,0.822247,0.962487
IL1RL2,0.000000,0.000000,Source: gse62944,0.937037,0.822247,0.962487
ZBTB40,0.000000,0.000000,Source: gse62944,0.937037,0.822247,0.962487
PMM1,0.000000,0.000000,Source: gse62944,0.937037,0.822247,0.962487
EZR,0.000000,0.000000,Source: gse62944,0.937037,0.822247,0.962487
ST7L,0.000000,0.000000,Source: gse62944,0.937037,0.822247,0.962487
ZFYVE16,0.000000,0.000000,Source: gse62944,0.937037,0.822247,0.962487
CGREF1,0.000000,0.000000,Source: gse62944,0.937037,0.822247,0.962487
PEA15,0.000000,0.000000,Source: gse62944,0.937037,0.822247,0.962487
UBE2L6,0.000000,0.000000,Source: gse62944,0.937037,0.822247,0.962487
PRRC2A,0.000000,0.000000,Source: gse62944,0.937037,0.822247,0.962487
PNOC,0.000000,0.000000,Source: gse62944,0.937037,0.822247,0.962487
VAC14,0.000000,0.000000,Source: gse62944,0.937037,0.822247,0.962487
RPGRIP1L,0.000000,0.000000,Source: gse62944,0.937037,0.822247,0.962487
MUSK,0.000000,0.000000,Source: gse62944,0.937037,0.822247,0.962487
PPIF,0.000000,0.000000,Source: gse62944,0.937037,0.822247,0.962487
MASP2,0.000000,0.000000,Source: gse62944,0.937037,0.822247,0.962487
PIGG,0.000000,0.000000,Source: gse62944,0.937037,0.822247,0.962487
TMEM151B,0.000000,0.000000,Source: gse62944,0.937037,0.822247,0.962487
PTPRR,0.000000,0.000000,Source: gse62944,0.937037,0.822247,0.962487
NRAS,0.000000,0.000000,Source: gse62944,0.937037,0.822247,0.962487
GABRA4,0.000000,0.000000,Source: gse62944,0.937037,0.822247,0.962487
THAP9,0.000000,0.000000,Source: gse62944,0.937037,0.822247,0.962487
RASSF8,0.000000,0.000000,Source: gse62944,0.937037,0.822247,0.962487
BAZ1B,0.000000,0.000000,Source: gse62944,0.937037,0.822247,0.962487
PRIM1,0.000000,0.000000,Source: gse62944,0.937037,0.822247,0.962487
EXOSC8,0.000000,0.000000,Source: gse62944,0.937037,0.822247,0.962487
CACNA1A,0.000000,0.000000,Source: gse62944,0.937037,0.822247,0.962487
INF2,0.000000,0.000000,Source: gse62944,0.937037,0.822247,0.962487
ATP11B,0.000000,0.000000,Source: gse62944,0.937037,0.822247,0.962487
HDAC4,0.000000,0.000000,Source: gse62944,0.937037,0.822247,0.962487
KCNJ15,0.000000,0.000000,Source: gse62944,0.937037,0.822247,0.962487
KERA,0.000000,0.000000,Source: gse62944,0.937037,0.822247,0.962487
LRRC32,0.000000,0.000000,Source: gse62944,0.937037,0.822247,0.962487
TGFBRAP1,0.000000,0.000000,Source: gse62944,0.937037,0.822247,0.962487
PRSS8,0.000000,0.000000,Source: gse62944,0.937037,0.822247,0.962487
KCNJ1,0.000000,0.000000,Source: gse62944,0.937037,0.822247,0.962487
MOSPD1,0.000000,0.000000,Source: gse62944,0.937037,0.822247,0.962487
ASB9,0.000000,0.000000,Source: gse62944,0.937037,0.822247,0.962487
SLC25A21,0.000000,0.000000,Source: gse62944,0.937037,0.822247,0.962487
CHST2,0.000000,0.000000,Source: gse62944,0.937037,0.822247,0.962487
TBL2,0.000000,0.000000,Source: gse62944,0.937037,0.822247,0.962487
FXYD1,0.000000,0.000000,Source: gse62944,0.937037,0.822247,0.962487
PIK3C2A,0.000000,0.000000,Source: gse62944,0.937037,0.822247,0.962487
SFRP4,0.000000,0.000000,Source: gse62944,0.937037,0.822247,0.962487
KCNIP2,0.000000,0.000000,Source: gse62944,0.937037,0.822247,0.962487
LINC00474,0.000000,0.000000,Source: gse62944,0.937037,0.822247,0.962487
PSMB7,0.000000,0.000000,Source: gse62944,0.937037,0.822247,0.962487
HSPA13,0.000000,0.000000,Source: gse62944,0.937037,0.822247,0.962487
NCF2,0.000000,0.000000,Source: gse62944,0.937037,0.822247,0.962487
ASTN2,0.000000,0.000000,Source: gse62944,0.937037,0.822247,0.962487
RHOH,0.000000,0.000000,Source: gse62944,0.937037,0.822247,0.962487
SIPA1L3,0.000000,0.000000,Source: gse62944,0.937037,0.822247,0.962487
URGCP,0.000000,0.000000,Source: gse62944,0.937037,0.822247,0.962487
USP21,0.000000,0.000000,Source: gse62944,0.937037,0.822247,0.962487
EPB41L4B,0.000000,0.000000,Source: gse62944,0.937037,0.822247,0.962487
CNP,0.000000,0.000000,Source: gse62944,0.937037,0.822247,0.962487
PCYOX1L,0.000000,0.000000,Source: gse62944,0.937037,0.822247,0.962487
PTPRK,0.000000,0.000000,Source: gse62944,0.937037,0.822247,0.962487
SLC28A1,0.000000,0.000000,Source: gse62944,0.937037,0.822247,0.962487
XBP1,0.000000,0.000000,Source: gse62944,0.937037,0.822247,0.962487
TPM2,0.000000,0.000000,Source: gse62944,0.937037,0.822247,0.962487
CD24,0.000000,0.000000,Source: gse62944,0.937037,0.822247,0.962487
LRRC61,0.000000,0.000000,Source: gse62944,0.937037,0.822247,0.962487
DCHS2,0.000000,0.000000,Source: gse62944,0.937037,0.822247,0.962487
EMCN,0.000000,0.000000,Source: gse62944,0.937037,0.822247,0.962487
SP140,0.000000,0.000000,Source: gse62944,0.937037,0.822247,0.962487
CIDEB,0.000000,0.000000,Source: gse62944,0.937037,0.822247,0.962487
MRPS18A,0.000000,0.000000,Source: gse62944,0.937037,0.822247,0.962487
NCOA1,0.000000,0.000000,Source: gse62944,0.937037,0.822247,0.962487
CXCL14,0.000000,0.000000,Source: gse62944,0.937037,0.822247,0.962487
ORC5,0.000000,0.000000,Source: gse62944,0.937037,0.822247,0.962487
CD164,0.000000,0.000000,Source: gse62944,0.937037,0.822247,0.962487
LAMC1,0.000000,0.000000,Source: gse62944,0.937037,0.822247,0.962487
TSNAXIP1,0.000000,0.000000,Source: gse62944,0.937037,0.822247,0.962487
POLR2E,0.000000,0.000000,Source: gse62944,0.937037,0.822247,0.962487
ABO,0.000000,0.000000,Source: gse62944,0.937037,0.822247,0.962487
IDS,0.000000,0.000000,Source: gse62944,0.937037,0.822247,0.962487
APOOL,0.000000,0.000000,Source: gse62944,0.937037,0.822247,0.962487
B3GNT4,0.000000,0.000000,Source: gse62944,0.937037,0.822247,0.962487
CFHR5,0.000000,0.000000,Source: gse62944,0.937037,0.822247,0.962487
COL14A1,0.000000,0.000000,Source: gse62944,0.937037,0.822247,0.962487
IFITM2,0.000000,0.000000,Source: gse62944,0.937037,0.822247,0.962487
HLA-DPB1,0.000000,0.000000,Source: gse62944,0.937037,0.822247,0.962487
DLG5,0.000000,0.000000,Source: gse62944,0.937037,0.822247,0.962487
LSG1,0.000000,0.000000,Source: gse62944,0.937037,0.822247,0.962487
CEBPZ,0.000000,0.000000,Source: gse62944,0.937037,0.822247,0.962487
PTP4A2,0.000000,0.000000,Source: gse62944,0.937037,0.822247,0.962487
RIMS1,0.000000,0.000000,Source: gse62944,0.937037,0.822247,0.962487
KIF23,0.000000,0.000000,Source: gse62944,0.937037,0.822247,0.962487
SYNJ2BP,0.000000,0.000000,Source: gse62944,0.937037,0.822247,0.962487
SULT2A1,0.000000,0.000000,Source: gse62944,0.937037,0.822247,0.962487
CYFIP1,0.000000,0.000000,Source: gse62944,0.937037,0.822247,0.962487
B3GNTL1,0.000000,0.000000,Source: gse62944,0.937037,0.822247,0.962487
SCAI,0.000000,0.000000,Source: gse62944,0.937037,0.822247,0.962487
CEP350,0.000000,0.000000,Source: gse62944,0.937037,0.822247,0.962487
GADD45G,0.000000,0.000000,Source: gse62944,0.937037,0.822247,0.962487
PPIEL,0.000000,0.000000,Source: gse62944,0.937037,0.822247,0.962487
ZC3H3,0.000000,0.000000,Source: gse62944,0.937037,0.822247,0.962487
TXNL4B,0.000000,0.000000,Source: gse62944,0.937037,0.822247,0.962487
CMTM6,0.000000,0.000000,Source: gse62944,0.937037,0.822247,0.962487
SERPINA10,0.000000,0.000000,Source: gse62944,0.937037,0.822247,0.962487
CLN8,0.000000,0.000000,Source: gse62944,0.937037,0.822247,0.962487
EFHC2,0.000000,0.000000,Source: gse62944,0.937037,0.822247,0.962487
PPP6C,0.000000,0.000000,Source: gse62944,0.937037,0.822247,0.962487
KRTAP1-3,0.000000,0.000000,Source: gse62944,0.937037,0.822247,0.962487
LGMN,0.000000,0.000000,Source: gse62944,0.937037,0.822247,0.962487
NKG7,0.000000,0.000000,Source: gse62944,0.937037,0.822247,0.962487
SLC25A6,0.000000,0.000000,Source: gse62944,0.937037,0.822247,0.962487
TMED10,0.000000,0.000000,Source: gse62944,0.937037,0.822247,0.962487
SPAG16,0.000000,0.000000,Source: gse62944,0.937037,0.822247,0.962487
DCLK1,0.000000,0.000000,Source: gse62944,0.937037,0.822247,0.962487
KDM3A,0.000000,0.000000,Source: gse62944,0.937037,0.822247,0.962487
DRAP1,0.000000,0.000000,Source: gse62944,0.937037,0.822247,0.962487
TMEM242,0.000000,0.000000,Source: gse62944,0.937037,0.822247,0.962487
FRMD4A,0.000000,0.000000,Source: gse62944,0.937037,0.822247,0.962487
HADHA,0.000000,0.000000,Source: gse62944,0.937037,0.822247,0.962487
BTC,0.000000,0.000000,Source: gse62944,0.937037,0.822247,0.962487
ADORA2B,0.000000,0.000000,Source: gse62944,0.937037,0.822247,0.962487
AFAP1,0.000000,0.000000,Source: gse62944,0.937037,0.822247,0.962487
AKR1B10,0.000000,0.000000,Source: gse62944,0.937037,0.822247,0.962487
CEACAM1,0.000000,0.000000,Source: gse62944,0.937037,0.822247,0.962487
PRKCD,0.000000,0.000000,Source: gse62944,0.937037,0.822247,0.962487
SMPX,0.000000,0.000000,Source: gse62944,0.937037,0.822247,0.962487
EHBP1,0.000000,0.000000,Source: gse62944,0.937037,0.822247,0.962487
KCNE4,0.000000,0.000000,Source: gse62944,0.937037,0.822247,0.962487
INPP4A,0.000000,0.000000,Source: gse62944,0.937037,0.822247,0.962487
EIF5A2,0.000000,0.000000,Source: gse62944,0.937037,0.822247,0.962487
PALM,0.000000,0.000000,Source: gse62944,0.937037,0.822247,0.962487
PF4,0.000000,0.000000,Source: gse62944,0.937037,0.822247,0.962487
EXOC5,0.000000,0.000000,Source: gse62944,0.937037,0.822247,0.962487
PAH,0.000000,0.000000,Source: gse62944,0.937037,0.822247,0.962487
COPG1,0.000000,0.000000,Source: gse62944,0.937037,0.822247,0.962487
ALX1,0.000000,0.000000,Source: gse62944,0.937037,0.822247,0.962487
LIN7B,0.000000,0.000000,Source: gse62944,0.937037,0.822247,0.962487
PALLD,0.000000,0.000000,Source: gse62944,0.937037,0.822247,0.962487
RASSF1,0.000000,0.000000,Source: gse62944,0.937037,0.822247,0.962487
ZNF135,0.000000,0.000000,Source: gse62944,0.937037,0.822247,0.962487
AKAP1,0.000000,0.000000,Source: gse62944,0.937037,0.822247,0.962487
PCOLCE,0.000000,0.000000,Source: gse62944,0.937037,0.822247,0.962487
HMBOX1,0.000000,0.000000,Source: gse62944,0.937037,0.822247,0.962487
CD19,0.000000,0.000000,Source: gse62944,0.937037,0.822247,0.962487
OSGIN2,0.000000,0.000000,Source: gse62944,0.937037,0.822247,0.962487
ISCA1,0.000000,0.000000,Source: gse62944,0.937037,0.822247,0.962487
MNS1,0.000000,0.000000,Source: gse62944,0.937037,0.822247,0.962487
SDR39U1,0.000000,0.000000,Source: gse62944,0.937037,0.822247,0.962487
PRDM5,0.000000,0.000000,Source: gse62944,0.937037,0.822247,0.962487
ZCCHC14,0.000000,0.000000,Source: gse62944,0.937037,0.822247,0.962487
CETN3,0.000000,0.000000,Source: gse62944,0.937037,0.822247,0.962487
AMT,0.000000,0.000000,Source: gse62944,0.937037,0.822247,0.962487
C9orf78,0.000000,0.000000,Source: gse62944,0.937037,0.822247,0.962487
CACNA1C,0.000000,0.000000,Source: gse62944,0.937037,0.822247,0.962487
MFN2,0.000000,0.000000,Source: gse62944,0.937037,0.822247,0.962487
RAD54L,0.000000,0.000000,Source: gse62944,0.937037,0.822247,0.962487
MTMR2,0.000000,0.000000,Source: gse62944,0.937037,0.822247,0.962487
CREM,0.000000,0.000000,Source: gse62944,0.937037,0.822247,0.962487
CXCR4,0.000000,0.000000,Source: gse62944,0.937037,0.822247,0.962487
SNTB2,0.000000,0.000000,Source: gse62944,0.937037,0.822247,0.962487
UQCRC2,0.000000,0.000000,Source: gse62944,0.937037,0.822247,0.962487
XRCC1,0.000000,0.000000,Source: gse62944,0.937037,0.822247,0.962487
PRKAA2,0.000000,0.000000,Source: gse62944,0.937037,0.822247,0.962487
PKN1,0.000000,0.000000,Source: gse62944,0.937037,0.822247,0.962487
BIN2,0.000000,0.000000,Source: gse62944,0.937037,0.822247,0.962487
BPI,0.000000,0.000000,Source: gse62944,0.937037,0.822247,0.962487
KLF4,0.000000,0.000000,Source: gse62944,0.937037,0.822247,0.962487
TAS2R7,0.000000,0.000000,Source: gse62944,0.937037,0.822247,0.962487
PCOLCE2,0.000000,0.000000,Source: gse62944,0.937037,0.822247,0.962487
CEP135,0.000000,0.000000,Source: gse62944,0.937037,0.822247,0.962487
ELL,0.000000,0.000000,Source: gse62944,0.937037,0.822247,0.962487
SLC6A4,0.000000,0.000000,Source: gse62944,0.937037,0.822247,0.962487
OTUB2,0.000000,0.000000,Source: gse62944,0.937037,0.822247,0.962487
FBXO3,0.000000,0.000000,Source: gse62944,0.937037,0.822247,0.962487
POLD1,0.000000,0.000000,Source: gse62944,0.937037,0.822247,0.962487
CHRDL1,0.000000,0.000000,Source: gse62944,0.937037,0.822247,0.962487
TANK,0.000000,0.000000,Source: gse62944,0.937037,0.822247,0.962487
CDKN2C,0.000000,0.000000,Source: gse62944,0.937037,0.822247,0.962487
SLC6A2,0.000000,0.000000,Source: gse62944,0.937037,0.822247,0.962487
ACOT11,0.000000,0.000000,Source: gse62944,0.937037,0.822247,0.962487
MATN1,0.000000,0.000000,Source: gse62944,0.937037,0.822247,0.962487
PGM3,0.000000,0.000000,Source: gse62944,0.937037,0.822247,0.962487
RALB,0.000000,0.000000,Source: gse62944,0.937037,0.822247,0.962487
IL12RB1,0.000000,0.000000,Source: gse62944,0.937037,0.822247,0.962487
RDH16,0.000000,0.000000,Source: gse62944,0.937037,0.822247,0.962487
TAOK3,0.000000,0.000000,Source: gse62944,0.937037,0.822247,0.962487
ETNK1,0.000000,0.000000,Source: gse62944,0.937037,0.822247,0.962487
PIK3CG,0.000000,0.000000,Source: gse62944,0.937037,0.822247,0.962487
CELSR2,0.000000,0.000000,Source: gse62944,0.937037,0.822247,0.962487
GPS2,0.000000,0.000000,Source: gse62944,0.937037,0.822247,0.962487
ABHD14A,0.000000,0.000000,Source: gse62944,0.937037,0.822247,0.962487
HES2,0.000000,0.000000,Source: gse62944,0.937037,0.822247,0.962487
BRPF1,0.000000,0.000000,Source: gse62944,0.937037,0.822247,0.962487
PANK2,0.000000,0.000000,Source: gse62944,0.937037,0.822247,0.962487
MANBA,0.000000,0.000000,Source: gse62944,0.937037,0.822247,0.962487
CD63,0.000000,0.000000,Source: gse62944,0.937037,0.822247,0.962487
CHPF,0.000000,0.000000,Source: gse62944,0.937037,0.822247,0.962487
ISCU,0.000000,0.000000,Source: gse62944,0.937037,0.822247,0.962487
PF4V1,0.000000,0.000000,Source: gse62944,0.937037,0.822247,0.962487
SOX3,0.000000,0.000000,Source: gse62944,0.937037,0.822247,0.962487
CD72,0.000000,0.000000,Source: gse62944,0.937037,0.822247,0.962487
CCKBR,0.000000,0.000000,Source: gse62944,0.937037,0.822247,0.962487
DYNC2H1,0.000000,0.000000,Source: gse62944,0.937037,0.822247,0.962487
IL17RB,0.000000,0.000000,Source: gse62944,0.937037,0.822247,0.962487
KL,0.000000,0.000000,Source: gse62944,0.937037,0.822247,0.962487
BTG1,0.000000,0.000000,Source: gse62944,0.937037,0.822247,0.962487
FKBP4,0.000000,0.000000,Source: gse62944,0.937037,0.822247,0.962487
SLC10A1,0.000000,0.000000,Source: gse62944,0.937037,0.822247,0.962487
BCAN,0.000000,0.000000,Source: gse62944,0.937037,0.822247,0.962487
CEBPB,0.000000,0.000000,Source: gse62944,0.937037,0.822247,0.962487
SLC44A1,0.000000,0.000000,Source: gse62944,0.937037,0.822247,0.962487
RAP2A,0.000000,0.000000,Source: gse62944,0.937037,0.822247,0.962487
PEG3,0.000000,0.000000,Source: gse62944,0.937037,0.822247,0.962487
PNKP,0.000000,0.000000,Source: gse62944,0.937037,0.822247,0.962487
PAK3,0.000000,0.000000,Source: gse62944,0.937037,0.822247,0.962487
SLC2A10,0.000000,0.000000,Source: gse62944,0.937037,0.822247,0.962487
KLHDC10,0.000000,0.000000,Source: gse62944,0.937037,0.822247,0.962487
CALCOCO1,0.000000,0.000000,Source: gse62944,0.937037,0.822247,0.962487
KEAP1,0.000000,0.000000,Source: gse62944,0.937037,0.822247,0.962487
NPR3,0.000000,0.000000,Source: gse62944,0.937037,0.822247,0.962487
RAP1GDS1,0.000000,0.000000,Source: gse62944,0.937037,0.822247,0.962487
GLG1,0.000000,0.000000,Source: gse62944,0.937037,0.822247,0.962487
TFDP3,0.000000,0.000000,Source: gse62944,0.937037,0.822247,0.962487
EGFL6,0.000000,0.000000,Source: gse62944,0.937037,0.822247,0.962487
MTX2,0.000000,0.000000,Source: gse62944,0.937037,0.822247,0.962487
ZNF132,0.000000,0.000000,Source: gse62944,0.937037,0.822247,0.962487
C14orf132,0.000000,0.000000,Source: gse62944,0.937037,0.822247,0.962487
APOO,0.000000,0.000000,Source: gse62944,0.937037,0.822247,0.962487
ELOVL6,0.000000,0.000000,Source: gse62944,0.937037,0.822247,0.962487
PIH1D1,0.000000,0.000000,Source: gse62944,0.937037,0.822247,0.962487
CXCL10,0.000000,0.000000,Source: gse62944,0.937037,0.822247,0.962487
KLK15,0.000000,0.000000,Source: gse62944,0.937037,0.822247,0.962487
LAIR2,0.000000,0.000000,Source: gse62944,0.937037,0.822247,0.962487
RNF19B,0.000000,0.000000,Source: gse62944,0.937037,0.822247,0.962487
MFF,0.000000,0.000000,Source: gse62944,0.937037,0.822247,0.962487
AP1AR,0.000000,0.000000,Source: gse62944,0.937037,0.822247,0.962487
SLIT1,0.000000,0.000000,Source: gse62944,0.937037,0.822247,0.962487
PGAM2,0.000000,0.000000,Source: gse62944,0.937037,0.822247,0.962487
KLHDC8A,0.000000,0.000000,Source: gse62944,0.937037,0.822247,0.962487
GPHN,0.000000,0.000000,Source: gse62944,0.937037,0.822247,0.962487
AGXT,0.000000,0.000000,Source: gse62944,0.937037,0.822247,0.962487
BMPR1A,0.000000,0.000000,Source: gse62944,0.937037,0.822247,0.962487
SCD,0.000000,0.000000,Source: gse62944,0.937037,0.822247,0.962487
SPRY2,0.000000,0.000000,Source: gse62944,0.937037,0.822247,0.962487
NPEPPS,0.000000,0.000000,Source: gse62944,0.937037,0.822247,0.962487
PPP2R5A,0.000000,0.000000,Source: gse62944,0.937037,0.822247,0.962487
PIK3IP1,0.000000,0.000000,Source: gse62944,0.937037,0.822247,0.962487
LUZP1,0.000000,0.000000,Source: gse62944,0.937037,0.822247,0.962487
HTR5A,0.000000,0.000000,Source: gse62944,0.937037,0.822247,0.962487
AURKA,0.000000,0.000000,Source: gse62944,0.937037,0.822247,0.962487
TMEM39B,0.000000,0.000000,Source: gse62944,0.937037,0.822247,0.962487
TSPAN31,0.000000,0.000000,Source: gse62944,0.937037,0.822247,0.962487
OBP2A,0.000000,0.000000,Source: gse62944,0.937037,0.822247,0.962487
TRIM23,0.000000,0.000000,Source: gse62944,0.937037,0.822247,0.962487
ZDHHC17,0.000000,0.000000,Source: gse62944,0.937037,0.822247,0.962487
RPA2,0.000000,0.000000,Source: gse62944,0.937037,0.822247,0.962487
TIAL1,0.000000,0.000000,Source: gse62944,0.937037,0.822247,0.962487
FAM136A,0.000000,0.000000,Source: gse62944,0.937037,0.822247,0.962487
SMAP1,0.000000,0.000000,Source: gse62944,0.937037,0.822247,0.962487
KAT6A,0.000000,0.000000,Source: gse62944,0.937037,0.822247,0.962487
GUCA1B,0.000000,0.000000,Source: gse62944,0.937037,0.822247,0.962487
NFE2L1,0.000000,0.000000,Source: gse62944,0.937037,0.822247,0.962487
IGFBP6,0.000000,0.000000,Source: gse62944,0.937037,0.822247,0.962487
MDFI,0.000000,0.000000,Source: gse62944,0.937037,0.822247,0.962487
ZMAT3,0.000000,0.000000,Source: gse62944,0.937037,0.822247,0.962487
CA6,0.000000,0.000000,Source: gse62944,0.937037,0.822247,0.962487
ZNF750,0.000000,0.000000,Source: gse62944,0.937037,0.822247,0.962487
KHDRBS1,0.000000,0.000000,Source: gse62944,0.937037,0.822247,0.962487
NECAB2,0.000000,0.000000,Source: gse62944,0.937037,0.822247,0.962487
TNKS,0.000000,0.000000,Source: gse62944,0.937037,0.822247,0.962487
TLL2,0.000000,0.000000,Source: gse62944,0.937037,0.822247,0.962487
MEP1B,0.000000,0.000000,Source: gse62944,0.937037,0.822247,0.962487
ATP10D,0.000000,0.000000,Source: gse62944,0.937037,0.822247,0.962487
TGFBR3,0.000000,0.000000,Source: gse62944,0.937037,0.822247,0.962487
CPPED1,0.000000,0.000000,Source: gse62944,0.937037,0.822247,0.962487
ERP44,0.000000,0.000000,Source: gse62944,0.937037,0.822247,0.962487
STATH,0.000000,0.000000,Source: gse62944,0.937037,0.822247,0.962487
KCNA4,0.000000,0.000000,Source: gse62944,0.937037,0.822247,0.962487
TP53BP2,0.000000,0.000000,Source: gse62944,0.937037,0.822247,0.962487
RANBP6,0.000000,0.000000,Source: gse62944,0.937037,0.822247,0.962487
REEP5,0.000000,0.000000,Source: gse62944,0.937037,0.822247,0.962487
SALL2,0.000000,0.000000,Source: gse62944,0.937037,0.822247,0.962487
LTBP3,0.000000,0.000000,Source: gse62944,0.937037,0.822247,0.962487
GCHFR,0.000000,0.000000,Source: gse62944,0.937037,0.822247,0.962487
ATG9A,0.000000,0.000000,Source: gse62944,0.937037,0.822247,0.962487
STAT5A,0.000000,0.000000,Source: gse62944,0.937037,0.822247,0.962487
ZNF528,0.000000,0.000000,Source: gse62944,0.937037,0.822247,0.962487
WNT6,0.000000,0.000000,Source: gse62944,0.937037,0.822247,0.962487
ITGB1BP1,0.000000,0.000000,Source: gse62944,0.937037,0.822247,0.962487
NPPC,0.000000,0.000000,Source: gse62944,0.937037,0.822247,0.962487
RPS6KC1,0.000000,0.000000,Source: gse62944,0.937037,0.822247,0.962487
TXLNG,0.000000,0.000000,Source: gse62944,0.937037,0.822247,0.962487
DAG1,0.000000,0.000000,Source: gse62944,0.937037,0.822247,0.962487
FMO6P,0.000000,0.000000,Source: gse62944,0.937037,0.822247,0.962487
LRRC8D,0.000000,0.000000,Source: gse62944,0.937037,0.822247,0.962487
PART1,0.000000,0.000000,Source: gse62944,0.937037,0.822247,0.962487
CRYM,0.000000,0.000000,Source: gse62944,0.937037,0.822247,0.962487
PPP1R37,0.000000,0.000000,Source: gse62944,0.937037,0.822247,0.962487
MRC1,0.000000,0.000000,Source: gse62944,0.937037,0.822247,0.962487
MZB1,0.000000,0.000000,Source: gse62944,0.937037,0.822247,0.962487
CSRNP2,0.000000,0.000000,Source: gse62944,0.937037,0.822247,0.962487
PEX19,0.000000,0.000000,Source: gse62944,0.937037,0.822247,0.962487
KRT4,0.000000,0.000000,Source: gse62944,0.937037,0.822247,0.962487
SMC4,0.000000,0.000000,Source: gse62944,0.937037,0.822247,0.962487
ALDH1L1,0.000000,0.000000,Source: gse62944,0.937037,0.822247,0.962487
ABCF2,0.000000,0.000000,Source: gse62944,0.937037,0.822247,0.962487
LAPTM4B,0.000000,0.000000,Source: gse62944,0.937037,0.822247,0.962487
TBC1D12,0.000000,0.000000,Source: gse62944,0.937037,0.822247,0.962487
SLC22A14,0.000000,0.000000,Source: gse62944,0.937037,0.822247,0.962487
ZNF37BP,0.000000,0.000000,Source: gse62944,0.937037,0.822247,0.962487
PDC,0.000000,0.000000,Source: gse62944,0.937037,0.822247,0.962487
STAB2,0.000000,0.000000,Source: gse62944,0.937037,0.822247,0.962487
CNOT3,0.000000,0.000000,Source: gse62944,0.937037,0.822247,0.962487
RRP9,0.000000,0.000000,Source: gse62944,0.937037,0.822247,0.962487
DSN1,0.000000,0.000000,Source: gse62944,0.937037,0.822247,0.962487
TIMM17B,0.000000,0.000000,Source: gse62944,0.937037,0.822247,0.962487
AQP9,0.000000,0.000000,Source: gse62944,0.937037,0.822247,0.962487
IL9,0.000000,0.000000,Source: gse62944,0.937037,0.822247,0.962487
PKN2,0.000000,0.000000,Source: gse62944,0.937037,0.822247,0.962487
BRAF,0.000000,0.000000,Source: gse62944,0.937037,0.822247,0.962487
ATP6V0A4,0.000000,0.000000,Source: gse62944,0.937037,0.822247,0.962487
CLSPN,0.000000,0.000000,Source: gse62944,0.937037,0.822247,0.962487
MAL,0.000000,0.000000,Source: gse62944,0.937037,0.822247,0.962487
EPHB1,0.000000,0.000000,Source: gse62944,0.937037,0.822247,0.962487
USP6,0.000000,0.000000,Source: gse62944,0.937037,0.822247,0.962487
SDC3,0.000000,0.000000,Source: gse62944,0.937037,0.822247,0.962487
NEMF,0.000000,0.000000,Source: gse62944,0.937037,0.822247,0.962487
DBI,0.000000,0.000000,Source: gse62944,0.937037,0.822247,0.962487
SCN7A,0.000000,0.000000,Source: gse62944,0.937037,0.822247,0.962487
CRTC1,0.000000,0.000000,Source: gse62944,0.937037,0.822247,0.962487
HBQ1,0.000000,0.000000,Source: gse62944,0.937037,0.822247,0.962487
UBA1,0.000000,0.000000,Source: gse62944,0.937037,0.822247,0.962487
SIM1,0.000000,0.000000,Source: gse62944,0.937037,0.822247,0.962487
FASTKD3,0.000000,0.000000,Source: gse62944,0.937037,0.822247,0.962487
PPP6R2,0.000000,0.000000,Source: gse62944,0.937037,0.822247,0.962487
CSE1L,0.000000,0.000000,Source: gse62944,0.937037,0.822247,0.962487
BRD4,0.000000,0.000000,Source: gse62944,0.937037,0.822247,0.962487
MYO19,0.000000,0.000000,Source: gse62944,0.937037,0.822247,0.962487
LYL1,0.000000,0.000000,Source: gse62944,0.937037,0.822247,0.962487
XPNPEP3,0.000000,0.000000,Source: gse62944,0.937037,0.822247,0.962487
TTPA,0.000000,0.000000,Source: gse62944,0.937037,0.822247,0.962487
LRP5,0.000000,0.000000,Source: gse62944,0.937037,0.822247,0.962487
CCT7,0.000000,0.000000,Source: gse62944,0.937037,0.822247,0.962487
SUSD4,0.000000,0.000000,Source: gse62944,0.937037,0.822247,0.962487
FLG,0.000000,0.000000,Source: gse62944,0.937037,0.822247,0.962487
RAF1,0.000000,0.000000,Source: gse62944,0.937037,0.822247,0.962487
TK1,0.000000,0.000000,Source: gse62944,0.937037,0.822247,0.962487
PIK3R1,0.000000,0.000000,Source: gse62944,0.937037,0.822247,0.962487
RYK,0.000000,0.000000,Source: gse62944,0.937037,0.822247,0.962487
LRAT,0.000000,0.000000,Source: gse62944,0.937037,0.822247,0.962487
PIWIL1,0.000000,0.000000,Source: gse62944,0.937037,0.822247,0.962487
ANXA2P1,0.000000,0.000000,Source: gse62944,0.937037,0.822247,0.962487
JMJD6,0.000000,0.000000,Source: gse62944,0.937037,0.822247,0.962487
ACAP2,0.000000,0.000000,Source: gse62944,0.937037,0.822247,0.962487
MS4A1,0.000000,0.000000,Source: gse62944,0.937037,0.822247,0.962487
OPN1SW,0.000000,0.000000,Source: gse62944,0.937037,0.822247,0.962487
ANXA4,0.000000,0.000000,Source: gse62944,0.937037,0.822247,0.962487
NOD1,0.000000,0.000000,Source: gse62944,0.937037,0.822247,0.962487
UBIAD1,0.000000,0.000000,Source: gse62944,0.937037,0.822247,0.962487
CACNG3,0.000000,0.000000,Source: gse62944,0.937037,0.822247,0.962487
YME1L1,0.000000,0.000000,Source: gse62944,0.937037,0.822247,0.962487
ZFP37,0.000000,0.000000,Source: gse62944,0.937037,0.822247,0.962487
ARL6IP5,0.000000,0.000000,Source: gse62944,0.937037,0.822247,0.962487
TMUB2,0.000000,0.000000,Source: gse62944,0.937037,0.822247,0.962487
RCBTB2,0.000000,0.000000,Source: gse62944,0.937037,0.822247,0.962487
KPNB1,0.000000,0.000000,Source: gse62944,0.937037,0.822247,0.962487
CDK5RAP2,0.000000,0.000000,Source: gse62944,0.937037,0.822247,0.962487
OPN3,0.000000,0.000000,Source: gse62944,0.937037,0.822247,0.962487
TIAM1,0.000000,0.000000,Source: gse62944,0.937037,0.822247,0.962487
CACNG1,0.000000,0.000000,Source: gse62944,0.937037,0.822247,0.962487
GRB14,0.000000,0.000000,Source: gse62944,0.937037,0.822247,0.962487
SRSF6,0.000000,0.000000,Source: gse62944,0.937037,0.822247,0.962487
MT2A,0.000000,0.000000,Source: gse62944,0.937037,0.822247,0.962487
PUS7,0.000000,0.000000,Source: gse62944,0.937037,0.822247,0.962487
ALOX15,0.000000,0.000000,Source: gse62944,0.937037,0.822247,0.962487
GCM2,0.000000,0.000000,Source: gse62944,0.937037,0.822247,0.962487
ZNF518A,0.000000,0.000000,Source: gse62944,0.937037,0.822247,0.962487
SCO2,0.000000,0.000000,Source: gse62944,0.937037,0.822247,0.962487
TAF15,0.000000,0.000000,Source: gse62944,0.937037,0.822247,0.962487
NUDC,0.000000,0.000000,Source: gse62944,0.937037,0.822247,0.962487
APOBEC1,0.000000,0.000000,Source: gse62944,0.937037,0.822247,0.962487
NLE1,0.000000,0.000000,Source: gse62944,0.937037,0.822247,0.962487
SACS,0.000000,0.000000,Source: gse62944,0.937037,0.822247,0.962487
REC8,0.000000,0.000000,Source: gse62944,0.937037,0.822247,0.962487
FGF17,0.000000,0.000000,Source: gse62944,0.937037,0.822247,0.962487
TAF1D,0.000000,0.000000,Source: gse62944,0.937037,0.822247,0.962487
TUBA1B,0.000000,0.000000,Source: gse62944,0.937037,0.822247,0.962487
IRF8,0.000000,0.000000,Source: gse62944,0.937037,0.822247,0.962487
NUP210,0.000000,0.000000,Source: gse62944,0.937037,0.822247,0.962487
NDUFB8,0.000000,0.000000,Source: gse62944,0.937037,0.822247,0.962487
PISD,0.000000,0.000000,Source: gse62944,0.937037,0.822247,0.962487
SFTPA2,0.000000,0.000000,Source: gse62944,0.937037,0.822247,0.962487
SFN,0.000000,0.000000,Source: gse62944,0.937037,0.822247,0.962487
GJB1,0.000000,0.000000,Source: gse62944,0.937037,0.822247,0.962487
PCDHA10,0.000000,0.000000,Source: gse62944,0.937037,0.822247,0.962487
ABCC3,0.000000,0.000000,Source: gse62944,0.937037,0.822247,0.962487
OR10J1,0.000000,0.000000,Source: gse62944,0.937037,0.822247,0.962487
GPR161,0.000000,0.000000,Source: gse62944,0.937037,0.822247,0.962487
HLA-DQB1,0.000000,0.000000,Source: gse62944,0.937037,0.822247,0.962487
BCAT2,0.000000,0.000000,Source: gse62944,0.937037,0.822247,0.962487
PLEKHM1,0.000000,0.000000,Source: gse62944,0.937037,0.822247,0.962487
POLR2J,0.000000,0.000000,Source: gse62944,0.937037,0.822247,0.962487
SYPL1,0.000000,0.000000,Source: gse62944,0.937037,0.822247,0.962487
PDE8B,0.000000,0.000000,Source: gse62944,0.937037,0.822247,0.962487
TAC3,0.000000,0.000000,Source: gse62944,0.937037,0.822247,0.962487
SFMBT1,0.000000,0.000000,Source: gse62944,0.937037,0.822247,0.962487
VASH1,0.000000,0.000000,Source: gse62944,0.937037,0.822247,0.962487
FBLN5,0.000000,0.000000,Source: gse62944,0.937037,0.822247,0.962487
HS1BP3,0.000000,0.000000,Source: gse62944,0.937037,0.822247,0.962487
OR2H1,0.000000,0.000000,Source: gse62944,0.937037,0.822247,0.962487
RBBP6,0.000000,0.000000,Source: gse62944,0.937037,0.822247,0.962487
ZBTB48,0.000000,0.000000,Source: gse62944,0.937037,0.822247,0.962487
PACS2,0.000000,0.000000,Source: gse62944,0.937037,0.822247,0.962487
RIBC2,0.000000,0.000000,Source: gse62944,0.937037,0.822247,0.962487
TRIM62,0.000000,0.000000,Source: gse62944,0.937037,0.822247,0.962487
RAB5C,0.000000,0.000000,Source: gse62944,0.937037,0.822247,0.962487
DCTN3,0.000000,0.000000,Source: gse62944,0.937037,0.822247,0.962487
PLS3,0.000000,0.000000,Source: gse62944,0.937037,0.822247,0.962487
HPSE,0.000000,0.000000,Source: gse62944,0.937037,0.822247,0.962487
NLK,0.000000,0.000000,Source: gse62944,0.937037,0.822247,0.962487
ANXA5,0.000000,0.000000,Source: gse62944,0.937037,0.822247,0.962487
S1PR1,0.000000,0.000000,Source: gse62944,0.937037,0.822247,0.962487
NCOA6,0.000000,0.000000,Source: gse62944,0.937037,0.822247,0.962487
VGF,0.000000,0.000000,Source: gse62944,0.937037,0.822247,0.962487
SCG3,0.000000,0.000000,Source: gse62944,0.937037,0.822247,0.962487
ALAS2,0.000000,0.000000,Source: gse62944,0.937037,0.822247,0.962487
CSTF2,0.000000,0.000000,Source: gse62944,0.937037,0.822247,0.962487
CNN3,0.000000,0.000000,Source: gse62944,0.937037,0.822247,0.962487
PSG3,0.000000,0.000000,Source: gse62944,0.937037,0.822247,0.962487
ARHGEF38,0.000000,0.000000,Source: gse62944,0.937037,0.822247,0.962487
MCRS1,0.000000,0.000000,Source: gse62944,0.937037,0.822247,0.962487
MANSC1,0.000000,0.000000,Source: gse62944,0.937037,0.822247,0.962487
NOX4,0.000000,0.000000,Source: gse62944,0.937037,0.822247,0.962487
DHX38,0.000000,0.000000,Source: gse62944,0.937037,0.822247,0.962487
MYL1,0.000000,0.000000,Source: gse62944,0.937037,0.822247,0.962487
ST8SIA5,0.000000,0.000000,Source: gse62944,0.937037,0.822247,0.962487
PTH,0.000000,0.000000,Source: gse62944,0.937037,0.822247,0.962487
PPFIBP1,0.000000,0.000000,Source: gse62944,0.937037,0.822247,0.962487
IL15RA,0.000000,0.000000,Source: gse62944,0.937037,0.822247,0.962487
ARRB1,0.000000,0.000000,Source: gse62944,0.937037,0.822247,0.962487
DPY19L4,0.000000,0.000000,Source: gse62944,0.937037,0.822247,0.962487
SUCLA2,0.000000,0.000000,Source: gse62944,0.937037,0.822247,0.962487
RPP40,0.000000,0.000000,Source: gse62944,0.937037,0.822247,0.962487
CCDC59,0.000000,0.000000,Source: gse62944,0.937037,0.822247,0.962487
RASL12,0.000000,0.000000,Source: gse62944,0.937037,0.822247,0.962487
GADD45B,0.000000,0.000000,Source: gse62944,0.937037,0.822247,0.962487
GAR1,0.000000,0.000000,Source: gse62944,0.937037,0.822247,0.962487
MAD1L1,0.000000,0.000000,Source: gse62944,0.937037,0.822247,0.962487
C1orf105,0.000000,0.000000,Source: gse62944,0.937037,0.822247,0.962487
PRSS3,0.000000,0.000000,Source: gse62944,0.937037,0.822247,0.962487
TRIM5,0.000000,0.000000,Source: gse62944,0.937037,0.822247,0.962487
MRPL49,0.000000,0.000000,Source: gse62944,0.937037,0.822247,0.962487
TAS2R3,0.000000,0.000000,Source: gse62944,0.937037,0.822247,0.962487
TFPI,0.000000,0.000000,Source: gse62944,0.937037,0.822247,0.962487
APOA4,0.000000,0.000000,Source: gse62944,0.937037,0.822247,0.962487
CILP,0.000000,0.000000,Source: gse62944,0.937037,0.822247,0.962487
SLC7A10,0.000000,0.000000,Source: gse62944,0.937037,0.822247,0.962487
CYBA,0.000000,0.000000,Source: gse62944,0.937037,0.822247,0.962487
RBMS3,0.000000,0.000000,Source: gse62944,0.937037,0.822247,0.962487
ABI1,0.000000,0.000000,Source: gse62944,0.937037,0.822247,0.962487
TRIL,0.000000,0.000000,Source: gse62944,0.937037,0.822247,0.962487
PSCA,0.000000,0.000000,Source: gse62944,0.937037,0.822247,0.962487
PRPF31,0.000000,0.000000,Source: gse62944,0.937037,0.822247,0.962487
NOS3,0.000000,0.000000,Source: gse62944,0.937037,0.822247,0.962487
HPD,0.000000,0.000000,Source: gse62944,0.937037,0.822247,0.962487
KRT23,0.000000,0.000000,Source: gse62944,0.937037,0.822247,0.962487
PRRX2,0.000000,0.000000,Source: gse62944,0.937037,0.822247,0.962487
SPATA7,0.000000,0.000000,Source: gse62944,0.937037,0.822247,0.962487
SPTLC2,0.000000,0.000000,Source: gse62944,0.937037,0.822247,0.962487
CLDND1,0.000000,0.000000,Source: gse62944,0.937037,0.822247,0.962487
CRYBB3,0.000000,0.000000,Source: gse62944,0.937037,0.822247,0.962487
DNASE2,0.000000,0.000000,Source: gse62944,0.937037,0.822247,0.962487
DDX56,0.000000,0.000000,Source: gse62944,0.937037,0.822247,0.962487
POPDC3,0.000000,0.000000,Source: gse62944,0.937037,0.822247,0.962487
ODC1,0.000000,0.000000,Source: gse62944,0.937037,0.822247,0.962487
EID1,0.000000,0.000000,Source: gse62944,0.937037,0.822247,0.962487
CCNE1,0.000000,0.000000,Source: gse62944,0.937037,0.822247,0.962487
EIF3E,0.000000,0.000000,Source: gse62944,0.937037,0.822247,0.962487
GPN2,0.000000,0.000000,Source: gse62944,0.937037,0.822247,0.962487
ITPK1,0.000000,0.000000,Source: gse62944,0.937037,0.822247,0.962487
MFGE8,0.000000,0.000000,Source: gse62944,0.937037,0.822247,0.962487
TCF7,0.000000,0.000000,Source: gse62944,0.937037,0.822247,0.962487
RPL11,0.000000,0.000000,Source: gse62944,0.937037,0.822247,0.962487
UNC13A,0.000000,0.000000,Source: gse62944,0.937037,0.822247,0.962487
PCNA,0.000000,0.000000,Source: gse62944,0.937037,0.822247,0.962487
CACNG4,0.000000,0.000000,Source: gse62944,0.937037,0.822247,0.962487
UBA6,0.000000,0.000000,Source: gse62944,0.937037,0.822247,0.962487
LMAN2,0.000000,0.000000,Source: gse62944,0.937037,0.822247,0.962487
PEX10,0.000000,0.000000,Source: gse62944,0.937037,0.822247,0.962487
NACA2,0.000000,0.000000,Source: gse62944,0.937037,0.822247,0.962487
ODF1,0.000000,0.000000,Source: gse62944,0.937037,0.822247,0.962487
FGL2,0.000000,0.000000,Source: gse62944,0.937037,0.822247,0.962487
FBXW11,0.000000,0.000000,Source: gse62944,0.937037,0.822247,0.962487
DNASE1L3,0.000000,0.000000,Source: gse62944,0.937037,0.822247,0.962487
RAI1,0.000000,0.000000,Source: gse62944,0.937037,0.822247,0.962487
DNAJC28,0.000000,0.000000,Source: gse62944,0.937037,0.822247,0.962487
F11,0.000000,0.000000,Source: gse62944,0.937037,0.822247,0.962487
GCGR,0.000000,0.000000,Source: gse62944,0.937037,0.822247,0.962487
AKTIP,0.000000,0.000000,Source: gse62944,0.937037,0.822247,0.962487
GYG2,0.000000,0.000000,Source: gse62944,0.937037,0.822247,0.962487
DBF4,0.000000,0.000000,Source: gse62944,0.937037,0.822247,0.962487
NOTCH3,0.000000,0.000000,Source: gse62944,0.937037,0.822247,0.962487
AGFG2,0.000000,0.000000,Source: gse62944,0.937037,0.822247,0.962487
TGFB2,0.000000,0.000000,Source: gse62944,0.937037,0.822247,0.962487
PLA2G6,0.000000,0.000000,Source: gse62944,0.937037,0.822247,0.962487
HOMER2,0.000000,0.000000,Source: gse62944,0.937037,0.822247,0.962487
RNASEH2B,0.000000,0.000000,Source: gse62944,0.937037,0.822247,0.962487
SLC29A1,0.000000,0.000000,Source: gse62944,0.937037,0.822247,0.962487
NELL2,0.000000,0.000000,Source: gse62944,0.937037,0.822247,0.962487
APOBR,0.000000,0.000000,Source: gse62944,0.937037,0.822247,0.962487
DFFA,0.000000,0.000000,Source: gse62944,0.937037,0.822247,0.962487
NSF,0.000000,0.000000,Source: gse62944,0.937037,0.822247,0.962487
CCR4,0.000000,0.000000,Source: gse62944,0.937037,0.822247,0.962487
HEY2,0.000000,0.000000,Source: gse62944,0.937037,0.822247,0.962487
C10orf88,0.000000,0.000000,Source: gse62944,0.937037,0.822247,0.962487
FIBP,0.000000,0.000000,Source: gse62944,0.937037,0.822247,0.962487
RNF19A,0.000000,0.000000,Source: gse62944,0.937037,0.822247,0.962487
DLX2,0.000000,0.000000,Source: gse62944,0.937037,0.822247,0.962487
NFATC4,0.000000,0.000000,Source: gse62944,0.937037,0.822247,0.962487
PLIN1,0.000000,0.000000,Source: gse62944,0.937037,0.822247,0.962487
BTNL8,0.000000,0.000000,Source: gse62944,0.937037,0.822247,0.962487
DTX2,0.000000,0.000000,Source: gse62944,0.937037,0.822247,0.962487
F13B,0.000000,0.000000,Source: gse62944,0.937037,0.822247,0.962487
EPX,0.000000,0.000000,Source: gse62944,0.937037,0.822247,0.962487
HDAC5,0.000000,0.000000,Source: gse62944,0.937037,0.822247,0.962487
CYP27B1,0.000000,0.000000,Source: gse62944,0.937037,0.822247,0.962487
MTMR14,0.000000,0.000000,Source: gse62944,0.937037,0.822247,0.962487
CARD14,0.000000,0.000000,Source: gse62944,0.937037,0.822247,0.962487
SLIT3,0.000000,0.000000,Source: gse62944,0.937037,0.822247,0.962487
RFC1,0.000000,0.000000,Source: gse62944,0.937037,0.822247,0.962487
GUCY2D,0.000000,0.000000,Source: gse62944,0.937037,0.822247,0.962487
RAB38,0.000000,0.000000,Source: gse62944,0.937037,0.822247,0.962487
P2RY13,0.000000,0.000000,Source: gse62944,0.937037,0.822247,0.962487
NUDT21,0.000000,0.000000,Source: gse62944,0.937037,0.822247,0.962487
ZWINT,0.000000,0.000000,Source: gse62944,0.937037,0.822247,0.962487
SLC22A2,0.000000,0.000000,Source: gse62944,0.937037,0.822247,0.962487
ZNF606,0.000000,0.000000,Source: gse62944,0.937037,0.822247,0.962487
PDHA2,0.000000,0.000000,Source: gse62944,0.937037,0.822247,0.962487
WIF1,0.000000,0.000000,Source: gse62944,0.937037,0.822247,0.962487
EVC,0.000000,0.000000,Source: gse62944,0.937037,0.822247,0.962487
MKNK1,0.000000,0.000000,Source: gse62944,0.937037,0.822247,0.962487
NCL,0.000000,0.000000,Source: gse62944,0.937037,0.822247,0.962487
HSPA8,0.000000,0.000000,Source: gse62944,0.937037,0.822247,0.962487
GFPT2,0.000000,0.000000,Source: gse62944,0.937037,0.822247,0.962487
NDUFB11,0.000000,0.000000,Source: gse62944,0.937037,0.822247,0.962487
ITGAM,0.000000,0.000000,Source: gse62944,0.937037,0.822247,0.962487
RIMS3,0.000000,0.000000,Source: gse62944,0.937037,0.822247,0.962487
SRSF8,0.000000,0.000000,Source: gse62944,0.937037,0.822247,0.962487
NAA16,0.000000,0.000000,Source: gse62944,0.937037,0.822247,0.962487
SHB,0.000000,0.000000,Source: gse62944,0.937037,0.822247,0.962487
METTL5,0.000000,0.000000,Source: gse62944,0.937037,0.822247,0.962487
ZNF32,0.000000,0.000000,Source: gse62944,0.937037,0.822247,0.962487
LASP1,0.000000,0.000000,Source: gse62944,0.937037,0.822247,0.962487
SFTPB,0.000000,0.000000,Source: gse62944,0.937037,0.822247,0.962487
ZNF24,0.000000,0.000000,Source: gse62944,0.937037,0.822247,0.962487
HOXA10,0.000000,0.000000,Source: gse62944,0.937037,0.822247,0.962487
CIRBP,0.000000,0.000000,Source: gse62944,0.937037,0.822247,0.962487
ITM2B,0.000000,0.000000,Source: gse62944,0.937037,0.822247,0.962487
PCBP3,0.000000,0.000000,Source: gse62944,0.937037,0.822247,0.962487
MPG,0.000000,0.000000,Source: gse62944,0.937037,0.822247,0.962487
PRDX3,0.000000,0.000000,Source: gse62944,0.937037,0.822247,0.962487
CYB5R2,0.000000,0.000000,Source: gse62944,0.937037,0.822247,0.962487
SETMAR,0.000000,0.000000,Source: gse62944,0.937037,0.822247,0.962487
SORCS3,0.000000,0.000000,Source: gse62944,0.937037,0.822247,0.962487
ZRSR2,0.000000,0.000000,Source: gse62944,0.937037,0.822247,0.962487
SLC25A10,0.000000,0.000000,Source: gse62944,0.937037,0.822247,0.962487
SLC12A4,0.000000,0.000000,Source: gse62944,0.937037,0.822247,0.962487
ADAM15,0.000000,0.000000,Source: gse62944,0.937037,0.822247,0.962487
LRRC15,0.000000,0.000000,Source: gse62944,0.937037,0.822247,0.962487
RAD54L2,0.000000,0.000000,Source: gse62944,0.937037,0.822247,0.962487
KLF3,0.000000,0.000000,Source: gse62944,0.937037,0.822247,0.962487
C6orf62,0.000000,0.000000,Source: gse62944,0.937037,0.822247,0.962487
CXCL9,0.000000,0.000000,Source: gse62944,0.937037,0.822247,0.962487
IDH3B,0.000000,0.000000,Source: gse62944,0.937037,0.822247,0.962487
KRT19,0.000000,0.000000,Source: gse62944,0.937037,0.822247,0.962487
STK24,0.000000,0.000000,Source: gse62944,0.937037,0.822247,0.962487
WDR7,0.000000,0.000000,Source: gse62944,0.937037,0.822247,0.962487
GRHPR,0.000000,0.000000,Source: gse62944,0.937037,0.822247,0.962487
ZNF26,0.000000,0.000000,Source: gse62944,0.937037,0.822247,0.962487
ANKRD2,0.000000,0.000000,Source: gse62944,0.937037,0.822247,0.962487
BTAF1,0.000000,0.000000,Source: gse62944,0.937037,0.822247,0.962487
TTI1,0.000000,0.000000,Source: gse62944,0.937037,0.822247,0.962487
DPH1,0.000000,0.000000,Source: gse62944,0.937037,0.822247,0.962487
MYH1,0.000000,0.000000,Source: gse62944,0.937037,0.822247,0.962487
ASXL2,0.000000,0.000000,Source: gse62944,0.937037,0.822247,0.962487
LRRC31,0.000000,0.000000,Source: gse62944,0.937037,0.822247,0.962487
AMDHD2,0.000000,0.000000,Source: gse62944,0.937037,0.822247,0.962487
RANBP17,0.000000,0.000000,Source: gse62944,0.937037,0.822247,0.962487
ELMO1,0.000000,0.000000,Source: gse62944,0.937037,0.822247,0.962487
ZNF208,0.000000,0.000000,Source: gse62944,0.937037,0.822247,0.962487
FTSJ3,0.000000,0.000000,Source: gse62944,0.937037,0.822247,0.962487
UMOD,0.000000,0.000000,Source: gse62944,0.937037,0.822247,0.962487
ZNF484,0.000000,0.000000,Source: gse62944,0.937037,0.822247,0.962487
SUPT16H,0.000000,0.000000,Source: gse62944,0.937037,0.822247,0.962487
NNT,0.000000,0.000000,Source: gse62944,0.937037,0.822247,0.962487
ZCWPW1,0.000000,0.000000,Source: gse62944,0.937037,0.822247,0.962487
SERPINH1,0.000000,0.000000,Source: gse62944,0.937037,0.822247,0.962487
MT1G,0.000000,0.000000,Source: gse62944,0.937037,0.822247,0.962487
SLC6A12,0.000000,0.000000,Source: gse62944,0.937037,0.822247,0.962487
TAF9,0.000000,0.000000,Source: gse62944,0.937037,0.822247,0.962487
TFF2,0.000000,0.000000,Source: gse62944,0.937037,0.822247,0.962487
JUN,0.000000,0.000000,Source: gse62944,0.937037,0.822247,0.962487
HPX,0.000000,0.000000,Source: gse62944,0.937037,0.822247,0.962487
PER3,0.000000,0.000000,Source: gse62944,0.937037,0.822247,0.962487
TMEM30A,0.000000,0.000000,Source: gse62944,0.937037,0.822247,0.962487
PIGA,0.000000,0.000000,Source: gse62944,0.937037,0.822247,0.962487
FGF18,0.000000,0.000000,Source: gse62944,0.937037,0.822247,0.962487
SRC,0.000000,0.000000,Source: gse62944,0.937037,0.822247,0.962487
METTL8,0.000000,0.000000,Source: gse62944,0.937037,0.822247,0.962487
MYH14,0.000000,0.000000,Source: gse62944,0.937037,0.822247,0.962487
SLC9A8,0.000000,0.000000,Source: gse62944,0.937037,0.822247,0.962487
CLASP2,0.000000,0.000000,Source: gse62944,0.937037,0.822247,0.962487
LPCAT3,0.000000,0.000000,Source: gse62944,0.937037,0.822247,0.962487
MED16,0.000000,0.000000,Source: gse62944,0.937037,0.822247,0.962487
MRPL22,0.000000,0.000000,Source: gse62944,0.937037,0.822247,0.962487
AKR1C4,0.000000,0.000000,Source: gse62944,0.937037,0.822247,0.962487
TIA1,0.000000,0.000000,Source: gse62944,0.937037,0.822247,0.962487
ZNF143,0.000000,0.000000,Source: gse62944,0.937037,0.822247,0.962487
FOS,0.000000,0.000000,Source: gse62944,0.937037,0.822247,0.962487
ABCA8,0.000000,0.000000,Source: gse62944,0.937037,0.822247,0.962487
AGPAT5,0.000000,0.000000,Source: gse62944,0.937037,0.822247,0.962487
SLC35C2,0.000000,0.000000,Source: gse62944,0.937037,0.822247,0.962487
SLC1A2,0.000000,0.000000,Source: gse62944,0.937037,0.822247,0.962487
SVEP1,0.000000,0.000000,Source: gse62944,0.937037,0.822247,0.962487
KCNV2,0.000000,0.000000,Source: gse62944,0.937037,0.822247,0.962487
MOGAT2,0.000000,0.000000,Source: gse62944,0.937037,0.822247,0.962487
SHROOM2,0.000000,0.000000,Source: gse62944,0.937037,0.822247,0.962487
USP22,0.000000,0.000000,Source: gse62944,0.937037,0.822247,0.962487
CAMLG,0.000000,0.000000,Source: gse62944,0.937037,0.822247,0.962487
SCAMP5,0.000000,0.000000,Source: gse62944,0.937037,0.822247,0.962487
ADH7,0.000000,0.000000,Source: gse62944,0.937037,0.822247,0.962487
PAEP,0.000000,0.000000,Source: gse62944,0.937037,0.822247,0.962487
POLA2,0.000000,0.000000,Source: gse62944,0.937037,0.822247,0.962487
TEAD1,0.000000,0.000000,Source: gse62944,0.937037,0.822247,0.962487
BAZ2B,0.000000,0.000000,Source: gse62944,0.937037,0.822247,0.962487
RBM14,0.000000,0.000000,Source: gse62944,0.937037,0.822247,0.962487
CERS4,0.000000,0.000000,Source: gse62944,0.937037,0.822247,0.962487
CYP3A43,0.000000,0.000000,Source: gse62944,0.937037,0.822247,0.962487
BIRC2,0.000000,0.000000,Source: gse62944,0.937037,0.822247,0.962487
DOCK4,0.000000,0.000000,Source: gse62944,0.937037,0.822247,0.962487
MCM9,0.000000,0.000000,Source: gse62944,0.937037,0.822247,0.962487
OR2H2,0.000000,0.000000,Source: gse62944,0.937037,0.822247,0.962487
CD79A,0.000000,0.000000,Source: gse62944,0.937037,0.822247,0.962487
FA2H,0.000000,0.000000,Source: gse62944,0.937037,0.822247,0.962487
HTR3B,0.000000,0.000000,Source: gse62944,0.937037,0.822247,0.962487
SI,0.000000,0.000000,Source: gse62944,0.937037,0.822247,0.962487
KEL,0.000000,0.000000,Source: gse62944,0.937037,0.822247,0.962487
PMPCA,0.000000,0.000000,Source: gse62944,0.937037,0.822247,0.962487
HOXD9,0.000000,0.000000,Source: gse62944,0.937037,0.822247,0.962487
GVINP1,0.000000,0.000000,Source: gse62944,0.937037,0.822247,0.962487
UBQLN3,0.000000,0.000000,Source: gse62944,0.937037,0.822247,0.962487
PNMA3,0.000000,0.000000,Source: gse62944,0.937037,0.822247,0.962487
HMGCS2,0.000000,0.000000,Source: gse62944,0.937037,0.822247,0.962487
WWC2,0.000000,0.000000,Source: gse62944,0.937037,0.822247,0.962487
EPS8L2,0.000000,0.000000,Source: gse62944,0.937037,0.822247,0.962487
POP1,0.000000,0.000000,Source: gse62944,0.937037,0.822247,0.962487
SEC16A,0.000000,0.000000,Source: gse62944,0.937037,0.822247,0.962487
PARL,0.000000,0.000000,Source: gse62944,0.937037,0.822247,0.962487
MAGIX,0.000000,0.000000,Source: gse62944,0.937037,0.822247,0.962487
CERK,0.000000,0.000000,Source: gse62944,0.937037,0.822247,0.962487
ADD2,0.000000,0.000000,Source: gse62944,0.937037,0.822247,0.962487
PLCXD1,0.000000,0.000000,Source: gse62944,0.937037,0.822247,0.962487
SDC1,0.000000,0.000000,Source: gse62944,0.937037,0.822247,0.962487
EDN1,0.000000,0.000000,Source: gse62944,0.937037,0.822247,0.962487
FZD7,0.000000,0.000000,Source: gse62944,0.937037,0.822247,0.962487
NAT2,0.000000,0.000000,Source: gse62944,0.937037,0.822247,0.962487
CRP,0.000000,0.000000,Source: gse62944,0.937037,0.822247,0.962487
ENPP4,0.000000,0.000000,Source: gse62944,0.937037,0.822247,0.962487
JUNB,0.000000,0.000000,Source: gse62944,0.937037,0.822247,0.962487
NFKB2,0.000000,0.000000,Source: gse62944,0.937037,0.822247,0.962487
TXN,0.000000,0.000000,Source: gse62944,0.937037,0.822247,0.962487
PSMD14,0.000000,0.000000,Source: gse62944,0.937037,0.822247,0.962487
TRAFD1,0.000000,0.000000,Source: gse62944,0.937037,0.822247,0.962487
PRKD3,0.000000,0.000000,Source: gse62944,0.937037,0.822247,0.962487
ACP6,0.000000,0.000000,Source: gse62944,0.937037,0.822247,0.962487
TRMT12,0.000000,0.000000,Source: gse62944,0.937037,0.822247,0.962487
ZXDA,0.000000,0.000000,Source: gse62944,0.937037,0.822247,0.962487
GABRG2,0.000000,0.000000,Source: gse62944,0.937037,0.822247,0.962487
NTN1,0.000000,0.000000,Source: gse62944,0.937037,0.822247,0.962487
SCN1A,0.000000,0.000000,Source: gse62944,0.937037,0.822247,0.962487
ITGA7,0.000000,0.000000,Source: gse62944,0.937037,0.822247,0.962487
TRIP10,0.000000,0.000000,Source: gse62944,0.937037,0.822247,0.962487
CTBS,0.000000,0.000000,Source: gse62944,0.937037,0.822247,0.962487
SERPINE1,0.000000,0.000000,Source: gse62944,0.937037,0.822247,0.962487
ISG20L2,0.000000,0.000000,Source: gse62944,0.937037,0.822247,0.962487
TFRC,0.000000,0.000000,Source: gse62944,0.937037,0.822247,0.962487
ZDHHC18,0.000000,0.000000,Source: gse62944,0.937037,0.822247,0.962487
FLOT2,0.000000,0.000000,Source: gse62944,0.937037,0.822247,0.962487
SLC7A1,0.000000,0.000000,Source: gse62944,0.937037,0.822247,0.962487
VEZF1,0.000000,0.000000,Source: gse62944,0.937037,0.822247,0.962487
EZH2,0.000000,0.000000,Source: gse62944,0.937037,0.822247,0.962487
PDE3B,0.000000,0.000000,Source: gse62944,0.937037,0.822247,0.962487
MED8,0.000000,0.000000,Source: gse62944,0.937037,0.822247,0.962487
SIGMAR1,0.000000,0.000000,Source: gse62944,0.937037,0.822247,0.962487
DUSP5,0.000000,0.000000,Source: gse62944,0.937037,0.822247,0.962487
MRPL24,0.000000,0.000000,Source: gse62944,0.937037,0.822247,0.962487
ORMDL2,0.000000,0.000000,Source: gse62944,0.937037,0.822247,0.962487
CD52,0.000000,0.000000,Source: gse62944,0.937037,0.822247,0.962487
NBEA,0.000000,0.000000,Source: gse62944,0.937037,0.822247,0.962487
STAM2,0.000000,0.000000,Source: gse62944,0.937037,0.822247,0.962487
USP19,0.000000,0.000000,Source: gse62944,0.937037,0.822247,0.962487
KAT6B,0.000000,0.000000,Source: gse62944,0.937037,0.822247,0.962487
GM2A,0.000000,0.000000,Source: gse62944,0.937037,0.822247,0.962487
BMPR2,0.000000,0.000000,Source: gse62944,0.937037,0.822247,0.962487
SLC12A7,0.000000,0.000000,Source: gse62944,0.937037,0.822247,0.962487
XDH,0.000000,0.000000,Source: gse62944,0.937037,0.822247,0.962487
MRPS31,0.000000,0.000000,Source: gse62944,0.937037,0.822247,0.962487
CNOT6,0.000000,0.000000,Source: gse62944,0.937037,0.822247,0.962487
DHCR24,0.000000,0.000000,Source: gse62944,0.937037,0.822247,0.962487
MEG3,0.000000,0.000000,Source: gse62944,0.937037,0.822247,0.962487
CRTC3,0.000000,0.000000,Source: gse62944,0.937037,0.822247,0.962487
CLK4,0.000000,0.000000,Source: gse62944,0.937037,0.822247,0.962487
HSF4,0.000000,0.000000,Source: gse62944,0.937037,0.822247,0.962487
ADRA1A,0.000000,0.000000,Source: gse62944,0.937037,0.822247,0.962487
ENOSF1,0.000000,0.000000,Source: gse62944,0.937037,0.822247,0.962487
TBCD,0.000000,0.000000,Source: gse62944,0.937037,0.822247,0.962487
CX3CR1,0.000000,0.000000,Source: gse62944,0.937037,0.822247,0.962487
GZMH,0.000000,0.000000,Source: gse62944,0.937037,0.822247,0.962487
ITGB5,0.000000,0.000000,Source: gse62944,0.937037,0.822247,0.962487
COG2,0.000000,0.000000,Source: gse62944,0.937037,0.822247,0.962487
TACC1,0.000000,0.000000,Source: gse62944,0.937037,0.822247,0.962487
VWF,0.000000,0.000000,Source: gse62944,0.937037,0.822247,0.962487
KPTN,0.000000,0.000000,Source: gse62944,0.937037,0.822247,0.962487
DGKZ,0.000000,0.000000,Source: gse62944,0.937037,0.822247,0.962487
GTF3C4,0.000000,0.000000,Source: gse62944,0.937037,0.822247,0.962487
SLAMF7,0.000000,0.000000,Source: gse62944,0.937037,0.822247,0.962487
CCL8,0.000000,0.000000,Source: gse62944,0.937037,0.822247,0.962487
ZNHIT2,0.000000,0.000000,Source: gse62944,0.937037,0.822247,0.962487
GOSR1,0.000000,0.000000,Source: gse62944,0.937037,0.822247,0.962487
ZNF672,0.000000,0.000000,Source: gse62944,0.937037,0.822247,0.962487
BRD7P3,0.000000,0.000000,Source: gse62944,0.937037,0.822247,0.962487
FTH1,0.000000,0.000000,Source: gse62944,0.937037,0.822247,0.962487
PEX11A,0.000000,0.000000,Source: gse62944,0.937037,0.822247,0.962487
BZW2,0.000000,0.000000,Source: gse62944,0.937037,0.822247,0.962487
TNFAIP8,0.000000,0.000000,Source: gse62944,0.937037,0.822247,0.962487
PRPF18,0.000000,0.000000,Source: gse62944,0.937037,0.822247,0.962487
ATAD5,0.000000,0.000000,Source: gse62944,0.937037,0.822247,0.962487
SOCS3,0.000000,0.000000,Source: gse62944,0.937037,0.822247,0.962487
MZF1,0.000000,0.000000,Source: gse62944,0.937037,0.822247,0.962487
PLBD1,0.000000,0.000000,Source: gse62944,0.937037,0.822247,0.962487
PTPN4,0.000000,0.000000,Source: gse62944,0.937037,0.822247,0.962487
SIRT6,0.000000,0.000000,Source: gse62944,0.937037,0.822247,0.962487
SSR2,0.000000,0.000000,Source: gse62944,0.937037,0.822247,0.962487
ADAM11,0.000000,0.000000,Source: gse62944,0.937037,0.822247,0.962487
CRABP1,0.000000,0.000000,Source: gse62944,0.937037,0.822247,0.962487
HGF,0.000000,0.000000,Source: gse62944,0.937037,0.822247,0.962487
PBLD,0.000000,0.000000,Source: gse62944,0.937037,0.822247,0.962487
TCP11L1,0.000000,0.000000,Source: gse62944,0.937037,0.822247,0.962487
PC,0.000000,0.000000,Source: gse62944,0.937037,0.822247,0.962487
SAMD4B,0.000000,0.000000,Source: gse62944,0.937037,0.822247,0.962487
DNAJB14,0.000000,0.000000,Source: gse62944,0.937037,0.822247,0.962487
PAX6,0.000000,0.000000,Source: gse62944,0.937037,0.822247,0.962487
WNT4,0.000000,0.000000,Source: gse62944,0.937037,0.822247,0.962487
FEN1,0.000000,0.000000,Source: gse62944,0.937037,0.822247,0.962487
COX7A2,0.000000,0.000000,Source: gse62944,0.937037,0.822247,0.962487
JMJD1C,0.000000,0.000000,Source: gse62944,0.937037,0.822247,0.962487
GUCY1B2,0.000000,0.000000,Source: gse62944,0.937037,0.822247,0.962487
HRH1,0.000000,0.000000,Source: gse62944,0.937037,0.822247,0.962487
PPARGC1A,0.000000,0.000000,Source: gse62944,0.937037,0.822247,0.962487
PUM2,0.000000,0.000000,Source: gse62944,0.937037,0.822247,0.962487
TERF1,0.000000,0.000000,Source: gse62944,0.937037,0.822247,0.962487
VANGL1,0.000000,0.000000,Source: gse62944,0.937037,0.822247,0.962487
MUC2,0.000000,0.000000,Source: gse62944,0.937037,0.822247,0.962487
SNX17,0.000000,0.000000,Source: gse62944,0.937037,0.822247,0.962487
LILRB1,0.000000,0.000000,Source: gse62944,0.937037,0.822247,0.962487
ZC3H14,0.000000,0.000000,Source: gse62944,0.937037,0.822247,0.962487
PHF3,0.000000,0.000000,Source: gse62944,0.937037,0.822247,0.962487
GTF3C1,0.000000,0.000000,Source: gse62944,0.937037,0.822247,0.962487
LAMP1,0.000000,0.000000,Source: gse62944,0.937037,0.822247,0.962487
BRF1,0.000000,0.000000,Source: gse62944,0.937037,0.822247,0.962487
IGFBP7,0.000000,0.000000,Source: gse62944,0.937037,0.822247,0.962487
TK2,0.000000,0.000000,Source: gse62944,0.937037,0.822247,0.962487
TBC1D2B,0.000000,0.000000,Source: gse62944,0.937037,0.822247,0.962487
CDK9,0.000000,0.000000,Source: gse62944,0.937037,0.822247,0.962487
PSMC2,0.000000,0.000000,Source: gse62944,0.937037,0.822247,0.962487
MCM3AP,0.000000,0.000000,Source: gse62944,0.937037,0.822247,0.962487
TESC,0.000000,0.000000,Source: gse62944,0.937037,0.822247,0.962487
SLC12A1,0.000000,0.000000,Source: gse62944,0.937037,0.822247,0.962487
CYTH1,0.000000,0.000000,Source: gse62944,0.937037,0.822247,0.962487
MAB21L2,0.000000,0.000000,Source: gse62944,0.937037,0.822247,0.962487
PLCB1,0.000000,0.000000,Source: gse62944,0.937037,0.822247,0.962487
TSPAN9,0.000000,0.000000,Source: gse62944,0.937037,0.822247,0.962487
DVL2,0.000000,0.000000,Source: gse62944,0.937037,0.822247,0.962487
P2RY2,0.000000,0.000000,Source: gse62944,0.937037,0.822247,0.962487
AGPAT1,0.000000,0.000000,Source: gse62944,0.937037,0.822247,0.962487
GH1,0.000000,0.000000,Source: gse62944,0.937037,0.822247,0.962487
SREBF1,0.000000,0.000000,Source: gse62944,0.937037,0.822247,0.962487
ATF6B,0.000000,0.000000,Source: gse62944,0.937037,0.822247,0.962487
PLEKHH3,0.000000,0.000000,Source: gse62944,0.937037,0.822247,0.962487
CENPF,0.000000,0.000000,Source: gse62944,0.937037,0.822247,0.962487
F11R,0.000000,0.000000,Source: gse62944,0.937037,0.822247,0.962487
NAA15,0.000000,0.000000,Source: gse62944,0.937037,0.822247,0.962487
MASP1,0.000000,0.000000,Source: gse62944,0.937037,0.822247,0.962487
APEH,0.000000,0.000000,Source: gse62944,0.937037,0.822247,0.962487
SURF2,0.000000,0.000000,Source: gse62944,0.937037,0.822247,0.962487
MILR1,0.000000,0.000000,Source: gse62944,0.937037,0.822247,0.962487
SMURF2,0.000000,0.000000,Source: gse62944,0.937037,0.822247,0.962487
PSMD6,0.000000,0.000000,Source: gse62944,0.937037,0.822247,0.962487
JRK,0.000000,0.000000,Source: gse62944,0.937037,0.822247,0.962487
MLF1,0.000000,0.000000,Source: gse62944,0.937037,0.822247,0.962487
TM6SF1,0.000000,0.000000,Source: gse62944,0.937037,0.822247,0.962487
WDR77,0.000000,0.000000,Source: gse62944,0.937037,0.822247,0.962487
ZBP1,0.000000,0.000000,Source: gse62944,0.937037,0.822247,0.962487
EMP3,0.000000,0.000000,Source: gse62944,0.937037,0.822247,0.962487
SLC19A1,0.000000,0.000000,Source: gse62944,0.937037,0.822247,0.962487
DNAJC16,0.000000,0.000000,Source: gse62944,0.937037,0.822247,0.962487
GEMIN6,0.000000,0.000000,Source: gse62944,0.937037,0.822247,0.962487
LHFPL2,0.000000,0.000000,Source: gse62944,0.937037,0.822247,0.962487
SLC7A6,0.000000,0.000000,Source: gse62944,0.937037,0.822247,0.962487
EFNA1,0.000000,0.000000,Source: gse62944,0.937037,0.822247,0.962487
SCARF1,0.000000,0.000000,Source: gse62944,0.937037,0.822247,0.962487
SEC23B,0.000000,0.000000,Source: gse62944,0.937037,0.822247,0.962487
PSD4,0.000000,0.000000,Source: gse62944,0.937037,0.822247,0.962487
CFLAR,0.000000,0.000000,Source: gse62944,0.937037,0.822247,0.962487
TULP3,0.000000,0.000000,Source: gse62944,0.937037,0.822247,0.962487
NEUROD2,0.000000,0.000000,Source: gse62944,0.937037,0.822247,0.962487
STS,0.000000,0.000000,Source: gse62944,0.937037,0.822247,0.962487
NOS1,0.000000,0.000000,Source: gse62944,0.937037,0.822247,0.962487
BTK,0.000000,0.000000,Source: gse62944,0.937037,0.822247,0.962487
SNHG3,0.000000,0.000000,Source: gse62944,0.937037,0.822247,0.962487
G3BP2,0.000000,0.000000,Source: gse62944,0.937037,0.822247,0.962487
MED15,0.000000,0.000000,Source: gse62944,0.937037,0.822247,0.962487
FHL3,0.000000,0.000000,Source: gse62944,0.937037,0.822247,0.962487
GEMIN2,0.000000,0.000000,Source: gse62944,0.937037,0.822247,0.962487
DLK2,0.000000,0.000000,Source: gse62944,0.937037,0.822247,0.962487
NGDN,0.000000,0.000000,Source: gse62944,0.937037,0.822247,0.962487
EHD3,0.000000,0.000000,Source: gse62944,0.937037,0.822247,0.962487
RPL15,0.000000,0.000000,Source: gse62944,0.937037,0.822247,0.962487
SNX2,0.000000,0.000000,Source: gse62944,0.937037,0.822247,0.962487
SETD4,0.000000,0.000000,Source: gse62944,0.937037,0.822247,0.962487
TMEM186,0.000000,0.000000,Source: gse62944,0.937037,0.822247,0.962487
OSTM1,0.000000,0.000000,Source: gse62944,0.937037,0.822247,0.962487
PTGER4,0.000000,0.000000,Source: gse62944,0.937037,0.822247,0.962487
PEX3,0.000000,0.000000,Source: gse62944,0.937037,0.822247,0.962487
DAPK2,0.000000,0.000000,Source: gse62944,0.937037,0.822247,0.962487
ZNF512B,0.000000,0.000000,Source: gse62944,0.937037,0.822247,0.962487
GUCA2B,0.000000,0.000000,Source: gse62944,0.937037,0.822247,0.962487
DDX28,0.000000,0.000000,Source: gse62944,0.937037,0.822247,0.962487
CDC42EP2,0.000000,0.000000,Source: gse62944,0.937037,0.822247,0.962487
TM9SF4,0.000000,0.000000,Source: gse62944,0.937037,0.822247,0.962487
GJC1,0.000000,0.000000,Source: gse62944,0.937037,0.822247,0.962487
BTBD8,0.000000,0.000000,Source: gse62944,0.937037,0.822247,0.962487
GAL3ST1,0.000000,0.000000,Source: gse62944,0.937037,0.822247,0.962487
SERPINB9,0.000000,0.000000,Source: gse62944,0.937037,0.822247,0.962487
BMP8B,0.000000,0.000000,Source: gse62944,0.937037,0.822247,0.962487
SEC14L2,0.000000,0.000000,Source: gse62944,0.937037,0.822247,0.962487
WLS,0.000000,0.000000,Source: gse62944,0.937037,0.822247,0.962487
SLC23A2,0.000000,0.000000,Source: gse62944,0.937037,0.822247,0.962487
MOB3B,0.000000,0.000000,Source: gse62944,0.937037,0.822247,0.962487
FSTL3,0.000000,0.000000,Source: gse62944,0.937037,0.822247,0.962487
GADD45A,0.000000,0.000000,Source: gse62944,0.937037,0.822247,0.962487
DECR1,0.000000,0.000000,Source: gse62944,0.937037,0.822247,0.962487
MAP3K14,0.000000,0.000000,Source: gse62944,0.937037,0.822247,0.962487
SCGB1D1,0.000000,0.000000,Source: gse62944,0.937037,0.822247,0.962487
OR52A1,0.000000,0.000000,Source: gse62944,0.937037,0.822247,0.962487
TMPRSS3,0.000000,0.000000,Source: gse62944,0.937037,0.822247,0.962487
FAM111A,0.000000,0.000000,Source: gse62944,0.937037,0.822247,0.962487
OR2S2,0.000000,0.000000,Source: gse62944,0.937037,0.822247,0.962487
AMPD2,0.000000,0.000000,Source: gse62944,0.937037,0.822247,0.962487
ATP2B3,0.000000,0.000000,Source: gse62944,0.937037,0.822247,0.962487
C1RL,0.000000,0.000000,Source: gse62944,0.937037,0.822247,0.962487
RABGGTA,0.000000,0.000000,Source: gse62944,0.937037,0.822247,0.962487
TRMT2A,0.000000,0.000000,Source: gse62944,0.937037,0.822247,0.962487
AMPD1,0.000000,0.000000,Source: gse62944,0.937037,0.822247,0.962487
LIG4,0.000000,0.000000,Source: gse62944,0.937037,0.822247,0.962487
BMP3,0.000000,0.000000,Source: gse62944,0.937037,0.822247,0.962487
ATP4A,0.000000,0.000000,Source: gse62944,0.937037,0.822247,0.962487
SRSF11,0.000000,0.000000,Source: gse62944,0.937037,0.822247,0.962487
C4BPB,0.000000,0.000000,Source: gse62944,0.937037,0.822247,0.962487
FOXA2,0.000000,0.000000,Source: gse62944,0.937037,0.822247,0.962487
ASAP2,0.000000,0.000000,Source: gse62944,0.937037,0.822247,0.962487
FLJ13224,0.000000,0.000000,Source: gse62944,0.937037,0.822247,0.962487
NAALAD2,0.000000,0.000000,Source: gse62944,0.937037,0.822247,0.962487
SPP1,0.000000,0.000000,Source: gse62944,0.937037,0.822247,0.962487
UTRN,0.000000,0.000000,Source: gse62944,0.937037,0.822247,0.962487
SYTL2,0.000000,0.000000,Source: gse62944,0.937037,0.822247,0.962487
HNRNPK,0.000000,0.000000,Source: gse62944,0.937037,0.822247,0.962487
BBC3,0.000000,0.000000,Source: gse62944,0.937037,0.822247,0.962487
BIRC3,0.000000,0.000000,Source: gse62944,0.937037,0.822247,0.962487
CD48,0.000000,0.000000,Source: gse62944,0.937037,0.822247,0.962487
FAM131B,0.000000,0.000000,Source: gse62944,0.937037,0.822247,0.962487
PRDM1,0.000000,0.000000,Source: gse62944,0.937037,0.822247,0.962487
SLC38A4,0.000000,0.000000,Source: gse62944,0.937037,0.822247,0.962487
STAT3,0.000000,0.000000,Source: gse62944,0.937037,0.822247,0.962487
RBM4B,0.000000,0.000000,Source: gse62944,0.937037,0.822247,0.962487
C2CD3,0.000000,0.000000,Source: gse62944,0.937037,0.822247,0.962487
PDX1,0.000000,0.000000,Source: gse62944,0.937037,0.822247,0.962487
SRBD1,0.000000,0.000000,Source: gse62944,0.937037,0.822247,0.962487
ZDHHC24,0.000000,0.000000,Source: gse62944,0.937037,0.822247,0.962487
FGF5,0.000000,0.000000,Source: gse62944,0.937037,0.822247,0.962487
PRSS21,0.000000,0.000000,Source: gse62944,0.937037,0.822247,0.962487
IL25,0.000000,0.000000,Source: gse62944,0.937037,0.822247,0.962487
FZD8,0.000000,0.000000,Source: gse62944,0.937037,0.822247,0.962487
GALNT11,0.000000,0.000000,Source: gse62944,0.937037,0.822247,0.962487
ZNRF4,0.000000,0.000000,Source: gse62944,0.937037,0.822247,0.962487
GCAT,0.000000,0.000000,Source: gse62944,0.937037,0.822247,0.962487
WNT2B,0.000000,0.000000,Source: gse62944,0.937037,0.822247,0.962487
SLC35F2,0.000000,0.000000,Source: gse62944,0.937037,0.822247,0.962487
MTIF2,0.000000,0.000000,Source: gse62944,0.937037,0.822247,0.962487
DDC,0.000000,0.000000,Source: gse62944,0.937037,0.822247,0.962487
RHBDF1,0.000000,0.000000,Source: gse62944,0.937037,0.822247,0.962487
PSTPIP2,0.000000,0.000000,Source: gse62944,0.937037,0.822247,0.962487
DPEP1,0.000000,0.000000,Source: gse62944,0.937037,0.822247,0.962487
ISOC1,0.000000,0.000000,Source: gse62944,0.937037,0.822247,0.962487
AP2M1,0.000000,0.000000,Source: gse62944,0.937037,0.822247,0.962487
ACTL6A,0.000000,0.000000,Source: gse62944,0.937037,0.822247,0.962487
PKLR,0.000000,0.000000,Source: gse62944,0.937037,0.822247,0.962487
APOBEC3F,0.000000,0.000000,Source: gse62944,0.937037,0.822247,0.962487
ARC,0.000000,0.000000,Source: gse62944,0.937037,0.822247,0.962487
WIPI1,0.000000,0.000000,Source: gse62944,0.937037,0.822247,0.962487
MYLIP,0.000000,0.000000,Source: gse62944,0.937037,0.822247,0.962487
RNF126,0.000000,0.000000,Source: gse62944,0.937037,0.822247,0.962487
SAYSD1,0.000000,0.000000,Source: gse62944,0.937037,0.822247,0.962487
SLC7A5,0.000000,0.000000,Source: gse62944,0.937037,0.822247,0.962487
LILRA5,0.000000,0.000000,Source: gse62944,0.937037,0.822247,0.962487
LMNB2,0.000000,0.000000,Source: gse62944,0.937037,0.822247,0.962487
ARHGEF12,0.000000,0.000000,Source: gse62944,0.937037,0.822247,0.962487
MICA,0.000000,0.000000,Source: gse62944,0.937037,0.822247,0.962487
LEPROTL1,0.000000,0.000000,Source: gse62944,0.937037,0.822247,0.962487
SLC12A5,0.000000,0.000000,Source: gse62944,0.937037,0.822247,0.962487
CREBL2,0.000000,0.000000,Source: gse62944,0.937037,0.822247,0.962487
MSN,0.000000,0.000000,Source: gse62944,0.937037,0.822247,0.962487
EPS8L1,0.000000,0.000000,Source: gse62944,0.937037,0.822247,0.962487
TMEM131,0.000000,0.000000,Source: gse62944,0.937037,0.822247,0.962487
GMNN,0.000000,0.000000,Source: gse62944,0.937037,0.822247,0.962487
PTMS,0.000000,0.000000,Source: gse62944,0.937037,0.822247,0.962487
AKAP5,0.000000,0.000000,Source: gse62944,0.937037,0.822247,0.962487
PSMD12,0.000000,0.000000,Source: gse62944,0.937037,0.822247,0.962487
ACD,0.000000,0.000000,Source: gse62944,0.937037,0.822247,0.962487
EFHD1,0.000000,0.000000,Source: gse62944,0.937037,0.822247,0.962487
PHF2,0.000000,0.000000,Source: gse62944,0.937037,0.822247,0.962487
DLC1,0.000000,0.000000,Source: gse62944,0.937037,0.822247,0.962487
HPS5,0.000000,0.000000,Source: gse62944,0.937037,0.822247,0.962487
F9,0.000000,0.000000,Source: gse62944,0.937037,0.822247,0.962487
IL2,0.000000,0.000000,Source: gse62944,0.937037,0.822247,0.962487
CCL25,0.000000,0.000000,Source: gse62944,0.937037,0.822247,0.962487
EDEM3,0.000000,0.000000,Source: gse62944,0.937037,0.822247,0.962487
GPRIN2,0.000000,0.000000,Source: gse62944,0.937037,0.822247,0.962487
RAD51D,0.000000,0.000000,Source: gse62944,0.937037,0.822247,0.962487
DHX29,0.000000,0.000000,Source: gse62944,0.937037,0.822247,0.962487
ACTR6,0.000000,0.000000,Source: gse62944,0.937037,0.822247,0.962487
MAG,0.000000,0.000000,Source: gse62944,0.937037,0.822247,0.962487
PODXL,0.000000,0.000000,Source: gse62944,0.937037,0.822247,0.962487
FSTL4,0.000000,0.000000,Source: gse62944,0.937037,0.822247,0.962487
ZZZ3,0.000000,0.000000,Source: gse62944,0.937037,0.822247,0.962487
TMEM160,0.000000,0.000000,Source: gse62944,0.937037,0.822247,0.962487
SRPK1,0.000000,0.000000,Source: gse62944,0.937037,0.822247,0.962487
RAG2,0.000000,0.000000,Source: gse62944,0.937037,0.822247,0.962487
POGZ,0.000000,0.000000,Source: gse62944,0.937037,0.822247,0.962487
PDHB,0.000000,0.000000,Source: gse62944,0.937037,0.822247,0.962487
WSCD1,0.000000,0.000000,Source: gse62944,0.937037,0.822247,0.962487
HDGF,0.000000,0.000000,Source: gse62944,0.937037,0.822247,0.962487
GFOD2,0.000000,0.000000,Source: gse62944,0.937037,0.822247,0.962487
ATP8B3,0.000000,0.000000,Source: gse62944,0.937037,0.822247,0.962487
CRYBA1,0.000000,0.000000,Source: gse62944,0.937037,0.822247,0.962487
LAMTOR2,0.000000,0.000000,Source: gse62944,0.937037,0.822247,0.962487
RHOBTB3,0.000000,0.000000,Source: gse62944,0.937037,0.822247,0.962487
PSMD1,0.000000,0.000000,Source: gse62944,0.937037,0.822247,0.962487
RORB,0.000000,0.000000,Source: gse62944,0.937037,0.822247,0.962487
TRAT1,0.000000,0.000000,Source: gse62944,0.937037,0.822247,0.962487
SCYL3,0.000000,0.000000,Source: gse62944,0.937037,0.822247,0.962487
SDF2,0.000000,0.000000,Source: gse62944,0.937037,0.822247,0.962487
BARX1,0.000000,0.000000,Source: gse62944,0.937037,0.822247,0.962487
VRK3,0.000000,0.000000,Source: gse62944,0.937037,0.822247,0.962487
LAGE3,0.000000,0.000000,Source: gse62944,0.937037,0.822247,0.962487
TTC28,0.000000,0.000000,Source: gse62944,0.937037,0.822247,0.962487
TMOD1,0.000000,0.000000,Source: gse62944,0.937037,0.822247,0.962487
CLCC1,0.000000,0.000000,Source: gse62944,0.937037,0.822247,0.962487
ARL8B,0.000000,0.000000,Source: gse62944,0.937037,0.822247,0.962487
FOXF1,0.000000,0.000000,Source: gse62944,0.937037,0.822247,0.962487
ITPKA,0.000000,0.000000,Source: gse62944,0.937037,0.822247,0.962487
SOD3,0.000000,0.000000,Source: gse62944,0.937037,0.822247,0.962487
SPRYD7,0.000000,0.000000,Source: gse62944,0.937037,0.822247,0.962487
DRP2,0.000000,0.000000,Source: gse62944,0.937037,0.822247,0.962487
IKBKE,0.000000,0.000000,Source: gse62944,0.937037,0.822247,0.962487
AKT3,0.000000,0.000000,Source: gse62944,0.937037,0.822247,0.962487
ZNF142,0.000000,0.000000,Source: gse62944,0.937037,0.822247,0.962487
FADS3,0.000000,0.000000,Source: gse62944,0.937037,0.822247,0.962487
ATN1,0.000000,0.000000,Source: gse62944,0.937037,0.822247,0.962487
RGS4,0.000000,0.000000,Source: gse62944,0.937037,0.822247,0.962487
NRP2,0.000000,0.000000,Source: gse62944,0.937037,0.822247,0.962487
TELO2,0.000000,0.000000,Source: gse62944,0.937037,0.822247,0.962487
IDI2-AS1,0.000000,0.000000,Source: gse62944,0.937037,0.822247,0.962487
TNFRSF11B,0.000000,0.000000,Source: gse62944,0.937037,0.822247,0.962487
ELAC1,0.000000,0.000000,Source: gse62944,0.937037,0.822247,0.962487
ZNF141,0.000000,0.000000,Source: gse62944,0.937037,0.822247,0.962487
SLC12A2,0.000000,0.000000,Source: gse62944,0.937037,0.822247,0.962487
LIG3,0.000000,0.000000,Source: gse62944,0.937037,0.822247,0.962487
OGG1,0.000000,0.000000,Source: gse62944,0.937037,0.822247,0.962487
AFTPH,0.000000,0.000000,Source: gse62944,0.937037,0.822247,0.962487
ATOX1,0.000000,0.000000,Source: gse62944,0.937037,0.822247,0.962487
RHOG,0.000000,0.000000,Source: gse62944,0.937037,0.822247,0.962487
B4GALT5,0.000000,0.000000,Source: gse62944,0.937037,0.822247,0.962487
RNF24,0.000000,0.000000,Source: gse62944,0.937037,0.822247,0.962487
NLRX1,0.000000,0.000000,Source: gse62944,0.937037,0.822247,0.962487
HOXA7,0.000000,0.000000,Source: gse62944,0.937037,0.822247,0.962487
MAF,0.000000,0.000000,Source: gse62944,0.937037,0.822247,0.962487
MARK1,0.000000,0.000000,Source: gse62944,0.937037,0.822247,0.962487
NGFR,0.000000,0.000000,Source: gse62944,0.937037,0.822247,0.962487
HTR6,0.000000,0.000000,Source: gse62944,0.937037,0.822247,0.962487
SLC15A1,0.000000,0.000000,Source: gse62944,0.937037,0.822247,0.962487
ANKMY1,0.000000,0.000000,Source: gse62944,0.937037,0.822247,0.962487
GYPC,0.000000,0.000000,Source: gse62944,0.937037,0.822247,0.962487
ASCC2,0.000000,0.000000,Source: gse62944,0.937037,0.822247,0.962487
ACAA2,0.000000,0.000000,Source: gse62944,0.937037,0.822247,0.962487
GRIA4,0.000000,0.000000,Source: gse62944,0.937037,0.822247,0.962487
NOLC1,0.000000,0.000000,Source: gse62944,0.937037,0.822247,0.962487
UCHL5,0.000000,0.000000,Source: gse62944,0.937037,0.822247,0.962487
INTS1,0.000000,0.000000,Source: gse62944,0.937037,0.822247,0.962487
PAPOLG,0.000000,0.000000,Source: gse62944,0.937037,0.822247,0.962487
SCNN1B,0.000000,0.000000,Source: gse62944,0.937037,0.822247,0.962487
MYD88,0.000000,0.000000,Source: gse62944,0.937037,0.822247,0.962487
STRADA,0.000000,0.000000,Source: gse62944,0.937037,0.822247,0.962487
IKZF3,0.000000,0.000000,Source: gse62944,0.937037,0.822247,0.962487
PIGL,0.000000,0.000000,Source: gse62944,0.937037,0.822247,0.962487
SCAP,0.000000,0.000000,Source: gse62944,0.937037,0.822247,0.962487
ZFC3H1,0.000000,0.000000,Source: gse62944,0.937037,0.822247,0.962487
SYNCRIP,0.000000,0.000000,Source: gse62944,0.937037,0.822247,0.962487
MCHR1,0.000000,0.000000,Source: gse62944,0.937037,0.822247,0.962487
CASS4,0.000000,0.000000,Source: gse62944,0.937037,0.822247,0.962487
TRIM29,0.000000,0.000000,Source: gse62944,0.937037,0.822247,0.962487
CEACAM6,0.000000,0.000000,Source: gse62944,0.937037,0.822247,0.962487
OVOL1,0.000000,0.000000,Source: gse62944,0.937037,0.822247,0.962487
CHRM4,0.000000,0.000000,Source: gse62944,0.937037,0.822247,0.962487
TTC9,0.000000,0.000000,Source: gse62944,0.937037,0.822247,0.962487
SGCD,0.000000,0.000000,Source: gse62944,0.937037,0.822247,0.962487
RBM26,0.000000,0.000000,Source: gse62944,0.937037,0.822247,0.962487
KLKB1,0.000000,0.000000,Source: gse62944,0.937037,0.822247,0.962487
PICALM,0.000000,0.000000,Source: gse62944,0.937037,0.822247,0.962487
TINAGL1,0.000000,0.000000,Source: gse62944,0.937037,0.822247,0.962487
ZNF35,0.000000,0.000000,Source: gse62944,0.937037,0.822247,0.962487
PRR16,0.000000,0.000000,Source: gse62944,0.937037,0.822247,0.962487
ECSIT,0.000000,0.000000,Source: gse62944,0.937037,0.822247,0.962487
IL12A,0.000000,0.000000,Source: gse62944,0.937037,0.822247,0.962487
BBS7,0.000000,0.000000,Source: gse62944,0.937037,0.822247,0.962487
MAGEC3,0.000000,0.000000,Source: gse62944,0.937037,0.822247,0.962487
ACTR3,0.000000,0.000000,Source: gse62944,0.937037,0.822247,0.962487
SS18L2,0.000000,0.000000,Source: gse62944,0.937037,0.822247,0.962487
TREM2,0.000000,0.000000,Source: gse62944,0.937037,0.822247,0.962487
TMEM109,0.000000,0.000000,Source: gse62944,0.937037,0.822247,0.962487
SPDEF,0.000000,0.000000,Source: gse62944,0.937037,0.822247,0.962487
PGC,0.000000,0.000000,Source: gse62944,0.937037,0.822247,0.962487
MBNL3,0.000000,0.000000,Source: gse62944,0.937037,0.822247,0.962487
CDC20,0.000000,0.000000,Source: gse62944,0.937037,0.822247,0.962487
REEP2,0.000000,0.000000,Source: gse62944,0.937037,0.822247,0.962487
THADA,0.000000,0.000000,Source: gse62944,0.937037,0.822247,0.962487
F2R,0.000000,0.000000,Source: gse62944,0.937037,0.822247,0.962487
FSCN2,0.000000,0.000000,Source: gse62944,0.937037,0.822247,0.962487
ZBTB39,0.000000,0.000000,Source: gse62944,0.937037,0.822247,0.962487
CASP3,0.000000,0.000000,Source: gse62944,0.937037,0.822247,0.962487
CROT,0.000000,0.000000,Source: gse62944,0.937037,0.822247,0.962487
TCN2,0.000000,0.000000,Source: gse62944,0.937037,0.822247,0.962487
MTPAP,0.000000,0.000000,Source: gse62944,0.937037,0.822247,0.962487
NDUFA4L2,0.000000,0.000000,Source: gse62944,0.937037,0.822247,0.962487
XCR1,0.000000,0.000000,Source: gse62944,0.937037,0.822247,0.962487
DOCK6,0.000000,0.000000,Source: gse62944,0.937037,0.822247,0.962487
PPFIBP2,0.000000,0.000000,Source: gse62944,0.937037,0.822247,0.962487
FGFR2,0.000000,0.000000,Source: gse62944,0.937037,0.822247,0.962487
ATR,0.000000,0.000000,Source: gse62944,0.937037,0.822247,0.962487
HOXC11,0.000000,0.000000,Source: gse62944,0.937037,0.822247,0.962487
ARVCF,0.000000,0.000000,Source: gse62944,0.937037,0.822247,0.962487
GUCA2A,0.000000,0.000000,Source: gse62944,0.937037,0.822247,0.962487
FKBP6,0.000000,0.000000,Source: gse62944,0.937037,0.822247,0.962487
RYBP,0.000000,0.000000,Source: gse62944,0.937037,0.822247,0.962487
TBC1D10B,0.000000,0.000000,Source: gse62944,0.937037,0.822247,0.962487
INTS5,0.000000,0.000000,Source: gse62944,0.937037,0.822247,0.962487
PHKA2,0.000000,0.000000,Source: gse62944,0.937037,0.822247,0.962487
YPEL5,0.000000,0.000000,Source: gse62944,0.937037,0.822247,0.962487
MAPK8IP3,0.000000,0.000000,Source: gse62944,0.937037,0.822247,0.962487
GPR87,0.000000,0.000000,Source: gse62944,0.937037,0.822247,0.962487
GDPD2,0.000000,0.000000,Source: gse62944,0.937037,0.822247,0.962487
MLLT1,0.000000,0.000000,Source: gse62944,0.937037,0.822247,0.962487
MRPS30,0.000000,0.000000,Source: gse62944,0.937037,0.822247,0.962487
SEC24C,0.000000,0.000000,Source: gse62944,0.937037,0.822247,0.962487
GPR3,0.000000,0.000000,Source: gse62944,0.937037,0.822247,0.962487
PAPSS1,0.000000,0.000000,Source: gse62944,0.937037,0.822247,0.962487
SYCP1,0.000000,0.000000,Source: gse62944,0.937037,0.822247,0.962487
ATG2B,0.000000,0.000000,Source: gse62944,0.937037,0.822247,0.962487
MAGEF1,0.000000,0.000000,Source: gse62944,0.937037,0.822247,0.962487
MAGI2,0.000000,0.000000,Source: gse62944,0.937037,0.822247,0.962487
SLC22A7,0.000000,0.000000,Source: gse62944,0.937037,0.822247,0.962487
WSB1,0.000000,0.000000,Source: gse62944,0.937037,0.822247,0.962487
LTBP1,0.000000,0.000000,Source: gse62944,0.937037,0.822247,0.962487
MAP3K1,0.000000,0.000000,Source: gse62944,0.937037,0.822247,0.962487
TTC33,0.000000,0.000000,Source: gse62944,0.937037,0.822247,0.962487
GBE1,0.000000,0.000000,Source: gse62944,0.937037,0.822247,0.962487
CLIP2,0.000000,0.000000,Source: gse62944,0.937037,0.822247,0.962487
HIC1,0.000000,0.000000,Source: gse62944,0.937037,0.822247,0.962487
PRAME,0.000000,0.000000,Source: gse62944,0.937037,0.822247,0.962487
DMD,0.000000,0.000000,Source: gse62944,0.937037,0.822247,0.962487
TSHB,0.000000,0.000000,Source: gse62944,0.937037,0.822247,0.962487
MRPL15,0.000000,0.000000,Source: gse62944,0.937037,0.822247,0.962487
ANKRD6,0.000000,0.000000,Source: gse62944,0.937037,0.822247,0.962487
MAP3K12,0.000000,0.000000,Source: gse62944,0.937037,0.822247,0.962487
ATP13A3,0.000000,0.000000,Source: gse62944,0.937037,0.822247,0.962487
NECAB3,0.000000,0.000000,Source: gse62944,0.937037,0.822247,0.962487
SULF1,0.000000,0.000000,Source: gse62944,0.937037,0.822247,0.962487
FABP2,0.000000,0.000000,Source: gse62944,0.937037,0.822247,0.962487
ITGBL1,0.000000,0.000000,Source: gse62944,0.937037,0.822247,0.962487
SOBP,0.000000,0.000000,Source: gse62944,0.937037,0.822247,0.962487
MYO15A,0.000000,0.000000,Source: gse62944,0.937037,0.822247,0.962487
SF3A1,0.000000,0.000000,Source: gse62944,0.937037,0.822247,0.962487
SLURP1,0.000000,0.000000,Source: gse62944,0.937037,0.822247,0.962487
PLEKHA8P1,0.000000,0.000000,Source: gse62944,0.937037,0.822247,0.962487
TOB2,0.000000,0.000000,Source: gse62944,0.937037,0.822247,0.962487
NNMT,0.000000,0.000000,Source: gse62944,0.937037,0.822247,0.962487
CLDN16,0.000000,0.000000,Source: gse62944,0.937037,0.822247,0.962487
FRAT2,0.000000,0.000000,Source: gse62944,0.937037,0.822247,0.962487
BRMS1,0.000000,0.000000,Source: gse62944,0.937037,0.822247,0.962487
SLC28A3,0.000000,0.000000,Source: gse62944,0.937037,0.822247,0.962487
DDX1,0.000000,0.000000,Source: gse62944,0.937037,0.822247,0.962487
PLCB3,0.000000,0.000000,Source: gse62944,0.937037,0.822247,0.962487
SNX19,0.000000,0.000000,Source: gse62944,0.937037,0.822247,0.962487
CLEC2D,0.000000,0.000000,Source: gse62944,0.937037,0.822247,0.962487
PMAIP1,0.000000,0.000000,Source: gse62944,0.937037,0.822247,0.962487
MYB,0.000000,0.000000,Source: gse62944,0.937037,0.822247,0.962487
NPTXR,0.000000,0.000000,Source: gse62944,0.937037,0.822247,0.962487
SULT1B1,0.000000,0.000000,Source: gse62944,0.937037,0.822247,0.962487
PRKAB1,0.000000,0.000000,Source: gse62944,0.937037,0.822247,0.962487
ROR2,0.000000,0.000000,Source: gse62944,0.937037,0.822247,0.962487
PRKAR1A,0.000000,0.000000,Source: gse62944,0.937037,0.822247,0.962487
GPR17,0.000000,0.000000,Source: gse62944,0.937037,0.822247,0.962487
PRPS1L1,0.000000,0.000000,Source: gse62944,0.937037,0.822247,0.962487
ZNF771,0.000000,0.000000,Source: gse62944,0.937037,0.822247,0.962487
ADCY8,0.000000,0.000000,Source: gse62944,0.937037,0.822247,0.962487
CCNO,0.000000,0.000000,Source: gse62944,0.937037,0.822247,0.962487
TNFRSF14,0.000000,0.000000,Source: gse62944,0.937037,0.822247,0.962487
BCS1L,0.000000,0.000000,Source: gse62944,0.937037,0.822247,0.962487
FECH,0.000000,0.000000,Source: gse62944,0.937037,0.822247,0.962487
PARD6A,0.000000,0.000000,Source: gse62944,0.937037,0.822247,0.962487
CDH15,0.000000,0.000000,Source: gse62944,0.937037,0.822247,0.962487
MMRN2,0.000000,0.000000,Source: gse62944,0.937037,0.822247,0.962487
AP1G2,0.000000,0.000000,Source: gse62944,0.937037,0.822247,0.962487
S100A9,0.000000,0.000000,Source: gse62944,0.937037,0.822247,0.962487
ST14,0.000000,0.000000,Source: gse62944,0.937037,0.822247,0.962487
MSH6,0.000000,0.000000,Source: gse62944,0.937037,0.822247,0.962487
AHSA1,0.000000,0.000000,Source: gse62944,0.937037,0.822247,0.962487
TCF20,0.000000,0.000000,Source: gse62944,0.937037,0.822247,0.962487
UFC1,0.000000,0.000000,Source: gse62944,0.937037,0.822247,0.962487
CCDC9,0.000000,0.000000,Source: gse62944,0.937037,0.822247,0.962487
B2M,0.000000,0.000000,Source: gse62944,0.937037,0.822247,0.962487
SEC13,0.000000,0.000000,Source: gse62944,0.937037,0.822247,0.962487
FAM120A,0.000000,0.000000,Source: gse62944,0.937037,0.822247,0.962487
PCDHB13,0.000000,0.000000,Source: gse62944,0.937037,0.822247,0.962487
CSF1,0.000000,0.000000,Source: gse62944,0.937037,0.822247,0.962487
FCGR2B,0.000000,0.000000,Source: gse62944,0.937037,0.822247,0.962487
MBNL1,0.000000,0.000000,Source: gse62944,0.937037,0.822247,0.962487
PI4KB,0.000000,0.000000,Source: gse62944,0.937037,0.822247,0.962487
KHDRBS3,0.000000,0.000000,Source: gse62944,0.937037,0.822247,0.962487
LMOD1,0.000000,0.000000,Source: gse62944,0.937037,0.822247,0.962487
GNA11,0.000000,0.000000,Source: gse62944,0.937037,0.822247,0.962487
PARP1,0.000000,0.000000,Source: gse62944,0.937037,0.822247,0.962487
TBX2,0.000000,0.000000,Source: gse62944,0.937037,0.822247,0.962487
CLIC3,0.000000,0.000000,Source: gse62944,0.937037,0.822247,0.962487
NOD2,0.000000,0.000000,Source: gse62944,0.937037,0.822247,0.962487
ZNF274,0.000000,0.000000,Source: gse62944,0.937037,0.822247,0.962487
ANK2,0.000000,0.000000,Source: gse62944,0.937037,0.822247,0.962487
TNNI1,0.000000,0.000000,Source: gse62944,0.937037,0.822247,0.962487
FLNA,0.000000,0.000000,Source: gse62944,0.937037,0.822247,0.962487
LYZL6,0.000000,0.000000,Source: gse62944,0.937037,0.822247,0.962487
SPRY4,0.000000,0.000000,Source: gse62944,0.937037,0.822247,0.962487
ZZEF1,0.000000,0.000000,Source: gse62944,0.937037,0.822247,0.962487
EVX1,0.000000,0.000000,Source: gse62944,0.937037,0.822247,0.962487
EXD2,0.000000,0.000000,Source: gse62944,0.937037,0.822247,0.962487
MAP3K2,0.000000,0.000000,Source: gse62944,0.937037,0.822247,0.962487
CLIC2,0.000000,0.000000,Source: gse62944,0.937037,0.822247,0.962487
OLFM4,0.000000,0.000000,Source: gse62944,0.937037,0.822247,0.962487
LRP4,0.000000,0.000000,Source: gse62944,0.937037,0.822247,0.962487
PSPC1,0.000000,0.000000,Source: gse62944,0.937037,0.822247,0.962487
KCNC1,0.000000,0.000000,Source: gse62944,0.937037,0.822247,0.962487
PRKAA1,0.000000,0.000000,Source: gse62944,0.937037,0.822247,0.962487
ACTN2,0.000000,0.000000,Source: gse62944,0.937037,0.822247,0.962487
THRAP3,0.000000,0.000000,Source: gse62944,0.937037,0.822247,0.962487
SCMH1,0.000000,0.000000,Source: gse62944,0.937037,0.822247,0.962487
LILRB3,0.000000,0.000000,Source: gse62944,0.937037,0.822247,0.962487
TBC1D9,0.000000,0.000000,Source: gse62944,0.937037,0.822247,0.962487
TMEM176B,0.000000,0.000000,Source: gse62944,0.937037,0.822247,0.962487
SLC39A9,0.000000,0.000000,Source: gse62944,0.937037,0.822247,0.962487
TNS4,0.000000,0.000000,Source: gse62944,0.937037,0.822247,0.962487
XRCC5,0.000000,0.000000,Source: gse62944,0.937037,0.822247,0.962487
BAD,0.000000,0.000000,Source: gse62944,0.937037,0.822247,0.962487
CHRM5,0.000000,0.000000,Source: gse62944,0.937037,0.822247,0.962487
DDX49,0.000000,0.000000,Source: gse62944,0.937037,0.822247,0.962487
HMGXB3,0.000000,0.000000,Source: gse62944,0.937037,0.822247,0.962487
REG3A,0.000000,0.000000,Source: gse62944,0.937037,0.822247,0.962487
SPAG6,0.000000,0.000000,Source: gse62944,0.937037,0.822247,0.962487
LRRK1,0.000000,0.000000,Source: gse62944,0.937037,0.822247,0.962487
SYF2,0.000000,0.000000,Source: gse62944,0.937037,0.822247,0.962487
RAB3GAP1,0.000000,0.000000,Source: gse62944,0.937037,0.822247,0.962487
TUBA4A,0.000000,0.000000,Source: gse62944,0.937037,0.822247,0.962487
PROCR,0.000000,0.000000,Source: gse62944,0.937037,0.822247,0.962487
RNF13,0.000000,0.000000,Source: gse62944,0.937037,0.822247,0.962487
TIMM44,0.000000,0.000000,Source: gse62944,0.937037,0.822247,0.962487
WT1,0.000000,0.000000,Source: gse62944,0.937037,0.822247,0.962487
MAP3K4,0.000000,0.000000,Source: gse62944,0.937037,0.822247,0.962487
C1orf54,0.000000,0.000000,Source: gse62944,0.937037,0.822247,0.962487
NPY1R,0.000000,0.000000,Source: gse62944,0.937037,0.822247,0.962487
TSSK2,0.000000,0.000000,Source: gse62944,0.937037,0.822247,0.962487
TAS2R10,0.000000,0.000000,Source: gse62944,0.937037,0.822247,0.962487
KDELR1,0.000000,0.000000,Source: gse62944,0.937037,0.822247,0.962487
ATP8A1,0.000000,0.000000,Source: gse62944,0.937037,0.822247,0.962487
HOXD3,0.000000,0.000000,Source: gse62944,0.937037,0.822247,0.962487
CNTN1,0.000000,0.000000,Source: gse62944,0.937037,0.822247,0.962487
TRPV4,0.000000,0.000000,Source: gse62944,0.937037,0.822247,0.962487
PTPRT,0.000000,0.000000,Source: gse62944,0.937037,0.822247,0.962487
ARF6,0.000000,0.000000,Source: gse62944,0.937037,0.822247,0.962487
RPS21,0.000000,0.000000,Source: gse62944,0.937037,0.822247,0.962487
ELL2,0.000000,0.000000,Source: gse62944,0.937037,0.822247,0.962487
MC4R,0.000000,0.000000,Source: gse62944,0.937037,0.822247,0.962487
PTK2B,0.000000,0.000000,Source: gse62944,0.937037,0.822247,0.962487
SLC5A5,0.000000,0.000000,Source: gse62944,0.937037,0.822247,0.962487
CCPG1,0.000000,0.000000,Source: gse62944,0.937037,0.822247,0.962487
IMP4,0.000000,0.000000,Source: gse62944,0.937037,0.822247,0.962487
LY6D,0.000000,0.000000,Source: gse62944,0.937037,0.822247,0.962487
IL10RB,0.000000,0.000000,Source: gse62944,0.937037,0.822247,0.962487
MLH1,0.000000,0.000000,Source: gse62944,0.937037,0.822247,0.962487
NME1,0.000000,0.000000,Source: gse62944,0.937037,0.822247,0.962487
MAP2K5,0.000000,0.000000,Source: gse62944,0.937037,0.822247,0.962487
CHD5,0.000000,0.000000,Source: gse62944,0.937037,0.822247,0.962487
HLA-DRB1,0.000000,0.000000,Source: gse62944,0.937037,0.822247,0.962487
ARL14,0.000000,0.000000,Source: gse62944,0.937037,0.822247,0.962487
BUB1B,0.000000,0.000000,Source: gse62944,0.937037,0.822247,0.962487
RAB11FIP5,0.000000,0.000000,Source: gse62944,0.937037,0.822247,0.962487
PRPF4,0.000000,0.000000,Source: gse62944,0.937037,0.822247,0.962487
PDE4DIP,0.000000,0.000000,Source: gse62944,0.937037,0.822247,0.962487
HEATR6,0.000000,0.000000,Source: gse62944,0.937037,0.822247,0.962487
RPA3,0.000000,0.000000,Source: gse62944,0.937037,0.822247,0.962487
LIMK1,0.000000,0.000000,Source: gse62944,0.937037,0.822247,0.962487
SHCBP1L,0.000000,0.000000,Source: gse62944,0.937037,0.822247,0.962487
YES1,0.000000,0.000000,Source: gse62944,0.937037,0.822247,0.962487
THTPA,0.000000,0.000000,Source: gse62944,0.937037,0.822247,0.962487
LPA,0.000000,0.000000,Source: gse62944,0.937037,0.822247,0.962487
GPR52,0.000000,0.000000,Source: gse62944,0.937037,0.822247,0.962487
HOXA4,0.000000,0.000000,Source: gse62944,0.937037,0.822247,0.962487
TFG,0.000000,0.000000,Source: gse62944,0.937037,0.822247,0.962487
KCNQ1DN,0.000000,0.000000,Source: gse62944,0.937037,0.822247,0.962487
TTLL7,0.000000,0.000000,Source: gse62944,0.937037,0.822247,0.962487
KRT75,0.000000,0.000000,Source: gse62944,0.937037,0.822247,0.962487
WIPI2,0.000000,0.000000,Source: gse62944,0.937037,0.822247,0.962487
OVGP1,0.000000,0.000000,Source: gse62944,0.937037,0.822247,0.962487
PDE4A,0.000000,0.000000,Source: gse62944,0.937037,0.822247,0.962487
PFDN6,0.000000,0.000000,Source: gse62944,0.937037,0.822247,0.962487
TAF12,0.000000,0.000000,Source: gse62944,0.937037,0.822247,0.962487
SIGLEC8,0.000000,0.000000,Source: gse62944,0.937037,0.822247,0.962487
IRF4,0.000000,0.000000,Source: gse62944,0.937037,0.822247,0.962487
PDIA3,0.000000,0.000000,Source: gse62944,0.937037,0.822247,0.962487
SP110,0.000000,0.000000,Source: gse62944,0.937037,0.822247,0.962487
DICER1,0.000000,0.000000,Source: gse62944,0.937037,0.822247,0.962487
INSIG1,0.000000,0.000000,Source: gse62944,0.937037,0.822247,0.962487
TPX2,0.000000,0.000000,Source: gse62944,0.937037,0.822247,0.962487
TRIM45,0.000000,0.000000,Source: gse62944,0.937037,0.822247,0.962487
TAS2R4,0.000000,0.000000,Source: gse62944,0.937037,0.822247,0.962487
PLXDC1,0.000000,0.000000,Source: gse62944,0.937037,0.822247,0.962487
SGK2,0.000000,0.000000,Source: gse62944,0.937037,0.822247,0.962487
GALNT6,0.000000,0.000000,Source: gse62944,0.937037,0.822247,0.962487
MKI67,0.000000,0.000000,Source: gse62944,0.937037,0.822247,0.962487
PTK6,0.000000,0.000000,Source: gse62944,0.937037,0.822247,0.962487
TRIM37,0.000000,0.000000,Source: gse62944,0.937037,0.822247,0.962487
PHKG2,0.000000,0.000000,Source: gse62944,0.937037,0.822247,0.962487
RELN,0.000000,0.000000,Source: gse62944,0.937037,0.822247,0.962487
NAT1,0.000000,0.000000,Source: gse62944,0.937037,0.822247,0.962487
EEF2,0.000000,0.000000,Source: gse62944,0.937037,0.822247,0.962487
KDM1A,0.000000,0.000000,Source: gse62944,0.937037,0.822247,0.962487
ZYX,0.000000,0.000000,Source: gse62944,0.937037,0.822247,0.962487
PPP2CA,0.000000,0.000000,Source: gse62944,0.937037,0.822247,0.962487
PTPRS,0.000000,0.000000,Source: gse62944,0.937037,0.822247,0.962487
GPA33,0.000000,0.000000,Source: gse62944,0.937037,0.822247,0.962487
UBAP2L,0.000000,0.000000,Source: gse62944,0.937037,0.822247,0.962487
MXRA5,0.000000,0.000000,Source: gse62944,0.937037,0.822247,0.962487
APPL2,0.000000,0.000000,Source: gse62944,0.937037,0.822247,0.962487
CHAT,0.000000,0.000000,Source: gse62944,0.937037,0.822247,0.962487
FCER2,0.000000,0.000000,Source: gse62944,0.937037,0.822247,0.962487
GRIP2,0.000000,0.000000,Source: gse62944,0.937037,0.822247,0.962487
MKRN2,0.000000,0.000000,Source: gse62944,0.937037,0.822247,0.962487
TRPM3,0.000000,0.000000,Source: gse62944,0.937037,0.822247,0.962487
TSPAN13,0.000000,0.000000,Source: gse62944,0.937037,0.822247,0.962487
LINC00472,0.000000,0.000000,Source: gse62944,0.937037,0.822247,0.962487
RPP25,0.000000,0.000000,Source: gse62944,0.937037,0.822247,0.962487
EVPL,0.000000,0.000000,Source: gse62944,0.937037,0.822247,0.962487
RUVBL1,0.000000,0.000000,Source: gse62944,0.937037,0.822247,0.962487
TAS2R8,0.000000,0.000000,Source: gse62944,0.937037,0.822247,0.962487
EMX1,0.000000,0.000000,Source: gse62944,0.937037,0.822247,0.962487
LSM1,0.000000,0.000000,Source: gse62944,0.937037,0.822247,0.962487
SRP54,0.000000,0.000000,Source: gse62944,0.937037,0.822247,0.962487
DHODH,0.000000,0.000000,Source: gse62944,0.937037,0.822247,0.962487
DNAJC24,0.000000,0.000000,Source: gse62944,0.937037,0.822247,0.962487
TM9SF3,0.000000,0.000000,Source: gse62944,0.937037,0.822247,0.962487
TEKT2,0.000000,0.000000,Source: gse62944,0.937037,0.822247,0.962487
ZNF638,0.000000,0.000000,Source: gse62944,0.937037,0.822247,0.962487
TBX4,0.000000,0.000000,Source: gse62944,0.937037,0.822247,0.962487
UTF1,0.000000,0.000000,Source: gse62944,0.937037,0.822247,0.962487
BAG2,0.000000,0.000000,Source: gse62944,0.937037,0.822247,0.962487
STIP1,0.000000,0.000000,Source: gse62944,0.937037,0.822247,0.962487
MR1,0.000000,0.000000,Source: gse62944,0.937037,0.822247,0.962487
SENP2,0.000000,0.000000,Source: gse62944,0.937037,0.822247,0.962487
GAST,0.000000,0.000000,Source: gse62944,0.937037,0.822247,0.962487
PIM2,0.000000,0.000000,Source: gse62944,0.937037,0.822247,0.962487
EFCAB2,0.000000,0.000000,Source: gse62944,0.937037,0.822247,0.962487
ARMC6,0.000000,0.000000,Source: gse62944,0.937037,0.822247,0.962487
MT1M,0.000000,0.000000,Source: gse62944,0.937037,0.822247,0.962487
CYP2E1,0.000000,0.000000,Source: gse62944,0.937037,0.822247,0.962487
PFAS,0.000000,0.000000,Source: gse62944,0.937037,0.822247,0.962487
BCAM,0.000000,0.000000,Source: gse62944,0.937037,0.822247,0.962487
CALCRL,0.000000,0.000000,Source: gse62944,0.937037,0.822247,0.962487
TOR1AIP2,0.000000,0.000000,Source: gse62944,0.937037,0.822247,0.962487
VCL,0.000000,0.000000,Source: gse62944,0.937037,0.822247,0.962487
GBA3,0.000000,0.000000,Source: gse62944,0.937037,0.822247,0.962487
TRADD,0.000000,0.000000,Source: gse62944,0.937037,0.822247,0.962487
IDH1,0.000000,0.000000,Source: gse62944,0.937037,0.822247,0.962487
CASP5,0.000000,0.000000,Source: gse62944,0.937037,0.822247,0.962487
NRIP3,0.000000,0.000000,Source: gse62944,0.937037,0.822247,0.962487
DYNLL1,0.000000,0.000000,Source: gse62944,0.937037,0.822247,0.962487
PLEKHG6,0.000000,0.000000,Source: gse62944,0.937037,0.822247,0.962487
FXYD7,0.000000,0.000000,Source: gse62944,0.937037,0.822247,0.962487
DNAJB1,0.000000,0.000000,Source: gse62944,0.937037,0.822247,0.962487
CUL4A,0.000000,0.000000,Source: gse62944,0.937037,0.822247,0.962487
C9,0.000000,0.000000,Source: gse62944,0.937037,0.822247,0.962487
BCL2,0.000000,0.000000,Source: gse62944,0.937037,0.822247,0.962487
RAMP2,0.000000,0.000000,Source: gse62944,0.937037,0.822247,0.962487
MGC2889,0.000000,0.000000,Source: gse62944,0.937037,0.822247,0.962487
C1QA,0.000000,0.000000,Source: gse62944,0.937037,0.822247,0.962487
TERT,0.000000,0.000000,Source: gse62944,0.937037,0.822247,0.962487
TRPC6,0.000000,0.000000,Source: gse62944,0.937037,0.822247,0.962487
TRIP4,0.000000,0.000000,Source: gse62944,0.937037,0.822247,0.962487
RELB,0.000000,0.000000,Source: gse62944,0.937037,0.822247,0.962487
HOXD1,0.000000,0.000000,Source: gse62944,0.937037,0.822247,0.962487
PIK3R5,0.000000,0.000000,Source: gse62944,0.937037,0.822247,0.962487
TONSL,0.000000,0.000000,Source: gse62944,0.937037,0.822247,0.962487
CDC37,0.000000,0.000000,Source: gse62944,0.937037,0.822247,0.962487
KRT34,0.000000,0.000000,Source: gse62944,0.937037,0.822247,0.962487
DIS3,0.000000,0.000000,Source: gse62944,0.937037,0.822247,0.962487
IFNGR2,0.000000,0.000000,Source: gse62944,0.937037,0.822247,0.962487
THAP4,0.000000,0.000000,Source: gse62944,0.937037,0.822247,0.962487
HOXC5,0.000000,0.000000,Source: gse62944,0.937037,0.822247,0.962487
AKAP17A,0.000000,0.000000,Source: gse62944,0.937037,0.822247,0.962487
RPS6KA3,0.000000,0.000000,Source: gse62944,0.937037,0.822247,0.962487
SUPV3L1,0.000000,0.000000,Source: gse62944,0.937037,0.822247,0.962487
MSH2,0.000000,0.000000,Source: gse62944,0.937037,0.822247,0.962487
FANCL,0.000000,0.000000,Source: gse62944,0.937037,0.822247,0.962487
TMED3,0.000000,0.000000,Source: gse62944,0.937037,0.822247,0.962487
RETN,0.000000,0.000000,Source: gse62944,0.937037,0.822247,0.962487
CLEC4A,0.000000,0.000000,Source: gse62944,0.937037,0.822247,0.962487
GHITM,0.000000,0.000000,Source: gse62944,0.937037,0.822247,0.962487
PIP5K1B,0.000000,0.000000,Source: gse62944,0.937037,0.822247,0.962487
ELMO2,0.000000,0.000000,Source: gse62944,0.937037,0.822247,0.962487
MMP8,0.000000,0.000000,Source: gse62944,0.937037,0.822247,0.962487
DPH2,0.000000,0.000000,Source: gse62944,0.937037,0.822247,0.962487
GNRH1,0.000000,0.000000,Source: gse62944,0.937037,0.822247,0.962487
PNPO,0.000000,0.000000,Source: gse62944,0.937037,0.822247,0.962487
PCYT1B,0.000000,0.000000,Source: gse62944,0.937037,0.822247,0.962487
DCN,0.000000,0.000000,Source: gse62944,0.937037,0.822247,0.962487
MMP11,0.000000,0.000000,Source: gse62944,0.937037,0.822247,0.962487
KCNAB2,0.000000,0.000000,Source: gse62944,0.937037,0.822247,0.962487
RBMXL2,0.000000,0.000000,Source: gse62944,0.937037,0.822247,0.962487
RHBDL1,0.000000,0.000000,Source: gse62944,0.937037,0.822247,0.962487
HHEX,0.000000,0.000000,Source: gse62944,0.937037,0.822247,0.962487
KCNH1,0.000000,0.000000,Source: gse62944,0.937037,0.822247,0.962487
RARA,0.000000,0.000000,Source: gse62944,0.937037,0.822247,0.962487
COX10,0.000000,0.000000,Source: gse62944,0.937037,0.822247,0.962487
NDEL1,0.000000,0.000000,Source: gse62944,0.937037,0.822247,0.962487
RHOBTB1,0.000000,0.000000,Source: gse62944,0.937037,0.822247,0.962487
TATDN2,0.000000,0.000000,Source: gse62944,0.937037,0.822247,0.962487
MYO1D,0.000000,0.000000,Source: gse62944,0.937037,0.822247,0.962487
WEE1,0.000000,0.000000,Source: gse62944,0.937037,0.822247,0.962487
PTGDS,0.000000,0.000000,Source: gse62944,0.937037,0.822247,0.962487
VPS13D,0.000000,0.000000,Source: gse62944,0.937037,0.822247,0.962487
DENND1C,0.000000,0.000000,Source: gse62944,0.937037,0.822247,0.962487
OSBPL7,0.000000,0.000000,Source: gse62944,0.937037,0.822247,0.962487
ATP13A1,0.000000,0.000000,Source: gse62944,0.937037,0.822247,0.962487
PRCC,0.000000,0.000000,Source: gse62944,0.937037,0.822247,0.962487
BORA,0.000000,0.000000,Source: gse62944,0.937037,0.822247,0.962487
SMAD1,0.000000,0.000000,Source: gse62944,0.937037,0.822247,0.962487
GNPTAB,0.000000,0.000000,Source: gse62944,0.937037,0.822247,0.962487
C1orf35,0.000000,0.000000,Source: gse62944,0.937037,0.822247,0.962487
OXT,0.000000,0.000000,Source: gse62944,0.937037,0.822247,0.962487
GRM7,0.000000,0.000000,Source: gse62944,0.937037,0.822247,0.962487
PYY,0.000000,0.000000,Source: gse62944,0.937037,0.822247,0.962487
MDM2,0.000000,0.000000,Source: gse62944,0.937037,0.822247,0.962487
RAB3IL1,0.000000,0.000000,Source: gse62944,0.937037,0.822247,0.962487
POM121L2,0.000000,0.000000,Source: gse62944,0.937037,0.822247,0.962487
LARS2,0.000000,0.000000,Source: gse62944,0.937037,0.822247,0.962487
CEP85,0.000000,0.000000,Source: gse62944,0.937037,0.822247,0.962487
PRRC2C,0.000000,0.000000,Source: gse62944,0.937037,0.822247,0.962487
PRKCZ,0.000000,0.000000,Source: gse62944,0.937037,0.822247,0.962487
PTEN,0.000000,0.000000,Source: gse62944,0.937037,0.822247,0.962487
PTCD2,0.000000,0.000000,Source: gse62944,0.937037,0.822247,0.962487
KCNMB4,0.000000,0.000000,Source: gse62944,0.937037,0.822247,0.962487
RARG,0.000000,0.000000,Source: gse62944,0.937037,0.822247,0.962487
ZBED2,0.000000,0.000000,Source: gse62944,0.937037,0.822247,0.962487
OR10H2,0.000000,0.000000,Source: gse62944,0.937037,0.822247,0.962487
ZNF354A,0.000000,0.000000,Source: gse62944,0.937037,0.822247,0.962487
MPPED2,0.000000,0.000000,Source: gse62944,0.937037,0.822247,0.962487
ELSPBP1,0.000000,0.000000,Source: gse62944,0.937037,0.822247,0.962487
HUNK,0.000000,0.000000,Source: gse62944,0.937037,0.822247,0.962487
NRIP2,0.000000,0.000000,Source: gse62944,0.937037,0.822247,0.962487
POT1,0.000000,0.000000,Source: gse62944,0.937037,0.822247,0.962487
RWDD3,0.000000,0.000000,Source: gse62944,0.937037,0.822247,0.962487
ZNF407,0.000000,0.000000,Source: gse62944,0.937037,0.822247,0.962487
CCL2,0.000000,0.000000,Source: gse62944,0.937037,0.822247,0.962487
RNF41,0.000000,0.000000,Source: gse62944,0.937037,0.822247,0.962487
KRT84,0.000000,0.000000,Source: gse62944,0.937037,0.822247,0.962487
MMP10,0.000000,0.000000,Source: gse62944,0.937037,0.822247,0.962487
CR1,0.000000,0.000000,Source: gse62944,0.937037,0.822247,0.962487
ABCC10,0.000000,0.000000,Source: gse62944,0.937037,0.822247,0.962487
DNASE1L1,0.000000,0.000000,Source: gse62944,0.937037,0.822247,0.962487
ALX4,0.000000,0.000000,Source: gse62944,0.937037,0.822247,0.962487
MORF4L2,0.000000,0.000000,Source: gse62944,0.937037,0.822247,0.962487
RECQL4,0.000000,0.000000,Source: gse62944,0.937037,0.822247,0.962487
ULK2,0.000000,0.000000,Source: gse62944,0.937037,0.822247,0.962487
ZFP64,0.000000,0.000000,Source: gse62944,0.937037,0.822247,0.962487
XRCC3,0.000000,0.000000,Source: gse62944,0.937037,0.822247,0.962487
MTRR,0.000000,0.000000,Source: gse62944,0.937037,0.822247,0.962487
RPS20,0.000000,0.000000,Source: gse62944,0.937037,0.822247,0.962487
TNFRSF9,0.000000,0.000000,Source: gse62944,0.937037,0.822247,0.962487
PDGFD,0.000000,0.000000,Source: gse62944,0.937037,0.822247,0.962487
SLC5A2,0.000000,0.000000,Source: gse62944,0.937037,0.822247,0.962487
RANGAP1,0.000000,0.000000,Source: gse62944,0.937037,0.822247,0.962487
EXOSC10,0.000000,0.000000,Source: gse62944,0.937037,0.822247,0.962487
RIF1,0.000000,0.000000,Source: gse62944,0.937037,0.822247,0.962487
ZNF215,0.000000,0.000000,Source: gse62944,0.937037,0.822247,0.962487
TUBB6,0.000000,0.000000,Source: gse62944,0.937037,0.822247,0.962487
NFIX,0.000000,0.000000,Source: gse62944,0.937037,0.822247,0.962487
ATXN8OS,0.000000,0.000000,Source: gse62944,0.937037,0.822247,0.962487
CASK,0.000000,0.000000,Source: gse62944,0.937037,0.822247,0.962487
MAPK7,0.000000,0.000000,Source: gse62944,0.937037,0.822247,0.962487
COL4A5,0.000000,0.000000,Source: gse62944,0.937037,0.822247,0.962487
LDLRAP1,0.000000,0.000000,Source: gse62944,0.937037,0.822247,0.962487
RGS14,0.000000,0.000000,Source: gse62944,0.937037,0.822247,0.962487
NUP160,0.000000,0.000000,Source: gse62944,0.937037,0.822247,0.962487
NDUFB4,0.000000,0.000000,Source: gse62944,0.937037,0.822247,0.962487
ZNF75D,0.000000,0.000000,Source: gse62944,0.937037,0.822247,0.962487
LILRA4,0.000000,0.000000,Source: gse62944,0.937037,0.822247,0.962487
IRF1,0.000000,0.000000,Source: gse62944,0.937037,0.822247,0.962487
SLC35A2,0.000000,0.000000,Source: gse62944,0.937037,0.822247,0.962487
BTG4,0.000000,0.000000,Source: gse62944,0.937037,0.822247,0.962487
GNAT1,0.000000,0.000000,Source: gse62944,0.937037,0.822247,0.962487
MCF2L-AS1,0.000000,0.000000,Source: gse62944,0.937037,0.822247,0.962487
LTN1,0.000000,0.000000,Source: gse62944,0.937037,0.822247,0.962487
GART,0.000000,0.000000,Source: gse62944,0.937037,0.822247,0.962487
HERC5,0.000000,0.000000,Source: gse62944,0.937037,0.822247,0.962487
DBR1,0.000000,0.000000,Source: gse62944,0.937037,0.822247,0.962487
COL6A1,0.000000,0.000000,Source: gse62944,0.937037,0.822247,0.962487
ALOX12,0.000000,0.000000,Source: gse62944,0.937037,0.822247,0.962487
NPY,0.000000,0.000000,Source: gse62944,0.937037,0.822247,0.962487
EGR1,0.000000,0.000000,Source: gse62944,0.937037,0.822247,0.962487
GLP1R,0.000000,0.000000,Source: gse62944,0.937037,0.822247,0.962487
ST18,0.000000,0.000000,Source: gse62944,0.937037,0.822247,0.962487
CACNG5,0.000000,0.000000,Source: gse62944,0.937037,0.822247,0.962487
KIF2C,0.000000,0.000000,Source: gse62944,0.937037,0.822247,0.962487
BMX,0.000000,0.000000,Source: gse62944,0.937037,0.822247,0.962487
CDK5RAP3,0.000000,0.000000,Source: gse62944,0.937037,0.822247,0.962487
CYP2C18,0.000000,0.000000,Source: gse62944,0.937037,0.822247,0.962487
GPRC5C,0.000000,0.000000,Source: gse62944,0.937037,0.822247,0.962487
SERPINB1,0.000000,0.000000,Source: gse62944,0.937037,0.822247,0.962487
NRTN,0.000000,0.000000,Source: gse62944,0.937037,0.822247,0.962487
GPR18,0.000000,0.000000,Source: gse62944,0.937037,0.822247,0.962487
MRPL33,0.000000,0.000000,Source: gse62944,0.937037,0.822247,0.962487
DEFA6,0.000000,0.000000,Source: gse62944,0.937037,0.822247,0.962487
ARHGAP5,0.000000,0.000000,Source: gse62944,0.937037,0.822247,0.962487
LAD1,0.000000,0.000000,Source: gse62944,0.937037,0.822247,0.962487
NDUFS6,0.000000,0.000000,Source: gse62944,0.937037,0.822247,0.962487
RNF113A,0.000000,0.000000,Source: gse62944,0.937037,0.822247,0.962487
LRRC14,0.000000,0.000000,Source: gse62944,0.937037,0.822247,0.962487
PPM1B,0.000000,0.000000,Source: gse62944,0.937037,0.822247,0.962487
PRKAR2B,0.000000,0.000000,Source: gse62944,0.937037,0.822247,0.962487
ATXN3L,0.000000,0.000000,Source: gse62944,0.937037,0.822247,0.962487
WBP11,0.000000,0.000000,Source: gse62944,0.937037,0.822247,0.962487
CADPS,0.000000,0.000000,Source: gse62944,0.937037,0.822247,0.962487
ZNF281,0.000000,0.000000,Source: gse62944,0.937037,0.822247,0.962487
CDH19,0.000000,0.000000,Source: gse62944,0.937037,0.822247,0.962487
ZNF365,0.000000,0.000000,Source: gse62944,0.937037,0.822247,0.962487
THOP1,0.000000,0.000000,Source: gse62944,0.937037,0.822247,0.962487
HTR4,0.000000,0.000000,Source: gse62944,0.937037,0.822247,0.962487
DACH1,0.000000,0.000000,Source: gse62944,0.937037,0.822247,0.962487
VPS33B,0.000000,0.000000,Source: gse62944,0.937037,0.822247,0.962487
RGL2,0.000000,0.000000,Source: gse62944,0.937037,0.822247,0.962487
SPC25,0.000000,0.000000,Source: gse62944,0.937037,0.822247,0.962487
ARHGEF1,0.000000,0.000000,Source: gse62944,0.937037,0.822247,0.962487
ANXA11,0.000000,0.000000,Source: gse62944,0.937037,0.822247,0.962487
GRPR,0.000000,0.000000,Source: gse62944,0.937037,0.822247,0.962487
TCF7L1,0.000000,0.000000,Source: gse62944,0.937037,0.822247,0.962487
SLC35D2,0.000000,0.000000,Source: gse62944,0.937037,0.822247,0.962487
ALLC,0.000000,0.000000,Source: gse62944,0.937037,0.822247,0.962487
ARHGAP33,0.000000,0.000000,Source: gse62944,0.937037,0.822247,0.962487
FCN3,0.000000,0.000000,Source: gse62944,0.937037,0.822247,0.962487
DST,0.000000,0.000000,Source: gse62944,0.937037,0.822247,0.962487
EFNA3,0.000000,0.000000,Source: gse62944,0.937037,0.822247,0.962487
GRAMD4,0.000000,0.000000,Source: gse62944,0.937037,0.822247,0.962487
MAP1A,0.000000,0.000000,Source: gse62944,0.937037,0.822247,0.962487
FAM76A,0.000000,0.000000,Source: gse62944,0.937037,0.822247,0.962487
UBL3,0.000000,0.000000,Source: gse62944,0.937037,0.822247,0.962487
EFNA2,0.000000,0.000000,Source: gse62944,0.937037,0.822247,0.962487
NPM3,0.000000,0.000000,Source: gse62944,0.937037,0.822247,0.962487
PFDN2,0.000000,0.000000,Source: gse62944,0.937037,0.822247,0.962487
JAG1,0.000000,0.000000,Source: gse62944,0.937037,0.822247,0.962487
MPHOSPH10,0.000000,0.000000,Source: gse62944,0.937037,0.822247,0.962487
CNIH3,0.000000,0.000000,Source: gse62944,0.937037,0.822247,0.962487
PTPN6,0.000000,0.000000,Source: gse62944,0.937037,0.822247,0.962487
FANCI,0.000000,0.000000,Source: gse62944,0.937037,0.822247,0.962487
BEND5,0.000000,0.000000,Source: gse62944,0.937037,0.822247,0.962487
FAM114A2,0.000000,0.000000,Source: gse62944,0.937037,0.822247,0.962487
PSMC5,0.000000,0.000000,Source: gse62944,0.937037,0.822247,0.962487
CALM3,0.000000,0.000000,Source: gse62944,0.937037,0.822247,0.962487
TRPC5,0.000000,0.000000,Source: gse62944,0.937037,0.822247,0.962487
DHX15,0.000000,0.000000,Source: gse62944,0.937037,0.822247,0.962487
SLC34A2,0.000000,0.000000,Source: gse62944,0.937037,0.822247,0.962487
SSRP1,0.000000,0.000000,Source: gse62944,0.937037,0.822247,0.962487
SSX1,0.000000,0.000000,Source: gse62944,0.937037,0.822247,0.962487
HTATSF1,0.000000,0.000000,Source: gse62944,0.937037,0.822247,0.962487
ANP32B,0.000000,0.000000,Source: gse62944,0.937037,0.822247,0.962487
RAI14,0.000000,0.000000,Source: gse62944,0.937037,0.822247,0.962487
SNAPC3,0.000000,0.000000,Source: gse62944,0.937037,0.822247,0.962487
HOPX,0.000000,0.000000,Source: gse62944,0.937037,0.822247,0.962487
EIF3L,0.000000,0.000000,Source: gse62944,0.937037,0.822247,0.962487
CALML3,0.000000,0.000000,Source: gse62944,0.937037,0.822247,0.962487
BANK1,0.000000,0.000000,Source: gse62944,0.937037,0.822247,0.962487
CLDN7,0.000000,0.000000,Source: gse62944,0.937037,0.822247,0.962487
ZFP2,0.000000,0.000000,Source: gse62944,0.937037,0.822247,0.962487
INE1,0.000000,0.000000,Source: gse62944,0.937037,0.822247,0.962487
UBE2M,0.000000,0.000000,Source: gse62944,0.937037,0.822247,0.962487
PLXNB3,0.000000,0.000000,Source: gse62944,0.937037,0.822247,0.962487
LPP,0.000000,0.000000,Source: gse62944,0.937037,0.822247,0.962487
GPX5,0.000000,0.000000,Source: gse62944,0.937037,0.822247,0.962487
CYLC1,0.000000,0.000000,Source: gse62944,0.937037,0.822247,0.962487
CRB1,0.000000,0.000000,Source: gse62944,0.937037,0.822247,0.962487
KRIT1,0.000000,0.000000,Source: gse62944,0.937037,0.822247,0.962487
HNRNPL,0.000000,0.000000,Source: gse62944,0.937037,0.822247,0.962487
PIAS2,0.000000,0.000000,Source: gse62944,0.937037,0.822247,0.962487
SLC30A1,0.000000,0.000000,Source: gse62944,0.937037,0.822247,0.962487
SH2D1A,0.000000,0.000000,Source: gse62944,0.937037,0.822247,0.962487
PAK1,0.000000,0.000000,Source: gse62944,0.937037,0.822247,0.962487
MBTPS2,0.000000,0.000000,Source: gse62944,0.937037,0.822247,0.962487
DIRAS2,0.000000,0.000000,Source: gse62944,0.937037,0.822247,0.962487
UFM1,0.000000,0.000000,Source: gse62944,0.937037,0.822247,0.962487
LRRC3,0.000000,0.000000,Source: gse62944,0.937037,0.822247,0.962487
LRIT1,0.000000,0.000000,Source: gse62944,0.937037,0.822247,0.962487
STX4,0.000000,0.000000,Source: gse62944,0.937037,0.822247,0.962487
ANKFY1,0.000000,0.000000,Source: gse62944,0.937037,0.822247,0.962487
HERPUD1,0.000000,0.000000,Source: gse62944,0.937037,0.822247,0.962487
NEU3,0.000000,0.000000,Source: gse62944,0.937037,0.822247,0.962487
STX17,0.000000,0.000000,Source: gse62944,0.937037,0.822247,0.962487
CLOCK,0.000000,0.000000,Source: gse62944,0.937037,0.822247,0.962487
EBF2,0.000000,0.000000,Source: gse62944,0.937037,0.822247,0.962487
TP73,0.000000,0.000000,Source: gse62944,0.937037,0.822247,0.962487
BCL2L1,0.000000,0.000000,Source: gse62944,0.937037,0.822247,0.962487
INPP5E,0.000000,0.000000,Source: gse62944,0.937037,0.822247,0.962487
CRIPT,0.000000,0.000000,Source: gse62944,0.937037,0.822247,0.962487
CNTN5,0.000000,0.000000,Source: gse62944,0.937037,0.822247,0.962487
MYH10,0.000000,0.000000,Source: gse62944,0.937037,0.822247,0.962487
MATK,0.000000,0.000000,Source: gse62944,0.937037,0.822247,0.962487
LMBRD1,0.000000,0.000000,Source: gse62944,0.937037,0.822247,0.962487
BTNL3,0.000000,0.000000,Source: gse62944,0.937037,0.822247,0.962487
RSAD2,0.000000,0.000000,Source: gse62944,0.937037,0.822247,0.962487
MRPS18B,0.000000,0.000000,Source: gse62944,0.937037,0.822247,0.962487
CAV2,0.000000,0.000000,Source: gse62944,0.937037,0.822247,0.962487
PRKG1,0.000000,0.000000,Source: gse62944,0.937037,0.822247,0.962487
OSBPL1A,0.000000,0.000000,Source: gse62944,0.937037,0.822247,0.962487
CTDSP2,0.000000,0.000000,Source: gse62944,0.937037,0.822247,0.962487
FUCA1,0.000000,0.000000,Source: gse62944,0.937037,0.822247,0.962487
TTC23,0.000000,0.000000,Source: gse62944,0.937037,0.822247,0.962487
CNNM1,0.000000,0.000000,Source: gse62944,0.937037,0.822247,0.962487
CUEDC1,0.000000,0.000000,Source: gse62944,0.937037,0.822247,0.962487
ADRB1,0.000000,0.000000,Source: gse62944,0.937037,0.822247,0.962487
UNC13B,0.000000,0.000000,Source: gse62944,0.937037,0.822247,0.962487
C3orf18,0.000000,0.000000,Source: gse62944,0.937037,0.822247,0.962487
RIOK3,0.000000,0.000000,Source: gse62944,0.937037,0.822247,0.962487
SERPINC1,0.000000,0.000000,Source: gse62944,0.937037,0.822247,0.962487
SH3BP2,0.000000,0.000000,Source: gse62944,0.937037,0.822247,0.962487
DLL3,0.000000,0.000000,Source: gse62944,0.937037,0.822247,0.962487
LGALSL,0.000000,0.000000,Source: gse62944,0.937037,0.822247,0.962487
SLC22A6,0.000000,0.000000,Source: gse62944,0.937037,0.822247,0.962487
CORO1C,0.000000,0.000000,Source: gse62944,0.937037,0.822247,0.962487
PRDM14,0.000000,0.000000,Source: gse62944,0.937037,0.822247,0.962487
ANXA6,0.000000,0.000000,Source: gse62944,0.937037,0.822247,0.962487
APAF1,0.000000,0.000000,Source: gse62944,0.937037,0.822247,0.962487
DDX6,0.000000,0.000000,Source: gse62944,0.937037,0.822247,0.962487
CIZ1,0.000000,0.000000,Source: gse62944,0.937037,0.822247,0.962487
SLC39A8,0.000000,0.000000,Source: gse62944,0.937037,0.822247,0.962487
VPS28,0.000000,0.000000,Source: gse62944,0.937037,0.822247,0.962487
MAFK,0.000000,0.000000,Source: gse62944,0.937037,0.822247,0.962487
ZNF516,0.000000,0.000000,Source: gse62944,0.937037,0.822247,0.962487
SETD5,0.000000,0.000000,Source: gse62944,0.937037,0.822247,0.962487
MAPK8IP1,0.000000,0.000000,Source: gse62944,0.937037,0.822247,0.962487
THOC1,0.000000,0.000000,Source: gse62944,0.937037,0.822247,0.962487
LRRC20,0.000000,0.000000,Source: gse62944,0.937037,0.822247,0.962487
NR1H3,0.000000,0.000000,Source: gse62944,0.937037,0.822247,0.962487
PTPRJ,0.000000,0.000000,Source: gse62944,0.937037,0.822247,0.962487
USP1,0.000000,0.000000,Source: gse62944,0.937037,0.822247,0.962487
SOCS7,0.000000,0.000000,Source: gse62944,0.937037,0.822247,0.962487
KCNJ9,0.000000,0.000000,Source: gse62944,0.937037,0.822247,0.962487
LRRC8B,0.000000,0.000000,Source: gse62944,0.937037,0.822247,0.962487
RAP1GAP,0.000000,0.000000,Source: gse62944,0.937037,0.822247,0.962487
ZNF267,0.000000,0.000000,Source: gse62944,0.937037,0.822247,0.962487
MX1,0.000000,0.000000,Source: gse62944,0.937037,0.822247,0.962487
ADA,0.000000,0.000000,Source: gse62944,0.937037,0.822247,0.962487
IFNA6,0.000000,0.000000,Source: gse62944,0.937037,0.822247,0.962487
DYNLRB1,0.000000,0.000000,Source: gse62944,0.937037,0.822247,0.962487
SCGB2A1,0.000000,0.000000,Source: gse62944,0.937037,0.822247,0.962487
SMG6,0.000000,0.000000,Source: gse62944,0.937037,0.822247,0.962487
PXMP2,0.000000,0.000000,Source: gse62944,0.937037,0.822247,0.962487
ENPP1,0.000000,0.000000,Source: gse62944,0.937037,0.822247,0.962487
MYCBP2,0.000000,0.000000,Source: gse62944,0.937037,0.822247,0.962487
GAPDH,0.000000,0.000000,Source: gse62944,0.937037,0.822247,0.962487
MZT2B,0.000000,0.000000,Source: gse62944,0.937037,0.822247,0.962487
TTR,0.000000,0.000000,Source: gse62944,0.937037,0.822247,0.962487
RNF32,0.000000,0.000000,Source: gse62944,0.937037,0.822247,0.962487
BRSK2,0.000000,0.000000,Source: gse62944,0.937037,0.822247,0.962487
SNCB,0.000000,0.000000,Source: gse62944,0.937037,0.822247,0.962487
FHOD3,0.000000,0.000000,Source: gse62944,0.937037,0.822247,0.962487
MKLN1,0.000000,0.000000,Source: gse62944,0.937037,0.822247,0.962487
ATXN3,0.000000,0.000000,Source: gse62944,0.937037,0.822247,0.962487
LIAS,0.000000,0.000000,Source: gse62944,0.937037,0.822247,0.962487
C2orf42,0.000000,0.000000,Source: gse62944,0.937037,0.822247,0.962487
SMG7,0.000000,0.000000,Source: gse62944,0.937037,0.822247,0.962487
ACSL6,0.000000,0.000000,Source: gse62944,0.937037,0.822247,0.962487
PYGL,0.000000,0.000000,Source: gse62944,0.937037,0.822247,0.962487
ENO1,0.000000,0.000000,Source: gse62944,0.937037,0.822247,0.962487
APOE,0.000000,0.000000,Source: gse62944,0.937037,0.822247,0.962487
MAGOH,0.000000,0.000000,Source: gse62944,0.937037,0.822247,0.962487
DYNC1LI2,0.000000,0.000000,Source: gse62944,0.937037,0.822247,0.962487
TRIB1,0.000000,0.000000,Source: gse62944,0.937037,0.822247,0.962487
GDF9,0.000000,0.000000,Source: gse62944,0.937037,0.822247,0.962487
NPVF,0.000000,0.000000,Source: gse62944,0.937037,0.822247,0.962487
SNX27,0.000000,0.000000,Source: gse62944,0.937037,0.822247,0.962487
RPL30,0.000000,0.000000,Source: gse62944,0.937037,0.822247,0.962487
CRYGD,0.000000,0.000000,Source: gse62944,0.937037,0.822247,0.962487
TFAP2C,0.000000,0.000000,Source: gse62944,0.937037,0.822247,0.962487
SPTBN2,0.000000,0.000000,Source: gse62944,0.937037,0.822247,0.962487
DHRS1,0.000000,0.000000,Source: gse62944,0.937037,0.822247,0.962487
IL24,0.000000,0.000000,Source: gse62944,0.937037,0.822247,0.962487
LMO1,0.000000,0.000000,Source: gse62944,0.937037,0.822247,0.962487
QSOX1,0.000000,0.000000,Source: gse62944,0.937037,0.822247,0.962487
SOCS5,0.000000,0.000000,Source: gse62944,0.937037,0.822247,0.962487
PIP,0.000000,0.000000,Source: gse62944,0.937037,0.822247,0.962487
TGFBI,0.000000,0.000000,Source: gse62944,0.937037,0.822247,0.962487
ZNF248,0.000000,0.000000,Source: gse62944,0.937037,0.822247,0.962487
CHST1,0.000000,0.000000,Source: gse62944,0.937037,0.822247,0.962487
QSER1,0.000000,0.000000,Source: gse62944,0.937037,0.822247,0.962487
RPL35A,0.000000,0.000000,Source: gse62944,0.937037,0.822247,0.962487
ZCCHC4,0.000000,0.000000,Source: gse62944,0.937037,0.822247,0.962487
RIC8B,0.000000,0.000000,Source: gse62944,0.937037,0.822247,0.962487
TDRKH,0.000000,0.000000,Source: gse62944,0.937037,0.822247,0.962487
GABRG3,0.000000,0.000000,Source: gse62944,0.937037,0.822247,0.962487
ATP6V0B,0.000000,0.000000,Source: gse62944,0.937037,0.822247,0.962487
FOXO3,0.000000,0.000000,Source: gse62944,0.937037,0.822247,0.962487
SUMO2,0.000000,0.000000,Source: gse62944,0.937037,0.822247,0.962487
DKFZP586I1420,0.000000,0.000000,Source: gse62944,0.937037,0.822247,0.962487
CACNA2D3,0.000000,0.000000,Source: gse62944,0.937037,0.822247,0.962487
NEDD4L,0.000000,0.000000,Source: gse62944,0.937037,0.822247,0.962487
ANKRD27,0.000000,0.000000,Source: gse62944,0.937037,0.822247,0.962487
GATC,0.000000,0.000000,Source: gse62944,0.937037,0.822247,0.962487
PKD1,0.000000,0.000000,Source: gse62944,0.937037,0.822247,0.962487
CXCL3,0.000000,0.000000,Source: gse62944,0.937037,0.822247,0.962487
MLX,0.000000,0.000000,Source: gse62944,0.937037,0.822247,0.962487
UAP1L1,0.000000,0.000000,Source: gse62944,0.937037,0.822247,0.962487
ARFRP1,0.000000,0.000000,Source: gse62944,0.937037,0.822247,0.962487
TAF10,0.000000,0.000000,Source: gse62944,0.937037,0.822247,0.962487
KRT33B,0.000000,0.000000,Source: gse62944,0.937037,0.822247,0.962487
NDUFA3,0.000000,0.000000,Source: gse62944,0.937037,0.822247,0.962487
LY6E,0.000000,0.000000,Source: gse62944,0.937037,0.822247,0.962487
MOAP1,0.000000,0.000000,Source: gse62944,0.937037,0.822247,0.962487
PDCD5,0.000000,0.000000,Source: gse62944,0.937037,0.822247,0.962487
VAV3,0.000000,0.000000,Source: gse62944,0.937037,0.822247,0.962487
WNK1,0.000000,0.000000,Source: gse62944,0.937037,0.822247,0.962487
SLC27A6,0.000000,0.000000,Source: gse62944,0.937037,0.822247,0.962487
ASCL1,0.000000,0.000000,Source: gse62944,0.937037,0.822247,0.962487
ADPRH,0.000000,0.000000,Source: gse62944,0.937037,0.822247,0.962487
TNC,0.000000,0.000000,Source: gse62944,0.937037,0.822247,0.962487
LOC728392,0.000000,0.000000,Source: gse62944,0.937037,0.822247,0.962487
OSR2,0.000000,0.000000,Source: gse62944,0.937037,0.822247,0.962487
NF2,0.000000,0.000000,Source: gse62944,0.937037,0.822247,0.962487
SVIL,0.000000,0.000000,Source: gse62944,0.937037,0.822247,0.962487
GPR182,0.000000,0.000000,Source: gse62944,0.937037,0.822247,0.962487
SLC25A23,0.000000,0.000000,Source: gse62944,0.937037,0.822247,0.962487
CAPRIN2,0.000000,0.000000,Source: gse62944,0.937037,0.822247,0.962487
ZNF318,0.000000,0.000000,Source: gse62944,0.937037,0.822247,0.962487
RPS16,0.000000,0.000000,Source: gse62944,0.937037,0.822247,0.962487
CHRNB2,0.000000,0.000000,Source: gse62944,0.937037,0.822247,0.962487
ACBD4,0.000000,0.000000,Source: gse62944,0.937037,0.822247,0.962487
TNNC1,0.000000,0.000000,Source: gse62944,0.937037,0.822247,0.962487
LUZP4,0.000000,0.000000,Source: gse62944,0.937037,0.822247,0.962487
TM4SF5,0.000000,0.000000,Source: gse62944,0.937037,0.822247,0.962487
POLI,0.000000,0.000000,Source: gse62944,0.937037,0.822247,0.962487
TEC,0.000000,0.000000,Source: gse62944,0.937037,0.822247,0.962487
PDZRN4,0.000000,0.000000,Source: gse62944,0.937037,0.822247,0.962487
IFT122,0.000000,0.000000,Source: gse62944,0.937037,0.822247,0.962487
UBE2Q1,0.000000,0.000000,Source: gse62944,0.937037,0.822247,0.962487
CEP57,0.000000,0.000000,Source: gse62944,0.937037,0.822247,0.962487
HSPBP1,0.000000,0.000000,Source: gse62944,0.937037,0.822247,0.962487
GTF3C2,0.000000,0.000000,Source: gse62944,0.937037,0.822247,0.962487
ETHE1,0.000000,0.000000,Source: gse62944,0.937037,0.822247,0.962487
SIRPG,0.000000,0.000000,Source: gse62944,0.937037,0.822247,0.962487
APRT,0.000000,0.000000,Source: gse62944,0.937037,0.822247,0.962487
SLC6A5,0.000000,0.000000,Source: gse62944,0.937037,0.822247,0.962487
GRM6,0.000000,0.000000,Source: gse62944,0.937037,0.822247,0.962487
TNFSF14,0.000000,0.000000,Source: gse62944,0.937037,0.822247,0.962487
RPS6KA2,0.000000,0.000000,Source: gse62944,0.937037,0.822247,0.962487
COL4A6,0.000000,0.000000,Source: gse62944,0.937037,0.822247,0.962487
GNB1,0.000000,0.000000,Source: gse62944,0.937037,0.822247,0.962487
POLR3D,0.000000,0.000000,Source: gse62944,0.937037,0.822247,0.962487
PDCD4,0.000000,0.000000,Source: gse62944,0.937037,0.822247,0.962487
TADA2A,0.000000,0.000000,Source: gse62944,0.937037,0.822247,0.962487
ZNF394,0.000000,0.000000,Source: gse62944,0.937037,0.822247,0.962487
GTF2IRD1,0.000000,0.000000,Source: gse62944,0.937037,0.822247,0.962487
PLAGL2,0.000000,0.000000,Source: gse62944,0.937037,0.822247,0.962487
EIF4A2,0.000000,0.000000,Source: gse62944,0.937037,0.822247,0.962487
CDX4,0.000000,0.000000,Source: gse62944,0.937037,0.822247,0.962487
IL13,0.000000,0.000000,Source: gse62944,0.937037,0.822247,0.962487
RB1CC1,0.000000,0.000000,Source: gse62944,0.937037,0.822247,0.962487
SLC7A2,0.000000,0.000000,Source: gse62944,0.937037,0.822247,0.962487
MLXIP,0.000000,0.000000,Source: gse62944,0.937037,0.822247,0.962487
MAP7D3,0.000000,0.000000,Source: gse62944,0.937037,0.822247,0.962487
PYGB,0.000000,0.000000,Source: gse62944,0.937037,0.822247,0.962487
TRIM33,0.000000,0.000000,Source: gse62944,0.937037,0.822247,0.962487
ANKRD46,0.000000,0.000000,Source: gse62944,0.937037,0.822247,0.962487
CD69,0.000000,0.000000,Source: gse62944,0.937037,0.822247,0.962487
TRIM14,0.000000,0.000000,Source: gse62944,0.937037,0.822247,0.962487
NKX2-8,0.000000,0.000000,Source: gse62944,0.937037,0.822247,0.962487
SNAPC5,0.000000,0.000000,Source: gse62944,0.937037,0.822247,0.962487
TFAM,0.000000,0.000000,Source: gse62944,0.937037,0.822247,0.962487
LDB3,0.000000,0.000000,Source: gse62944,0.937037,0.822247,0.962487
RAMP3,0.000000,0.000000,Source: gse62944,0.937037,0.822247,0.962487
LSM14A,0.000000,0.000000,Source: gse62944,0.937037,0.822247,0.962487
GNG13,0.000000,0.000000,Source: gse62944,0.937037,0.822247,0.962487
CD2,0.000000,0.000000,Source: gse62944,0.937037,0.822247,0.962487
MZT2A,0.000000,0.000000,Source: gse62944,0.937037,0.822247,0.962487
PITX2,0.000000,0.000000,Source: gse62944,0.937037,0.822247,0.962487
MCTP2,0.000000,0.000000,Source: gse62944,0.937037,0.822247,0.962487
TET1,0.000000,0.000000,Source: gse62944,0.937037,0.822247,0.962487
SCN9A,0.000000,0.000000,Source: gse62944,0.937037,0.822247,0.962487
TBC1D17,0.000000,0.000000,Source: gse62944,0.937037,0.822247,0.962487
COPS6,0.000000,0.000000,Source: gse62944,0.937037,0.822247,0.962487
THSD7A,0.000000,0.000000,Source: gse62944,0.937037,0.822247,0.962487
TJP3,0.000000,0.000000,Source: gse62944,0.937037,0.822247,0.962487
PROS1,0.000000,0.000000,Source: gse62944,0.937037,0.822247,0.962487
CLCN2,0.000000,0.000000,Source: gse62944,0.937037,0.822247,0.962487
TALDO1,0.000000,0.000000,Source: gse62944,0.937037,0.822247,0.962487
DDIT3,0.000000,0.000000,Source: gse62944,0.937037,0.822247,0.962487
CSPG4,0.000000,0.000000,Source: gse62944,0.937037,0.822247,0.962487
GNG5,0.000000,0.000000,Source: gse62944,0.937037,0.822247,0.962487
PGS1,0.000000,0.000000,Source: gse62944,0.937037,0.822247,0.962487
IQGAP2,0.000000,0.000000,Source: gse62944,0.937037,0.822247,0.962487
CARD8,0.000000,0.000000,Source: gse62944,0.937037,0.822247,0.962487
ZNF44,0.000000,0.000000,Source: gse62944,0.937037,0.822247,0.962487
CDADC1,0.000000,0.000000,Source: gse62944,0.937037,0.822247,0.962487
ARID4A,0.000000,0.000000,Source: gse62944,0.937037,0.822247,0.962487
ZNF442,0.000000,0.000000,Source: gse62944,0.937037,0.822247,0.962487
TNPO3,0.000000,0.000000,Source: gse62944,0.937037,0.822247,0.962487
DAXX,0.000000,0.000000,Source: gse62944,0.937037,0.822247,0.962487
TBC1D4,0.000000,0.000000,Source: gse62944,0.937037,0.822247,0.962487
UBFD1,0.000000,0.000000,Source: gse62944,0.937037,0.822247,0.962487
CD46,0.000000,0.000000,Source: gse62944,0.937037,0.822247,0.962487
RBM25,0.000000,0.000000,Source: gse62944,0.937037,0.822247,0.962487
UBR5,0.000000,0.000000,Source: gse62944,0.937037,0.822247,0.962487
LSM4,0.000000,0.000000,Source: gse62944,0.937037,0.822247,0.962487
SOD2,0.000000,0.000000,Source: gse62944,0.937037,0.822247,0.962487
ARFGAP3,0.000000,0.000000,Source: gse62944,0.937037,0.822247,0.962487
PON1,0.000000,0.000000,Source: gse62944,0.937037,0.822247,0.962487
RARB,0.000000,0.000000,Source: gse62944,0.937037,0.822247,0.962487
COPS2,0.000000,0.000000,Source: gse62944,0.937037,0.822247,0.962487
UBA52,0.000000,0.000000,Source: gse62944,0.937037,0.822247,0.962487
KLHL7,0.000000,0.000000,Source: gse62944,0.937037,0.822247,0.962487
GAS2L1,0.000000,0.000000,Source: gse62944,0.937037,0.822247,0.962487
RPP38,0.000000,0.000000,Source: gse62944,0.937037,0.822247,0.962487
DRG1,0.000000,0.000000,Source: gse62944,0.937037,0.822247,0.962487
HILPDA,0.000000,0.000000,Source: gse62944,0.937037,0.822247,0.962487
HK1,0.000000,0.000000,Source: gse62944,0.937037,0.822247,0.962487
RBMX2,0.000000,0.000000,Source: gse62944,0.937037,0.822247,0.962487
PHIP,0.000000,0.000000,Source: gse62944,0.937037,0.822247,0.962487
RFPL3,0.000000,0.000000,Source: gse62944,0.937037,0.822247,0.962487
KLF8,0.000000,0.000000,Source: gse62944,0.937037,0.822247,0.962487
SUZ12,0.000000,0.000000,Source: gse62944,0.937037,0.822247,0.962487
IL26,0.000000,0.000000,Source: gse62944,0.937037,0.822247,0.962487
EPN1,0.000000,0.000000,Source: gse62944,0.937037,0.822247,0.962487
KCNK3,0.000000,0.000000,Source: gse62944,0.937037,0.822247,0.962487
BRCA1,0.000000,0.000000,Source: gse62944,0.937037,0.822247,0.962487
PIK3C3,0.000000,0.000000,Source: gse62944,0.937037,0.822247,0.962487
NDUFAF4,0.000000,0.000000,Source: gse62944,0.937037,0.822247,0.962487
NLGN4X,0.000000,0.000000,Source: gse62944,0.937037,0.822247,0.962487
CCHCR1,0.000000,0.000000,Source: gse62944,0.937037,0.822247,0.962487
MRPL40,0.000000,0.000000,Source: gse62944,0.937037,0.822247,0.962487
PNO1,0.000000,0.000000,Source: gse62944,0.937037,0.822247,0.962487
EXOSC7,0.000000,0.000000,Source: gse62944,0.937037,0.822247,0.962487
EPHB4,0.000000,0.000000,Source: gse62944,0.937037,0.822247,0.962487
GPR63,0.000000,0.000000,Source: gse62944,0.937037,0.822247,0.962487
PDHX,0.000000,0.000000,Source: gse62944,0.937037,0.822247,0.962487
ZNF573,0.000000,0.000000,Source: gse62944,0.937037,0.822247,0.962487
PCDHA9,0.000000,0.000000,Source: gse62944,0.937037,0.822247,0.962487
XPO6,0.000000,0.000000,Source: gse62944,0.937037,0.822247,0.962487
KRI1,0.000000,0.000000,Source: gse62944,0.937037,0.822247,0.962487
LYRM1,0.000000,0.000000,Source: gse62944,0.937037,0.822247,0.962487
LATS1,0.000000,0.000000,Source: gse62944,0.937037,0.822247,0.962487
FAM32A,0.000000,0.000000,Source: gse62944,0.937037,0.822247,0.962487
ABCE1,0.000000,0.000000,Source: gse62944,0.937037,0.822247,0.962487
OSBP2,0.000000,0.000000,Source: gse62944,0.937037,0.822247,0.962487
CPSF7,0.000000,0.000000,Source: gse62944,0.937037,0.822247,0.962487
WNT8B,0.000000,0.000000,Source: gse62944,0.937037,0.822247,0.962487
TEX13A,0.000000,0.000000,Source: gse62944,0.937037,0.822247,0.962487
PHF20,0.000000,0.000000,Source: gse62944,0.937037,0.822247,0.962487
ADRA2B,0.000000,0.000000,Source: gse62944,0.937037,0.822247,0.962487
RAD23A,0.000000,0.000000,Source: gse62944,0.937037,0.822247,0.962487
PPP1R3C,0.000000,0.000000,Source: gse62944,0.937037,0.822247,0.962487
C19orf73,0.000000,0.000000,Source: gse62944,0.937037,0.822247,0.962487
PRG4,0.000000,0.000000,Source: gse62944,0.937037,0.822247,0.962487
SPG7,0.000000,0.000000,Source: gse62944,0.937037,0.822247,0.962487
UPF3A,0.000000,0.000000,Source: gse62944,0.937037,0.822247,0.962487
ECH1,0.000000,0.000000,Source: gse62944,0.937037,0.822247,0.962487
TCL1B,0.000000,0.000000,Source: gse62944,0.937037,0.822247,0.962487
ILF2,0.000000,0.000000,Source: gse62944,0.937037,0.822247,0.962487
R3HDM2,0.000000,0.000000,Source: gse62944,0.937037,0.822247,0.962487
DRD4,0.000000,0.000000,Source: gse62944,0.937037,0.822247,0.962487
BEAN1,0.000000,0.000000,Source: gse62944,0.937037,0.822247,0.962487
CALM1,0.000000,0.000000,Source: gse62944,0.937037,0.822247,0.962487
POU3F1,0.000000,0.000000,Source: gse62944,0.937037,0.822247,0.962487
PRODH2,0.000000,0.000000,Source: gse62944,0.937037,0.822247,0.962487
RMND5A,0.000000,0.000000,Source: gse62944,0.937037,0.822247,0.962487
RNF6,0.000000,0.000000,Source: gse62944,0.937037,0.822247,0.962487
TLE1,0.000000,0.000000,Source: gse62944,0.937037,0.822247,0.962487
HIVEP2,0.000000,0.000000,Source: gse62944,0.937037,0.822247,0.962487
PSMA1,0.000000,0.000000,Source: gse62944,0.937037,0.822247,0.962487
GP5,0.000000,0.000000,Source: gse62944,0.937037,0.822247,0.962487
ZNF93,0.000000,0.000000,Source: gse62944,0.937037,0.822247,0.962487
NOP16,0.000000,0.000000,Source: gse62944,0.937037,0.822247,0.962487
VPS45,0.000000,0.000000,Source: gse62944,0.937037,0.822247,0.962487
PPP4R2,0.000000,0.000000,Source: gse62944,0.937037,0.822247,0.962487
PSMD11,0.000000,0.000000,Source: gse62944,0.937037,0.822247,0.962487
UBE2V2,0.000000,0.000000,Source: gse62944,0.937037,0.822247,0.962487
POLH,0.000000,0.000000,Source: gse62944,0.937037,0.822247,0.962487
RASA2,0.000000,0.000000,Source: gse62944,0.937037,0.822247,0.962487
OR2W1,0.000000,0.000000,Source: gse62944,0.937037,0.822247,0.962487
COPS8,0.000000,0.000000,Source: gse62944,0.937037,0.822247,0.962487
MX2,0.000000,0.000000,Source: gse62944,0.937037,0.822247,0.962487
NTAN1,0.000000,0.000000,Source: gse62944,0.937037,0.822247,0.962487
CREB1,0.000000,0.000000,Source: gse62944,0.937037,0.822247,0.962487
TOR3A,0.000000,0.000000,Source: gse62944,0.937037,0.822247,0.962487
BCL6,0.000000,0.000000,Source: gse62944,0.937037,0.822247,0.962487
ABCA1,0.000000,0.000000,Source: gse62944,0.937037,0.822247,0.962487
SNX10,0.000000,0.000000,Source: gse62944,0.937037,0.822247,0.962487
IL1RAP,0.000000,0.000000,Source: gse62944,0.937037,0.822247,0.962487
YIPF6,0.000000,0.000000,Source: gse62944,0.937037,0.822247,0.962487
RNF25,0.000000,0.000000,Source: gse62944,0.937037,0.822247,0.962487
MGAT5,0.000000,0.000000,Source: gse62944,0.937037,0.822247,0.962487
HOXC6,0.000000,0.000000,Source: gse62944,0.937037,0.822247,0.962487
ORM1,0.000000,0.000000,Source: gse62944,0.937037,0.822247,0.962487
MFAP2,0.000000,0.000000,Source: gse62944,0.937037,0.822247,0.962487
TRA2A,0.000000,0.000000,Source: gse62944,0.937037,0.822247,0.962487
RYR2,0.000000,0.000000,Source: gse62944,0.937037,0.822247,0.962487
SIGLEC9,0.000000,0.000000,Source: gse62944,0.937037,0.822247,0.962487
ENO3,0.000000,0.000000,Source: gse62944,0.937037,0.822247,0.962487
RCOR1,0.000000,0.000000,Source: gse62944,0.937037,0.822247,0.962487
GLB1,0.000000,0.000000,Source: gse62944,0.937037,0.822247,0.962487
INSM1,0.000000,0.000000,Source: gse62944,0.937037,0.822247,0.962487
KIF3B,0.000000,0.000000,Source: gse62944,0.937037,0.822247,0.962487
NREP,0.000000,0.000000,Source: gse62944,0.937037,0.822247,0.962487
TMBIM1,0.000000,0.000000,Source: gse62944,0.937037,0.822247,0.962487
ATF3,0.000000,0.000000,Source: gse62944,0.937037,0.822247,0.962487
LY6G6E,0.000000,0.000000,Source: gse62944,0.937037,0.822247,0.962487
PCP4,0.000000,0.000000,Source: gse62944,0.937037,0.822247,0.962487
CRK,0.000000,0.000000,Source: gse62944,0.937037,0.822247,0.962487
PCK1,0.000000,0.000000,Source: gse62944,0.937037,0.822247,0.962487
DALRD3,0.000000,0.000000,Source: gse62944,0.937037,0.822247,0.962487
DYNC1I1,0.000000,0.000000,Source: gse62944,0.937037,0.822247,0.962487
PHF21A,0.000000,0.000000,Source: gse62944,0.937037,0.822247,0.962487
CDC42BPB,0.000000,0.000000,Source: gse62944,0.937037,0.822247,0.962487
SHC3,0.000000,0.000000,Source: gse62944,0.937037,0.822247,0.962487
IDE,0.000000,0.000000,Source: gse62944,0.937037,0.822247,0.962487
ATP10B,0.000000,0.000000,Source: gse62944,0.937037,0.822247,0.962487
BST1,0.000000,0.000000,Source: gse62944,0.937037,0.822247,0.962487
OR10C1,0.000000,0.000000,Source: gse62944,0.937037,0.822247,0.962487
CX3CL1,0.000000,0.000000,Source: gse62944,0.937037,0.822247,0.962487
GREB1,0.000000,0.000000,Source: gse62944,0.937037,0.822247,0.962487
EIF1B,0.000000,0.000000,Source: gse62944,0.937037,0.822247,0.962487
PRSS50,0.000000,0.000000,Source: gse62944,0.937037,0.822247,0.962487
KLF15,0.000000,0.000000,Source: gse62944,0.937037,0.822247,0.962487
CD55,0.000000,0.000000,Source: gse62944,0.937037,0.822247,0.962487
CEBPE,0.000000,0.000000,Source: gse62944,0.937037,0.822247,0.962487
RORC,0.000000,0.000000,Source: gse62944,0.937037,0.822247,0.962487
FOLR1,0.000000,0.000000,Source: gse62944,0.937037,0.822247,0.962487
NID2,0.000000,0.000000,Source: gse62944,0.937037,0.822247,0.962487
GREM1,0.000000,0.000000,Source: gse62944,0.937037,0.822247,0.962487
MAPK6,0.000000,0.000000,Source: gse62944,0.937037,0.822247,0.962487
DHRS12,0.000000,0.000000,Source: gse62944,0.937037,0.822247,0.962487
OR7C1,0.000000,0.000000,Source: gse62944,0.937037,0.822247,0.962487
P2RY14,0.000000,0.000000,Source: gse62944,0.937037,0.822247,0.962487
HMGN4,0.000000,0.000000,Source: gse62944,0.937037,0.822247,0.962487
ZSCAN12,0.000000,0.000000,Source: gse62944,0.937037,0.822247,0.962487
PSG9,0.000000,0.000000,Source: gse62944,0.937037,0.822247,0.962487
ZNF282,0.000000,0.000000,Source: gse62944,0.937037,0.822247,0.962487
SCAND1,0.000000,0.000000,Source: gse62944,0.937037,0.822247,0.962487
ALOX5AP,0.000000,0.000000,Source: gse62944,0.937037,0.822247,0.962487
BEST1,0.000000,0.000000,Source: gse62944,0.937037,0.822247,0.962487
NMI,0.000000,0.000000,Source: gse62944,0.937037,0.822247,0.962487
CBX7,0.000000,0.000000,Source: gse62944,0.937037,0.822247,0.962487
PADI1,0.000000,0.000000,Source: gse62944,0.937037,0.822247,0.962487
RBX1,0.000000,0.000000,Source: gse62944,0.937037,0.822247,0.962487
STAB1,0.000000,0.000000,Source: gse62944,0.937037,0.822247,0.962487
TACR1,0.000000,0.000000,Source: gse62944,0.937037,0.822247,0.962487
POLA1,0.000000,0.000000,Source: gse62944,0.937037,0.822247,0.962487
TAF5,0.000000,0.000000,Source: gse62944,0.937037,0.822247,0.962487
FEZF2,0.000000,0.000000,Source: gse62944,0.937037,0.822247,0.962487
FUBP1,0.000000,0.000000,Source: gse62944,0.937037,0.822247,0.962487
SHPK,0.000000,0.000000,Source: gse62944,0.937037,0.822247,0.962487
CAV3,0.000000,0.000000,Source: gse62944,0.937037,0.822247,0.962487
DPYSL2,0.000000,0.000000,Source: gse62944,0.937037,0.822247,0.962487
MMP2,0.000000,0.000000,Source: gse62944,0.937037,0.822247,0.962487
PKDREJ,0.000000,0.000000,Source: gse62944,0.937037,0.822247,0.962487
ABCD4,0.000000,0.000000,Source: gse62944,0.937037,0.822247,0.962487
AGTR2,0.000000,0.000000,Source: gse62944,0.937037,0.822247,0.962487
SAV1,0.000000,0.000000,Source: gse62944,0.937037,0.822247,0.962487
AQP4,0.000000,0.000000,Source: gse62944,0.937037,0.822247,0.962487
GIP,0.000000,0.000000,Source: gse62944,0.937037,0.822247,0.962487
RPS23,0.000000,0.000000,Source: gse62944,0.937037,0.822247,0.962487
FOXL2,0.000000,0.000000,Source: gse62944,0.937037,0.822247,0.962487
HIGD2A,0.000000,0.000000,Source: gse62944,0.937037,0.822247,0.962487
PLD2,0.000000,0.000000,Source: gse62944,0.937037,0.822247,0.962487
MEP1A,0.000000,0.000000,Source: gse62944,0.937037,0.822247,0.962487
NEDD9,0.000000,0.000000,Source: gse62944,0.937037,0.822247,0.962487
GTF2F1,0.000000,0.000000,Source: gse62944,0.937037,0.822247,0.962487
SECISBP2,0.000000,0.000000,Source: gse62944,0.937037,0.822247,0.962487
TAPBP,0.000000,0.000000,Source: gse62944,0.937037,0.822247,0.962487
BMP1,0.000000,0.000000,Source: gse62944,0.937037,0.822247,0.962487
EMP2,0.000000,0.000000,Source: gse62944,0.937037,0.822247,0.962487
ZNF749,0.000000,0.000000,Source: gse62944,0.937037,0.822247,0.962487
ZNF253,0.000000,0.000000,Source: gse62944,0.937037,0.822247,0.962487
FAR2,0.000000,0.000000,Source: gse62944,0.937037,0.822247,0.962487
COL5A3,0.000000,0.000000,Source: gse62944,0.937037,0.822247,0.962487
RABL3,0.000000,0.000000,Source: gse62944,0.937037,0.822247,0.962487
SLAMF8,0.000000,0.000000,Source: gse62944,0.937037,0.822247,0.962487
SLC2A4RG,0.000000,0.000000,Source: gse62944,0.937037,0.822247,0.962487
SERINC5,0.000000,0.000000,Source: gse62944,0.937037,0.822247,0.962487
VPS8,0.000000,0.000000,Source: gse62944,0.937037,0.822247,0.962487
GTPBP4,0.000000,0.000000,Source: gse62944,0.937037,0.822247,0.962487
DNAH6,0.000000,0.000000,Source: gse62944,0.937037,0.822247,0.962487
RGS12,0.000000,0.000000,Source: gse62944,0.937037,0.822247,0.962487
SNX29,0.000000,0.000000,Source: gse62944,0.937037,0.822247,0.962487
ZC4H2,0.000000,0.000000,Source: gse62944,0.937037,0.822247,0.962487
GPR21,0.000000,0.000000,Source: gse62944,0.937037,0.822247,0.962487
TOR1B,0.000000,0.000000,Source: gse62944,0.937037,0.822247,0.962487
ANKRD49,0.000000,0.000000,Source: gse62944,0.937037,0.822247,0.962487
DOK1,0.000000,0.000000,Source: gse62944,0.937037,0.822247,0.962487
RND2,0.000000,0.000000,Source: gse62944,0.937037,0.822247,0.962487
VSTM4,0.000000,0.000000,Source: gse62944,0.937037,0.822247,0.962487
SLCO4C1,0.000000,0.000000,Source: gse62944,0.937037,0.822247,0.962487
APLP1,0.000000,0.000000,Source: gse62944,0.937037,0.822247,0.962487
MED13,0.000000,0.000000,Source: gse62944,0.937037,0.822247,0.962487
CDC42EP4,0.000000,0.000000,Source: gse62944,0.937037,0.822247,0.962487
DDX5,0.000000,0.000000,Source: gse62944,0.937037,0.822247,0.962487
SCIN,0.000000,0.000000,Source: gse62944,0.937037,0.822247,0.962487
MFHAS1,0.000000,0.000000,Source: gse62944,0.937037,0.822247,0.962487
SEH1L,0.000000,0.000000,Source: gse62944,0.937037,0.822247,0.962487
TBC1D15,0.000000,0.000000,Source: gse62944,0.937037,0.822247,0.962487
CAPN5,0.000000,0.000000,Source: gse62944,0.937037,0.822247,0.962487
COIL,0.000000,0.000000,Source: gse62944,0.937037,0.822247,0.962487
TPM1,0.000000,0.000000,Source: gse62944,0.937037,0.822247,0.962487
UBE2D3,0.000000,0.000000,Source: gse62944,0.937037,0.822247,0.962487
ARMC7,0.000000,0.000000,Source: gse62944,0.937037,0.822247,0.962487
CETP,0.000000,0.000000,Source: gse62944,0.937037,0.822247,0.962487
BAIAP2,0.000000,0.000000,Source: gse62944,0.937037,0.822247,0.962487
OFD1,0.000000,0.000000,Source: gse62944,0.937037,0.822247,0.962487
PVALB,0.000000,0.000000,Source: gse62944,0.937037,0.822247,0.962487
FGD6,0.000000,0.000000,Source: gse62944,0.937037,0.822247,0.962487
TRMU,0.000000,0.000000,Source: gse62944,0.937037,0.822247,0.962487
MTFR1,0.000000,0.000000,Source: gse62944,0.937037,0.822247,0.962487
PGRMC1,0.000000,0.000000,Source: gse62944,0.937037,0.822247,0.962487
PRDM10,0.000000,0.000000,Source: gse62944,0.937037,0.822247,0.962487
ASB8,0.000000,0.000000,Source: gse62944,0.937037,0.822247,0.962487
SERPINB13,0.000000,0.000000,Source: gse62944,0.937037,0.822247,0.962487
EPYC,0.000000,0.000000,Source: gse62944,0.937037,0.822247,0.962487
KRAS,0.000000,0.000000,Source: gse62944,0.937037,0.822247,0.962487
PRKY,0.000000,0.000000,Source: gse62944,0.937037,0.822247,0.962487
TICAM1,0.000000,0.000000,Source: gse62944,0.937037,0.822247,0.962487
MICALL1,0.000000,0.000000,Source: gse62944,0.937037,0.822247,0.962487
METAP2,0.000000,0.000000,Source: gse62944,0.937037,0.822247,0.962487
USE1,0.000000,0.000000,Source: gse62944,0.937037,0.822247,0.962487
MAP4K1,0.000000,0.000000,Source: gse62944,0.937037,0.822247,0.962487
ATP2B2,0.000000,0.000000,Source: gse62944,0.937037,0.822247,0.962487
ATP6V1G1,0.000000,0.000000,Source: gse62944,0.937037,0.822247,0.962487
NFAT5,0.000000,0.000000,Source: gse62944,0.937037,0.822247,0.962487
AGR2,0.000000,0.000000,Source: gse62944,0.937037,0.822247,0.962487
TLK1,0.000000,0.000000,Source: gse62944,0.937037,0.822247,0.962487
CTSS,0.000000,0.000000,Source: gse62944,0.937037,0.822247,0.962487
MBD4,0.000000,0.000000,Source: gse62944,0.937037,0.822247,0.962487
SSB,0.000000,0.000000,Source: gse62944,0.937037,0.822247,0.962487
RFC2,0.000000,0.000000,Source: gse62944,0.937037,0.822247,0.962487
GPR4,0.000000,0.000000,Source: gse62944,0.937037,0.822247,0.962487
WNT11,0.000000,0.000000,Source: gse62944,0.937037,0.822247,0.962487
SLC25A14,0.000000,0.000000,Source: gse62944,0.937037,0.822247,0.962487
RECQL5,0.000000,0.000000,Source: gse62944,0.937037,0.822247,0.962487
HOXB2,0.000000,0.000000,Source: gse62944,0.937037,0.822247,0.962487
ILVBL,0.000000,0.000000,Source: gse62944,0.937037,0.822247,0.962487
SLTM,0.000000,0.000000,Source: gse62944,0.937037,0.822247,0.962487
AGL,0.000000,0.000000,Source: gse62944,0.937037,0.822247,0.962487
MYL3,0.000000,0.000000,Source: gse62944,0.937037,0.822247,0.962487
SLC5A12,0.000000,0.000000,Source: gse62944,0.937037,0.822247,0.962487
COLEC11,0.000000,0.000000,Source: gse62944,0.937037,0.822247,0.962487
UBXN8,0.000000,0.000000,Source: gse62944,0.937037,0.822247,0.962487
ZNF468,0.000000,0.000000,Source: gse62944,0.937037,0.822247,0.962487
LHX6,0.000000,0.000000,Source: gse62944,0.937037,0.822247,0.962487
CPSF4,0.000000,0.000000,Source: gse62944,0.937037,0.822247,0.962487
WDR26,0.000000,0.000000,Source: gse62944,0.937037,0.822247,0.962487
ABL1,0.000000,0.000000,Source: gse62944,0.937037,0.822247,0.962487
BRD1,0.000000,0.000000,Source: gse62944,0.937037,0.822247,0.962487
FKTN,0.000000,0.000000,Source: gse62944,0.937037,0.822247,0.962487
HSP90B1,0.000000,0.000000,Source: gse62944,0.937037,0.822247,0.962487
SLC16A8,0.000000,0.000000,Source: gse62944,0.937037,0.822247,0.962487
CRYBA2,0.000000,0.000000,Source: gse62944,0.937037,0.822247,0.962487
STX1A,0.000000,0.000000,Source: gse62944,0.937037,0.822247,0.962487
AURKAIP1,0.000000,0.000000,Source: gse62944,0.937037,0.822247,0.962487
GCLM,0.000000,0.000000,Source: gse62944,0.937037,0.822247,0.962487
SLITRK5,0.000000,0.000000,Source: gse62944,0.937037,0.822247,0.962487
BAG4,0.000000,0.000000,Source: gse62944,0.937037,0.822247,0.962487
RAB31,0.000000,0.000000,Source: gse62944,0.937037,0.822247,0.962487
HDAC6,0.000000,0.000000,Source: gse62944,0.937037,0.822247,0.962487
DGKE,0.000000,0.000000,Source: gse62944,0.937037,0.822247,0.962487
THBD,0.000000,0.000000,Source: gse62944,0.937037,0.822247,0.962487
MYNN,0.000000,0.000000,Source: gse62944,0.937037,0.822247,0.962487
GCNT3,0.000000,0.000000,Source: gse62944,0.937037,0.822247,0.962487
RNF115,0.000000,0.000000,Source: gse62944,0.937037,0.822247,0.962487
SGTA,0.000000,0.000000,Source: gse62944,0.937037,0.822247,0.962487
KDELR3,0.000000,0.000000,Source: gse62944,0.937037,0.822247,0.962487
OMD,0.000000,0.000000,Source: gse62944,0.937037,0.822247,0.962487
SNAPC4,0.000000,0.000000,Source: gse62944,0.937037,0.822247,0.962487
TLR8,0.000000,0.000000,Source: gse62944,0.937037,0.822247,0.962487
THBS3,0.000000,0.000000,Source: gse62944,0.937037,0.822247,0.962487
SLC31A1,0.000000,0.000000,Source: gse62944,0.937037,0.822247,0.962487
RNASE2,0.000000,0.000000,Source: gse62944,0.937037,0.822247,0.962487
ESPL1,0.000000,0.000000,Source: gse62944,0.937037,0.822247,0.962487
SERPIND1,0.000000,0.000000,Source: gse62944,0.937037,0.822247,0.962487
DCLRE1B,0.000000,0.000000,Source: gse62944,0.937037,0.822247,0.962487
IKBKB,0.000000,0.000000,Source: gse62944,0.937037,0.822247,0.962487
SUPT6H,0.000000,0.000000,Source: gse62944,0.937037,0.822247,0.962487
URI1,0.000000,0.000000,Source: gse62944,0.937037,0.822247,0.962487
TCEA2,0.000000,0.000000,Source: gse62944,0.937037,0.822247,0.962487
OR10H3,0.000000,0.000000,Source: gse62944,0.937037,0.822247,0.962487
RNASEL,0.000000,0.000000,Source: gse62944,0.937037,0.822247,0.962487
SCML2,0.000000,0.000000,Source: gse62944,0.937037,0.822247,0.962487
ADAM20,0.000000,0.000000,Source: gse62944,0.937037,0.822247,0.962487
SENP6,0.000000,0.000000,Source: gse62944,0.937037,0.822247,0.962487
KCND2,0.000000,0.000000,Source: gse62944,0.937037,0.822247,0.962487
GALR3,0.000000,0.000000,Source: gse62944,0.937037,0.822247,0.962487
VSIG10,0.000000,0.000000,Source: gse62944,0.937037,0.822247,0.962487
GLRX5,0.000000,0.000000,Source: gse62944,0.937037,0.822247,0.962487
PLEC,0.000000,0.000000,Source: gse62944,0.937037,0.822247,0.962487
DCAF8,0.000000,0.000000,Source: gse62944,0.937037,0.822247,0.962487
KLF6,0.000000,0.000000,Source: gse62944,0.937037,0.822247,0.962487
CHEK1,0.000000,0.000000,Source: gse62944,0.937037,0.822247,0.962487
ZNF614,0.000000,0.000000,Source: gse62944,0.937037,0.822247,0.962487
FNTA,0.000000,0.000000,Source: gse62944,0.937037,0.822247,0.962487
ZBTB6,0.000000,0.000000,Source: gse62944,0.937037,0.822247,0.962487
SHARPIN,0.000000,0.000000,Source: gse62944,0.937037,0.822247,0.962487
PCBD1,0.000000,0.000000,Source: gse62944,0.937037,0.822247,0.962487
HOXB9,0.000000,0.000000,Source: gse62944,0.937037,0.822247,0.962487
FOSL2,0.000000,0.000000,Source: gse62944,0.937037,0.822247,0.962487
ADAM19,0.000000,0.000000,Source: gse62944,0.937037,0.822247,0.962487
ATP4B,0.000000,0.000000,Source: gse62944,0.937037,0.822247,0.962487
KCTD20,0.000000,0.000000,Source: gse62944,0.937037,0.822247,0.962487
CCNJL,0.000000,0.000000,Source: gse62944,0.937037,0.822247,0.962487
CCDC91,0.000000,0.000000,Source: gse62944,0.937037,0.822247,0.962487
RAI2,0.000000,0.000000,Source: gse62944,0.937037,0.822247,0.962487
WIZ,0.000000,0.000000,Source: gse62944,0.937037,0.822247,0.962487
KCNJ5,0.000000,0.000000,Source: gse62944,0.937037,0.822247,0.962487
GJB5,0.000000,0.000000,Source: gse62944,0.937037,0.822247,0.962487
PRPF19,0.000000,0.000000,Source: gse62944,0.937037,0.822247,0.962487
SNRNP27,0.000000,0.000000,Source: gse62944,0.937037,0.822247,0.962487
MAPK12,0.000000,0.000000,Source: gse62944,0.937037,0.822247,0.962487
FBLN1,0.000000,0.000000,Source: gse62944,0.937037,0.822247,0.962487
ATG7,0.000000,0.000000,Source: gse62944,0.937037,0.822247,0.962487
NUMB,0.000000,0.000000,Source: gse62944,0.937037,0.822247,0.962487
CSNK2B,0.000000,0.000000,Source: gse62944,0.937037,0.822247,0.962487
PPP1R12A,0.000000,0.000000,Source: gse62944,0.937037,0.822247,0.962487
ZNF324,0.000000,0.000000,Source: gse62944,0.937037,0.822247,0.962487
KRT83,0.000000,0.000000,Source: gse62944,0.937037,0.822247,0.962487
IFT81,0.000000,0.000000,Source: gse62944,0.937037,0.822247,0.962487
KIF5C,0.000000,0.000000,Source: gse62944,0.937037,0.822247,0.962487
NUP155,0.000000,0.000000,Source: gse62944,0.937037,0.822247,0.962487
SNRK,0.000000,0.000000,Source: gse62944,0.937037,0.822247,0.962487
PRND,0.000000,0.000000,Source: gse62944,0.937037,0.822247,0.962487
HEATR3,0.000000,0.000000,Source: gse62944,0.937037,0.822247,0.962487
NISCH,0.000000,0.000000,Source: gse62944,0.937037,0.822247,0.962487
RPIA,0.000000,0.000000,Source: gse62944,0.937037,0.822247,0.962487
POLR3G,0.000000,0.000000,Source: gse62944,0.937037,0.822247,0.962487
STAU1,0.000000,0.000000,Source: gse62944,0.937037,0.822247,0.962487
MAP3K13,0.000000,0.000000,Source: gse62944,0.937037,0.822247,0.962487
ABTB2,0.000000,0.000000,Source: gse62944,0.937037,0.822247,0.962487
TGS1,0.000000,0.000000,Source: gse62944,0.937037,0.822247,0.962487
MTNR1B,0.000000,0.000000,Source: gse62944,0.937037,0.822247,0.962487
H6PD,0.000000,0.000000,Source: gse62944,0.937037,0.822247,0.962487
ADIPOR2,0.000000,0.000000,Source: gse62944,0.937037,0.822247,0.962487
CD5,0.000000,0.000000,Source: gse62944,0.937037,0.822247,0.962487
CLDN1,0.000000,0.000000,Source: gse62944,0.937037,0.822247,0.962487
NIPSNAP1,0.000000,0.000000,Source: gse62944,0.937037,0.822247,0.962487
ASPH,0.000000,0.000000,Source: gse62944,0.937037,0.822247,0.962487
REL,0.000000,0.000000,Source: gse62944,0.937037,0.822247,0.962487
ARHGEF9,0.000000,0.000000,Source: gse62944,0.937037,0.822247,0.962487
DCTN2,0.000000,0.000000,Source: gse62944,0.937037,0.822247,0.962487
ZFPM2,0.000000,0.000000,Source: gse62944,0.937037,0.822247,0.962487
MAGED1,0.000000,0.000000,Source: gse62944,0.937037,0.822247,0.962487
PRELP,0.000000,0.000000,Source: gse62944,0.937037,0.822247,0.962487
ACTL8,0.000000,0.000000,Source: gse62944,0.937037,0.822247,0.962487
CYP2C19,0.000000,0.000000,Source: gse62944,0.937037,0.822247,0.962487
CBLN1,0.000000,0.000000,Source: gse62944,0.937037,0.822247,0.962487
MATR3,0.000000,0.000000,Source: gse62944,0.937037,0.822247,0.962487
RYR3,0.000000,0.000000,Source: gse62944,0.937037,0.822247,0.962487
LRRTM2,0.000000,0.000000,Source: gse62944,0.937037,0.822247,0.962487
PRKG2,0.000000,0.000000,Source: gse62944,0.937037,0.822247,0.962487
SOX4,0.000000,0.000000,Source: gse62944,0.937037,0.822247,0.962487
PPP5C,0.000000,0.000000,Source: gse62944,0.937037,0.822247,0.962487
NMBR,0.000000,0.000000,Source: gse62944,0.937037,0.822247,0.962487
S100A10,0.000000,0.000000,Source: gse62944,0.937037,0.822247,0.962487
KCNJ3,0.000000,0.000000,Source: gse62944,0.937037,0.822247,0.962487
TRAPPC11,0.000000,0.000000,Source: gse62944,0.937037,0.822247,0.962487
EFR3A,0.000000,0.000000,Source: gse62944,0.937037,0.822247,0.962487
GGCX,0.000000,0.000000,Source: gse62944,0.937037,0.822247,0.962487
SLC17A2,0.000000,0.000000,Source: gse62944,0.937037,0.822247,0.962487
RNF121,0.000000,0.000000,Source: gse62944,0.937037,0.822247,0.962487
NR2E1,0.000000,0.000000,Source: gse62944,0.937037,0.822247,0.962487
AUH,0.000000,0.000000,Source: gse62944,0.937037,0.822247,0.962487
MTMR8,0.000000,0.000000,Source: gse62944,0.937037,0.822247,0.962487
WDR82,0.000000,0.000000,Source: gse62944,0.937037,0.822247,0.962487
PPP1R2,0.000000,0.000000,Source: gse62944,0.937037,0.822247,0.962487
MID1IP1,0.000000,0.000000,Source: gse62944,0.937037,0.822247,0.962487
MIA2,0.000000,0.000000,Source: gse62944,0.937037,0.822247,0.962487
HSPA1B,0.000000,0.000000,Source: gse62944,0.937037,0.822247,0.962487
ANKRD1,0.000000,0.000000,Source: gse62944,0.937037,0.822247,0.962487
TAF7L,0.000000,0.000000,Source: gse62944,0.937037,0.822247,0.962487
FZD10,0.000000,0.000000,Source: gse62944,0.937037,0.822247,0.962487
DCAF7,0.000000,0.000000,Source: gse62944,0.937037,0.822247,0.962487
ZNF157,0.000000,0.000000,Source: gse62944,0.937037,0.822247,0.962487
TMEM62,0.000000,0.000000,Source: gse62944,0.937037,0.822247,0.962487
IL13RA2,0.000000,0.000000,Source: gse62944,0.937037,0.822247,0.962487
ABHD6,0.000000,0.000000,Source: gse62944,0.937037,0.822247,0.962487
STEAP1B,0.000000,0.000000,Source: gse62944,0.937037,0.822247,0.962487
GNAQ,0.000000,0.000000,Source: gse62944,0.937037,0.822247,0.962487
NIPA2,0.000000,0.000000,Source: gse62944,0.937037,0.822247,0.962487
GATA6,0.000000,0.000000,Source: gse62944,0.937037,0.822247,0.962487
CBX3,0.000000,0.000000,Source: gse62944,0.937037,0.822247,0.962487
G3BP1,0.000000,0.000000,Source: gse62944,0.937037,0.822247,0.962487
CCDC7,0.000000,0.000000,Source: gse62944,0.937037,0.822247,0.962487
KDM4C,0.000000,0.000000,Source: gse62944,0.937037,0.822247,0.962487
IRAK4,0.000000,0.000000,Source: gse62944,0.937037,0.822247,0.962487
RPL13P5,0.000000,0.000000,Source: gse62944,0.937037,0.822247,0.962487
TEX30,0.000000,0.000000,Source: gse62944,0.937037,0.822247,0.962487
NPY2R,0.000000,0.000000,Source: gse62944,0.937037,0.822247,0.962487
GPR32,0.000000,0.000000,Source: gse62944,0.937037,0.822247,0.962487
PER2,0.000000,0.000000,Source: gse62944,0.937037,0.822247,0.962487
NTRK1,0.000000,0.000000,Source: gse62944,0.937037,0.822247,0.962487
NFE2L3,0.000000,0.000000,Source: gse62944,0.937037,0.822247,0.962487
BCL2L2,0.000000,0.000000,Source: gse62944,0.937037,0.822247,0.962487
USP46,0.000000,0.000000,Source: gse62944,0.937037,0.822247,0.962487
ACTR10,0.000000,0.000000,Source: gse62944,0.937037,0.822247,0.962487
MRPS16,0.000000,0.000000,Source: gse62944,0.937037,0.822247,0.962487
MSH3,0.000000,0.000000,Source: gse62944,0.937037,0.822247,0.962487
SLC6A9,0.000000,0.000000,Source: gse62944,0.937037,0.822247,0.962487
ANGPT1,0.000000,0.000000,Source: gse62944,0.937037,0.822247,0.962487
CLDN5,0.000000,0.000000,Source: gse62944,0.937037,0.822247,0.962487
SSH3,0.000000,0.000000,Source: gse62944,0.937037,0.822247,0.962487
SEC61A2,0.000000,0.000000,Source: gse62944,0.937037,0.822247,0.962487
OR1F2P,0.000000,0.000000,Source: gse62944,0.937037,0.822247,0.962487
FXYD5,0.000000,0.000000,Source: gse62944,0.937037,0.822247,0.962487
MMP9,0.000000,0.000000,Source: gse62944,0.937037,0.822247,0.962487
HNRNPR,0.000000,0.000000,Source: gse62944,0.937037,0.822247,0.962487
HELLS,0.000000,0.000000,Source: gse62944,0.937037,0.822247,0.962487
CBLL1,0.000000,0.000000,Source: gse62944,0.937037,0.822247,0.962487
PPP1R12B,0.000000,0.000000,Source: gse62944,0.937037,0.822247,0.962487
CXCL12,0.000000,0.000000,Source: gse62944,0.937037,0.822247,0.962487
ABHD3,0.000000,0.000000,Source: gse62944,0.937037,0.822247,0.962487
CREBBP,0.000000,0.000000,Source: gse62944,0.937037,0.822247,0.962487
HAUS6,0.000000,0.000000,Source: gse62944,0.937037,0.822247,0.962487
TDP1,0.000000,0.000000,Source: gse62944,0.937037,0.822247,0.962487
MLXIPL,0.000000,0.000000,Source: gse62944,0.937037,0.822247,0.962487
ZC3H12A,0.000000,0.000000,Source: gse62944,0.937037,0.822247,0.962487
UBOX5,0.000000,0.000000,Source: gse62944,0.937037,0.822247,0.962487
ZFP36L2,0.000000,0.000000,Source: gse62944,0.937037,0.822247,0.962487
LPCAT1,0.000000,0.000000,Source: gse62944,0.937037,0.822247,0.962487
LCAT,0.000000,0.000000,Source: gse62944,0.937037,0.822247,0.962487
MBNL2,0.000000,0.000000,Source: gse62944,0.937037,0.822247,0.962487
CFDP1,0.000000,0.000000,Source: gse62944,0.937037,0.822247,0.962487
GPR6,0.000000,0.000000,Source: gse62944,0.937037,0.822247,0.962487
ARL5A,0.000000,0.000000,Source: gse62944,0.937037,0.822247,0.962487
KAT2B,0.000000,0.000000,Source: gse62944,0.937037,0.822247,0.962487
TPRA1,0.000000,0.000000,Source: gse62944,0.937037,0.822247,0.962487
AMOTL2,0.000000,0.000000,Source: gse62944,0.937037,0.822247,0.962487
KRT20,0.000000,0.000000,Source: gse62944,0.937037,0.822247,0.962487
MYL9,0.000000,0.000000,Source: gse62944,0.937037,0.822247,0.962487
ACTN3,0.000000,0.000000,Source: gse62944,0.937037,0.822247,0.962487
AZGP1,0.000000,0.000000,Source: gse62944,0.937037,0.822247,0.962487
GATAD2A,0.000000,0.000000,Source: gse62944,0.937037,0.822247,0.962487
CCL16,0.000000,0.000000,Source: gse62944,0.937037,0.822247,0.962487
CCT8L2,0.000000,0.000000,Source: gse62944,0.937037,0.822247,0.962487
TAS2R9,0.000000,0.000000,Source: gse62944,0.937037,0.822247,0.962487
CIT,0.000000,0.000000,Source: gse62944,0.937037,0.822247,0.962487
INSL5,0.000000,0.000000,Source: gse62944,0.937037,0.822247,0.962487
RPE,0.000000,0.000000,Source: gse62944,0.937037,0.822247,0.962487
ATG13,0.000000,0.000000,Source: gse62944,0.937037,0.822247,0.962487
KHNYN,0.000000,0.000000,Source: gse62944,0.937037,0.822247,0.962487
CYTIP,0.000000,0.000000,Source: gse62944,0.937037,0.822247,0.962487
MEST,0.000000,0.000000,Source: gse62944,0.937037,0.822247,0.962487
NSUN5,0.000000,0.000000,Source: gse62944,0.937037,0.822247,0.962487
HNRNPD,0.000000,0.000000,Source: gse62944,0.937037,0.822247,0.962487
DMXL2,0.000000,0.000000,Source: gse62944,0.937037,0.822247,0.962487
IFITM1,0.000000,0.000000,Source: gse62944,0.937037,0.822247,0.962487
ADAP2,0.000000,0.000000,Source: gse62944,0.937037,0.822247,0.962487
SLC2A8,0.000000,0.000000,Source: gse62944,0.937037,0.822247,0.962487
OIP5,0.000000,0.000000,Source: gse62944,0.937037,0.822247,0.962487
CLCN7,0.000000,0.000000,Source: gse62944,0.937037,0.822247,0.962487
COL9A1,0.000000,0.000000,Source: gse62944,0.937037,0.822247,0.962487
MTUS2,0.000000,0.000000,Source: gse62944,0.937037,0.822247,0.962487
FDX1,0.000000,0.000000,Source: gse62944,0.937037,0.822247,0.962487
TMEM168,0.000000,0.000000,Source: gse62944,0.937037,0.822247,0.962487
DCBLD2,0.000000,0.000000,Source: gse62944,0.937037,0.822247,0.962487
CHRNA10,0.000000,0.000000,Source: gse62944,0.937037,0.822247,0.962487
CNBP,0.000000,0.000000,Source: gse62944,0.937037,0.822247,0.962487
PRKAG1,0.000000,0.000000,Source: gse62944,0.937037,0.822247,0.962487
RBM48,0.000000,0.000000,Source: gse62944,0.937037,0.822247,0.962487
GALNT1,0.000000,0.000000,Source: gse62944,0.937037,0.822247,0.962487
ZFYVE21,0.000000,0.000000,Source: gse62944,0.937037,0.822247,0.962487
IFI35,0.000000,0.000000,Source: gse62944,0.937037,0.822247,0.962487
CYP19A1,0.000000,0.000000,Source: gse62944,0.937037,0.822247,0.962487
GNAO1,0.000000,0.000000,Source: gse62944,0.937037,0.822247,0.962487
IL1RAPL1,0.000000,0.000000,Source: gse62944,0.937037,0.822247,0.962487
LPAR6,0.000000,0.000000,Source: gse62944,0.937037,0.822247,0.962487
HAO1,0.000000,0.000000,Source: gse62944,0.937037,0.822247,0.962487
ZNF839,0.000000,0.000000,Source: gse62944,0.937037,0.822247,0.962487
KTN1,0.000000,0.000000,Source: gse62944,0.937037,0.822247,0.962487
SEPHS2,0.000000,0.000000,Source: gse62944,0.937037,0.822247,0.962487
CACNG2,0.000000,0.000000,Source: gse62944,0.937037,0.822247,0.962487
MYLK,0.000000,0.000000,Source: gse62944,0.937037,0.822247,0.962487
GLI2,0.000000,0.000000,Source: gse62944,0.937037,0.822247,0.962487
CHCHD2,0.000000,0.000000,Source: gse62944,0.937037,0.822247,0.962487
TOMM34,0.000000,0.000000,Source: gse62944,0.937037,0.822247,0.962487
DSPP,0.000000,0.000000,Source: gse62944,0.937037,0.822247,0.962487
FLNB,0.000000,0.000000,Source: gse62944,0.937037,0.822247,0.962487
LRRN3,0.000000,0.000000,Source: gse62944,0.937037,0.822247,0.962487
PLEKHA4,0.000000,0.000000,Source: gse62944,0.937037,0.822247,0.962487
CEP72,0.000000,0.000000,Source: gse62944,0.937037,0.822247,0.962487
PRRG2,0.000000,0.000000,Source: gse62944,0.937037,0.822247,0.962487
CHD3,0.000000,0.000000,Source: gse62944,0.937037,0.822247,0.962487
MOG,0.000000,0.000000,Source: gse62944,0.937037,0.822247,0.962487
BHMT2,0.000000,0.000000,Source: gse62944,0.937037,0.822247,0.962487
TLN1,0.000000,0.000000,Source: gse62944,0.937037,0.822247,0.962487
ZC2HC1A,0.000000,0.000000,Source: gse62944,0.937037,0.822247,0.962487
CSHL1,0.000000,0.000000,Source: gse62944,0.937037,0.822247,0.962487
CD226,0.000000,0.000000,Source: gse62944,0.937037,0.822247,0.962487
MAP1B,0.000000,0.000000,Source: gse62944,0.937037,0.822247,0.962487
IGFBP3,0.000000,0.000000,Source: gse62944,0.937037,0.822247,0.962487
SLC2A5,0.000000,0.000000,Source: gse62944,0.937037,0.822247,0.962487
PIM1,0.000000,0.000000,Source: gse62944,0.937037,0.822247,0.962487
IL17RC,0.000000,0.000000,Source: gse62944,0.937037,0.822247,0.962487
SH2D2A,0.000000,0.000000,Source: gse62944,0.937037,0.822247,0.962487
UTY,0.000000,0.000000,Source: gse62944,0.937037,0.822247,0.962487
FOXP3,0.000000,0.000000,Source: gse62944,0.937037,0.822247,0.962487
GRAP,0.000000,0.000000,Source: gse62944,0.937037,0.822247,0.962487
TRIM27,0.000000,0.000000,Source: gse62944,0.937037,0.822247,0.962487
CCL13,0.000000,0.000000,Source: gse62944,0.937037,0.822247,0.962487
SLC30A9,0.000000,0.000000,Source: gse62944,0.937037,0.822247,0.962487
COL2A1,0.000000,0.000000,Source: gse62944,0.937037,0.822247,0.962487
ATP6V1E1,0.000000,0.000000,Source: gse62944,0.937037,0.822247,0.962487
SLC22A11,0.000000,0.000000,Source: gse62944,0.937037,0.822247,0.962487
PRKCQ,0.000000,0.000000,Source: gse62944,0.937037,0.822247,0.962487
FBXO24,0.000000,0.000000,Source: gse62944,0.937037,0.822247,0.962487
SCRN1,0.000000,0.000000,Source: gse62944,0.937037,0.822247,0.962487
PCDH9,0.000000,0.000000,Source: gse62944,0.937037,0.822247,0.962487
DSTYK,0.000000,0.000000,Source: gse62944,0.937037,0.822247,0.962487
SLC25A44,0.000000,0.000000,Source: gse62944,0.937037,0.822247,0.962487
MT1F,0.000000,0.000000,Source: gse62944,0.937037,0.822247,0.962487
PIK3CB,0.000000,0.000000,Source: gse62944,0.937037,0.822247,0.962487
TLX2,0.000000,0.000000,Source: gse62944,0.937037,0.822247,0.962487
TUBA1A,0.000000,0.000000,Source: gse62944,0.937037,0.822247,0.962487
CTNND2,0.000000,0.000000,Source: gse62944,0.937037,0.822247,0.962487
MCM6,0.000000,0.000000,Source: gse62944,0.937037,0.822247,0.962487
IGF2BP3,0.000000,0.000000,Source: gse62944,0.937037,0.822247,0.962487
ICAM3,0.000000,0.000000,Source: gse62944,0.937037,0.822247,0.962487
NSMCE4A,0.000000,0.000000,Source: gse62944,0.937037,0.822247,0.962487
CNTN6,0.000000,0.000000,Source: gse62944,0.937037,0.822247,0.962487
PCBP4,0.000000,0.000000,Source: gse62944,0.937037,0.822247,0.962487
PRMT1,0.000000,0.000000,Source: gse62944,0.937037,0.822247,0.962487
TG,0.000000,0.000000,Source: gse62944,0.937037,0.822247,0.962487
SAGE1,0.000000,0.000000,Source: gse62944,0.937037,0.822247,0.962487
PPP2R2B,0.000000,0.000000,Source: gse62944,0.937037,0.822247,0.962487
SLC26A6,0.000000,0.000000,Source: gse62944,0.937037,0.822247,0.962487
VENTXP1,0.000000,0.000000,Source: gse62944,0.937037,0.822247,0.962487
IRAK3,0.000000,0.000000,Source: gse62944,0.937037,0.822247,0.962487
KCNMA1,0.000000,0.000000,Source: gse62944,0.937037,0.822247,0.962487
ABHD2,0.000000,0.000000,Source: gse62944,0.937037,0.822247,0.962487
CALM2,0.000000,0.000000,Source: gse62944,0.937037,0.822247,0.962487
KCNMB1,0.000000,0.000000,Source: gse62944,0.937037,0.822247,0.962487
MAP3K6,0.000000,0.000000,Source: gse62944,0.937037,0.822247,0.962487
IFIH1,0.000000,0.000000,Source: gse62944,0.937037,0.822247,0.962487
KRT6C,0.000000,0.000000,Source: gse62944,0.937037,0.822247,0.962487
GGT5,0.000000,0.000000,Source: gse62944,0.937037,0.822247,0.962487
MAP7,0.000000,0.000000,Source: gse62944,0.937037,0.822247,0.962487
ATG4A,0.000000,0.000000,Source: gse62944,0.937037,0.822247,0.962487
ARHGEF2,0.000000,0.000000,Source: gse62944,0.937037,0.822247,0.962487
FADD,0.000000,0.000000,Source: gse62944,0.937037,0.822247,0.962487
TCHH,0.000000,0.000000,Source: gse62944,0.937037,0.822247,0.962487
FBXO17,0.000000,0.000000,Source: gse62944,0.937037,0.822247,0.962487
KIR3DL1,0.000000,0.000000,Source: gse62944,0.937037,0.822247,0.962487
AHCYL2,0.000000,0.000000,Source: gse62944,0.937037,0.822247,0.962487
PAPSS2,0.000000,0.000000,Source: gse62944,0.937037,0.822247,0.962487
ZC3H7A,0.000000,0.000000,Source: gse62944,0.937037,0.822247,0.962487
NBN,0.000000,0.000000,Source: gse62944,0.937037,0.822247,0.962487
SETBP1,0.000000,0.000000,Source: gse62944,0.937037,0.822247,0.962487
BIK,0.000000,0.000000,Source: gse62944,0.937037,0.822247,0.962487
CD47,0.000000,0.000000,Source: gse62944,0.937037,0.822247,0.962487
ESD,0.000000,0.000000,Source: gse62944,0.937037,0.822247,0.962487
CCNC,0.000000,0.000000,Source: gse62944,0.937037,0.822247,0.962487
RHOQ,0.000000,0.000000,Source: gse62944,0.937037,0.822247,0.962487
RANBP1,0.000000,0.000000,Source: gse62944,0.937037,0.822247,0.962487
VAMP2,0.000000,0.000000,Source: gse62944,0.937037,0.822247,0.962487
NUP153,0.000000,0.000000,Source: gse62944,0.937037,0.822247,0.962487
SEC14L4,0.000000,0.000000,Source: gse62944,0.937037,0.822247,0.962487
TGFBR2,0.000000,0.000000,Source: gse62944,0.937037,0.822247,0.962487
GPX3,0.000000,0.000000,Source: gse62944,0.937037,0.822247,0.962487
PLEKHA5,0.000000,0.000000,Source: gse62944,0.937037,0.822247,0.962487
MAPK1IP1L,0.000000,0.000000,Source: gse62944,0.937037,0.822247,0.962487
DARS2,0.000000,0.000000,Source: gse62944,0.937037,0.822247,0.962487
MPZ,0.000000,0.000000,Source: gse62944,0.937037,0.822247,0.962487
VCAN,0.000000,0.000000,Source: gse62944,0.937037,0.822247,0.962487
MAGEC1,0.000000,0.000000,Source: gse62944,0.937037,0.822247,0.962487
THRA,0.000000,0.000000,Source: gse62944,0.937037,0.822247,0.962487
CYP11B1,0.000000,0.000000,Source: gse62944,0.937037,0.822247,0.962487
DCX,0.000000,0.000000,Source: gse62944,0.937037,0.822247,0.962487
EYA1,0.000000,0.000000,Source: gse62944,0.937037,0.822247,0.962487
CRYBA4,0.000000,0.000000,Source: gse62944,0.937037,0.822247,0.962487
SERPINA1,0.000000,0.000000,Source: gse62944,0.937037,0.822247,0.962487
SOWAHC,0.000000,0.000000,Source: gse62944,0.937037,0.822247,0.962487
BRD8,0.000000,0.000000,Source: gse62944,0.937037,0.822247,0.962487
LGR5,0.000000,0.000000,Source: gse62944,0.937037,0.822247,0.962487
DDX3Y,0.000000,0.000000,Source: gse62944,0.937037,0.822247,0.962487
PIK3CA,0.000000,0.000000,Source: gse62944,0.937037,0.822247,0.962487
PDLIM2,0.000000,0.000000,Source: gse62944,0.937037,0.822247,0.962487
SLC12A6,0.000000,0.000000,Source: gse62944,0.937037,0.822247,0.962487
PRDX2,0.000000,0.000000,Source: gse62944,0.937037,0.822247,0.962487
MYOM2,0.000000,0.000000,Source: gse62944,0.937037,0.822247,0.962487
RALGDS,0.000000,0.000000,Source: gse62944,0.937037,0.822247,0.962487
PRM1,0.000000,0.000000,Source: gse62944,0.937037,0.822247,0.962487
SCN10A,0.000000,0.000000,Source: gse62944,0.937037,0.822247,0.962487
ZNF480,0.000000,0.000000,Source: gse62944,0.937037,0.822247,0.962487
HHIPL2,0.000000,0.000000,Source: gse62944,0.937037,0.822247,0.962487
CD320,0.000000,0.000000,Source: gse62944,0.937037,0.822247,0.962487
NAA35,0.000000,0.000000,Source: gse62944,0.937037,0.822247,0.962487
DGKA,0.000000,0.000000,Source: gse62944,0.937037,0.822247,0.962487
IRF7,0.000000,0.000000,Source: gse62944,0.937037,0.822247,0.962487
SOX30,0.000000,0.000000,Source: gse62944,0.937037,0.822247,0.962487
DNAJC15,0.000000,0.000000,Source: gse62944,0.937037,0.822247,0.962487
RNF43,0.000000,0.000000,Source: gse62944,0.937037,0.822247,0.962487
CDK19,0.000000,0.000000,Source: gse62944,0.937037,0.822247,0.962487
ANK3,0.000000,0.000000,Source: gse62944,0.937037,0.822247,0.962487
ATMIN,0.000000,0.000000,Source: gse62944,0.937037,0.822247,0.962487
PLAT,0.000000,0.000000,Source: gse62944,0.937037,0.822247,0.962487
SRD5A1,0.000000,0.000000,Source: gse62944,0.937037,0.822247,0.962487
HBS1L,0.000000,0.000000,Source: gse62944,0.937037,0.822247,0.962487
CKM,0.000000,0.000000,Source: gse62944,0.937037,0.822247,0.962487
ANGPT2,0.000000,0.000000,Source: gse62944,0.937037,0.822247,0.962487
KCNA6,0.000000,0.000000,Source: gse62944,0.937037,0.822247,0.962487
KIF20A,0.000000,0.000000,Source: gse62944,0.937037,0.822247,0.962487
ENOX1,0.000000,0.000000,Source: gse62944,0.937037,0.822247,0.962487
MAML1,0.000000,0.000000,Source: gse62944,0.937037,0.822247,0.962487
MS4A3,0.000000,0.000000,Source: gse62944,0.937037,0.822247,0.962487
TMC5,0.000000,0.000000,Source: gse62944,0.937037,0.822247,0.962487
UCK2,0.000000,0.000000,Source: gse62944,0.937037,0.822247,0.962487
ZNF185,0.000000,0.000000,Source: gse62944,0.937037,0.822247,0.962487
YIPF3,0.000000,0.000000,Source: gse62944,0.937037,0.822247,0.962487
SPRR3,0.000000,0.000000,Source: gse62944,0.937037,0.822247,0.962487
CHIA,0.000000,0.000000,Source: gse62944,0.937037,0.822247,0.962487
TMCC1,0.000000,0.000000,Source: gse62944,0.937037,0.822247,0.962487
ZNF671,0.000000,0.000000,Source: gse62944,0.937037,0.822247,0.962487
DBN1,0.000000,0.000000,Source: gse62944,0.937037,0.822247,0.962487
RABGEF1,0.000000,0.000000,Source: gse62944,0.937037,0.822247,0.962487
THSD4,0.000000,0.000000,Source: gse62944,0.937037,0.822247,0.962487
DNPEP,0.000000,0.000000,Source: gse62944,0.937037,0.822247,0.962487
LCP1,0.000000,0.000000,Source: gse62944,0.937037,0.822247,0.962487
ZFR,0.000000,0.000000,Source: gse62944,0.937037,0.822247,0.962487
RB1,0.000000,0.000000,Source: gse62944,0.937037,0.822247,0.962487
DGAT1,0.000000,0.000000,Source: gse62944,0.937037,0.822247,0.962487
DCT,0.000000,0.000000,Source: gse62944,0.937037,0.822247,0.962487
TOR1A,0.000000,0.000000,Source: gse62944,0.937037,0.822247,0.962487
TSHR,0.000000,0.000000,Source: gse62944,0.937037,0.822247,0.962487
CDH11,0.000000,0.000000,Source: gse62944,0.937037,0.822247,0.962487
FUT3,0.000000,0.000000,Source: gse62944,0.937037,0.822247,0.962487
ZNF175,0.000000,0.000000,Source: gse62944,0.937037,0.822247,0.962487
SMG1,0.000000,0.000000,Source: gse62944,0.937037,0.822247,0.962487
ETS2,0.000000,0.000000,Source: gse62944,0.937037,0.822247,0.962487
ADAM10,0.000000,0.000000,Source: gse62944,0.937037,0.822247,0.962487
PSTPIP1,0.000000,0.000000,Source: gse62944,0.937037,0.822247,0.962487
ZNF165,0.000000,0.000000,Source: gse62944,0.937037,0.822247,0.962487
YBX2,0.000000,0.000000,Source: gse62944,0.937037,0.822247,0.962487
C5orf15,0.000000,0.000000,Source: gse62944,0.937037,0.822247,0.962487
ZMYM3,0.000000,0.000000,Source: gse62944,0.937037,0.822247,0.962487
RAB11FIP3,0.000000,0.000000,Source: gse62944,0.937037,0.822247,0.962487
NOL10,0.000000,0.000000,Source: gse62944,0.937037,0.822247,0.962487
PTPRC,0.000000,0.000000,Source: gse62944,0.937037,0.822247,0.962487
CD80,0.000000,0.000000,Source: gse62944,0.937037,0.822247,0.962487
ALG5,0.000000,0.000000,Source: gse62944,0.937037,0.822247,0.962487
ART3,0.000000,0.000000,Source: gse62944,0.937037,0.822247,0.962487
ARMC8,0.000000,0.000000,Source: gse62944,0.937037,0.822247,0.962487
GRIN1,0.000000,0.000000,Source: gse62944,0.937037,0.822247,0.962487
MAK16,0.000000,0.000000,Source: gse62944,0.937037,0.822247,0.962487
CLN6,0.000000,0.000000,Source: gse62944,0.937037,0.822247,0.962487
TRMT1L,0.000000,0.000000,Source: gse62944,0.937037,0.822247,0.962487
C5AR1,0.000000,0.000000,Source: gse62944,0.937037,0.822247,0.962487
RBP4,0.000000,0.000000,Source: gse62944,0.937037,0.822247,0.962487
ELOVL1,0.000000,0.000000,Source: gse62944,0.937037,0.822247,0.962487
RANBP10,0.000000,0.000000,Source: gse62944,0.937037,0.822247,0.962487
OAT,0.000000,0.000000,Source: gse62944,0.937037,0.822247,0.962487
FANCC,0.000000,0.000000,Source: gse62944,0.937037,0.822247,0.962487
ADH6,0.000000,0.000000,Source: gse62944,0.937037,0.822247,0.962487
AMBN,0.000000,0.000000,Source: gse62944,0.937037,0.822247,0.962487
GLRX,0.000000,0.000000,Source: gse62944,0.937037,0.822247,0.962487
UPK1B,0.000000,0.000000,Source: gse62944,0.937037,0.822247,0.962487
SEMA3C,0.000000,0.000000,Source: gse62944,0.937037,0.822247,0.962487
POLD4,0.000000,0.000000,Source: gse62944,0.937037,0.822247,0.962487
POP4,0.000000,0.000000,Source: gse62944,0.937037,0.822247,0.962487
PIP5K1A,0.000000,0.000000,Source: gse62944,0.937037,0.822247,0.962487
TPD52L2,0.000000,0.000000,Source: gse62944,0.937037,0.822247,0.962487
FGF7,0.000000,0.000000,Source: gse62944,0.937037,0.822247,0.962487
NOL7,0.000000,0.000000,Source: gse62944,0.937037,0.822247,0.962487
CFH,0.000000,0.000000,Source: gse62944,0.937037,0.822247,0.962487
CLEC7A,0.000000,0.000000,Source: gse62944,0.937037,0.822247,0.962487
PDS5A,0.000000,0.000000,Source: gse62944,0.937037,0.822247,0.962487
KNTC1,0.000000,0.000000,Source: gse62944,0.937037,0.822247,0.962487
GRM2,0.000000,0.000000,Source: gse62944,0.937037,0.822247,0.962487
E2F3,0.000000,0.000000,Source: gse62944,0.937037,0.822247,0.962487
LAMA4,0.000000,0.000000,Source: gse62944,0.937037,0.822247,0.962487
SYNGR4,0.000000,0.000000,Source: gse62944,0.937037,0.822247,0.962487
N4BP2L2,0.000000,0.000000,Source: gse62944,0.937037,0.822247,0.962487
ACAN,0.000000,0.000000,Source: gse62944,0.937037,0.822247,0.962487
CAP2,0.000000,0.000000,Source: gse62944,0.937037,0.822247,0.962487
MED28,0.000000,0.000000,Source: gse62944,0.937037,0.822247,0.962487
CASP9,0.000000,0.000000,Source: gse62944,0.937037,0.822247,0.962487
NPTX2,0.000000,0.000000,Source: gse62944,0.937037,0.822247,0.962487
RASA1,0.000000,0.000000,Source: gse62944,0.937037,0.822247,0.962487
CLTC,0.000000,0.000000,Source: gse62944,0.937037,0.822247,0.962487
PREP,0.000000,0.000000,Source: gse62944,0.937037,0.822247,0.962487
LIMD1,0.000000,0.000000,Source: gse62944,0.937037,0.822247,0.962487
MSMB,0.000000,0.000000,Source: gse62944,0.937037,0.822247,0.962487
NEB,0.000000,0.000000,Source: gse62944,0.937037,0.822247,0.962487
C1R,0.000000,0.000000,Source: gse62944,0.937037,0.822247,0.962487
PI3,0.000000,0.000000,Source: gse62944,0.937037,0.822247,0.962487
CORO2A,0.000000,0.000000,Source: gse62944,0.937037,0.822247,0.962487
ALDH3A1,0.000000,0.000000,Source: gse62944,0.937037,0.822247,0.962487
DHRS3,0.000000,0.000000,Source: gse62944,0.937037,0.822247,0.962487
MAN2A1,0.000000,0.000000,Source: gse62944,0.937037,0.822247,0.962487
SIRT2,0.000000,0.000000,Source: gse62944,0.937037,0.822247,0.962487
SOCS6,0.000000,0.000000,Source: gse62944,0.937037,0.822247,0.962487
SERPINB8,0.000000,0.000000,Source: gse62944,0.937037,0.822247,0.962487
TMEM70,0.000000,0.000000,Source: gse62944,0.937037,0.822247,0.962487
NRG2,0.000000,0.000000,Source: gse62944,0.937037,0.822247,0.962487
PLOD3,0.000000,0.000000,Source: gse62944,0.937037,0.822247,0.962487
TUT1,0.000000,0.000000,Source: gse62944,0.937037,0.822247,0.962487
TRIP11,0.000000,0.000000,Source: gse62944,0.937037,0.822247,0.962487
NR0B2,0.000000,0.000000,Source: gse62944,0.937037,0.822247,0.962487
GNAI2,0.000000,0.000000,Source: gse62944,0.937037,0.822247,0.962487
HCRTR1,0.000000,0.000000,Source: gse62944,0.937037,0.822247,0.962487
NOTCH4,0.000000,0.000000,Source: gse62944,0.937037,0.822247,0.962487
FANCA,0.000000,0.000000,Source: gse62944,0.937037,0.822247,0.962487
CBX5,0.000000,0.000000,Source: gse62944,0.937037,0.822247,0.962487
PRPF40A,0.000000,0.000000,Source: gse62944,0.937037,0.822247,0.962487
BEX4,0.000000,0.000000,Source: gse62944,0.937037,0.822247,0.962487
COL6A2,0.000000,0.000000,Source: gse62944,0.937037,0.822247,0.962487
UNG,0.000000,0.000000,Source: gse62944,0.937037,0.822247,0.962487
TUBGCP2,0.000000,0.000000,Source: gse62944,0.937037,0.822247,0.962487
CSPG5,0.000000,0.000000,Source: gse62944,0.937037,0.822247,0.962487
RBFOX1,0.000000,0.000000,Source: gse62944,0.937037,0.822247,0.962487
YTHDC1,0.000000,0.000000,Source: gse62944,0.937037,0.822247,0.962487
DLGAP1,0.000000,0.000000,Source: gse62944,0.937037,0.822247,0.962487
CCNJ,0.000000,0.000000,Source: gse62944,0.937037,0.822247,0.962487
LTK,0.000000,0.000000,Source: gse62944,0.937037,0.822247,0.962487
MYBPC1,0.000000,0.000000,Source: gse62944,0.937037,0.822247,0.962487
BRF2,0.000000,0.000000,Source: gse62944,0.937037,0.822247,0.962487
PRPS2,0.000000,0.000000,Source: gse62944,0.937037,0.822247,0.962487
DLGAP4,0.000000,0.000000,Source: gse62944,0.937037,0.822247,0.962487
GP6,0.000000,0.000000,Source: gse62944,0.937037,0.822247,0.962487
OR6A2,0.000000,0.000000,Source: gse62944,0.937037,0.822247,0.962487
PLK1,0.000000,0.000000,Source: gse62944,0.937037,0.822247,0.962487
VGLL4,0.000000,0.000000,Source: gse62944,0.937037,0.822247,0.962487
GYS1,0.000000,0.000000,Source: gse62944,0.937037,0.822247,0.962487
USP47,0.000000,0.000000,Source: gse62944,0.937037,0.822247,0.962487
RCAN2,0.000000,0.000000,Source: gse62944,0.937037,0.822247,0.962487
MID2,0.000000,0.000000,Source: gse62944,0.937037,0.822247,0.962487
VASP,0.000000,0.000000,Source: gse62944,0.937037,0.822247,0.962487
ASCC3,0.000000,0.000000,Source: gse62944,0.937037,0.822247,0.962487
RBM12B,0.000000,0.000000,Source: gse62944,0.937037,0.822247,0.962487
MIER2,0.000000,0.000000,Source: gse62944,0.937037,0.822247,0.962487
ITPKC,0.000000,0.000000,Source: gse62944,0.937037,0.822247,0.962487
GALNT8,0.000000,0.000000,Source: gse62944,0.937037,0.822247,0.962487
STAG3,0.000000,0.000000,Source: gse62944,0.937037,0.822247,0.962487
AGAP1,0.000000,0.000000,Source: gse62944,0.937037,0.822247,0.962487
HBB,0.000000,0.000000,Source: gse62944,0.937037,0.822247,0.962487
GTF3C3,0.000000,0.000000,Source: gse62944,0.937037,0.822247,0.962487
PRDM8,0.000000,0.000000,Source: gse62944,0.937037,0.822247,0.962487
NRN1,0.000000,0.000000,Source: gse62944,0.937037,0.822247,0.962487
ADAM30,0.000000,0.000000,Source: gse62944,0.937037,0.822247,0.962487
AVP,0.000000,0.000000,Source: gse62944,0.937037,0.822247,0.962487
GPR35,0.000000,0.000000,Source: gse62944,0.937037,0.822247,0.962487
GTF2F2,0.000000,0.000000,Source: gse62944,0.937037,0.822247,0.962487
CAPZB,0.000000,0.000000,Source: gse62944,0.937037,0.822247,0.962487
DHX9,0.000000,0.000000,Source: gse62944,0.937037,0.822247,0.962487
CDX1,0.000000,0.000000,Source: gse62944,0.937037,0.822247,0.962487
MKS1,0.000000,0.000000,Source: gse62944,0.937037,0.822247,0.962487
PFKFB2,0.000000,0.000000,Source: gse62944,0.937037,0.822247,0.962487
DNAJC17,0.000000,0.000000,Source: gse62944,0.937037,0.822247,0.962487
UBAC1,0.000000,0.000000,Source: gse62944,0.937037,0.822247,0.962487
ISYNA1,0.000000,0.000000,Source: gse62944,0.937037,0.822247,0.962487
OLIG2,0.000000,0.000000,Source: gse62944,0.937037,0.822247,0.962487
BSG,0.000000,0.000000,Source: gse62944,0.937037,0.822247,0.962487
GLUD2,0.000000,0.000000,Source: gse62944,0.937037,0.822247,0.962487
ACTR1B,0.000000,0.000000,Source: gse62944,0.937037,0.822247,0.962487
TSPAN8,0.000000,0.000000,Source: gse62944,0.937037,0.822247,0.962487
SPA17,0.000000,0.000000,Source: gse62944,0.937037,0.822247,0.962487
KYNU,0.000000,0.000000,Source: gse62944,0.937037,0.822247,0.962487
HLA-DOA,0.000000,0.000000,Source: gse62944,0.937037,0.822247,0.962487
FAM153B,0.000000,0.000000,Source: gse62944,0.937037,0.822247,0.962487
CDH10,0.000000,0.000000,Source: gse62944,0.937037,0.822247,0.962487
AP1M2,0.000000,0.000000,Source: gse62944,0.937037,0.822247,0.962487
ATXN1,0.000000,0.000000,Source: gse62944,0.937037,0.822247,0.962487
RNF4,0.000000,0.000000,Source: gse62944,0.937037,0.822247,0.962487
TOP3B,0.000000,0.000000,Source: gse62944,0.937037,0.822247,0.962487
DNAI2,0.000000,0.000000,Source: gse62944,0.937037,0.822247,0.962487
HESX1,0.000000,0.000000,Source: gse62944,0.937037,0.822247,0.962487
TMEM40,0.000000,0.000000,Source: gse62944,0.937037,0.822247,0.962487
CCR8,0.000000,0.000000,Source: gse62944,0.937037,0.822247,0.962487
RANBP2,0.000000,0.000000,Source: gse62944,0.937037,0.822247,0.962487
TSPAN3,0.000000,0.000000,Source: gse62944,0.937037,0.822247,0.962487
ECE1,0.000000,0.000000,Source: gse62944,0.937037,0.822247,0.962487
SYN1,0.000000,0.000000,Source: gse62944,0.937037,0.822247,0.962487
UBE3C,0.000000,0.000000,Source: gse62944,0.937037,0.822247,0.962487
ICMT,0.000000,0.000000,Source: gse62944,0.937037,0.822247,0.962487
IL17A,0.000000,0.000000,Source: gse62944,0.937037,0.822247,0.962487
ZNF410,0.000000,0.000000,Source: gse62944,0.937037,0.822247,0.962487
ANXA9,0.000000,0.000000,Source: gse62944,0.937037,0.822247,0.962487
PLAC1,0.000000,0.000000,Source: gse62944,0.937037,0.822247,0.962487
PLSCR2,0.000000,0.000000,Source: gse62944,0.937037,0.822247,0.962487
TM7SF2,0.000000,0.000000,Source: gse62944,0.937037,0.822247,0.962487
TMEM165,0.000000,0.000000,Source: gse62944,0.937037,0.822247,0.962487
TMED5,0.000000,0.000000,Source: gse62944,0.937037,0.822247,0.962487
ANKS1A,0.000000,0.000000,Source: gse62944,0.937037,0.822247,0.962487
CYP2R1,0.000000,0.000000,Source: gse62944,0.937037,0.822247,0.962487
FKBP3,0.000000,0.000000,Source: gse62944,0.937037,0.822247,0.962487
CLIC4,0.000000,0.000000,Source: gse62944,0.937037,0.822247,0.962487
ROBO3,0.000000,0.000000,Source: gse62944,0.937037,0.822247,0.962487
UGDH,0.000000,0.000000,Source: gse62944,0.937037,0.822247,0.962487
TMSB4Y,0.000000,0.000000,Source: gse62944,0.937037,0.822247,0.962487
B9D1,0.000000,0.000000,Source: gse62944,0.937037,0.822247,0.962487
SZT2,0.000000,0.000000,Source: gse62944,0.937037,0.822247,0.962487
MMADHC,0.000000,0.000000,Source: gse62944,0.937037,0.822247,0.962487
ABI2,0.000000,0.000000,Source: gse62944,0.937037,0.822247,0.962487
DDX43,0.000000,0.000000,Source: gse62944,0.937037,0.822247,0.962487
MAD2L1BP,0.000000,0.000000,Source: gse62944,0.937037,0.822247,0.962487
TRIM58,0.000000,0.000000,Source: gse62944,0.937037,0.822247,0.962487
SMAD7,0.000000,0.000000,Source: gse62944,0.937037,0.822247,0.962487
CADM1,0.000000,0.000000,Source: gse62944,0.937037,0.822247,0.962487
BMPR1B,0.000000,0.000000,Source: gse62944,0.937037,0.822247,0.962487
OLR1,0.000000,0.000000,Source: gse62944,0.937037,0.822247,0.962487
SRY,0.000000,0.000000,Source: gse62944,0.937037,0.822247,0.962487
MRPL48,0.000000,0.000000,Source: gse62944,0.937037,0.822247,0.962487
KIF20B,0.000000,0.000000,Source: gse62944,0.937037,0.822247,0.962487
PTPN9,0.000000,0.000000,Source: gse62944,0.937037,0.822247,0.962487
SLC38A1,0.000000,0.000000,Source: gse62944,0.937037,0.822247,0.962487
XAF1,0.000000,0.000000,Source: gse62944,0.937037,0.822247,0.962487
RAD50,0.000000,0.000000,Source: gse62944,0.937037,0.822247,0.962487
RBM8A,0.000000,0.000000,Source: gse62944,0.937037,0.822247,0.962487
ETV3,0.000000,0.000000,Source: gse62944,0.937037,0.822247,0.962487
PTPN18,0.000000,0.000000,Source: gse62944,0.937037,0.822247,0.962487
MYOT,0.000000,0.000000,Source: gse62944,0.937037,0.822247,0.962487
ITPKB,0.000000,0.000000,Source: gse62944,0.937037,0.822247,0.962487
ABL2,0.000000,0.000000,Source: gse62944,0.937037,0.822247,0.962487
ADAT1,0.000000,0.000000,Source: gse62944,0.937037,0.822247,0.962487
SAP25,0.000000,0.000000,Source: gse62944,0.937037,0.822247,0.962487
GK2,0.000000,0.000000,Source: gse62944,0.937037,0.822247,0.962487
CA12,0.000000,0.000000,Source: gse62944,0.937037,0.822247,0.962487
HIVEP3,0.000000,0.000000,Source: gse62944,0.937037,0.822247,0.962487
S100A6,0.000000,0.000000,Source: gse62944,0.937037,0.822247,0.962487
DPYSL3,0.000000,0.000000,Source: gse62944,0.937037,0.822247,0.962487
TMED2,0.000000,0.000000,Source: gse62944,0.937037,0.822247,0.962487
HOMER1,0.000000,0.000000,Source: gse62944,0.937037,0.822247,0.962487
SH3BGRL3,0.000000,0.000000,Source: gse62944,0.937037,0.822247,0.962487
FAM193B,0.000000,0.000000,Source: gse62944,0.937037,0.822247,0.962487
PROM1,0.000000,0.000000,Source: gse62944,0.937037,0.822247,0.962487
MKRN1,0.000000,0.000000,Source: gse62944,0.937037,0.822247,0.962487
NCOA3,0.000000,0.000000,Source: gse62944,0.937037,0.822247,0.962487
SCAMP4,0.000000,0.000000,Source: gse62944,0.937037,0.822247,0.962487
PKD2L1,0.000000,0.000000,Source: gse62944,0.937037,0.822247,0.962487
SAE1,0.000000,0.000000,Source: gse62944,0.937037,0.822247,0.962487
OGFOD2,0.000000,0.000000,Source: gse62944,0.937037,0.822247,0.962487
CHCHD7,0.000000,0.000000,Source: gse62944,0.937037,0.822247,0.962487
TLR4,0.000000,0.000000,Source: gse62944,0.937037,0.822247,0.962487
NDUFA13,0.000000,0.000000,Source: gse62944,0.937037,0.822247,0.962487
CTNNAL1,0.000000,0.000000,Source: gse62944,0.937037,0.822247,0.962487
PHTF2,0.000000,0.000000,Source: gse62944,0.937037,0.822247,0.962487
NDUFA7,0.000000,0.000000,Source: gse62944,0.937037,0.822247,0.962487
NAA10,0.000000,0.000000,Source: gse62944,0.937037,0.822247,0.962487
RAB1B,0.000000,0.000000,Source: gse62944,0.937037,0.822247,0.962487
SYK,0.000000,0.000000,Source: gse62944,0.937037,0.822247,0.962487
LPL,0.000000,0.000000,Source: gse62944,0.937037,0.822247,0.962487
PPDPF,0.000000,0.000000,Source: gse62944,0.937037,0.822247,0.962487
PTGER1,0.000000,0.000000,Source: gse62944,0.937037,0.822247,0.962487
SLC22A17,0.000000,0.000000,Source: gse62944,0.937037,0.822247,0.962487
HIC2,0.000000,0.000000,Source: gse62944,0.937037,0.822247,0.962487
RNF123,0.000000,0.000000,Source: gse62944,0.937037,0.822247,0.962487
GNB1L,0.000000,0.000000,Source: gse62944,0.937037,0.822247,0.962487
DSCC1,0.000000,0.000000,Source: gse62944,0.937037,0.822247,0.962487
WDR33,0.000000,0.000000,Source: gse62944,0.937037,0.822247,0.962487
MCF2L,0.000000,0.000000,Source: gse62944,0.937037,0.822247,0.962487
NOC2L,0.000000,0.000000,Source: gse62944,0.937037,0.822247,0.962487
DAPK3,0.000000,0.000000,Source: gse62944,0.937037,0.822247,0.962487
ZNF12,0.000000,0.000000,Source: gse62944,0.937037,0.822247,0.962487
HOXD4,0.000000,0.000000,Source: gse62944,0.937037,0.822247,0.962487
CSDC2,0.000000,0.000000,Source: gse62944,0.937037,0.822247,0.962487
VPS72,0.000000,0.000000,Source: gse62944,0.937037,0.822247,0.962487
KNG1,0.000000,0.000000,Source: gse62944,0.937037,0.822247,0.962487
ZNHIT6,0.000000,0.000000,Source: gse62944,0.937037,0.822247,0.962487
TUBA4B,0.000000,0.000000,Source: gse62944,0.937037,0.822247,0.962487
DUT,0.000000,0.000000,Source: gse62944,0.937037,0.822247,0.962487
TRPS1,0.000000,0.000000,Source: gse62944,0.937037,0.822247,0.962487
RHEB,0.000000,0.000000,Source: gse62944,0.937037,0.822247,0.962487
SKI,0.000000,0.000000,Source: gse62944,0.937037,0.822247,0.962487
SLC2A11,0.000000,0.000000,Source: gse62944,0.937037,0.822247,0.962487
RCN3,0.000000,0.000000,Source: gse62944,0.937037,0.822247,0.962487
CAP1,0.000000,0.000000,Source: gse62944,0.937037,0.822247,0.962487
PDE1C,0.000000,0.000000,Source: gse62944,0.937037,0.822247,0.962487
MYL10,0.000000,0.000000,Source: gse62944,0.937037,0.822247,0.962487
CACNB2,0.000000,0.000000,Source: gse62944,0.937037,0.822247,0.962487
PRR5,0.000000,0.000000,Source: gse62944,0.937037,0.822247,0.962487
ZBTB20,0.000000,0.000000,Source: gse62944,0.937037,0.822247,0.962487
ADRB2,0.000000,0.000000,Source: gse62944,0.937037,0.822247,0.962487
BCCIP,0.000000,0.000000,Source: gse62944,0.937037,0.822247,0.962487
DERL2,0.000000,0.000000,Source: gse62944,0.937037,0.822247,0.962487
MAST3,0.000000,0.000000,Source: gse62944,0.937037,0.822247,0.962487
AGPS,0.000000,0.000000,Source: gse62944,0.937037,0.822247,0.962487
NFIB,0.000000,0.000000,Source: gse62944,0.937037,0.822247,0.962487
COQ6,0.000000,0.000000,Source: gse62944,0.937037,0.822247,0.962487
DPYS,0.000000,0.000000,Source: gse62944,0.937037,0.822247,0.962487
SYNRG,0.000000,0.000000,Source: gse62944,0.937037,0.822247,0.962487
NFE2,0.000000,0.000000,Source: gse62944,0.937037,0.822247,0.962487
SLC5A7,0.000000,0.000000,Source: gse62944,0.937037,0.822247,0.962487
HLA-DOB,0.000000,0.000000,Source: gse62944,0.937037,0.822247,0.962487
TRIM26,0.000000,0.000000,Source: gse62944,0.937037,0.822247,0.962487
SLC6A3,0.000000,0.000000,Source: gse62944,0.937037,0.822247,0.962487
CHM,0.000000,0.000000,Source: gse62944,0.937037,0.822247,0.962487
SNCG,0.000000,0.000000,Source: gse62944,0.937037,0.822247,0.962487
PLA2G2A,0.000000,0.000000,Source: gse62944,0.937037,0.822247,0.962487
PMEPA1,0.000000,0.000000,Source: gse62944,0.937037,0.822247,0.962487
CSGALNACT2,0.000000,0.000000,Source: gse62944,0.937037,0.822247,0.962487
PAQR4,0.000000,0.000000,Source: gse62944,0.937037,0.822247,0.962487
CYP2W1,0.000000,0.000000,Source: gse62944,0.937037,0.822247,0.962487
UBL4A,0.000000,0.000000,Source: gse62944,0.937037,0.822247,0.962487
PDGFC,0.000000,0.000000,Source: gse62944,0.937037,0.822247,0.962487
EIF5,0.000000,0.000000,Source: gse62944,0.937037,0.822247,0.962487
KRTAP9-9,0.000000,0.000000,Source: gse62944,0.937037,0.822247,0.962487
C11orf21,0.000000,0.000000,Source: gse62944,0.937037,0.822247,0.962487
NINJ2,0.000000,0.000000,Source: gse62944,0.937037,0.822247,0.962487
DNA2,0.000000,0.000000,Source: gse62944,0.937037,0.822247,0.962487
RTEL1,0.000000,0.000000,Source: gse62944,0.937037,0.822247,0.962487
GABRR2,0.000000,0.000000,Source: gse62944,0.937037,0.822247,0.962487
AFF2,0.000000,0.000000,Source: gse62944,0.937037,0.822247,0.962487
EI24,0.000000,0.000000,Source: gse62944,0.937037,0.822247,0.962487
SLC35A3,0.000000,0.000000,Source: gse62944,0.937037,0.822247,0.962487
PLA2G12A,0.000000,0.000000,Source: gse62944,0.937037,0.822247,0.962487
EGR3,0.000000,0.000000,Source: gse62944,0.937037,0.822247,0.962487
GINS3,0.000000,0.000000,Source: gse62944,0.937037,0.822247,0.962487
DCXR,0.000000,0.000000,Source: gse62944,0.937037,0.822247,0.962487
RIN2,0.000000,0.000000,Source: gse62944,0.937037,0.822247,0.962487
NPTN,0.000000,0.000000,Source: gse62944,0.937037,0.822247,0.962487
PRSS22,0.000000,0.000000,Source: gse62944,0.937037,0.822247,0.962487
ZNF230,0.000000,0.000000,Source: gse62944,0.937037,0.822247,0.962487
NOX5,0.000000,0.000000,Source: gse62944,0.937037,0.822247,0.962487
SNX1,0.000000,0.000000,Source: gse62944,0.937037,0.822247,0.962487
SRCAP,0.000000,0.000000,Source: gse62944,0.937037,0.822247,0.962487
SMU1,0.000000,0.000000,Source: gse62944,0.937037,0.822247,0.962487
ST13,0.000000,0.000000,Source: gse62944,0.937037,0.822247,0.962487
BDKRB1,0.000000,0.000000,Source: gse62944,0.937037,0.822247,0.962487
AURKB,0.000000,0.000000,Source: gse62944,0.937037,0.822247,0.962487
P2RY1,0.000000,0.000000,Source: gse62944,0.937037,0.822247,0.962487
TIPIN,0.000000,0.000000,Source: gse62944,0.937037,0.822247,0.962487
SRM,0.000000,0.000000,Source: gse62944,0.937037,0.822247,0.962487
PEX7,0.000000,0.000000,Source: gse62944,0.937037,0.822247,0.962487
MC5R,0.000000,0.000000,Source: gse62944,0.937037,0.822247,0.962487
ROGDI,0.000000,0.000000,Source: gse62944,0.937037,0.822247,0.962487
EGR2,0.000000,0.000000,Source: gse62944,0.937037,0.822247,0.962487
DNMT3B,0.000000,0.000000,Source: gse62944,0.937037,0.822247,0.962487
PPP2R3C,0.000000,0.000000,Source: gse62944,0.937037,0.822247,0.962487
ORC4,0.000000,0.000000,Source: gse62944,0.937037,0.822247,0.962487
ITGA3,0.000000,0.000000,Source: gse62944,0.937037,0.822247,0.962487
RNF31,0.000000,0.000000,Source: gse62944,0.937037,0.822247,0.962487
TPI1,0.000000,0.000000,Source: gse62944,0.937037,0.822247,0.962487
DUSP22,0.000000,0.000000,Source: gse62944,0.937037,0.822247,0.962487
MMS19,0.000000,0.000000,Source: gse62944,0.937037,0.822247,0.962487
ZKSCAN3,0.000000,0.000000,Source: gse62944,0.937037,0.822247,0.962487
DDX21,0.000000,0.000000,Source: gse62944,0.937037,0.822247,0.962487
F12,0.000000,0.000000,Source: gse62944,0.937037,0.822247,0.962487
SPHK1,0.000000,0.000000,Source: gse62944,0.937037,0.822247,0.962487
FHL2,0.000000,0.000000,Source: gse62944,0.937037,0.822247,0.962487
ACTR5,0.000000,0.000000,Source: gse62944,0.937037,0.822247,0.962487
ENDOD1,0.000000,0.000000,Source: gse62944,0.937037,0.822247,0.962487
KPNA2,0.000000,0.000000,Source: gse62944,0.937037,0.822247,0.962487
PARG,0.000000,0.000000,Source: gse62944,0.937037,0.822247,0.962487
TRAP1,0.000000,0.000000,Source: gse62944,0.937037,0.822247,0.962487
PTPN22,0.000000,0.000000,Source: gse62944,0.937037,0.822247,0.962487
EHMT1,0.000000,0.000000,Source: gse62944,0.937037,0.822247,0.962487
SEC14L5,0.000000,0.000000,Source: gse62944,0.937037,0.822247,0.962487
CYFIP2,0.000000,0.000000,Source: gse62944,0.937037,0.822247,0.962487
FLAD1,0.000000,0.000000,Source: gse62944,0.937037,0.822247,0.962487
ERF,0.000000,0.000000,Source: gse62944,0.937037,0.822247,0.962487
VPS4B,0.000000,0.000000,Source: gse62944,0.937037,0.822247,0.962487
EIF5A,0.000000,0.000000,Source: gse62944,0.937037,0.822247,0.962487
SNX11,0.000000,0.000000,Source: gse62944,0.937037,0.822247,0.962487
TRIP6,0.000000,0.000000,Source: gse62944,0.937037,0.822247,0.962487
ARMCX2,0.000000,0.000000,Source: gse62944,0.937037,0.822247,0.962487
MRPL9,0.000000,0.000000,Source: gse62944,0.937037,0.822247,0.962487
ATP2A1,0.000000,0.000000,Source: gse62944,0.937037,0.822247,0.962487
MED20,0.000000,0.000000,Source: gse62944,0.937037,0.822247,0.962487
PLEKHM2,0.000000,0.000000,Source: gse62944,0.937037,0.822247,0.962487
MCAT,0.000000,0.000000,Source: gse62944,0.937037,0.822247,0.962487
PPFIA1,0.000000,0.000000,Source: gse62944,0.937037,0.822247,0.962487
PPP3CA,0.000000,0.000000,Source: gse62944,0.937037,0.822247,0.962487
TM9SF1,0.000000,0.000000,Source: gse62944,0.937037,0.822247,0.962487
ENPEP,0.000000,0.000000,Source: gse62944,0.937037,0.822247,0.962487
DCAF6,0.000000,0.000000,Source: gse62944,0.937037,0.822247,0.962487
IFT57,0.000000,0.000000,Source: gse62944,0.937037,0.822247,0.962487
FJX1,0.000000,0.000000,Source: gse62944,0.937037,0.822247,0.962487
STK3,0.000000,0.000000,Source: gse62944,0.937037,0.822247,0.962487
MBP,0.000000,0.000000,Source: gse62944,0.937037,0.822247,0.962487
P4HA2,0.000000,0.000000,Source: gse62944,0.937037,0.822247,0.962487
PBK,0.000000,0.000000,Source: gse62944,0.937037,0.822247,0.962487
TPD52,0.000000,0.000000,Source: gse62944,0.937037,0.822247,0.962487
LIM2,0.000000,0.000000,Source: gse62944,0.937037,0.822247,0.962487
IFI27,0.000000,0.000000,Source: gse62944,0.937037,0.822247,0.962487
POLE3,0.000000,0.000000,Source: gse62944,0.937037,0.822247,0.962487
CDC42SE1,0.000000,0.000000,Source: gse62944,0.937037,0.822247,0.962487
SLC6A14,0.000000,0.000000,Source: gse62944,0.937037,0.822247,0.962487
SOX12,0.000000,0.000000,Source: gse62944,0.937037,0.822247,0.962487
TEP1,0.000000,0.000000,Source: gse62944,0.937037,0.822247,0.962487
CXCR6,0.000000,0.000000,Source: gse62944,0.937037,0.822247,0.962487
TGFBR1,0.000000,0.000000,Source: gse62944,0.937037,0.822247,0.962487
MRPL11,0.000000,0.000000,Source: gse62944,0.937037,0.822247,0.962487
LDB1,0.000000,0.000000,Source: gse62944,0.937037,0.822247,0.962487
PI4KA,0.000000,0.000000,Source: gse62944,0.937037,0.822247,0.962487
LIMA1,0.000000,0.000000,Source: gse62944,0.937037,0.822247,0.962487
KCNK1,0.000000,0.000000,Source: gse62944,0.937037,0.822247,0.962487
RAB4A,0.000000,0.000000,Source: gse62944,0.937037,0.822247,0.962487
ASPM,0.000000,0.000000,Source: gse62944,0.937037,0.822247,0.962487
BLCAP,0.000000,0.000000,Source: gse62944,0.937037,0.822247,0.962487
GPR27,0.000000,0.000000,Source: gse62944,0.937037,0.822247,0.962487
GPX2,0.000000,0.000000,Source: gse62944,0.937037,0.822247,0.962487
NUP214,0.000000,0.000000,Source: gse62944,0.937037,0.822247,0.962487
ZNF226,0.000000,0.000000,Source: gse62944,0.937037,0.822247,0.962487
ESRP2,0.000000,0.000000,Source: gse62944,0.937037,0.822247,0.962487
LYPD3,0.000000,0.000000,Source: gse62944,0.937037,0.822247,0.962487
SELENBP1,0.000000,0.000000,Source: gse62944,0.937037,0.822247,0.962487
NBAS,0.000000,0.000000,Source: gse62944,0.937037,0.822247,0.962487
TUB,0.000000,0.000000,Source: gse62944,0.937037,0.822247,0.962487
SFRP5,0.000000,0.000000,Source: gse62944,0.937037,0.822247,0.962487
SLC35C1,0.000000,0.000000,Source: gse62944,0.937037,0.822247,0.962487
SH3YL1,0.000000,0.000000,Source: gse62944,0.937037,0.822247,0.962487
IGFBP1,0.000000,0.000000,Source: gse62944,0.937037,0.822247,0.962487
FKBP1A,0.000000,0.000000,Source: gse62944,0.937037,0.822247,0.962487
PSMD7,0.000000,0.000000,Source: gse62944,0.937037,0.822247,0.962487
TRPV2,0.000000,0.000000,Source: gse62944,0.937037,0.822247,0.962487
HINT1,0.000000,0.000000,Source: gse62944,0.937037,0.822247,0.962487
PMCH,0.000000,0.000000,Source: gse62944,0.937037,0.822247,0.962487
PTCH2,0.000000,0.000000,Source: gse62944,0.937037,0.822247,0.962487
PCCB,0.000000,0.000000,Source: gse62944,0.937037,0.822247,0.962487
CITED1,0.000000,0.000000,Source: gse62944,0.937037,0.822247,0.962487
PDSS2,0.000000,0.000000,Source: gse62944,0.937037,0.822247,0.962487
IL16,0.000000,0.000000,Source: gse62944,0.937037,0.822247,0.962487
CKAP5,0.000000,0.000000,Source: gse62944,0.937037,0.822247,0.962487
RALYL,0.000000,0.000000,Source: gse62944,0.937037,0.822247,0.962487
LTBP2,0.000000,0.000000,Source: gse62944,0.937037,0.822247,0.962487
LSM6,0.000000,0.000000,Source: gse62944,0.937037,0.822247,0.962487
FCGBP,0.000000,0.000000,Source: gse62944,0.937037,0.822247,0.962487
USP24,0.000000,0.000000,Source: gse62944,0.937037,0.822247,0.962487
HSPA12A,0.000000,0.000000,Source: gse62944,0.937037,0.822247,0.962487
MMP28,0.000000,0.000000,Source: gse62944,0.937037,0.822247,0.962487
LTB,0.000000,0.000000,Source: gse62944,0.937037,0.822247,0.962487
APEX2,0.000000,0.000000,Source: gse62944,0.937037,0.822247,0.962487
FAT1,0.000000,0.000000,Source: gse62944,0.937037,0.822247,0.962487
NCAPG2,0.000000,0.000000,Source: gse62944,0.937037,0.822247,0.962487
OMG,0.000000,0.000000,Source: gse62944,0.937037,0.822247,0.962487
RWDD1,0.000000,0.000000,Source: gse62944,0.937037,0.822247,0.962487
NEK4,0.000000,0.000000,Source: gse62944,0.937037,0.822247,0.962487
ZNF493,0.000000,0.000000,Source: gse62944,0.937037,0.822247,0.962487
MARCKS,0.000000,0.000000,Source: gse62944,0.937037,0.822247,0.962487
ADRB3,0.000000,0.000000,Source: gse62944,0.937037,0.822247,0.962487
PEX5L,0.000000,0.000000,Source: gse62944,0.937037,0.822247,0.962487
CHRNA1,0.000000,0.000000,Source: gse62944,0.937037,0.822247,0.962487
GRIP1,0.000000,0.000000,Source: gse62944,0.937037,0.822247,0.962487
DZIP1,0.000000,0.000000,Source: gse62944,0.937037,0.822247,0.962487
TDRD12,0.000000,0.000000,Source: gse62944,0.937037,0.822247,0.962487
KLHDC2,0.000000,0.000000,Source: gse62944,0.937037,0.822247,0.962487
RAPSN,0.000000,0.000000,Source: gse62944,0.937037,0.822247,0.962487
HNRNPF,0.000000,0.000000,Source: gse62944,0.937037,0.822247,0.962487
NARS2,0.000000,0.000000,Source: gse62944,0.937037,0.822247,0.962487
HRH4,0.000000,0.000000,Source: gse62944,0.937037,0.822247,0.962487
SLC18A3,0.000000,0.000000,Source: gse62944,0.937037,0.822247,0.962487
CASR,0.000000,0.000000,Source: gse62944,0.937037,0.822247,0.962487
TMEM33,0.000000,0.000000,Source: gse62944,0.937037,0.822247,0.962487
MYL4,0.000000,0.000000,Source: gse62944,0.937037,0.822247,0.962487
DNM1L,0.000000,0.000000,Source: gse62944,0.937037,0.822247,0.962487
OTC,0.000000,0.000000,Source: gse62944,0.937037,0.822247,0.962487
MOCS2,0.000000,0.000000,Source: gse62944,0.937037,0.822247,0.962487
PTDSS2,0.000000,0.000000,Source: gse62944,0.937037,0.822247,0.962487
KCNC3,0.000000,0.000000,Source: gse62944,0.937037,0.822247,0.962487
PLLP,0.000000,0.000000,Source: gse62944,0.937037,0.822247,0.962487
LTC4S,0.000000,0.000000,Source: gse62944,0.937037,0.822247,0.962487
PEX12,0.000000,0.000000,Source: gse62944,0.937037,0.822247,0.962487
SLC50A1,0.000000,0.000000,Source: gse62944,0.937037,0.822247,0.962487
SRRT,0.000000,0.000000,Source: gse62944,0.937037,0.822247,0.962487
SERPINA7,0.000000,0.000000,Source: gse62944,0.937037,0.822247,0.962487
PML,0.000000,0.000000,Source: gse62944,0.937037,0.822247,0.962487
PSG1,0.000000,0.000000,Source: gse62944,0.937037,0.822247,0.962487
MBD1,0.000000,0.000000,Source: gse62944,0.937037,0.822247,0.962487
PAK1IP1,0.000000,0.000000,Source: gse62944,0.937037,0.822247,0.962487
ACAT2,0.000000,0.000000,Source: gse62944,0.937037,0.822247,0.962487
LDHC,0.000000,0.000000,Source: gse62944,0.937037,0.822247,0.962487
SEC61B,0.000000,0.000000,Source: gse62944,0.937037,0.822247,0.962487
KRT24,0.000000,0.000000,Source: gse62944,0.937037,0.822247,0.962487
SIGLEC15,0.000000,0.000000,Source: gse62944,0.937037,0.822247,0.962487
PNPLA3,0.000000,0.000000,Source: gse62944,0.937037,0.822247,0.962487
KIR3DL2,0.000000,0.000000,Source: gse62944,0.937037,0.822247,0.962487
TRH,0.000000,0.000000,Source: gse62944,0.937037,0.822247,0.962487
TRIM38,0.000000,0.000000,Source: gse62944,0.937037,0.822247,0.962487
CLEC3B,0.000000,0.000000,Source: gse62944,0.937037,0.822247,0.962487
COX11,0.000000,0.000000,Source: gse62944,0.937037,0.822247,0.962487
HTRA2,0.000000,0.000000,Source: gse62944,0.937037,0.822247,0.962487
MTA2,0.000000,0.000000,Source: gse62944,0.937037,0.822247,0.962487
TMEM161A,0.000000,0.000000,Source: gse62944,0.937037,0.822247,0.962487
ARHGEF16,0.000000,0.000000,Source: gse62944,0.937037,0.822247,0.962487
MEF2D,0.000000,0.000000,Source: gse62944,0.937037,0.822247,0.962487
HAPLN1,0.000000,0.000000,Source: gse62944,0.937037,0.822247,0.962487
SPRED2,0.000000,0.000000,Source: gse62944,0.937037,0.822247,0.962487
PCIF1,0.000000,0.000000,Source: gse62944,0.937037,0.822247,0.962487
DDOST,0.000000,0.000000,Source: gse62944,0.937037,0.822247,0.962487
DDX47,0.000000,0.000000,Source: gse62944,0.937037,0.822247,0.962487
TEAD4,0.000000,0.000000,Source: gse62944,0.937037,0.822247,0.962487
RBPJ,0.000000,0.000000,Source: gse62944,0.937037,0.822247,0.962487
OPA1,0.000000,0.000000,Source: gse62944,0.937037,0.822247,0.962487
NIPAL3,0.000000,0.000000,Source: gse62944,0.937037,0.822247,0.962487
CLEC10A,0.000000,0.000000,Source: gse62944,0.937037,0.822247,0.962487
SHH,0.000000,0.000000,Source: gse62944,0.937037,0.822247,0.962487
LHX1,0.000000,0.000000,Source: gse62944,0.937037,0.822247,0.962487
NEUROD4,0.000000,0.000000,Source: gse62944,0.937037,0.822247,0.962487
FLRT2,0.000000,0.000000,Source: gse62944,0.937037,0.822247,0.962487
TAAR5,0.000000,0.000000,Source: gse62944,0.937037,0.822247,0.962487
CLCF1,0.000000,0.000000,Source: gse62944,0.937037,0.822247,0.962487
UPK3A,0.000000,0.000000,Source: gse62944,0.937037,0.822247,0.962487
POLR3E,0.000000,0.000000,Source: gse62944,0.937037,0.822247,0.962487
PFKFB3,0.000000,0.000000,Source: gse62944,0.937037,0.822247,0.962487
MCMBP,0.000000,0.000000,Source: gse62944,0.937037,0.822247,0.962487
CYTH3,0.000000,0.000000,Source: gse62944,0.937037,0.822247,0.962487
KCNF1,0.000000,0.000000,Source: gse62944,0.937037,0.822247,0.962487
IFIT3,0.000000,0.000000,Source: gse62944,0.937037,0.822247,0.962487
MXI1,0.000000,0.000000,Source: gse62944,0.937037,0.822247,0.962487
MSTN,0.000000,0.000000,Source: gse62944,0.937037,0.822247,0.962487
EHBP1L1,0.000000,0.000000,Source: gse62944,0.937037,0.822247,0.962487
NUCKS1,0.000000,0.000000,Source: gse62944,0.937037,0.822247,0.962487
OR7E2P,0.000000,0.000000,Source: gse62944,0.937037,0.822247,0.962487
CIAO1,0.000000,0.000000,Source: gse62944,0.937037,0.822247,0.962487
DNAJB9,0.000000,0.000000,Source: gse62944,0.937037,0.822247,0.962487
ZNF277,0.000000,0.000000,Source: gse62944,0.937037,0.822247,0.962487
SIRT4,0.000000,0.000000,Source: gse62944,0.937037,0.822247,0.962487
DDR1,0.000000,0.000000,Source: gse62944,0.937037,0.822247,0.962487
PAGE4,0.000000,0.000000,Source: gse62944,0.937037,0.822247,0.962487
SEMA4F,0.000000,0.000000,Source: gse62944,0.937037,0.822247,0.962487
SGCA,0.000000,0.000000,Source: gse62944,0.937037,0.822247,0.962487
CTIF,0.000000,0.000000,Source: gse62944,0.937037,0.822247,0.962487
PSMD3,0.000000,0.000000,Source: gse62944,0.937037,0.822247,0.962487
SOAT1,0.000000,0.000000,Source: gse62944,0.937037,0.822247,0.962487
MDC1,0.000000,0.000000,Source: gse62944,0.937037,0.822247,0.962487
NFKBIE,0.000000,0.000000,Source: gse62944,0.937037,0.822247,0.962487
ASS1,0.000000,0.000000,Source: gse62944,0.937037,0.822247,0.962487
GZMK,0.000000,0.000000,Source: gse62944,0.937037,0.822247,0.962487
RPS27L,0.000000,0.000000,Source: gse62944,0.937037,0.822247,0.962487
UBR4,0.000000,0.000000,Source: gse62944,0.937037,0.822247,0.962487
FGFR4,0.000000,0.000000,Source: gse62944,0.937037,0.822247,0.962487
NCKAP1L,0.000000,0.000000,Source: gse62944,0.937037,0.822247,0.962487
ABHD5,0.000000,0.000000,Source: gse62944,0.937037,0.822247,0.962487
AKAP3,0.000000,0.000000,Source: gse62944,0.937037,0.822247,0.962487
RPL14,0.000000,0.000000,Source: gse62944,0.937037,0.822247,0.962487
EIF6,0.000000,0.000000,Source: gse62944,0.937037,0.822247,0.962487
CNPY3,0.000000,0.000000,Source: gse62944,0.937037,0.822247,0.962487
PACS1,0.000000,0.000000,Source: gse62944,0.937037,0.822247,0.962487
INPP5B,0.000000,0.000000,Source: gse62944,0.937037,0.822247,0.962487
KCNJ4,0.000000,0.000000,Source: gse62944,0.937037,0.822247,0.962487
DDR2,0.000000,0.000000,Source: gse62944,0.937037,0.822247,0.962487
SP4,0.000000,0.000000,Source: gse62944,0.937037,0.822247,0.962487
THAP7,0.000000,0.000000,Source: gse62944,0.937037,0.822247,0.962487
CHIT1,0.000000,0.000000,Source: gse62944,0.937037,0.822247,0.962487
MAB21L1,0.000000,0.000000,Source: gse62944,0.937037,0.822247,0.962487
EDNRA,0.000000,0.000000,Source: gse62944,0.937037,0.822247,0.962487
DNAJC4,0.000000,0.000000,Source: gse62944,0.937037,0.822247,0.962487
PDXK,0.000000,0.000000,Source: gse62944,0.937037,0.822247,0.962487
RASGRF1,0.000000,0.000000,Source: gse62944,0.937037,0.822247,0.962487
MMP25,0.000000,0.000000,Source: gse62944,0.937037,0.822247,0.962487
GPR37,0.000000,0.000000,Source: gse62944,0.937037,0.822247,0.962487
SHANK2,0.000000,0.000000,Source: gse62944,0.937037,0.822247,0.962487
PDK2,0.000000,0.000000,Source: gse62944,0.937037,0.822247,0.962487
CAPN6,0.000000,0.000000,Source: gse62944,0.937037,0.822247,0.962487
IGFALS,0.000000,0.000000,Source: gse62944,0.937037,0.822247,0.962487
PTPN21,0.000000,0.000000,Source: gse62944,0.937037,0.822247,0.962487
TNFSF11,0.000000,0.000000,Source: gse62944,0.937037,0.822247,0.962487
DBH,0.000000,0.000000,Source: gse62944,0.937037,0.822247,0.962487
DGKD,0.000000,0.000000,Source: gse62944,0.937037,0.822247,0.962487
FXN,0.000000,0.000000,Source: gse62944,0.937037,0.822247,0.962487
UBE2L3,0.000000,0.000000,Source: gse62944,0.937037,0.822247,0.962487
MICALL2,0.000000,0.000000,Source: gse62944,0.937037,0.822247,0.962487
BTN2A1,0.000000,0.000000,Source: gse62944,0.937037,0.822247,0.962487
PNMA1,0.000000,0.000000,Source: gse62944,0.937037,0.822247,0.962487
PRM2,0.000000,0.000000,Source: gse62944,0.937037,0.822247,0.962487
ROBO4,0.000000,0.000000,Source: gse62944,0.937037,0.822247,0.962487
SH3GL3,0.000000,0.000000,Source: gse62944,0.937037,0.822247,0.962487
MAN2A2,0.000000,0.000000,Source: gse62944,0.937037,0.822247,0.962487
RUFY3,0.000000,0.000000,Source: gse62944,0.937037,0.822247,0.962487
OSGEPL1,0.000000,0.000000,Source: gse62944,0.937037,0.822247,0.962487
XPNPEP1,0.000000,0.000000,Source: gse62944,0.937037,0.822247,0.962487
ZNF682,0.000000,0.000000,Source: gse62944,0.937037,0.822247,0.962487
TNFAIP2,0.000000,0.000000,Source: gse62944,0.937037,0.822247,0.962487
IKZF4,0.000000,0.000000,Source: gse62944,0.937037,0.822247,0.962487
SRF,0.000000,0.000000,Source: gse62944,0.937037,0.822247,0.962487
MLLT3,0.000000,0.000000,Source: gse62944,0.937037,0.822247,0.962487
EIF4ENIF1,0.000000,0.000000,Source: gse62944,0.937037,0.822247,0.962487
TBC1D2,0.000000,0.000000,Source: gse62944,0.937037,0.822247,0.962487
CRLF1,0.000000,0.000000,Source: gse62944,0.937037,0.822247,0.962487
MGMT,0.000000,0.000000,Source: gse62944,0.937037,0.822247,0.962487
PAX1,0.000000,0.000000,Source: gse62944,0.937037,0.822247,0.962487
NR2F6,0.000000,0.000000,Source: gse62944,0.937037,0.822247,0.962487
DSC3,0.000000,0.000000,Source: gse62944,0.937037,0.822247,0.962487
ATP12A,0.000000,0.000000,Source: gse62944,0.937037,0.822247,0.962487
MMP1,0.000000,0.000000,Source: gse62944,0.937037,0.822247,0.962487
POLR3B,0.000000,0.000000,Source: gse62944,0.937037,0.822247,0.962487
TMSB10,0.000000,0.000000,Source: gse62944,0.937037,0.822247,0.962487
ARMCX1,0.000000,0.000000,Source: gse62944,0.937037,0.822247,0.962487
COMMD3,0.000000,0.000000,Source: gse62944,0.937037,0.822247,0.962487
CHD4,0.000000,0.000000,Source: gse62944,0.937037,0.822247,0.962487
RNASET2,0.000000,0.000000,Source: gse62944,0.937037,0.822247,0.962487
RLN3,0.000000,0.000000,Source: gse62944,0.937037,0.822247,0.962487
SMAD5-AS1,0.000000,0.000000,Source: gse62944,0.937037,0.822247,0.962487
CDC23,0.000000,0.000000,Source: gse62944,0.937037,0.822247,0.962487
TRPC2,0.000000,0.000000,Source: gse62944,0.937037,0.822247,0.962487
TRIAP1,0.000000,0.000000,Source: gse62944,0.937037,0.822247,0.962487
ACVRL1,0.000000,0.000000,Source: gse62944,0.937037,0.822247,0.962487
ZBTB43,0.000000,0.000000,Source: gse62944,0.937037,0.822247,0.962487
PSMA5,0.000000,0.000000,Source: gse62944,0.937037,0.822247,0.962487
ANGEL2,0.000000,0.000000,Source: gse62944,0.937037,0.822247,0.962487
CCDC82,0.000000,0.000000,Source: gse62944,0.937037,0.822247,0.962487
C6orf120,0.000000,0.000000,Source: gse62944,0.937037,0.822247,0.962487
ZNF286A,0.000000,0.000000,Source: gse62944,0.937037,0.822247,0.962487
SLC6A11,0.000000,0.000000,Source: gse62944,0.937037,0.822247,0.962487
RBP1,0.000000,0.000000,Source: gse62944,0.937037,0.822247,0.962487
LFNG,0.000000,0.000000,Source: gse62944,0.937037,0.822247,0.962487
POU2F1,0.000000,0.000000,Source: gse62944,0.937037,0.822247,0.962487
RAB32,0.000000,0.000000,Source: gse62944,0.937037,0.822247,0.962487
FAM110D,0.000000,0.000000,Source: gse62944,0.937037,0.822247,0.962487
LRTM1,0.000000,0.000000,Source: gse62944,0.937037,0.822247,0.962487
TGOLN2,0.000000,0.000000,Source: gse62944,0.937037,0.822247,0.962487
TMEM204,0.000000,0.000000,Source: gse62944,0.937037,0.822247,0.962487
BCL11A,0.000000,0.000000,Source: gse62944,0.937037,0.822247,0.962487
LY75,0.000000,0.000000,Source: gse62944,0.937037,0.822247,0.962487
TRIM44,0.000000,0.000000,Source: gse62944,0.937037,0.822247,0.962487
PDE9A,0.000000,0.000000,Source: gse62944,0.937037,0.822247,0.962487
TRPM2,0.000000,0.000000,Source: gse62944,0.937037,0.822247,0.962487
LSS,0.000000,0.000000,Source: gse62944,0.937037,0.822247,0.962487
PCYOX1,0.000000,0.000000,Source: gse62944,0.937037,0.822247,0.962487
KPNA4,0.000000,0.000000,Source: gse62944,0.937037,0.822247,0.962487
CLASRP,0.000000,0.000000,Source: gse62944,0.937037,0.822247,0.962487
COQ9,0.000000,0.000000,Source: gse62944,0.937037,0.822247,0.962487
SCNN1D,0.000000,0.000000,Source: gse62944,0.937037,0.822247,0.962487
BNIP3L,0.000000,0.000000,Source: gse62944,0.937037,0.822247,0.962487
RRS1,0.000000,0.000000,Source: gse62944,0.937037,0.822247,0.962487
CDH3,0.000000,0.000000,Source: gse62944,0.937037,0.822247,0.962487
PPP1R3D,0.000000,0.000000,Source: gse62944,0.937037,0.822247,0.962487
HNRNPA2B1,0.000000,0.000000,Source: gse62944,0.937037,0.822247,0.962487
MB,0.000000,0.000000,Source: gse62944,0.937037,0.822247,0.962487
CLCN6,0.000000,0.000000,Source: gse62944,0.937037,0.822247,0.962487
NUP88,0.000000,0.000000,Source: gse62944,0.937037,0.822247,0.962487
SGCG,0.000000,0.000000,Source: gse62944,0.937037,0.822247,0.962487
DYRK4,0.000000,0.000000,Source: gse62944,0.937037,0.822247,0.962487
FASTKD2,0.000000,0.000000,Source: gse62944,0.937037,0.822247,0.962487
SLPI,0.000000,0.000000,Source: gse62944,0.937037,0.822247,0.962487
SEMA3A,0.000000,0.000000,Source: gse62944,0.937037,0.822247,0.962487
PTP4A3,0.000000,0.000000,Source: gse62944,0.937037,0.822247,0.962487
BCL7B,0.000000,0.000000,Source: gse62944,0.937037,0.822247,0.962487
BSPRY,0.000000,0.000000,Source: gse62944,0.937037,0.822247,0.962487
EML1,0.000000,0.000000,Source: gse62944,0.937037,0.822247,0.962487
DNAJC9,0.000000,0.000000,Source: gse62944,0.937037,0.822247,0.962487
ST8SIA2,0.000000,0.000000,Source: gse62944,0.937037,0.822247,0.962487
C1orf115,0.000000,0.000000,Source: gse62944,0.937037,0.822247,0.962487
STYXL1,0.000000,0.000000,Source: gse62944,0.937037,0.822247,0.962487
MAT2A,0.000000,0.000000,Source: gse62944,0.937037,0.822247,0.962487
MEF2C,0.000000,0.000000,Source: gse62944,0.937037,0.822247,0.962487
PNLIPRP2,0.000000,0.000000,Source: gse62944,0.937037,0.822247,0.962487
GYPE,0.000000,0.000000,Source: gse62944,0.937037,0.822247,0.962487
PDE1B,0.000000,0.000000,Source: gse62944,0.937037,0.822247,0.962487
PDE6H,0.000000,0.000000,Source: gse62944,0.937037,0.822247,0.962487
PDZD8,0.000000,0.000000,Source: gse62944,0.937037,0.822247,0.962487
KANSL3,0.000000,0.000000,Source: gse62944,0.937037,0.822247,0.962487
ABHD4,0.000000,0.000000,Source: gse62944,0.937037,0.822247,0.962487
IFNGR1,0.000000,0.000000,Source: gse62944,0.937037,0.822247,0.962487
LOC155060,0.000000,0.000000,Source: gse62944,0.937037,0.822247,0.962487
IL3RA,0.000000,0.000000,Source: gse62944,0.937037,0.822247,0.962487
TGFB1I1,0.000000,0.000000,Source: gse62944,0.937037,0.822247,0.962487
IRF5,0.000000,0.000000,Source: gse62944,0.937037,0.822247,0.962487
GABPA,0.000000,0.000000,Source: gse62944,0.937037,0.822247,0.962487
BAMBI,0.000000,0.000000,Source: gse62944,0.937037,0.822247,0.962487
UBAP1,0.000000,0.000000,Source: gse62944,0.937037,0.822247,0.962487
POLR2A,0.000000,0.000000,Source: gse62944,0.937037,0.822247,0.962487
LETM1,0.000000,0.000000,Source: gse62944,0.937037,0.822247,0.962487
PLEKHJ1,0.000000,0.000000,Source: gse62944,0.937037,0.822247,0.962487
FCF1,0.000000,0.000000,Source: gse62944,0.937037,0.822247,0.962487
AMPH,0.000000,0.000000,Source: gse62944,0.937037,0.822247,0.962487
APBA2,0.000000,0.000000,Source: gse62944,0.937037,0.822247,0.962487
DNAH3,0.000000,0.000000,Source: gse62944,0.937037,0.822247,0.962487
GPR37L1,0.000000,0.000000,Source: gse62944,0.937037,0.822247,0.962487
GNB2,0.000000,0.000000,Source: gse62944,0.937037,0.822247,0.962487
PRB3,0.000000,0.000000,Source: gse62944,0.937037,0.822247,0.962487
YY2,0.000000,0.000000,Source: gse62944,0.937037,0.822247,0.962487
BMP5,0.000000,0.000000,Source: gse62944,0.937037,0.822247,0.962487
ALDOB,0.000000,0.000000,Source: gse62944,0.937037,0.822247,0.962487
CUL3,0.000000,0.000000,Source: gse62944,0.937037,0.822247,0.962487
IGHMBP2,0.000000,0.000000,Source: gse62944,0.937037,0.822247,0.962487
SH3BP1,0.000000,0.000000,Source: gse62944,0.937037,0.822247,0.962487
CFI,0.000000,0.000000,Source: gse62944,0.937037,0.822247,0.962487
TP53BP1,0.000000,0.000000,Source: gse62944,0.937037,0.822247,0.962487
GALNT7,0.000000,0.000000,Source: gse62944,0.937037,0.822247,0.962487
MSR1,0.000000,0.000000,Source: gse62944,0.937037,0.822247,0.962487
POP7,0.000000,0.000000,Source: gse62944,0.937037,0.822247,0.962487
CLCA2,0.000000,0.000000,Source: gse62944,0.937037,0.822247,0.962487
RAB17,0.000000,0.000000,Source: gse62944,0.937037,0.822247,0.962487
CD59,0.000000,0.000000,Source: gse62944,0.937037,0.822247,0.962487
PHLDA3,0.000000,0.000000,Source: gse62944,0.937037,0.822247,0.962487
FOXM1,0.000000,0.000000,Source: gse62944,0.937037,0.822247,0.962487
DNAJC1,0.000000,0.000000,Source: gse62944,0.937037,0.822247,0.962487
NDUFA10,0.000000,0.000000,Source: gse62944,0.937037,0.822247,0.962487
ZNF460,0.000000,0.000000,Source: gse62944,0.937037,0.822247,0.962487
KDM6B,0.000000,0.000000,Source: gse62944,0.937037,0.822247,0.962487
BTN2A2,0.000000,0.000000,Source: gse62944,0.937037,0.822247,0.962487
RBMS1,0.000000,0.000000,Source: gse62944,0.937037,0.822247,0.962487
SLC38A10,0.000000,0.000000,Source: gse62944,0.937037,0.822247,0.962487
ADCYAP1R1,0.000000,0.000000,Source: gse62944,0.937037,0.822247,0.962487
LILRB5,0.000000,0.000000,Source: gse62944,0.937037,0.822247,0.962487
LOXL2,0.000000,0.000000,Source: gse62944,0.937037,0.822247,0.962487
PDAP1,0.000000,0.000000,Source: gse62944,0.937037,0.822247,0.962487
PIGZ,0.000000,0.000000,Source: gse62944,0.937037,0.822247,0.962487
ARHGAP28,0.000000,0.000000,Source: gse62944,0.937037,0.822247,0.962487
MEGF6,0.000000,0.000000,Source: gse62944,0.937037,0.822247,0.962487
CD36,0.000000,0.000000,Source: gse62944,0.937037,0.822247,0.962487
MAPKAPK5,0.000000,0.000000,Source: gse62944,0.937037,0.822247,0.962487
KIF15,0.000000,0.000000,Source: gse62944,0.937037,0.822247,0.962487
SMUG1,0.000000,0.000000,Source: gse62944,0.937037,0.822247,0.962487
NDUFS1,0.000000,0.000000,Source: gse62944,0.937037,0.822247,0.962487
IMMT,0.000000,0.000000,Source: gse62944,0.937037,0.822247,0.962487
CALHM2,0.000000,0.000000,Source: gse62944,0.937037,0.822247,0.962487
GLE1,0.000000,0.000000,Source: gse62944,0.937037,0.822247,0.962487
SMPDL3A,0.000000,0.000000,Source: gse62944,0.937037,0.822247,0.962487
CIR1,0.000000,0.000000,Source: gse62944,0.937037,0.822247,0.962487
DDX27,0.000000,0.000000,Source: gse62944,0.937037,0.822247,0.962487
P2RY6,0.000000,0.000000,Source: gse62944,0.937037,0.822247,0.962487
PSMA3,0.000000,0.000000,Source: gse62944,0.937037,0.822247,0.962487
QTRT1,0.000000,0.000000,Source: gse62944,0.937037,0.822247,0.962487
ABCF3,0.000000,0.000000,Source: gse62944,0.937037,0.822247,0.962487
ELK3,0.000000,0.000000,Source: gse62944,0.937037,0.822247,0.962487
EFNB3,0.000000,0.000000,Source: gse62944,0.937037,0.822247,0.962487
UTP3,0.000000,0.000000,Source: gse62944,0.937037,0.822247,0.962487
RWDD2A,0.000000,0.000000,Source: gse62944,0.937037,0.822247,0.962487
ADAMTSL3,0.000000,0.000000,Source: gse62944,0.937037,0.822247,0.962487
ITPR2,0.000000,0.000000,Source: gse62944,0.937037,0.822247,0.962487
GNAZ,0.000000,0.000000,Source: gse62944,0.937037,0.822247,0.962487
SLC27A3,0.000000,0.000000,Source: gse62944,0.937037,0.822247,0.962487
TARBP2,0.000000,0.000000,Source: gse62944,0.937037,0.822247,0.962487
BCAR3,0.000000,0.000000,Source: gse62944,0.937037,0.822247,0.962487
ANXA3,0.000000,0.000000,Source: gse62944,0.937037,0.822247,0.962487
CNTFR,0.000000,0.000000,Source: gse62944,0.937037,0.822247,0.962487
A1CF,0.000000,0.000000,Source: gse62944,0.937037,0.822247,0.962487
GUSBP11,0.000000,0.000000,Source: gse62944,0.937037,0.822247,0.962487
AGRN,0.000000,0.000000,Source: gse62944,0.937037,0.822247,0.962487
FAM131A,0.000000,0.000000,Source: gse62944,0.937037,0.822247,0.962487
MAP9,0.000000,0.000000,Source: gse62944,0.937037,0.822247,0.962487
GTDC1,0.000000,0.000000,Source: gse62944,0.937037,0.822247,0.962487
XK,0.000000,0.000000,Source: gse62944,0.937037,0.822247,0.962487
C8A,0.000000,0.000000,Source: gse62944,0.937037,0.822247,0.962487
ZGPAT,0.000000,0.000000,Source: gse62944,0.937037,0.822247,0.962487
ATP1B4,0.000000,0.000000,Source: gse62944,0.937037,0.822247,0.962487
DHX32,0.000000,0.000000,Source: gse62944,0.937037,0.822247,0.962487
MMP12,0.000000,0.000000,Source: gse62944,0.937037,0.822247,0.962487
SSTR4,0.000000,0.000000,Source: gse62944,0.937037,0.822247,0.962487
GSDMD,0.000000,0.000000,Source: gse62944,0.937037,0.822247,0.962487
RPL3L,0.000000,0.000000,Source: gse62944,0.937037,0.822247,0.962487
HDDC2,0.000000,0.000000,Source: gse62944,0.937037,0.822247,0.962487
TIGD6,0.000000,0.000000,Source: gse62944,0.937037,0.822247,0.962487
SLCO1B3,0.000000,0.000000,Source: gse62944,0.937037,0.822247,0.962487
ASH2L,0.000000,0.000000,Source: gse62944,0.937037,0.822247,0.962487
SGK1,0.000000,0.000000,Source: gse62944,0.937037,0.822247,0.962487
PDK4,0.000000,0.000000,Source: gse62944,0.937037,0.822247,0.962487
TTLL5,0.000000,0.000000,Source: gse62944,0.937037,0.822247,0.962487
CKMT2,0.000000,0.000000,Source: gse62944,0.937037,0.822247,0.962487
OSBPL3,0.000000,0.000000,Source: gse62944,0.937037,0.822247,0.962487
RFWD3,0.000000,0.000000,Source: gse62944,0.937037,0.822247,0.962487
KLK3,0.000000,0.000000,Source: gse62944,0.937037,0.822247,0.962487
COG4,0.000000,0.000000,Source: gse62944,0.937037,0.822247,0.962487
HSF2,0.000000,0.000000,Source: gse62944,0.937037,0.822247,0.962487
KIAA0040,0.000000,0.000000,Source: gse62944,0.937037,0.822247,0.962487
MAP3K10,0.000000,0.000000,Source: gse62944,0.937037,0.822247,0.962487
EIF2B3,0.000000,0.000000,Source: gse62944,0.937037,0.822247,0.962487
PCLO,0.000000,0.000000,Source: gse62944,0.937037,0.822247,0.962487
SEMA4D,0.000000,0.000000,Source: gse62944,0.937037,0.822247,0.962487
ZNHIT3,0.000000,0.000000,Source: gse62944,0.937037,0.822247,0.962487
ADH5,0.000000,0.000000,Source: gse62944,0.937037,0.822247,0.962487
IP6K2,0.000000,0.000000,Source: gse62944,0.937037,0.822247,0.962487
EEF1D,0.000000,0.000000,Source: gse62944,0.937037,0.822247,0.962487
WAC,0.000000,0.000000,Source: gse62944,0.937037,0.822247,0.962487
PGAP3,0.000000,0.000000,Source: gse62944,0.937037,0.822247,0.962487
EPB41L4A,0.000000,0.000000,Source: gse62944,0.937037,0.822247,0.962487
RPS6,0.000000,0.000000,Source: gse62944,0.937037,0.822247,0.962487
PPP1R10,0.000000,0.000000,Source: gse62944,0.937037,0.822247,0.962487
IFI44,0.000000,0.000000,Source: gse62944,0.937037,0.822247,0.962487
YY1,0.000000,0.000000,Source: gse62944,0.937037,0.822247,0.962487
NPBWR2,0.000000,0.000000,Source: gse62944,0.937037,0.822247,0.962487
LYVE1,0.000000,0.000000,Source: gse62944,0.937037,0.822247,0.962487
SLC30A3,0.000000,0.000000,Source: gse62944,0.937037,0.822247,0.962487
WRN,0.000000,0.000000,Source: gse62944,0.937037,0.822247,0.962487
PLD3,0.000000,0.000000,Source: gse62944,0.937037,0.822247,0.962487
TDRD3,0.000000,0.000000,Source: gse62944,0.937037,0.822247,0.962487
CASP4,0.000000,0.000000,Source: gse62944,0.937037,0.822247,0.962487
NDFIP1,0.000000,0.000000,Source: gse62944,0.937037,0.822247,0.962487
CKLF,0.000000,0.000000,Source: gse62944,0.937037,0.822247,0.962487
PPCS,0.000000,0.000000,Source: gse62944,0.937037,0.822247,0.962487
TMEM134,0.000000,0.000000,Source: gse62944,0.937037,0.822247,0.962487
LTB4R2,0.000000,0.000000,Source: gse62944,0.937037,0.822247,0.962487
IFNA10,0.000000,0.000000,Source: gse62944,0.937037,0.822247,0.962487
TPO,0.000000,0.000000,Source: gse62944,0.937037,0.822247,0.962487
GFRA1,0.000000,0.000000,Source: gse62944,0.937037,0.822247,0.962487
RNF144A,0.000000,0.000000,Source: gse62944,0.937037,0.822247,0.962487
CWC25,0.000000,0.000000,Source: gse62944,0.937037,0.822247,0.962487
CA2,0.000000,0.000000,Source: gse62944,0.937037,0.822247,0.962487
NEK2,0.000000,0.000000,Source: gse62944,0.937037,0.822247,0.962487
PFDN1,0.000000,0.000000,Source: gse62944,0.937037,0.822247,0.962487
IFT52,0.000000,0.000000,Source: gse62944,0.937037,0.822247,0.962487
GINS1,0.000000,0.000000,Source: gse62944,0.937037,0.822247,0.962487
GNAI1,0.000000,0.000000,Source: gse62944,0.937037,0.822247,0.962487
LRPPRC,0.000000,0.000000,Source: gse62944,0.937037,0.822247,0.962487
RBP3,0.000000,0.000000,Source: gse62944,0.937037,0.822247,0.962487
MLPH,0.000000,0.000000,Source: gse62944,0.937037,0.822247,0.962487
MKKS,0.000000,0.000000,Source: gse62944,0.937037,0.822247,0.962487
TGFB1,0.000000,0.000000,Source: gse62944,0.937037,0.822247,0.962487
TNFSF12,0.000000,0.000000,Source: gse62944,0.937037,0.822247,0.962487
ADM2,0.000000,0.000000,Source: gse62944,0.937037,0.822247,0.962487
EXTL2,0.000000,0.000000,Source: gse62944,0.937037,0.822247,0.962487
HSPH1,0.000000,0.000000,Source: gse62944,0.937037,0.822247,0.962487
ZKSCAN5,0.000000,0.000000,Source: gse62944,0.937037,0.822247,0.962487
RBM12,0.000000,0.000000,Source: gse62944,0.937037,0.822247,0.962487
PDZD7,0.000000,0.000000,Source: gse62944,0.937037,0.822247,0.962487
LAMP3,0.000000,0.000000,Source: gse62944,0.937037,0.822247,0.962487
AANAT,0.000000,0.000000,Source: gse62944,0.937037,0.822247,0.962487
PDE7B,0.000000,0.000000,Source: gse62944,0.937037,0.822247,0.962487
BCL2L10,0.000000,0.000000,Source: gse62944,0.937037,0.822247,0.962487
MBIP,0.000000,0.000000,Source: gse62944,0.937037,0.822247,0.962487
EMX2,0.000000,0.000000,Source: gse62944,0.937037,0.822247,0.962487
PFDN5,0.000000,0.000000,Source: gse62944,0.937037,0.822247,0.962487
UBAP2,0.000000,0.000000,Source: gse62944,0.937037,0.822247,0.962487
VPS13A,0.000000,0.000000,Source: gse62944,0.937037,0.822247,0.962487
SNRPD1,0.000000,0.000000,Source: gse62944,0.937037,0.822247,0.962487
WDTC1,0.000000,0.000000,Source: gse62944,0.937037,0.822247,0.962487
ADK,0.000000,0.000000,Source: gse62944,0.937037,0.822247,0.962487
TUBGCP5,0.000000,0.000000,Source: gse62944,0.937037,0.822247,0.962487
MAGEA10,0.000000,0.000000,Source: gse62944,0.937037,0.822247,0.962487
KLK10,0.000000,0.000000,Source: gse62944,0.937037,0.822247,0.962487
ATP6AP2,0.000000,0.000000,Source: gse62944,0.937037,0.822247,0.962487
TSPAN4,0.000000,0.000000,Source: gse62944,0.937037,0.822247,0.962487
GMPPB,0.000000,0.000000,Source: gse62944,0.937037,0.822247,0.962487
PRR14L,0.000000,0.000000,Source: gse62944,0.937037,0.822247,0.962487
GUSB,0.000000,0.000000,Source: gse62944,0.937037,0.822247,0.962487
SLC6A13,0.000000,0.000000,Source: gse62944,0.937037,0.822247,0.962487
PPP4R1,0.000000,0.000000,Source: gse62944,0.937037,0.822247,0.962487
PSMA7,0.000000,0.000000,Source: gse62944,0.937037,0.822247,0.962487
ARMCX3,0.000000,0.000000,Source: gse62944,0.937037,0.822247,0.962487
POLG,0.000000,0.000000,Source: gse62944,0.937037,0.822247,0.962487
METTL13,0.000000,0.000000,Source: gse62944,0.937037,0.822247,0.962487
ARHGEF15,0.000000,0.000000,Source: gse62944,0.937037,0.822247,0.962487
PSORS1C1,0.000000,0.000000,Source: gse62944,0.937037,0.822247,0.962487
DKFZP434A062,0.000000,0.000000,Source: gse62944,0.937037,0.822247,0.962487
NIF3L1,0.000000,0.000000,Source: gse62944,0.937037,0.822247,0.962487
BTN1A1,0.000000,0.000000,Source: gse62944,0.937037,0.822247,0.962487
ANGPTL4,0.000000,0.000000,Source: gse62944,0.937037,0.822247,0.962487
SEZ6L2,0.000000,0.000000,Source: gse62944,0.937037,0.822247,0.962487
ACTC1,0.000000,0.000000,Source: gse62944,0.937037,0.822247,0.962487
RUNX1-IT1,0.000000,0.000000,Source: gse62944,0.937037,0.822247,0.962487
SLC25A22,0.000000,0.000000,Source: gse62944,0.937037,0.822247,0.962487
PLA1A,0.000000,0.000000,Source: gse62944,0.937037,0.822247,0.962487
PPP2R1A,0.000000,0.000000,Source: gse62944,0.937037,0.822247,0.962487
ETAA1,0.000000,0.000000,Source: gse62944,0.937037,0.822247,0.962487
ABCA2,0.000000,0.000000,Source: gse62944,0.937037,0.822247,0.962487
SP2,0.000000,0.000000,Source: gse62944,0.937037,0.822247,0.962487
FBXL5,0.000000,0.000000,Source: gse62944,0.937037,0.822247,0.962487
EXOC2,0.000000,0.000000,Source: gse62944,0.937037,0.822247,0.962487
UBE2C,0.000000,0.000000,Source: gse62944,0.937037,0.822247,0.962487
ELANE,0.000000,0.000000,Source: gse62944,0.937037,0.822247,0.962487
SRGAP2,0.000000,0.000000,Source: gse62944,0.937037,0.822247,0.962487
RXRA,0.000000,0.000000,Source: gse62944,0.937037,0.822247,0.962487
DROSHA,0.000000,0.000000,Source: gse62944,0.937037,0.822247,0.962487
PIGR,0.000000,0.000000,Source: gse62944,0.937037,0.822247,0.962487
ANAPC13,0.000000,0.000000,Source: gse62944,0.937037,0.822247,0.962487
CSNK1D,0.000000,0.000000,Source: gse62944,0.937037,0.822247,0.962487
GHR,0.000000,0.000000,Source: gse62944,0.937037,0.822247,0.962487
ZC3H15,0.000000,0.000000,Source: gse62944,0.937037,0.822247,0.962487
HDAC9,0.000000,0.000000,Source: gse62944,0.937037,0.822247,0.962487
AKAP4,0.000000,0.000000,Source: gse62944,0.937037,0.822247,0.962487
RAD51AP1,0.000000,0.000000,Source: gse62944,0.937037,0.822247,0.962487
GDI1,0.000000,0.000000,Source: gse62944,0.937037,0.822247,0.962487
TUSC2,0.000000,0.000000,Source: gse62944,0.937037,0.822247,0.962487
TMEM209,0.000000,0.000000,Source: gse62944,0.937037,0.822247,0.962487
IST1,0.000000,0.000000,Source: gse62944,0.937037,0.822247,0.962487
UPF2,0.000000,0.000000,Source: gse62944,0.937037,0.822247,0.962487
GLRX3,0.000000,0.000000,Source: gse62944,0.937037,0.822247,0.962487
UCP1,0.000000,0.000000,Source: gse62944,0.937037,0.822247,0.962487
CLPB,0.000000,0.000000,Source: gse62944,0.937037,0.822247,0.962487
GAS1,0.000000,0.000000,Source: gse62944,0.937037,0.822247,0.962487
IPO7,0.000000,0.000000,Source: gse62944,0.937037,0.822247,0.962487
MYOC,0.000000,0.000000,Source: gse62944,0.937037,0.822247,0.962487
CDKN3,0.000000,0.000000,Source: gse62944,0.937037,0.822247,0.962487
PKIA,0.000000,0.000000,Source: gse62944,0.937037,0.822247,0.962487
RPS4Y1,0.000000,0.000000,Source: gse62944,0.937037,0.822247,0.962487
RABGAP1L,0.000000,0.000000,Source: gse62944,0.937037,0.822247,0.962487
GPR162,0.000000,0.000000,Source: gse62944,0.937037,0.822247,0.962487
RASGRP1,0.000000,0.000000,Source: gse62944,0.937037,0.822247,0.962487
SUN2,0.000000,0.000000,Source: gse62944,0.937037,0.822247,0.962487
SGPP1,0.000000,0.000000,Source: gse62944,0.937037,0.822247,0.962487
SYMPK,0.000000,0.000000,Source: gse62944,0.937037,0.822247,0.962487
CAPG,0.000000,0.000000,Source: gse62944,0.937037,0.822247,0.962487
GSDMB,0.000000,0.000000,Source: gse62944,0.937037,0.822247,0.962487
PALB2,0.000000,0.000000,Source: gse62944,0.937037,0.822247,0.962487
TSEN2,0.000000,0.000000,Source: gse62944,0.937037,0.822247,0.962487
KDM3B,0.000000,0.000000,Source: gse62944,0.937037,0.822247,0.962487
OAZ2,0.000000,0.000000,Source: gse62944,0.937037,0.822247,0.962487
SULT4A1,0.000000,0.000000,Source: gse62944,0.937037,0.822247,0.962487
TSEN34,0.000000,0.000000,Source: gse62944,0.937037,0.822247,0.962487
SLCO2A1,0.000000,0.000000,Source: gse62944,0.937037,0.822247,0.962487
PDLIM3,0.000000,0.000000,Source: gse62944,0.937037,0.822247,0.962487
TTC3,0.000000,0.000000,Source: gse62944,0.937037,0.822247,0.962487
HHLA1,0.000000,0.000000,Source: gse62944,0.937037,0.822247,0.962487
FASTKD5,0.000000,0.000000,Source: gse62944,0.937037,0.822247,0.962487
GGH,0.000000,0.000000,Source: gse62944,0.937037,0.822247,0.962487
HTR7,0.000000,0.000000,Source: gse62944,0.937037,0.822247,0.962487
PAK4,0.000000,0.000000,Source: gse62944,0.937037,0.822247,0.962487
LSM3,0.000000,0.000000,Source: gse62944,0.937037,0.822247,0.962487
SPN,0.000000,0.000000,Source: gse62944,0.937037,0.822247,0.962487
CTSW,0.000000,0.000000,Source: gse62944,0.937037,0.822247,0.962487
DENND2D,0.000000,0.000000,Source: gse62944,0.937037,0.822247,0.962487
KRT7,0.000000,0.000000,Source: gse62944,0.937037,0.822247,0.962487
AFF4,0.000000,0.000000,Source: gse62944,0.937037,0.822247,0.962487
ZNF264,0.000000,0.000000,Source: gse62944,0.937037,0.822247,0.962487
KBTBD11,0.000000,0.000000,Source: gse62944,0.937037,0.822247,0.962487
PSMA4,0.000000,0.000000,Source: gse62944,0.937037,0.822247,0.962487
USP3,0.000000,0.000000,Source: gse62944,0.937037,0.822247,0.962487
WWP2,0.000000,0.000000,Source: gse62944,0.937037,0.822247,0.962487
ABCD1,0.000000,0.000000,Source: gse62944,0.937037,0.822247,0.962487
MLN,0.000000,0.000000,Source: gse62944,0.937037,0.822247,0.962487
FAP,0.000000,0.000000,Source: gse62944,0.937037,0.822247,0.962487
PFN1,0.000000,0.000000,Source: gse62944,0.937037,0.822247,0.962487
KCNG1,0.000000,0.000000,Source: gse62944,0.937037,0.822247,0.962487
IL21R,0.000000,0.000000,Source: gse62944,0.937037,0.822247,0.962487
VPS54,0.000000,0.000000,Source: gse62944,0.937037,0.822247,0.962487
VCP,0.000000,0.000000,Source: gse62944,0.937037,0.822247,0.962487
MTG1,0.000000,0.000000,Source: gse62944,0.937037,0.822247,0.962487
SETX,0.000000,0.000000,Source: gse62944,0.937037,0.822247,0.962487
TRAIP,0.000000,0.000000,Source: gse62944,0.937037,0.822247,0.962487
FOXC1,0.000000,0.000000,Source: gse62944,0.937037,0.822247,0.962487
GAS8,0.000000,0.000000,Source: gse62944,0.937037,0.822247,0.962487
PSMD9,0.000000,0.000000,Source: gse62944,0.937037,0.822247,0.962487
RAPGEF5,0.000000,0.000000,Source: gse62944,0.937037,0.822247,0.962487
VRK2,0.000000,0.000000,Source: gse62944,0.937037,0.822247,0.962487
FABP4,0.000000,0.000000,Source: gse62944,0.937037,0.822247,0.962487
EFHD2,0.000000,0.000000,Source: gse62944,0.937037,0.822247,0.962487
KRT1,0.000000,0.000000,Source: gse62944,0.937037,0.822247,0.962487
NDUFA4,0.000000,0.000000,Source: gse62944,0.937037,0.822247,0.962487
GNA15,0.000000,0.000000,Source: gse62944,0.937037,0.822247,0.962487
SF1,0.000000,0.000000,Source: gse62944,0.937037,0.822247,0.962487
UTP14A,0.000000,0.000000,Source: gse62944,0.937037,0.822247,0.962487
HLF,0.000000,0.000000,Source: gse62944,0.937037,0.822247,0.962487
IGFBP4,0.000000,0.000000,Source: gse62944,0.937037,0.822247,0.962487
CCDC92,0.000000,0.000000,Source: gse62944,0.937037,0.822247,0.962487
NKAIN1,0.000000,0.000000,Source: gse62944,0.937037,0.822247,0.962487
SLC27A5,0.000000,0.000000,Source: gse62944,0.937037,0.822247,0.962487
MYO9B,0.000000,0.000000,Source: gse62944,0.937037,0.822247,0.962487
IREB2,0.000000,0.000000,Source: gse62944,0.937037,0.822247,0.962487
UBN1,0.000000,0.000000,Source: gse62944,0.937037,0.822247,0.962487
CLCN1,0.000000,0.000000,Source: gse62944,0.937037,0.822247,0.962487
AGK,0.000000,0.000000,Source: gse62944,0.937037,0.822247,0.962487
GRIK3,0.000000,0.000000,Source: gse62944,0.937037,0.822247,0.962487
ABCG2,0.000000,0.000000,Source: gse62944,0.937037,0.822247,0.962487
OXCT1,0.000000,0.000000,Source: gse62944,0.937037,0.822247,0.962487
FUT7,0.000000,0.000000,Source: gse62944,0.937037,0.822247,0.962487
METTL22,0.000000,0.000000,Source: gse62944,0.937037,0.822247,0.962487
TMBIM4,0.000000,0.000000,Source: gse62944,0.937037,0.822247,0.962487
NARF,0.000000,0.000000,Source: gse62944,0.937037,0.822247,0.962487
TARBP1,0.000000,0.000000,Source: gse62944,0.937037,0.822247,0.962487
MRPS2,0.000000,0.000000,Source: gse62944,0.937037,0.822247,0.962487
PRMT3,0.000000,0.000000,Source: gse62944,0.937037,0.822247,0.962487
TMEM115,0.000000,0.000000,Source: gse62944,0.937037,0.822247,0.962487
NR2F2,0.000000,0.000000,Source: gse62944,0.937037,0.822247,0.962487
DNTT,0.000000,0.000000,Source: gse62944,0.937037,0.822247,0.962487
KCNA1,0.000000,0.000000,Source: gse62944,0.937037,0.822247,0.962487
GCM1,0.000000,0.000000,Source: gse62944,0.937037,0.822247,0.962487
ASF1B,0.000000,0.000000,Source: gse62944,0.937037,0.822247,0.962487
IL27RA,0.000000,0.000000,Source: gse62944,0.937037,0.822247,0.962487
SH3BP4,0.000000,0.000000,Source: gse62944,0.937037,0.822247,0.962487
ANTXR1,0.000000,0.000000,Source: gse62944,0.937037,0.822247,0.962487
ZNF225,0.000000,0.000000,Source: gse62944,0.937037,0.822247,0.962487
CPNE7,0.000000,0.000000,Source: gse62944,0.937037,0.822247,0.962487
MEX3C,0.000000,0.000000,Source: gse62944,0.937037,0.822247,0.962487
CEBPA,0.000000,0.000000,Source: gse62944,0.937037,0.822247,0.962487
JARID2,0.000000,0.000000,Source: gse62944,0.937037,0.822247,0.962487
XIST,0.000000,0.000000,Source: gse62944,0.937037,0.822247,0.962487
GSK3B,0.000000,0.000000,Source: gse62944,0.937037,0.822247,0.962487
CEP97,0.000000,0.000000,Source: gse62944,0.937037,0.822247,0.962487
CD209,0.000000,0.000000,Source: gse62944,0.937037,0.822247,0.962487
GCC2,0.000000,0.000000,Source: gse62944,0.937037,0.822247,0.962487
HLA-DMA,0.000000,0.000000,Source: gse62944,0.937037,0.822247,0.962487
FEV,0.000000,0.000000,Source: gse62944,0.937037,0.822247,0.962487
MAN2C1,0.000000,0.000000,Source: gse62944,0.937037,0.822247,0.962487
CASP2,0.000000,0.000000,Source: gse62944,0.937037,0.822247,0.962487
C16orf95,0.000000,0.000000,Source: gse62944,0.937037,0.822247,0.962487
KRT14,0.000000,0.000000,Source: gse62944,0.937037,0.822247,0.962487
WWP1,0.000000,0.000000,Source: gse62944,0.937037,0.822247,0.962487
AOC3,0.000000,0.000000,Source: gse62944,0.937037,0.822247,0.962487
FAM110B,0.000000,0.000000,Source: gse62944,0.937037,0.822247,0.962487
COBL,0.000000,0.000000,Source: gse62944,0.937037,0.822247,0.962487
CATSPERB,0.000000,0.000000,Source: gse62944,0.937037,0.822247,0.962487
SOAT2,0.000000,0.000000,Source: gse62944,0.937037,0.822247,0.962487
UPF1,0.000000,0.000000,Source: gse62944,0.937037,0.822247,0.962487
RAX,0.000000,0.000000,Source: gse62944,0.937037,0.822247,0.962487
PRDM11,0.000000,0.000000,Source: gse62944,0.937037,0.822247,0.962487
SHOX2,0.000000,0.000000,Source: gse62944,0.937037,0.822247,0.962487
NINL,0.000000,0.000000,Source: gse62944,0.937037,0.822247,0.962487
CEPT1,0.000000,0.000000,Source: gse62944,0.937037,0.822247,0.962487
VDAC3,0.000000,0.000000,Source: gse62944,0.937037,0.822247,0.962487
CD1C,0.000000,0.000000,Source: gse62944,0.937037,0.822247,0.962487
BEST2,0.000000,0.000000,Source: gse62944,0.937037,0.822247,0.962487
SV2A,0.000000,0.000000,Source: gse62944,0.937037,0.822247,0.962487
LINC00574,0.000000,0.000000,Source: gse62944,0.937037,0.822247,0.962487
FERMT2,0.000000,0.000000,Source: gse62944,0.937037,0.822247,0.962487
VPS13C,0.000000,0.000000,Source: gse62944,0.937037,0.822247,0.962487
ELF3,0.000000,0.000000,Source: gse62944,0.937037,0.822247,0.962487
ZNF423,0.000000,0.000000,Source: gse62944,0.937037,0.822247,0.962487
DDX50,0.000000,0.000000,Source: gse62944,0.937037,0.822247,0.962487
STYK1,0.000000,0.000000,Source: gse62944,0.937037,0.822247,0.962487
UBE3B,0.000000,0.000000,Source: gse62944,0.937037,0.822247,0.962487
NPDC1,0.000000,0.000000,Source: gse62944,0.937037,0.822247,0.962487
ZBTB16,0.000000,0.000000,Source: gse62944,0.937037,0.822247,0.962487
TMEM53,0.000000,0.000000,Source: gse62944,0.937037,0.822247,0.962487
AGPAT2,0.000000,0.000000,Source: gse62944,0.937037,0.822247,0.962487
NXT1,0.000000,0.000000,Source: gse62944,0.937037,0.822247,0.962487
EIF3I,0.000000,0.000000,Source: gse62944,0.937037,0.822247,0.962487
DENND3,0.000000,0.000000,Source: gse62944,0.937037,0.822247,0.962487
DOLK,0.000000,0.000000,Source: gse62944,0.937037,0.822247,0.962487
KLHL20,0.000000,0.000000,Source: gse62944,0.937037,0.822247,0.962487
LPAR4,0.000000,0.000000,Source: gse62944,0.937037,0.822247,0.962487
OXSM,0.000000,0.000000,Source: gse62944,0.937037,0.822247,0.962487
MTMR3,0.000000,0.000000,Source: gse62944,0.937037,0.822247,0.962487
SLCO4A1,0.000000,0.000000,Source: gse62944,0.937037,0.822247,0.962487
ZNF34,0.000000,0.000000,Source: gse62944,0.937037,0.822247,0.962487
C6orf47,0.000000,0.000000,Source: gse62944,0.937037,0.822247,0.962487
CNIH4,0.000000,0.000000,Source: gse62944,0.937037,0.822247,0.962487
PRL,0.000000,0.000000,Source: gse62944,0.937037,0.822247,0.962487
PRPF3,0.000000,0.000000,Source: gse62944,0.937037,0.822247,0.962487
MTHFD2L,0.000000,0.000000,Source: gse62944,0.937037,0.822247,0.962487
USP6NL,0.000000,0.000000,Source: gse62944,0.937037,0.822247,0.962487
GGA1,0.000000,0.000000,Source: gse62944,0.937037,0.822247,0.962487
CLIP1,0.000000,0.000000,Source: gse62944,0.937037,0.822247,0.962487
NME3,0.000000,0.000000,Source: gse62944,0.937037,0.822247,0.962487
FLT1,0.000000,0.000000,Source: gse62944,0.937037,0.822247,0.962487
ZNF131,0.000000,0.000000,Source: gse62944,0.937037,0.822247,0.962487
BYSL,0.000000,0.000000,Source: gse62944,0.937037,0.822247,0.962487
CCDC87,0.000000,0.000000,Source: gse62944,0.937037,0.822247,0.962487
BCKDK,0.000000,0.000000,Source: gse62944,0.937037,0.822247,0.962487
MAP2K3,0.000000,0.000000,Source: gse62944,0.937037,0.822247,0.962487
ZNF701,0.000000,0.000000,Source: gse62944,0.937037,0.822247,0.962487
MRPS34,0.000000,0.000000,Source: gse62944,0.937037,0.822247,0.962487
FGA,0.000000,0.000000,Source: gse62944,0.937037,0.822247,0.962487
HK2,0.000000,0.000000,Source: gse62944,0.937037,0.822247,0.962487
NUP133,0.000000,0.000000,Source: gse62944,0.937037,0.822247,0.962487
RANBP9,0.000000,0.000000,Source: gse62944,0.937037,0.822247,0.962487
TSC22D2,0.000000,0.000000,Source: gse62944,0.937037,0.822247,0.962487
NOL3,0.000000,0.000000,Source: gse62944,0.937037,0.822247,0.962487
TNFSF15,0.000000,0.000000,Source: gse62944,0.937037,0.822247,0.962487
DENR,0.000000,0.000000,Source: gse62944,0.937037,0.822247,0.962487
LYN,0.000000,0.000000,Source: gse62944,0.937037,0.822247,0.962487
PBOV1,0.000000,0.000000,Source: gse62944,0.937037,0.822247,0.962487
UMPS,0.000000,0.000000,Source: gse62944,0.937037,0.822247,0.962487
QRSL1,0.000000,0.000000,Source: gse62944,0.937037,0.822247,0.962487
RGS3,0.000000,0.000000,Source: gse62944,0.937037,0.822247,0.962487
UTP18,0.000000,0.000000,Source: gse62944,0.937037,0.822247,0.962487
INSL4,0.000000,0.000000,Source: gse62944,0.937037,0.822247,0.962487
POLR2D,0.000000,0.000000,Source: gse62944,0.937037,0.822247,0.962487
CLDN15,0.000000,0.000000,Source: gse62944,0.937037,0.822247,0.962487
AREG,0.000000,0.000000,Source: gse62944,0.937037,0.822247,0.962487
GOLGA4,0.000000,0.000000,Source: gse62944,0.937037,0.822247,0.962487
SPOCK1,0.000000,0.000000,Source: gse62944,0.937037,0.822247,0.962487
VPS37B,0.000000,0.000000,Source: gse62944,0.937037,0.822247,0.962487
CWF19L1,0.000000,0.000000,Source: gse62944,0.937037,0.822247,0.962487
SPHK2,0.000000,0.000000,Source: gse62944,0.937037,0.822247,0.962487
SMR3B,0.000000,0.000000,Source: gse62944,0.937037,0.822247,0.962487
RPS6KA6,0.000000,0.000000,Source: gse62944,0.937037,0.822247,0.962487
RYR1,0.000000,0.000000,Source: gse62944,0.937037,0.822247,0.962487
KIF2A,0.000000,0.000000,Source: gse62944,0.937037,0.822247,0.962487
DKC1,0.000000,0.000000,Source: gse62944,0.937037,0.822247,0.962487
TNIP2,0.000000,0.000000,Source: gse62944,0.937037,0.822247,0.962487
IGSF1,0.000000,0.000000,Source: gse62944,0.937037,0.822247,0.962487
MDH2,0.000000,0.000000,Source: gse62944,0.937037,0.822247,0.962487
NUAK1,0.000000,0.000000,Source: gse62944,0.937037,0.822247,0.962487
NAGLU,0.000000,0.000000,Source: gse62944,0.937037,0.822247,0.962487
TRIM2,0.000000,0.000000,Source: gse62944,0.937037,0.822247,0.962487
SPARC,0.000000,0.000000,Source: gse62944,0.937037,0.822247,0.962487
CHD1L,0.000000,0.000000,Source: gse62944,0.937037,0.822247,0.962487
ADAM7,0.000000,0.000000,Source: gse62944,0.937037,0.822247,0.962487
PFKFB1,0.000000,0.000000,Source: gse62944,0.937037,0.822247,0.962487
MRPS17,0.000000,0.000000,Source: gse62944,0.937037,0.822247,0.962487
PGGT1B,0.000000,0.000000,Source: gse62944,0.937037,0.822247,0.962487
BRS3,0.000000,0.000000,Source: gse62944,0.937037,0.822247,0.962487
ACAT1,0.000000,0.000000,Source: gse62944,0.937037,0.822247,0.962487
BEGAIN,0.000000,0.000000,Source: gse62944,0.937037,0.822247,0.962487
PPP1R1A,0.000000,0.000000,Source: gse62944,0.937037,0.822247,0.962487
FFAR2,0.000000,0.000000,Source: gse62944,0.937037,0.822247,0.962487
UBE2D2,0.000000,0.000000,Source: gse62944,0.937037,0.822247,0.962487
AGAP2,0.000000,0.000000,Source: gse62944,0.937037,0.822247,0.962487
ARMCX4,0.000000,0.000000,Source: gse62944,0.937037,0.822247,0.962487
PLEK2,0.000000,0.000000,Source: gse62944,0.937037,0.822247,0.962487
ATG3,0.000000,0.000000,Source: gse62944,0.937037,0.822247,0.962487
ZNF562,0.000000,0.000000,Source: gse62944,0.937037,0.822247,0.962487
BLVRA,0.000000,0.000000,Source: gse62944,0.937037,0.822247,0.962487
STIM1,0.000000,0.000000,Source: gse62944,0.937037,0.822247,0.962487
PDIA5,0.000000,0.000000,Source: gse62944,0.937037,0.822247,0.962487
SLBP,0.000000,0.000000,Source: gse62944,0.937037,0.822247,0.962487
CTNNB1,0.000000,0.000000,Source: gse62944,0.937037,0.822247,0.962487
TNS3,0.000000,0.000000,Source: gse62944,0.937037,0.822247,0.962487
BCL2L13,0.000000,0.000000,Source: gse62944,0.937037,0.822247,0.962487
GSC2,0.000000,0.000000,Source: gse62944,0.937037,0.822247,0.962487
PARP3,0.000000,0.000000,Source: gse62944,0.937037,0.822247,0.962487
CDC7,0.000000,0.000000,Source: gse62944,0.937037,0.822247,0.962487
RXRB,0.000000,0.000000,Source: gse62944,0.937037,0.822247,0.962487
QKI,0.000000,0.000000,Source: gse62944,0.937037,0.822247,0.962487
NPAS1,0.000000,0.000000,Source: gse62944,0.937037,0.822247,0.962487
THNSL1,0.000000,0.000000,Source: gse62944,0.937037,0.822247,0.962487
CPM,0.000000,0.000000,Source: gse62944,0.937037,0.822247,0.962487
STRN4,0.000000,0.000000,Source: gse62944,0.937037,0.822247,0.962487
GPR85,0.000000,0.000000,Source: gse62944,0.937037,0.822247,0.962487
UBQLN2,0.000000,0.000000,Source: gse62944,0.937037,0.822247,0.962487
ZNF804A,0.000000,0.000000,Source: gse62944,0.937037,0.822247,0.962487
TAF7,0.000000,0.000000,Source: gse62944,0.937037,0.822247,0.962487
TOM1,0.000000,0.000000,Source: gse62944,0.937037,0.822247,0.962487
CDC45,0.000000,0.000000,Source: gse62944,0.937037,0.822247,0.962487
FST,0.000000,0.000000,Source: gse62944,0.937037,0.822247,0.962487
TSSK1B,0.000000,0.000000,Source: gse62944,0.937037,0.822247,0.962487
SMAD2,0.000000,0.000000,Source: gse62944,0.937037,0.822247,0.962487
TNFRSF13B,0.000000,0.000000,Source: gse62944,0.937037,0.822247,0.962487
STAT5B,0.000000,0.000000,Source: gse62944,0.937037,0.822247,0.962487
BTNL2,0.000000,0.000000,Source: gse62944,0.937037,0.822247,0.962487
TNNC2,0.000000,0.000000,Source: gse62944,0.937037,0.822247,0.962487
UQCRQ,0.000000,0.000000,Source: gse62944,0.937037,0.822247,0.962487
HDAC2,0.000000,0.000000,Source: gse62944,0.937037,0.822247,0.962487
MAP2K6,0.000000,0.000000,Source: gse62944,0.937037,0.822247,0.962487
LZTS1,0.000000,0.000000,Source: gse62944,0.937037,0.822247,0.962487
PPP1CB,0.000000,0.000000,Source: gse62944,0.937037,0.822247,0.962487
HS3ST1,0.000000,0.000000,Source: gse62944,0.937037,0.822247,0.962487
PRMT8,0.000000,0.000000,Source: gse62944,0.937037,0.822247,0.962487
CDH6,0.000000,0.000000,Source: gse62944,0.937037,0.822247,0.962487
ADAMTSL2,0.000000,0.000000,Source: gse62944,0.937037,0.822247,0.962487
HABP2,0.000000,0.000000,Source: gse62944,0.937037,0.822247,0.962487
PELO,0.000000,0.000000,Source: gse62944,0.937037,0.822247,0.962487
RRAD,0.000000,0.000000,Source: gse62944,0.937037,0.822247,0.962487
TRAM1,0.000000,0.000000,Source: gse62944,0.937037,0.822247,0.962487
ATAD2,0.000000,0.000000,Source: gse62944,0.937037,0.822247,0.962487
KCNH2,0.000000,0.000000,Source: gse62944,0.937037,0.822247,0.962487
RUNDC3A,0.000000,0.000000,Source: gse62944,0.937037,0.822247,0.962487
SPAM1,0.000000,0.000000,Source: gse62944,0.937037,0.822247,0.962487
RPL38,0.000000,0.000000,Source: gse62944,0.937037,0.822247,0.962487
SET,0.000000,0.000000,Source: gse62944,0.937037,0.822247,0.962487
HNF4A,0.000000,0.000000,Source: gse62944,0.937037,0.822247,0.962487
CPA3,0.000000,0.000000,Source: gse62944,0.937037,0.822247,0.962487
MSL1,0.000000,0.000000,Source: gse62944,0.937037,0.822247,0.962487
TRIM17,0.000000,0.000000,Source: gse62944,0.937037,0.822247,0.962487
MRPS11,0.000000,0.000000,Source: gse62944,0.937037,0.822247,0.962487
ATF5,0.000000,0.000000,Source: gse62944,0.937037,0.822247,0.962487
KIR2DL4,0.000000,0.000000,Source: gse62944,0.937037,0.822247,0.962487
SLC1A5,0.000000,0.000000,Source: gse62944,0.937037,0.822247,0.962487
ACADM,0.000000,0.000000,Source: gse62944,0.937037,0.822247,0.962487
NAA60,0.000000,0.000000,Source: gse62944,0.937037,0.822247,0.962487
CLEC1A,0.000000,0.000000,Source: gse62944,0.937037,0.822247,0.962487
ARHGDIG,0.000000,0.000000,Source: gse62944,0.937037,0.822247,0.962487
FCN2,0.000000,0.000000,Source: gse62944,0.937037,0.822247,0.962487
RIPK2,0.000000,0.000000,Source: gse62944,0.937037,0.822247,0.962487
PAX5,0.000000,0.000000,Source: gse62944,0.937037,0.822247,0.962487
ATXN2,0.000000,0.000000,Source: gse62944,0.937037,0.822247,0.962487
SIL1,0.000000,0.000000,Source: gse62944,0.937037,0.822247,0.962487
FLI1,0.000000,0.000000,Source: gse62944,0.937037,0.822247,0.962487
IL11RA,0.000000,0.000000,Source: gse62944,0.937037,0.822247,0.962487
ZNF586,0.000000,0.000000,Source: gse62944,0.937037,0.822247,0.962487
DUOX2,0.000000,0.000000,Source: gse62944,0.937037,0.822247,0.962487
FAS,0.000000,0.000000,Source: gse62944,0.937037,0.822247,0.962487
CDKN2B,0.000000,0.000000,Source: gse62944,0.937037,0.822247,0.962487
SLC9A6,0.000000,0.000000,Source: gse62944,0.937037,0.822247,0.962487
TFIP11,0.000000,0.000000,Source: gse62944,0.937037,0.822247,0.962487
LIPE,0.000000,0.000000,Source: gse62944,0.937037,0.822247,0.962487
GYPB,0.000000,0.000000,Source: gse62944,0.937037,0.822247,0.962487
FAM8A1,0.000000,0.000000,Source: gse62944,0.937037,0.822247,0.962487
SMAD4,0.000000,0.000000,Source: gse62944,0.937037,0.822247,0.962487
GCKR,0.000000,0.000000,Source: gse62944,0.937037,0.822247,0.962487
TXNDC15,0.000000,0.000000,Source: gse62944,0.937037,0.822247,0.962487
LDHB,0.000000,0.000000,Source: gse62944,0.937037,0.822247,0.962487
DENND4B,0.000000,0.000000,Source: gse62944,0.937037,0.822247,0.962487
C1GALT1,0.000000,0.000000,Source: gse62944,0.937037,0.822247,0.962487
LRRC47,0.000000,0.000000,Source: gse62944,0.937037,0.822247,0.962487
AMMECR1,0.000000,0.000000,Source: gse62944,0.937037,0.822247,0.962487
SLC2A1,0.000000,0.000000,Source: gse62944,0.937037,0.822247,0.962487
ATAD2B,0.000000,0.000000,Source: gse62944,0.937037,0.822247,0.962487
DYSF,0.000000,0.000000,Source: gse62944,0.937037,0.822247,0.962487
HUWE1,0.000000,0.000000,Source: gse62944,0.937037,0.822247,0.962487
PYCR1,0.000000,0.000000,Source: gse62944,0.937037,0.822247,0.962487
CEACAM8,0.000000,0.000000,Source: gse62944,0.937037,0.822247,0.962487
TNKS2,0.000000,0.000000,Source: gse62944,0.937037,0.822247,0.962487
NPAS3,0.000000,0.000000,Source: gse62944,0.937037,0.822247,0.962487
CCP110,0.000000,0.000000,Source: gse62944,0.937037,0.822247,0.962487
FBXO28,0.000000,0.000000,Source: gse62944,0.937037,0.822247,0.962487
ALG6,0.000000,0.000000,Source: gse62944,0.937037,0.822247,0.962487
ZBTB32,0.000000,0.000000,Source: gse62944,0.937037,0.822247,0.962487
COX7B,0.000000,0.000000,Source: gse62944,0.937037,0.822247,0.962487
AIMP1,0.000000,0.000000,Source: gse62944,0.937037,0.822247,0.962487
C1orf116,0.000000,0.000000,Source: gse62944,0.937037,0.822247,0.962487
ENGASE,0.000000,0.000000,Source: gse62944,0.937037,0.822247,0.962487
BARX2,0.000000,0.000000,Source: gse62944,0.937037,0.822247,0.962487
VILL,0.000000,0.000000,Source: gse62944,0.937037,0.822247,0.962487
MFSD1,0.000000,0.000000,Source: gse62944,0.937037,0.822247,0.962487
DDX10,0.000000,0.000000,Source: gse62944,0.937037,0.822247,0.962487
EDNRB,0.000000,0.000000,Source: gse62944,0.937037,0.822247,0.962487
ELAVL4,0.000000,0.000000,Source: gse62944,0.937037,0.822247,0.962487
LAX1,0.000000,0.000000,Source: gse62944,0.937037,0.822247,0.962487
ZNF155,0.000000,0.000000,Source: gse62944,0.937037,0.822247,0.962487
BCL10,0.000000,0.000000,Source: gse62944,0.937037,0.822247,0.962487
TAF11,0.000000,0.000000,Source: gse62944,0.937037,0.822247,0.962487
WDR4,0.000000,0.000000,Source: gse62944,0.937037,0.822247,0.962487
PEAK1,0.000000,0.000000,Source: gse62944,0.937037,0.822247,0.962487
HTR1A,0.000000,0.000000,Source: gse62944,0.937037,0.822247,0.962487
CHUK,0.000000,0.000000,Source: gse62944,0.937037,0.822247,0.962487
NCOA4,0.000000,0.000000,Source: gse62944,0.937037,0.822247,0.962487
PCBP2,0.000000,0.000000,Source: gse62944,0.937037,0.822247,0.962487
IRX5,0.000000,0.000000,Source: gse62944,0.937037,0.822247,0.962487
LRRTM4,0.000000,0.000000,Source: gse62944,0.937037,0.822247,0.962487
ARL1,0.000000,0.000000,Source: gse62944,0.937037,0.822247,0.962487
STX2,0.000000,0.000000,Source: gse62944,0.937037,0.822247,0.962487
ZNF500,0.000000,0.000000,Source: gse62944,0.937037,0.822247,0.962487
ELMO3,0.000000,0.000000,Source: gse62944,0.937037,0.822247,0.962487
XRCC2,0.000000,0.000000,Source: gse62944,0.937037,0.822247,0.962487
CABP5,0.000000,0.000000,Source: gse62944,0.937037,0.822247,0.962487
MCTS1,0.000000,0.000000,Source: gse62944,0.937037,0.822247,0.962487
EPN3,0.000000,0.000000,Source: gse62944,0.937037,0.822247,0.962487
SYNGR1,0.000000,0.000000,Source: gse62944,0.937037,0.822247,0.962487
GAD2,0.000000,0.000000,Source: gse62944,0.937037,0.822247,0.962487
ARHGDIB,0.000000,0.000000,Source: gse62944,0.937037,0.822247,0.962487
CALML4,0.000000,0.000000,Source: gse62944,0.937037,0.822247,0.962487
NTM,0.000000,0.000000,Source: gse62944,0.937037,0.822247,0.962487
BNIP3,0.000000,0.000000,Source: gse62944,0.937037,0.822247,0.962487
SERPINB2,0.000000,0.000000,Source: gse62944,0.937037,0.822247,0.962487
SPTBN1,0.000000,0.000000,Source: gse62944,0.937037,0.822247,0.962487
CHAC1,0.000000,0.000000,Source: gse62944,0.937037,0.822247,0.962487
CDH20,0.000000,0.000000,Source: gse62944,0.937037,0.822247,0.962487
CNOT7,0.000000,0.000000,Source: gse62944,0.937037,0.822247,0.962487
TGIF2,0.000000,0.000000,Source: gse62944,0.937037,0.822247,0.962487
BCLAF1,0.000000,0.000000,Source: gse62944,0.937037,0.822247,0.962487
MED7,0.000000,0.000000,Source: gse62944,0.937037,0.822247,0.962487
TOMM20,0.000000,0.000000,Source: gse62944,0.937037,0.822247,0.962487
LRRN2,0.000000,0.000000,Source: gse62944,0.937037,0.822247,0.962487
GSTM4,0.000000,0.000000,Source: gse62944,0.937037,0.822247,0.962487
PIAS3,0.000000,0.000000,Source: gse62944,0.937037,0.822247,0.962487
TOLLIP,0.000000,0.000000,Source: gse62944,0.937037,0.822247,0.962487
GABRB3,0.000000,0.000000,Source: gse62944,0.937037,0.822247,0.962487
TAB1,0.000000,0.000000,Source: gse62944,0.937037,0.822247,0.962487
DNAJC12,0.000000,0.000000,Source: gse62944,0.937037,0.822247,0.962487
LAMA2,0.000000,0.000000,Source: gse62944,0.937037,0.822247,0.962487
IFNA5,0.000000,0.000000,Source: gse62944,0.937037,0.822247,0.962487
SLC22A13,0.000000,0.000000,Source: gse62944,0.937037,0.822247,0.962487
AKR1D1,0.000000,0.000000,Source: gse62944,0.937037,0.822247,0.962487
KRT85,0.000000,0.000000,Source: gse62944,0.937037,0.822247,0.962487
TBX6,0.000000,0.000000,Source: gse62944,0.937037,0.822247,0.962487
SLC8A1,0.000000,0.000000,Source: gse62944,0.937037,0.822247,0.962487
IFT27,0.000000,0.000000,Source: gse62944,0.937037,0.822247,0.962487
ATF7,0.000000,0.000000,Source: gse62944,0.937037,0.822247,0.962487
SPECC1L,0.000000,0.000000,Source: gse62944,0.937037,0.822247,0.962487
DAO,0.000000,0.000000,Source: gse62944,0.937037,0.822247,0.962487
FASLG,0.000000,0.000000,Source: gse62944,0.937037,0.822247,0.962487
SCAF8,0.000000,0.000000,Source: gse62944,0.937037,0.822247,0.962487
CD81,0.000000,0.000000,Source: gse62944,0.937037,0.822247,0.962487
HDAC7,0.000000,0.000000,Source: gse62944,0.937037,0.822247,0.962487
IFT46,0.000000,0.000000,Source: gse62944,0.937037,0.822247,0.962487
RSRC2,0.000000,0.000000,Source: gse62944,0.937037,0.822247,0.962487
TMEM208,0.000000,0.000000,Source: gse62944,0.937037,0.822247,0.962487
KIF14,0.000000,0.000000,Source: gse62944,0.937037,0.822247,0.962487
IBSP,0.000000,0.000000,Source: gse62944,0.937037,0.822247,0.962487
SLC25A16,0.000000,0.000000,Source: gse62944,0.937037,0.822247,0.962487
USP12,0.000000,0.000000,Source: gse62944,0.937037,0.822247,0.962487
ANAPC5,0.000000,0.000000,Source: gse62944,0.937037,0.822247,0.962487
HEYL,0.000000,0.000000,Source: gse62944,0.937037,0.822247,0.962487
KRTAP5-9,0.000000,0.000000,Source: gse62944,0.937037,0.822247,0.962487
EREG,0.000000,0.000000,Source: gse62944,0.937037,0.822247,0.962487
UPP1,0.000000,0.000000,Source: gse62944,0.937037,0.822247,0.962487
AVEN,0.000000,0.000000,Source: gse62944,0.937037,0.822247,0.962487
INPPL1,0.000000,0.000000,Source: gse62944,0.937037,0.822247,0.962487
CAMK1,0.000000,0.000000,Source: gse62944,0.937037,0.822247,0.962487
ANAPC2,0.000000,0.000000,Source: gse62944,0.937037,0.822247,0.962487
SMC1A,0.000000,0.000000,Source: gse62944,0.937037,0.822247,0.962487
THOC6,0.000000,0.000000,Source: gse62944,0.937037,0.822247,0.962487
CHRNA3,0.000000,0.000000,Source: gse62944,0.937037,0.822247,0.962487
PACSIN3,0.000000,0.000000,Source: gse62944,0.937037,0.822247,0.962487
ABCA6,0.000000,0.000000,Source: gse62944,0.937037,0.822247,0.962487
COPS5,0.000000,0.000000,Source: gse62944,0.937037,0.822247,0.962487
CTDNEP1,0.000000,0.000000,Source: gse62944,0.937037,0.822247,0.962487
GPX4,0.000000,0.000000,Source: gse62944,0.937037,0.822247,0.962487
ERGIC2,0.000000,0.000000,Source: gse62944,0.937037,0.822247,0.962487
STARD5,0.000000,0.000000,Source: gse62944,0.937037,0.822247,0.962487
TIMM22,0.000000,0.000000,Source: gse62944,0.937037,0.822247,0.962487
HTR1F,0.000000,0.000000,Source: gse62944,0.937037,0.822247,0.962487
SORBS1,0.000000,0.000000,Source: gse62944,0.937037,0.822247,0.962487
NDUFA2,0.000000,0.000000,Source: gse62944,0.937037,0.822247,0.962487
CCT6B,0.000000,0.000000,Source: gse62944,0.937037,0.822247,0.962487
CATSPERG,0.000000,0.000000,Source: gse62944,0.937037,0.822247,0.962487
FRMPD1,0.000000,0.000000,Source: gse62944,0.937037,0.822247,0.962487
ITPR1,0.000000,0.000000,Source: gse62944,0.937037,0.822247,0.962487
ALX3,0.000000,0.000000,Source: gse62944,0.937037,0.822247,0.962487
RMI1,0.000000,0.000000,Source: gse62944,0.937037,0.822247,0.962487
SULT1A2,0.000000,0.000000,Source: gse62944,0.937037,0.822247,0.962487
AFP,0.000000,0.000000,Source: gse62944,0.937037,0.822247,0.962487
DTL,0.000000,0.000000,Source: gse62944,0.937037,0.822247,0.962487
TBCB,0.000000,0.000000,Source: gse62944,0.937037,0.822247,0.962487
SGCB,0.000000,0.000000,Source: gse62944,0.937037,0.822247,0.962487
CTRL,0.000000,0.000000,Source: gse62944,0.937037,0.822247,0.962487
CAPN2,0.000000,0.000000,Source: gse62944,0.937037,0.822247,0.962487
EPOR,0.000000,0.000000,Source: gse62944,0.937037,0.822247,0.962487
CASC3,0.000000,0.000000,Source: gse62944,0.937037,0.822247,0.962487
NUP62CL,0.000000,0.000000,Source: gse62944,0.937037,0.822247,0.962487
REG1B,0.000000,0.000000,Source: gse62944,0.937037,0.822247,0.962487
HMG20B,0.000000,0.000000,Source: gse62944,0.937037,0.822247,0.962487
PCGF3,0.000000,0.000000,Source: gse62944,0.937037,0.822247,0.962487
ZNF343,0.000000,0.000000,Source: gse62944,0.937037,0.822247,0.962487
MTMR1,0.000000,0.000000,Source: gse62944,0.937037,0.822247,0.962487
R3HDM4,0.000000,0.000000,Source: gse62944,0.937037,0.822247,0.962487
GLYAT,0.000000,0.000000,Source: gse62944,0.937037,0.822247,0.962487
GRWD1,0.000000,0.000000,Source: gse62944,0.937037,0.822247,0.962487
ZXDB,0.000000,0.000000,Source: gse62944,0.937037,0.822247,0.962487
RPS6KA1,0.000000,0.000000,Source: gse62944,0.937037,0.822247,0.962487
ZNF257,0.000000,0.000000,Source: gse62944,0.937037,0.822247,0.962487
PRLR,0.000000,0.000000,Source: gse62944,0.937037,0.822247,0.962487
PTPN14,0.000000,0.000000,Source: gse62944,0.937037,0.822247,0.962487
SLC7A11,0.000000,0.000000,Source: gse62944,0.937037,0.822247,0.962487
YIPF5,0.000000,0.000000,Source: gse62944,0.937037,0.822247,0.962487
INTS12,0.000000,0.000000,Source: gse62944,0.937037,0.822247,0.962487
HIGD1A,0.000000,0.000000,Source: gse62944,0.937037,0.822247,0.962487
NDUFB3,0.000000,0.000000,Source: gse62944,0.937037,0.822247,0.962487
MAPK10,0.000000,0.000000,Source: gse62944,0.937037,0.822247,0.962487
AZU1,0.000000,0.000000,Source: gse62944,0.937037,0.822247,0.962487
CHD1,0.000000,0.000000,Source: gse62944,0.937037,0.822247,0.962487
GMEB1,0.000000,0.000000,Source: gse62944,0.937037,0.822247,0.962487
ZNF107,0.000000,0.000000,Source: gse62944,0.937037,0.822247,0.962487
AOC2,0.000000,0.000000,Source: gse62944,0.937037,0.822247,0.962487
HNRNPUL2,0.000000,0.000000,Source: gse62944,0.937037,0.822247,0.962487
ALDH2,0.000000,0.000000,Source: gse62944,0.937037,0.822247,0.962487
VLDLR,0.000000,0.000000,Source: gse62944,0.937037,0.822247,0.962487
MEIS2,0.000000,0.000000,Source: gse62944,0.937037,0.822247,0.962487
OTUB1,0.000000,0.000000,Source: gse62944,0.937037,0.822247,0.962487
CD8A,0.000000,0.000000,Source: gse62944,0.937037,0.822247,0.962487
AKR1B1,0.000000,0.000000,Source: gse62944,0.937037,0.822247,0.962487
AIP,0.000000,0.000000,Source: gse62944,0.937037,0.822247,0.962487
FGD1,0.000000,0.000000,Source: gse62944,0.937037,0.822247,0.962487
GNL3,0.000000,0.000000,Source: gse62944,0.937037,0.822247,0.962487
SNRNP200,0.000000,0.000000,Source: gse62944,0.937037,0.822247,0.962487
IL23A,0.000000,0.000000,Source: gse62944,0.937037,0.822247,0.962487
CSNK1G1,0.000000,0.000000,Source: gse62944,0.937037,0.822247,0.962487
DUSP1,0.000000,0.000000,Source: gse62944,0.937037,0.822247,0.962487
SYNE2,0.000000,0.000000,Source: gse62944,0.937037,0.822247,0.962487
AMIGO2,0.000000,0.000000,Source: gse62944,0.937037,0.822247,0.962487
RPAP2,0.000000,0.000000,Source: gse62944,0.937037,0.822247,0.962487
ATRNL1,0.000000,0.000000,Source: gse62944,0.937037,0.822247,0.962487
CBLB,0.000000,0.000000,Source: gse62944,0.937037,0.822247,0.962487
USP7,0.000000,0.000000,Source: gse62944,0.937037,0.822247,0.962487
SSR1,0.000000,0.000000,Source: gse62944,0.937037,0.822247,0.962487
SLC20A1,0.000000,0.000000,Source: gse62944,0.937037,0.822247,0.962487
PIR,0.000000,0.000000,Source: gse62944,0.937037,0.822247,0.962487
GPR15,0.000000,0.000000,Source: gse62944,0.937037,0.822247,0.962487
TUBB,0.000000,0.000000,Source: gse62944,0.937037,0.822247,0.962487
ZBED4,0.000000,0.000000,Source: gse62944,0.937037,0.822247,0.962487
MED23,0.000000,0.000000,Source: gse62944,0.937037,0.822247,0.962487
MAPRE1,0.000000,0.000000,Source: gse62944,0.937037,0.822247,0.962487
MMP17,0.000000,0.000000,Source: gse62944,0.937037,0.822247,0.962487
GGCT,0.000000,0.000000,Source: gse62944,0.937037,0.822247,0.962487
CHAF1A,0.000000,0.000000,Source: gse62944,0.937037,0.822247,0.962487
RPS19,0.000000,0.000000,Source: gse62944,0.937037,0.822247,0.962487
ATP1B3,0.000000,0.000000,Source: gse62944,0.937037,0.822247,0.962487
APOBEC3G,0.000000,0.000000,Source: gse62944,0.937037,0.822247,0.962487
FIG4,0.000000,0.000000,Source: gse62944,0.937037,0.822247,0.962487
LINC00339,0.000000,0.000000,Source: gse62944,0.937037,0.822247,0.962487
PLA2G2D,0.000000,0.000000,Source: gse62944,0.937037,0.822247,0.962487
ANKMY2,0.000000,0.000000,Source: gse62944,0.937037,0.822247,0.962487
PKIG,0.000000,0.000000,Source: gse62944,0.937037,0.822247,0.962487
RFK,0.000000,0.000000,Source: gse62944,0.937037,0.822247,0.962487
WNT10B,0.000000,0.000000,Source: gse62944,0.937037,0.822247,0.962487
CCND2,0.000000,0.000000,Source: gse62944,0.937037,0.822247,0.962487
SYNJ2,0.000000,0.000000,Source: gse62944,0.937037,0.822247,0.962487
PTER,0.000000,0.000000,Source: gse62944,0.937037,0.822247,0.962487
CXCL5,0.000000,0.000000,Source: gse62944,0.937037,0.822247,0.962487
ZNF148,0.000000,0.000000,Source: gse62944,0.937037,0.822247,0.962487
OR3A1,0.000000,0.000000,Source: gse62944,0.937037,0.822247,0.962487
AASDHPPT,0.000000,0.000000,Source: gse62944,0.937037,0.822247,0.962487
DAGLA,0.000000,0.000000,Source: gse62944,0.937037,0.822247,0.962487
BLOC1S1,0.000000,0.000000,Source: gse62944,0.937037,0.822247,0.962487
KIF5A,0.000000,0.000000,Source: gse62944,0.937037,0.822247,0.962487
PHLDA1,0.000000,0.000000,Source: gse62944,0.937037,0.822247,0.962487
MAPK11,0.000000,0.000000,Source: gse62944,0.937037,0.822247,0.962487
UBXN2B,0.000000,0.000000,Source: gse62944,0.937037,0.822247,0.962487
NR4A2,0.000000,0.000000,Source: gse62944,0.937037,0.822247,0.962487
LAPTM4A,0.000000,0.000000,Source: gse62944,0.937037,0.822247,0.962487
ITPA,0.000000,0.000000,Source: gse62944,0.937037,0.822247,0.962487
AAMP,0.000000,0.000000,Source: gse62944,0.937037,0.822247,0.962487
PRKDC,0.000000,0.000000,Source: gse62944,0.937037,0.822247,0.962487
ADAMDEC1,0.000000,0.000000,Source: gse62944,0.937037,0.822247,0.962487
CHRM3,0.000000,0.000000,Source: gse62944,0.937037,0.822247,0.962487
DDX25,0.000000,0.000000,Source: gse62944,0.937037,0.822247,0.962487
TCEAL1,0.000000,0.000000,Source: gse62944,0.937037,0.822247,0.962487
DERL1,0.000000,0.000000,Source: gse62944,0.937037,0.822247,0.962487
CD300A,0.000000,0.000000,Source: gse62944,0.937037,0.822247,0.962487
BHLHE40,0.000000,0.000000,Source: gse62944,0.937037,0.822247,0.962487
U2AF2,0.000000,0.000000,Source: gse62944,0.937037,0.822247,0.962487
SFXN3,0.000000,0.000000,Source: gse62944,0.937037,0.822247,0.962487
NTS,0.000000,0.000000,Source: gse62944,0.937037,0.822247,0.962487
GLRA1,0.000000,0.000000,Source: gse62944,0.937037,0.822247,0.962487
PPP2R2D,0.000000,0.000000,Source: gse62944,0.937037,0.822247,0.962487
KPNA1,0.000000,0.000000,Source: gse62944,0.937037,0.822247,0.962487
KMO,0.000000,0.000000,Source: gse62944,0.937037,0.822247,0.962487
ZFHX4,0.000000,0.000000,Source: gse62944,0.937037,0.822247,0.962487
NTF3,0.000000,0.000000,Source: gse62944,0.937037,0.822247,0.962487
FLNC,0.000000,0.000000,Source: gse62944,0.937037,0.822247,0.962487
LRRC59,0.000000,0.000000,Source: gse62944,0.937037,0.822247,0.962487
C2orf68,0.000000,0.000000,Source: gse62944,0.937037,0.822247,0.962487
ME3,0.000000,0.000000,Source: gse62944,0.937037,0.822247,0.962487
SSH1,0.000000,0.000000,Source: gse62944,0.937037,0.822247,0.962487
PHOX2A,0.000000,0.000000,Source: gse62944,0.937037,0.822247,0.962487
GTF2A1,0.000000,0.000000,Source: gse62944,0.937037,0.822247,0.962487
HOXA5,0.000000,0.000000,Source: gse62944,0.937037,0.822247,0.962487
CCRL2,0.000000,0.000000,Source: gse62944,0.937037,0.822247,0.962487
TFCP2,0.000000,0.000000,Source: gse62944,0.937037,0.822247,0.962487
FRMPD4,0.000000,0.000000,Source: gse62944,0.937037,0.822247,0.962487
OR1E1,0.000000,0.000000,Source: gse62944,0.937037,0.822247,0.962487
BOLA1,0.000000,0.000000,Source: gse62944,0.937037,0.822247,0.962487
C1orf159,0.000000,0.000000,Source: gse62944,0.937037,0.822247,0.962487
LDB2,0.000000,0.000000,Source: gse62944,0.937037,0.822247,0.962487
CA8,0.000000,0.000000,Source: gse62944,0.937037,0.822247,0.962487
PLOD2,0.000000,0.000000,Source: gse62944,0.937037,0.822247,0.962487
PTK7,0.000000,0.000000,Source: gse62944,0.937037,0.822247,0.962487
NEUROG2,0.000000,0.000000,Source: gse62944,0.937037,0.822247,0.962487
GPC1,0.000000,0.000000,Source: gse62944,0.937037,0.822247,0.962487
TPM4,0.000000,0.000000,Source: gse62944,0.937037,0.822247,0.962487
GTF2E1,0.000000,0.000000,Source: gse62944,0.937037,0.822247,0.962487
KCNA10,0.000000,0.000000,Source: gse62944,0.937037,0.822247,0.962487
VASH2,0.000000,0.000000,Source: gse62944,0.937037,0.822247,0.962487
NFE2L2,0.000000,0.000000,Source: gse62944,0.937037,0.822247,0.962487
KRT10,0.000000,0.000000,Source: gse62944,0.937037,0.822247,0.962487
CNOT1,0.000000,0.000000,Source: gse62944,0.937037,0.822247,0.962487
HSPBAP1,0.000000,0.000000,Source: gse62944,0.937037,0.822247,0.962487
EXPH5,0.000000,0.000000,Source: gse62944,0.937037,0.822247,0.962487
DEPDC5,0.000000,0.000000,Source: gse62944,0.937037,0.822247,0.962487
ITIH1,0.000000,0.000000,Source: gse62944,0.937037,0.822247,0.962487
MMP15,0.000000,0.000000,Source: gse62944,0.937037,0.822247,0.962487
VAMP7,0.000000,0.000000,Source: gse62944,0.937037,0.822247,0.962487
VPS33A,0.000000,0.000000,Source: gse62944,0.937037,0.822247,0.962487
CHD7,0.000000,0.000000,Source: gse62944,0.937037,0.822247,0.962487
SOX1,0.000000,0.000000,Source: gse62944,0.937037,0.822247,0.962487
CEBPG,0.000000,0.000000,Source: gse62944,0.937037,0.822247,0.962487
SPRY1,0.000000,0.000000,Source: gse62944,0.937037,0.822247,0.962487
TMCO1,0.000000,0.000000,Source: gse62944,0.937037,0.822247,0.962487
PTGIS,0.000000,0.000000,Source: gse62944,0.937037,0.822247,0.962487
TTC13,0.000000,0.000000,Source: gse62944,0.937037,0.822247,0.962487
SEL1L,0.000000,0.000000,Source: gse62944,0.937037,0.822247,0.962487
IL1B,0.000000,0.000000,Source: gse62944,0.937037,0.822247,0.962487
TPTE,0.000000,0.000000,Source: gse62944,0.937037,0.822247,0.962487
CD14,0.000000,0.000000,Source: gse62944,0.937037,0.822247,0.962487
TRAPPC8,0.000000,0.000000,Source: gse62944,0.937037,0.822247,0.962487
ETS1,0.000000,0.000000,Source: gse62944,0.937037,0.822247,0.962487
DNAJC11,0.000000,0.000000,Source: gse62944,0.937037,0.822247,0.962487
RGS7,0.000000,0.000000,Source: gse62944,0.937037,0.822247,0.962487
PSKH1,0.000000,0.000000,Source: gse62944,0.937037,0.822247,0.962487
APOA1,0.000000,0.000000,Source: gse62944,0.937037,0.822247,0.962487
EXO1,0.000000,0.000000,Source: gse62944,0.937037,0.822247,0.962487
EEF1E1,0.000000,0.000000,Source: gse62944,0.937037,0.822247,0.962487
CDH8,0.000000,0.000000,Source: gse62944,0.937037,0.822247,0.962487
PDE6D,0.000000,0.000000,Source: gse62944,0.937037,0.822247,0.962487
PIK3C2G,0.000000,0.000000,Source: gse62944,0.937037,0.822247,0.962487
RER1,0.000000,0.000000,Source: gse62944,0.937037,0.822247,0.962487
RAB27B,0.000000,0.000000,Source: gse62944,0.937037,0.822247,0.962487
HAO2,0.000000,0.000000,Source: gse62944,0.937037,0.822247,0.962487
FN3KRP,0.000000,0.000000,Source: gse62944,0.937037,0.822247,0.962487
GPR132,0.000000,0.000000,Source: gse62944,0.937037,0.822247,0.962487
CHRNG,0.000000,0.000000,Source: gse62944,0.937037,0.822247,0.962487
SULT1C2,0.000000,0.000000,Source: gse62944,0.937037,0.822247,0.962487
TRAPPC2L,0.000000,0.000000,Source: gse62944,0.937037,0.822247,0.962487
STAT1,0.000000,0.000000,Source: gse62944,0.937037,0.822247,0.962487
IMPDH1,0.000000,0.000000,Source: gse62944,0.937037,0.822247,0.962487
POLD2,0.000000,0.000000,Source: gse62944,0.937037,0.822247,0.962487
MAP2,0.000000,0.000000,Source: gse62944,0.937037,0.822247,0.962487
NAA50,0.000000,0.000000,Source: gse62944,0.937037,0.822247,0.962487
AEN,0.000000,0.000000,Source: gse62944,0.937037,0.822247,0.962487
GAS2,0.000000,0.000000,Source: gse62944,0.937037,0.822247,0.962487
SLIRP,0.000000,0.000000,Source: gse62944,0.937037,0.822247,0.962487
BLM,0.000000,0.000000,Source: gse62944,0.937037,0.822247,0.962487
TBXAS1,0.000000,0.000000,Source: gse62944,0.937037,0.822247,0.962487
TRAF3IP2,0.000000,0.000000,Source: gse62944,0.937037,0.822247,0.962487
GPN1,0.000000,0.000000,Source: gse62944,0.937037,0.822247,0.962487
NCAM1,0.000000,0.000000,Source: gse62944,0.937037,0.822247,0.962487
LEF1,0.000000,0.000000,Source: gse62944,0.937037,0.822247,0.962487
ZNF232,0.000000,0.000000,Source: gse62944,0.937037,0.822247,0.962487
GLT8D1,0.000000,0.000000,Source: gse62944,0.937037,0.822247,0.962487
PRSS53,0.000000,0.000000,Source: gse62944,0.937037,0.822247,0.962487
OVOL2,0.000000,0.000000,Source: gse62944,0.937037,0.822247,0.962487
CTF1,0.000000,0.000000,Source: gse62944,0.937037,0.822247,0.962487
ECHS1,0.000000,0.000000,Source: gse62944,0.937037,0.822247,0.962487
MGAT4C,0.000000,0.000000,Source: gse62944,0.937037,0.822247,0.962487
RAPGEF6,0.000000,0.000000,Source: gse62944,0.937037,0.822247,0.962487
MS4A2,0.000000,0.000000,Source: gse62944,0.937037,0.822247,0.962487
TUG1,0.000000,0.000000,Source: gse62944,0.937037,0.822247,0.962487
VSNL1,0.000000,0.000000,Source: gse62944,0.937037,0.822247,0.962487
APOC1,0.000000,0.000000,Source: gse62944,0.937037,0.822247,0.962487
RASAL1,0.000000,0.000000,Source: gse62944,0.937037,0.822247,0.962487
POLD3,0.000000,0.000000,Source: gse62944,0.937037,0.822247,0.962487
CACNA1B,0.000000,0.000000,Source: gse62944,0.937037,0.822247,0.962487
MYO7A,0.000000,0.000000,Source: gse62944,0.937037,0.822247,0.962487
PHLPP2,0.000000,0.000000,Source: gse62944,0.937037,0.822247,0.962487
FANCE,0.000000,0.000000,Source: gse62944,0.937037,0.822247,0.962487
ZNF204P,0.000000,0.000000,Source: gse62944,0.937037,0.822247,0.962487
NT5M,0.000000,0.000000,Source: gse62944,0.937037,0.822247,0.962487
PDXDC1,0.000000,0.000000,Source: gse62944,0.937037,0.822247,0.962487
MRPL13,0.000000,0.000000,Source: gse62944,0.937037,0.822247,0.962487
PPP3R1,0.000000,0.000000,Source: gse62944,0.937037,0.822247,0.962487
RAD17,0.000000,0.000000,Source: gse62944,0.937037,0.822247,0.962487
UBE2W,0.000000,0.000000,Source: gse62944,0.937037,0.822247,0.962487
NDUFB2,0.000000,0.000000,Source: gse62944,0.937037,0.822247,0.962487
EPB41L3,0.000000,0.000000,Source: gse62944,0.937037,0.822247,0.962487
HOOK2,0.000000,0.000000,Source: gse62944,0.937037,0.822247,0.962487
CA11,0.000000,0.000000,Source: gse62944,0.937037,0.822247,0.962487
HNRNPA3P1,0.000000,0.000000,Source: gse62944,0.937037,0.822247,0.962487
NRIP1,0.000000,0.000000,Source: gse62944,0.937037,0.822247,0.962487
GRM8,0.000000,0.000000,Source: gse62944,0.937037,0.822247,0.962487
IL2RB,0.000000,0.000000,Source: gse62944,0.937037,0.822247,0.962487
PPAT,0.000000,0.000000,Source: gse62944,0.937037,0.822247,0.962487
PPP1R13B,0.000000,0.000000,Source: gse62944,0.937037,0.822247,0.962487
ZNF444,0.000000,0.000000,Source: gse62944,0.937037,0.822247,0.962487
SAG,0.000000,0.000000,Source: gse62944,0.937037,0.822247,0.962487
CCNE2,0.000000,0.000000,Source: gse62944,0.937037,0.822247,0.962487
TAP2,0.000000,0.000000,Source: gse62944,0.937037,0.822247,0.962487
CHMP1A,0.000000,0.000000,Source: gse62944,0.937037,0.822247,0.962487
KCTD2,0.000000,0.000000,Source: gse62944,0.937037,0.822247,0.962487
PSMC3IP,0.000000,0.000000,Source: gse62944,0.937037,0.822247,0.962487
MRPL20,0.000000,0.000000,Source: gse62944,0.937037,0.822247,0.962487
MYL6B,0.000000,0.000000,Source: gse62944,0.937037,0.822247,0.962487
GRM1,0.000000,0.000000,Source: gse62944,0.937037,0.822247,0.962487
AASS,0.000000,0.000000,Source: gse62944,0.937037,0.822247,0.962487
SLC37A4,0.000000,0.000000,Source: gse62944,0.937037,0.822247,0.962487
AHCY,0.000000,0.000000,Source: gse62944,0.937037,0.822247,0.962487
RBM6,0.000000,0.000000,Source: gse62944,0.937037,0.822247,0.962487
HMOX2,0.000000,0.000000,Source: gse62944,0.937037,0.822247,0.962487
RPL37A,0.000000,0.000000,Source: gse62944,0.937037,0.822247,0.962487
TBC1D19,0.000000,0.000000,Source: gse62944,0.937037,0.822247,0.962487
TNRC6B,0.000000,0.000000,Source: gse62944,0.937037,0.822247,0.962487
CCNT1,0.000000,0.000000,Source: gse62944,0.937037,0.822247,0.962487
MRPL28,0.000000,0.000000,Source: gse62944,0.937037,0.822247,0.962487
PTP4A1,0.000000,0.000000,Source: gse62944,0.937037,0.822247,0.962487
NAGA,0.000000,0.000000,Source: gse62944,0.937037,0.822247,0.962487
CCDC28B,0.000000,0.000000,Source: gse62944,0.937037,0.822247,0.962487
DDAH2,0.000000,0.000000,Source: gse62944,0.937037,0.822247,0.962487
DLG4,0.000000,0.000000,Source: gse62944,0.937037,0.822247,0.962487
NOP10,0.000000,0.000000,Source: gse62944,0.937037,0.822247,0.962487
MTHFD2,0.000000,0.000000,Source: gse62944,0.937037,0.822247,0.962487
API5,0.000000,0.000000,Source: gse62944,0.937037,0.822247,0.962487
UNC45A,0.000000,0.000000,Source: gse62944,0.937037,0.822247,0.962487
WDR73,0.000000,0.000000,Source: gse62944,0.937037,0.822247,0.962487
ACSS3,0.000000,0.000000,Source: gse62944,0.937037,0.822247,0.962487
HRAS,0.000000,0.000000,Source: gse62944,0.937037,0.822247,0.962487
YARS2,0.000000,0.000000,Source: gse62944,0.937037,0.822247,0.962487
USP48,0.000000,0.000000,Source: gse62944,0.937037,0.822247,0.962487
CCDC15,0.000000,0.000000,Source: gse62944,0.937037,0.822247,0.962487
AVPR2,0.000000,0.000000,Source: gse62944,0.937037,0.822247,0.962487
PLA2R1,0.000000,0.000000,Source: gse62944,0.937037,0.822247,0.962487
SUCLG1,0.000000,0.000000,Source: gse62944,0.937037,0.822247,0.962487
ERBB4,0.000000,0.000000,Source: gse62944,0.937037,0.822247,0.962487
MANEA,0.000000,0.000000,Source: gse62944,0.937037,0.822247,0.962487
KRT12,0.000000,0.000000,Source: gse62944,0.937037,0.822247,0.962487
GFAP,0.000000,0.000000,Source: gse62944,0.937037,0.822247,0.962487
MTMR12,0.000000,0.000000,Source: gse62944,0.937037,0.822247,0.962487
OLAH,0.000000,0.000000,Source: gse62944,0.937037,0.822247,0.962487
LHX3,0.000000,0.000000,Source: gse62944,0.937037,0.822247,0.962487
LYST,0.000000,0.000000,Source: gse62944,0.937037,0.822247,0.962487
NKX3-1,0.000000,0.000000,Source: gse62944,0.937037,0.822247,0.962487
LRRC17,0.000000,0.000000,Source: gse62944,0.937037,0.822247,0.962487
CACNB4,0.000000,0.000000,Source: gse62944,0.937037,0.822247,0.962487
CREB3,0.000000,0.000000,Source: gse62944,0.937037,0.822247,0.962487
SDCBP,0.000000,0.000000,Source: gse62944,0.937037,0.822247,0.962487
COMMD9,0.000000,0.000000,Source: gse62944,0.937037,0.822247,0.962487
FN1,0.000000,0.000000,Source: gse62944,0.937037,0.822247,0.962487
TSN,0.000000,0.000000,Source: gse62944,0.937037,0.822247,0.962487
CCNB1,0.000000,0.000000,Source: gse62944,0.937037,0.822247,0.962487
LAMA5,0.000000,0.000000,Source: gse62944,0.937037,0.822247,0.962487
CDC34,0.000000,0.000000,Source: gse62944,0.937037,0.822247,0.962487
DLGAP5,0.000000,0.000000,Source: gse62944,0.937037,0.822247,0.962487
ITFG1,0.000000,0.000000,Source: gse62944,0.937037,0.822247,0.962487
DNAI1,0.000000,0.000000,Source: gse62944,0.937037,0.822247,0.962487
SNRPC,0.000000,0.000000,Source: gse62944,0.937037,0.822247,0.962487
SRPK3,0.000000,0.000000,Source: gse62944,0.937037,0.822247,0.962487
EIF3D,0.000000,0.000000,Source: gse62944,0.937037,0.822247,0.962487
EXOC1,0.000000,0.000000,Source: gse62944,0.937037,0.822247,0.962487
SLC17A5,0.000000,0.000000,Source: gse62944,0.937037,0.822247,0.962487
CCK,0.000000,0.000000,Source: gse62944,0.937037,0.822247,0.962487
UCKL1,0.000000,0.000000,Source: gse62944,0.937037,0.822247,0.962487
FANCF,0.000000,0.000000,Source: gse62944,0.937037,0.822247,0.962487
NFIL3,0.000000,0.000000,Source: gse62944,0.937037,0.822247,0.962487
MED12,0.000000,0.000000,Source: gse62944,0.937037,0.822247,0.962487
DNAJB5,0.000000,0.000000,Source: gse62944,0.937037,0.822247,0.962487
SPAG1,0.000000,0.000000,Source: gse62944,0.937037,0.822247,0.962487
WWOX,0.000000,0.000000,Source: gse62944,0.937037,0.822247,0.962487
CLU,0.000000,0.000000,Source: gse62944,0.937037,0.822247,0.962487
ECI2,0.000000,0.000000,Source: gse62944,0.937037,0.822247,0.962487
MYL7,0.000000,0.000000,Source: gse62944,0.937037,0.822247,0.962487
PPM1F,0.000000,0.000000,Source: gse62944,0.937037,0.822247,0.962487
SLC4A2,0.000000,0.000000,Source: gse62944,0.937037,0.822247,0.962487
YWHAB,0.000000,0.000000,Source: gse62944,0.937037,0.822247,0.962487
SIK2,0.000000,0.000000,Source: gse62944,0.937037,0.822247,0.962487
CDH17,0.000000,0.000000,Source: gse62944,0.937037,0.822247,0.962487
BMP7,0.000000,0.000000,Source: gse62944,0.937037,0.822247,0.962487
FABP7,0.000000,0.000000,Source: gse62944,0.937037,0.822247,0.962487
SPON1,0.000000,0.000000,Source: gse62944,0.937037,0.822247,0.962487
DDT,0.000000,0.000000,Source: gse62944,0.937037,0.822247,0.962487
TNPO1,0.000000,0.000000,Source: gse62944,0.937037,0.822247,0.962487
APOF,0.000000,0.000000,Source: gse62944,0.937037,0.822247,0.962487
DDB2,0.000000,0.000000,Source: gse62944,0.937037,0.822247,0.962487
RASSF9,0.000000,0.000000,Source: gse62944,0.937037,0.822247,0.962487
IQCA1,0.000000,0.000000,Source: gse62944,0.937037,0.822247,0.962487
FARP1,0.000000,0.000000,Source: gse62944,0.937037,0.822247,0.962487
IL37,0.000000,0.000000,Source: gse62944,0.937037,0.822247,0.962487
PARP12,0.000000,0.000000,Source: gse62944,0.937037,0.822247,0.962487
DNAH17,0.000000,0.000000,Source: gse62944,0.937037,0.822247,0.962487
DPF3,0.000000,0.000000,Source: gse62944,0.937037,0.822247,0.962487
MMP13,0.000000,0.000000,Source: gse62944,0.937037,0.822247,0.962487
JAKMIP2,0.000000,0.000000,Source: gse62944,0.937037,0.822247,0.962487
SIAH2,0.000000,0.000000,Source: gse62944,0.937037,0.822247,0.962487
SEC14L3,0.000000,0.000000,Source: gse62944,0.937037,0.822247,0.962487
PPEF2,0.000000,0.000000,Source: gse62944,0.937037,0.822247,0.962487
PIGO,0.000000,0.000000,Source: gse62944,0.937037,0.822247,0.962487
SERPINB6,0.000000,0.000000,Source: gse62944,0.937037,0.822247,0.962487
STAC,0.000000,0.000000,Source: gse62944,0.937037,0.822247,0.962487
NOX3,0.000000,0.000000,Source: gse62944,0.937037,0.822247,0.962487
VAPA,0.000000,0.000000,Source: gse62944,0.937037,0.822247,0.962487
ZNF415,0.000000,0.000000,Source: gse62944,0.937037,0.822247,0.962487
DCP2,0.000000,0.000000,Source: gse62944,0.937037,0.822247,0.962487
HS3ST3A1,0.000000,0.000000,Source: gse62944,0.937037,0.822247,0.962487
JPH3,0.000000,0.000000,Source: gse62944,0.937037,0.822247,0.962487
SPOP,0.000000,0.000000,Source: gse62944,0.937037,0.822247,0.962487
ZNF146,0.000000,0.000000,Source: gse62944,0.937037,0.822247,0.962487
DDX19A,0.000000,0.000000,Source: gse62944,0.937037,0.822247,0.962487
IFNA16,0.000000,0.000000,Source: gse62944,0.937037,0.822247,0.962487
EIF3J,0.000000,0.000000,Source: gse62944,0.937037,0.822247,0.962487
ATP6V1G2,0.000000,0.000000,Source: gse62944,0.937037,0.822247,0.962487
SCAF4,0.000000,0.000000,Source: gse62944,0.937037,0.822247,0.962487
RAB9A,0.000000,0.000000,Source: gse62944,0.937037,0.822247,0.962487
DCAF16,0.000000,0.000000,Source: gse62944,0.937037,0.822247,0.962487
SLC2A9,0.000000,0.000000,Source: gse62944,0.937037,0.822247,0.962487
KIF17,0.000000,0.000000,Source: gse62944,0.937037,0.822247,0.962487
PSEN1,0.000000,0.000000,Source: gse62944,0.937037,0.822247,0.962487
FUT8,0.000000,0.000000,Source: gse62944,0.937037,0.822247,0.962487
DNM1,0.000000,0.000000,Source: gse62944,0.937037,0.822247,0.962487
P4HB,0.000000,0.000000,Source: gse62944,0.937037,0.822247,0.962487
ZNF613,0.000000,0.000000,Source: gse62944,0.937037,0.822247,0.962487
CPA2,0.000000,0.000000,Source: gse62944,0.937037,0.822247,0.962487
SOX17,0.000000,0.000000,Source: gse62944,0.937037,0.822247,0.962487
OXTR,0.000000,0.000000,Source: gse62944,0.937037,0.822247,0.962487
ACSBG2,0.000000,0.000000,Source: gse62944,0.937037,0.822247,0.962487
ACTL7A,0.000000,0.000000,Source: gse62944,0.937037,0.822247,0.962487
CCDC106,0.000000,0.000000,Source: gse62944,0.937037,0.822247,0.962487
SLC39A1,0.000000,0.000000,Source: gse62944,0.937037,0.822247,0.962487
ITGB7,0.000000,0.000000,Source: gse62944,0.937037,0.822247,0.962487
TRIM32,0.000000,0.000000,Source: gse62944,0.937037,0.822247,0.962487
RINT1,0.000000,0.000000,Source: gse62944,0.937037,0.822247,0.962487
PXN,0.000000,0.000000,Source: gse62944,0.937037,0.822247,0.962487
CRYBB1,0.000000,0.000000,Source: gse62944,0.937037,0.822247,0.962487
CYP1A2,0.000000,0.000000,Source: gse62944,0.937037,0.822247,0.962487
PSMC4,0.000000,0.000000,Source: gse62944,0.937037,0.822247,0.962487
MPDU1,0.000000,0.000000,Source: gse62944,0.937037,0.822247,0.962487
GYG1,0.000000,0.000000,Source: gse62944,0.937037,0.822247,0.962487
SEL1L3,0.000000,0.000000,Source: gse62944,0.937037,0.822247,0.962487
IVNS1ABP,0.000000,0.000000,Source: gse62944,0.937037,0.822247,0.962487
AUTS2,0.000000,0.000000,Source: gse62944,0.937037,0.822247,0.962487
HYAL2,0.000000,0.000000,Source: gse62944,0.937037,0.822247,0.962487
MAP4K4,0.000000,0.000000,Source: gse62944,0.937037,0.822247,0.962487
CDH2,0.000000,0.000000,Source: gse62944,0.937037,0.822247,0.962487
PLXNC1,0.000000,0.000000,Source: gse62944,0.937037,0.822247,0.962487
TRAF6,0.000000,0.000000,Source: gse62944,0.937037,0.822247,0.962487
ITGB8,0.000000,0.000000,Source: gse62944,0.937037,0.822247,0.962487
RIOK2,0.000000,0.000000,Source: gse62944,0.937037,0.822247,0.962487
TTF2,0.000000,0.000000,Source: gse62944,0.937037,0.822247,0.962487
ARPC2,0.000000,0.000000,Source: gse62944,0.937037,0.822247,0.962487
SPPL2B,0.000000,0.000000,Source: gse62944,0.937037,0.822247,0.962487
ACBD3,0.000000,0.000000,Source: gse62944,0.937037,0.822247,0.962487
KDM5C,0.000000,0.000000,Source: gse62944,0.937037,0.822247,0.962487
ASPHD1,0.000000,0.000000,Source: gse62944,0.937037,0.822247,0.962487
GANAB,0.000000,0.000000,Source: gse62944,0.937037,0.822247,0.962487
DDX51,0.000000,0.000000,Source: gse62944,0.937037,0.822247,0.962487
ERCC1,0.000000,0.000000,Source: gse62944,0.937037,0.822247,0.962487
MORC2,0.000000,0.000000,Source: gse62944,0.937037,0.822247,0.962487
ITGA1,0.000000,0.000000,Source: gse62944,0.937037,0.822247,0.962487
IDH3A,0.000000,0.000000,Source: gse62944,0.937037,0.822247,0.962487
TIMM10,0.000000,0.000000,Source: gse62944,0.937037,0.822247,0.962487
HLA-A,0.000000,0.000000,Source: gse62944,0.937037,0.822247,0.962487
ZNF587,0.000000,0.000000,Source: gse62944,0.937037,0.822247,0.962487
CMAHP,0.000000,0.000000,Source: gse62944,0.937037,0.822247,0.962487
CACNA1I,0.000000,0.000000,Source: gse62944,0.937037,0.822247,0.962487
TRIM68,0.000000,0.000000,Source: gse62944,0.937037,0.822247,0.962487
SLC34A1,0.000000,0.000000,Source: gse62944,0.937037,0.822247,0.962487
ALDH3B2,0.000000,0.000000,Source: gse62944,0.937037,0.822247,0.962487
KIF4A,0.000000,0.000000,Source: gse62944,0.937037,0.822247,0.962487
PCNT,0.000000,0.000000,Source: gse62944,0.937037,0.822247,0.962487
PTPN7,0.000000,0.000000,Source: gse62944,0.937037,0.822247,0.962487
TMEM74B,0.000000,0.000000,Source: gse62944,0.937037,0.822247,0.962487
BTG3,0.000000,0.000000,Source: gse62944,0.937037,0.822247,0.962487
CHI3L1,0.000000,0.000000,Source: gse62944,0.937037,0.822247,0.962487
CDK13,0.000000,0.000000,Source: gse62944,0.937037,0.822247,0.962487
CRYGC,0.000000,0.000000,Source: gse62944,0.937037,0.822247,0.962487
NCOR2,0.000000,0.000000,Source: gse62944,0.937037,0.822247,0.962487
PBX2,0.000000,0.000000,Source: gse62944,0.937037,0.822247,0.962487
NDUFV1,0.000000,0.000000,Source: gse62944,0.937037,0.822247,0.962487
RCE1,0.000000,0.000000,Source: gse62944,0.937037,0.822247,0.962487
PARP2,0.000000,0.000000,Source: gse62944,0.937037,0.822247,0.962487
PREPL,0.000000,0.000000,Source: gse62944,0.937037,0.822247,0.962487
TAB2,0.000000,0.000000,Source: gse62944,0.937037,0.822247,0.962487
MYOM1,0.000000,0.000000,Source: gse62944,0.937037,0.822247,0.962487
TEX15,0.000000,0.000000,Source: gse62944,0.937037,0.822247,0.962487
UBE4A,0.000000,0.000000,Source: gse62944,0.937037,0.822247,0.962487
RAP2C,0.000000,0.000000,Source: gse62944,0.937037,0.822247,0.962487
PCDH1,0.000000,0.000000,Source: gse62944,0.937037,0.822247,0.962487
KCNC4,0.000000,0.000000,Source: gse62944,0.937037,0.822247,0.962487
GTPBP6,0.000000,0.000000,Source: gse62944,0.937037,0.822247,0.962487
GPR39,0.000000,0.000000,Source: gse62944,0.937037,0.822247,0.962487
TFF1,0.000000,0.000000,Source: gse62944,0.937037,0.822247,0.962487
ZNF395,0.000000,0.000000,Source: gse62944,0.937037,0.822247,0.962487
RAB6A,0.000000,0.000000,Source: gse62944,0.937037,0.822247,0.962487
APBA3,0.000000,0.000000,Source: gse62944,0.937037,0.822247,0.962487
ATOH1,0.000000,0.000000,Source: gse62944,0.937037,0.822247,0.962487
GDAP1,0.000000,0.000000,Source: gse62944,0.937037,0.822247,0.962487
NT5C2,0.000000,0.000000,Source: gse62944,0.937037,0.822247,0.962487
LTBR,0.000000,0.000000,Source: gse62944,0.937037,0.822247,0.962487
OSBPL9,0.000000,0.000000,Source: gse62944,0.937037,0.822247,0.962487
PCSK7,0.000000,0.000000,Source: gse62944,0.937037,0.822247,0.962487
EFS,0.000000,0.000000,Source: gse62944,0.937037,0.822247,0.962487
CDH16,0.000000,0.000000,Source: gse62944,0.937037,0.822247,0.962487
PSENEN,0.000000,0.000000,Source: gse62944,0.937037,0.822247,0.962487
VIP,0.000000,0.000000,Source: gse62944,0.937037,0.822247,0.962487
GRIK4,0.000000,0.000000,Source: gse62944,0.937037,0.822247,0.962487
TTTY14,0.000000,0.000000,Source: gse62944,0.937037,0.822247,0.962487
CCDC25,0.000000,0.000000,Source: gse62944,0.937037,0.822247,0.962487
EPS8,0.000000,0.000000,Source: gse62944,0.937037,0.822247,0.962487
LGI2,0.000000,0.000000,Source: gse62944,0.937037,0.822247,0.962487
RNF114,0.000000,0.000000,Source: gse62944,0.937037,0.822247,0.962487
ZNF688,0.000000,0.000000,Source: gse62944,0.937037,0.822247,0.962487
CARHSP1,0.000000,0.000000,Source: gse62944,0.937037,0.822247,0.962487
ZBTB11,0.000000,0.000000,Source: gse62944,0.937037,0.822247,0.962487
DGCR2,0.000000,0.000000,Source: gse62944,0.937037,0.822247,0.962487
MCFD2,0.000000,0.000000,Source: gse62944,0.937037,0.822247,0.962487
INS,0.000000,0.000000,Source: gse62944,0.937037,0.822247,0.962487
ALDH9A1,0.000000,0.000000,Source: gse62944,0.937037,0.822247,0.962487
VKORC1,0.000000,0.000000,Source: gse62944,0.937037,0.822247,0.962487
DCK,0.000000,0.000000,Source: gse62944,0.937037,0.822247,0.962487
KBTBD2,0.000000,0.000000,Source: gse62944,0.937037,0.822247,0.962487
HIRIP3,0.000000,0.000000,Source: gse62944,0.937037,0.822247,0.962487
PDCD6IP,0.000000,0.000000,Source: gse62944,0.937037,0.822247,0.962487
CTNS,0.000000,0.000000,Source: gse62944,0.937037,0.822247,0.962487
OGN,0.000000,0.000000,Source: gse62944,0.937037,0.822247,0.962487
HMGB2,0.000000,0.000000,Source: gse62944,0.937037,0.822247,0.962487
YTHDF1,0.000000,0.000000,Source: gse62944,0.937037,0.822247,0.962487
OPRK1,0.000000,0.000000,Source: gse62944,0.937037,0.822247,0.962487
GAS7,0.000000,0.000000,Source: gse62944,0.937037,0.822247,0.962487
THUMPD2,0.000000,0.000000,Source: gse62944,0.937037,0.822247,0.962487
PSME3,0.000000,0.000000,Source: gse62944,0.937037,0.822247,0.962487
CTRC,0.000000,0.000000,Source: gse62944,0.937037,0.822247,0.962487
OR2B2,0.000000,0.000000,Source: gse62944,0.937037,0.822247,0.962487
TPSG1,0.000000,0.000000,Source: gse62944,0.937037,0.822247,0.962487
IL17B,0.000000,0.000000,Source: gse62944,0.937037,0.822247,0.962487
SMAGP,0.000000,0.000000,Source: gse62944,0.937037,0.822247,0.962487
BTBD1,0.000000,0.000000,Source: gse62944,0.937037,0.822247,0.962487
DDHD2,0.000000,0.000000,Source: gse62944,0.937037,0.822247,0.962487
AKAP8L,0.000000,0.000000,Source: gse62944,0.937037,0.822247,0.962487
HMGCL,0.000000,0.000000,Source: gse62944,0.937037,0.822247,0.962487
CEBPD,0.000000,0.000000,Source: gse62944,0.937037,0.822247,0.962487
SLC22A5,0.000000,0.000000,Source: gse62944,0.937037,0.822247,0.962487
BRCC3,0.000000,0.000000,Source: gse62944,0.937037,0.822247,0.962487
DEFA5,0.000000,0.000000,Source: gse62944,0.937037,0.822247,0.962487
SIGLEC5,0.000000,0.000000,Source: gse62944,0.937037,0.822247,0.962487
KLK2,0.000000,0.000000,Source: gse62944,0.937037,0.822247,0.962487
GSPT2,0.000000,0.000000,Source: gse62944,0.937037,0.822247,0.962487
KIF5B,0.000000,0.000000,Source: gse62944,0.937037,0.822247,0.962487
FCRL2,0.000000,0.000000,Source: gse62944,0.937037,0.822247,0.962487
ATP6V0A2,0.000000,0.000000,Source: gse62944,0.937037,0.822247,0.962487
PSEN2,0.000000,0.000000,Source: gse62944,0.937037,0.822247,0.962487
ZSCAN2,0.000000,0.000000,Source: gse62944,0.937037,0.822247,0.962487
CARD10,0.000000,0.000000,Source: gse62944,0.937037,0.822247,0.962487
KRT38,0.000000,0.000000,Source: gse62944,0.937037,0.822247,0.962487
DNAJB4,0.000000,0.000000,Source: gse62944,0.937037,0.822247,0.962487
ID1,0.000000,0.000000,Source: gse62944,0.937037,0.822247,0.962487
TAF6,0.000000,0.000000,Source: gse62944,0.937037,0.822247,0.962487
ZNF174,0.000000,0.000000,Source: gse62944,0.937037,0.822247,0.962487
ADCY9,0.000000,0.000000,Source: gse62944,0.937037,0.822247,0.962487
NOL8,0.000000,0.000000,Source: gse62944,0.937037,0.822247,0.962487
ING2,0.000000,0.000000,Source: gse62944,0.937037,0.822247,0.962487
THAP3,0.000000,0.000000,Source: gse62944,0.937037,0.822247,0.962487
TIMP1,0.000000,0.000000,Source: gse62944,0.937037,0.822247,0.962487
PCM1,0.000000,0.000000,Source: gse62944,0.937037,0.822247,0.962487
VPS52,0.000000,0.000000,Source: gse62944,0.937037,0.822247,0.962487
TJAP1,0.000000,0.000000,Source: gse62944,0.937037,0.822247,0.962487
CTSH,0.000000,0.000000,Source: gse62944,0.937037,0.822247,0.962487
COLEC12,0.000000,0.000000,Source: gse62944,0.937037,0.822247,0.962487
BTD,0.000000,0.000000,Source: gse62944,0.937037,0.822247,0.962487
PARP16,0.000000,0.000000,Source: gse62944,0.937037,0.822247,0.962487
PRNP,0.000000,0.000000,Source: gse62944,0.937037,0.822247,0.962487
CHRND,0.000000,0.000000,Source: gse62944,0.937037,0.822247,0.962487
CRTAC1,0.000000,0.000000,Source: gse62944,0.937037,0.822247,0.962487
C1GALT1C1,0.000000,0.000000,Source: gse62944,0.937037,0.822247,0.962487
STAP2,0.000000,0.000000,Source: gse62944,0.937037,0.822247,0.962487
MYO1F,0.000000,0.000000,Source: gse62944,0.937037,0.822247,0.962487
NONO,0.000000,0.000000,Source: gse62944,0.937037,0.822247,0.962487
TAF2,0.000000,0.000000,Source: gse62944,0.937037,0.822247,0.962487
ADAM21,0.000000,0.000000,Source: gse62944,0.937037,0.822247,0.962487
POLR2C,0.000000,0.000000,Source: gse62944,0.937037,0.822247,0.962487
LRCH1,0.000000,0.000000,Source: gse62944,0.937037,0.822247,0.962487
ZMYM4,0.000000,0.000000,Source: gse62944,0.937037,0.822247,0.962487
APOBEC2,0.000000,0.000000,Source: gse62944,0.937037,0.822247,0.962487
PHB2,0.000000,0.000000,Source: gse62944,0.937037,0.822247,0.962487
CTAGE11P,0.000000,0.000000,Source: gse62944,0.937037,0.822247,0.962487
TRAPPC4,0.000000,0.000000,Source: gse62944,0.937037,0.822247,0.962487
RPS6KA4,0.000000,0.000000,Source: gse62944,0.937037,0.822247,0.962487
FUT6,0.000000,0.000000,Source: gse62944,0.937037,0.822247,0.962487
HSPB2,0.000000,0.000000,Source: gse62944,0.937037,0.822247,0.962487
FAM171A1,0.000000,0.000000,Source: gse62944,0.937037,0.822247,0.962487
THAP11,0.000000,0.000000,Source: gse62944,0.937037,0.822247,0.962487
SLC29A2,0.000000,0.000000,Source: gse62944,0.937037,0.822247,0.962487
CLIP3,0.000000,0.000000,Source: gse62944,0.937037,0.822247,0.962487
RIN3,0.000000,0.000000,Source: gse62944,0.937037,0.822247,0.962487
ARHGEF10L,0.000000,0.000000,Source: gse62944,0.937037,0.822247,0.962487
MTHFR,0.000000,0.000000,Source: gse62944,0.937037,0.822247,0.962487
RCN2,0.000000,0.000000,Source: gse62944,0.937037,0.822247,0.962487
C2orf72,0.000000,0.000000,Source: gse62944,0.937037,0.822247,0.962487
CDKN1C,0.000000,0.000000,Source: gse62944,0.937037,0.822247,0.962487
EXOSC2,0.000000,0.000000,Source: gse62944,0.937037,0.822247,0.962487
LRP6,0.000000,0.000000,Source: gse62944,0.937037,0.822247,0.962487
ADI1,0.000000,0.000000,Source: gse62944,0.937037,0.822247,0.962487
DNAJC10,0.000000,0.000000,Source: gse62944,0.937037,0.822247,0.962487
PPM1G,0.000000,0.000000,Source: gse62944,0.937037,0.822247,0.962487
RET,0.000000,0.000000,Source: gse62944,0.937037,0.822247,0.962487
SHMT1,0.000000,0.000000,Source: gse62944,0.937037,0.822247,0.962487
NBEAL2,0.000000,0.000000,Source: gse62944,0.937037,0.822247,0.962487
SHBG,0.000000,0.000000,Source: gse62944,0.937037,0.822247,0.962487
APOBEC3A,0.000000,0.000000,Source: gse62944,0.937037,0.822247,0.962487
LMF1,0.000000,0.000000,Source: gse62944,0.937037,0.822247,0.962487
SSBP3,0.000000,0.000000,Source: gse62944,0.937037,0.822247,0.962487
PRC1,0.000000,0.000000,Source: gse62944,0.937037,0.822247,0.962487
POLG2,0.000000,0.000000,Source: gse62944,0.937037,0.822247,0.962487
ESRP1,0.000000,0.000000,Source: gse62944,0.937037,0.822247,0.962487
GPR88,0.000000,0.000000,Source: gse62944,0.937037,0.822247,0.962487
LTBP4,0.000000,0.000000,Source: gse62944,0.937037,0.822247,0.962487
NDUFA8,0.000000,0.000000,Source: gse62944,0.937037,0.822247,0.962487
SDS,0.000000,0.000000,Source: gse62944,0.937037,0.822247,0.962487
HK3,0.000000,0.000000,Source: gse62944,0.937037,0.822247,0.962487
GRK4,0.000000,0.000000,Source: gse62944,0.937037,0.822247,0.962487
CTAG2,0.000000,0.000000,Source: gse62944,0.937037,0.822247,0.962487
HIF1A,0.000000,0.000000,Source: gse62944,0.937037,0.822247,0.962487
CNGA1,0.000000,0.000000,Source: gse62944,0.937037,0.822247,0.962487
CRADD,0.000000,0.000000,Source: gse62944,0.937037,0.822247,0.962487
RHCE,0.000000,0.000000,Source: gse62944,0.937037,0.822247,0.962487
RHOB,0.000000,0.000000,Source: gse62944,0.937037,0.822247,0.962487
RNF39,0.000000,0.000000,Source: gse62944,0.937037,0.822247,0.962487
PLAU,0.000000,0.000000,Source: gse62944,0.937037,0.822247,0.962487
UNC5C,0.000000,0.000000,Source: gse62944,0.937037,0.822247,0.962487
PRRG3,0.000000,0.000000,Source: gse62944,0.937037,0.822247,0.962487
NXT2,0.000000,0.000000,Source: gse62944,0.937037,0.822247,0.962487
OSGIN1,0.000000,0.000000,Source: gse62944,0.937037,0.822247,0.962487
MPP3,0.000000,0.000000,Source: gse62944,0.937037,0.822247,0.962487
KITLG,0.000000,0.000000,Source: gse62944,0.937037,0.822247,0.962487
AKR7A3,0.000000,0.000000,Source: gse62944,0.937037,0.822247,0.962487
BICC1,0.000000,0.000000,Source: gse62944,0.937037,0.822247,0.962487
DTWD1,0.000000,0.000000,Source: gse62944,0.937037,0.822247,0.962487
FMR1,0.000000,0.000000,Source: gse62944,0.937037,0.822247,0.962487
ERAP1,0.000000,0.000000,Source: gse62944,0.937037,0.822247,0.962487
PPIP5K1,0.000000,0.000000,Source: gse62944,0.937037,0.822247,0.962487
GCA,0.000000,0.000000,Source: gse62944,0.937037,0.822247,0.962487
PNPLA4,0.000000,0.000000,Source: gse62944,0.937037,0.822247,0.962487
PRRC1,0.000000,0.000000,Source: gse62944,0.937037,0.822247,0.962487
ERMAP,0.000000,0.000000,Source: gse62944,0.937037,0.822247,0.962487
GIMAP6,0.000000,0.000000,Source: gse62944,0.937037,0.822247,0.962487
ZFR2,0.000000,0.000000,Source: gse62944,0.937037,0.822247,0.962487
KHSRP,0.000000,0.000000,Source: gse62944,0.937037,0.822247,0.962487
PTS,0.000000,0.000000,Source: gse62944,0.937037,0.822247,0.962487
RHBG,0.000000,0.000000,Source: gse62944,0.937037,0.822247,0.962487
GAB2,0.000000,0.000000,Source: gse62944,0.937037,0.822247,0.962487
RAB33B,0.000000,0.000000,Source: gse62944,0.937037,0.822247,0.962487
COL13A1,0.000000,0.000000,Source: gse62944,0.937037,0.822247,0.962487
RNFT2,0.000000,0.000000,Source: gse62944,0.937037,0.822247,0.962487
STX10,0.000000,0.000000,Source: gse62944,0.937037,0.822247,0.962487
PHLDA2,0.000000,0.000000,Source: gse62944,0.937037,0.822247,0.962487
PAQR3,0.000000,0.000000,Source: gse62944,0.937037,0.822247,0.962487
ELP4,0.000000,0.000000,Source: gse62944,0.937037,0.822247,0.962487
DPYD,0.000000,0.000000,Source: gse62944,0.937037,0.822247,0.962487
PDS5B,0.000000,0.000000,Source: gse62944,0.937037,0.822247,0.962487
LIF,0.000000,0.000000,Source: gse62944,0.937037,0.822247,0.962487
PIGQ,0.000000,0.000000,Source: gse62944,0.937037,0.822247,0.962487
CD2BP2,0.000000,0.000000,Source: gse62944,0.937037,0.822247,0.962487
MRAS,0.000000,0.000000,Source: gse62944,0.937037,0.822247,0.962487
RND1,0.000000,0.000000,Source: gse62944,0.937037,0.822247,0.962487
RXRG,0.000000,0.000000,Source: gse62944,0.937037,0.822247,0.962487
SYNDIG1,0.000000,0.000000,Source: gse62944,0.937037,0.822247,0.962487
CEP76,0.000000,0.000000,Source: gse62944,0.937037,0.822247,0.962487
CDH13,0.000000,0.000000,Source: gse62944,0.937037,0.822247,0.962487
GHRH,0.000000,0.000000,Source: gse62944,0.937037,0.822247,0.962487
PTBP3,0.000000,0.000000,Source: gse62944,0.937037,0.822247,0.962487
TUBA8,0.000000,0.000000,Source: gse62944,0.937037,0.822247,0.962487
GRM3,0.000000,0.000000,Source: gse62944,0.937037,0.822247,0.962487
POMC,0.000000,0.000000,Source: gse62944,0.937037,0.822247,0.962487
CEP68,0.000000,0.000000,Source: gse62944,0.937037,0.822247,0.962487
PDE4D,0.000000,0.000000,Source: gse62944,0.937037,0.822247,0.962487
CRLF2,0.000000,0.000000,Source: gse62944,0.937037,0.822247,0.962487
RAB23,0.000000,0.000000,Source: gse62944,0.937037,0.822247,0.962487
ESM1,0.000000,0.000000,Source: gse62944,0.937037,0.822247,0.962487
NACC2,0.000000,0.000000,Source: gse62944,0.937037,0.822247,0.962487
PLK2,0.000000,0.000000,Source: gse62944,0.937037,0.822247,0.962487
IFT74,0.000000,0.000000,Source: gse62944,0.937037,0.822247,0.962487
ANKLE2,0.000000,0.000000,Source: gse62944,0.937037,0.822247,0.962487
POM121L9P,0.000000,0.000000,Source: gse62944,0.937037,0.822247,0.962487
CLDN4,0.000000,0.000000,Source: gse62944,0.937037,0.822247,0.962487
ARFGAP1,0.000000,0.000000,Source: gse62944,0.937037,0.822247,0.962487
ZCCHC2,0.000000,0.000000,Source: gse62944,0.937037,0.822247,0.962487
NUDT15,0.000000,0.000000,Source: gse62944,0.937037,0.822247,0.962487
POLR2H,0.000000,0.000000,Source: gse62944,0.937037,0.822247,0.962487
GJA5,0.000000,0.000000,Source: gse62944,0.937037,0.822247,0.962487
DSG1,0.000000,0.000000,Source: gse62944,0.937037,0.822247,0.962487
PMS1,0.000000,0.000000,Source: gse62944,0.937037,0.822247,0.962487
ERC1,0.000000,0.000000,Source: gse62944,0.937037,0.822247,0.962487
ACAP1,0.000000,0.000000,Source: gse62944,0.937037,0.822247,0.962487
EEF1A2,0.000000,0.000000,Source: gse62944,0.937037,0.822247,0.962487
WASF2,0.000000,0.000000,Source: gse62944,0.937037,0.822247,0.962487
MSX1,0.000000,0.000000,Source: gse62944,0.937037,0.822247,0.962487
SPARCL1,0.000000,0.000000,Source: gse62944,0.937037,0.822247,0.962487
GEMIN7,0.000000,0.000000,Source: gse62944,0.937037,0.822247,0.962487
CDH18,0.000000,0.000000,Source: gse62944,0.937037,0.822247,0.962487
SEC62,0.000000,0.000000,Source: gse62944,0.937037,0.822247,0.962487
CD44,0.000000,0.000000,Source: gse62944,0.937037,0.822247,0.962487
OR7E12P,0.000000,0.000000,Source: gse62944,0.937037,0.822247,0.962487
CDKN2D,0.000000,0.000000,Source: gse62944,0.937037,0.822247,0.962487
C8orf33,0.000000,0.000000,Source: gse62944,0.937037,0.822247,0.962487
RFC3,0.000000,0.000000,Source: gse62944,0.937037,0.822247,0.962487
METTL4,0.000000,0.000000,Source: gse62944,0.937037,0.822247,0.962487
CPNE3,0.000000,0.000000,Source: gse62944,0.937037,0.822247,0.962487
ALDH18A1,0.000000,0.000000,Source: gse62944,0.937037,0.822247,0.962487
PPFIA2,0.000000,0.000000,Source: gse62944,0.937037,0.822247,0.962487
OGDHL,0.000000,0.000000,Source: gse62944,0.937037,0.822247,0.962487
TEF,0.000000,0.000000,Source: gse62944,0.937037,0.822247,0.962487
PPARA,0.000000,0.000000,Source: gse62944,0.937037,0.822247,0.962487
RAB1A,0.000000,0.000000,Source: gse62944,0.937037,0.822247,0.962487
DOK3,0.000000,0.000000,Source: gse62944,0.937037,0.822247,0.962487
MAP3K11,0.000000,0.000000,Source: gse62944,0.937037,0.822247,0.962487
TBX1,0.000000,0.000000,Source: gse62944,0.937037,0.822247,0.962487
HNMT,0.000000,0.000000,Source: gse62944,0.937037,0.822247,0.962487
IPP,0.000000,0.000000,Source: gse62944,0.937037,0.822247,0.962487
MBTPS1,0.000000,0.000000,Source: gse62944,0.937037,0.822247,0.962487
RNF130,0.000000,0.000000,Source: gse62944,0.937037,0.822247,0.962487
NUPR1,0.000000,0.000000,Source: gse62944,0.937037,0.822247,0.962487
DNMT1,0.000000,0.000000,Source: gse62944,0.937037,0.822247,0.962487
LLGL2,0.000000,0.000000,Source: gse62944,0.937037,0.822247,0.962487
RBM10,0.000000,0.000000,Source: gse62944,0.937037,0.822247,0.962487
SRPX2,0.000000,0.000000,Source: gse62944,0.937037,0.822247,0.962487
EXD3,0.000000,0.000000,Source: gse62944,0.937037,0.822247,0.962487
FOXN2,0.000000,0.000000,Source: gse62944,0.937037,0.822247,0.962487
CCR5,0.000000,0.000000,Source: gse62944,0.937037,0.822247,0.962487
TLR1,0.000000,0.000000,Source: gse62944,0.937037,0.822247,0.962487
CAMKMT,0.000000,0.000000,Source: gse62944,0.937037,0.822247,0.962487
IL11,0.000000,0.000000,Source: gse62944,0.937037,0.822247,0.962487
SYNGR3,0.000000,0.000000,Source: gse62944,0.937037,0.822247,0.962487
EVI2B,0.000000,0.000000,Source: gse62944,0.937037,0.822247,0.962487
ABHD10,0.000000,0.000000,Source: gse62944,0.937037,0.822247,0.962487
MRPL19,0.000000,0.000000,Source: gse62944,0.937037,0.822247,0.962487
TEK,0.000000,0.000000,Source: gse62944,0.937037,0.822247,0.962487
ERCC6L,0.000000,0.000000,Source: gse62944,0.937037,0.822247,0.962487
MAP2K1,0.000000,0.000000,Source: gse62944,0.937037,0.822247,0.962487
M6PR,0.000000,0.000000,Source: gse62944,0.937037,0.822247,0.962487
SEMA4C,0.000000,0.000000,Source: gse62944,0.937037,0.822247,0.962487
TSNAX,0.000000,0.000000,Source: gse62944,0.937037,0.822247,0.962487
WIPF1,0.000000,0.000000,Source: gse62944,0.937037,0.822247,0.962487
RLN2,0.000000,0.000000,Source: gse62944,0.937037,0.822247,0.962487
VTI1B,0.000000,0.000000,Source: gse62944,0.937037,0.822247,0.962487
MICAL2,0.000000,0.000000,Source: gse62944,0.937037,0.822247,0.962487
DAAM2,0.000000,0.000000,Source: gse62944,0.937037,0.822247,0.962487
PRMT2,0.000000,0.000000,Source: gse62944,0.937037,0.822247,0.962487
CSTF2T,0.000000,0.000000,Source: gse62944,0.937037,0.822247,0.962487
RRP8,0.000000,0.000000,Source: gse62944,0.937037,0.822247,0.962487
HSPA4L,0.000000,0.000000,Source: gse62944,0.937037,0.822247,0.962487
COTL1,0.000000,0.000000,Source: gse62944,0.937037,0.822247,0.962487
DNMT3A,0.000000,0.000000,Source: gse62944,0.937037,0.822247,0.962487
ZNF675,0.000000,0.000000,Source: gse62944,0.937037,0.822247,0.962487
AQR,0.000000,0.000000,Source: gse62944,0.937037,0.822247,0.962487
CHODL,0.000000,0.000000,Source: gse62944,0.937037,0.822247,0.962487
TBC1D13,0.000000,0.000000,Source: gse62944,0.937037,0.822247,0.962487
POU5F1P3,0.000000,0.000000,Source: gse62944,0.937037,0.822247,0.962487
CD151,0.000000,0.000000,Source: gse62944,0.937037,0.822247,0.962487
ABCB9,0.000000,0.000000,Source: gse62944,0.937037,0.822247,0.962487
HECTD3,0.000000,0.000000,Source: gse62944,0.937037,0.822247,0.962487
ARHGEF10,0.000000,0.000000,Source: gse62944,0.937037,0.822247,0.962487
KRT6B,0.000000,0.000000,Source: gse62944,0.937037,0.822247,0.962487
SPAG4,0.000000,0.000000,Source: gse62944,0.937037,0.822247,0.962487
FRS3,0.000000,0.000000,Source: gse62944,0.937037,0.822247,0.962487
PEMT,0.000000,0.000000,Source: gse62944,0.937037,0.822247,0.962487
ARL6IP1,0.000000,0.000000,Source: gse62944,0.937037,0.822247,0.962487
DPEP2,0.000000,0.000000,Source: gse62944,0.937037,0.822247,0.962487
TPST1,0.000000,0.000000,Source: gse62944,0.937037,0.822247,0.962487
ZNF629,0.000000,0.000000,Source: gse62944,0.937037,0.822247,0.962487
HAT1,0.000000,0.000000,Source: gse62944,0.937037,0.822247,0.962487
ZFP36,0.000000,0.000000,Source: gse62944,0.937037,0.822247,0.962487
GLMN,0.000000,0.000000,Source: gse62944,0.937037,0.822247,0.962487
MS4A5,0.000000,0.000000,Source: gse62944,0.937037,0.822247,0.962487
RAN,0.000000,0.000000,Source: gse62944,0.937037,0.822247,0.962487
DCUN1D2,0.000000,0.000000,Source: gse62944,0.937037,0.822247,0.962487
NAALADL1,0.000000,0.000000,Source: gse62944,0.937037,0.822247,0.962487
CNDP2,0.000000,0.000000,Source: gse62944,0.937037,0.822247,0.962487
DNAJB6,0.000000,0.000000,Source: gse62944,0.937037,0.822247,0.962487
SERPINA3,0.000000,0.000000,Source: gse62944,0.937037,0.822247,0.962487
TRAF2,0.000000,0.000000,Source: gse62944,0.937037,0.822247,0.962487
RNF2,0.000000,0.000000,Source: gse62944,0.937037,0.822247,0.962487
EGR4,0.000000,0.000000,Source: gse62944,0.937037,0.822247,0.962487
IL10,0.000000,0.000000,Source: gse62944,0.937037,0.822247,0.962487
TM9SF2,0.000000,0.000000,Source: gse62944,0.937037,0.822247,0.962487
FAM53B,0.000000,0.000000,Source: gse62944,0.937037,0.822247,0.962487
INSR,0.000000,0.000000,Source: gse62944,0.937037,0.822247,0.962487
TFEB,0.000000,0.000000,Source: gse62944,0.937037,0.822247,0.962487
RLBP1,0.000000,0.000000,Source: gse62944,0.937037,0.822247,0.962487
KCNJ8,0.000000,0.000000,Source: gse62944,0.937037,0.822247,0.962487
TXLNA,0.000000,0.000000,Source: gse62944,0.937037,0.822247,0.962487
MPDZ,0.000000,0.000000,Source: gse62944,0.937037,0.822247,0.962487
RRP12,0.000000,0.000000,Source: gse62944,0.937037,0.822247,0.962487
MDH1,0.000000,0.000000,Source: gse62944,0.937037,0.822247,0.962487
NKX2-1,0.000000,0.000000,Source: gse62944,0.937037,0.822247,0.962487
REXO4,0.000000,0.000000,Source: gse62944,0.937037,0.822247,0.962487
INPP5K,0.000000,0.000000,Source: gse62944,0.937037,0.822247,0.962487
PGAP1,0.000000,0.000000,Source: gse62944,0.937037,0.822247,0.962487
NAP1L1,0.000000,0.000000,Source: gse62944,0.937037,0.822247,0.962487
DTX4,0.000000,0.000000,Source: gse62944,0.937037,0.822247,0.962487
NR1H4,0.000000,0.000000,Source: gse62944,0.937037,0.822247,0.962487
INSL3,0.000000,0.000000,Source: gse62944,0.937037,0.822247,0.962487
DHRS7B,0.000000,0.000000,Source: gse62944,0.937037,0.822247,0.962487
CRIM1,0.000000,0.000000,Source: gse62944,0.937037,0.822247,0.962487
TGFB3,0.000000,0.000000,Source: gse62944,0.937037,0.822247,0.962487
POLE2,0.000000,0.000000,Source: gse62944,0.937037,0.822247,0.962487
TXNL1,0.000000,0.000000,Source: gse62944,0.937037,0.822247,0.962487
NAMPT,0.000000,0.000000,Source: gse62944,0.937037,0.822247,0.962487
TOP3A,0.000000,0.000000,Source: gse62944,0.937037,0.822247,0.962487
OTUD4,0.000000,0.000000,Source: gse62944,0.937037,0.822247,0.962487
TIMM13,0.000000,0.000000,Source: gse62944,0.937037,0.822247,0.962487
COG5,0.000000,0.000000,Source: gse62944,0.937037,0.822247,0.962487
SYNM,0.000000,0.000000,Source: gse62944,0.937037,0.822247,0.962487
LGALS8,0.000000,0.000000,Source: gse62944,0.937037,0.822247,0.962487
DYRK1B,0.000000,0.000000,Source: gse62944,0.937037,0.822247,0.962487
BRD3,0.000000,0.000000,Source: gse62944,0.937037,0.822247,0.962487
ALDH1A1,0.000000,0.000000,Source: gse62944,0.937037,0.822247,0.962487
FDXR,0.000000,0.000000,Source: gse62944,0.937037,0.822247,0.962487
GNA14,0.000000,0.000000,Source: gse62944,0.937037,0.822247,0.962487
CENPB,0.000000,0.000000,Source: gse62944,0.937037,0.822247,0.962487
DNAH2,0.000000,0.000000,Source: gse62944,0.937037,0.822247,0.962487
RGR,0.000000,0.000000,Source: gse62944,0.937037,0.822247,0.962487
CELA2A,0.000000,0.000000,Source: gse62944,0.937037,0.822247,0.962487
ACADSB,0.000000,0.000000,Source: gse62944,0.937037,0.822247,0.962487
GSTO1,0.000000,0.000000,Source: gse62944,0.937037,0.822247,0.962487
PHYHIP,0.000000,0.000000,Source: gse62944,0.937037,0.822247,0.962487
UBE2O,0.000000,0.000000,Source: gse62944,0.937037,0.822247,0.962487
LSAMP,0.000000,0.000000,Source: gse62944,0.937037,0.822247,0.962487
CCDC6,0.000000,0.000000,Source: gse62944,0.937037,0.822247,0.962487
TARS2,0.000000,0.000000,Source: gse62944,0.937037,0.822247,0.962487
NDUFB6,0.000000,0.000000,Source: gse62944,0.937037,0.822247,0.962487
ADCY7,0.000000,0.000000,Source: gse62944,0.937037,0.822247,0.962487
ANKRD26,0.000000,0.000000,Source: gse62944,0.937037,0.822247,0.962487
GJC2,0.000000,0.000000,Source: gse62944,0.937037,0.822247,0.962487
GEMIN8,0.000000,0.000000,Source: gse62944,0.937037,0.822247,0.962487
PSPH,0.000000,0.000000,Source: gse62944,0.937037,0.822247,0.962487
DPH5,0.000000,0.000000,Source: gse62944,0.937037,0.822247,0.962487
S100P,0.000000,0.000000,Source: gse62944,0.937037,0.822247,0.962487
SSX2IP,0.000000,0.000000,Source: gse62944,0.937037,0.822247,0.962487
GPRASP1,0.000000,0.000000,Source: gse62944,0.937037,0.822247,0.962487
IFT140,0.000000,0.000000,Source: gse62944,0.937037,0.822247,0.962487
SERPINE2,0.000000,0.000000,Source: gse62944,0.937037,0.822247,0.962487
GPR143,0.000000,0.000000,Source: gse62944,0.937037,0.822247,0.962487
KCNQ3,0.000000,0.000000,Source: gse62944,0.937037,0.822247,0.962487
ARFGAP2,0.000000,0.000000,Source: gse62944,0.937037,0.822247,0.962487
MIS12,0.000000,0.000000,Source: gse62944,0.937037,0.822247,0.962487
UTP20,0.000000,0.000000,Source: gse62944,0.937037,0.822247,0.962487
RAPGEF3,0.000000,0.000000,Source: gse62944,0.937037,0.822247,0.962487
SPON2,0.000000,0.000000,Source: gse62944,0.937037,0.822247,0.962487
IFNW1,0.000000,0.000000,Source: gse62944,0.937037,0.822247,0.962487
MYCNOS,0.000000,0.000000,Source: gse62944,0.937037,0.822247,0.962487
LHX5,0.000000,0.000000,Source: gse62944,0.937037,0.822247,0.962487
HLA-G,0.000000,0.000000,Source: gse62944,0.937037,0.822247,0.962487
IL21,0.000000,0.000000,Source: gse62944,0.937037,0.822247,0.962487
EFCAB11,0.000000,0.000000,Source: gse62944,0.937037,0.822247,0.962487
CNGB1,0.000000,0.000000,Source: gse62944,0.937037,0.822247,0.962487
BTBD3,0.000000,0.000000,Source: gse62944,0.937037,0.822247,0.962487
NPPB,0.000000,0.000000,Source: gse62944,0.937037,0.822247,0.962487
TDRD1,0.000000,0.000000,Source: gse62944,0.937037,0.822247,0.962487
ZC3H4,0.000000,0.000000,Source: gse62944,0.937037,0.822247,0.962487
DGKQ,0.000000,0.000000,Source: gse62944,0.937037,0.822247,0.962487
DOC2B,0.000000,0.000000,Source: gse62944,0.937037,0.822247,0.962487
PIP4K2A,0.000000,0.000000,Source: gse62944,0.937037,0.822247,0.962487
MSRA,0.000000,0.000000,Source: gse62944,0.937037,0.822247,0.962487
NR2C2,0.000000,0.000000,Source: gse62944,0.937037,0.822247,0.962487
SLC22A3,0.000000,0.000000,Source: gse62944,0.937037,0.822247,0.962487
RALY,0.000000,0.000000,Source: gse62944,0.937037,0.822247,0.962487
TMEM135,0.000000,0.000000,Source: gse62944,0.937037,0.822247,0.962487
ZNF302,0.000000,0.000000,Source: gse62944,0.937037,0.822247,0.962487
TMEM59,0.000000,0.000000,Source: gse62944,0.937037,0.822247,0.962487
ACTL7B,0.000000,0.000000,Source: gse62944,0.937037,0.822247,0.962487
SLC47A1,0.000000,0.000000,Source: gse62944,0.937037,0.822247,0.962487
NDRG3,0.000000,0.000000,Source: gse62944,0.937037,0.822247,0.962487
RAB11FIP1,0.000000,0.000000,Source: gse62944,0.937037,0.822247,0.962487
HDAC1,0.000000,0.000000,Source: gse62944,0.937037,0.822247,0.962487
PIK3C2B,0.000000,0.000000,Source: gse62944,0.937037,0.822247,0.962487
KLRF1,0.000000,0.000000,Source: gse62944,0.937037,0.822247,0.962487
ACTR3B,0.000000,0.000000,Source: gse62944,0.937037,0.822247,0.962487
RGS5,0.000000,0.000000,Source: gse62944,0.937037,0.822247,0.962487
NGF,0.000000,0.000000,Source: gse62944,0.937037,0.822247,0.962487
HEATR1,0.000000,0.000000,Source: gse62944,0.937037,0.822247,0.962487
DPM1,0.000000,0.000000,Source: gse62944,0.937037,0.822247,0.962487
NEDD8,0.000000,0.000000,Source: gse62944,0.937037,0.822247,0.962487
SPINK4,0.000000,0.000000,Source: gse62944,0.937037,0.822247,0.962487
LGALS1,0.000000,0.000000,Source: gse62944,0.937037,0.822247,0.962487
ANKRA2,0.000000,0.000000,Source: gse62944,0.937037,0.822247,0.962487
INPP5A,0.000000,0.000000,Source: gse62944,0.937037,0.822247,0.962487
HPCA,0.000000,0.000000,Source: gse62944,0.937037,0.822247,0.962487
OR7E24,0.000000,0.000000,Source: gse62944,0.937037,0.822247,0.962487
CAB39,0.000000,0.000000,Source: gse62944,0.937037,0.822247,0.962487
ERG,0.000000,0.000000,Source: gse62944,0.937037,0.822247,0.962487
TBXA2R,0.000000,0.000000,Source: gse62944,0.937037,0.822247,0.962487
DUSP21,0.000000,0.000000,Source: gse62944,0.937037,0.822247,0.962487
ATP7A,0.000000,0.000000,Source: gse62944,0.937037,0.822247,0.962487
TNFRSF1B,0.000000,0.000000,Source: gse62944,0.937037,0.822247,0.962487
FOXK2,0.000000,0.000000,Source: gse62944,0.937037,0.822247,0.962487
SYNE1,0.000000,0.000000,Source: gse62944,0.937037,0.822247,0.962487
ATG5,0.000000,0.000000,Source: gse62944,0.937037,0.822247,0.962487
UGP2,0.000000,0.000000,Source: gse62944,0.937037,0.822247,0.962487
FBXL18,0.000000,0.000000,Source: gse62944,0.937037,0.822247,0.962487
ZNF550,0.000000,0.000000,Source: gse62944,0.937037,0.822247,0.962487
PLEKHF2,0.000000,0.000000,Source: gse62944,0.937037,0.822247,0.962487
PRPF38B,0.000000,0.000000,Source: gse62944,0.937037,0.822247,0.962487
PPP4R4,0.000000,0.000000,Source: gse62944,0.937037,0.822247,0.962487
FAM204A,0.000000,0.000000,Source: gse62944,0.937037,0.822247,0.962487
SLC4A5,0.000000,0.000000,Source: gse62944,0.937037,0.822247,0.962487
WAS,0.000000,0.000000,Source: gse62944,0.937037,0.822247,0.962487
IFT88,0.000000,0.000000,Source: gse62944,0.937037,0.822247,0.962487
RAB5A,0.000000,0.000000,Source: gse62944,0.937037,0.822247,0.962487
ZMYND8,0.000000,0.000000,Source: gse62944,0.937037,0.822247,0.962487
TSC22D1,0.000000,0.000000,Source: gse62944,0.937037,0.822247,0.962487
ANGPTL3,0.000000,0.000000,Source: gse62944,0.937037,0.822247,0.962487
CCR3,0.000000,0.000000,Source: gse62944,0.937037,0.822247,0.962487
SYNC,0.000000,0.000000,Source: gse62944,0.937037,0.822247,0.962487
AHCTF1,0.000000,0.000000,Source: gse62944,0.937037,0.822247,0.962487
MAGI1,0.000000,0.000000,Source: gse62944,0.937037,0.822247,0.962487
RHO,0.000000,0.000000,Source: gse62944,0.937037,0.822247,0.962487
TXNRD1,0.000000,0.000000,Source: gse62944,0.937037,0.822247,0.962487
CES2,0.000000,0.000000,Source: gse62944,0.937037,0.822247,0.962487
ATIC,0.000000,0.000000,Source: gse62944,0.937037,0.822247,0.962487
KIF22,0.000000,0.000000,Source: gse62944,0.937037,0.822247,0.962487
CHAF1B,0.000000,0.000000,Source: gse62944,0.937037,0.822247,0.962487
ABCA3,0.000000,0.000000,Source: gse62944,0.937037,0.822247,0.962487
PPEF1,0.000000,0.000000,Source: gse62944,0.937037,0.822247,0.962487
JUND,0.000000,0.000000,Source: gse62944,0.937037,0.822247,0.962487
CYP11A1,0.000000,0.000000,Source: gse62944,0.937037,0.822247,0.962487
CLINT1,0.000000,0.000000,Source: gse62944,0.937037,0.822247,0.962487
IQSEC1,0.000000,0.000000,Source: gse62944,0.937037,0.822247,0.962487
SLN,0.000000,0.000000,Source: gse62944,0.937037,0.822247,0.962487
CEP70,0.000000,0.000000,Source: gse62944,0.937037,0.822247,0.962487
TDP2,0.000000,0.000000,Source: gse62944,0.937037,0.822247,0.962487
DOK2,0.000000,0.000000,Source: gse62944,0.937037,0.822247,0.962487
RALGPS1,0.000000,0.000000,Source: gse62944,0.937037,0.822247,0.962487
ZPBP,0.000000,0.000000,Source: gse62944,0.937037,0.822247,0.962487
DKK2,0.000000,0.000000,Source: gse62944,0.937037,0.822247,0.962487
JOSD1,0.000000,0.000000,Source: gse62944,0.937037,0.822247,0.962487
AZI2,0.000000,0.000000,Source: gse62944,0.937037,0.822247,0.962487
SLC25A3,0.000000,0.000000,Source: gse62944,0.937037,0.822247,0.962487
RDX,0.000000,0.000000,Source: gse62944,0.937037,0.822247,0.962487
MUC7,0.000000,0.000000,Source: gse62944,0.937037,0.822247,0.962487
TCP1,0.000000,0.000000,Source: gse62944,0.937037,0.822247,0.962487
HSPB8,0.000000,0.000000,Source: gse62944,0.937037,0.822247,0.962487
ASTE1,0.000000,0.000000,Source: gse62944,0.937037,0.822247,0.962487
PLCL2,0.000000,0.000000,Source: gse62944,0.937037,0.822247,0.962487
ZNF408,0.000000,0.000000,Source: gse62944,0.937037,0.822247,0.962487
THAP10,0.000000,0.000000,Source: gse62944,0.937037,0.822247,0.962487
FMNL1,0.000000,0.000000,Source: gse62944,0.937037,0.822247,0.962487
SHCBP1,0.000000,0.000000,Source: gse62944,0.937037,0.822247,0.962487
HAS1,0.000000,0.000000,Source: gse62944,0.937037,0.822247,0.962487
TRIM21,0.000000,0.000000,Source: gse62944,0.937037,0.822247,0.962487
CYSLTR2,0.000000,0.000000,Source: gse62944,0.937037,0.822247,0.962487
URB1,0.000000,0.000000,Source: gse62944,0.937037,0.822247,0.962487
TLK2,0.000000,0.000000,Source: gse62944,0.937037,0.822247,0.962487
ABCC2,0.000000,0.000000,Source: gse62944,0.937037,0.822247,0.962487
FBXO21,0.000000,0.000000,Source: gse62944,0.937037,0.822247,0.962487
MRPS15,0.000000,0.000000,Source: gse62944,0.937037,0.822247,0.962487
PLSCR4,0.000000,0.000000,Source: gse62944,0.937037,0.822247,0.962487
PRAMEF12,0.000000,0.000000,Source: gse62944,0.937037,0.822247,0.962487
CYP1A1,0.000000,0.000000,Source: gse62944,0.937037,0.822247,0.962487
PGF,0.000000,0.000000,Source: gse62944,0.937037,0.822247,0.962487
CXCL6,0.000000,0.000000,Source: gse62944,0.937037,0.822247,0.962487
ZNF787,0.000000,0.000000,Source: gse62944,0.937037,0.822247,0.962487
GIMAP4,0.000000,0.000000,Source: gse62944,0.937037,0.822247,0.962487
DLD,0.000000,0.000000,Source: gse62944,0.937037,0.822247,0.962487
KCNN1,0.000000,0.000000,Source: gse62944,0.937037,0.822247,0.962487
DIXDC1,0.000000,0.000000,Source: gse62944,0.937037,0.822247,0.962487
UBTD1,0.000000,0.000000,Source: gse62944,0.937037,0.822247,0.962487
NPTX1,0.000000,0.000000,Source: gse62944,0.937037,0.822247,0.962487
RPLP2,0.000000,0.000000,Source: gse62944,0.937037,0.822247,0.962487
PSG5,0.000000,0.000000,Source: gse62944,0.937037,0.822247,0.962487
TRIM15,0.000000,0.000000,Source: gse62944,0.937037,0.822247,0.962487
CBLC,0.000000,0.000000,Source: gse62944,0.937037,0.822247,0.962487
COPZ1,0.000000,0.000000,Source: gse62944,0.937037,0.822247,0.962487
ZNF200,0.000000,0.000000,Source: gse62944,0.937037,0.822247,0.962487
NIP7,0.000000,0.000000,Source: gse62944,0.937037,0.822247,0.962487
NDUFS7,0.000000,0.000000,Source: gse62944,0.937037,0.822247,0.962487
ARHGAP19,0.000000,0.000000,Source: gse62944,0.937037,0.822247,0.962487
RPL13,0.000000,0.000000,Source: gse62944,0.937037,0.822247,0.962487
ETV7,0.000000,0.000000,Source: gse62944,0.937037,0.822247,0.962487
SPTBN4,0.000000,0.000000,Source: gse62944,0.937037,0.822247,0.962487
FAM50A,0.000000,0.000000,Source: gse62944,0.937037,0.822247,0.962487
ENY2,0.000000,0.000000,Source: gse62944,0.937037,0.822247,0.962487
FAF1,0.000000,0.000000,Source: gse62944,0.937037,0.822247,0.962487
ZNF74,0.000000,0.000000,Source: gse62944,0.937037,0.822247,0.962487
EPHA5,0.000000,0.000000,Source: gse62944,0.937037,0.822247,0.962487
MAGEA11,0.000000,0.000000,Source: gse62944,0.937037,0.822247,0.962487
SRGAP3,0.000000,0.000000,Source: gse62944,0.937037,0.822247,0.962487
GPR183,0.000000,0.000000,Source: gse62944,0.937037,0.822247,0.962487
DOC2A,0.000000,0.000000,Source: gse62944,0.937037,0.822247,0.962487
CASKIN2,0.000000,0.000000,Source: gse62944,0.937037,0.822247,0.962487
DNM2,0.000000,0.000000,Source: gse62944,0.937037,0.822247,0.962487
IL17RA,0.000000,0.000000,Source: gse62944,0.937037,0.822247,0.962487
RAD54B,0.000000,0.000000,Source: gse62944,0.937037,0.822247,0.962487
FCAR,0.000000,0.000000,Source: gse62944,0.937037,0.822247,0.962487
BDKRB2,0.000000,0.000000,Source: gse62944,0.937037,0.822247,0.962487
CEP192,0.000000,0.000000,Source: gse62944,0.937037,0.822247,0.962487
MLST8,0.000000,0.000000,Source: gse62944,0.937037,0.822247,0.962487
SMNDC1,0.000000,0.000000,Source: gse62944,0.937037,0.822247,0.962487
SERPINI1,0.000000,0.000000,Source: gse62944,0.937037,0.822247,0.962487
PLEKHA1,0.000000,0.000000,Source: gse62944,0.937037,0.822247,0.962487
ZEB2,0.000000,0.000000,Source: gse62944,0.937037,0.822247,0.962487
B4GALT6,0.000000,0.000000,Source: gse62944,0.937037,0.822247,0.962487
TBP,0.000000,0.000000,Source: gse62944,0.937037,0.822247,0.962487
LIG1,0.000000,0.000000,Source: gse62944,0.937037,0.822247,0.962487
MATN3,0.000000,0.000000,Source: gse62944,0.937037,0.822247,0.962487
ZNF764,0.000000,0.000000,Source: gse62944,0.937037,0.822247,0.962487
KCNJ2,0.000000,0.000000,Source: gse62944,0.937037,0.822247,0.962487
USP10,0.000000,0.000000,Source: gse62944,0.937037,0.822247,0.962487
PIP4K2C,0.000000,0.000000,Source: gse62944,0.937037,0.822247,0.962487
FLII,0.000000,0.000000,Source: gse62944,0.937037,0.822247,0.962487
GIT2,0.000000,0.000000,Source: gse62944,0.937037,0.822247,0.962487
OGFRL1,0.000000,0.000000,Source: gse62944,0.937037,0.822247,0.962487
SORL1,0.000000,0.000000,Source: gse62944,0.937037,0.822247,0.962487
WDR41,0.000000,0.000000,Source: gse62944,0.937037,0.822247,0.962487
MCF2,0.000000,0.000000,Source: gse62944,0.937037,0.822247,0.962487
BRD2,0.000000,0.000000,Source: gse62944,0.937037,0.822247,0.962487
CARS2,0.000000,0.000000,Source: gse62944,0.937037,0.822247,0.962487
NUSAP1,0.000000,0.000000,Source: gse62944,0.937037,0.822247,0.962487
DACT1,0.000000,0.000000,Source: gse62944,0.937037,0.822247,0.962487
KIF25,0.000000,0.000000,Source: gse62944,0.937037,0.822247,0.962487
OPLAH,0.000000,0.000000,Source: gse62944,0.937037,0.822247,0.962487
TMOD2,0.000000,0.000000,Source: gse62944,0.937037,0.822247,0.962487
KLRG1,0.000000,0.000000,Source: gse62944,0.937037,0.822247,0.962487
CTSF,0.000000,0.000000,Source: gse62944,0.937037,0.822247,0.962487
MEAF6,0.000000,0.000000,Source: gse62944,0.937037,0.822247,0.962487
ENDOU,0.000000,0.000000,Source: gse62944,0.937037,0.822247,0.962487
SLC41A3,0.000000,0.000000,Source: gse62944,0.937037,0.822247,0.962487
ABCC4,0.000000,0.000000,Source: gse62944,0.937037,0.822247,0.962487
MAP4,0.000000,0.000000,Source: gse62944,0.937037,0.822247,0.962487
NDUFB5,0.000000,0.000000,Source: gse62944,0.937037,0.822247,0.962487
DEFB1,0.000000,0.000000,Source: gse62944,0.937037,0.822247,0.962487
EIF2B1,0.000000,0.000000,Source: gse62944,0.937037,0.822247,0.962487
ZNF268,0.000000,0.000000,Source: gse62944,0.937037,0.822247,0.962487
SRP19,0.000000,0.000000,Source: gse62944,0.937037,0.822247,0.962487
MGAT4B,0.000000,0.000000,Source: gse62944,0.937037,0.822247,0.962487
EIF3A,0.000000,0.000000,Source: gse62944,0.937037,0.822247,0.962487
TMPRSS5,0.000000,0.000000,Source: gse62944,0.937037,0.822247,0.962487
LIME1,0.000000,0.000000,Source: gse62944,0.937037,0.822247,0.962487
SLC2A2,0.000000,0.000000,Source: gse62944,0.937037,0.822247,0.962487
UPK1A,0.000000,0.000000,Source: gse62944,0.937037,0.822247,0.962487
AKT1,0.000000,0.000000,Source: gse62944,0.937037,0.822247,0.962487
EIF5B,0.000000,0.000000,Source: gse62944,0.937037,0.822247,0.962487
LGR4,0.000000,0.000000,Source: gse62944,0.937037,0.822247,0.962487
TNNI3,0.000000,0.000000,Source: gse62944,0.937037,0.822247,0.962487
PLXNA3,0.000000,0.000000,Source: gse62944,0.937037,0.822247,0.962487
DEPTOR,0.000000,0.000000,Source: gse62944,0.937037,0.822247,0.962487
PTPRH,0.000000,0.000000,Source: gse62944,0.937037,0.822247,0.962487
CYP11B2,0.000000,0.000000,Source: gse62944,0.937037,0.822247,0.962487
IL13RA1,0.000000,0.000000,Source: gse62944,0.937037,0.822247,0.962487
HTR1D,0.000000,0.000000,Source: gse62944,0.937037,0.822247,0.962487
GCG,0.000000,0.000000,Source: gse62944,0.937037,0.822247,0.962487
RBBP7,0.000000,0.000000,Source: gse62944,0.937037,0.822247,0.962487
GPR75,0.000000,0.000000,Source: gse62944,0.937037,0.822247,0.962487
APOL6,0.000000,0.000000,Source: gse62944,0.937037,0.822247,0.962487
LGSN,0.000000,0.000000,Source: gse62944,0.937037,0.822247,0.962487
SLC10A3,0.000000,0.000000,Source: gse62944,0.937037,0.822247,0.962487
SLC17A7,0.000000,0.000000,Source: gse62944,0.937037,0.822247,0.962487
STON1,0.000000,0.000000,Source: gse62944,0.937037,0.822247,0.962487
TSPO2,0.000000,0.000000,Source: gse62944,0.937037,0.822247,0.962487
ZNF287,0.000000,0.000000,Source: gse62944,0.937037,0.822247,0.962487
HCRTR2,0.000000,0.000000,Source: gse62944,0.937037,0.822247,0.962487
MAPRE2,0.000000,0.000000,Source: gse62944,0.937037,0.822247,0.962487
CDC16,0.000000,0.000000,Source: gse62944,0.937037,0.822247,0.962487
BLK,0.000000,0.000000,Source: gse62944,0.937037,0.822247,0.962487
PSPN,0.000000,0.000000,Source: gse62944,0.937037,0.822247,0.962487
POU4F2,0.000000,0.000000,Source: gse62944,0.937037,0.822247,0.962487
MMP27,0.000000,0.000000,Source: gse62944,0.937037,0.822247,0.962487
SRI,0.000000,0.000000,Source: gse62944,0.937037,0.822247,0.962487
RBPJL,0.000000,0.000000,Source: gse62944,0.937037,0.822247,0.962487
TTLL1,0.000000,0.000000,Source: gse62944,0.937037,0.822247,0.962487
CASP8,0.000000,0.000000,Source: gse62944,0.937037,0.822247,0.962487
NEUROD6,0.000000,0.000000,Source: gse62944,0.937037,0.822247,0.962487
SNAI2,0.000000,0.000000,Source: gse62944,0.937037,0.822247,0.962487
BBS4,0.000000,0.000000,Source: gse62944,0.937037,0.822247,0.962487
MAP1LC3B,0.000000,0.000000,Source: gse62944,0.937037,0.822247,0.962487
LHX2,0.000000,0.000000,Source: gse62944,0.937037,0.822247,0.962487
POF1B,0.000000,0.000000,Source: gse62944,0.937037,0.822247,0.962487
AGMAT,0.000000,0.000000,Source: gse62944,0.937037,0.822247,0.962487
EIF2S2,0.000000,0.000000,Source: gse62944,0.937037,0.822247,0.962487
FRAT1,0.000000,0.000000,Source: gse62944,0.937037,0.822247,0.962487
GLRA3,0.000000,0.000000,Source: gse62944,0.937037,0.822247,0.962487
MAP2K2,0.000000,0.000000,Source: gse62944,0.937037,0.822247,0.962487
BID,0.000000,0.000000,Source: gse62944,0.937037,0.822247,0.962487
PFKFB4,0.000000,0.000000,Source: gse62944,0.937037,0.822247,0.962487
NFATC3,0.000000,0.000000,Source: gse62944,0.937037,0.822247,0.962487
ZNF8,0.000000,0.000000,Source: gse62944,0.937037,0.822247,0.962487
CAPN3,0.000000,0.000000,Source: gse62944,0.937037,0.822247,0.962487
ACHE,0.000000,0.000000,Source: gse62944,0.937037,0.822247,0.962487
VAX2,0.000000,0.000000,Source: gse62944,0.937037,0.822247,0.962487
NRG1,0.000000,0.000000,Source: gse62944,0.937037,0.822247,0.962487
PTGES,0.000000,0.000000,Source: gse62944,0.937037,0.822247,0.962487
HMX1,0.000000,0.000000,Source: gse62944,0.937037,0.822247,0.962487
MTO1,0.000000,0.000000,Source: gse62944,0.937037,0.822247,0.962487
ASAP1-IT1,0.000000,0.000000,Source: gse62944,0.937037,0.822247,0.962487
FGFBP1,0.000000,0.000000,Source: gse62944,0.937037,0.822247,0.962487
PARN,0.000000,0.000000,Source: gse62944,0.937037,0.822247,0.962487
RECQL,0.000000,0.000000,Source: gse62944,0.937037,0.822247,0.962487
TACC3,0.000000,0.000000,Source: gse62944,0.937037,0.822247,0.962487
TIMM23,0.000000,0.000000,Source: gse62944,0.937037,0.822247,0.962487
SCTR,0.000000,0.000000,Source: gse62944,0.937037,0.822247,0.962487
PRRC2B,0.000000,0.000000,Source: gse62944,0.937037,0.822247,0.962487
CRTAP,0.000000,0.000000,Source: gse62944,0.937037,0.822247,0.962487
TPR,0.000000,0.000000,Source: gse62944,0.937037,0.822247,0.962487
PYY2,0.000000,0.000000,Source: gse62944,0.937037,0.822247,0.962487
SIM2,0.000000,0.000000,Source: gse62944,0.937037,0.822247,0.962487
CNPY2,0.000000,0.000000,Source: gse62944,0.937037,0.822247,0.962487
NCF4,0.000000,0.000000,Source: gse62944,0.937037,0.822247,0.962487
TUBD1,0.000000,0.000000,Source: gse62944,0.937037,0.822247,0.962487
TRIM66,0.000000,0.000000,Source: gse62944,0.937037,0.822247,0.962487
ADORA3,0.000000,0.000000,Source: gse62944,0.937037,0.822247,0.962487
TSPAN5,0.000000,0.000000,Source: gse62944,0.937037,0.822247,0.962487
RBCK1,0.000000,0.000000,Source: gse62944,0.937037,0.822247,0.962487
HSPA2,0.000000,0.000000,Source: gse62944,0.937037,0.822247,0.962487
C9orf40,0.000000,0.000000,Source: gse62944,0.937037,0.822247,0.962487
ZNF45,0.000000,0.000000,Source: gse62944,0.937037,0.822247,0.962487
APOL1,0.000000,0.000000,Source: gse62944,0.937037,0.822247,0.962487
PIKFYVE,0.000000,0.000000,Source: gse62944,0.937037,0.822247,0.962487
TUBG2,0.000000,0.000000,Source: gse62944,0.937037,0.822247,0.962487
AFM,0.000000,0.000000,Source: gse62944,0.937037,0.822247,0.962487
SNAPC2,0.000000,0.000000,Source: gse62944,0.937037,0.822247,0.962487
SPO11,0.000000,0.000000,Source: gse62944,0.937037,0.822247,0.962487
MGAT3,0.000000,0.000000,Source: gse62944,0.937037,0.822247,0.962487
CYBRD1,0.000000,0.000000,Source: gse62944,0.937037,0.822247,0.962487
CALCR,0.000000,0.000000,Source: gse62944,0.937037,0.822247,0.962487
SLC1A6,0.000000,0.000000,Source: gse62944,0.937037,0.822247,0.962487
SEMA3B,0.000000,0.000000,Source: gse62944,0.937037,0.822247,0.962487
INTS8,0.000000,0.000000,Source: gse62944,0.937037,0.822247,0.962487
CABYR,0.000000,0.000000,Source: gse62944,0.937037,0.822247,0.962487
ATP9B,0.000000,0.000000,Source: gse62944,0.937037,0.822247,0.962487
PPP2R2A,0.000000,0.000000,Source: gse62944,0.937037,0.822247,0.962487
EFNB1,0.000000,0.000000,Source: gse62944,0.937037,0.822247,0.962487
SHMT2,0.000000,0.000000,Source: gse62944,0.937037,0.822247,0.962487
YIPF1,0.000000,0.000000,Source: gse62944,0.937037,0.822247,0.962487
TIMM9,0.000000,0.000000,Source: gse62944,0.937037,0.822247,0.962487
METTL1,0.000000,0.000000,Source: gse62944,0.937037,0.822247,0.962487
OR7E14P,0.000000,0.000000,Source: gse62944,0.937037,0.822247,0.962487
PRPH2,0.000000,0.000000,Source: gse62944,0.937037,0.822247,0.962487
ALDH3B1,0.000000,0.000000,Source: gse62944,0.937037,0.822247,0.962487
ZDHHC6,0.000000,0.000000,Source: gse62944,0.937037,0.822247,0.962487
KLK8,0.000000,0.000000,Source: gse62944,0.937037,0.822247,0.962487
NFATC1,0.000000,0.000000,Source: gse62944,0.937037,0.822247,0.962487
DCAF17,0.000000,0.000000,Source: gse62944,0.937037,0.822247,0.962487
ERN1,0.000000,0.000000,Source: gse62944,0.937037,0.822247,0.962487
ADCK2,0.000000,0.000000,Source: gse62944,0.937037,0.822247,0.962487
ANXA10,0.000000,0.000000,Source: gse62944,0.937037,0.822247,0.962487
GNL1,0.000000,0.000000,Source: gse62944,0.937037,0.822247,0.962487
USP11,0.000000,0.000000,Source: gse62944,0.937037,0.822247,0.962487
ERCC6,0.000000,0.000000,Source: gse62944,0.937037,0.822247,0.962487
RAB35,0.000000,0.000000,Source: gse62944,0.937037,0.822247,0.962487
WDR37,0.000000,0.000000,Source: gse62944,0.937037,0.822247,0.962487
RCAN3,0.000000,0.000000,Source: gse62944,0.937037,0.822247,0.962487
KCND3,0.000000,0.000000,Source: gse62944,0.937037,0.822247,0.962487
TSGA10,0.000000,0.000000,Source: gse62944,0.937037,0.822247,0.962487
CYBB,0.000000,0.000000,Source: gse62944,0.937037,0.822247,0.962487
SLC28A2,0.000000,0.000000,Source: gse62944,0.937037,0.822247,0.962487
SOX10,0.000000,0.000000,Source: gse62944,0.937037,0.822247,0.962487
CD3E,0.000000,0.000000,Source: gse62944,0.937037,0.822247,0.962487
NDUFB1,0.000000,0.000000,Source: gse62944,0.937037,0.822247,0.962487
SLC24A3,0.000000,0.000000,Source: gse62944,0.937037,0.822247,0.962487
BLZF1,0.000000,0.000000,Source: gse62944,0.937037,0.822247,0.962487
CNR2,0.000000,0.000000,Source: gse62944,0.937037,0.822247,0.962487
RPS24,0.000000,0.000000,Source: gse62944,0.937037,0.822247,0.962487
PSRC1,0.000000,0.000000,Source: gse62944,0.937037,0.822247,0.962487
SLC15A3,0.000000,0.000000,Source: gse62944,0.937037,0.822247,0.962487
ZMYND10,0.000000,0.000000,Source: gse62944,0.937037,0.822247,0.962487
RPL31,0.000000,0.000000,Source: gse62944,0.937037,0.822247,0.962487
ECEL1,0.000000,0.000000,Source: gse62944,0.937037,0.822247,0.962487
SCGB1D2,0.000000,0.000000,Source: gse62944,0.937037,0.822247,0.962487
GAGE1,0.000000,0.000000,Source: gse62944,0.937037,0.822247,0.962487
NMNAT2,0.000000,0.000000,Source: gse62944,0.937037,0.822247,0.962487
EFCAB6,0.000000,0.000000,Source: gse62944,0.937037,0.822247,0.962487
ADAM9,0.000000,0.000000,Source: gse62944,0.937037,0.822247,0.962487
ARNT2,0.000000,0.000000,Source: gse62944,0.937037,0.822247,0.962487
PIGV,0.000000,0.000000,Source: gse62944,0.937037,0.822247,0.962487
ABCB4,0.000000,0.000000,Source: gse62944,0.937037,0.822247,0.962487
PADI2,0.000000,0.000000,Source: gse62944,0.937037,0.822247,0.962487
TNR,0.000000,0.000000,Source: gse62944,0.937037,0.822247,0.962487
HMGCR,0.000000,0.000000,Source: gse62944,0.937037,0.822247,0.962487
DLG3,0.000000,0.000000,Source: gse62944,0.937037,0.822247,0.962487
DLEC1,0.000000,0.000000,Source: gse62944,0.937037,0.822247,0.962487
FGF8,0.000000,0.000000,Source: gse62944,0.937037,0.822247,0.962487
DHX40,0.000000,0.000000,Source: gse62944,0.937037,0.822247,0.962487
KLHDC3,0.000000,0.000000,Source: gse62944,0.937037,0.822247,0.962487
CD1B,0.000000,0.000000,Source: gse62944,0.937037,0.822247,0.962487
BMP10,0.000000,0.000000,Source: gse62944,0.937037,0.822247,0.962487
CTSO,0.000000,0.000000,Source: gse62944,0.937037,0.822247,0.962487
AFF1,0.000000,0.000000,Source: gse62944,0.937037,0.822247,0.962487
CGGBP1,0.000000,0.000000,Source: gse62944,0.937037,0.822247,0.962487
PQBP1,0.000000,0.000000,Source: gse62944,0.937037,0.822247,0.962487
TPPP3,0.000000,0.000000,Source: gse62944,0.937037,0.822247,0.962487
MMRN1,0.000000,0.000000,Source: gse62944,0.937037,0.822247,0.962487
RGS2,0.000000,0.000000,Source: gse62944,0.937037,0.822247,0.962487
SEMA3G,0.000000,0.000000,Source: gse62944,0.937037,0.822247,0.962487
ITGA9,0.000000,0.000000,Source: gse62944,0.937037,0.822247,0.962487
LRRC42,0.000000,0.000000,Source: gse62944,0.937037,0.822247,0.962487
KDM5B,0.000000,0.000000,Source: gse62944,0.937037,0.822247,0.962487
AKR1C2,0.000000,0.000000,Source: gse62944,0.937037,0.822247,0.962487
TRDN,0.000000,0.000000,Source: gse62944,0.937037,0.822247,0.962487
OR1A1,0.000000,0.000000,Source: gse62944,0.937037,0.822247,0.962487
CRH,0.000000,0.000000,Source: gse62944,0.937037,0.822247,0.962487
ALDH1A2,0.000000,0.000000,Source: gse62944,0.937037,0.822247,0.962487
NR1D2,0.000000,0.000000,Source: gse62944,0.937037,0.822247,0.962487
CETN1,0.000000,0.000000,Source: gse62944,0.937037,0.822247,0.962487
HSPB7,0.000000,0.000000,Source: gse62944,0.937037,0.822247,0.962487
DDX54,0.000000,0.000000,Source: gse62944,0.937037,0.822247,0.962487
NAB1,0.000000,0.000000,Source: gse62944,0.937037,0.822247,0.962487
ELF1,0.000000,0.000000,Source: gse62944,0.937037,0.822247,0.962487
CDT1,0.000000,0.000000,Source: gse62944,0.937037,0.822247,0.962487
RHOT1,0.000000,0.000000,Source: gse62944,0.937037,0.822247,0.962487
ABCB7,0.000000,0.000000,Source: gse62944,0.937037,0.822247,0.962487
RPL28,0.000000,0.000000,Source: gse62944,0.937037,0.822247,0.962487
GPLD1,0.000000,0.000000,Source: gse62944,0.937037,0.822247,0.962487
CSF1R,0.000000,0.000000,Source: gse62944,0.937037,0.822247,0.962487
WDR6,0.000000,0.000000,Source: gse62944,0.937037,0.822247,0.962487
PRPSAP1,0.000000,0.000000,Source: gse62944,0.937037,0.822247,0.962487
HRH2,0.000000,0.000000,Source: gse62944,0.937037,0.822247,0.962487
ELN,0.000000,0.000000,Source: gse62944,0.937037,0.822247,0.962487
MAP1LC3C,0.000000,0.000000,Source: gse62944,0.937037,0.822247,0.962487
RETSAT,0.000000,0.000000,Source: gse62944,0.937037,0.822247,0.962487
C10orf95,0.000000,0.000000,Source: gse62944,0.937037,0.822247,0.962487
SNX16,0.000000,0.000000,Source: gse62944,0.937037,0.822247,0.962487
ITGB6,0.000000,0.000000,Source: gse62944,0.937037,0.822247,0.962487
LEPR,0.000000,0.000000,Source: gse62944,0.937037,0.822247,0.962487
OR2F2,0.000000,0.000000,Source: gse62944,0.937037,0.822247,0.962487
HOXC8,0.000000,0.000000,Source: gse62944,0.937037,0.822247,0.962487
PRKD1,0.000000,0.000000,Source: gse62944,0.937037,0.822247,0.962487
ERVMER34-1,0.000000,0.000000,Source: gse62944,0.937037,0.822247,0.962487
LRRC40,0.000000,0.000000,Source: gse62944,0.937037,0.822247,0.962487
NUAK2,0.000000,0.000000,Source: gse62944,0.937037,0.822247,0.962487
PTPN11,0.000000,0.000000,Source: gse62944,0.937037,0.822247,0.962487
DSC1,0.000000,0.000000,Source: gse62944,0.937037,0.822247,0.962487
GDF2,0.000000,0.000000,Source: gse62944,0.937037,0.822247,0.962487
HEBP2,0.000000,0.000000,Source: gse62944,0.937037,0.822247,0.962487
HAX1,0.000000,0.000000,Source: gse62944,0.937037,0.822247,0.962487
TOP1,0.000000,0.000000,Source: gse62944,0.937037,0.822247,0.962487
APBB3,0.000000,0.000000,Source: gse62944,0.937037,0.822247,0.962487
CEP112,0.000000,0.000000,Source: gse62944,0.937037,0.822247,0.962487
SF3B5,0.000000,0.000000,Source: gse62944,0.937037,0.822247,0.962487
MECP2,0.000000,0.000000,Source: gse62944,0.937037,0.822247,0.962487
PIBF1,0.000000,0.000000,Source: gse62944,0.937037,0.822247,0.962487
PPP6R3,0.000000,0.000000,Source: gse62944,0.937037,0.822247,0.962487
HMGN5,0.000000,0.000000,Source: gse62944,0.937037,0.822247,0.962487
ETNK2,0.000000,0.000000,Source: gse62944,0.937037,0.822247,0.962487
POR,0.000000,0.000000,Source: gse62944,0.937037,0.822247,0.962487
DCTN6,0.000000,0.000000,Source: gse62944,0.937037,0.822247,0.962487
PASK,0.000000,0.000000,Source: gse62944,0.937037,0.822247,0.962487
C8orf44,0.000000,0.000000,Source: gse62944,0.937037,0.822247,0.962487
LLGL1,0.000000,0.000000,Source: gse62944,0.937037,0.822247,0.962487
SNRPF,0.000000,0.000000,Source: gse62944,0.937037,0.822247,0.962487
CRY2,0.000000,0.000000,Source: gse62944,0.937037,0.822247,0.962487
KIF11,0.000000,0.000000,Source: gse62944,0.937037,0.822247,0.962487
RAB6B,0.000000,0.000000,Source: gse62944,0.937037,0.822247,0.962487
EMD,0.000000,0.000000,Source: gse62944,0.937037,0.822247,0.962487
ASAP3,0.000000,0.000000,Source: gse62944,0.937037,0.822247,0.962487
PTH2R,0.000000,0.000000,Source: gse62944,0.937037,0.822247,0.962487
UCN,0.000000,0.000000,Source: gse62944,0.937037,0.822247,0.962487
RBM28,0.000000,0.000000,Source: gse62944,0.937037,0.822247,0.962487
TXNL4A,0.000000,0.000000,Source: gse62944,0.937037,0.822247,0.962487
MMP20,0.000000,0.000000,Source: gse62944,0.937037,0.822247,0.962487
RABEP2,0.000000,0.000000,Source: gse62944,0.937037,0.822247,0.962487
SBNO1,0.000000,0.000000,Source: gse62944,0.937037,0.822247,0.962487
ADH1C,0.000000,0.000000,Source: gse62944,0.937037,0.822247,0.962487
WDR91,0.000000,0.000000,Source: gse62944,0.937037,0.822247,0.962487
EDA,0.000000,0.000000,Source: gse62944,0.937037,0.822247,0.962487
NUDT9,0.000000,0.000000,Source: gse62944,0.937037,0.822247,0.962487
SLC38A6,0.000000,0.000000,Source: gse62944,0.937037,0.822247,0.962487
CPOX,0.000000,0.000000,Source: gse62944,0.937037,0.822247,0.962487
HEY1,0.000000,0.000000,Source: gse62944,0.937037,0.822247,0.962487
RNPEPL1,0.000000,0.000000,Source: gse62944,0.937037,0.822247,0.962487
PDIA4,0.000000,0.000000,Source: gse62944,0.937037,0.822247,0.962487
COPE,0.000000,0.000000,Source: gse62944,0.937037,0.822247,0.962487
ASXL3,0.000000,0.000000,Source: gse62944,0.937037,0.822247,0.962487
KCNG2,0.000000,0.000000,Source: gse62944,0.937037,0.822247,0.962487
SLC25A1,0.000000,0.000000,Source: gse62944,0.937037,0.822247,0.962487
TRHR,0.000000,0.000000,Source: gse62944,0.937037,0.822247,0.962487
PMF1,0.000000,0.000000,Source: gse62944,0.937037,0.822247,0.962487
HYAL1,0.000000,0.000000,Source: gse62944,0.937037,0.822247,0.962487
SGMS1,0.000000,0.000000,Source: gse62944,0.937037,0.822247,0.962487
ZNF514,0.000000,0.000000,Source: gse62944,0.937037,0.822247,0.962487
ARF3,0.000000,0.000000,Source: gse62944,0.937037,0.822247,0.962487
CHRNB4,0.000000,0.000000,Source: gse62944,0.937037,0.822247,0.962487
OS9,0.000000,0.000000,Source: gse62944,0.937037,0.822247,0.962487
PLAUR,0.000000,0.000000,Source: gse62944,0.937037,0.822247,0.962487
POLR2F,0.000000,0.000000,Source: gse62944,0.937037,0.822247,0.962487
BTN3A3,0.000000,0.000000,Source: gse62944,0.937037,0.822247,0.962487
BUD31,0.000000,0.000000,Source: gse62944,0.937037,0.822247,0.962487
PSD,0.000000,0.000000,Source: gse62944,0.937037,0.822247,0.962487
SREK1IP1,0.000000,0.000000,Source: gse62944,0.937037,0.822247,0.962487
MON2,0.000000,0.000000,Source: gse62944,0.937037,0.822247,0.962487
RFX2,0.000000,0.000000,Source: gse62944,0.937037,0.822247,0.962487
CSF2,0.000000,0.000000,Source: gse62944,0.937037,0.822247,0.962487
RABEP1,0.000000,0.000000,Source: gse62944,0.937037,0.822247,0.962487
DDX52,0.000000,0.000000,Source: gse62944,0.937037,0.822247,0.962487
ZNF223,0.000000,0.000000,Source: gse62944,0.937037,0.822247,0.962487
TLL1,0.000000,0.000000,Source: gse62944,0.937037,0.822247,0.962487
TMEM127,0.000000,0.000000,Source: gse62944,0.937037,0.822247,0.962487
PTHLH,0.000000,0.000000,Source: gse62944,0.937037,0.822247,0.962487
MGST3,0.000000,0.000000,Source: gse62944,0.937037,0.822247,0.962487
KIAA1614,0.000000,0.000000,Source: gse62944,0.937037,0.822247,0.962487
AP4M1,0.000000,0.000000,Source: gse62944,0.937037,0.822247,0.962487
ADD1,0.000000,0.000000,Source: gse62944,0.937037,0.822247,0.962487
ZDHHC13,0.000000,0.000000,Source: gse62944,0.937037,0.822247,0.962487
CKAP2,0.000000,0.000000,Source: gse62944,0.937037,0.822247,0.962487
GRM4,0.000000,0.000000,Source: gse62944,0.937037,0.822247,0.962487
LDOC1,0.000000,0.000000,Source: gse62944,0.937037,0.822247,0.962487
STRN3,0.000000,0.000000,Source: gse62944,0.937037,0.822247,0.962487
LZTR1,0.000000,0.000000,Source: gse62944,0.937037,0.822247,0.962487
WNT2,0.000000,0.000000,Source: gse62944,0.937037,0.822247,0.962487
PCDH7,0.000000,0.000000,Source: gse62944,0.937037,0.822247,0.962487
PEG10,0.000000,0.000000,Source: gse62944,0.937037,0.822247,0.962487
ABCG1,0.000000,0.000000,Source: gse62944,0.937037,0.822247,0.962487
G6PC2,0.000000,0.000000,Source: gse62944,0.937037,0.822247,0.962487
DAZAP2,0.000000,0.000000,Source: gse62944,0.937037,0.822247,0.962487
LCN1,0.000000,0.000000,Source: gse62944,0.937037,0.822247,0.962487
OBSL1,0.000000,0.000000,Source: gse62944,0.937037,0.822247,0.962487
CCS,0.000000,0.000000,Source: gse62944,0.937037,0.822247,0.962487
NQO1,0.000000,0.000000,Source: gse62944,0.937037,0.822247,0.962487
LCMT1,0.000000,0.000000,Source: gse62944,0.937037,0.822247,0.962487
IL5RA,0.000000,0.000000,Source: gse62944,0.937037,0.822247,0.962487
STARD13,0.000000,0.000000,Source: gse62944,0.937037,0.822247,0.962487
PSMB8,0.000000,0.000000,Source: gse62944,0.937037,0.822247,0.962487
DLK1,0.000000,0.000000,Source: gse62944,0.937037,0.822247,0.962487
CPVL,0.000000,0.000000,Source: gse62944,0.937037,0.822247,0.962487
EGFL7,0.000000,0.000000,Source: gse62944,0.937037,0.822247,0.962487
PAX2,0.000000,0.000000,Source: gse62944,0.937037,0.822247,0.962487
POU6F1,0.000000,0.000000,Source: gse62944,0.937037,0.822247,0.962487
RAD51,0.000000,0.000000,Source: gse62944,0.937037,0.822247,0.962487
SH3TC1,0.000000,0.000000,Source: gse62944,0.937037,0.822247,0.962487
MFSD9,0.000000,0.000000,Source: gse62944,0.937037,0.822247,0.962487
XYLB,0.000000,0.000000,Source: gse62944,0.937037,0.822247,0.962487
NDOR1,0.000000,0.000000,Source: gse62944,0.937037,0.822247,0.962487
PLP1,0.000000,0.000000,Source: gse62944,0.937037,0.822247,0.962487
PAPPA,0.000000,0.000000,Source: gse62944,0.937037,0.822247,0.962487
PGR,0.000000,0.000000,Source: gse62944,0.937037,0.822247,0.962487
RNF170,0.000000,0.000000,Source: gse62944,0.937037,0.822247,0.962487
CARTPT,0.000000,0.000000,Source: gse62944,0.937037,0.822247,0.962487
HNRNPCL1,0.000000,0.000000,Source: gse62944,0.937037,0.822247,0.962487
COL16A1,0.000000,0.000000,Source: gse62944,0.937037,0.822247,0.962487
ITSN2,0.000000,0.000000,Source: gse62944,0.937037,0.822247,0.962487
MBD2,0.000000,0.000000,Source: gse62944,0.937037,0.822247,0.962487
CTSK,0.000000,0.000000,Source: gse62944,0.937037,0.822247,0.962487
CPQ,0.000000,0.000000,Source: gse62944,0.937037,0.822247,0.962487
POU2F2,0.000000,0.000000,Source: gse62944,0.937037,0.822247,0.962487
NPY5R,0.000000,0.000000,Source: gse62944,0.937037,0.822247,0.962487
DCAF10,0.000000,0.000000,Source: gse62944,0.937037,0.822247,0.962487
GDAP2,0.000000,0.000000,Source: gse62944,0.937037,0.822247,0.962487
EPPK1,0.000000,0.000000,Source: gse62944,0.937037,0.822247,0.962487
NACA,0.000000,0.000000,Source: gse62944,0.937037,0.822247,0.962487
CBR4,0.000000,0.000000,Source: gse62944,0.937037,0.822247,0.962487
ANO10,0.000000,0.000000,Source: gse62944,0.937037,0.822247,0.962487
ANKRD40,0.000000,0.000000,Source: gse62944,0.937037,0.822247,0.962487
CORO2B,0.000000,0.000000,Source: gse62944,0.937037,0.822247,0.962487
ARR3,0.000000,0.000000,Source: gse62944,0.937037,0.822247,0.962487
TRIM25,0.000000,0.000000,Source: gse62944,0.937037,0.822247,0.962487
SELE,0.000000,0.000000,Source: gse62944,0.937037,0.822247,0.962487
COPS3,0.000000,0.000000,Source: gse62944,0.937037,0.822247,0.962487
HIGD1B,0.000000,0.000000,Source: gse62944,0.937037,0.822247,0.962487
PTTG3P,0.000000,0.000000,Source: gse62944,0.937037,0.822247,0.962487
TCEAL4,0.000000,0.000000,Source: gse62944,0.937037,0.822247,0.962487
ARHGEF7,0.000000,0.000000,Source: gse62944,0.937037,0.822247,0.962487
CBFA2T3,0.000000,0.000000,Source: gse62944,0.937037,0.822247,0.962487
SALL1,0.000000,0.000000,Source: gse62944,0.937037,0.822247,0.962487
SP100,0.000000,0.000000,Source: gse62944,0.937037,0.822247,0.962487
TMEM104,0.000000,0.000000,Source: gse62944,0.937037,0.822247,0.962487
DMBT1,0.000000,0.000000,Source: gse62944,0.937037,0.822247,0.962487
STT3A,0.000000,0.000000,Source: gse62944,0.937037,0.822247,0.962487
TMEM231,0.000000,0.000000,Source: gse62944,0.937037,0.822247,0.962487
CYP3A4,0.000000,0.000000,Source: gse62944,0.937037,0.822247,0.962487
SPICE1,0.000000,0.000000,Source: gse62944,0.937037,0.822247,0.962487
R3HCC1,0.000000,0.000000,Source: gse62944,0.937037,0.822247,0.962487
SAP18,0.000000,0.000000,Source: gse62944,0.937037,0.822247,0.962487
LALBA,0.000000,0.000000,Source: gse62944,0.937037,0.822247,0.962487
CHORDC1,0.000000,0.000000,Source: gse62944,0.937037,0.822247,0.962487
CDON,0.000000,0.000000,Source: gse62944,0.937037,0.822247,0.962487
POLE,0.000000,0.000000,Source: gse62944,0.937037,0.822247,0.962487
GSTA1,0.000000,0.000000,Source: gse62944,0.937037,0.822247,0.962487
TTC38,0.000000,0.000000,Source: gse62944,0.937037,0.822247,0.962487
CAPN9,0.000000,0.000000,Source: gse62944,0.937037,0.822247,0.962487
TP53TG5,0.000000,0.000000,Source: gse62944,0.937037,0.822247,0.962487
CEACAM5,0.000000,0.000000,Source: gse62944,0.937037,0.822247,0.962487
SH3GL2,0.000000,0.000000,Source: gse62944,0.937037,0.822247,0.962487
FNDC8,0.000000,0.000000,Source: gse62944,0.937037,0.822247,0.962487
LTA4H,0.000000,0.000000,Source: gse62944,0.937037,0.822247,0.962487
IRX4,0.000000,0.000000,Source: gse62944,0.937037,0.822247,0.962487
RAD52,0.000000,0.000000,Source: gse62944,0.937037,0.822247,0.962487
GSTM5,0.000000,0.000000,Source: gse62944,0.937037,0.822247,0.962487
MFAP1,0.000000,0.000000,Source: gse62944,0.937037,0.822247,0.962487
NAV2,0.000000,0.000000,Source: gse62944,0.937037,0.822247,0.962487
CYC1,0.000000,0.000000,Source: gse62944,0.937037,0.822247,0.962487
ACSBG1,0.000000,0.000000,Source: gse62944,0.937037,0.822247,0.962487
C5orf22,0.000000,0.000000,Source: gse62944,0.937037,0.822247,0.962487
TPSAB1,0.000000,0.000000,Source: gse62944,0.937037,0.822247,0.962487
PRDX1,0.000000,0.000000,Source: gse62944,0.937037,0.822247,0.962487
ACACA,0.000000,0.000000,Source: gse62944,0.937037,0.822247,0.962487
ARHGEF40,0.000000,0.000000,Source: gse62944,0.937037,0.822247,0.962487
ASCC1,0.000000,0.000000,Source: gse62944,0.937037,0.822247,0.962487
USH2A,0.000000,0.000000,Source: gse62944,0.937037,0.822247,0.962487
TNFRSF21,0.000000,0.000000,Source: gse62944,0.937037,0.822247,0.962487
CNNM2,0.000000,0.000000,Source: gse62944,0.937037,0.822247,0.962487
CYB5R3,0.000000,0.000000,Source: gse62944,0.937037,0.822247,0.962487
TMEM9B,0.000000,0.000000,Source: gse62944,0.937037,0.822247,0.962487
ZNF587B,0.000000,0.000000,Source: gse62944,0.937037,0.822247,0.962487
SHANK1,0.000000,0.000000,Source: gse62944,0.937037,0.822247,0.962487
PNLIP,0.000000,0.000000,Source: gse62944,0.937037,0.822247,0.962487
ZFYVE26,0.000000,0.000000,Source: gse62944,0.937037,0.822247,0.962487
PCDHGB5,0.000000,0.000000,Source: gse62944,0.937037,0.822247,0.962487
RALA,0.000000,0.000000,Source: gse62944,0.937037,0.822247,0.962487
SPATS2,0.000000,0.000000,Source: gse62944,0.937037,0.822247,0.962487
DSG2,0.000000,0.000000,Source: gse62944,0.937037,0.822247,0.962487
MAPKBP1,0.000000,0.000000,Source: gse62944,0.937037,0.822247,0.962487
DOLPP1,0.000000,0.000000,Source: gse62944,0.937037,0.822247,0.962487
FABP3,0.000000,0.000000,Source: gse62944,0.937037,0.822247,0.962487
BCOR,0.000000,0.000000,Source: gse62944,0.937037,0.822247,0.962487
PTPN13,0.000000,0.000000,Source: gse62944,0.937037,0.822247,0.962487
UCP2,0.000000,0.000000,Source: gse62944,0.937037,0.822247,0.962487
AMH,0.000000,0.000000,Source: gse62944,0.937037,0.822247,0.962487
KIF1B,0.000000,0.000000,Source: gse62944,0.937037,0.822247,0.962487
TSPAN2,0.000000,0.000000,Source: gse62944,0.937037,0.822247,0.962487
TRAF1,0.000000,0.000000,Source: gse62944,0.937037,0.822247,0.962487
FPGT,0.000000,0.000000,Source: gse62944,0.937037,0.822247,0.962487
HTN1,0.000000,0.000000,Source: gse62944,0.937037,0.822247,0.962487
PRKX,0.000000,0.000000,Source: gse62944,0.937037,0.822247,0.962487
PTGDR,0.000000,0.000000,Source: gse62944,0.937037,0.822247,0.962487
IMPACT,0.000000,0.000000,Source: gse62944,0.937037,0.822247,0.962487
LAT2,0.000000,0.000000,Source: gse62944,0.937037,0.822247,0.962487
RNLS,0.000000,0.000000,Source: gse62944,0.937037,0.822247,0.962487
SOX11,0.000000,0.000000,Source: gse62944,0.937037,0.822247,0.962487
AACS,0.000000,0.000000,Source: gse62944,0.937037,0.822247,0.962487
MBL1P,0.000000,0.000000,Source: gse62944,0.937037,0.822247,0.962487
ARHGEF5,0.000000,0.000000,Source: gse62944,0.937037,0.822247,0.962487
RAB36,0.000000,0.000000,Source: gse62944,0.937037,0.822247,0.962487
USP16,0.000000,0.000000,Source: gse62944,0.937037,0.822247,0.962487
GJB3,0.000000,0.000000,Source: gse62944,0.937037,0.822247,0.962487
IPPK,0.000000,0.000000,Source: gse62944,0.937037,0.822247,0.962487
CNOT2,0.000000,0.000000,Source: gse62944,0.937037,0.822247,0.962487
GABARAPL3,0.000000,0.000000,Source: gse62944,0.937037,0.822247,0.962487
SUPT7L,0.000000,0.000000,Source: gse62944,0.937037,0.822247,0.962487
PDE6B,0.000000,0.000000,Source: gse62944,0.937037,0.822247,0.962487
KCMF1,0.000000,0.000000,Source: gse62944,0.937037,0.822247,0.962487
CCL1,0.000000,0.000000,Source: gse62944,0.937037,0.822247,0.962487
KDM4D,0.000000,0.000000,Source: gse62944,0.937037,0.822247,0.962487
CIAPIN1,0.000000,0.000000,Source: gse62944,0.937037,0.822247,0.962487
SAFB2,0.000000,0.000000,Source: gse62944,0.937037,0.822247,0.962487
MIF,0.000000,0.000000,Source: gse62944,0.937037,0.822247,0.962487
TSPAN12,0.000000,0.000000,Source: gse62944,0.937037,0.822247,0.962487
B9D2,0.000000,0.000000,Source: gse62944,0.937037,0.822247,0.962487
NDUFS3,0.000000,0.000000,Source: gse62944,0.937037,0.822247,0.962487
ALDH3A2,0.000000,0.000000,Source: gse62944,0.937037,0.822247,0.962487
ACTR1A,0.000000,0.000000,Source: gse62944,0.937037,0.822247,0.962487
CCR6,0.000000,0.000000,Source: gse62944,0.937037,0.822247,0.962487
RNGTT,0.000000,0.000000,Source: gse62944,0.937037,0.822247,0.962487
TCTN2,0.000000,0.000000,Source: gse62944,0.937037,0.822247,0.962487
ALPI,0.000000,0.000000,Source: gse62944,0.937037,0.822247,0.962487
SIKE1,0.000000,0.000000,Source: gse62944,0.937037,0.822247,0.962487
TMC6,0.000000,0.000000,Source: gse62944,0.937037,0.822247,0.962487
NIT2,0.000000,0.000000,Source: gse62944,0.937037,0.822247,0.962487
MORC3,0.000000,0.000000,Source: gse62944,0.937037,0.822247,0.962487
AATK,0.000000,0.000000,Source: gse62944,0.937037,0.822247,0.962487
ITPR3,0.000000,0.000000,Source: gse62944,0.937037,0.822247,0.962487
DNMBP,0.000000,0.000000,Source: gse62944,0.937037,0.822247,0.962487
STEAP1,0.000000,0.000000,Source: gse62944,0.937037,0.822247,0.962487
MAPK8,0.000000,0.000000,Source: gse62944,0.937037,0.822247,0.962487
SAR1A,0.000000,0.000000,Source: gse62944,0.937037,0.822247,0.962487
PSMB4,0.000000,0.000000,Source: gse62944,0.937037,0.822247,0.962487
VDR,0.000000,0.000000,Source: gse62944,0.937037,0.822247,0.962487
PRPF39,0.000000,0.000000,Source: gse62944,0.937037,0.822247,0.962487
RGN,0.000000,0.000000,Source: gse62944,0.937037,0.822247,0.962487
ALDH8A1,0.000000,0.000000,Source: gse62944,0.937037,0.822247,0.962487
SLC39A7,0.000000,0.000000,Source: gse62944,0.937037,0.822247,0.962487
HERC4,0.000000,0.000000,Source: gse62944,0.937037,0.822247,0.962487
GRIK1,0.000000,0.000000,Source: gse62944,0.937037,0.822247,0.962487
FICD,0.000000,0.000000,Source: gse62944,0.937037,0.822247,0.962487
FOXL1,0.000000,0.000000,Source: gse62944,0.937037,0.822247,0.962487
SNRPD2,0.000000,0.000000,Source: gse62944,0.937037,0.822247,0.962487
TFCP2L1,0.000000,0.000000,Source: gse62944,0.937037,0.822247,0.962487
P2RX3,0.000000,0.000000,Source: gse62944,0.937037,0.822247,0.962487
FGB,0.000000,0.000000,Source: gse62944,0.937037,0.822247,0.962487
TGM3,0.000000,0.000000,Source: gse62944,0.937037,0.822247,0.962487
SLC38A2,0.000000,0.000000,Source: gse62944,0.937037,0.822247,0.962487
TNNI2,0.000000,0.000000,Source: gse62944,0.937037,0.822247,0.962487
HAUS3,0.000000,0.000000,Source: gse62944,0.937037,0.822247,0.962487
KRT2,0.000000,0.000000,Source: gse62944,0.937037,0.822247,0.962487
RPS3,0.000000,0.000000,Source: gse62944,0.937037,0.822247,0.962487
CKAP4,0.000000,0.000000,Source: gse62944,0.937037,0.822247,0.962487
GRIK2,0.000000,0.000000,Source: gse62944,0.937037,0.822247,0.962487
VEGFB,0.000000,0.000000,Source: gse62944,0.937037,0.822247,0.962487
SMC3,0.000000,0.000000,Source: gse62944,0.937037,0.822247,0.962487
STX16,0.000000,0.000000,Source: gse62944,0.937037,0.822247,0.962487
HLA-DRB6,0.000000,0.000000,Source: gse62944,0.937037,0.822247,0.962487
AMBP,0.000000,0.000000,Source: gse62944,0.937037,0.822247,0.962487
FAM107A,0.000000,0.000000,Source: gse62944,0.937037,0.822247,0.962487
SMTN,0.000000,0.000000,Source: gse62944,0.937037,0.822247,0.962487
EPHA2,0.000000,0.000000,Source: gse62944,0.937037,0.822247,0.962487
MACROD1,0.000000,0.000000,Source: gse62944,0.937037,0.822247,0.962487
CCL5,0.000000,0.000000,Source: gse62944,0.937037,0.822247,0.962487
FTCD,0.000000,0.000000,Source: gse62944,0.937037,0.822247,0.962487
ZC3H13,0.000000,0.000000,Source: gse62944,0.937037,0.822247,0.962487
DUSP2,0.000000,0.000000,Source: gse62944,0.937037,0.822247,0.962487
KANSL1L,0.000000,0.000000,Source: gse62944,0.937037,0.822247,0.962487
PIAS1,0.000000,0.000000,Source: gse62944,0.937037,0.822247,0.962487
TAF1A,0.000000,0.000000,Source: gse62944,0.937037,0.822247,0.962487
SIN3B,0.000000,0.000000,Source: gse62944,0.937037,0.822247,0.962487
DOCK9,0.000000,0.000000,Source: gse62944,0.937037,0.822247,0.962487
DMXL1,0.000000,0.000000,Source: gse62944,0.937037,0.822247,0.962487
GAB1,0.000000,0.000000,Source: gse62944,0.937037,0.822247,0.962487
ANKH,0.000000,0.000000,Source: gse62944,0.937037,0.822247,0.962487
CDH4,0.000000,0.000000,Source: gse62944,0.937037,0.822247,0.962487
GCNT1,0.000000,0.000000,Source: gse62944,0.937037,0.822247,0.962487
FABP1,0.000000,0.000000,Source: gse62944,0.937037,0.822247,0.962487
EBI3,0.000000,0.000000,Source: gse62944,0.937037,0.822247,0.962487
TFPI2,0.000000,0.000000,Source: gse62944,0.937037,0.822247,0.962487
IL4,0.000000,0.000000,Source: gse62944,0.937037,0.822247,0.962487
RPL8,0.000000,0.000000,Source: gse62944,0.937037,0.822247,0.962487
KANK3,0.000000,0.000000,Source: gse62944,0.937037,0.822247,0.962487
PON2,0.000000,0.000000,Source: gse62944,0.937037,0.822247,0.962487
RBL1,0.000000,0.000000,Source: gse62944,0.937037,0.822247,0.962487
STEAP3,0.000000,0.000000,Source: gse62944,0.937037,0.822247,0.962487
THPO,0.000000,0.000000,Source: gse62944,0.937037,0.822247,0.962487
ZER1,0.000000,0.000000,Source: gse62944,0.937037,0.822247,0.962487
ACTN4,0.000000,0.000000,Source: gse62944,0.937037,0.822247,0.962487
STK39,0.000000,0.000000,Source: gse62944,0.937037,0.822247,0.962487
SLC5A6,0.000000,0.000000,Source: gse62944,0.937037,0.822247,0.962487
SLC22A1,0.000000,0.000000,Source: gse62944,0.937037,0.822247,0.962487
SSTR1,0.000000,0.000000,Source: gse62944,0.937037,0.822247,0.962487
ARHGAP10,0.000000,0.000000,Source: gse62944,0.937037,0.822247,0.962487
ZP2,0.000000,0.000000,Source: gse62944,0.937037,0.822247,0.962487
PPP1R11,0.000000,0.000000,Source: gse62944,0.937037,0.822247,0.962487
CGRRF1,0.000000,0.000000,Source: gse62944,0.937037,0.822247,0.962487
NMB,0.000000,0.000000,Source: gse62944,0.937037,0.822247,0.962487
ST8SIA4,0.000000,0.000000,Source: gse62944,0.937037,0.822247,0.962487
CYP2A7,0.000000,0.000000,Source: gse62944,0.937037,0.822247,0.962487
DKKL1,0.000000,0.000000,Source: gse62944,0.937037,0.822247,0.962487
AZGP1P1,0.000000,0.000000,Source: gse62944,0.937037,0.822247,0.962487
UQCRC1,0.000000,0.000000,Source: gse62944,0.937037,0.822247,0.962487
METTL9,0.000000,0.000000,Source: gse62944,0.937037,0.822247,0.962487
TTC1,0.000000,0.000000,Source: gse62944,0.937037,0.822247,0.962487
CDCP1,0.000000,0.000000,Source: gse62944,0.937037,0.822247,0.962487
CRIP2,0.000000,0.000000,Source: gse62944,0.937037,0.822247,0.962487
VPREB3,0.000000,0.000000,Source: gse62944,0.937037,0.822247,0.962487
TAAR2,0.000000,0.000000,Source: gse62944,0.937037,0.822247,0.962487
PPARG,0.000000,0.000000,Source: gse62944,0.937037,0.822247,0.962487
OR12D3,0.000000,0.000000,Source: gse62944,0.937037,0.822247,0.962487
ELK1,0.000000,0.000000,Source: gse62944,0.937037,0.822247,0.962487
GDNF,0.000000,0.000000,Source: gse62944,0.937037,0.822247,0.962487
KCNIP1,0.000000,0.000000,Source: gse62944,0.937037,0.822247,0.962487
FBP2,0.000000,0.000000,Source: gse62944,0.937037,0.822247,0.962487
GMCL1,0.000000,0.000000,Source: gse62944,0.937037,0.822247,0.962487
PTCD3,0.000000,0.000000,Source: gse62944,0.937037,0.822247,0.962487
SHC2,0.000000,0.000000,Source: gse62944,0.937037,0.822247,0.962487
RXFP3,0.000000,0.000000,Source: gse62944,0.937037,0.822247,0.962487
WDR12,0.000000,0.000000,Source: gse62944,0.937037,0.822247,0.962487
TLE4,0.000000,0.000000,Source: gse62944,0.937037,0.822247,0.962487
TSR1,0.000000,0.000000,Source: gse62944,0.937037,0.822247,0.962487
SLC48A1,0.000000,0.000000,Source: gse62944,0.937037,0.822247,0.962487
CYP4B1,0.000000,0.000000,Source: gse62944,0.937037,0.822247,0.962487
CDKN2A,0.000000,0.000000,Source: gse62944,0.937037,0.822247,0.962487
GGA2,0.000000,0.000000,Source: gse62944,0.937037,0.822247,0.962487
SLC25A11,0.000000,0.000000,Source: gse62944,0.937037,0.822247,0.962487
CAMK2N1,0.000000,0.000000,Source: gse62944,0.937037,0.822247,0.962487
DPP3,0.000000,0.000000,Source: gse62944,0.937037,0.822247,0.962487
CDK4,0.000000,0.000000,Source: gse62944,0.937037,0.822247,0.962487
LRFN3,0.000000,0.000000,Source: gse62944,0.937037,0.822247,0.962487
MGLL,0.000000,0.000000,Source: gse62944,0.937037,0.822247,0.962487
DTX3,0.000000,0.000000,Source: gse62944,0.937037,0.822247,0.962487
CYP46A1,0.000000,0.000000,Source: gse62944,0.937037,0.822247,0.962487
FER1L4,0.000000,0.000000,Source: gse62944,0.937037,0.822247,0.962487
PSMB6,0.000000,0.000000,Source: gse62944,0.937037,0.822247,0.962487
IL22,0.000000,0.000000,Source: gse62944,0.937037,0.822247,0.962487
NPC2,0.000000,0.000000,Source: gse62944,0.937037,0.822247,0.962487
TSPAN14,0.000000,0.000000,Source: gse62944,0.937037,0.822247,0.962487
TGM5,0.000000,0.000000,Source: gse62944,0.937037,0.822247,0.962487
CD244,0.000000,0.000000,Source: gse62944,0.937037,0.822247,0.962487
LPAR3,0.000000,0.000000,Source: gse62944,0.937037,0.822247,0.962487
HPSE2,0.000000,0.000000,Source: gse62944,0.937037,0.822247,0.962487
ICA1,0.000000,0.000000,Source: gse62944,0.937037,0.822247,0.962487
LARP6,0.000000,0.000000,Source: gse62944,0.937037,0.822247,0.962487
PLP2,0.000000,0.000000,Source: gse62944,0.937037,0.822247,0.962487
EN2,0.000000,0.000000,Source: gse62944,0.937037,0.822247,0.962487
COX5A,0.000000,0.000000,Source: gse62944,0.937037,0.822247,0.962487
ARHGAP24,0.000000,0.000000,Source: gse62944,0.937037,0.822247,0.962487
RAB3GAP2,0.000000,0.000000,Source: gse62944,0.937037,0.822247,0.962487
ZFHX3,0.000000,0.000000,Source: gse62944,0.937037,0.822247,0.962487
ZNF10,0.000000,0.000000,Source: gse62944,0.937037,0.822247,0.962487
LIMK2,0.000000,0.000000,Source: gse62944,0.937037,0.822247,0.962487
DCTN5,0.000000,0.000000,Source: gse62944,0.937037,0.822247,0.962487
TACO1,0.000000,0.000000,Source: gse62944,0.937037,0.822247,0.962487
GLB1L,0.000000,0.000000,Source: gse62944,0.937037,0.822247,0.962487
FTL,0.000000,0.000000,Source: gse62944,0.937037,0.822247,0.962487
HRG,0.000000,0.000000,Source: gse62944,0.937037,0.822247,0.962487
RPRM,0.000000,0.000000,Source: gse62944,0.937037,0.822247,0.962487
PEPD,0.000000,0.000000,Source: gse62944,0.937037,0.822247,0.962487
ATP2A3,0.000000,0.000000,Source: gse62944,0.937037,0.822247,0.962487
TBKBP1,0.000000,0.000000,Source: gse62944,0.937037,0.822247,0.962487
MYH13,0.000000,0.000000,Source: gse62944,0.937037,0.822247,0.962487
MVP,0.000000,0.000000,Source: gse62944,0.937037,0.822247,0.962487
HSPA14,0.000000,0.000000,Source: gse62944,0.937037,0.822247,0.962487
SENP7,0.000000,0.000000,Source: gse62944,0.937037,0.822247,0.962487
FGF14,0.000000,0.000000,Source: gse62944,0.937037,0.822247,0.962487
ZNF345,0.000000,0.000000,Source: gse62944,0.937037,0.822247,0.962487
THBS4,0.000000,0.000000,Source: gse62944,0.937037,0.822247,0.962487
PHKA1,0.000000,0.000000,Source: gse62944,0.937037,0.822247,0.962487
S100A1,0.000000,0.000000,Source: gse62944,0.937037,0.822247,0.962487
MSC,0.000000,0.000000,Source: gse62944,0.937037,0.822247,0.962487
ZKSCAN4,0.000000,0.000000,Source: gse62944,0.937037,0.822247,0.962487
SERTAD2,0.000000,0.000000,Source: gse62944,0.937037,0.822247,0.962487
NT5E,0.000000,0.000000,Source: gse62944,0.937037,0.822247,0.962487
AIRE,0.000000,0.000000,Source: gse62944,0.937037,0.822247,0.962487
MID1,0.000000,0.000000,Source: gse62944,0.937037,0.822247,0.962487
OSBPL2,0.000000,0.000000,Source: gse62944,0.937037,0.822247,0.962487
CLCN4,0.000000,0.000000,Source: gse62944,0.937037,0.822247,0.962487
ORC2,0.000000,0.000000,Source: gse62944,0.937037,0.822247,0.962487
RBM47,0.000000,0.000000,Source: gse62944,0.937037,0.822247,0.962487
UVRAG,0.000000,0.000000,Source: gse62944,0.937037,0.822247,0.962487
TSPAN1,0.000000,0.000000,Source: gse62944,0.937037,0.822247,0.962487
POU2F3,0.000000,0.000000,Source: gse62944,0.937037,0.822247,0.962487
PUS3,0.000000,0.000000,Source: gse62944,0.937037,0.822247,0.962487
C11orf16,0.000000,0.000000,Source: gse62944,0.937037,0.822247,0.962487
R3HDM1,0.000000,0.000000,Source: gse62944,0.937037,0.822247,0.962487
HSD17B6,0.000000,0.000000,Source: gse62944,0.937037,0.822247,0.962487
CCDC57,0.000000,0.000000,Source: gse62944,0.937037,0.822247,0.962487
RTP4,0.000000,0.000000,Source: gse62944,0.937037,0.822247,0.962487
HSD17B3,0.000000,0.000000,Source: gse62944,0.937037,0.822247,0.962487
MAK,0.000000,0.000000,Source: gse62944,0.937037,0.822247,0.962487
SSTR3,0.000000,0.000000,Source: gse62944,0.937037,0.822247,0.962487
RASGRP3,0.000000,0.000000,Source: gse62944,0.937037,0.822247,0.962487
DAZAP1,0.000000,0.000000,Source: gse62944,0.937037,0.822247,0.962487
EIF2AK1,0.000000,0.000000,Source: gse62944,0.937037,0.822247,0.962487
SLC1A3,0.000000,0.000000,Source: gse62944,0.937037,0.822247,0.962487
TAF4B,0.000000,0.000000,Source: gse62944,0.937037,0.822247,0.962487
MDM4,0.000000,0.000000,Source: gse62944,0.937037,0.822247,0.962487
IFNG,0.000000,0.000000,Source: gse62944,0.937037,0.822247,0.962487
LAMP2,0.000000,0.000000,Source: gse62944,0.937037,0.822247,0.962487
TSPAN7,0.000000,0.000000,Source: gse62944,0.937037,0.822247,0.962487
RAPGEF4,0.000000,0.000000,Source: gse62944,0.937037,0.822247,0.962487
ZSCAN18,0.000000,0.000000,Source: gse62944,0.937037,0.822247,0.962487
ATP2C1,0.000000,0.000000,Source: gse62944,0.937037,0.822247,0.962487
GPAA1,0.000000,0.000000,Source: gse62944,0.937037,0.822247,0.962487
CDS1,0.000000,0.000000,Source: gse62944,0.937037,0.822247,0.962487
GPC4,0.000000,0.000000,Source: gse62944,0.937037,0.822247,0.962487
RALGAPA1,0.000000,0.000000,Source: gse62944,0.937037,0.822247,0.962487
RNF186,0.000000,0.000000,Source: gse62944,0.937037,0.822247,0.962487
RELA,0.000000,0.000000,Source: gse62944,0.937037,0.822247,0.962487
MRPS35,0.000000,0.000000,Source: gse62944,0.937037,0.822247,0.962487
SF3A3,0.000000,0.000000,Source: gse62944,0.937037,0.822247,0.962487
POP5,0.000000,0.000000,Source: gse62944,0.937037,0.822247,0.962487
CLCA4,0.000000,0.000000,Source: gse62944,0.937037,0.822247,0.962487
COL7A1,0.000000,0.000000,Source: gse62944,0.937037,0.822247,0.962487
PTOV1,0.000000,0.000000,Source: gse62944,0.937037,0.822247,0.962487
ARID5A,0.000000,0.000000,Source: gse62944,0.937037,0.822247,0.962487
OPA3,0.000000,0.000000,Source: gse62944,0.937037,0.822247,0.962487
POGLUT1,0.000000,0.000000,Source: gse62944,0.937037,0.822247,0.962487
EBNA1BP2,0.000000,0.000000,Source: gse62944,0.937037,0.822247,0.962487
PPT2,0.000000,0.000000,Source: gse62944,0.937037,0.822247,0.962487
GOLPH3L,0.000000,0.000000,Source: gse62944,0.937037,0.822247,0.962487
ATXN7L1,0.000000,0.000000,Source: gse62944,0.937037,0.822247,0.962487
OR2B6,0.000000,0.000000,Source: gse62944,0.937037,0.822247,0.962487
HIPK1,0.000000,0.000000,Source: gse62944,0.937037,0.822247,0.962487
RIT2,0.000000,0.000000,Source: gse62944,0.937037,0.822247,0.962487
NUP37,0.000000,0.000000,Source: gse62944,0.937037,0.822247,0.962487
MAPK9,0.000000,0.000000,Source: gse62944,0.937037,0.822247,0.962487
KLF13,0.000000,0.000000,Source: gse62944,0.937037,0.822247,0.962487
SLC31A2,0.000000,0.000000,Source: gse62944,0.937037,0.822247,0.962487
PIK3R2,0.000000,0.000000,Source: gse62944,0.937037,0.822247,0.962487
SMPD2,0.000000,0.000000,Source: gse62944,0.937037,0.822247,0.962487
S100A2,0.000000,0.000000,Source: gse62944,0.937037,0.822247,0.962487
LITAF,0.000000,0.000000,Source: gse62944,0.937037,0.822247,0.962487
HCK,0.000000,0.000000,Source: gse62944,0.937037,0.822247,0.962487
FAN1,0.000000,0.000000,Source: gse62944,0.937037,0.822247,0.962487
TFAP4,0.000000,0.000000,Source: gse62944,0.937037,0.822247,0.962487
GTF2H4,0.000000,0.000000,Source: gse62944,0.937037,0.822247,0.962487
PPP1R3A,0.000000,0.000000,Source: gse62944,0.937037,0.822247,0.962487
TST,0.000000,0.000000,Source: gse62944,0.937037,0.822247,0.962487
MON1B,0.000000,0.000000,Source: gse62944,0.937037,0.822247,0.962487
SREBF2,0.000000,0.000000,Source: gse62944,0.937037,0.822247,0.962487
CYP24A1,0.000000,0.000000,Source: gse62944,0.937037,0.822247,0.962487
GABRQ,0.000000,0.000000,Source: gse62944,0.937037,0.822247,0.962487
TPRKB,0.000000,0.000000,Source: gse62944,0.937037,0.822247,0.962487
MPZL1,0.000000,0.000000,Source: gse62944,0.937037,0.822247,0.962487
PLCG2,0.000000,0.000000,Source: gse62944,0.937037,0.822247,0.962487
TBK1,0.000000,0.000000,Source: gse62944,0.937037,0.822247,0.962487
HPS4,0.000000,0.000000,Source: gse62944,0.937037,0.822247,0.962487
AVPI1,0.000000,0.000000,Source: gse62944,0.937037,0.822247,0.962487
TLR5,0.000000,0.000000,Source: gse62944,0.937037,0.822247,0.962487
FAM117A,0.000000,0.000000,Source: gse62944,0.937037,0.822247,0.962487
WDR70,0.000000,0.000000,Source: gse62944,0.937037,0.822247,0.962487
HUS1,0.000000,0.000000,Source: gse62944,0.937037,0.822247,0.962487
KRR1,0.000000,0.000000,Source: gse62944,0.937037,0.822247,0.962487
SIGIRR,0.000000,0.000000,Source: gse62944,0.937037,0.822247,0.962487
TBC1D22B,0.000000,0.000000,Source: gse62944,0.937037,0.822247,0.962487
KDM5A,0.000000,0.000000,Source: gse62944,0.937037,0.822247,0.962487
GCNT2,0.000000,0.000000,Source: gse62944,0.937037,0.822247,0.962487
RBM19,0.000000,0.000000,Source: gse62944,0.937037,0.822247,0.962487
TOM1L1,0.000000,0.000000,Source: gse62944,0.937037,0.822247,0.962487
IMPDH2,0.000000,0.000000,Source: gse62944,0.937037,0.822247,0.962487
MYT1L,0.000000,0.000000,Source: gse62944,0.937037,0.822247,0.962487
PCDHB8,0.000000,0.000000,Source: gse62944,0.937037,0.822247,0.962487
CEP104,0.000000,0.000000,Source: gse62944,0.937037,0.822247,0.962487
GDE1,0.000000,0.000000,Source: gse62944,0.937037,0.822247,0.962487
NDUFB7,0.000000,0.000000,Source: gse62944,0.937037,0.822247,0.962487
CCDC22,0.000000,0.000000,Source: gse62944,0.937037,0.822247,0.962487
HSPG2,0.000000,0.000000,Source: gse62944,0.937037,0.822247,0.962487
SPAG7,0.000000,0.000000,Source: gse62944,0.937037,0.822247,0.962487
LOC254896,0.000000,0.000000,Source: gse62944,0.937037,0.822247,0.962487
GGPS1,0.000000,0.000000,Source: gse62944,0.937037,0.822247,0.962487
SSX5,0.000000,0.000000,Source: gse62944,0.937037,0.822247,0.962487
FRZB,0.000000,0.000000,Source: gse62944,0.937037,0.822247,0.962487
PECR,0.000000,0.000000,Source: gse62944,0.937037,0.822247,0.962487
MAP3K7,0.000000,0.000000,Source: gse62944,0.937037,0.822247,0.962487
SLC16A3,0.000000,0.000000,Source: gse62944,0.937037,0.822247,0.962487
MAN1A2,0.000000,0.000000,Source: gse62944,0.937037,0.822247,0.962487
KLHL22,0.000000,0.000000,Source: gse62944,0.937037,0.822247,0.962487
SLC9A7,0.000000,0.000000,Source: gse62944,0.937037,0.822247,0.962487
IP6K1,0.000000,0.000000,Source: gse62944,0.937037,0.822247,0.962487
ARID5B,0.000000,0.000000,Source: gse62944,0.937037,0.822247,0.962487
CIDEA,0.000000,0.000000,Source: gse62944,0.937037,0.822247,0.962487
TRIM52,0.000000,0.000000,Source: gse62944,0.937037,0.822247,0.962487
SYT13,0.000000,0.000000,Source: gse62944,0.937037,0.822247,0.962487
ZNF124,0.000000,0.000000,Source: gse62944,0.937037,0.822247,0.962487
KCNAB1,0.000000,0.000000,Source: gse62944,0.937037,0.822247,0.962487
PDLIM1,0.000000,0.000000,Source: gse62944,0.937037,0.822247,0.962487
ACTR8,0.000000,0.000000,Source: gse62944,0.937037,0.822247,0.962487
DUSP14,0.000000,0.000000,Source: gse62944,0.937037,0.822247,0.962487
DBT,0.000000,0.000000,Source: gse62944,0.937037,0.822247,0.962487
PITPNM3,0.000000,0.000000,Source: gse62944,0.937037,0.822247,0.962487
RBM23,0.000000,0.000000,Source: gse62944,0.937037,0.822247,0.962487
CLDN6,0.000000,0.000000,Source: gse62944,0.937037,0.822247,0.962487
FABP6,0.000000,0.000000,Source: gse62944,0.937037,0.822247,0.962487
CD3G,0.000000,0.000000,Source: gse62944,0.937037,0.822247,0.962487
HPR,0.000000,0.000000,Source: gse62944,0.937037,0.822247,0.962487
OGDH,0.000000,0.000000,Source: gse62944,0.937037,0.822247,0.962487
AURKC,0.000000,0.000000,Source: gse62944,0.937037,0.822247,0.962487
MECR,0.000000,0.000000,Source: gse62944,0.937037,0.822247,0.962487
LARP4B,0.000000,0.000000,Source: gse62944,0.937037,0.822247,0.962487
SLC25A15,0.000000,0.000000,Source: gse62944,0.937037,0.822247,0.962487
TBX3,0.000000,0.000000,Source: gse62944,0.937037,0.822247,0.962487
CD7,0.000000,0.000000,Source: gse62944,0.937037,0.822247,0.962487
C1orf216,0.000000,0.000000,Source: gse62944,0.937037,0.822247,0.962487
CDC25A,0.000000,0.000000,Source: gse62944,0.937037,0.822247,0.962487
ITGA5,0.000000,0.000000,Source: gse62944,0.937037,0.822247,0.962487
SRSF4,0.000000,0.000000,Source: gse62944,0.937037,0.822247,0.962487
PCDHB12,0.000000,0.000000,Source: gse62944,0.937037,0.822247,0.962487
SPTA1,0.000000,0.000000,Source: gse62944,0.937037,0.822247,0.962487
PRKAB2,0.000000,0.000000,Source: gse62944,0.937037,0.822247,0.962487
MAGEL2,0.000000,0.000000,Source: gse62944,0.937037,0.822247,0.962487
HBEGF,0.000000,0.000000,Source: gse62944,0.937037,0.822247,0.962487
ENDOG,0.000000,0.000000,Source: gse62944,0.937037,0.822247,0.962487
ITFG2,0.000000,0.000000,Source: gse62944,0.937037,0.822247,0.962487
CUL1,0.000000,0.000000,Source: gse62944,0.937037,0.822247,0.962487
S1PR4,0.000000,0.000000,Source: gse62944,0.937037,0.822247,0.962487
SLC29A3,0.000000,0.000000,Source: gse62944,0.937037,0.822247,0.962487
LRRC23,0.000000,0.000000,Source: gse62944,0.937037,0.822247,0.962487
FUT4,0.000000,0.000000,Source: gse62944,0.937037,0.822247,0.962487
PPP2R5C,0.000000,0.000000,Source: gse62944,0.937037,0.822247,0.962487
ARG2,0.000000,0.000000,Source: gse62944,0.937037,0.822247,0.962487
ZC3H7B,0.000000,0.000000,Source: gse62944,0.937037,0.822247,0.962487
DHX35,0.000000,0.000000,Source: gse62944,0.937037,0.822247,0.962487
ING1,0.000000,0.000000,Source: gse62944,0.937037,0.822247,0.962487
SARDH,0.000000,0.000000,Source: gse62944,0.937037,0.822247,0.962487
CDKL5,0.000000,0.000000,Source: gse62944,0.937037,0.822247,0.962487
NOTCH2,0.000000,0.000000,Source: gse62944,0.937037,0.822247,0.962487
MYH3,0.000000,0.000000,Source: gse62944,0.937037,0.822247,0.962487
CFD,0.000000,0.000000,Source: gse62944,0.937037,0.822247,0.962487
XPO7,0.000000,0.000000,Source: gse62944,0.937037,0.822247,0.962487
SETD6,0.000000,0.000000,Source: gse62944,0.937037,0.822247,0.962487
CHRNA2,0.000000,0.000000,Source: gse62944,0.937037,0.822247,0.962487
NFKBIL1,0.000000,0.000000,Source: gse62944,0.937037,0.822247,0.962487
SIAH1,0.000000,0.000000,Source: gse62944,0.937037,0.822247,0.962487
TCTA,0.000000,0.000000,Source: gse62944,0.937037,0.822247,0.962487
NGB,0.000000,0.000000,Source: gse62944,0.937037,0.822247,0.962487
GCC1,0.000000,0.000000,Source: gse62944,0.937037,0.822247,0.962487
ARHGEF26,0.000000,0.000000,Source: gse62944,0.937037,0.822247,0.962487
ZFPL1,0.000000,0.000000,Source: gse62944,0.937037,0.822247,0.962487
HTT,0.000000,0.000000,Source: gse62944,0.937037,0.822247,0.962487
EPHX3,0.000000,0.000000,Source: gse62944,0.937037,0.822247,0.962487
DOCK5,0.000000,0.000000,Source: gse62944,0.937037,0.822247,0.962487
RABGAP1,0.000000,0.000000,Source: gse62944,0.937037,0.822247,0.962487
IQSEC2,0.000000,0.000000,Source: gse62944,0.937037,0.822247,0.962487
COMMD4,0.000000,0.000000,Source: gse62944,0.937037,0.822247,0.962487
SMAD5,0.000000,0.000000,Source: gse62944,0.937037,0.822247,0.962487
EIF2B2,0.000000,0.000000,Source: gse62944,0.937037,0.822247,0.962487
GTPBP3,0.000000,0.000000,Source: gse62944,0.937037,0.822247,0.962487
ZBTB10,0.000000,0.000000,Source: gse62944,0.937037,0.822247,0.962487
SPIB,0.000000,0.000000,Source: gse62944,0.937037,0.822247,0.962487
HAP1,0.000000,0.000000,Source: gse62944,0.937037,0.822247,0.962487
HDLBP,0.000000,0.000000,Source: gse62944,0.937037,0.822247,0.962487
LILRA6,0.000000,0.000000,Source: gse62944,0.937037,0.822247,0.962487
HOXB3,0.000000,0.000000,Source: gse62944,0.937037,0.822247,0.962487
PCBP1,0.000000,0.000000,Source: gse62944,0.937037,0.822247,0.962487
ZNF391,0.000000,0.000000,Source: gse62944,0.937037,0.822247,0.962487
ATP7B,0.000000,0.000000,Source: gse62944,0.937037,0.822247,0.962487
HPCAL1,0.000000,0.000000,Source: gse62944,0.937037,0.822247,0.962487
YY1AP1,0.000000,0.000000,Source: gse62944,0.937037,0.822247,0.962487
AAAS,0.000000,0.000000,Source: gse62944,0.937037,0.822247,0.962487
IL33,0.000000,0.000000,Source: gse62944,0.937037,0.822247,0.962487
KIAA0513,0.000000,0.000000,Source: gse62944,0.937037,0.822247,0.962487
NR4A3,0.000000,0.000000,Source: gse62944,0.937037,0.822247,0.962487
PCDHGA10,0.000000,0.000000,Source: gse62944,0.937037,0.822247,0.962487
ERCC3,0.000000,0.000000,Source: gse62944,0.937037,0.822247,0.962487
HLA-E,0.000000,0.000000,Source: gse62944,0.937037,0.822247,0.962487
DNAJC6,0.000000,0.000000,Source: gse62944,0.937037,0.822247,0.962487
CCT3,0.000000,0.000000,Source: gse62944,0.937037,0.822247,0.962487
DYNC1LI1,0.000000,0.000000,Source: gse62944,0.937037,0.822247,0.962487
MLLT11,0.000000,0.000000,Source: gse62944,0.937037,0.822247,0.962487
GRIN2A,0.000000,0.000000,Source: gse62944,0.937037,0.822247,0.962487
MRC2,0.000000,0.000000,Source: gse62944,0.937037,0.822247,0.962487
DPPA4,0.000000,0.000000,Source: gse62944,0.937037,0.822247,0.962487
TAF1B,0.000000,0.000000,Source: gse62944,0.937037,0.822247,0.962487
TCP11,0.000000,0.000000,Source: gse62944,0.937037,0.822247,0.962487
ATP8B2,0.000000,0.000000,Source: gse62944,0.937037,0.822247,0.962487
LYZ,0.000000,0.000000,Source: gse62944,0.937037,0.822247,0.962487
DPAGT1,0.000000,0.000000,Source: gse62944,0.937037,0.822247,0.962487
TFE3,0.000000,0.000000,Source: gse62944,0.937037,0.822247,0.962487
AXL,0.000000,0.000000,Source: gse62944,0.937037,0.822247,0.962487
CCR2,0.000000,0.000000,Source: gse62944,0.937037,0.822247,0.962487
ICOS,0.000000,0.000000,Source: gse62944,0.937037,0.822247,0.962487
ODF2,0.000000,0.000000,Source: gse62944,0.937037,0.822247,0.962487
ADTRP,0.000000,0.000000,Source: gse62944,0.937037,0.822247,0.962487
TAL1,0.000000,0.000000,Source: gse62944,0.937037,0.822247,0.962487
TBCC,0.000000,0.000000,Source: gse62944,0.937037,0.822247,0.962487
BAIAP3,0.000000,0.000000,Source: gse62944,0.937037,0.822247,0.962487
PEX26,0.000000,0.000000,Source: gse62944,0.937037,0.822247,0.962487
NVL,0.000000,0.000000,Source: gse62944,0.937037,0.822247,0.962487
TIMM17A,0.000000,0.000000,Source: gse62944,0.937037,0.822247,0.962487
RPL23,0.000000,0.000000,Source: gse62944,0.937037,0.822247,0.962487
PLOD1,0.000000,0.000000,Source: gse62944,0.937037,0.822247,0.962487
FBL,0.000000,0.000000,Source: gse62944,0.937037,0.822247,0.962487
PSMA2,0.000000,0.000000,Source: gse62944,0.937037,0.822247,0.962487
ST6GAL1,0.000000,0.000000,Source: gse62944,0.937037,0.822247,0.962487
INHBA,0.000000,0.000000,Source: gse62944,0.937037,0.822247,0.962487
GZMA,0.000000,0.000000,Source: gse62944,0.937037,0.822247,0.962487
SDHD,0.000000,0.000000,Source: gse62944,0.937037,0.822247,0.962487
NTNG1,0.000000,0.000000,Source: gse62944,0.937037,0.822247,0.962487
CD200,0.000000,0.000000,Source: gse62944,0.937037,0.822247,0.962487
PTBP1,0.000000,0.000000,Source: gse62944,0.937037,0.822247,0.962487
OR7A10,0.000000,0.000000,Source: gse62944,0.937037,0.822247,0.962487
TMEM184C,0.000000,0.000000,Source: gse62944,0.937037,0.822247,0.962487
TTC19,0.000000,0.000000,Source: gse62944,0.937037,0.822247,0.962487
ACP5,0.000000,0.000000,Source: gse62944,0.937037,0.822247,0.962487
GAL3ST4,0.000000,0.000000,Source: gse62944,0.937037,0.822247,0.962487
EPHB2,0.000000,0.000000,Source: gse62944,0.937037,0.822247,0.962487
HLA-DMB,0.000000,0.000000,Source: gse62944,0.937037,0.822247,0.962487
P4HTM,0.000000,0.000000,Source: gse62944,0.937037,0.822247,0.962487
PDCD1LG2,0.000000,0.000000,Source: gse62944,0.937037,0.822247,0.962487
MORC4,0.000000,0.000000,Source: gse62944,0.937037,0.822247,0.962487
APOBEC3C,0.000000,0.000000,Source: gse62944,0.937037,0.822247,0.962487
RBM42,0.000000,0.000000,Source: gse62944,0.937037,0.822247,0.962487
TRRAP,0.000000,0.000000,Source: gse62944,0.937037,0.822247,0.962487
AKIRIN1,0.000000,0.000000,Source: gse62944,0.937037,0.822247,0.962487
CDK6,0.000000,0.000000,Source: gse62944,0.937037,0.822247,0.962487
DUSP3,0.000000,0.000000,Source: gse62944,0.937037,0.822247,0.962487
PANK3,0.000000,0.000000,Source: gse62944,0.937037,0.822247,0.962487
LRRFIP2,0.000000,0.000000,Source: gse62944,0.937037,0.822247,0.962487
CEP164,0.000000,0.000000,Source: gse62944,0.937037,0.822247,0.962487
CCDC121,0.000000,0.000000,Source: gse62944,0.937037,0.822247,0.962487
RBMS2,0.000000,0.000000,Source: gse62944,0.937037,0.822247,0.962487
CLCNKB,0.000000,0.000000,Source: gse62944,0.937037,0.822247,0.962487
STAT2,0.000000,0.000000,Source: gse62944,0.937037,0.822247,0.962487
SLC18A1,0.000000,0.000000,Source: gse62944,0.937037,0.822247,0.962487
SV2C,0.000000,0.000000,Source: gse62944,0.937037,0.822247,0.962487
TRIP12,0.000000,0.000000,Source: gse62944,0.937037,0.822247,0.962487
SH2D4A,0.000000,0.000000,Source: gse62944,0.937037,0.822247,0.962487
CST8,0.000000,0.000000,Source: gse62944,0.937037,0.822247,0.962487
ZEB1,0.000000,0.000000,Source: gse62944,0.937037,0.822247,0.962487
CST7,0.000000,0.000000,Source: gse62944,0.937037,0.822247,0.962487
ZNF330,0.000000,0.000000,Source: gse62944,0.937037,0.822247,0.962487
LMAN2L,0.000000,0.000000,Source: gse62944,0.937037,0.822247,0.962487
SCN8A,0.000000,0.000000,Source: gse62944,0.937037,0.822247,0.962487
TAGLN3,0.000000,0.000000,Source: gse62944,0.937037,0.822247,0.962487
MDK,0.000000,0.000000,Source: gse62944,0.937037,0.822247,0.962487
FGF13,0.000000,0.000000,Source: gse62944,0.937037,0.822247,0.962487
EPHA7,0.000000,0.000000,Source: gse62944,0.937037,0.822247,0.962487
NR1D1,0.000000,0.000000,Source: gse62944,0.937037,0.822247,0.962487
EXOC3,0.000000,0.000000,Source: gse62944,0.937037,0.822247,0.962487
ENTPD7,0.000000,0.000000,Source: gse62944,0.937037,0.822247,0.962487
BNC2,0.000000,0.000000,Source: gse62944,0.937037,0.822247,0.962487
XPA,0.000000,0.000000,Source: gse62944,0.937037,0.822247,0.962487
RRAS,0.000000,0.000000,Source: gse62944,0.937037,0.822247,0.962487
DLG1,0.000000,0.000000,Source: gse62944,0.937037,0.822247,0.962487
SARM1,0.000000,0.000000,Source: gse62944,0.937037,0.822247,0.962487
GCH1,0.000000,0.000000,Source: gse62944,0.937037,0.822247,0.962487
NCAPH,0.000000,0.000000,Source: gse62944,0.937037,0.822247,0.962487
LCMT2,0.000000,0.000000,Source: gse62944,0.937037,0.822247,0.962487
CEL,0.000000,0.000000,Source: gse62944,0.937037,0.822247,0.962487
SORT1,0.000000,0.000000,Source: gse62944,0.937037,0.822247,0.962487
IPO5,0.000000,0.000000,Source: gse62944,0.937037,0.822247,0.962487
SLC22A8,0.000000,0.000000,Source: gse62944,0.937037,0.822247,0.962487
HIP1,0.000000,0.000000,Source: gse62944,0.937037,0.822247,0.962487
MICB,0.000000,0.000000,Source: gse62944,0.937037,0.822247,0.962487
DCTN4,0.000000,0.000000,Source: gse62944,0.937037,0.822247,0.962487
ALPK3,0.000000,0.000000,Source: gse62944,0.937037,0.822247,0.962487
SNIP1,0.000000,0.000000,Source: gse62944,0.937037,0.822247,0.962487
HRC,0.000000,0.000000,Source: gse62944,0.937037,0.822247,0.962487
ARHGEF6,0.000000,0.000000,Source: gse62944,0.937037,0.822247,0.962487
HMGXB4,0.000000,0.000000,Source: gse62944,0.937037,0.822247,0.962487
GRHL2,0.000000,0.000000,Source: gse62944,0.937037,0.822247,0.962487
AK2,0.000000,0.000000,Source: gse62944,0.937037,0.822247,0.962487
MTHFSD,0.000000,0.000000,Source: gse62944,0.937037,0.822247,0.962487
DAB1,0.000000,0.000000,Source: gse62944,0.937037,0.822247,0.962487
MOSPD3,0.000000,0.000000,Source: gse62944,0.937037,0.822247,0.962487
DDX24,0.000000,0.000000,Source: gse62944,0.937037,0.822247,0.962487
EIF3H,0.000000,0.000000,Source: gse62944,0.937037,0.822247,0.962487
POMGNT1,0.000000,0.000000,Source: gse62944,0.937037,0.822247,0.962487
STUB1,0.000000,0.000000,Source: gse62944,0.937037,0.822247,0.962487
ZNF551,0.000000,0.000000,Source: gse62944,0.937037,0.822247,0.962487
CLIC1,0.000000,0.000000,Source: gse62944,0.937037,0.822247,0.962487
UQCR10,0.000000,0.000000,Source: gse62944,0.937037,0.822247,0.962487
NOVA1,0.000000,0.000000,Source: gse62944,0.937037,0.822247,0.962487
CHRNA5,0.000000,0.000000,Source: gse62944,0.937037,0.822247,0.962487
EIF4EBP2,0.000000,0.000000,Source: gse62944,0.937037,0.822247,0.962487
NUP62,0.000000,0.000000,Source: gse62944,0.937037,0.822247,0.962487
TRIM10,0.000000,0.000000,Source: gse62944,0.937037,0.822247,0.962487
FNBP1,0.000000,0.000000,Source: gse62944,0.937037,0.822247,0.962487
TMEM177,0.000000,0.000000,Source: gse62944,0.937037,0.822247,0.962487
TRAPPC9,0.000000,0.000000,Source: gse62944,0.937037,0.822247,0.962487
VIM,0.000000,0.000000,Source: gse62944,0.937037,0.822247,0.962487
RBPMS,0.000000,0.000000,Source: gse62944,0.937037,0.822247,0.962487
PSMD4,0.000000,0.000000,Source: gse62944,0.937037,0.822247,0.962487
HPGDS,0.000000,0.000000,Source: gse62944,0.937037,0.822247,0.962487
NPC1L1,0.000000,0.000000,Source: gse62944,0.937037,0.822247,0.962487
CPNE1,0.000000,0.000000,Source: gse62944,0.937037,0.822247,0.962487
DLX4,0.000000,0.000000,Source: gse62944,0.937037,0.822247,0.962487
ELOVL5,0.000000,0.000000,Source: gse62944,0.937037,0.822247,0.962487
C2CD2,0.000000,0.000000,Source: gse62944,0.937037,0.822247,0.962487
EN1,0.000000,0.000000,Source: gse62944,0.937037,0.822247,0.962487
DCP1A,0.000000,0.000000,Source: gse62944,0.937037,0.822247,0.962487
GATA4,0.000000,0.000000,Source: gse62944,0.937037,0.822247,0.962487
VRK1,0.000000,0.000000,Source: gse62944,0.937037,0.822247,0.962487
NPFF,0.000000,0.000000,Source: gse62944,0.937037,0.822247,0.962487
SMCHD1,0.000000,0.000000,Source: gse62944,0.937037,0.822247,0.962487
RHAG,0.000000,0.000000,Source: gse62944,0.937037,0.822247,0.962487
ZNF79,0.000000,0.000000,Source: gse62944,0.937037,0.822247,0.962487
DIDO1,0.000000,0.000000,Source: gse62944,0.937037,0.822247,0.962487
ITIH5,0.000000,0.000000,Source: gse62944,0.937037,0.822247,0.962487
CLUAP1,0.000000,0.000000,Source: gse62944,0.937037,0.822247,0.962487
HCRT,0.000000,0.000000,Source: gse62944,0.937037,0.822247,0.962487
HSPA9,0.000000,0.000000,Source: gse62944,0.937037,0.822247,0.962487
PKP3,0.000000,0.000000,Source: gse62944,0.937037,0.822247,0.962487
COBLL1,0.000000,0.000000,Source: gse62944,0.937037,0.822247,0.962487
ABCA7,0.000000,0.000000,Source: gse62944,0.937037,0.822247,0.962487
FDFT1,0.000000,0.000000,Source: gse62944,0.937037,0.822247,0.962487
KANK1,0.000000,0.000000,Source: gse62944,0.937037,0.822247,0.962487
CD83,0.000000,0.000000,Source: gse62944,0.937037,0.822247,0.962487
BFSP1,0.000000,0.000000,Source: gse62944,0.937037,0.822247,0.962487
ABCB11,0.000000,0.000000,Source: gse62944,0.937037,0.822247,0.962487
SLC35E3,0.000000,0.000000,Source: gse62944,0.937037,0.822247,0.962487
CPA1,0.000000,0.000000,Source: gse62944,0.937037,0.822247,0.962487
EDA2R,0.000000,0.000000,Source: gse62944,0.937037,0.822247,0.962487
HPS1,0.000000,0.000000,Source: gse62944,0.937037,0.822247,0.962487
PEX6,0.000000,0.000000,Source: gse62944,0.937037,0.822247,0.962487
WARS2,0.000000,0.000000,Source: gse62944,0.937037,0.822247,0.962487
ART4,0.000000,0.000000,Source: gse62944,0.937037,0.822247,0.962487
SNW1,0.000000,0.000000,Source: gse62944,0.937037,0.822247,0.962487
DDA1,0.000000,0.000000,Source: gse62944,0.937037,0.822247,0.962487
KCNK12,0.000000,0.000000,Source: gse62944,0.937037,0.822247,0.962487
ZSCAN5A,0.000000,0.000000,Source: gse62944,0.937037,0.822247,0.962487
ELF5,0.000000,0.000000,Source: gse62944,0.937037,0.822247,0.962487
HDAC11,0.000000,0.000000,Source: gse62944,0.937037,0.822247,0.962487
CCND3,0.000000,0.000000,Source: gse62944,0.937037,0.822247,0.962487
ARSB,0.000000,0.000000,Source: gse62944,0.937037,0.822247,0.962487
ANP32A-IT1,0.000000,0.000000,Source: gse62944,0.937037,0.822247,0.962487
CSRP1,0.000000,0.000000,Source: gse62944,0.937037,0.822247,0.962487
MAGEB2,0.000000,0.000000,Source: gse62944,0.937037,0.822247,0.962487
ANXA1,0.000000,0.000000,Source: gse62944,0.937037,0.822247,0.962487
WIPF2,0.000000,0.000000,Source: gse62944,0.937037,0.822247,0.962487
BAX,0.000000,0.000000,Source: gse62944,0.937037,0.822247,0.962487
CXXC1,0.000000,0.000000,Source: gse62944,0.937037,0.822247,0.962487
GLI1,0.000000,0.000000,Source: gse62944,0.937037,0.822247,0.962487
POLDIP3,0.000000,0.000000,Source: gse62944,0.937037,0.822247,0.962487
C1QL1,0.000000,0.000000,Source: gse62944,0.937037,0.822247,0.962487
WDR13,0.000000,0.000000,Source: gse62944,0.937037,0.822247,0.962487
GINS2,0.000000,0.000000,Source: gse62944,0.937037,0.822247,0.962487
GRIA3,0.000000,0.000000,Source: gse62944,0.937037,0.822247,0.962487
B4GALT4,0.000000,0.000000,Source: gse62944,0.937037,0.822247,0.962487
STX5,0.000000,0.000000,Source: gse62944,0.937037,0.822247,0.962487
SND1,0.000000,0.000000,Source: gse62944,0.937037,0.822247,0.962487
ATAD3A,0.000000,0.000000,Source: gse62944,0.937037,0.822247,0.962487
CLDN8,0.000000,0.000000,Source: gse62944,0.937037,0.822247,0.962487
NFIC,0.000000,0.000000,Source: gse62944,0.937037,0.822247,0.962487
WRAP53,0.000000,0.000000,Source: gse62944,0.937037,0.822247,0.962487
COX5B,0.000000,0.000000,Source: gse62944,0.937037,0.822247,0.962487
EXOSC4,0.000000,0.000000,Source: gse62944,0.937037,0.822247,0.962487
MYH15,0.000000,0.000000,Source: gse62944,0.937037,0.822247,0.962487
LPIN1,0.000000,0.000000,Source: gse62944,0.937037,0.822247,0.962487
YPEL1,0.000000,0.000000,Source: gse62944,0.937037,0.822247,0.962487
NUFIP1,0.000000,0.000000,Source: gse62944,0.937037,0.822247,0.962487
GGNBP2,0.000000,0.000000,Source: gse62944,0.937037,0.822247,0.962487
SLCO5A1,0.000000,0.000000,Source: gse62944,0.937037,0.822247,0.962487
ADAM18,0.000000,0.000000,Source: gse62944,0.937037,0.822247,0.962487
ABCA4,0.000000,0.000000,Source: gse62944,0.937037,0.822247,0.962487
CHRNA9,0.000000,0.000000,Source: gse62944,0.937037,0.822247,0.962487
SLC25A12,0.000000,0.000000,Source: gse62944,0.937037,0.822247,0.962487
FGF6,0.000000,0.000000,Source: gse62944,0.937037,0.822247,0.962487
USP39,0.000000,0.000000,Source: gse62944,0.937037,0.822247,0.962487
ZNF184,0.000000,0.000000,Source: gse62944,0.937037,0.822247,0.962487
COMP,0.000000,0.000000,Source: gse62944,0.937037,0.822247,0.962487
KIR2DL3,0.000000,0.000000,Source: gse62944,0.937037,0.822247,0.962487
APP,0.000000,0.000000,Source: gse62944,0.937037,0.822247,0.962487
NTN3,0.000000,0.000000,Source: gse62944,0.937037,0.822247,0.962487
MLYCD,0.000000,0.000000,Source: gse62944,0.937037,0.822247,0.962487
ARHGAP26,0.000000,0.000000,Source: gse62944,0.937037,0.822247,0.962487
IFNA1,0.000000,0.000000,Source: gse62944,0.937037,0.822247,0.962487
SPIN1,0.000000,0.000000,Source: gse62944,0.937037,0.822247,0.962487
TOPORS,0.000000,0.000000,Source: gse62944,0.937037,0.822247,0.962487
DENND4C,0.000000,0.000000,Source: gse62944,0.937037,0.822247,0.962487
TMX1,0.000000,0.000000,Source: gse62944,0.937037,0.822247,0.962487
ACTA2,0.000000,0.000000,Source: gse62944,0.937037,0.822247,0.962487
CBX6,0.000000,0.000000,Source: gse62944,0.937037,0.822247,0.962487
MYO1B,0.000000,0.000000,Source: gse62944,0.937037,0.822247,0.962487
IFNB1,0.000000,0.000000,Source: gse62944,0.937037,0.822247,0.962487
SMPD1,0.000000,0.000000,Source: gse62944,0.937037,0.822247,0.962487
SIX2,0.000000,0.000000,Source: gse62944,0.937037,0.822247,0.962487
PDE6C,0.000000,0.000000,Source: gse62944,0.937037,0.822247,0.962487
AUP1,0.000000,0.000000,Source: gse62944,0.937037,0.822247,0.962487
CHST12,0.000000,0.000000,Source: gse62944,0.937037,0.822247,0.962487
TYMS,0.000000,0.000000,Source: gse62944,0.937037,0.822247,0.962487
NUP107,0.000000,0.000000,Source: gse62944,0.937037,0.822247,0.962487
THG1L,0.000000,0.000000,Source: gse62944,0.937037,0.822247,0.962487
UST,0.000000,0.000000,Source: gse62944,0.937037,0.822247,0.962487
ITM2A,0.000000,0.000000,Source: gse62944,0.937037,0.822247,0.962487
LEP,0.000000,0.000000,Source: gse62944,0.937037,0.822247,0.962487
ASB1,0.000000,0.000000,Source: gse62944,0.937037,0.822247,0.962487
OSBPL8,0.000000,0.000000,Source: gse62944,0.937037,0.822247,0.962487
DNAJA2,0.000000,0.000000,Source: gse62944,0.937037,0.822247,0.962487
CELF1,0.000000,0.000000,Source: gse62944,0.937037,0.822247,0.962487
MCM10,0.000000,0.000000,Source: gse62944,0.937037,0.822247,0.962487
CNTN2,0.000000,0.000000,Source: gse62944,0.937037,0.822247,0.962487
HGSNAT,0.000000,0.000000,Source: gse62944,0.937037,0.822247,0.962487
B3GNT2,0.000000,0.000000,Source: gse62944,0.937037,0.822247,0.962487
SLC22A4,0.000000,0.000000,Source: gse62944,0.937037,0.822247,0.962487
LTA,0.000000,0.000000,Source: gse62944,0.937037,0.822247,0.962487
FAF2,0.000000,0.000000,Source: gse62944,0.937037,0.822247,0.962487
RNF138,0.000000,0.000000,Source: gse62944,0.937037,0.822247,0.962487
GNGT1,0.000000,0.000000,Source: gse62944,0.937037,0.822247,0.962487
CHMP1B,0.000000,0.000000,Source: gse62944,0.937037,0.822247,0.962487
ENOX2,0.000000,0.000000,Source: gse62944,0.937037,0.822247,0.962487
ANGEL1,0.000000,0.000000,Source: gse62944,0.937037,0.822247,0.962487
ACOT7,0.000000,0.000000,Source: gse62944,0.937037,0.822247,0.962487
LONP1,0.000000,0.000000,Source: gse62944,0.937037,0.822247,0.962487
GSTM3,0.000000,0.000000,Source: gse62944,0.937037,0.822247,0.962487
NDUFC2,0.000000,0.000000,Source: gse62944,0.937037,0.822247,0.962487
GRIN2D,0.000000,0.000000,Source: gse62944,0.937037,0.822247,0.962487
LRPAP1,0.000000,0.000000,Source: gse62944,0.937037,0.822247,0.962487
DGKG,0.000000,0.000000,Source: gse62944,0.937037,0.822247,0.962487
STX18,0.000000,0.000000,Source: gse62944,0.937037,0.822247,0.962487
OR2J3,0.000000,0.000000,Source: gse62944,0.937037,0.822247,0.962487
VAPB,0.000000,0.000000,Source: gse62944,0.937037,0.822247,0.962487
NANS,0.000000,0.000000,Source: gse62944,0.937037,0.822247,0.962487
SMC6,0.000000,0.000000,Source: gse62944,0.937037,0.822247,0.962487
RNF103,0.000000,0.000000,Source: gse62944,0.937037,0.822247,0.962487
AGPAT4,0.000000,0.000000,Source: gse62944,0.937037,0.822247,0.962487
CISH,0.000000,0.000000,Source: gse62944,0.937037,0.822247,0.962487
RNF126P1,0.000000,0.000000,Source: gse62944,0.937037,0.822247,0.962487
VPS13B,0.000000,0.000000,Source: gse62944,0.937037,0.822247,0.962487
BCHE,0.000000,0.000000,Source: gse62944,0.937037,0.822247,0.962487
UBB,0.000000,0.000000,Source: gse62944,0.937037,0.822247,0.962487
APH1A,0.000000,0.000000,Source: gse62944,0.937037,0.822247,0.962487
COPS7B,0.000000,0.000000,Source: gse62944,0.937037,0.822247,0.962487
FBXW2,0.000000,0.000000,Source: gse62944,0.937037,0.822247,0.962487
GZMM,0.000000,0.000000,Source: gse62944,0.937037,0.822247,0.962487
KLK14,0.000000,0.000000,Source: gse62944,0.937037,0.822247,0.962487
HCN4,0.000000,0.000000,Source: gse62944,0.937037,0.822247,0.962487
PLCE1,0.000000,0.000000,Source: gse62944,0.937037,0.822247,0.962487
RAPGEF2,0.000000,0.000000,Source: gse62944,0.937037,0.822247,0.962487
AGPAT3,0.000000,0.000000,Source: gse62944,0.937037,0.822247,0.962487
MIOS,0.000000,0.000000,Source: gse62944,0.937037,0.822247,0.962487
SEMG2,0.000000,0.000000,Source: gse62944,0.937037,0.822247,0.962487
BCL7A,0.000000,0.000000,Source: gse62944,0.937037,0.822247,0.962487
N4BP1,0.000000,0.000000,Source: gse62944,0.937037,0.822247,0.962487
FPR1,0.000000,0.000000,Source: gse62944,0.937037,0.822247,0.962487
CYP2C8,0.000000,0.000000,Source: gse62944,0.937037,0.822247,0.962487
KIF13B,0.000000,0.000000,Source: gse62944,0.937037,0.822247,0.962487
SSBP2,0.000000,0.000000,Source: gse62944,0.937037,0.822247,0.962487
PLA2G10,0.000000,0.000000,Source: gse62944,0.937037,0.822247,0.962487
CTSC,0.000000,0.000000,Source: gse62944,0.937037,0.822247,0.962487
MLEC,0.000000,0.000000,Source: gse62944,0.937037,0.822247,0.962487
MRTO4,0.000000,0.000000,Source: gse62944,0.937037,0.822247,0.962487
PRKCA,0.000000,0.000000,Source: gse62944,0.937037,0.822247,0.962487
FGF2,0.000000,0.000000,Source: gse62944,0.937037,0.822247,0.962487
BACH1,0.000000,0.000000,Source: gse62944,0.937037,0.822247,0.962487
IL19,0.000000,0.000000,Source: gse62944,0.937037,0.822247,0.962487
DUSP7,0.000000,0.000000,Source: gse62944,0.937037,0.822247,0.962487
TTK,0.000000,0.000000,Source: gse62944,0.937037,0.822247,0.962487
STMN4,0.000000,0.000000,Source: gse62944,0.937037,0.822247,0.962487
FSHR,0.000000,0.000000,Source: gse62944,0.937037,0.822247,0.962487
PIGB,0.000000,0.000000,Source: gse62944,0.937037,0.822247,0.962487
ZFAND1,0.000000,0.000000,Source: gse62944,0.937037,0.822247,0.962487
FAM89B,0.000000,0.000000,Source: gse62944,0.937037,0.822247,0.962487
GALNS,0.000000,0.000000,Source: gse62944,0.937037,0.822247,0.962487
ALOX12B,0.000000,0.000000,Source: gse62944,0.937037,0.822247,0.962487
GNRH2,0.000000,0.000000,Source: gse62944,0.937037,0.822247,0.962487
AHSP,0.000000,0.000000,Source: gse62944,0.937037,0.822247,0.962487
ITGAE,0.000000,0.000000,Source: gse62944,0.937037,0.822247,0.962487
KLHL36,0.000000,0.000000,Source: gse62944,0.937037,0.822247,0.962487
KLHL2,0.000000,0.000000,Source: gse62944,0.937037,0.822247,0.962487
CAPN1,0.000000,0.000000,Source: gse62944,0.937037,0.822247,0.962487
HAUS5,0.000000,0.000000,Source: gse62944,0.937037,0.822247,0.962487
LECT2,0.000000,0.000000,Source: gse62944,0.937037,0.822247,0.962487
FGFR3,0.000000,0.000000,Source: gse62944,0.937037,0.822247,0.962487
PLEK,0.000000,0.000000,Source: gse62944,0.937037,0.822247,0.962487
ADARB1,0.000000,0.000000,Source: gse62944,0.937037,0.822247,0.962487
LIFR,0.000000,0.000000,Source: gse62944,0.937037,0.822247,0.962487
LAS1L,0.000000,0.000000,Source: gse62944,0.937037,0.822247,0.962487
HERC2,0.000000,0.000000,Source: gse62944,0.937037,0.822247,0.962487
LAIR1,0.000000,0.000000,Source: gse62944,0.937037,0.822247,0.962487
PRF1,0.000000,0.000000,Source: gse62944,0.937037,0.822247,0.962487
INPP1,0.000000,0.000000,Source: gse62944,0.937037,0.822247,0.962487
GPR19,0.000000,0.000000,Source: gse62944,0.937037,0.822247,0.962487
YWHAE,0.000000,0.000000,Source: gse62944,0.937037,0.822247,0.962487
CD53,0.000000,0.000000,Source: gse62944,0.937037,0.822247,0.962487
IFNA21,0.000000,0.000000,Source: gse62944,0.937037,0.822247,0.962487
NPL,0.000000,0.000000,Source: gse62944,0.937037,0.822247,0.962487
ERC2,0.000000,0.000000,Source: gse62944,0.937037,0.822247,0.962487
NRXN2,0.000000,0.000000,Source: gse62944,0.937037,0.822247,0.962487
SIDT1,0.000000,0.000000,Source: gse62944,0.937037,0.822247,0.962487
ACRV1,0.000000,0.000000,Source: gse62944,0.937037,0.822247,0.962487
AQP1,0.000000,0.000000,Source: gse62944,0.937037,0.822247,0.962487
SLC9A3,0.000000,0.000000,Source: gse62944,0.937037,0.822247,0.962487
GPSM3,0.000000,0.000000,Source: gse62944,0.937037,0.822247,0.962487
UGGT1,0.000000,0.000000,Source: gse62944,0.937037,0.822247,0.962487
PGLYRP1,0.000000,0.000000,Source: gse62944,0.937037,0.822247,0.962487
CPN2,0.000000,0.000000,Source: gse62944,0.937037,0.822247,0.962487
GIPC2,0.000000,0.000000,Source: gse62944,0.937037,0.822247,0.962487
CYB561D2,0.000000,0.000000,Source: gse62944,0.937037,0.822247,0.962487
KISS1,0.000000,0.000000,Source: gse62944,0.937037,0.822247,0.962487
VEGFC,0.000000,0.000000,Source: gse62944,0.937037,0.822247,0.962487
RGS17,0.000000,0.000000,Source: gse62944,0.937037,0.822247,0.962487
FKBP5,0.000000,0.000000,Source: gse62944,0.937037,0.822247,0.962487
RPS28,0.000000,0.000000,Source: gse62944,0.937037,0.822247,0.962487
APOH,0.000000,0.000000,Source: gse62944,0.937037,0.822247,0.962487
C2orf49,0.000000,0.000000,Source: gse62944,0.937037,0.822247,0.962487
FMO2,0.000000,0.000000,Source: gse62944,0.937037,0.822247,0.962487
SMPDL3B,0.000000,0.000000,Source: gse62944,0.937037,0.822247,0.962487
PLG,0.000000,0.000000,Source: gse62944,0.937037,0.822247,0.962487
TSSC4,0.000000,0.000000,Source: gse62944,0.937037,0.822247,0.962487
AP3D1,0.000000,0.000000,Source: gse62944,0.937037,0.822247,0.962487
LAMC3,0.000000,0.000000,Source: gse62944,0.937037,0.822247,0.962487
DMC1,0.000000,0.000000,Source: gse62944,0.937037,0.822247,0.962487
GAS6,0.000000,0.000000,Source: gse62944,0.937037,0.822247,0.962487
ATP6AP1,0.000000,0.000000,Source: gse62944,0.937037,0.822247,0.962487
PXDN,0.000000,0.000000,Source: gse62944,0.937037,0.822247,0.962487
KRTAP4-7,0.000000,0.000000,Source: gse62944,0.937037,0.822247,0.962487
CTNNA3,0.000000,0.000000,Source: gse62944,0.937037,0.822247,0.962487
FRS2,0.000000,0.000000,Source: gse62944,0.937037,0.822247,0.962487
DKK1,0.000000,0.000000,Source: gse62944,0.937037,0.822247,0.962487
SUGP2,0.000000,0.000000,Source: gse62944,0.937037,0.822247,0.962487
SLK,0.000000,0.000000,Source: gse62944,0.937037,0.822247,0.962487
MAN2B2,0.000000,0.000000,Source: gse62944,0.937037,0.822247,0.962487
CRYGB,0.000000,0.000000,Source: gse62944,0.937037,0.822247,0.962487
IL6,0.000000,0.000000,Source: gse62944,0.937037,0.822247,0.962487
SOX13,0.000000,0.000000,Source: gse62944,0.937037,0.822247,0.962487
CSK,0.000000,0.000000,Source: gse62944,0.937037,0.822247,0.962487
NIPBL,0.000000,0.000000,Source: gse62944,0.937037,0.822247,0.962487
ATP6V0E2,0.000000,0.000000,Source: gse62944,0.937037,0.822247,0.962487
TREM1,0.000000,0.000000,Source: gse62944,0.937037,0.822247,0.962487
MAOB,0.000000,0.000000,Source: gse62944,0.937037,0.822247,0.962487
RCVRN,0.000000,0.000000,Source: gse62944,0.937037,0.822247,0.962487
GH2,0.000000,0.000000,Source: gse62944,0.937037,0.822247,0.962487
GRAMD1C,0.000000,0.000000,Source: gse62944,0.937037,0.822247,0.962487
NAPA,0.000000,0.000000,Source: gse62944,0.937037,0.822247,0.962487
BSN,0.000000,0.000000,Source: gse62944,0.937037,0.822247,0.962487
FUZ,0.000000,0.000000,Source: gse62944,0.937037,0.822247,0.962487
RNF167,0.000000,0.000000,Source: gse62944,0.937037,0.822247,0.962487
ADAM28,0.000000,0.000000,Source: gse62944,0.937037,0.822247,0.962487
ANKHD1,0.000000,0.000000,Source: gse62944,0.937037,0.822247,0.962487
NECAP2,0.000000,0.000000,Source: gse62944,0.937037,0.822247,0.962487
DAAM1,0.000000,0.000000,Source: gse62944,0.937037,0.822247,0.962487
PAN2,0.000000,0.000000,Source: gse62944,0.937037,0.822247,0.962487
TRMT11,0.000000,0.000000,Source: gse62944,0.937037,0.822247,0.962487
ZNF214,0.000000,0.000000,Source: gse62944,0.937037,0.822247,0.962487
CDH5,0.000000,0.000000,Source: gse62944,0.937037,0.822247,0.962487
SLAMF1,0.000000,0.000000,Source: gse62944,0.937037,0.822247,0.962487
ZNF83,0.000000,0.000000,Source: gse62944,0.937037,0.822247,0.962487
RFXAP,0.000000,0.000000,Source: gse62944,0.937037,0.822247,0.962487
NKTR,0.000000,0.000000,Source: gse62944,0.937037,0.822247,0.962487
EPHA3,0.000000,0.000000,Source: gse62944,0.937037,0.822247,0.962487
GOLT1B,0.000000,0.000000,Source: gse62944,0.937037,0.822247,0.962487
TMEM43,0.000000,0.000000,Source: gse62944,0.937037,0.822247,0.962487
CXADR,0.000000,0.000000,Source: gse62944,0.937037,0.822247,0.962487
GABRA3,0.000000,0.000000,Source: gse62944,0.937037,0.822247,0.962487
SOX2,0.000000,0.000000,Source: gse62944,0.937037,0.822247,0.962487
CNNM3,0.000000,0.000000,Source: gse62944,0.937037,0.822247,0.962487
MS4A12,0.000000,0.000000,Source: gse62944,0.937037,0.822247,0.962487
KIAA0319,0.000000,0.000000,Source: gse62944,0.937037,0.822247,0.962487
WNT16,0.000000,0.000000,Source: gse62944,0.937037,0.822247,0.962487
LACTB2,0.000000,0.000000,Source: gse62944,0.937037,0.822247,0.962487
KAZN,0.000000,0.000000,Source: gse62944,0.937037,0.822247,0.962487
CERS6,0.000000,0.000000,Source: gse62944,0.937037,0.822247,0.962487
SNX7,0.000000,0.000000,Source: gse62944,0.937037,0.822247,0.962487
EPS15L1,0.000000,0.000000,Source: gse62944,0.937037,0.822247,0.962487
GNPAT,0.000000,0.000000,Source: gse62944,0.937037,0.822247,0.962487
CEND1,0.000000,0.000000,Source: gse62944,0.937037,0.822247,0.962487
RBBP9,0.000000,0.000000,Source: gse62944,0.937037,0.822247,0.962487
DUS4L,0.000000,0.000000,Source: gse62944,0.937037,0.822247,0.962487
CPB2,0.000000,0.000000,Source: gse62944,0.937037,0.822247,0.962487
JMJD4,0.000000,0.000000,Source: gse62944,0.937037,0.822247,0.962487
KCNK2,0.000000,0.000000,Source: gse62944,0.937037,0.822247,0.962487
XRCC4,0.000000,0.000000,Source: gse62944,0.937037,0.822247,0.962487
MAGEB4,0.000000,0.000000,Source: gse62944,0.937037,0.822247,0.962487
PDGFRL,0.000000,0.000000,Source: gse62944,0.937037,0.822247,0.962487
NPPA,0.000000,0.000000,Source: gse62944,0.937037,0.822247,0.962487
SEC63,0.000000,0.000000,Source: gse62944,0.937037,0.822247,0.962487
FGR,0.000000,0.000000,Source: gse62944,0.937037,0.822247,0.962487
CDO1,0.000000,0.000000,Source: gse62944,0.937037,0.822247,0.962487
HNRNPA3,0.000000,0.000000,Source: gse62944,0.937037,0.822247,0.962487
CDV3,0.000000,0.000000,Source: gse62944,0.937037,0.822247,0.962487
SEMA3D,0.000000,0.000000,Source: gse62944,0.937037,0.822247,0.962487
TNFSF8,0.000000,0.000000,Source: gse62944,0.937037,0.822247,0.962487
TAGLN,0.000000,0.000000,Source: gse62944,0.937037,0.822247,0.962487
ZMAT5,0.000000,0.000000,Source: gse62944,0.937037,0.822247,0.962487
CENPO,0.000000,0.000000,Source: gse62944,0.937037,0.822247,0.962487
MED1,0.000000,0.000000,Source: gse62944,0.937037,0.822247,0.962487
WDFY3,0.000000,0.000000,Source: gse62944,0.937037,0.822247,0.962487
TMOD3,0.000000,0.000000,Source: gse62944,0.937037,0.822247,0.962487
VMP1,0.000000,0.000000,Source: gse62944,0.937037,0.822247,0.962487
NCKIPSD,0.000000,0.000000,Source: gse62944,0.937037,0.822247,0.962487
NUDT3,0.000000,0.000000,Source: gse62944,0.937037,0.822247,0.962487
CPD,0.000000,0.000000,Source: gse62944,0.937037,0.822247,0.962487
TULP4,0.000000,0.000000,Source: gse62944,0.937037,0.822247,0.962487
PTDSS1,0.000000,0.000000,Source: gse62944,0.937037,0.822247,0.962487
CANX,0.000000,0.000000,Source: gse62944,0.937037,0.822247,0.962487
CASP10,0.000000,0.000000,Source: gse62944,0.937037,0.822247,0.962487
SYDE1,0.000000,0.000000,Source: gse62944,0.937037,0.822247,0.962487
SNF8,0.000000,0.000000,Source: gse62944,0.937037,0.822247,0.962487
ARHGAP25,0.000000,0.000000,Source: gse62944,0.937037,0.822247,0.962487
ANKRD10,0.000000,0.000000,Source: gse62944,0.937037,0.822247,0.962487
ZNF780B,0.000000,0.000000,Source: gse62944,0.937037,0.822247,0.962487
ZNF609,0.000000,0.000000,Source: gse62944,0.937037,0.822247,0.962487
ABCB6,0.000000,0.000000,Source: gse62944,0.937037,0.822247,0.962487
LGI1,0.000000,0.000000,Source: gse62944,0.937037,0.822247,0.962487
DDX42,0.000000,0.000000,Source: gse62944,0.937037,0.822247,0.962487
TJP1,0.000000,0.000000,Source: gse62944,0.937037,0.822247,0.962487
SLCO3A1,0.000000,0.000000,Source: gse62944,0.937037,0.822247,0.962487
MLNR,0.000000,0.000000,Source: gse62944,0.937037,0.822247,0.962487
CYP2A13,0.000000,0.000000,Source: gse62944,0.937037,0.822247,0.962487
NSUN5P1,0.000000,0.000000,Source: gse62944,0.937037,0.822247,0.962487
NHLH2,0.000000,0.000000,Source: gse62944,0.937037,0.822247,0.962487
UPK2,0.000000,0.000000,Source: gse62944,0.937037,0.822247,0.962487
TYR,0.000000,0.000000,Source: gse62944,0.937037,0.822247,0.962487
FUS,0.000000,0.000000,Source: gse62944,0.937037,0.822247,0.962487
ATXN7,0.000000,0.000000,Source: gse62944,0.937037,0.822247,0.962487
SBNO2,0.000000,0.000000,Source: gse62944,0.937037,0.822247,0.962487
RFXANK,0.000000,0.000000,Source: gse62944,0.937037,0.822247,0.962487
ZBTB5,0.000000,0.000000,Source: gse62944,0.937037,0.822247,0.962487
ACADVL,0.000000,0.000000,Source: gse62944,0.937037,0.822247,0.962487
NDP,0.000000,0.000000,Source: gse62944,0.937037,0.822247,0.962487
IL1A,0.000000,0.000000,Source: gse62944,0.937037,0.822247,0.962487
CYP51A1,0.000000,0.000000,Source: gse62944,0.937037,0.822247,0.962487
CTH,0.000000,0.000000,Source: gse62944,0.937037,0.822247,0.962487
HOOK1,0.000000,0.000000,Source: gse62944,0.937037,0.822247,0.962487
SDF2L1,0.000000,0.000000,Source: gse62944,0.937037,0.822247,0.962487
NCR1,0.000000,0.000000,Source: gse62944,0.937037,0.822247,0.962487
FSD1,0.000000,0.000000,Source: gse62944,0.937037,0.822247,0.962487
SIX5,0.000000,0.000000,Source: gse62944,0.937037,0.822247,0.962487
TFB2M,0.000000,0.000000,Source: gse62944,0.937037,0.822247,0.962487
COL5A2,0.000000,0.000000,Source: gse62944,0.937037,0.822247,0.962487
ADRA1B,0.000000,0.000000,Source: gse62944,0.937037,0.822247,0.962487
NPHP4,0.000000,0.000000,Source: gse62944,0.937037,0.822247,0.962487
MVK,0.000000,0.000000,Source: gse62944,0.937037,0.822247,0.962487
GABRE,0.000000,0.000000,Source: gse62944,0.937037,0.822247,0.962487
TTLL4,0.000000,0.000000,Source: gse62944,0.937037,0.822247,0.962487
IL18,0.000000,0.000000,Source: gse62944,0.937037,0.822247,0.962487
ZAP70,0.000000,0.000000,Source: gse62944,0.937037,0.822247,0.962487
CCDC134,0.000000,0.000000,Source: gse62944,0.937037,0.822247,0.962487
TMCO3,0.000000,0.000000,Source: gse62944,0.937037,0.822247,0.962487
HCG4B,0.000000,0.000000,Source: gse62944,0.937037,0.822247,0.962487
ENTPD2,0.000000,0.000000,Source: gse62944,0.937037,0.822247,0.962487
NDUFS4,0.000000,0.000000,Source: gse62944,0.937037,0.822247,0.962487
JAK2,0.000000,0.000000,Source: gse62944,0.937037,0.822247,0.962487
SPAG8,0.000000,0.000000,Source: gse62944,0.937037,0.822247,0.962487
IQGAP1,0.000000,0.000000,Source: gse62944,0.937037,0.822247,0.962487
MAPK4,0.000000,0.000000,Source: gse62944,0.937037,0.822247,0.962487
UGT2A3,0.000000,0.000000,Source: gse62944,0.937037,0.822247,0.962487
SPG21,0.000000,0.000000,Source: gse62944,0.937037,0.822247,0.962487
NTRK2,0.000000,0.000000,Source: gse62944,0.937037,0.822247,0.962487
KLK1,0.000000,0.000000,Source: gse62944,0.937037,0.822247,0.962487
RAB20,0.000000,0.000000,Source: gse62944,0.937037,0.822247,0.962487
GSTP1,0.000000,0.000000,Source: gse62944,0.937037,0.822247,0.962487
YRDC,0.000000,0.000000,Source: gse62944,0.937037,0.822247,0.962487
KHDC1L,0.000000,0.000000,Source: gse62944,0.937037,0.822247,0.962487
SMARCD3,0.000000,0.000000,Source: gse62944,0.937037,0.822247,0.962487
PCDHGA1,0.000000,0.000000,Source: gse62944,0.937037,0.822247,0.962487
GOLGA8A,0.000000,0.000000,Source: gse62944,0.937037,0.822247,0.962487
INPP5F,0.000000,0.000000,Source: gse62944,0.937037,0.822247,0.962487
WDR25,0.000000,0.000000,Source: gse62944,0.937037,0.822247,0.962487
PGPEP1,0.000000,0.000000,Source: gse62944,0.937037,0.822247,0.962487
ILK,0.000000,0.000000,Source: gse62944,0.937037,0.822247,0.962487
RNF44,0.000000,0.000000,Source: gse62944,0.937037,0.822247,0.962487
MAGEA1,0.000000,0.000000,Source: gse62944,0.937037,0.822247,0.962487
HIP1R,0.000000,0.000000,Source: gse62944,0.937037,0.822247,0.962487
NCAPD3,0.000000,0.000000,Source: gse62944,0.937037,0.822247,0.962487
PLXDC2,0.000000,0.000000,Source: gse62944,0.937037,0.822247,0.962487
DONSON,0.000000,0.000000,Source: gse62944,0.937037,0.822247,0.962487
GPATCH3,0.000000,0.000000,Source: gse62944,0.937037,0.822247,0.962487
CORO1B,0.000000,0.000000,Source: gse62944,0.937037,0.822247,0.962487
PNPLA2,0.000000,0.000000,Source: gse62944,0.937037,0.822247,0.962487
CNTRL,0.000000,0.000000,Source: gse62944,0.937037,0.822247,0.962487
C8B,0.000000,0.000000,Source: gse62944,0.937037,0.822247,0.962487
CD74,0.000000,0.000000,Source: gse62944,0.937037,0.822247,0.962487
DENND5B,0.000000,0.000000,Source: gse62944,0.937037,0.822247,0.962487
COX8A,0.000000,0.000000,Source: gse62944,0.937037,0.822247,0.962487
SMO,0.000000,0.000000,Source: gse62944,0.937037,0.822247,0.962487
CUX1,0.000000,0.000000,Source: gse62944,0.937037,0.822247,0.962487
RMND5B,0.000000,0.000000,Source: gse62944,0.937037,0.822247,0.962487
NXN,0.000000,0.000000,Source: gse62944,0.937037,0.822247,0.962487
DPT,0.000000,0.000000,Source: gse62944,0.937037,0.822247,0.962487
MERTK,0.000000,0.000000,Source: gse62944,0.937037,0.822247,0.962487
ACLY,0.000000,0.000000,Source: gse62944,0.937037,0.822247,0.962487
PTPRG,0.000000,0.000000,Source: gse62944,0.937037,0.822247,0.962487
BCL2A1,0.000000,0.000000,Source: gse62944,0.937037,0.822247,0.962487
CLSTN1,0.000000,0.000000,Source: gse62944,0.937037,0.822247,0.962487
FMO5,0.000000,0.000000,Source: gse62944,0.937037,0.822247,0.962487
PACRG,0.000000,0.000000,Source: gse62944,0.937037,0.822247,0.962487
ZNF254,0.000000,0.000000,Source: gse62944,0.937037,0.822247,0.962487
BIRC5,0.000000,0.000000,Source: gse62944,0.937037,0.822247,0.962487
STX7,0.000000,0.000000,Source: gse62944,0.937037,0.822247,0.962487
CAMKV,0.000000,0.000000,Source: gse62944,0.937037,0.822247,0.962487
WDHD1,0.000000,0.000000,Source: gse62944,0.937037,0.822247,0.962487
ANKRD55,0.000000,0.000000,Source: gse62944,0.937037,0.822247,0.962487
AP1S2,0.000000,0.000000,Source: gse62944,0.937037,0.822247,0.962487
SEC11A,0.000000,0.000000,Source: gse62944,0.937037,0.822247,0.962487
TGIF1,0.000000,0.000000,Source: gse62944,0.937037,0.822247,0.962487
SLC46A3,0.000000,0.000000,Source: gse62944,0.937037,0.822247,0.962487
INTS6,0.000000,0.000000,Source: gse62944,0.937037,0.822247,0.962487
MAN1C1,0.000000,0.000000,Source: gse62944,0.937037,0.822247,0.962487
HLCS,0.000000,0.000000,Source: gse62944,0.937037,0.822247,0.962487
RAB8A,0.000000,0.000000,Source: gse62944,0.937037,0.822247,0.962487
SERPINA5,0.000000,0.000000,Source: gse62944,0.937037,0.822247,0.962487
SRSF7,0.000000,0.000000,Source: gse62944,0.937037,0.822247,0.962487
OCRL,0.000000,0.000000,Source: gse62944,0.937037,0.822247,0.962487
RBM15B,0.000000,0.000000,Source: gse62944,0.937037,0.822247,0.962487
OGFOD1,0.000000,0.000000,Source: gse62944,0.937037,0.822247,0.962487
BICD1,0.000000,0.000000,Source: gse62944,0.937037,0.822247,0.962487
G6PC3,0.000000,0.000000,Source: gse62944,0.937037,0.822247,0.962487
PID1,0.000000,0.000000,Source: gse62944,0.937037,0.822247,0.962487
ITGB4,0.000000,0.000000,Source: gse62944,0.937037,0.822247,0.962487
ST3GAL1,0.000000,0.000000,Source: gse62944,0.937037,0.822247,0.962487
SLC25A38,0.000000,0.000000,Source: gse62944,0.937037,0.822247,0.962487
SPRR1B,0.000000,0.000000,Source: gse62944,0.937037,0.822247,0.962487
APTX,0.000000,0.000000,Source: gse62944,0.937037,0.822247,0.962487
EXTL3,0.000000,0.000000,Source: gse62944,0.937037,0.822247,0.962487
ZNF446,0.000000,0.000000,Source: gse62944,0.937037,0.822247,0.962487
STK16,0.000000,0.000000,Source: gse62944,0.937037,0.822247,0.962487
BMP8A,0.000000,0.000000,Source: gse62944,0.937037,0.822247,0.962487
IFNAR1,0.000000,0.000000,Source: gse62944,0.937037,0.822247,0.962487
PKNOX1,0.000000,0.000000,Source: gse62944,0.937037,0.822247,0.962487
IVD,0.000000,0.000000,Source: gse62944,0.937037,0.822247,0.962487
OSBP,0.000000,0.000000,Source: gse62944,0.937037,0.822247,0.962487
TTTY15,0.000000,0.000000,Source: gse62944,0.937037,0.822247,0.962487
HNRNPM,0.000000,0.000000,Source: gse62944,0.937037,0.822247,0.962487
ACVR2A,0.000000,0.000000,Source: gse62944,0.937037,0.822247,0.962487
STOM,0.000000,0.000000,Source: gse62944,0.937037,0.822247,0.962487
UBXN4,0.000000,0.000000,Source: gse62944,0.937037,0.822247,0.962487
NUMA1,0.000000,0.000000,Source: gse62944,0.937037,0.822247,0.962487
NMU,0.000000,0.000000,Source: gse62944,0.937037,0.822247,0.962487
SCAPER,0.000000,0.000000,Source: gse62944,0.937037,0.822247,0.962487
HEXIM1,0.000000,0.000000,Source: gse62944,0.937037,0.822247,0.962487
HTATIP2,0.000000,0.000000,Source: gse62944,0.937037,0.822247,0.962487
POMT1,0.000000,0.000000,Source: gse62944,0.937037,0.822247,0.962487
RAB26,0.000000,0.000000,Source: gse62944,0.937037,0.822247,0.962487
ZNF862,0.000000,0.000000,Source: gse62944,0.937037,0.822247,0.962487
MEPCE,0.000000,0.000000,Source: gse62944,0.937037,0.822247,0.962487
HLA-B,0.000000,0.000000,Source: gse62944,0.937037,0.822247,0.962487
HAND2,0.000000,0.000000,Source: gse62944,0.937037,0.822247,0.962487
FBXL4,0.000000,0.000000,Source: gse62944,0.937037,0.822247,0.962487
MFSD12,0.000000,0.000000,Source: gse62944,0.937037,0.822247,0.962487
ABHD8,0.000000,0.000000,Source: gse62944,0.937037,0.822247,0.962487
HBE1,0.000000,0.000000,Source: gse62944,0.937037,0.822247,0.962487
MAP6D1,0.000000,0.000000,Source: gse62944,0.937037,0.822247,0.962487
ZNF91,0.000000,0.000000,Source: gse62944,0.937037,0.822247,0.962487
CAPN11,0.000000,0.000000,Source: gse62944,0.937037,0.822247,0.962487
MATN2,0.000000,0.000000,Source: gse62944,0.937037,0.822247,0.962487
BCAP31,0.000000,0.000000,Source: gse62944,0.937037,0.822247,0.962487
POLL,0.000000,0.000000,Source: gse62944,0.937037,0.822247,0.962487
CDK2AP2,0.000000,0.000000,Source: gse62944,0.937037,0.822247,0.962487
POU4F3,0.000000,0.000000,Source: gse62944,0.937037,0.822247,0.962487
ZNF205,0.000000,0.000000,Source: gse62944,0.937037,0.822247,0.962487
LPAR1,0.000000,0.000000,Source: gse62944,0.937037,0.822247,0.962487
SEC22A,0.000000,0.000000,Source: gse62944,0.937037,0.822247,0.962487
SRSF5,0.000000,0.000000,Source: gse62944,0.937037,0.822247,0.962487
STX11,0.000000,0.000000,Source: gse62944,0.937037,0.822247,0.962487
DOCK10,0.000000,0.000000,Source: gse62944,0.937037,0.822247,0.962487
VPS26A,0.000000,0.000000,Source: gse62944,0.937037,0.822247,0.962487
KLHL18,0.000000,0.000000,Source: gse62944,0.937037,0.822247,0.962487
TSC22D3,0.000000,0.000000,Source: gse62944,0.937037,0.822247,0.962487
ACOT8,0.000000,0.000000,Source: gse62944,0.937037,0.822247,0.962487
RS1,0.000000,0.000000,Source: gse62944,0.937037,0.822247,0.962487
IL1RN,0.000000,0.000000,Source: gse62944,0.937037,0.822247,0.962487
RSBN1,0.000000,0.000000,Source: gse62944,0.937037,0.822247,0.962487
ENTPD5,0.000000,0.000000,Source: gse62944,0.937037,0.822247,0.962487
MYF5,0.000000,0.000000,Source: gse62944,0.937037,0.822247,0.962487
TFPT,0.000000,0.000000,Source: gse62944,0.937037,0.822247,0.962487
RREB1,0.000000,0.000000,Source: gse62944,0.937037,0.822247,0.962487
CSH2,0.000000,0.000000,Source: gse62944,0.937037,0.822247,0.962487
GRTP1,0.000000,0.000000,Source: gse62944,0.937037,0.822247,0.962487
LSM5,0.000000,0.000000,Source: gse62944,0.937037,0.822247,0.962487
ARPC1A,0.000000,0.000000,Source: gse62944,0.937037,0.822247,0.962487
MTF1,0.000000,0.000000,Source: gse62944,0.937037,0.822247,0.962487
RECK,0.000000,0.000000,Source: gse62944,0.937037,0.822247,0.962487
KRT6A,0.000000,0.000000,Source: gse62944,0.937037,0.822247,0.962487
NASP,0.000000,0.000000,Source: gse62944,0.937037,0.822247,0.962487
FRMD8,0.000000,0.000000,Source: gse62944,0.937037,0.822247,0.962487
ANAPC10,0.000000,0.000000,Source: gse62944,0.937037,0.822247,0.962487
GSTA3,0.000000,0.000000,Source: gse62944,0.937037,0.822247,0.962487
BIN1,0.000000,0.000000,Source: gse62944,0.937037,0.822247,0.962487
ALPP,0.000000,0.000000,Source: gse62944,0.937037,0.822247,0.962487
ADAMTS8,0.000000,0.000000,Source: gse62944,0.937037,0.822247,0.962487
PINK1,0.000000,0.000000,Source: gse62944,0.937037,0.822247,0.962487
NAT8B,0.000000,0.000000,Source: gse62944,0.937037,0.822247,0.962487
SETD1A,0.000000,0.000000,Source: gse62944,0.937037,0.822247,0.962487
DNAJB2,0.000000,0.000000,Source: gse62944,0.937037,0.822247,0.962487
CEACAM4,0.000000,0.000000,Source: gse62944,0.937037,0.822247,0.962487
FEM1C,0.000000,0.000000,Source: gse62944,0.937037,0.822247,0.962487
RPL22,0.000000,0.000000,Source: gse62944,0.937037,0.822247,0.962487
PNPLA6,0.000000,0.000000,Source: gse62944,0.937037,0.822247,0.962487
RAB22A,0.000000,0.000000,Source: gse62944,0.937037,0.822247,0.962487
SUMO1,0.000000,0.000000,Source: gse62944,0.937037,0.822247,0.962487
MOCOS,0.000000,0.000000,Source: gse62944,0.937037,0.822247,0.962487
MAPK8IP2,0.000000,0.000000,Source: gse62944,0.937037,0.822247,0.962487
COL21A1,0.000000,0.000000,Source: gse62944,0.937037,0.822247,0.962487
LIN7C,0.000000,0.000000,Source: gse62944,0.937037,0.822247,0.962487
CAPNS1,0.000000,0.000000,Source: gse62944,0.937037,0.822247,0.962487
DOHH,0.000000,0.000000,Source: gse62944,0.937037,0.822247,0.962487
CCT2,0.000000,0.000000,Source: gse62944,0.937037,0.822247,0.962487
GAMT,0.000000,0.000000,Source: gse62944,0.937037,0.822247,0.962487
OSMR,0.000000,0.000000,Source: gse62944,0.937037,0.822247,0.962487
KCNH4,0.000000,0.000000,Source: gse62944,0.937037,0.822247,0.962487
GMDS,0.000000,0.000000,Source: gse62944,0.937037,0.822247,0.962487
ALAD,0.000000,0.000000,Source: gse62944,0.937037,0.822247,0.962487
ATG14,0.000000,0.000000,Source: gse62944,0.937037,0.822247,0.962487
KRCC1,0.000000,0.000000,Source: gse62944,0.937037,0.822247,0.962487
HSF1,0.000000,0.000000,Source: gse62944,0.937037,0.822247,0.962487
CHMP2A,0.000000,0.000000,Source: gse62944,0.937037,0.822247,0.962487
SERBP1,0.000000,0.000000,Source: gse62944,0.937037,0.822247,0.962487
SLC25A37,0.000000,0.000000,Source: gse62944,0.937037,0.822247,0.962487
SMYD2,0.000000,0.000000,Source: gse62944,0.937037,0.822247,0.962487
MSX2,0.000000,0.000000,Source: gse62944,0.937037,0.822247,0.962487
CCL18,0.000000,0.000000,Source: gse62944,0.937037,0.822247,0.962487
MSL2,0.000000,0.000000,Source: gse62944,0.937037,0.822247,0.962487
ADH1B,0.000000,0.000000,Source: gse62944,0.937037,0.822247,0.962487
TMCO6,0.000000,0.000000,Source: gse62944,0.937037,0.822247,0.962487
RNF208,0.000000,0.000000,Source: gse62944,0.937037,0.822247,0.962487
TREH,0.000000,0.000000,Source: gse62944,0.937037,0.822247,0.962487
SREK1,0.000000,0.000000,Source: gse62944,0.937037,0.822247,0.962487
FAM124B,0.000000,0.000000,Source: gse62944,0.937037,0.822247,0.962487
IL36RN,0.000000,0.000000,Source: gse62944,0.937037,0.822247,0.962487
RPL36,0.000000,0.000000,Source: gse62944,0.937037,0.822247,0.962487
CCNB1IP1,0.000000,0.000000,Source: gse62944,0.937037,0.822247,0.962487
TFEC,0.000000,0.000000,Source: gse62944,0.937037,0.822247,0.962487
ACP1,0.000000,0.000000,Source: gse62944,0.937037,0.822247,0.962487
ETV4,0.000000,0.000000,Source: gse62944,0.937037,0.822247,0.962487
HHLA2,0.000000,0.000000,Source: gse62944,0.937037,0.822247,0.962487
DCTN1,0.000000,0.000000,Source: gse62944,0.937037,0.822247,0.962487
IHH,0.000000,0.000000,Source: gse62944,0.937037,0.822247,0.962487
TRIM3,0.000000,0.000000,Source: gse62944,0.937037,0.822247,0.962487
E4F1,0.000000,0.000000,Source: gse62944,0.937037,0.822247,0.962487
CBFB,0.000000,0.000000,Source: gse62944,0.937037,0.822247,0.962487
NKX2-2,0.000000,0.000000,Source: gse62944,0.937037,0.822247,0.962487
PTTG1IP,0.000000,0.000000,Source: gse62944,0.937037,0.822247,0.962487
SLC26A3,0.000000,0.000000,Source: gse62944,0.937037,0.822247,0.962487
SRR,0.000000,0.000000,Source: gse62944,0.937037,0.822247,0.962487
KIAA0586,0.000000,0.000000,Source: gse62944,0.937037,0.822247,0.962487
CAMK1G,0.000000,0.000000,Source: gse62944,0.937037,0.822247,0.962487
DDX4,0.000000,0.000000,Source: gse62944,0.937037,0.822247,0.962487
SLCO1A2,0.000000,0.000000,Source: gse62944,0.937037,0.822247,0.962487
APBA1,0.000000,0.000000,Source: gse62944,0.937037,0.822247,0.962487
PAXIP1,0.000000,0.000000,Source: gse62944,0.937037,0.822247,0.962487
BAZ2A,0.000000,0.000000,Source: gse62944,0.937037,0.822247,0.962487
ATP6V0A1,0.000000,0.000000,Source: gse62944,0.937037,0.822247,0.962487
PLA2G7,0.000000,0.000000,Source: gse62944,0.937037,0.822247,0.962487
ZNF768,0.000000,0.000000,Source: gse62944,0.937037,0.822247,0.962487
MAD2L1,0.000000,0.000000,Source: gse62944,0.937037,0.822247,0.962487
UBE2Z,0.000000,0.000000,Source: gse62944,0.937037,0.822247,0.962487
SORBS2,0.000000,0.000000,Source: gse62944,0.937037,0.822247,0.962487
PPP1R8,0.000000,0.000000,Source: gse62944,0.937037,0.822247,0.962487
WDR83OS,0.000000,0.000000,Source: gse62944,0.937037,0.822247,0.962487
PCMT1,0.000000,0.000000,Source: gse62944,0.937037,0.822247,0.962487
SLC35D1,0.000000,0.000000,Source: gse62944,0.937037,0.822247,0.962487
TRIM28,0.000000,0.000000,Source: gse62944,0.937037,0.822247,0.962487
KRT36,0.000000,0.000000,Source: gse62944,0.937037,0.822247,0.962487
ZBTB33,0.000000,0.000000,Source: gse62944,0.937037,0.822247,0.962487
SLC17A4,0.000000,0.000000,Source: gse62944,0.937037,0.822247,0.962487
EPS8L3,0.000000,0.000000,Source: gse62944,0.937037,0.822247,0.962487
ACO2,0.000000,0.000000,Source: gse62944,0.937037,0.822247,0.962487
DNASE2B,0.000000,0.000000,Source: gse62944,0.937037,0.822247,0.962487
CRISP1,0.000000,0.000000,Source: gse62944,0.937037,0.822247,0.962487
IFRD2,0.000000,0.000000,Source: gse62944,0.937037,0.822247,0.962487
FADS2,0.000000,0.000000,Source: gse62944,0.937037,0.822247,0.962487
TOP2A,0.000000,0.000000,Source: gse62944,0.937037,0.822247,0.962487
BBS1,0.000000,0.000000,Source: gse62944,0.937037,0.822247,0.962487
LOC730101,0.000000,0.000000,Source: gse62944,0.937037,0.822247,0.962487
CACNA2D2,0.000000,0.000000,Source: gse62944,0.937037,0.822247,0.962487
PRR14,0.000000,0.000000,Source: gse62944,0.937037,0.822247,0.962487
NDUFA1,0.000000,0.000000,Source: gse62944,0.937037,0.822247,0.962487
FEM1B,0.000000,0.000000,Source: gse62944,0.937037,0.822247,0.962487
CD34,0.000000,0.000000,Source: gse62944,0.937037,0.822247,0.962487
PARD6B,0.000000,0.000000,Source: gse62944,0.937037,0.822247,0.962487
PRPF6,0.000000,0.000000,Source: gse62944,0.937037,0.822247,0.962487
ZNF652,0.000000,0.000000,Source: gse62944,0.937037,0.822247,0.962487
SSR4,0.000000,0.000000,Source: gse62944,0.937037,0.822247,0.962487
VAT1,0.000000,0.000000,Source: gse62944,0.937037,0.822247,0.962487
CHGB,0.000000,0.000000,Source: gse62944,0.937037,0.822247,0.962487
ZNF611,0.000000,0.000000,Source: gse62944,0.937037,0.822247,0.962487
TOE1,0.000000,0.000000,Source: gse62944,0.937037,0.822247,0.962487
FAM169A,0.000000,0.000000,Source: gse62944,0.937037,0.822247,0.962487
GLRA2,0.000000,0.000000,Source: gse62944,0.937037,0.822247,0.962487
STMN1,0.000000,0.000000,Source: gse62944,0.937037,0.822247,0.962487
CLDN17,0.000000,0.000000,Source: gse62944,0.937037,0.822247,0.962487
EMILIN1,0.000000,0.000000,Source: gse62944,0.937037,0.822247,0.962487
NUBPL,0.000000,0.000000,Source: gse62944,0.937037,0.822247,0.962487
CDK17,0.000000,0.000000,Source: gse62944,0.937037,0.822247,0.962487
PCDH8,0.000000,0.000000,Source: gse62944,0.937037,0.822247,0.962487
ADORA1,0.000000,0.000000,Source: gse62944,0.937037,0.822247,0.962487
AQP3,0.000000,0.000000,Source: gse62944,0.937037,0.822247,0.962487
SUB1,0.000000,0.000000,Source: gse62944,0.937037,0.822247,0.962487
MGA,0.000000,0.000000,Source: gse62944,0.937037,0.822247,0.962487
NEU2,0.000000,0.000000,Source: gse62944,0.937037,0.822247,0.962487
FOXRED2,0.000000,0.000000,Source: gse62944,0.937037,0.822247,0.962487
RGS9,0.000000,0.000000,Source: gse62944,0.937037,0.822247,0.962487
SOX14,0.000000,0.000000,Source: gse62944,0.937037,0.822247,0.962487
RABGGTB,0.000000,0.000000,Source: gse62944,0.937037,0.822247,0.962487
SNUPN,0.000000,0.000000,Source: gse62944,0.937037,0.822247,0.962487
MCM3AP-AS1,0.000000,0.000000,Source: gse62944,0.937037,0.822247,0.962487
SRP72,0.000000,0.000000,Source: gse62944,0.937037,0.822247,0.962487
MFAP3,0.000000,0.000000,Source: gse62944,0.937037,0.822247,0.962487
CSRP2,0.000000,0.000000,Source: gse62944,0.937037,0.822247,0.962487
ITGA2,0.000000,0.000000,Source: gse62944,0.937037,0.822247,0.962487
PHLDB1,0.000000,0.000000,Source: gse62944,0.937037,0.822247,0.962487
RASSF7,0.000000,0.000000,Source: gse62944,0.937037,0.822247,0.962487
AGRP,0.000000,0.000000,Source: gse62944,0.937037,0.822247,0.962487
RPS6KB2,0.000000,0.000000,Source: gse62944,0.937037,0.822247,0.962487
SMG9,0.000000,0.000000,Source: gse62944,0.937037,0.822247,0.962487
MRPS18C,0.000000,0.000000,Source: gse62944,0.937037,0.822247,0.962487
EPHA1,0.000000,0.000000,Source: gse62944,0.937037,0.822247,0.962487
LRIG1,0.000000,0.000000,Source: gse62944,0.937037,0.822247,0.962487
ARHGEF18,0.000000,0.000000,Source: gse62944,0.937037,0.822247,0.962487
CCND1,0.000000,0.000000,Source: gse62944,0.937037,0.822247,0.962487
APC,0.000000,0.000000,Source: gse62944,0.937037,0.822247,0.962487
SAMHD1,0.000000,0.000000,Source: gse62944,0.937037,0.822247,0.962487
MAPK3,0.000000,0.000000,Source: gse62944,0.937037,0.822247,0.962487
SLCO1C1,0.000000,0.000000,Source: gse62944,0.937037,0.822247,0.962487
ACOX3,0.000000,0.000000,Source: gse62944,0.937037,0.822247,0.962487
L1CAM,0.000000,0.000000,Source: gse62944,0.937037,0.822247,0.962487
DLEU1,0.000000,0.000000,Source: gse62944,0.937037,0.822247,0.962487
LMF2,0.000000,0.000000,Source: gse62944,0.937037,0.822247,0.962487
MAGEA8,0.000000,0.000000,Source: gse62944,0.937037,0.822247,0.962487
ATP2C2,0.000000,0.000000,Source: gse62944,0.937037,0.822247,0.962487
TMEM214,0.000000,0.000000,Source: gse62944,0.937037,0.822247,0.962487
SLC24A1,0.000000,0.000000,Source: gse62944,0.937037,0.822247,0.962487
ETV5,0.000000,0.000000,Source: gse62944,0.937037,0.822247,0.962487
LRP5L,0.000000,0.000000,Source: gse62944,0.937037,0.822247,0.962487
ZNF195,0.000000,0.000000,Source: gse62944,0.937037,0.822247,0.962487
RNASE3,0.000000,0.000000,Source: gse62944,0.937037,0.822247,0.962487
DYNC2LI1,0.000000,0.000000,Source: gse62944,0.937037,0.822247,0.962487
JTB,0.000000,0.000000,Source: gse62944,0.937037,0.822247,0.962487
JUP,0.000000,0.000000,Source: gse62944,0.937037,0.822247,0.962487
CCL19,0.000000,0.000000,Source: gse62944,0.937037,0.822247,0.962487
MYH2,0.000000,0.000000,Source: gse62944,0.937037,0.822247,0.962487
PMPCB,0.000000,0.000000,Source: gse62944,0.937037,0.822247,0.962487
CNTNAP1,0.000000,0.000000,Source: gse62944,0.937037,0.822247,0.962487
GFRA4,0.000000,0.000000,Source: gse62944,0.937037,0.822247,0.962487
CELF3,0.000000,0.000000,Source: gse62944,0.937037,0.822247,0.962487
SRPRB,0.000000,0.000000,Source: gse62944,0.937037,0.822247,0.962487
TEAD3,0.000000,0.000000,Source: gse62944,0.937037,0.822247,0.962487
KAZALD1,0.000000,0.000000,Source: gse62944,0.937037,0.822247,0.962487
DNAJC3,0.000000,0.000000,Source: gse62944,0.937037,0.822247,0.962487
NRAP,0.000000,0.000000,Source: gse62944,0.937037,0.822247,0.962487
EIF4G1,0.000000,0.000000,Source: gse62944,0.937037,0.822247,0.962487
TEX13B,0.000000,0.000000,Source: gse62944,0.937037,0.822247,0.962487
KRT5,0.000000,0.000000,Source: gse62944,0.937037,0.822247,0.962487
CRYZL1,0.000000,0.000000,Source: gse62944,0.937037,0.822247,0.962487
MPP2,0.000000,0.000000,Source: gse62944,0.937037,0.822247,0.962487
DDX31,0.000000,0.000000,Source: gse62944,0.937037,0.822247,0.962487
TIE1,0.000000,0.000000,Source: gse62944,0.937037,0.822247,0.962487
NUP98,0.000000,0.000000,Source: gse62944,0.937037,0.822247,0.962487
APOL3,0.000000,0.000000,Source: gse62944,0.937037,0.822247,0.962487
CYP39A1,0.000000,0.000000,Source: gse62944,0.937037,0.822247,0.962487
GLS2,0.000000,0.000000,Source: gse62944,0.937037,0.822247,0.962487
ZNF574,0.000000,0.000000,Source: gse62944,0.937037,0.822247,0.962487
ANKRD7,0.000000,0.000000,Source: gse62944,0.937037,0.822247,0.962487
SIGLEC6,0.000000,0.000000,Source: gse62944,0.937037,0.822247,0.962487
ENG,0.000000,0.000000,Source: gse62944,0.937037,0.822247,0.962487
CLIP4,0.000000,0.000000,Source: gse62944,0.937037,0.822247,0.962487
P2RX1,0.000000,0.000000,Source: gse62944,0.937037,0.822247,0.962487
HSPB3,0.000000,0.000000,Source: gse62944,0.937037,0.822247,0.962487
STMN2,0.000000,0.000000,Source: gse62944,0.937037,0.822247,0.962487
BLMH,0.000000,0.000000,Source: gse62944,0.937037,0.822247,0.962487
SH2D3A,0.000000,0.000000,Source: gse62944,0.937037,0.822247,0.962487
ACYP1,0.000000,0.000000,Source: gse62944,0.937037,0.822247,0.962487
HR,0.000000,0.000000,Source: gse62944,0.937037,0.822247,0.962487
ITIH2,0.000000,0.000000,Source: gse62944,0.937037,0.822247,0.962487
TLE2,0.000000,0.000000,Source: gse62944,0.937037,0.822247,0.962487
SUPT4H1,0.000000,0.000000,Source: gse62944,0.937037,0.822247,0.962487
CCL7,0.000000,0.000000,Source: gse62944,0.937037,0.822247,0.962487
GNB5,0.000000,0.000000,Source: gse62944,0.937037,0.822247,0.962487
BTF3,0.000000,0.000000,Source: gse62944,0.937037,0.822247,0.962487
SLC6A6,0.000000,0.000000,Source: gse62944,0.937037,0.822247,0.962487
AKIP1,0.000000,0.000000,Source: gse62944,0.937037,0.822247,0.962487
CHMP7,0.000000,0.000000,Source: gse62944,0.937037,0.822247,0.962487
HMGB3,0.000000,0.000000,Source: gse62944,0.937037,0.822247,0.962487
FBXO38,0.000000,0.000000,Source: gse62944,0.937037,0.822247,0.962487
LRP3,0.000000,0.000000,Source: gse62944,0.937037,0.822247,0.962487
PPP2R5B,0.000000,0.000000,Source: gse62944,0.937037,0.822247,0.962487
DSG3,0.000000,0.000000,Source: gse62944,0.937037,0.822247,0.962487
RBM3,0.000000,0.000000,Source: gse62944,0.937037,0.822247,0.962487
TAF1C,0.000000,0.000000,Source: gse62944,0.937037,0.822247,0.962487
TIMM8A,0.000000,0.000000,Source: gse62944,0.937037,0.822247,0.962487
IMP3,0.000000,0.000000,Source: gse62944,0.937037,0.822247,0.962487
CHTOP,0.000000,0.000000,Source: gse62944,0.937037,0.822247,0.962487
EDF1,0.000000,0.000000,Source: gse62944,0.937037,0.822247,0.962487
CHERP,0.000000,0.000000,Source: gse62944,0.937037,0.822247,0.962487
PIK3CD,0.000000,0.000000,Source: gse62944,0.937037,0.822247,0.962487
SYBU,0.000000,0.000000,Source: gse62944,0.937037,0.822247,0.962487
PLEKHF1,0.000000,0.000000,Source: gse62944,0.937037,0.822247,0.962487
CDKL1,0.000000,0.000000,Source: gse62944,0.937037,0.822247,0.962487
XPNPEP2,0.000000,0.000000,Source: gse62944,0.937037,0.822247,0.962487
MEX3D,0.000000,0.000000,Source: gse62944,0.937037,0.822247,0.962487
MUC1,0.000000,0.000000,Source: gse62944,0.937037,0.822247,0.962487
AK1,0.000000,0.000000,Source: gse62944,0.937037,0.822247,0.962487
NSD1,0.000000,0.000000,Source: gse62944,0.937037,0.822247,0.962487
NDST1,0.000000,0.000000,Source: gse62944,0.937037,0.822247,0.962487
INSL6,0.000000,0.000000,Source: gse62944,0.937037,0.822247,0.962487
DGCR8,0.000000,0.000000,Source: gse62944,0.937037,0.822247,0.962487
SRGN,0.000000,0.000000,Source: gse62944,0.937037,0.822247,0.962487
ME1,0.000000,0.000000,Source: gse62944,0.937037,0.822247,0.962487
VIPR2,0.000000,0.000000,Source: gse62944,0.937037,0.822247,0.962487
ABCC1,0.000000,0.000000,Source: gse62944,0.937037,0.822247,0.962487
EMG1,0.000000,0.000000,Source: gse62944,0.937037,0.822247,0.962487
OLA1,0.000000,0.000000,Source: gse62944,0.937037,0.822247,0.962487
CA5BP1,0.000000,0.000000,Source: gse62944,0.937037,0.822247,0.962487
HINFP,0.000000,0.000000,Source: gse62944,0.937037,0.822247,0.962487
CCDC86,0.000000,0.000000,Source: gse62944,0.937037,0.822247,0.962487
ITGA2B,0.000000,0.000000,Source: gse62944,0.937037,0.822247,0.962487
LAPTM5,0.000000,0.000000,Source: gse62944,0.937037,0.822247,0.962487
FOSB,0.000000,0.000000,Source: gse62944,0.937037,0.822247,0.962487
APOL5,0.000000,0.000000,Source: gse62944,0.937037,0.822247,0.962487
EED,0.000000,0.000000,Source: gse62944,0.937037,0.822247,0.962487
CLK1,0.000000,0.000000,Source: gse62944,0.937037,0.822247,0.962487
PRUNE2,0.000000,0.000000,Source: gse62944,0.937037,0.822247,0.962487
SULT1E1,0.000000,0.000000,Source: gse62944,0.937037,0.822247,0.962487
HOXA2,0.000000,0.000000,Source: gse62944,0.937037,0.822247,0.962487
KDSR,0.000000,0.000000,Source: gse62944,0.937037,0.822247,0.962487
EDDM3A,0.000000,0.000000,Source: gse62944,0.937037,0.822247,0.962487
WNT1,0.000000,0.000000,Source: gse62944,0.937037,0.822247,0.962487
HAUS7,0.000000,0.000000,Source: gse62944,0.937037,0.822247,0.962487
CXCL13,0.000000,0.000000,Source: gse62944,0.937037,0.822247,0.962487
EIF4G3,0.000000,0.000000,Source: gse62944,0.937037,0.822247,0.962487
NME5,0.000000,0.000000,Source: gse62944,0.937037,0.822247,0.962487
ITIH3,0.000000,0.000000,Source: gse62944,0.937037,0.822247,0.962487
MRPL2,0.000000,0.000000,Source: gse62944,0.937037,0.822247,0.962487
RORA,0.000000,0.000000,Source: gse62944,0.937037,0.822247,0.962487
CRISPLD2,0.000000,0.000000,Source: gse62944,0.937037,0.822247,0.962487
NR5A1,0.000000,0.000000,Source: gse62944,0.937037,0.822247,0.962487
KRT16,0.000000,0.000000,Source: gse62944,0.937037,0.822247,0.962487
TH,0.000000,0.000000,Source: gse62944,0.937037,0.822247,0.962487
A4GALT,0.000000,0.000000,Source: gse62944,0.937037,0.822247,0.962487
POLR1D,0.000000,0.000000,Source: gse62944,0.937037,0.822247,0.962487
PITPNM1,0.000000,0.000000,Source: gse62944,0.937037,0.822247,0.962487
NOSIP,0.000000,0.000000,Source: gse62944,0.937037,0.822247,0.962487
HSPA6,0.000000,0.000000,Source: gse62944,0.937037,0.822247,0.962487
ECHDC2,0.000000,0.000000,Source: gse62944,0.937037,0.822247,0.962487
CA3,0.000000,0.000000,Source: gse62944,0.937037,0.822247,0.962487
LRRC49,0.000000,0.000000,Source: gse62944,0.937037,0.822247,0.962487
DCTD,0.000000,0.000000,Source: gse62944,0.937037,0.822247,0.962487
PLK3,0.000000,0.000000,Source: gse62944,0.937037,0.822247,0.962487
PRSS16,0.000000,0.000000,Source: gse62944,0.937037,0.822247,0.962487
TUBAL3,0.000000,0.000000,Source: gse62944,0.937037,0.822247,0.962487
NEIL1,0.000000,0.000000,Source: gse62944,0.937037,0.822247,0.962487
TUBA1C,0.000000,0.000000,Source: gse62944,0.937037,0.822247,0.962487
FGG,0.000000,0.000000,Source: gse62944,0.937037,0.822247,0.962487
SCARB2,0.000000,0.000000,Source: gse62944,0.937037,0.822247,0.962487
IMPG2,0.000000,0.000000,Source: gse62944,0.937037,0.822247,0.962487
TYW1,0.000000,0.000000,Source: gse62944,0.937037,0.822247,0.962487
AICDA,0.000000,0.000000,Source: gse62944,0.937037,0.822247,0.962487
IRF2BP1,0.000000,0.000000,Source: gse62944,0.937037,0.822247,0.962487
SUCLG2,0.000000,0.000000,Source: gse62944,0.937037,0.822247,0.962487
COCH,0.000000,0.000000,Source: gse62944,0.937037,0.822247,0.962487
BBX,0.000000,0.000000,Source: gse62944,0.937037,0.822247,0.962487
TPP1,0.000000,0.000000,Source: gse62944,0.937037,0.822247,0.962487
S100A12,0.000000,0.000000,Source: gse62944,0.937037,0.822247,0.962487
ANKRD34C,0.000000,0.000000,Source: gse62944,0.937037,0.822247,0.962487
PGP,0.000000,0.000000,Source: gse62944,0.937037,0.822247,0.962487
P2RX5,0.000000,0.000000,Source: gse62944,0.937037,0.822247,0.962487
HTR2A,0.000000,0.000000,Source: gse62944,0.937037,0.822247,0.962487
MYO5C,0.000000,0.000000,Source: gse62944,0.937037,0.822247,0.962487
PI4K2A,0.000000,0.000000,Source: gse62944,0.937037,0.822247,0.962487
KANK2,0.000000,0.000000,Source: gse62944,0.937037,0.822247,0.962487
STAT6,0.000000,0.000000,Source: gse62944,0.937037,0.822247,0.962487
ZNF80,0.000000,0.000000,Source: gse62944,0.937037,0.822247,0.962487
HGC6.3,0.000000,0.000000,Source: gse62944,0.937037,0.822247,0.962487
CLEC5A,0.000000,0.000000,Source: gse62944,0.937037,0.822247,0.962487
SLC2A4,0.000000,0.000000,Source: gse62944,0.937037,0.822247,0.962487
SEC14L1,0.000000,0.000000,Source: gse62944,0.937037,0.822247,0.962487
VNN2,0.000000,0.000000,Source: gse62944,0.937037,0.822247,0.962487
KCND1,0.000000,0.000000,Source: gse62944,0.937037,0.822247,0.962487
ATP6V1F,0.000000,0.000000,Source: gse62944,0.937037,0.822247,0.962487
DCPS,0.000000,0.000000,Source: gse62944,0.937037,0.822247,0.962487
SEC31B,0.000000,0.000000,Source: gse62944,0.937037,0.822247,0.962487
HPGD,0.000000,0.000000,Source: gse62944,0.937037,0.822247,0.962487
TSPYL2,0.000000,0.000000,Source: gse62944,0.937037,0.822247,0.962487
G6PD,0.000000,0.000000,Source: gse62944,0.937037,0.822247,0.962487
F3,0.000000,0.000000,Source: gse62944,0.937037,0.822247,0.962487
WDR76,0.000000,0.000000,Source: gse62944,0.937037,0.822247,0.962487
SCN4A,0.000000,0.000000,Source: gse62944,0.937037,0.822247,0.962487
SPEN,0.000000,0.000000,Source: gse62944,0.937037,0.822247,0.962487
BAAT,0.000000,0.000000,Source: gse62944,0.937037,0.822247,0.962487
SERINC3,0.000000,0.000000,Source: gse62944,0.937037,0.822247,0.962487
EIF3K,0.000000,0.000000,Source: gse62944,0.937037,0.822247,0.962487
SERHL2,0.000000,0.000000,Source: gse62944,0.937037,0.822247,0.962487
IGFBP2,0.000000,0.000000,Source: gse62944,0.937037,0.822247,0.962487
C2CD2L,0.000000,0.000000,Source: gse62944,0.937037,0.822247,0.962487
ASB4,0.000000,0.000000,Source: gse62944,0.937037,0.822247,0.962487
NDE1,0.000000,0.000000,Source: gse62944,0.937037,0.822247,0.962487
TMEM8B,0.000000,0.000000,Source: gse62944,0.937037,0.822247,0.962487
PELP1,0.000000,0.000000,Source: gse62944,0.937037,0.822247,0.962487
CNN2,0.000000,0.000000,Source: gse62944,0.937037,0.822247,0.962487
NYNRIN,0.000000,0.000000,Source: gse62944,0.937037,0.822247,0.962487
HTR1B,0.000000,0.000000,Source: gse62944,0.937037,0.822247,0.962487
ZNF580,0.000000,0.000000,Source: gse62944,0.937037,0.822247,0.962487
RPGR,0.000000,0.000000,Source: gse62944,0.937037,0.822247,0.962487
URM1,0.000000,0.000000,Source: gse62944,0.937037,0.822247,0.962487
ZNF816,0.000000,0.000000,Source: gse62944,0.937037,0.822247,0.962487
MSH4,0.000000,0.000000,Source: gse62944,0.937037,0.822247,0.962487
FCHSD2,0.000000,0.000000,Source: gse62944,0.937037,0.822247,0.962487
LRP12,0.000000,0.000000,Source: gse62944,0.937037,0.822247,0.962487
E2F1,0.000000,0.000000,Source: gse62944,0.937037,0.822247,0.962487
MFN1,0.000000,0.000000,Source: gse62944,0.937037,0.822247,0.962487
NCOR1,0.000000,0.000000,Source: gse62944,0.937037,0.822247,0.962487
GPD2,0.000000,0.000000,Source: gse62944,0.937037,0.822247,0.962487
PUF60,0.000000,0.000000,Source: gse62944,0.937037,0.822247,0.962487
XIAP,0.000000,0.000000,Source: gse62944,0.937037,0.822247,0.962487
COL5A1,0.000000,0.000000,Source: gse62944,0.937037,0.822247,0.962487
PAAF1,0.000000,0.000000,Source: gse62944,0.937037,0.822247,0.962487
SCN3B,0.000000,0.000000,Source: gse62944,0.937037,0.822247,0.962487
KCNS3,0.000000,0.000000,Source: gse62944,0.937037,0.822247,0.962487
TTC12,0.000000,0.000000,Source: gse62944,0.937037,0.822247,0.962487
TMEM47,0.000000,0.000000,Source: gse62944,0.937037,0.822247,0.962487
HSPA4,0.000000,0.000000,Source: gse62944,0.937037,0.822247,0.962487
MAEA,0.000000,0.000000,Source: gse62944,0.937037,0.822247,0.962487
DNAH9,0.000000,0.000000,Source: gse62944,0.937037,0.822247,0.962487
ADGB,0.000000,0.000000,Source: gse62944,0.937037,0.822247,0.962487
ANO3,0.000000,0.000000,Source: gse62944,0.937037,0.822247,0.962487
FAIM2,0.000000,0.000000,Source: gse62944,0.937037,0.822247,0.962487
RAD21,0.000000,0.000000,Source: gse62944,0.937037,0.822247,0.962487
SMYD3,0.000000,0.000000,Source: gse62944,0.937037,0.822247,0.962487
HP,0.000000,0.000000,Source: gse62944,0.937037,0.822247,0.962487
FUT9,0.000000,0.000000,Source: gse62944,0.937037,0.822247,0.962487
KCNN3,0.000000,0.000000,Source: gse62944,0.937037,0.822247,0.962487
ATP8B4,0.000000,0.000000,Source: gse62944,0.937037,0.822247,0.962487
LRRC2,0.000000,0.000000,Source: gse62944,0.937037,0.822247,0.962487
EGLN1,0.000000,0.000000,Source: gse62944,0.937037,0.822247,0.962487
AKAP6,0.000000,0.000000,Source: gse62944,0.937037,0.822247,0.962487
RCHY1,0.000000,0.000000,Source: gse62944,0.937037,0.822247,0.962487
SLC16A4,0.000000,0.000000,Source: gse62944,0.937037,0.822247,0.962487
SRSF2,0.000000,0.000000,Source: gse62944,0.937037,0.822247,0.962487
ART1,0.000000,0.000000,Source: gse62944,0.937037,0.822247,0.962487
COL11A2,0.000000,0.000000,Source: gse62944,0.937037,0.822247,0.962487
APOD,0.000000,0.000000,Source: gse62944,0.937037,0.822247,0.962487
NFX1,0.000000,0.000000,Source: gse62944,0.937037,0.822247,0.962487
ARHGAP15,0.000000,0.000000,Source: gse62944,0.937037,0.822247,0.962487
SLC2A6,0.000000,0.000000,Source: gse62944,0.937037,0.822247,0.962487
CD96,0.000000,0.000000,Source: gse62944,0.937037,0.822247,0.962487
PROP1,0.000000,0.000000,Source: gse62944,0.937037,0.822247,0.962487
PALMD,0.000000,0.000000,Source: gse62944,0.937037,0.822247,0.962487
PIAS4,0.000000,0.000000,Source: gse62944,0.937037,0.822247,0.962487
ARSF,0.000000,0.000000,Source: gse62944,0.937037,0.822247,0.962487
HS3ST2,0.000000,0.000000,Source: gse62944,0.937037,0.822247,0.962487
PUM1,0.000000,0.000000,Source: gse62944,0.937037,0.822247,0.962487
NCAN,0.000000,0.000000,Source: gse62944,0.937037,0.822247,0.962487
HNRNPU,0.000000,0.000000,Source: gse62944,0.937037,0.822247,0.962487
TMED9,0.000000,0.000000,Source: gse62944,0.937037,0.822247,0.962487
OCA2,0.000000,0.000000,Source: gse62944,0.937037,0.822247,0.962487
HOXC13,0.000000,0.000000,Source: gse62944,0.937037,0.822247,0.962487
HGFAC,0.000000,0.000000,Source: gse62944,0.937037,0.822247,0.962487
SHOC2,0.000000,0.000000,Source: gse62944,0.937037,0.822247,0.962487
KIAA0232,0.000000,0.000000,Source: gse62944,0.937037,0.822247,0.962487
ATP6V1H,0.000000,0.000000,Source: gse62944,0.937037,0.822247,0.962487
IRAK1,0.000000,0.000000,Source: gse62944,0.937037,0.822247,0.962487
OLFM1,0.000000,0.000000,Source: gse62944,0.937037,0.822247,0.962487
PRB1,0.000000,0.000000,Source: gse62944,0.937037,0.822247,0.962487
ACVR2B,0.000000,0.000000,Source: gse62944,0.937037,0.822247,0.962487
CGA,0.000000,0.000000,Source: gse62944,0.937037,0.822247,0.962487
NIPSNAP3B,0.000000,0.000000,Source: gse62944,0.937037,0.822247,0.962487
NDUFA9,0.000000,0.000000,Source: gse62944,0.937037,0.822247,0.962487
SRD5A2,0.000000,0.000000,Source: gse62944,0.937037,0.822247,0.962487
FBXO5,0.000000,0.000000,Source: gse62944,0.937037,0.822247,0.962487
KCNA5,0.000000,0.000000,Source: gse62944,0.937037,0.822247,0.962487
LPIN2,0.000000,0.000000,Source: gse62944,0.937037,0.822247,0.962487
GPR153,0.000000,0.000000,Source: gse62944,0.937037,0.822247,0.962487
ACTL6B,0.000000,0.000000,Source: gse62944,0.937037,0.822247,0.962487
VBP1,0.000000,0.000000,Source: gse62944,0.937037,0.822247,0.962487
GRAP2,0.000000,0.000000,Source: gse62944,0.937037,0.822247,0.962487
ASB7,0.000000,0.000000,Source: gse62944,0.937037,0.822247,0.962487
NCAPD2,0.000000,0.000000,Source: gse62944,0.937037,0.822247,0.962487
THUMPD1,0.000000,0.000000,Source: gse62944,0.937037,0.822247,0.962487
MAP3K5,0.000000,0.000000,Source: gse62944,0.937037,0.822247,0.962487
NOP14,0.000000,0.000000,Source: gse62944,0.937037,0.822247,0.962487
PKP4,0.000000,0.000000,Source: gse62944,0.937037,0.822247,0.962487
FOLH1,0.000000,0.000000,Source: gse62944,0.937037,0.822247,0.962487
KLF12,0.000000,0.000000,Source: gse62944,0.937037,0.822247,0.962487
PLXNA1,0.000000,0.000000,Source: gse62944,0.937037,0.822247,0.962487
COPS4,0.000000,0.000000,Source: gse62944,0.937037,0.822247,0.962487
EIF4E2,0.000000,0.000000,Source: gse62944,0.937037,0.822247,0.962487
YAF2,0.000000,0.000000,Source: gse62944,0.937037,0.822247,0.962487
MAP2K4,0.000000,0.000000,Source: gse62944,0.937037,0.822247,0.962487
DPF1,0.000000,0.000000,Source: gse62944,0.937037,0.822247,0.962487
TNNT3,0.000000,0.000000,Source: gse62944,0.937037,0.822247,0.962487
DPY19L1,0.000000,0.000000,Source: gse62944,0.937037,0.822247,0.962487
PSMB10,0.000000,0.000000,Source: gse62944,0.937037,0.822247,0.962487
WDR11,0.000000,0.000000,Source: gse62944,0.937037,0.822247,0.962487
RP2,0.000000,0.000000,Source: gse62944,0.937037,0.822247,0.962487
SEC24B,0.000000,0.000000,Source: gse62944,0.937037,0.822247,0.962487
PPAN,0.000000,0.000000,Source: gse62944,0.937037,0.822247,0.962487
SATB1,0.000000,0.000000,Source: gse62944,0.937037,0.822247,0.962487
SLC9A1,0.000000,0.000000,Source: gse62944,0.937037,0.822247,0.962487
DYRK1A,0.000000,0.000000,Source: gse62944,0.937037,0.822247,0.962487
FLT4,0.000000,0.000000,Source: gse62944,0.937037,0.822247,0.962487
SFSWAP,0.000000,0.000000,Source: gse62944,0.937037,0.822247,0.962487
SAP30,0.000000,0.000000,Source: gse62944,0.937037,0.822247,0.962487
ZMYM2,0.000000,0.000000,Source: gse62944,0.937037,0.822247,0.962487
TLR3,0.000000,0.000000,Source: gse62944,0.937037,0.822247,0.962487
COL8A1,0.000000,0.000000,Source: gse62944,0.937037,0.822247,0.962487
PPIH,0.000000,0.000000,Source: gse62944,0.937037,0.822247,0.962487
CIC,0.000000,0.000000,Source: gse62944,0.937037,0.822247,0.962487
TAS2R1,0.000000,0.000000,Source: gse62944,0.937037,0.822247,0.962487
IRF9,0.000000,0.000000,Source: gse62944,0.937037,0.822247,0.962487
LMAN1L,0.000000,0.000000,Source: gse62944,0.937037,0.822247,0.962487
SMARCB1,0.000000,0.000000,Source: gse62944,0.937037,0.822247,0.962487
FRYL,0.000000,0.000000,Source: gse62944,0.937037,0.822247,0.962487
TNNT2,0.000000,0.000000,Source: gse62944,0.937037,0.822247,0.962487
PPIL6,0.000000,0.000000,Source: gse62944,0.937037,0.822247,0.962487
GLIPR1,0.000000,0.000000,Source: gse62944,0.937037,0.822247,0.962487
ZNF783,0.000000,0.000000,Source: gse62944,0.937037,0.822247,0.962487
JMJD7,0.000000,0.000000,Source: gse62944,0.937037,0.822247,0.962487
CALCB,0.000000,0.000000,Source: gse62944,0.937037,0.822247,0.962487
CTNNBL1,0.000000,0.000000,Source: gse62944,0.937037,0.822247,0.962487
HEBP1,0.000000,0.000000,Source: gse62944,0.937037,0.822247,0.962487
DHRS9,0.000000,0.000000,Source: gse62944,0.937037,0.822247,0.962487
PCDHGA11,0.000000,0.000000,Source: gse62944,0.937037,0.822247,0.962487
IDH3G,0.000000,0.000000,Source: gse62944,0.937037,0.822247,0.962487
NR1H2,0.000000,0.000000,Source: gse62944,0.937037,0.822247,0.962487
CRYGA,0.000000,0.000000,Source: gse62944,0.937037,0.822247,0.962487
FZD2,0.000000,0.000000,Source: gse62944,0.937037,0.822247,0.962487
ADCY1,0.000000,0.000000,Source: gse62944,0.937037,0.822247,0.962487
MYBPC3,0.000000,0.000000,Source: gse62944,0.937037,0.822247,0.962487
TCEANC2,0.000000,0.000000,Source: gse62944,0.937037,0.822247,0.962487
AIM2,0.000000,0.000000,Source: gse62944,0.937037,0.822247,0.962487
KATNB1,0.000000,0.000000,Source: gse62944,0.937037,0.822247,0.962487
FHOD1,0.000000,0.000000,Source: gse62944,0.937037,0.822247,0.962487
ELOVL4,0.000000,0.000000,Source: gse62944,0.937037,0.822247,0.962487
UBE2E1,0.000000,0.000000,Source: gse62944,0.937037,0.822247,0.962487
DPP4,0.000000,0.000000,Source: gse62944,0.937037,0.822247,0.962487
SKP1,0.000000,0.000000,Source: gse62944,0.937037,0.822247,0.962487
DNAJC22,0.000000,0.000000,Source: gse62944,0.937037,0.822247,0.962487
MDM1,0.000000,0.000000,Source: gse62944,0.937037,0.822247,0.962487
FAIM,0.000000,0.000000,Source: gse62944,0.937037,0.822247,0.962487
PNMA2,0.000000,0.000000,Source: gse62944,0.937037,0.822247,0.962487
S100PBP,0.000000,0.000000,Source: gse62944,0.937037,0.822247,0.962487
DYRK2,0.000000,0.000000,Source: gse62944,0.937037,0.822247,0.962487
INO80D,0.000000,0.000000,Source: gse62944,0.937037,0.822247,0.962487
BRCA2,0.000000,0.000000,Source: gse62944,0.937037,0.822247,0.962487
ZNF16,0.000000,0.000000,Source: gse62944,0.937037,0.822247,0.962487
BBS10,0.000000,0.000000,Source: gse62944,0.937037,0.822247,0.962487
PCMTD2,0.000000,0.000000,Source: gse62944,0.937037,0.822247,0.962487
E2F4,0.000000,0.000000,Source: gse62944,0.937037,0.822247,0.962487
CD79B,0.000000,0.000000,Source: gse62944,0.937037,0.822247,0.962487
RANGRF,0.000000,0.000000,Source: gse62944,0.937037,0.822247,0.962487
CDC25B,0.000000,0.000000,Source: gse62944,0.937037,0.822247,0.962487
TECPR2,0.000000,0.000000,Source: gse62944,0.937037,0.822247,0.962487
DYNLT3,0.000000,0.000000,Source: gse62944,0.937037,0.822247,0.962487
IFI44L,0.000000,0.000000,Source: gse62944,0.937037,0.822247,0.962487
NDST2,0.000000,0.000000,Source: gse62944,0.937037,0.822247,0.962487
MT3,0.000000,0.000000,Source: gse62944,0.937037,0.822247,0.962487
LGALS2,0.000000,0.000000,Source: gse62944,0.937037,0.822247,0.962487
MYOZ3,0.000000,0.000000,Source: gse62944,0.937037,0.822247,0.962487
IRS1,0.000000,0.000000,Source: gse62944,0.937037,0.822247,0.962487
HTR2C,0.000000,0.000000,Source: gse62944,0.937037,0.822247,0.962487
RDH11,0.000000,0.000000,Source: gse62944,0.937037,0.822247,0.962487
KIDINS220,0.000000,0.000000,Source: gse62944,0.937037,0.822247,0.962487
IFI16,0.000000,0.000000,Source: gse62944,0.937037,0.822247,0.962487
CYP7B1,0.000000,0.000000,Source: gse62944,0.937037,0.822247,0.962487
IPO13,0.000000,0.000000,Source: gse62944,0.937037,0.822247,0.962487
ZNF592,0.000000,0.000000,Source: gse62944,0.937037,0.822247,0.962487
INA,0.000000,0.000000,Source: gse62944,0.937037,0.822247,0.962487
UGT8,0.000000,0.000000,Source: gse62944,0.937037,0.822247,0.962487
MMD,0.000000,0.000000,Source: gse62944,0.937037,0.822247,0.962487
MAP3K8,0.000000,0.000000,Source: gse62944,0.937037,0.822247,0.962487
IL12RB2,0.000000,0.000000,Source: gse62944,0.937037,0.822247,0.962487
SNRPA,0.000000,0.000000,Source: gse62944,0.937037,0.822247,0.962487
PRR3,0.000000,0.000000,Source: gse62944,0.937037,0.822247,0.962487
PABPC3,0.000000,0.000000,Source: gse62944,0.937037,0.822247,0.962487
CCDC70,0.000000,0.000000,Source: gse62944,0.937037,0.822247,0.962487
USP27X,0.000000,0.000000,Source: gse62944,0.937037,0.822247,0.962487
CA7,0.000000,0.000000,Source: gse62944,0.937037,0.822247,0.962487
PTGES2,0.000000,0.000000,Source: gse62944,0.937037,0.822247,0.962487
KDR,0.000000,0.000000,Source: gse62944,0.937037,0.822247,0.962487
PSG2,0.000000,0.000000,Source: gse62944,0.937037,0.822247,0.962487
GFOD1,0.000000,0.000000,Source: gse62944,0.937037,0.822247,0.962487
LRP2BP,0.000000,0.000000,Source: gse62944,0.937037,0.822247,0.962487
CA5A,0.000000,0.000000,Source: gse62944,0.937037,0.822247,0.962487
CHRNA6,0.000000,0.000000,Source: gse62944,0.937037,0.822247,0.962487
PARP11,0.000000,0.000000,Source: gse62944,0.937037,0.822247,0.962487
BNIP2,0.000000,0.000000,Source: gse62944,0.937037,0.822247,0.962487
ZC3HAV1,0.000000,0.000000,Source: gse62944,0.937037,0.822247,0.962487
KCNN2,0.000000,0.000000,Source: gse62944,0.937037,0.822247,0.962487
PDE10A,0.000000,0.000000,Source: gse62944,0.937037,0.822247,0.962487
ERI3,0.000000,0.000000,Source: gse62944,0.937037,0.822247,0.962487
LENEP,0.000000,0.000000,Source: gse62944,0.937037,0.822247,0.962487
CETN2,0.000000,0.000000,Source: gse62944,0.937037,0.822247,0.962487
RASL11B,0.000000,0.000000,Source: gse62944,0.937037,0.822247,0.962487
METAP1,0.000000,0.000000,Source: gse62944,0.937037,0.822247,0.962487
MCM3,0.000000,0.000000,Source: gse62944,0.937037,0.822247,0.962487
TMSB15A,0.000000,0.000000,Source: gse62944,0.937037,0.822247,0.962487
TRAPPC6A,0.000000,0.000000,Source: gse62944,0.937037,0.822247,0.962487
COPS7A,0.000000,0.000000,Source: gse62944,0.937037,0.822247,0.962487
TP53I3,0.000000,0.000000,Source: gse62944,0.937037,0.822247,0.962487
NDUFA5,0.000000,0.000000,Source: gse62944,0.937037,0.822247,0.962487
IL2RA,0.000000,0.000000,Source: gse62944,0.937037,0.822247,0.962487
CD247,0.000000,0.000000,Source: gse62944,0.937037,0.822247,0.962487
ATP6V0C,0.000000,0.000000,Source: gse62944,0.937037,0.822247,0.962487
LBX1,0.000000,0.000000,Source: gse62944,0.937037,0.822247,0.962487
ZNF358,0.000000,0.000000,Source: gse62944,0.937037,0.822247,0.962487
CYP4F12,0.000000,0.000000,Source: gse62944,0.937037,0.822247,0.962487
PDE6A,0.000000,0.000000,Source: gse62944,0.937037,0.822247,0.962487
POU3F4,0.000000,0.000000,Source: gse62944,0.937037,0.822247,0.962487
RFPL2,0.000000,0.000000,Source: gse62944,0.937037,0.822247,0.962487
DCHS1,0.000000,0.000000,Source: gse62944,0.937037,0.822247,0.962487
S100G,0.000000,0.000000,Source: gse62944,0.937037,0.822247,0.962487
TUFM,0.000000,0.000000,Source: gse62944,0.937037,0.822247,0.962487
MMP3,0.000000,0.000000,Source: gse62944,0.937037,0.822247,0.962487
PGLYRP4,0.000000,0.000000,Source: gse62944,0.937037,0.822247,0.962487
GLRX2,0.000000,0.000000,Source: gse62944,0.937037,0.822247,0.962487
GSTZ1,0.000000,0.000000,Source: gse62944,0.937037,0.822247,0.962487
SLC14A2,0.000000,0.000000,Source: gse62944,0.937037,0.822247,0.962487
GRK5,0.000000,0.000000,Source: gse62944,0.937037,0.822247,0.962487
APLP2,0.000000,0.000000,Source: gse62944,0.937037,0.822247,0.962487
AKR1C1,0.000000,0.000000,Source: gse62944,0.937037,0.822247,0.962487
POFUT1,0.000000,0.000000,Source: gse62944,0.937037,0.822247,0.962487
CDHR5,0.000000,0.000000,Source: gse62944,0.937037,0.822247,0.962487
HOXC10,0.000000,0.000000,Source: gse62944,0.937037,0.822247,0.962487
BAG6,0.000000,0.000000,Source: gse62944,0.937037,0.822247,0.962487
CPT1A,0.000000,0.000000,Source: gse62944,0.937037,0.822247,0.962487
EPHB3,0.000000,0.000000,Source: gse62944,0.937037,0.822247,0.962487
RAMP1,0.000000,0.000000,Source: gse62944,0.937037,0.822247,0.962487
RAB15,0.000000,0.000000,Source: gse62944,0.937037,0.822247,0.962487
HLA-DPA1,0.000000,0.000000,Source: gse62944,0.937037,0.822247,0.962487
FBXL6,0.000000,0.000000,Source: gse62944,0.937037,0.822247,0.962487
ZNF428,0.000000,0.000000,Source: gse62944,0.937037,0.822247,0.962487
ABCG4,0.000000,0.000000,Source: gse62944,0.937037,0.822247,0.962487
CREB5,0.000000,0.000000,Source: gse62944,0.937037,0.822247,0.962487
TAS2R13,0.000000,0.000000,Source: gse62944,0.937037,0.822247,0.962487
ADAMTS2,0.000000,0.000000,Source: gse62944,0.937037,0.822247,0.962487
ATP6V1A,0.000000,0.000000,Source: gse62944,0.937037,0.822247,0.962487
ATP1B1,0.000000,0.000000,Source: gse62944,0.937037,0.822247,0.962487
GNG12,0.000000,0.000000,Source: gse62944,0.937037,0.822247,0.962487
DYNC1H1,0.000000,0.000000,Source: gse62944,0.937037,0.822247,0.962487
ZMYM5,0.000000,0.000000,Source: gse62944,0.937037,0.822247,0.962487
CXCR5,0.000000,0.000000,Source: gse62944,0.937037,0.822247,0.962487
ARNT,0.000000,0.000000,Source: gse62944,0.937037,0.822247,0.962487
PTPRN2,0.000000,0.000000,Source: gse62944,0.937037,0.822247,0.962487
S100A4,0.000000,0.000000,Source: gse62944,0.937037,0.822247,0.962487
SMARCA1,0.000000,0.000000,Source: gse62944,0.937037,0.822247,0.962487
PTN,0.000000,0.000000,Source: gse62944,0.937037,0.822247,0.962487
ADAMTS13,0.000000,0.000000,Source: gse62944,0.937037,0.822247,0.962487
PYROXD1,0.000000,0.000000,Source: gse62944,0.937037,0.822247,0.962487
RFC5,0.000000,0.000000,Source: gse62944,0.937037,0.822247,0.962487
TNFRSF12A,0.000000,0.000000,Source: gse62944,0.937037,0.822247,0.962487
CDK5R2,0.000000,0.000000,Source: gse62944,0.937037,0.822247,0.962487
RBKS,0.000000,0.000000,Source: gse62944,0.937037,0.822247,0.962487
IGBP1,0.000000,0.000000,Source: gse62944,0.937037,0.822247,0.962487
HPCAL4,0.000000,0.000000,Source: gse62944,0.937037,0.822247,0.962487
CAMSAP1,0.000000,0.000000,Source: gse62944,0.937037,0.822247,0.962487
GSTK1,0.000000,0.000000,Source: gse62944,0.937037,0.822247,0.962487
PATZ1,0.000000,0.000000,Source: gse62944,0.937037,0.822247,0.962487
HMGB3P1,0.000000,0.000000,Source: gse62944,0.937037,0.822247,0.962487
DTNA,0.000000,0.000000,Source: gse62944,0.937037,0.822247,0.962487
KCNJ12,0.000000,0.000000,Source: gse62944,0.937037,0.822247,0.962487
DEF6,0.000000,0.000000,Source: gse62944,0.937037,0.822247,0.962487
PDPN,0.000000,0.000000,Source: gse62944,0.937037,0.822247,0.962487
LMNA,0.000000,0.000000,Source: gse62944,0.937037,0.822247,0.962487
SLC25A46,0.000000,0.000000,Source: gse62944,0.937037,0.822247,0.962487
CCL11,0.000000,0.000000,Source: gse62944,0.937037,0.822247,0.962487
GALR2,0.000000,0.000000,Source: gse62944,0.937037,0.822247,0.962487
CMPK1,0.000000,0.000000,Source: gse62944,0.937037,0.822247,0.962487
C7,0.000000,0.000000,Source: gse62944,0.937037,0.822247,0.962487
CREBZF,0.000000,0.000000,Source: gse62944,0.937037,0.822247,0.962487
SORBS3,0.000000,0.000000,Source: gse62944,0.937037,0.822247,0.962487
IPCEF1,0.000000,0.000000,Source: gse62944,0.937037,0.822247,0.962487
VPS37C,0.000000,0.000000,Source: gse62944,0.937037,0.822247,0.962487
MS4A4A,0.000000,0.000000,Source: gse62944,0.937037,0.822247,0.962487
SLC10A2,0.000000,0.000000,Source: gse62944,0.937037,0.822247,0.962487
SIPA1,0.000000,0.000000,Source: gse62944,0.937037,0.822247,0.962487
KRTAP1-1,0.000000,0.000000,Source: gse62944,0.937037,0.822247,0.962487
SCML1,0.000000,0.000000,Source: gse62944,0.937037,0.822247,0.962487
CDC25C,0.000000,0.000000,Source: gse62944,0.937037,0.822247,0.962487
AHI1,0.000000,0.000000,Source: gse62944,0.937037,0.822247,0.962487
DET1,0.000000,0.000000,Source: gse62944,0.937037,0.822247,0.962487
MRPL46,0.000000,0.000000,Source: gse62944,0.937037,0.822247,0.962487
ORC1,0.000000,0.000000,Source: gse62944,0.937037,0.822247,0.962487
ROBO1,0.000000,0.000000,Source: gse62944,0.937037,0.822247,0.962487
TNFRSF10D,0.000000,0.000000,Source: gse62944,0.937037,0.822247,0.962487
RUNDC3B,0.000000,0.000000,Source: gse62944,0.937037,0.822247,0.962487
KLHL9,0.000000,0.000000,Source: gse62944,0.937037,0.822247,0.962487
SLC7A8,0.000000,0.000000,Source: gse62944,0.937037,0.822247,0.962487
BDNF,0.000000,0.000000,Source: gse62944,0.937037,0.822247,0.962487
ZNHIT1,0.000000,0.000000,Source: gse62944,0.937037,0.822247,0.962487
RC3H2,0.000000,0.000000,Source: gse62944,0.937037,0.822247,0.962487
ZBTB7B,0.000000,0.000000,Source: gse62944,0.937037,0.822247,0.962487
DOCK1,0.000000,0.000000,Source: gse62944,0.937037,0.822247,0.962487
DDIT4,0.000000,0.000000,Source: gse62944,0.937037,0.822247,0.962487
FOXG1,0.000000,0.000000,Source: gse62944,0.937037,0.822247,0.962487
NENF,0.000000,0.000000,Source: gse62944,0.937037,0.822247,0.962487
IMPG1,0.000000,0.000000,Source: gse62944,0.937037,0.822247,0.962487
WWC1,0.000000,0.000000,Source: gse62944,0.937037,0.822247,0.962487
TMEM212,0.000000,0.000000,Source: gse62944,0.937037,0.822247,0.962487
WASF1,0.000000,0.000000,Source: gse62944,0.937037,0.822247,0.962487
BCL3,0.000000,0.000000,Source: gse62944,0.937037,0.822247,0.962487
C11orf58,0.000000,0.000000,Source: gse62944,0.937037,0.822247,0.962487
EXT1,0.000000,0.000000,Source: gse62944,0.937037,0.822247,0.962487
GABRB2,0.000000,0.000000,Source: gse62944,0.937037,0.822247,0.962487
PYCARD,0.000000,0.000000,Source: gse62944,0.937037,0.822247,0.962487
SLC16A6,0.000000,0.000000,Source: gse62944,0.937037,0.822247,0.962487
ATP9A,0.000000,0.000000,Source: gse62944,0.937037,0.822247,0.962487
LAMB3,0.000000,0.000000,Source: gse62944,0.937037,0.822247,0.962487
CHRM2,0.000000,0.000000,Source: gse62944,0.937037,0.822247,0.962487
PTGER3,0.000000,0.000000,Source: gse62944,0.937037,0.822247,0.962487
A4GNT,0.000000,0.000000,Source: gse62944,0.937037,0.822247,0.962487
CASP6,0.000000,0.000000,Source: gse62944,0.937037,0.822247,0.962487
GALNT2,0.000000,0.000000,Source: gse62944,0.937037,0.822247,0.962487
PECAM1,0.000000,0.000000,Source: gse62944,0.937037,0.822247,0.962487
PBRM1,0.000000,0.000000,Source: gse62944,0.937037,0.822247,0.962487
RND3,0.000000,0.000000,Source: gse62944,0.937037,0.822247,0.962487
CD5L,0.000000,0.000000,Source: gse62944,0.937037,0.822247,0.962487
SLCO1B1,0.000000,0.000000,Source: gse62944,0.937037,0.822247,0.962487
VN1R1,0.000000,0.000000,Source: gse62944,0.937037,0.822247,0.962487
EDIL3,0.000000,0.000000,Source: gse62944,0.937037,0.822247,0.962487
CD86,0.000000,0.000000,Source: gse62944,0.937037,0.822247,0.962487
LMX1B,0.000000,0.000000,Source: gse62944,0.937037,0.822247,0.962487
COPB2,0.000000,0.000000,Source: gse62944,0.937037,0.822247,0.962487
OSM,0.000000,0.000000,Source: gse62944,0.937037,0.822247,0.962487
AP3M2,0.000000,0.000000,Source: gse62944,0.937037,0.822247,0.962487
PLCD1,0.000000,0.000000,Source: gse62944,0.937037,0.822247,0.962487
KLHDC4,0.000000,0.000000,Source: gse62944,0.937037,0.822247,0.962487
CLK2,0.000000,0.000000,Source: gse62944,0.937037,0.822247,0.962487
CACNA1F,0.000000,0.000000,Source: gse62944,0.937037,0.822247,0.962487
RAP2B,0.000000,0.000000,Source: gse62944,0.937037,0.822247,0.962487
PJA1,0.000000,0.000000,Source: gse62944,0.937037,0.822247,0.962487
GMIP,0.000000,0.000000,Source: gse62944,0.937037,0.822247,0.962487
ERBB2,0.000000,0.000000,Source: gse62944,0.937037,0.822247,0.962487
TRPA1,0.000000,0.000000,Source: gse62944,0.937037,0.822247,0.962487
HAGH,0.000000,0.000000,Source: gse62944,0.937037,0.822247,0.962487
GNS,0.000000,0.000000,Source: gse62944,0.937037,0.822247,0.962487
TTI2,0.000000,0.000000,Source: gse62944,0.937037,0.822247,0.962487
BAG3,0.000000,0.000000,Source: gse62944,0.937037,0.822247,0.962487
PRX,0.000000,0.000000,Source: gse62944,0.937037,0.822247,0.962487
PABPC4,0.000000,0.000000,Source: gse62944,0.937037,0.822247,0.962487
PAX7,0.000000,0.000000,Source: gse62944,0.937037,0.822247,0.962487
TNFSF9,0.000000,0.000000,Source: gse62944,0.937037,0.822247,0.962487
SEC31A,0.000000,0.000000,Source: gse62944,0.937037,0.822247,0.962487
CPE,0.000000,0.000000,Source: gse62944,0.937037,0.822247,0.962487
DCC,0.000000,0.000000,Source: gse62944,0.937037,0.822247,0.962487
ZNF571,0.000000,0.000000,Source: gse62944,0.937037,0.822247,0.962487
RPH3A,0.000000,0.000000,Source: gse62944,0.937037,0.822247,0.962487
FPR2,0.000000,0.000000,Source: gse62944,0.937037,0.822247,0.962487
CHAD,0.000000,0.000000,Source: gse62944,0.937037,0.822247,0.962487
DYRK3,0.000000,0.000000,Source: gse62944,0.937037,0.822247,0.962487
NT5C,0.000000,0.000000,Source: gse62944,0.937037,0.822247,0.962487
OR11A1,0.000000,0.000000,Source: gse62944,0.937037,0.822247,0.962487
KCNH6,0.000000,0.000000,Source: gse62944,0.937037,0.822247,0.962487
PPIC,0.000000,0.000000,Source: gse62944,0.937037,0.822247,0.962487
FAM149B1,0.000000,0.000000,Source: gse62944,0.937037,0.822247,0.962487
KLF11,0.000000,0.000000,Source: gse62944,0.937037,0.822247,0.962487
CHN2,0.000000,0.000000,Source: gse62944,0.937037,0.822247,0.962487
SNX13,0.000000,0.000000,Source: gse62944,0.937037,0.822247,0.962487
PDZK1IP1,0.000000,0.000000,Source: gse62944,0.937037,0.822247,0.962487
IRS4,0.000000,0.000000,Source: gse62944,0.937037,0.822247,0.962487
WNT5A,0.000000,0.000000,Source: gse62944,0.937037,0.822247,0.962487
CASD1,0.000000,0.000000,Source: gse62944,0.937037,0.822247,0.962487
SCARA3,0.000000,0.000000,Source: gse62944,0.937037,0.822247,0.962487
TGFA,0.000000,0.000000,Source: gse62944,0.937037,0.822247,0.962487
SURF1,0.000000,0.000000,Source: gse62944,0.937037,0.822247,0.962487
ECT2,0.000000,0.000000,Source: gse62944,0.937037,0.822247,0.962487
PSD3,0.000000,0.000000,Source: gse62944,0.937037,0.822247,0.962487
FBXW4P1,0.000000,0.000000,Source: gse62944,0.937037,0.822247,0.962487
TBPL1,0.000000,0.000000,Source: gse62944,0.937037,0.822247,0.962487
SPP2,0.000000,0.000000,Source: gse62944,0.937037,0.822247,0.962487
PCDH17,0.000000,0.000000,Source: gse62944,0.937037,0.822247,0.962487
CUL9,0.000000,0.000000,Source: gse62944,0.937037,0.822247,0.962487
PWWP2A,0.000000,0.000000,Source: gse62944,0.937037,0.822247,0.962487
ARAF,0.000000,0.000000,Source: gse62944,0.937037,0.822247,0.962487
MICAL1,0.000000,0.000000,Source: gse62944,0.937037,0.822247,0.962487
POFUT2,0.000000,0.000000,Source: gse62944,0.937037,0.822247,0.962487
LRIG2,0.000000,0.000000,Source: gse62944,0.937037,0.822247,0.962487
KANSL2,0.000000,0.000000,Source: gse62944,0.937037,0.822247,0.962487
TMEM38B,0.000000,0.000000,Source: gse62944,0.937037,0.822247,0.962487
ZNF43,0.000000,0.000000,Source: gse62944,0.937037,0.822247,0.962487
LEFTY2,0.000000,0.000000,Source: gse62944,0.937037,0.822247,0.962487
NXF3,0.000000,0.000000,Source: gse62944,0.937037,0.822247,0.962487
ANGPT4,0.000000,0.000000,Source: gse62944,0.937037,0.822247,0.962487
TAF5L,0.000000,0.000000,Source: gse62944,0.937037,0.822247,0.962487
ZNF234,0.000000,0.000000,Source: gse62944,0.937037,0.822247,0.962487
ZFP30,0.000000,0.000000,Source: gse62944,0.937037,0.822247,0.962487
L2HGDH,0.000000,0.000000,Source: gse62944,0.937037,0.822247,0.962487
UBE2D4,0.000000,0.000000,Source: gse62944,0.937037,0.822247,0.962487
CMA1,0.000000,0.000000,Source: gse62944,0.937037,0.822247,0.962487
ADRM1,0.000000,0.000000,Source: gse62944,0.937037,0.822247,0.962487
C1QTNF3,0.000000,0.000000,Source: gse62944,0.937037,0.822247,0.962487
LGALS4,0.000000,0.000000,Source: gse62944,0.937037,0.822247,0.962487
GALK1,0.000000,0.000000,Source: gse62944,0.937037,0.822247,0.962487
MAPT,0.000000,0.000000,Source: gse62944,0.937037,0.822247,0.962487
KDM4A,0.000000,0.000000,Source: gse62944,0.937037,0.822247,0.962487
ZNF667,0.000000,0.000000,Source: gse62944,0.937037,0.822247,0.962487
IL4R,0.000000,0.000000,Source: gse62944,0.937037,0.822247,0.962487
UROS,0.000000,0.000000,Source: gse62944,0.937037,0.822247,0.962487
IL3,0.000000,0.000000,Source: gse62944,0.937037,0.822247,0.962487
PRPS1,0.000000,0.000000,Source: gse62944,0.937037,0.822247,0.962487
IGFBP5,0.000000,0.000000,Source: gse62944,0.937037,0.822247,0.962487
PURA,0.000000,0.000000,Source: gse62944,0.937037,0.822247,0.962487
CYTL1,0.000000,0.000000,Source: gse62944,0.937037,0.822247,0.962487
SCYL2,0.000000,0.000000,Source: gse62944,0.937037,0.822247,0.962487
PSG4,0.000000,0.000000,Source: gse62944,0.937037,0.822247,0.962487
GGTLC1,0.000000,0.000000,Source: gse62944,0.937037,0.822247,0.962487
MMP19,0.000000,0.000000,Source: gse62944,0.937037,0.822247,0.962487
GRB7,0.000000,0.000000,Source: gse62944,0.937037,0.822247,0.962487
OLFML2B,0.000000,0.000000,Source: gse62944,0.937037,0.822247,0.962487
SNAPC1,0.000000,0.000000,Source: gse62944,0.937037,0.822247,0.962487
RAB40C,0.000000,0.000000,Source: gse62944,0.937037,0.822247,0.962487
SNX4,0.000000,0.000000,Source: gse62944,0.937037,0.822247,0.962487
BTBD7,0.000000,0.000000,Source: gse62944,0.937037,0.822247,0.962487
LSM7,0.000000,0.000000,Source: gse62944,0.937037,0.822247,0.962487
MARCO,0.000000,0.000000,Source: gse62944,0.937037,0.822247,0.962487
EIF4EBP1,0.000000,0.000000,Source: gse62944,0.937037,0.822247,0.962487
RNF17,0.000000,0.000000,Source: gse62944,0.937037,0.822247,0.962487
XAB2,0.000000,0.000000,Source: gse62944,0.937037,0.822247,0.962487
ANKRD17,0.000000,0.000000,Source: gse62944,0.937037,0.822247,0.962487
HNRNPAB,0.000000,0.000000,Source: gse62944,0.937037,0.822247,0.962487
LRFN4,0.000000,0.000000,Source: gse62944,0.937037,0.822247,0.962487
VCPIP1,0.000000,0.000000,Source: gse62944,0.937037,0.822247,0.962487
DDB1,0.000000,0.000000,Source: gse62944,0.937037,0.822247,0.962487
ZNF778,0.000000,0.000000,Source: gse62944,0.937037,0.822247,0.962487
HLA-DQB2,0.000000,0.000000,Source: gse62944,0.937037,0.822247,0.962487
MRPL39,0.000000,0.000000,Source: gse62944,0.937037,0.822247,0.962487
FAM149A,0.000000,0.000000,Source: gse62944,0.937037,0.822247,0.962487
TUBBP5,0.000000,0.000000,Source: gse62944,0.937037,0.822247,0.962487
CALCOCO2,0.000000,0.000000,Source: gse62944,0.937037,0.822247,0.962487
ARFIP2,0.000000,0.000000,Source: gse62944,0.937037,0.822247,0.962487
PLTP,0.000000,0.000000,Source: gse62944,0.937037,0.822247,0.962487
TBC1D22A,0.000000,0.000000,Source: gse62944,0.937037,0.822247,0.962487
UGT1A8,0.000000,0.000000,Source: gse62944,0.937037,0.822247,0.962487
MYBPH,0.000000,0.000000,Source: gse62944,0.937037,0.822247,0.962487
SPINK1,0.000000,0.000000,Source: gse62944,0.937037,0.822247,0.962487
KRT35,0.000000,0.000000,Source: gse62944,0.937037,0.822247,0.962487
PDGFRA,0.000000,0.000000,Source: gse62944,0.937037,0.822247,0.962487
CALR,0.000000,0.000000,Source: gse62944,0.937037,0.822247,0.962487
RBM22,0.000000,0.000000,Source: gse62944,0.937037,0.822247,0.962487
GLCE,0.000000,0.000000,Source: gse62944,0.937037,0.822247,0.962487
PDE8A,0.000000,0.000000,Source: gse62944,0.937037,0.822247,0.962487
TOX,0.000000,0.000000,Source: gse62944,0.937037,0.822247,0.962487
DNAJC7,0.000000,0.000000,Source: gse62944,0.937037,0.822247,0.962487
THAP1,0.000000,0.000000,Source: gse62944,0.937037,0.822247,0.962487
CHRD,0.000000,0.000000,Source: gse62944,0.937037,0.822247,0.962487
EPHX2,0.000000,0.000000,Source: gse62944,0.937037,0.822247,0.962487
MANF,0.000000,0.000000,Source: gse62944,0.937037,0.822247,0.962487
INHBE,0.000000,0.000000,Source: gse62944,0.937037,0.822247,0.962487
PRSS12,0.000000,0.000000,Source: gse62944,0.937037,0.822247,0.962487
PLAGL1,0.000000,0.000000,Source: gse62944,0.937037,0.822247,0.962487
IDO1,0.000000,0.000000,Source: gse62944,0.937037,0.822247,0.962487
CHST15,0.000000,0.000000,Source: gse62944,0.937037,0.822247,0.962487
SUV39H1,0.000000,0.000000,Source: gse62944,0.937037,0.822247,0.962487
GPM6B,0.000000,0.000000,Source: gse62944,0.937037,0.822247,0.962487
NLRP2,0.000000,0.000000,Source: gse62944,0.937037,0.822247,0.962487
CAMTA1,0.000000,0.000000,Source: gse62944,0.937037,0.822247,0.962487
BRD9,0.000000,0.000000,Source: gse62944,0.937037,0.822247,0.962487
CLSTN3,0.000000,0.000000,Source: gse62944,0.937037,0.822247,0.962487
ARL3,0.000000,0.000000,Source: gse62944,0.937037,0.822247,0.962487
MYLK3,0.000000,0.000000,Source: gse62944,0.937037,0.822247,0.962487
FAM174B,0.000000,0.000000,Source: gse62944,0.937037,0.822247,0.962487
POLM,0.000000,0.000000,Source: gse62944,0.937037,0.822247,0.962487
SCEL,0.000000,0.000000,Source: gse62944,0.937037,0.822247,0.962487
RFX7,0.000000,0.000000,Source: gse62944,0.937037,0.822247,0.962487
SLC3A2,0.000000,0.000000,Source: gse62944,0.937037,0.822247,0.962487
CHST8,0.000000,0.000000,Source: gse62944,0.937037,0.822247,0.962487
UGT2B4,0.000000,0.000000,Source: gse62944,0.937037,0.822247,0.962487
NGLY1,0.000000,0.000000,Source: gse62944,0.937037,0.822247,0.962487
PBXIP1,0.000000,0.000000,Source: gse62944,0.937037,0.822247,0.962487
PHACTR4,0.000000,0.000000,Source: gse62944,0.937037,0.822247,0.962487
DSTNP2,0.000000,0.000000,Source: gse62944,0.937037,0.822247,0.962487
PHOX2B,0.000000,0.000000,Source: gse62944,0.937037,0.822247,0.962487
RGP1,0.000000,0.000000,Source: gse62944,0.937037,0.822247,0.962487
MAFF,0.000000,0.000000,Source: gse62944,0.937037,0.822247,0.962487
GRINA,0.000000,0.000000,Source: gse62944,0.937037,0.822247,0.962487
VAV1,0.000000,0.000000,Source: gse62944,0.937037,0.822247,0.962487
RIT1,0.000000,0.000000,Source: gse62944,0.937037,0.822247,0.962487
PDLIM5,0.000000,0.000000,Source: gse62944,0.937037,0.822247,0.962487
FRMD1,0.000000,0.000000,Source: gse62944,0.937037,0.822247,0.962487
RAB3B,0.000000,0.000000,Source: gse62944,0.937037,0.822247,0.962487
APPL1,0.000000,0.000000,Source: gse62944,0.937037,0.822247,0.962487
UCHL3,0.000000,0.000000,Source: gse62944,0.937037,0.822247,0.962487
TGM2,0.000000,0.000000,Source: gse62944,0.937037,0.822247,0.962487
CDHR1,0.000000,0.000000,Source: gse62944,0.937037,0.822247,0.962487
ZNF385D,0.000000,0.000000,Source: gse62944,0.937037,0.822247,0.962487
ABCC8,0.000000,0.000000,Source: gse62944,0.937037,0.822247,0.962487
ONECUT1,0.000000,0.000000,Source: gse62944,0.937037,0.822247,0.962487
ECD,0.000000,0.000000,Source: gse62944,0.937037,0.822247,0.962487
CLMN,0.000000,0.000000,Source: gse62944,0.937037,0.822247,0.962487
BSDC1,0.000000,0.000000,Source: gse62944,0.937037,0.822247,0.962487
FES,0.000000,0.000000,Source: gse62944,0.937037,0.822247,0.962487
CLEC4M,0.000000,0.000000,Source: gse62944,0.937037,0.822247,0.962487
CNOT8,0.000000,0.000000,Source: gse62944,0.937037,0.822247,0.962487
UBA7,0.000000,0.000000,Source: gse62944,0.937037,0.822247,0.962487
SNX24,0.000000,0.000000,Source: gse62944,0.937037,0.822247,0.962487
APOA2,0.000000,0.000000,Source: gse62944,0.937037,0.822247,0.962487
DOK4,0.000000,0.000000,Source: gse62944,0.937037,0.822247,0.962487
LEFTY1,0.000000,0.000000,Source: gse62944,0.937037,0.822247,0.962487
DUSP6,0.000000,0.000000,Source: gse62944,0.937037,0.822247,0.962487
TPP2,0.000000,0.000000,Source: gse62944,0.937037,0.822247,0.962487
POU3F3,0.000000,0.000000,Source: gse62944,0.937037,0.822247,0.962487
KHK,0.000000,0.000000,Source: gse62944,0.937037,0.822247,0.962487
OR2F1,0.000000,0.000000,Source: gse62944,0.937037,0.822247,0.962487
BECN1,0.000000,0.000000,Source: gse62944,0.937037,0.822247,0.962487
SOX21,0.000000,0.000000,Source: gse62944,0.937037,0.822247,0.962487
CD4,0.000000,0.000000,Source: gse62944,0.937037,0.822247,0.962487
ZNF133,0.000000,0.000000,Source: gse62944,0.937037,0.822247,0.962487
PRPH,0.000000,0.000000,Source: gse62944,0.937037,0.822247,0.962487
TAC1,0.000000,0.000000,Source: gse62944,0.937037,0.822247,0.962487
SUOX,0.000000,0.000000,Source: gse62944,0.937037,0.822247,0.962487
SLC4A8,0.000000,0.000000,Source: gse62944,0.937037,0.822247,0.962487
ZDHHC4,0.000000,0.000000,Source: gse62944,0.937037,0.822247,0.962487
SPEF1,0.000000,0.000000,Source: gse62944,0.937037,0.822247,0.962487
FKBP1B,0.000000,0.000000,Source: gse62944,0.937037,0.822247,0.962487
OXA1L,0.000000,0.000000,Source: gse62944,0.937037,0.822247,0.962487
CLDN18,0.000000,0.000000,Source: gse62944,0.937037,0.822247,0.962487
DNAJB12,0.000000,0.000000,Source: gse62944,0.937037,0.822247,0.962487
NRXN3,0.000000,0.000000,Source: gse62944,0.937037,0.822247,0.962487
COL4A2,0.000000,0.000000,Source: gse62944,0.937037,0.822247,0.962487
USF2,0.000000,0.000000,Source: gse62944,0.937037,0.822247,0.962487
DRG2,0.000000,0.000000,Source: gse62944,0.937037,0.822247,0.962487
BUB3,0.000000,0.000000,Source: gse62944,0.937037,0.822247,0.962487
TRAPPC2,0.000000,0.000000,Source: gse62944,0.937037,0.822247,0.962487
YOD1,0.000000,0.000000,Source: gse62944,0.937037,0.822247,0.962487
ARMC9,0.000000,0.000000,Source: gse62944,0.937037,0.822247,0.962487
CUBN,0.000000,0.000000,Source: gse62944,0.937037,0.822247,0.962487
MXD1,0.000000,0.000000,Source: gse62944,0.937037,0.822247,0.962487
PPP2R5D,0.000000,0.000000,Source: gse62944,0.937037,0.822247,0.962487
FBN1,0.000000,0.000000,Source: gse62944,0.937037,0.822247,0.962487
PDCD2,0.000000,0.000000,Source: gse62944,0.937037,0.822247,0.962487
EPS15,0.000000,0.000000,Source: gse62944,0.937037,0.822247,0.962487
MOS,0.000000,0.000000,Source: gse62944,0.937037,0.822247,0.962487
MTRF1,0.000000,0.000000,Source: gse62944,0.937037,0.822247,0.962487
MBD3,0.000000,0.000000,Source: gse62944,0.937037,0.822247,0.962487
PRG2,0.000000,0.000000,Source: gse62944,0.937037,0.822247,0.962487
CAMK1D,0.000000,0.000000,Source: gse62944,0.937037,0.822247,0.962487
MFAP5,0.000000,0.000000,Source: gse62944,0.937037,0.822247,0.962487
LY96,0.000000,0.000000,Source: gse62944,0.937037,0.822247,0.962487
SIK3,0.000000,0.000000,Source: gse62944,0.937037,0.822247,0.962487
PCDHB1,0.000000,0.000000,Source: gse62944,0.937037,0.822247,0.962487
DUSP4,0.000000,0.000000,Source: gse62944,0.937037,0.822247,0.962487
TRPM6,0.000000,0.000000,Source: gse62944,0.937037,0.822247,0.962487
POLDIP2,0.000000,0.000000,Source: gse62944,0.937037,0.822247,0.962487
AIMP2,0.000000,0.000000,Source: gse62944,0.937037,0.822247,0.962487
FGGY,0.000000,0.000000,Source: gse62944,0.937037,0.822247,0.962487
SUV39H2,0.000000,0.000000,Source: gse62944,0.937037,0.822247,0.962487
KIF1A,0.000000,0.000000,Source: gse62944,0.937037,0.822247,0.962487
ZBTB25,0.000000,0.000000,Source: gse62944,0.937037,0.822247,0.962487
MTMR6,0.000000,0.000000,Source: gse62944,0.937037,0.822247,0.962487
TANC2,0.000000,0.000000,Source: gse62944,0.937037,0.822247,0.962487
SMYD5,0.000000,0.000000,Source: gse62944,0.937037,0.822247,0.962487
VAMP1,0.000000,0.000000,Source: gse62944,0.937037,0.822247,0.962487
SEMA3E,0.000000,0.000000,Source: gse62944,0.937037,0.822247,0.962487
GNA12,0.000000,0.000000,Source: gse62944,0.937037,0.822247,0.962487
TRIM22,0.000000,0.000000,Source: gse62944,0.937037,0.822247,0.962487
DEDD,0.000000,0.000000,Source: gse62944,0.937037,0.822247,0.962487
PAFAH2,0.000000,0.000000,Source: gse62944,0.937037,0.822247,0.962487
GABRA5,0.000000,0.000000,Source: gse62944,0.937037,0.822247,0.962487
LRP10,0.000000,0.000000,Source: gse62944,0.937037,0.822247,0.962487
GPATCH8,0.000000,0.000000,Source: gse62944,0.937037,0.822247,0.962487
MPPED1,0.000000,0.000000,Source: gse62944,0.937037,0.822247,0.962487
CSRNP3,0.000000,0.000000,Source: gse62944,0.937037,0.822247,0.962487
GTF2A2,0.000000,0.000000,Source: gse62944,0.937037,0.822247,0.962487
ZC2HC1C,0.000000,0.000000,Source: gse62944,0.937037,0.822247,0.962487
REPIN1,0.000000,0.000000,Source: gse62944,0.937037,0.822247,0.962487
RPS17,0.000000,0.000000,Source: gse62944,0.937037,0.822247,0.962487
SCGN,0.000000,0.000000,Source: gse62944,0.937037,0.822247,0.962487
MIS18BP1,0.000000,0.000000,Source: gse62944,0.937037,0.822247,0.962487
CRYBB2P1,0.000000,0.000000,Source: gse62944,0.937037,0.822247,0.962487
EWSR1,0.000000,0.000000,Source: gse62944,0.937037,0.822247,0.962487
ARG1,0.000000,0.000000,Source: gse62944,0.937037,0.822247,0.962487
PSMD2,0.000000,0.000000,Source: gse62944,0.937037,0.822247,0.962487
SDF4,0.000000,0.000000,Source: gse62944,0.937037,0.822247,0.962487
RNASE4,0.000000,0.000000,Source: gse62944,0.937037,0.822247,0.962487
PITPNC1,0.000000,0.000000,Source: gse62944,0.937037,0.822247,0.962487
GPNMB,0.000000,0.000000,Source: gse62944,0.937037,0.822247,0.962487
CYP2A6,0.000000,0.000000,Source: gse62944,0.937037,0.822247,0.962487
BIN3,0.000000,0.000000,Source: gse62944,0.937037,0.822247,0.962487
CDK12,0.000000,0.000000,Source: gse62944,0.937037,0.822247,0.962487
POLR2G,0.000000,0.000000,Source: gse62944,0.937037,0.822247,0.962487
PSMB2,0.000000,0.000000,Source: gse62944,0.937037,0.822247,0.962487
STAU2,0.000000,0.000000,Source: gse62944,0.937037,0.822247,0.962487
GPRC5A,0.000000,0.000000,Source: gse62944,0.937037,0.822247,0.962487
PMEL,0.000000,0.000000,Source: gse62944,0.937037,0.822247,0.962487
ARMCX5,0.000000,0.000000,Source: gse62944,0.937037,0.822247,0.962487
CTSG,0.000000,0.000000,Source: gse62944,0.937037,0.822247,0.962487
IPO9,0.000000,0.000000,Source: gse62944,0.937037,0.822247,0.962487
HGS,0.000000,0.000000,Source: gse62944,0.937037,0.822247,0.962487
ORAI3,0.000000,0.000000,Source: gse62944,0.937037,0.822247,0.962487
CYP4A22,0.000000,0.000000,Source: gse62944,0.937037,0.822247,0.962487
RASL10A,0.000000,0.000000,Source: gse62944,0.937037,0.822247,0.962487
ARHGAP11A,0.000000,0.000000,Source: gse62944,0.937037,0.822247,0.962487
STARD8,0.000000,0.000000,Source: gse62944,0.937037,0.822247,0.962487
C19orf53,0.000000,0.000000,Source: gse62944,0.937037,0.822247,0.962487
EML3,0.000000,0.000000,Source: gse62944,0.937037,0.822247,0.962487
ZNF280D,0.000000,0.000000,Source: gse62944,0.937037,0.822247,0.962487
EBLN2,0.000000,0.000000,Source: gse62944,0.937037,0.822247,0.962487
ZHX3,0.000000,0.000000,Source: gse62944,0.937037,0.822247,0.962487
PRDM2,0.000000,0.000000,Source: gse62944,0.937037,0.822247,0.962487
CYTH2,0.000000,0.000000,Source: gse62944,0.937037,0.822247,0.962487
B3GALT1,0.000000,0.000000,Source: gse62944,0.937037,0.822247,0.962487
TXNIP,0.000000,0.000000,Source: gse62944,0.937037,0.822247,0.962487
ALAS1,0.000000,0.000000,Source: gse62944,0.937037,0.822247,0.962487
XPOT,0.000000,0.000000,Source: gse62944,0.937037,0.822247,0.962487
SLC5A3,0.000000,0.000000,Source: gse62944,0.937037,0.822247,0.962487
TEX261,0.000000,0.000000,Source: gse62944,0.937037,0.822247,0.962487
TMEM120B,0.000000,0.000000,Source: gse62944,0.937037,0.822247,0.962487
TIMM8B,0.000000,0.000000,Source: gse62944,0.937037,0.822247,0.962487
KIAA0753,0.000000,0.000000,Source: gse62944,0.937037,0.822247,0.962487
NEFH,0.000000,0.000000,Source: gse62944,0.937037,0.822247,0.962487
AMN,0.000000,0.000000,Source: gse62944,0.937037,0.822247,0.962487
CLDN9,0.000000,0.000000,Source: gse62944,0.937037,0.822247,0.962487
NEUROG1,0.000000,0.000000,Source: gse62944,0.937037,0.822247,0.962487
RBM7,0.000000,0.000000,Source: gse62944,0.937037,0.822247,0.962487
WASL,0.000000,0.000000,Source: gse62944,0.937037,0.822247,0.962487
RNASE1,0.000000,0.000000,Source: gse62944,0.937037,0.822247,0.962487
ESRRG,0.000000,0.000000,Source: gse62944,0.937037,0.822247,0.962487
TFAP2B,0.000000,0.000000,Source: gse62944,0.937037,0.822247,0.962487
CCDC93,0.000000,0.000000,Source: gse62944,0.937037,0.822247,0.962487
GIPR,0.000000,0.000000,Source: gse62944,0.937037,0.822247,0.962487
HYI,0.000000,0.000000,Source: gse62944,0.937037,0.822247,0.962487
UGT2B15,0.000000,0.000000,Source: gse62944,0.937037,0.822247,0.962487
AADAC,0.000000,0.000000,Source: gse62944,0.937037,0.822247,0.962487
TPST2,0.000000,0.000000,Source: gse62944,0.937037,0.822247,0.962487
SCT,0.000000,0.000000,Source: gse62944,0.937037,0.822247,0.962487
PHYH,0.000000,0.000000,Source: gse62944,0.937037,0.822247,0.962487
NOVA2,0.000000,0.000000,Source: gse62944,0.937037,0.822247,0.962487
ITGB2,0.000000,0.000000,Source: gse62944,0.937037,0.822247,0.962487
MNX1,0.000000,0.000000,Source: gse62944,0.937037,0.822247,0.962487
ATP6V0D1,0.000000,0.000000,Source: gse62944,0.937037,0.822247,0.962487
DDX18,0.000000,0.000000,Source: gse62944,0.937037,0.822247,0.962487
EDC4,0.000000,0.000000,Source: gse62944,0.937037,0.822247,0.962487
FRK,0.000000,0.000000,Source: gse62944,0.937037,0.822247,0.962487
IFI6,0.000000,0.000000,Source: gse62944,0.937037,0.822247,0.962487
PPP1R16B,0.000000,0.000000,Source: gse62944,0.937037,0.822247,0.962487
TNFRSF10C,0.000000,0.000000,Source: gse62944,0.937037,0.822247,0.962487
MCPH1,0.000000,0.000000,Source: gse62944,0.937037,0.822247,0.962487
CDCA3,0.000000,0.000000,Source: gse62944,0.937037,0.822247,0.962487
GFER,0.000000,0.000000,Source: gse62944,0.937037,0.822247,0.962487
NLGN1,0.000000,0.000000,Source: gse62944,0.937037,0.822247,0.962487
UBE2J1,0.000000,0.000000,Source: gse62944,0.937037,0.822247,0.962487
CEP250,0.000000,0.000000,Source: gse62944,0.937037,0.822247,0.962487
HSP90AA1,0.000000,0.000000,Source: gse62944,0.937037,0.822247,0.962487
SERPINF2,0.000000,0.000000,Source: gse62944,0.937037,0.822247,0.962487
DSC2,0.000000,0.000000,Source: gse62944,0.937037,0.822247,0.962487
TIMELESS,0.000000,0.000000,Source: gse62944,0.937037,0.822247,0.962487
NEK11,0.000000,0.000000,Source: gse62944,0.937037,0.822247,0.962487
NSUN3,0.000000,0.000000,Source: gse62944,0.937037,0.822247,0.962487
MUTYH,0.000000,0.000000,Source: gse62944,0.937037,0.822247,0.962487
GPX7,0.000000,0.000000,Source: gse62944,0.937037,0.822247,0.962487
GNAI3,0.000000,0.000000,Source: gse62944,0.937037,0.822247,0.962487
RPA1,0.000000,0.000000,Source: gse62944,0.937037,0.822247,0.962487
TMEM50B,0.000000,0.000000,Source: gse62944,0.937037,0.822247,0.962487
MMP16,0.000000,0.000000,Source: gse62944,0.937037,0.822247,0.962487
GABRP,0.000000,0.000000,Source: gse62944,0.937037,0.822247,0.962487
CEP41,0.000000,0.000000,Source: gse62944,0.937037,0.822247,0.962487
KCTD17,0.000000,0.000000,Source: gse62944,0.937037,0.822247,0.962487
MYH4,0.000000,0.000000,Source: gse62944,0.937037,0.822247,0.962487
HSD17B8,0.000000,0.000000,Source: gse62944,0.937037,0.822247,0.962487
GPR65,0.000000,0.000000,Source: gse62944,0.937037,0.822247,0.962487
CWH43,0.000000,0.000000,Source: gse62944,0.937037,0.822247,0.962487
POLR2I,0.000000,0.000000,Source: gse62944,0.937037,0.822247,0.962487
ADIPOR1,0.000000,0.000000,Source: gse62944,0.937037,0.822247,0.962487
FBXO11,0.000000,0.000000,Source: gse62944,0.937037,0.822247,0.962487
OR3A3,0.000000,0.000000,Source: gse62944,0.937037,0.822247,0.962487
SLC6A1,0.000000,0.000000,Source: gse62944,0.937037,0.822247,0.962487
TPM3,0.000000,0.000000,Source: gse62944,0.937037,0.822247,0.962487
EIF2B5,0.000000,0.000000,Source: gse62944,0.937037,0.822247,0.962487
PCF11,0.000000,0.000000,Source: gse62944,0.937037,0.822247,0.962487
RPE65,0.000000,0.000000,Source: gse62944,0.937037,0.822247,0.962487
SNAP29,0.000000,0.000000,Source: gse62944,0.937037,0.822247,0.962487
CD177,0.000000,0.000000,Source: gse62944,0.937037,0.822247,0.962487
FAM135A,0.000000,0.000000,Source: gse62944,0.937037,0.822247,0.962487
ZNF235,0.000000,0.000000,Source: gse62944,0.937037,0.822247,0.962487
RRAS2,0.000000,0.000000,Source: gse62944,0.937037,0.822247,0.962487
IVL,0.000000,0.000000,Source: gse62944,0.937037,0.822247,0.962487
ERAL1,0.000000,0.000000,Source: gse62944,0.937037,0.822247,0.962487
NAE1,0.000000,0.000000,Source: gse62944,0.937037,0.822247,0.962487
BAP1,0.000000,0.000000,Source: gse62944,0.937037,0.822247,0.962487
COPA,0.000000,0.000000,Source: gse62944,0.937037,0.822247,0.962487
NQO2,0.000000,0.000000,Source: gse62944,0.937037,0.822247,0.962487
FBP1,0.000000,0.000000,Source: gse62944,0.937037,0.822247,0.962487
ASH1L,0.000000,0.000000,Source: gse62944,0.937037,0.822247,0.962487
BACH2,0.000000,0.000000,Source: gse62944,0.937037,0.822247,0.962487
PRKACA,0.000000,0.000000,Source: gse62944,0.937037,0.822247,0.962487
MRPS33,0.000000,0.000000,Source: gse62944,0.937037,0.822247,0.962487
KRT17,0.000000,0.000000,Source: gse62944,0.937037,0.822247,0.962487
SERPINA4,0.000000,0.000000,Source: gse62944,0.937037,0.822247,0.962487
SGSM3,0.000000,0.000000,Source: gse62944,0.937037,0.822247,0.962487
SNTG2,0.000000,0.000000,Source: gse62944,0.937037,0.822247,0.962487
ZNF674,0.000000,0.000000,Source: gse62944,0.937037,0.822247,0.962487
C2,0.000000,0.000000,Source: gse62944,0.937037,0.822247,0.962487
SLC6A7,0.000000,0.000000,Source: gse62944,0.937037,0.822247,0.962487
CCDC40,0.000000,0.000000,Source: gse62944,0.937037,0.822247,0.962487
C11orf68,0.000000,0.000000,Source: gse62944,0.937037,0.822247,0.962487
TAF13,0.000000,0.000000,Source: gse62944,0.937037,0.822247,0.962487
FZD3,0.000000,0.000000,Source: gse62944,0.937037,0.822247,0.962487
CD248,0.000000,0.000000,Source: gse62944,0.937037,0.822247,0.962487
PSME1,0.000000,0.000000,Source: gse62944,0.937037,0.822247,0.962487
CST2,0.000000,0.000000,Source: gse62944,0.937037,0.822247,0.962487
NHLH1,0.000000,0.000000,Source: gse62944,0.937037,0.822247,0.962487
USP32,0.000000,0.000000,Source: gse62944,0.937037,0.822247,0.962487
MEN1,0.000000,0.000000,Source: gse62944,0.937037,0.822247,0.962487
B3GAT1,0.000000,0.000000,Source: gse62944,0.937037,0.822247,0.962487
FOXA1,0.000000,0.000000,Source: gse62944,0.937037,0.822247,0.962487
RAB21,0.000000,0.000000,Source: gse62944,0.937037,0.822247,0.962487
TUBGCP3,0.000000,0.000000,Source: gse62944,0.937037,0.822247,0.962487
TULP1,0.000000,0.000000,Source: gse62944,0.937037,0.822247,0.962487
RRP15,0.000000,0.000000,Source: gse62944,0.937037,0.822247,0.962487
IGFLR1,0.000000,0.000000,Source: gse62944,0.937037,0.822247,0.962487
RPF1,0.000000,0.000000,Source: gse62944,0.937037,0.822247,0.962487
IGSF3,0.000000,0.000000,Source: gse62944,0.937037,0.822247,0.962487
SLC26A1,0.000000,0.000000,Source: gse62944,0.937037,0.822247,0.962487
AP4E1,0.000000,0.000000,Source: gse62944,0.937037,0.822247,0.962487
MAPKAPK2,0.000000,0.000000,Source: gse62944,0.937037,0.822247,0.962487
FXR1,0.000000,0.000000,Source: gse62944,0.937037,0.822247,0.962487
SNAP23,0.000000,0.000000,Source: gse62944,0.937037,0.822247,0.962487
ALDH6A1,0.000000,0.000000,Source: gse62944,0.937037,0.822247,0.962487
EPB42,0.000000,0.000000,Source: gse62944,0.937037,0.822247,0.962487
NKRF,0.000000,0.000000,Source: gse62944,0.937037,0.822247,0.962487
C1orf174,0.000000,0.000000,Source: gse62944,0.937037,0.822247,0.962487
GMPPA,0.000000,0.000000,Source: gse62944,0.937037,0.822247,0.962487
STIL,0.000000,0.000000,Source: gse62944,0.937037,0.822247,0.962487
DHPS,0.000000,0.000000,Source: gse62944,0.937037,0.822247,0.962487
PLXNB2,0.000000,0.000000,Source: gse62944,0.937037,0.822247,0.962487
RWDD2B,0.000000,0.000000,Source: gse62944,0.937037,0.822247,0.962487
SH3GL1,0.000000,0.000000,Source: gse62944,0.937037,0.822247,0.962487
MMP26,0.000000,0.000000,Source: gse62944,0.937037,0.822247,0.962487
ALK,0.000000,0.000000,Source: gse62944,0.937037,0.822247,0.962487
PHF8,0.000000,0.000000,Source: gse62944,0.937037,0.822247,0.962487
SLC18A2,0.000000,0.000000,Source: gse62944,0.937037,0.822247,0.962487
TRANK1,0.000000,0.000000,Source: gse62944,0.937037,0.822247,0.962487
CLPX,0.000000,0.000000,Source: gse62944,0.937037,0.822247,0.962487
KHDRBS2,0.000000,0.000000,Source: gse62944,0.937037,0.822247,0.962487
MARK3,0.000000,0.000000,Source: gse62944,0.937037,0.822247,0.962487
ABT1,0.000000,0.000000,Source: gse62944,0.937037,0.822247,0.962487
DHRS7,0.000000,0.000000,Source: gse62944,0.937037,0.822247,0.962487
UBE2A,0.000000,0.000000,Source: gse62944,0.937037,0.822247,0.962487
GALNT14,0.000000,0.000000,Source: gse62944,0.937037,0.822247,0.962487
GCDH,0.000000,0.000000,Source: gse62944,0.937037,0.822247,0.962487
HHAT,0.000000,0.000000,Source: gse62944,0.937037,0.822247,0.962487
CYP26A1,0.000000,0.000000,Source: gse62944,0.937037,0.822247,0.962487
MAP4K3,0.000000,0.000000,Source: gse62944,0.937037,0.822247,0.962487
DIP2C,0.000000,0.000000,Source: gse62944,0.937037,0.822247,0.962487
LCN2,0.000000,0.000000,Source: gse62944,0.937037,0.822247,0.962487
UBR7,0.000000,0.000000,Source: gse62944,0.937037,0.822247,0.962487
CH25H,0.000000,0.000000,Source: gse62944,0.937037,0.822247,0.962487
MRPL34,0.000000,0.000000,Source: gse62944,0.937037,0.822247,0.962487
PRKCG,0.000000,0.000000,Source: gse62944,0.937037,0.822247,0.962487
MARCKSL1,0.000000,0.000000,Source: gse62944,0.937037,0.822247,0.962487
PDLIM7,0.000000,0.000000,Source: gse62944,0.937037,0.822247,0.962487
PCK2,0.000000,0.000000,Source: gse62944,0.937037,0.822247,0.962487
SLC4A4,0.000000,0.000000,Source: gse62944,0.937037,0.822247,0.962487
PSMB3,0.000000,0.000000,Source: gse62944,0.937037,0.822247,0.962487
TMEM156,0.000000,0.000000,Source: gse62944,0.937037,0.822247,0.962487
RRP1B,0.000000,0.000000,Source: gse62944,0.937037,0.822247,0.962487
TRMT61A,0.000000,0.000000,Source: gse62944,0.937037,0.822247,0.962487
ACADL,0.000000,0.000000,Source: gse62944,0.937037,0.822247,0.962487
HMOX1,0.000000,0.000000,Source: gse62944,0.937037,0.822247,0.962487
JAG2,0.000000,0.000000,Source: gse62944,0.937037,0.822247,0.962487
ETV1,0.000000,0.000000,Source: gse62944,0.937037,0.822247,0.962487
CROCCP2,0.000000,0.000000,Source: gse62944,0.937037,0.822247,0.962487
LYRM4,0.000000,0.000000,Source: gse62944,0.937037,0.822247,0.962487
LEPROT,0.000000,0.000000,Source: gse62944,0.937037,0.822247,0.962487
SAMD9,0.000000,0.000000,Source: gse62944,0.937037,0.822247,0.962487
PSMB1,0.000000,0.000000,Source: gse62944,0.937037,0.822247,0.962487
SCAF11,0.000000,0.000000,Source: gse62944,0.937037,0.822247,0.962487
HEXB,0.000000,0.000000,Source: gse62944,0.937037,0.822247,0.962487
EFNA4,0.000000,0.000000,Source: gse62944,0.937037,0.822247,0.962487
OTUD3,0.000000,0.000000,Source: gse62944,0.937037,0.822247,0.962487
ANXA13,0.000000,0.000000,Source: gse62944,0.937037,0.822247,0.962487
PLCB2,0.000000,0.000000,Source: gse62944,0.937037,0.822247,0.962487
ZBTB17,0.000000,0.000000,Source: gse62944,0.937037,0.822247,0.962487
STAP1,0.000000,0.000000,Source: gse62944,0.937037,0.822247,0.962487
CMAS,0.000000,0.000000,Source: gse62944,0.937037,0.822247,0.962487
TWIST1,0.000000,0.000000,Source: gse62944,0.937037,0.822247,0.962487
ALOX15B,0.000000,0.000000,Source: gse62944,0.937037,0.822247,0.962487
CHST3,0.000000,0.000000,Source: gse62944,0.937037,0.822247,0.962487
METRN,0.000000,0.000000,Source: gse62944,0.937037,0.822247,0.962487
PTPRU,0.000000,0.000000,Source: gse62944,0.937037,0.822247,0.962487
PCYT2,0.000000,0.000000,Source: gse62944,0.937037,0.822247,0.962487
TSKS,0.000000,0.000000,Source: gse62944,0.937037,0.822247,0.962487
AOAH,0.000000,0.000000,Source: gse62944,0.937037,0.822247,0.962487
IER5,0.000000,0.000000,Source: gse62944,0.937037,0.822247,0.962487
PARVA,0.000000,0.000000,Source: gse62944,0.937037,0.822247,0.962487
OAZ3,0.000000,0.000000,Source: gse62944,0.937037,0.822247,0.962487
MYO1E,0.000000,0.000000,Source: gse62944,0.937037,0.822247,0.962487
STK32B,0.000000,0.000000,Source: gse62944,0.937037,0.822247,0.962487
SLC17A9,0.000000,0.000000,Source: gse62944,0.937037,0.822247,0.962487
GTPBP8,0.000000,0.000000,Source: gse62944,0.937037,0.822247,0.962487
COX6B1,0.000000,0.000000,Source: gse62944,0.937037,0.822247,0.962487
GRIA1,0.000000,0.000000,Source: gse62944,0.937037,0.822247,0.962487
MAPRE3,0.000000,0.000000,Source: gse62944,0.937037,0.822247,0.962487
MTA1,0.000000,0.000000,Source: gse62944,0.937037,0.822247,0.962487
EXOC7,0.000000,0.000000,Source: gse62944,0.937037,0.822247,0.962487
CLP1,0.000000,0.000000,Source: gse62944,0.937037,0.822247,0.962487
STMN3,0.000000,0.000000,Source: gse62944,0.937037,0.822247,0.962487
SF3A2,0.000000,0.000000,Source: gse62944,0.937037,0.822247,0.962487
QPCT,0.000000,0.000000,Source: gse62944,0.937037,0.822247,0.962487
SCFD1,0.000000,0.000000,Source: gse62944,0.937037,0.822247,0.962487
WRAP73,0.000000,0.000000,Source: gse62944,0.937037,0.822247,0.962487
CNKSR1,0.000000,0.000000,Source: gse62944,0.937037,0.822247,0.962487
CELSR1,0.000000,0.000000,Source: gse62944,0.937037,0.822247,0.962487
ARL2,0.000000,0.000000,Source: gse62944,0.937037,0.822247,0.962487
KPNA6,0.000000,0.000000,Source: gse62944,0.937037,0.822247,0.962487
REM1,0.000000,0.000000,Source: gse62944,0.937037,0.822247,0.962487
PPP4C,0.000000,0.000000,Source: gse62944,0.937037,0.822247,0.962487
ASCL3,0.000000,0.000000,Source: gse62944,0.937037,0.822247,0.962487
PARVB,0.000000,0.000000,Source: gse62944,0.937037,0.822247,0.962487
ITGA8,0.000000,0.000000,Source: gse62944,0.937037,0.822247,0.962487
JRKL,0.000000,0.000000,Source: gse62944,0.937037,0.822247,0.962487
GRAMD1B,0.000000,0.000000,Source: gse62944,0.937037,0.822247,0.962487
DHX16,0.000000,0.000000,Source: gse62944,0.937037,0.822247,0.962487
DIO3,0.000000,0.000000,Source: gse62944,0.937037,0.822247,0.962487
ACSM3,0.000000,0.000000,Source: gse62944,0.937037,0.822247,0.962487
SLC1A1,0.000000,0.000000,Source: gse62944,0.937037,0.822247,0.962487
DRD1,0.000000,0.000000,Source: gse62944,0.937037,0.822247,0.962487
GPATCH2,0.000000,0.000000,Source: gse62944,0.937037,0.822247,0.962487
AMD1,0.000000,0.000000,Source: gse62944,0.937037,0.822247,0.962487
TYRP1,0.000000,0.000000,Source: gse62944,0.937037,0.822247,0.962487
AGER,0.000000,0.000000,Source: gse62944,0.937037,0.822247,0.962487
GTPBP2,0.000000,0.000000,Source: gse62944,0.937037,0.822247,0.962487
PPT1,0.000000,0.000000,Source: gse62944,0.937037,0.822247,0.962487
SUPT3H,0.000000,0.000000,Source: gse62944,0.937037,0.822247,0.962487
BCAT1,0.000000,0.000000,Source: gse62944,0.937037,0.822247,0.962487
PSMD13,0.000000,0.000000,Source: gse62944,0.937037,0.822247,0.962487
TNFSF18,0.000000,0.000000,Source: gse62944,0.937037,0.822247,0.962487
EFNA5,0.000000,0.000000,Source: gse62944,0.937037,0.822247,0.962487
NAP1L4,0.000000,0.000000,Source: gse62944,0.937037,0.822247,0.962487
TRIM56,0.000000,0.000000,Source: gse62944,0.937037,0.822247,0.962487
ZNF239,0.000000,0.000000,Source: gse62944,0.937037,0.822247,0.962487
LARP4,0.000000,0.000000,Source: gse62944,0.937037,0.822247,0.962487
POU4F1,0.000000,0.000000,Source: gse62944,0.937037,0.822247,0.962487
PTPN3,0.000000,0.000000,Source: gse62944,0.937037,0.822247,0.962487
TNFRSF10B,0.000000,0.000000,Source: gse62944,0.937037,0.822247,0.962487
MYBL1,0.000000,0.000000,Source: gse62944,0.937037,0.822247,0.962487
BAZ1A,0.000000,0.000000,Source: gse62944,0.937037,0.822247,0.962487
ILKAP,0.000000,0.000000,Source: gse62944,0.937037,0.822247,0.962487
NDUFC1,0.000000,0.000000,Source: gse62944,0.937037,0.822247,0.962487
ANO1,0.000000,0.000000,Source: gse62944,0.937037,0.822247,0.962487
UBXN7,0.000000,0.000000,Source: gse62944,0.937037,0.822247,0.962487
HS3ST3B1,0.000000,0.000000,Source: gse62944,0.937037,0.822247,0.962487
CCR7,0.000000,0.000000,Source: gse62944,0.937037,0.822247,0.962487
HTR3A,0.000000,0.000000,Source: gse62944,0.937037,0.822247,0.962487
CCNG2,0.000000,0.000000,Source: gse62944,0.937037,0.822247,0.962487
CAV1,0.000000,0.000000,Source: gse62944,0.937037,0.822247,0.962487
SNCAIP,0.000000,0.000000,Source: gse62944,0.937037,0.822247,0.962487
WRNIP1,0.000000,0.000000,Source: gse62944,0.937037,0.822247,0.962487
CSF3,0.000000,0.000000,Source: gse62944,0.937037,0.822247,0.962487
SQLE,0.000000,0.000000,Source: gse62944,0.937037,0.822247,0.962487
FAM193A,0.000000,0.000000,Source: gse62944,0.937037,0.822247,0.962487
MLH3,0.000000,0.000000,Source: gse62944,0.937037,0.822247,0.962487
CXCL11,0.000000,0.000000,Source: gse62944,0.937037,0.822247,0.962487
CYP17A1,0.000000,0.000000,Source: gse62944,0.937037,0.822247,0.962487
MRM1,0.000000,0.000000,Source: gse62944,0.937037,0.822247,0.962487
GYPA,0.000000,0.000000,Source: gse62944,0.937037,0.822247,0.962487
SPTAN1,0.000000,0.000000,Source: gse62944,0.937037,0.822247,0.962487
SMR3A,0.000000,0.000000,Source: gse62944,0.937037,0.822247,0.962487
IL32,0.000000,0.000000,Source: gse62944,0.937037,0.822247,0.962487
ZNF202,0.000000,0.000000,Source: gse62944,0.937037,0.822247,0.962487
FOXJ1,0.000000,0.000000,Source: gse62944,0.937037,0.822247,0.962487
STK10,0.000000,0.000000,Source: gse62944,0.937037,0.822247,0.962487
YLPM1,0.000000,0.000000,Source: gse62944,0.937037,0.822247,0.962487
ETV6,0.000000,0.000000,Source: gse62944,0.937037,0.822247,0.962487
SF3B2,0.000000,0.000000,Source: gse62944,0.937037,0.822247,0.962487
LPCAT4,0.000000,0.000000,Source: gse62944,0.937037,0.822247,0.962487
LRRC19,0.000000,0.000000,Source: gse62944,0.937037,0.822247,0.962487
HDC,0.000000,0.000000,Source: gse62944,0.937037,0.822247,0.962487
NADSYN1,0.000000,0.000000,Source: gse62944,0.937037,0.822247,0.962487
HERC1,0.000000,0.000000,Source: gse62944,0.937037,0.822247,0.962487
TMPRSS6,0.000000,0.000000,Source: gse62944,0.937037,0.822247,0.962487
ZBED5,0.000000,0.000000,Source: gse62944,0.937037,0.822247,0.962487
CAMSAP2,0.000000,0.000000,Source: gse62944,0.937037,0.822247,0.962487
ACTG2,0.000000,0.000000,Source: gse62944,0.937037,0.822247,0.962487
TACSTD2,0.000000,0.000000,Source: gse62944,0.937037,0.822247,0.962487
CANT1,0.000000,0.000000,Source: gse62944,0.937037,0.822247,0.962487
PROC,0.000000,0.000000,Source: gse62944,0.937037,0.822247,0.962487
CHI3L2,0.000000,0.000000,Source: gse62944,0.937037,0.822247,0.962487
HSD17B1,0.000000,0.000000,Source: gse62944,0.937037,0.822247,0.962487
BBOX1,0.000000,0.000000,Source: gse62944,0.937037,0.822247,0.962487
LY6G5C,0.000000,0.000000,Source: gse62944,0.937037,0.822247,0.962487
TUBB2A,0.000000,0.000000,Source: gse62944,0.937037,0.822247,0.962487
PAX9,0.000000,0.000000,Source: gse62944,0.937037,0.822247,0.962487
CTLA4,0.000000,0.000000,Source: gse62944,0.937037,0.822247,0.962487
PITX1,0.000000,0.000000,Source: gse62944,0.937037,0.822247,0.962487
SLC25A32,0.000000,0.000000,Source: gse62944,0.937037,0.822247,0.962487
SERPINF1,0.000000,0.000000,Source: gse62944,0.937037,0.822247,0.962487
NUDT4,0.000000,0.000000,Source: gse62944,0.937037,0.822247,0.962487
SPEG,0.000000,0.000000,Source: gse62944,0.937037,0.822247,0.962487
SLC3A1,0.000000,0.000000,Source: gse62944,0.937037,0.822247,0.962487
SLC7A7,0.000000,0.000000,Source: gse62944,0.937037,0.822247,0.962487
MLC1,0.000000,0.000000,Source: gse62944,0.937037,0.822247,0.962487
TM2D1,0.000000,0.000000,Source: gse62944,0.937037,0.822247,0.962487
NUCB2,0.000000,0.000000,Source: gse62944,0.937037,0.822247,0.962487
RGS1,0.000000,0.000000,Source: gse62944,0.937037,0.822247,0.962487
TP53I11,0.000000,0.000000,Source: gse62944,0.937037,0.822247,0.962487
PARP6,0.000000,0.000000,Source: gse62944,0.937037,0.822247,0.962487
MYL12A,0.000000,0.000000,Source: gse62944,0.937037,0.822247,0.962487
MTAP,0.000000,0.000000,Source: gse62944,0.937037,0.822247,0.962487
NFS1,0.000000,0.000000,Source: gse62944,0.937037,0.822247,0.962487
TRPM8,0.000000,0.000000,Source: gse62944,0.937037,0.822247,0.962487
PARM1,0.000000,0.000000,Source: gse62944,0.937037,0.822247,0.962487
CORIN,0.000000,0.000000,Source: gse62944,0.937037,0.822247,0.962487
HOXA6,0.000000,0.000000,Source: gse62944,0.937037,0.822247,0.962487
ARHGEF17,0.000000,0.000000,Source: gse62944,0.937037,0.822247,0.962487
CD27,0.000000,0.000000,Source: gse62944,0.937037,0.822247,0.962487
ADCY10,0.000000,0.000000,Source: gse62944,0.937037,0.822247,0.962487
WNT3,0.000000,0.000000,Source: gse62944,0.937037,0.822247,0.962487
CPNE6,0.000000,0.000000,Source: gse62944,0.937037,0.822247,0.962487
LINC00260,0.000000,0.000000,Source: gse62944,0.937037,0.822247,0.962487
SNTB1,0.000000,0.000000,Source: gse62944,0.937037,0.822247,0.962487
RTN3,0.000000,0.000000,Source: gse62944,0.937037,0.822247,0.962487
HIVEP1,0.000000,0.000000,Source: gse62944,0.937037,0.822247,0.962487
ID2,0.000000,0.000000,Source: gse62944,0.937037,0.822247,0.962487
SCAMP2,0.000000,0.000000,Source: gse62944,0.937037,0.822247,0.962487
PAFAH1B3,0.000000,0.000000,Source: gse62944,0.937037,0.822247,0.962487
NMUR1,0.000000,0.000000,Source: gse62944,0.937037,0.822247,0.962487
MPZL2,0.000000,0.000000,Source: gse62944,0.937037,0.822247,0.962487
ANGPTL7,0.000000,0.000000,Source: gse62944,0.937037,0.822247,0.962487
AP1B1,0.000000,0.000000,Source: gse62944,0.937037,0.822247,0.962487
HERC6,0.000000,0.000000,Source: gse62944,0.937037,0.822247,0.962487
KPNA5,0.000000,0.000000,Source: gse62944,0.937037,0.822247,0.962487
LBR,0.000000,0.000000,Source: gse62944,0.937037,0.822247,0.962487
BFAR,0.000000,0.000000,Source: gse62944,0.937037,0.822247,0.962487
CKS2,0.000000,0.000000,Source: gse62944,0.937037,0.822247,0.962487
ANP32A,0.000000,0.000000,Source: gse62944,0.937037,0.822247,0.962487
LIN28A,0.000000,0.000000,Source: gse62944,0.937037,0.822247,0.962487
RCBTB1,0.000000,0.000000,Source: gse62944,0.937037,0.822247,0.962487
SEMA5A,0.000000,0.000000,Source: gse62944,0.937037,0.822247,0.962487
RPA4,0.000000,0.000000,Source: gse62944,0.937037,0.822247,0.962487
AHNAK2,0.000000,0.000000,Source: gse62944,0.937037,0.822247,0.962487
CYP2C9,0.000000,0.000000,Source: gse62944,0.937037,0.822247,0.962487
SLC45A2,0.000000,0.000000,Source: gse62944,0.937037,0.822247,0.962487
GRB2,0.000000,0.000000,Source: gse62944,0.937037,0.822247,0.962487
DNTTIP2,0.000000,0.000000,Source: gse62944,0.937037,0.822247,0.962487
FAM120C,0.000000,0.000000,Source: gse62944,0.937037,0.822247,0.962487
MAFG,0.000000,0.000000,Source: gse62944,0.937037,0.822247,0.962487
PIGH,0.000000,0.000000,Source: gse62944,0.937037,0.822247,0.962487
MYF6,0.000000,0.000000,Source: gse62944,0.937037,0.822247,0.962487
ATP11A,0.000000,0.000000,Source: gse62944,0.937037,0.822247,0.962487
GLT8D2,0.000000,0.000000,Source: gse62944,0.937037,0.822247,0.962487
CDH1,0.000000,0.000000,Source: gse62944,0.937037,0.822247,0.962487
GDF7,0.000000,0.000000,Source: gse62944,0.937037,0.822247,0.962487
C14orf93,0.000000,0.000000,Source: gse62944,0.937037,0.822247,0.962487
KCNJ6,0.000000,0.000000,Source: gse62944,0.937037,0.822247,0.962487
ASIP,0.000000,0.000000,Source: gse62944,0.937037,0.822247,0.962487
TSR2,0.000000,0.000000,Source: gse62944,0.937037,0.822247,0.962487
EXOC6B,0.000000,0.000000,Source: gse62944,0.937037,0.822247,0.962487
S100A11,0.000000,0.000000,Source: gse62944,0.937037,0.822247,0.962487
C1QTNF1,0.000000,0.000000,Source: gse62944,0.937037,0.822247,0.962487
ARL6IP4,0.000000,0.000000,Source: gse62944,0.937037,0.822247,0.962487
VPS53,0.000000,0.000000,Source: gse62944,0.937037,0.822247,0.962487
SSTR2,0.000000,0.000000,Source: gse62944,0.937037,0.822247,0.962487
PARPBP,0.000000,0.000000,Source: gse62944,0.937037,0.822247,0.962487
ZNF556,0.000000,0.000000,Source: gse62944,0.937037,0.822247,0.962487
CDKAL1,0.000000,0.000000,Source: gse62944,0.937037,0.822247,0.962487
SSR3,0.000000,0.000000,Source: gse62944,0.937037,0.822247,0.962487
KCNQ2,0.000000,0.000000,Source: gse62944,0.937037,0.822247,0.962487
PDE3A,0.000000,0.000000,Source: gse62944,0.937037,0.822247,0.962487
DUSP12,0.000000,0.000000,Source: gse62944,0.937037,0.822247,0.962487
TMEM87A,0.000000,0.000000,Source: gse62944,0.937037,0.822247,0.962487
GDF11,0.000000,0.000000,Source: gse62944,0.937037,0.822247,0.962487
NFATC2IP,0.000000,0.000000,Source: gse62944,0.937037,0.822247,0.962487
TRAF4,0.000000,0.000000,Source: gse62944,0.937037,0.822247,0.962487
HEPH,0.000000,0.000000,Source: gse62944,0.937037,0.822247,0.962487
CDYL,0.000000,0.000000,Source: gse62944,0.937037,0.822247,0.962487
YKT6,0.000000,0.000000,Source: gse62944,0.937037,0.822247,0.962487
SCN11A,0.000000,0.000000,Source: gse62944,0.937037,0.822247,0.962487
CDK1,0.000000,0.000000,Source: gse62944,0.937037,0.822247,0.962487
TRPC3,0.000000,0.000000,Source: gse62944,0.937037,0.822247,0.962487
PXDC1,0.000000,0.000000,Source: gse62944,0.937037,0.822247,0.962487
CD1A,0.000000,0.000000,Source: gse62944,0.937037,0.822247,0.962487
ITGA4,0.000000,0.000000,Source: gse62944,0.937037,0.822247,0.962487
NIT1,0.000000,0.000000,Source: gse62944,0.937037,0.822247,0.962487
EML4,0.000000,0.000000,Source: gse62944,0.937037,0.822247,0.962487
NPC1,0.000000,0.000000,Source: gse62944,0.937037,0.822247,0.962487
SCN5A,0.000000,0.000000,Source: gse62944,0.937037,0.822247,0.962487
GBP1,0.000000,0.000000,Source: gse62944,0.937037,0.822247,0.962487
LANCL1,0.000000,0.000000,Source: gse62944,0.937037,0.822247,0.962487
TRDMT1,0.000000,0.000000,Source: gse62944,0.937037,0.822247,0.962487
TTYH1,0.000000,0.000000,Source: gse62944,0.937037,0.822247,0.962487
MVD,0.000000,0.000000,Source: gse62944,0.937037,0.822247,0.962487
CCNH,0.000000,0.000000,Source: gse62944,0.937037,0.822247,0.962487
DUSP10,0.000000,0.000000,Source: gse62944,0.937037,0.822247,0.962487
CHMP6,0.000000,0.000000,Source: gse62944,0.937037,0.822247,0.962487
HAND1,0.000000,0.000000,Source: gse62944,0.937037,0.822247,0.962487
SERP1,0.000000,0.000000,Source: gse62944,0.937037,0.822247,0.962487
TP53TG1,0.000000,0.000000,Source: gse62944,0.937037,0.822247,0.962487
PTGS1,0.000000,0.000000,Source: gse62944,0.937037,0.822247,0.962487
IL22RA1,0.000000,0.000000,Source: gse62944,0.937037,0.822247,0.962487
TIMM50,0.000000,0.000000,Source: gse62944,0.937037,0.822247,0.962487
GRB10,0.000000,0.000000,Source: gse62944,0.937037,0.822247,0.962487
ZNF189,0.000000,0.000000,Source: gse62944,0.937037,0.822247,0.962487
RPRD1A,0.000000,0.000000,Source: gse62944,0.937037,0.822247,0.962487
ZHX2,0.000000,0.000000,Source: gse62944,0.937037,0.822247,0.962487
GALK2,0.000000,0.000000,Source: gse62944,0.937037,0.822247,0.962487
GULP1,0.000000,0.000000,Source: gse62944,0.937037,0.822247,0.962487
FBXL12,0.000000,0.000000,Source: gse62944,0.937037,0.822247,0.962487
TIMP4,0.000000,0.000000,Source: gse62944,0.937037,0.822247,0.962487
KCNJ10,0.000000,0.000000,Source: gse62944,0.937037,0.822247,0.962487
UNC5B,0.000000,0.000000,Source: gse62944,0.937037,0.822247,0.962487
SWAP70,0.000000,0.000000,Source: gse62944,0.937037,0.822247,0.962487
COQ7,0.000000,0.000000,Source: gse62944,0.937037,0.822247,0.962487
CREG1,0.000000,0.000000,Source: gse62944,0.937037,0.822247,0.962487
MTMR4,0.000000,0.000000,Source: gse62944,0.937037,0.822247,0.962487
NR4A1,0.000000,0.000000,Source: gse62944,0.937037,0.822247,0.962487
GRSF1,0.000000,0.000000,Source: gse62944,0.937037,0.822247,0.962487
CD82,0.000000,0.000000,Source: gse62944,0.937037,0.822247,0.962487
IL1RAPL2,0.000000,0.000000,Source: gse62944,0.937037,0.822247,0.962487
SH2B2,0.000000,0.000000,Source: gse62944,0.937037,0.822247,0.962487
CDC42EP3,0.000000,0.000000,Source: gse62944,0.937037,0.822247,0.962487
SLFN12,0.000000,0.000000,Source: gse62944,0.937037,0.822247,0.962487
TNF,0.000000,0.000000,Source: gse62944,0.937037,0.822247,0.962487
GEMIN4,0.000000,0.000000,Source: gse62944,0.937037,0.822247,0.962487
GOT1,0.000000,0.000000,Source: gse62944,0.937037,0.822247,0.962487
RUVBL2,0.000000,0.000000,Source: gse62944,0.937037,0.822247,0.962487
ZNF430,0.000000,0.000000,Source: gse62944,0.937037,0.822247,0.962487
HOXD11,0.000000,0.000000,Source: gse62944,0.937037,0.822247,0.962487
B3GNT3,0.000000,0.000000,Source: gse62944,0.937037,0.822247,0.962487
PSMD5,0.000000,0.000000,Source: gse62944,0.937037,0.822247,0.962487
SLC19A2,0.000000,0.000000,Source: gse62944,0.937037,0.822247,0.962487
ANKRD12,0.000000,0.000000,Source: gse62944,0.937037,0.822247,0.962487
LRBA,0.000000,0.000000,Source: gse62944,0.937037,0.822247,0.962487
S100A13,0.000000,0.000000,Source: gse62944,0.937037,0.822247,0.962487
CHST7,0.000000,0.000000,Source: gse62944,0.937037,0.822247,0.962487
RBBP8,0.000000,0.000000,Source: gse62944,0.937037,0.822247,0.962487
DDX17,0.000000,0.000000,Source: gse62944,0.937037,0.822247,0.962487
NKIRAS2,0.000000,0.000000,Source: gse62944,0.937037,0.822247,0.962487
TNFRSF1A,0.000000,0.000000,Source: gse62944,0.937037,0.822247,0.962487
HPN,0.000000,0.000000,Source: gse62944,0.937037,0.822247,0.962487
CEP63,0.000000,0.000000,Source: gse62944,0.937037,0.822247,0.962487
CEACAM3,0.000000,0.000000,Source: gse62944,0.937037,0.822247,0.962487
HBG2,0.000000,0.000000,Source: gse62944,0.937037,0.822247,0.962487
CD84,0.000000,0.000000,Source: gse62944,0.937037,0.822247,0.962487
NCKAP1,0.000000,0.000000,Source: gse62944,0.937037,0.822247,0.962487
SERPINB5,0.000000,0.000000,Source: gse62944,0.937037,0.822247,0.962487
GTF2I,0.000000,0.000000,Source: gse62944,0.937037,0.822247,0.962487
DPY19L1P1,0.000000,0.000000,Source: gse62944,0.937037,0.822247,0.962487
CADPS2,0.000000,0.000000,Source: gse62944,0.937037,0.822247,0.962487
FOSL1,0.000000,0.000000,Source: gse62944,0.937037,0.822247,0.962487
ABR,0.000000,0.000000,Source: gse62944,0.937037,0.822247,0.962487
MYO10,0.000000,0.000000,Source: gse62944,0.937037,0.822247,0.962487
IL1RL1,0.000000,0.000000,Source: gse62944,0.937037,0.822247,0.962487
NFYC,0.000000,0.000000,Source: gse62944,0.937037,0.822247,0.962487
RIMBP2,0.000000,0.000000,Source: gse62944,0.937037,0.822247,0.962487
TRIM24,0.000000,0.000000,Source: gse62944,0.937037,0.822247,0.962487
CA9,0.000000,0.000000,Source: gse62944,0.937037,0.822247,0.962487
VSIG4,0.000000,0.000000,Source: gse62944,0.937037,0.822247,0.962487
YAP1,0.000000,0.000000,Source: gse62944,0.937037,0.822247,0.962487
SEC23A,0.000000,0.000000,Source: gse62944,0.937037,0.822247,0.962487
MYH6,0.000000,0.000000,Source: gse62944,0.937037,0.822247,0.962487
ENO2,0.000000,0.000000,Source: gse62944,0.937037,0.822247,0.962487
GATA1,0.000000,0.000000,Source: gse62944,0.937037,0.822247,0.962487
QRICH1,0.000000,0.000000,Source: gse62944,0.937037,0.822247,0.962487
RERGL,0.000000,0.000000,Source: gse62944,0.937037,0.822247,0.962487
TRIB3,0.000000,0.000000,Source: gse62944,0.937037,0.822247,0.962487
MAGEH1,0.000000,0.000000,Source: gse62944,0.937037,0.822247,0.962487
IPO4,0.000000,0.000000,Source: gse62944,0.937037,0.822247,0.962487
CCL22,0.000000,0.000000,Source: gse62944,0.937037,0.822247,0.962487
ACVR1,0.000000,0.000000,Source: gse62944,0.937037,0.822247,0.962487
SS18,0.000000,0.000000,Source: gse62944,0.937037,0.822247,0.962487
SFTPD,0.000000,0.000000,Source: gse62944,0.937037,0.822247,0.962487
LCP2,0.000000,0.000000,Source: gse62944,0.937037,0.822247,0.962487
TRAF3,0.000000,0.000000,Source: gse62944,0.937037,0.822247,0.962487
HECA,0.000000,0.000000,Source: gse62944,0.937037,0.822247,0.962487
FAM98A,0.000000,0.000000,Source: gse62944,0.937037,0.822247,0.962487
CD93,0.000000,0.000000,Source: gse62944,0.937037,0.822247,0.962487
GAPVD1,0.000000,0.000000,Source: gse62944,0.937037,0.822247,0.962487
ATXN2L,0.000000,0.000000,Source: gse62944,0.937037,0.822247,0.962487
TMEM51,0.000000,0.000000,Source: gse62944,0.937037,0.822247,0.962487
HIPK3,0.000000,0.000000,Source: gse62944,0.937037,0.822247,0.962487
EPM2A,0.000000,0.000000,Source: gse62944,0.937037,0.822247,0.962487
GUCY1A2,0.000000,0.000000,Source: gse62944,0.937037,0.822247,0.962487
CENPN,0.000000,0.000000,Source: gse62944,0.937037,0.822247,0.962487
DNASE1L2,0.000000,0.000000,Source: gse62944,0.937037,0.822247,0.962487
LGALS9,0.000000,0.000000,Source: gse62944,0.937037,0.822247,0.962487
ASB6,0.000000,0.000000,Source: gse62944,0.937037,0.822247,0.962487
ASCL2,0.000000,0.000000,Source: gse62944,0.937037,0.822247,0.962487
DAP3,0.000000,0.000000,Source: gse62944,0.937037,0.822247,0.962487
KRT19P2,0.000000,0.000000,Source: gse62944,0.937037,0.822247,0.962487
SLITRK3,0.000000,0.000000,Source: gse62944,0.937037,0.822247,0.962487
EPAS1,0.000000,0.000000,Source: gse62944,0.937037,0.822247,0.962487
PDIA6,0.000000,0.000000,Source: gse62944,0.937037,0.822247,0.962487
SEMA6D,0.000000,0.000000,Source: gse62944,0.937037,0.822247,0.962487
HOXA1,0.000000,0.000000,Source: gse62944,0.937037,0.822247,0.962487
ABCB8,0.000000,0.000000,Source: gse62944,0.937037,0.822247,0.962487
VAMP8,0.000000,0.000000,Source: gse62944,0.937037,0.822247,0.962487
LAMA3,0.000000,0.000000,Source: gse62944,0.937037,0.822247,0.962487
RAB3D,0.000000,0.000000,Source: gse62944,0.937037,0.822247,0.962487
MCC,0.000000,0.000000,Source: gse62944,0.937037,0.822247,0.962487
PILRA,0.000000,0.000000,Source: gse62944,0.937037,0.822247,0.962487
USP25,0.000000,0.000000,Source: gse62944,0.937037,0.822247,0.962487
CDSN,0.000000,0.000000,Source: gse62944,0.937037,0.822247,0.962487
NUP50,0.000000,0.000000,Source: gse62944,0.937037,0.822247,0.962487
ZCCHC24,0.000000,0.000000,Source: gse62944,0.937037,0.822247,0.962487
EP400,0.000000,0.000000,Source: gse62944,0.937037,0.822247,0.962487
MAP7D1,0.000000,0.000000,Source: gse62944,0.937037,0.822247,0.962487
DVL3,0.000000,0.000000,Source: gse62944,0.937037,0.822247,0.962487
DKK4,0.000000,0.000000,Source: gse62944,0.937037,0.822247,0.962487
FDPS,0.000000,0.000000,Source: gse62944,0.937037,0.822247,0.962487
MCM2,0.000000,0.000000,Source: gse62944,0.937037,0.822247,0.962487
KIR2DL1,0.000000,0.000000,Source: gse62944,0.937037,0.822247,0.962487
SAP30BP,0.000000,0.000000,Source: gse62944,0.937037,0.822247,0.962487
EGOT,0.000000,0.000000,Source: gse62944,0.937037,0.822247,0.962487
MAP4K2,0.000000,0.000000,Source: gse62944,0.937037,0.822247,0.962487
DAP,0.000000,0.000000,Source: gse62944,0.937037,0.822247,0.962487
C4BPA,0.000000,0.000000,Source: gse62944,0.937037,0.822247,0.962487
NLGN4Y,0.000000,0.000000,Source: gse62944,0.937037,0.822247,0.962487
SPATS2L,0.000000,0.000000,Source: gse62944,0.937037,0.822247,0.962487
CSN2,0.000000,0.000000,Source: gse62944,0.937037,0.822247,0.962487
NCK2,0.000000,0.000000,Source: gse62944,0.937037,0.822247,0.962487
ZNF335,0.000000,0.000000,Source: gse62944,0.937037,0.822247,0.962487
CRYAB,0.000000,0.000000,Source: gse62944,0.937037,0.822247,0.962487
ENSA,0.000000,0.000000,Source: gse62944,0.937037,0.822247,0.962487
ST6GALNAC2,0.000000,0.000000,Source: gse62944,0.937037,0.822247,0.962487
NAT9,0.000000,0.000000,Source: gse62944,0.937037,0.822247,0.962487
POU3F2,0.000000,0.000000,Source: gse62944,0.937037,0.822247,0.962487
MCM4,0.000000,0.000000,Source: gse62944,0.937037,0.822247,0.962487
ADCY6,0.000000,0.000000,Source: gse62944,0.937037,0.822247,0.962487
PRKCB,0.000000,0.000000,Source: gse62944,0.937037,0.822247,0.962487
PPARD,0.000000,0.000000,Source: gse62944,0.937037,0.822247,0.962487
PRRG1,0.000000,0.000000,Source: gse62944,0.937037,0.822247,0.962487
APOLD1,0.000000,0.000000,Source: gse62944,0.937037,0.822247,0.962487
KRT37,0.000000,0.000000,Source: gse62944,0.937037,0.822247,0.962487
EHF,0.000000,0.000000,Source: gse62944,0.937037,0.822247,0.962487
GPR107,0.000000,0.000000,Source: gse62944,0.937037,0.822247,0.962487
RAD51C,0.000000,0.000000,Source: gse62944,0.937037,0.822247,0.962487
EDAR,0.000000,0.000000,Source: gse62944,0.937037,0.822247,0.962487
PRKCI,0.000000,0.000000,Source: gse62944,0.937037,0.822247,0.962487
SIRT5,0.000000,0.000000,Source: gse62944,0.937037,0.822247,0.962487
CAMP,0.000000,0.000000,Source: gse62944,0.937037,0.822247,0.962487
GAN,0.000000,0.000000,Source: gse62944,0.937037,0.822247,0.962487
IFIT1,0.000000,0.000000,Source: gse62944,0.937037,0.822247,0.962487
MCM7,0.000000,0.000000,Source: gse62944,0.937037,0.822247,0.962487
POU2AF1,0.000000,0.000000,Source: gse62944,0.937037,0.822247,0.962487
SRP9,0.000000,0.000000,Source: gse62944,0.937037,0.822247,0.962487
E2F2,0.000000,0.000000,Source: gse62944,0.937037,0.822247,0.962487
TPBG,0.000000,0.000000,Source: gse62944,0.937037,0.822247,0.962487
SPTSSA,0.000000,0.000000,Source: gse62944,0.937037,0.822247,0.962487
F10,0.000000,0.000000,Source: gse62944,0.937037,0.822247,0.962487
YEATS2,0.000000,0.000000,Source: gse62944,0.937037,0.822247,0.962487
NHEJ1,0.000000,0.000000,Source: gse62944,0.937037,0.822247,0.962487
CSH1,0.000000,0.000000,Source: gse62944,0.937037,0.822247,0.962487
ZDHHC3,0.000000,0.000000,Source: gse62944,0.937037,0.822247,0.962487
ILF3,0.000000,0.000000,Source: gse62944,0.937037,0.822247,0.962487
DMWD,0.000000,0.000000,Source: gse62944,0.937037,0.822247,0.962487
WDR59,0.000000,0.000000,Source: gse62944,0.937037,0.822247,0.962487
MRPS12,0.000000,0.000000,Source: gse62944,0.937037,0.822247,0.962487
HOXD10,0.000000,0.000000,Source: gse62944,0.937037,0.822247,0.962487
FBXO2,0.000000,0.000000,Source: gse62944,0.937037,0.822247,0.962487
TYMP,0.000000,0.000000,Source: gse62944,0.937037,0.822247,0.962487
PIGT,0.000000,0.000000,Source: gse62944,0.937037,0.822247,0.962487
NPRL3,0.000000,0.000000,Source: gse62944,0.937037,0.822247,0.962487
SOX15,0.000000,0.000000,Source: gse62944,0.937037,0.822247,0.962487
KIAA0930,0.000000,0.000000,Source: gse62944,0.937037,0.822247,0.962487
SP1,0.000000,0.000000,Source: gse62944,0.937037,0.822247,0.962487
PTPRM,0.000000,0.000000,Source: gse62944,0.937037,0.822247,0.962487
RNF11,0.000000,0.000000,Source: gse62944,0.937037,0.822247,0.962487
CALD1,0.000000,0.000000,Source: gse62944,0.937037,0.822247,0.962487
ARFGEF1,0.000000,0.000000,Source: gse62944,0.937037,0.822247,0.962487
SPR,0.000000,0.000000,Source: gse62944,0.937037,0.822247,0.962487
CA10,0.000000,0.000000,Source: gse62944,0.937037,0.822247,0.962487
TEX2,0.000000,0.000000,Source: gse62944,0.937037,0.822247,0.962487
IQCH,0.000000,0.000000,Source: gse62944,0.937037,0.822247,0.962487
SDC2,0.000000,0.000000,Source: gse62944,0.937037,0.822247,0.962487
MRPL12,0.000000,0.000000,Source: gse62944,0.937037,0.822247,0.962487
IL15,0.000000,0.000000,Source: gse62944,0.937037,0.822247,0.962487
RRAGC,0.000000,0.000000,Source: gse62944,0.937037,0.822247,0.962487
FRAS1,0.000000,0.000000,Source: gse62944,0.937037,0.822247,0.962487
PRSS1,0.000000,0.000000,Source: gse62944,0.937037,0.822247,0.962487
CST4,0.000000,0.000000,Source: gse62944,0.937037,0.822247,0.962487
ADAM2,0.000000,0.000000,Source: gse62944,0.937037,0.822247,0.962487
PFKM,0.000000,0.000000,Source: gse62944,0.937037,0.822247,0.962487
PRKD2,0.000000,0.000000,Source: gse62944,0.937037,0.822247,0.962487
ARAP1,0.000000,0.000000,Source: gse62944,0.937037,0.822247,0.962487
TET3,0.000000,0.000000,Source: gse62944,0.937037,0.822247,0.962487
NLGN3,0.000000,0.000000,Source: gse62944,0.937037,0.822247,0.962487
ABLIM1,0.000000,0.000000,Source: gse62944,0.937037,0.822247,0.962487
IDUA,0.000000,0.000000,Source: gse62944,0.937037,0.822247,0.962487
KAT2A,0.000000,0.000000,Source: gse62944,0.937037,0.822247,0.962487
HAUS4,0.000000,0.000000,Source: gse62944,0.937037,0.822247,0.962487
PCDHGB6,0.000000,0.000000,Source: gse62944,0.937037,0.822247,0.962487
ZMIZ2,0.000000,0.000000,Source: gse62944,0.937037,0.822247,0.962487
MED4,0.000000,0.000000,Source: gse62944,0.937037,0.822247,0.962487
DZANK1,0.000000,0.000000,Source: gse62944,0.937037,0.822247,0.962487
HMG20A,0.000000,0.000000,Source: gse62944,0.937037,0.822247,0.962487
MAOA,0.000000,0.000000,Source: gse62944,0.937037,0.822247,0.962487
WDR48,0.000000,0.000000,Source: gse62944,0.937037,0.822247,0.962487
COL6A3,0.000000,0.000000,Source: gse62944,0.937037,0.822247,0.962487
SIDT2,0.000000,0.000000,Source: gse62944,0.937037,0.822247,0.962487
CCT4,0.000000,0.000000,Source: gse62944,0.937037,0.822247,0.962487
NID1,0.000000,0.000000,Source: gse62944,0.937037,0.822247,0.962487
PTX3,0.000000,0.000000,Source: gse62944,0.937037,0.822247,0.962487
MPHOSPH6,0.000000,0.000000,Source: gse62944,0.937037,0.822247,0.962487
RFTN1,0.000000,0.000000,Source: gse62944,0.937037,0.822247,0.962487
NYX,0.000000,0.000000,Source: gse62944,0.937037,0.822247,0.962487
CCT5,0.000000,0.000000,Source: gse62944,0.937037,0.822247,0.962487
SCNN1A,0.000000,0.000000,Source: gse62944,0.937037,0.822247,0.962487
CAMK2A,0.000000,0.000000,Source: gse62944,0.937037,0.822247,0.962487
TBL1Y,0.000000,0.000000,Source: gse62944,0.937037,0.822247,0.962487
SNRNP35,0.000000,0.000000,Source: gse62944,0.937037,0.822247,0.962487
CCDC85C,0.000000,0.000000,Source: gse62944,0.937037,0.822247,0.962487
GRM5,0.000000,0.000000,Source: gse62944,0.937037,0.822247,0.962487
HSDL2,0.000000,0.000000,Source: gse62944,0.937037,0.822247,0.962487
RRH,0.000000,0.000000,Source: gse62944,0.937037,0.822247,0.962487
PAICS,0.000000,0.000000,Source: gse62944,0.937037,0.822247,0.962487
TPD52L1,0.000000,0.000000,Source: gse62944,0.937037,0.822247,0.962487
PYGO1,0.000000,0.000000,Source: gse62944,0.937037,0.822247,0.962487
MAST2,0.000000,0.000000,Source: gse62944,0.937037,0.822247,0.962487
PIGF,0.000000,0.000000,Source: gse62944,0.937037,0.822247,0.962487
RBL2,0.000000,0.000000,Source: gse62944,0.937037,0.822247,0.962487
FOLR2,0.000000,0.000000,Source: gse62944,0.937037,0.822247,0.962487
FAM50B,0.000000,0.000000,Source: gse62944,0.937037,0.822247,0.962487
VWA1,0.000000,0.000000,Source: gse62944,0.937037,0.822247,0.962487
MYH8,0.000000,0.000000,Source: gse62944,0.937037,0.822247,0.962487
MAGEC2,0.000000,0.000000,Source: gse62944,0.937037,0.822247,0.962487
MTCH1,0.000000,0.000000,Source: gse62944,0.937037,0.822247,0.962487
RRAGA,0.000000,0.000000,Source: gse62944,0.937037,0.822247,0.962487
PMFBP1,0.000000,0.000000,Source: gse62944,0.937037,0.822247,0.962487
CRISP2,0.000000,0.000000,Source: gse62944,0.937037,0.822247,0.962487
SNX3,0.000000,0.000000,Source: gse62944,0.937037,0.822247,0.962487
PHKG1,0.000000,0.000000,Source: gse62944,0.937037,0.822247,0.962487
GPR12,0.000000,0.000000,Source: gse62944,0.937037,0.822247,0.962487
SPG11,0.000000,0.000000,Source: gse62944,0.937037,0.822247,0.962487
ZNF665,0.000000,0.000000,Source: gse62944,0.937037,0.822247,0.962487
NUDT2,0.000000,0.000000,Source: gse62944,0.937037,0.822247,0.962487
IL20RA,0.000000,0.000000,Source: gse62944,0.937037,0.822247,0.962487
SEMA6C,0.000000,0.000000,Source: gse62944,0.937037,0.822247,0.962487
TXNRD3,0.000000,0.000000,Source: gse62944,0.937037,0.822247,0.962487
CCDC28A,0.000000,0.000000,Source: gse62944,0.937037,0.822247,0.962487
FASTKD1,0.000000,0.000000,Source: gse62944,0.937037,0.822247,0.962487
SH3PXD2A,0.000000,0.000000,Source: gse62944,0.937037,0.822247,0.962487
ORM2,0.000000,0.000000,Source: gse62944,0.937037,0.822247,0.962487
SSX3,0.000000,0.000000,Source: gse62944,0.937037,0.822247,0.962487
HPRT1,0.000000,0.000000,Source: gse62944,0.937037,0.822247,0.962487
TUBB2B,0.000000,0.000000,Source: gse62944,0.937037,0.822247,0.962487
FCN1,0.000000,0.000000,Source: gse62944,0.937037,0.822247,0.962487
ZWILCH,0.000000,0.000000,Source: gse62944,0.937037,0.822247,0.962487
PLA2G2E,0.000000,0.000000,Source: gse62944,0.937037,0.822247,0.962487
TSPAN32,0.000000,0.000000,Source: gse62944,0.937037,0.822247,0.962487
RAPGEFL1,0.000000,0.000000,Source: gse62944,0.937037,0.822247,0.962487
WDR43,0.000000,0.000000,Source: gse62944,0.937037,0.822247,0.962487
INPP5D,0.000000,0.000000,Source: gse62944,0.937037,0.822247,0.962487
SELPLG,0.000000,0.000000,Source: gse62944,0.937037,0.822247,0.962487
RHOC,0.000000,0.000000,Source: gse62944,0.937037,0.822247,0.962487
IL1R1,0.000000,0.000000,Source: gse62944,0.937037,0.822247,0.962487
MELK,0.000000,0.000000,Source: gse62944,0.937037,0.822247,0.962487
AP2B1,0.000000,0.000000,Source: gse62944,0.937037,0.822247,0.962487
LMO7,0.000000,0.000000,Source: gse62944,0.937037,0.822247,0.962487
CLDN10,0.000000,0.000000,Source: gse62944,0.937037,0.822247,0.962487
SPSB1,0.000000,0.000000,Source: gse62944,0.937037,0.822247,0.962487
TYK2,0.000000,0.000000,Source: gse62944,0.937037,0.822247,0.962487
EPHX1,0.000000,0.000000,Source: gse62944,0.937037,0.822247,0.962487
IER3,0.000000,0.000000,Source: gse62944,0.937037,0.822247,0.962487
MEPE,0.000000,0.000000,Source: gse62944,0.937037,0.822247,0.962487
YIPF4,0.000000,0.000000,Source: gse62944,0.937037,0.822247,0.962487
UTS2,0.000000,0.000000,Source: gse62944,0.937037,0.822247,0.962487
GNLY,0.000000,0.000000,Source: gse62944,0.937037,0.822247,0.962487
RASSF2,0.000000,0.000000,Source: gse62944,0.937037,0.822247,0.962487
GABRA6,0.000000,0.000000,Source: gse62944,0.937037,0.822247,0.962487
ST20,0.000000,0.000000,Source: gse62944,0.937037,0.822247,0.962487
GPR31,0.000000,0.000000,Source: gse62944,0.937037,0.822247,0.962487
POLR2B,0.000000,0.000000,Source: gse62944,0.937037,0.822247,0.962487
PPIP5K2,0.000000,0.000000,Source: gse62944,0.937037,0.822247,0.962487
ROS1,0.000000,0.000000,Source: gse62944,0.937037,0.822247,0.962487
CERS2,0.000000,0.000000,Source: gse62944,0.937037,0.822247,0.962487
AQP8,0.000000,0.000000,Source: gse62944,0.937037,0.822247,0.962487
SST,0.000000,0.000000,Source: gse62944,0.937037,0.822247,0.962487
SPTLC1,0.000000,0.000000,Source: gse62944,0.937037,0.822247,0.962487
MYOD1,0.000000,0.000000,Source: gse62944,0.937037,0.822247,0.962487
PEF1,0.000000,0.000000,Source: gse62944,0.937037,0.822247,0.962487
MYT1,0.000000,0.000000,Source: gse62944,0.937037,0.822247,0.962487
CDKL3,0.000000,0.000000,Source: gse62944,0.937037,0.822247,0.962487
KCNS1,0.000000,0.000000,Source: gse62944,0.937037,0.822247,0.962487
S100A8,0.000000,0.000000,Source: gse62944,0.937037,0.822247,0.962487
TPT1,0.000000,0.000000,Source: gse62944,0.937037,0.822247,0.962487
HTN3,0.000000,0.000000,Source: gse62944,0.937037,0.822247,0.962487
MSMO1,0.000000,0.000000,Source: gse62944,0.937037,0.822247,0.962487
PKD2L2,0.000000,0.000000,Source: gse62944,0.937037,0.822247,0.962487
RSF1,0.000000,0.000000,Source: gse62944,0.937037,0.822247,0.962487
ASPN,0.000000,0.000000,Source: gse62944,0.937037,0.822247,0.962487
LTF,0.000000,0.000000,Source: gse62944,0.937037,0.822247,0.962487
MUC4,0.000000,0.000000,Source: gse62944,0.937037,0.822247,0.962487
OR1G1,0.000000,0.000000,Source: gse62944,0.937037,0.822247,0.962487
KLHL25,0.000000,0.000000,Source: gse62944,0.937037,0.822247,0.962487
CSF3R,0.000000,0.000000,Source: gse62944,0.937037,0.822247,0.962487
SLC30A4,0.000000,0.000000,Source: gse62944,0.937037,0.822247,0.962487
SIRPB1,0.000000,0.000000,Source: gse62944,0.937037,0.822247,0.962487
ZNF180,0.000000,0.000000,Source: gse62944,0.937037,0.822247,0.962487
MAPKAPK3,0.000000,0.000000,Source: gse62944,0.937037,0.822247,0.962487
TPH1,0.000000,0.000000,Source: gse62944,0.937037,0.822247,0.962487
MGAT1,0.000000,0.000000,Source: gse62944,0.937037,0.822247,0.962487
FYN,0.000000,0.000000,Source: gse62944,0.937037,0.822247,0.962487
FASTK,0.000000,0.000000,Source: gse62944,0.937037,0.822247,0.962487
MIIP,0.000000,0.000000,Source: gse62944,0.937037,0.822247,0.962487
HSBP1,0.000000,0.000000,Source: gse62944,0.937037,0.822247,0.962487
ANPEP,0.000000,0.000000,Source: gse62944,0.937037,0.822247,0.962487
KATNA1,0.000000,0.000000,Source: gse62944,0.937037,0.822247,0.962487
TP53,0.000000,0.000000,Source: gse62944,0.937037,0.822247,0.962487
MAGOHB,0.000000,0.000000,Source: gse62944,0.937037,0.822247,0.962487
STEAP4,0.000000,0.000000,Source: gse62944,0.937037,0.822247,0.962487
CMKLR1,0.000000,0.000000,Source: gse62944,0.937037,0.822247,0.962487
TRHDE,0.000000,0.000000,Source: gse62944,0.937037,0.822247,0.962487
SRRD,0.000000,0.000000,Source: gse62944,0.937037,0.822247,0.962487
TLX1,0.000000,0.000000,Source: gse62944,0.937037,0.822247,0.962487
CLK3,0.000000,0.000000,Source: gse62944,0.937037,0.822247,0.962487
SEC23IP,0.000000,0.000000,Source: gse62944,0.937037,0.822247,0.962487
ATP6V1B1,0.000000,0.000000,Source: gse62944,0.937037,0.822247,0.962487
TSFM,0.000000,0.000000,Source: gse62944,0.937037,0.822247,0.962487
NOP2,0.000000,0.000000,Source: gse62944,0.937037,0.822247,0.962487
EIF3B,0.000000,0.000000,Source: gse62944,0.937037,0.822247,0.962487
TRAM2,0.000000,0.000000,Source: gse62944,0.937037,0.822247,0.962487
ITGA10,0.000000,0.000000,Source: gse62944,0.937037,0.822247,0.962487
PIN1,0.000000,0.000000,Source: gse62944,0.937037,0.822247,0.962487
WDR45,0.000000,0.000000,Source: gse62944,0.937037,0.822247,0.962487
GBP2,0.000000,0.000000,Source: gse62944,0.937037,0.822247,0.962487
SATB2,0.000000,0.000000,Source: gse62944,0.937037,0.822247,0.962487
DNAAF2,0.000000,0.000000,Source: gse62944,0.937037,0.822247,0.962487
RNF187,0.000000,0.000000,Source: gse62944,0.937037,0.822247,0.962487
ABCA5,0.000000,0.000000,Source: gse62944,0.937037,0.822247,0.962487
SNAP91,0.000000,0.000000,Source: gse62944,0.937037,0.822247,0.962487
ITIH4,0.000000,0.000000,Source: gse62944,0.937037,0.822247,0.962487
NDUFS2,0.000000,0.000000,Source: gse62944,0.937037,0.822247,0.962487
UBXN6,0.000000,0.000000,Source: gse62944,0.937037,0.822247,0.962487
CROCCP3,0.000000,0.000000,Source: gse62944,0.937037,0.822247,0.962487
C1QB,0.000000,0.000000,Source: gse62944,0.937037,0.822247,0.962487
DHX57,0.000000,0.000000,Source: gse62944,0.937037,0.822247,0.962487
PRDX6,0.000000,0.000000,Source: gse62944,0.937037,0.822247,0.962487
B3GAT3,0.000000,0.000000,Source: gse62944,0.937037,0.822247,0.962487
ST3GAL5,0.000000,0.000000,Source: gse62944,0.937037,0.822247,0.962487
B4GALT2,0.000000,0.000000,Source: gse62944,0.937037,0.822247,0.962487
CROCC,0.000000,0.000000,Source: gse62944,0.937037,0.822247,0.962487
ERI2,0.000000,0.000000,Source: gse62944,0.937037,0.822247,0.962487
AOX1,0.000000,0.000000,Source: gse62944,0.937037,0.822247,0.962487
VAMP3,0.000000,0.000000,Source: gse62944,0.937037,0.822247,0.962487
HIRA,0.000000,0.000000,Source: gse62944,0.937037,0.822247,0.962487
HGD,0.000000,0.000000,Source: gse62944,0.937037,0.822247,0.962487
POSTN,0.000000,0.000000,Source: gse62944,0.937037,0.822247,0.962487
TERF2IP,0.000000,0.000000,Source: gse62944,0.937037,0.822247,0.962487
STX8,0.000000,0.000000,Source: gse62944,0.937037,0.822247,0.962487
RPS14,0.000000,0.000000,Source: gse62944,0.937037,0.822247,0.962487
EPB41L2,0.000000,0.000000,Source: gse62944,0.937037,0.822247,0.962487
DOCK2,0.000000,0.000000,Source: gse62944,0.937037,0.822247,0.962487
NEK1,0.000000,0.000000,Source: gse62944,0.937037,0.822247,0.962487
SRSF10,0.000000,0.000000,Source: gse62944,0.937037,0.822247,0.962487
TOMM22,0.000000,0.000000,Source: gse62944,0.937037,0.822247,0.962487
ZIC1,0.000000,0.000000,Source: gse62944,0.937037,0.822247,0.962487
SNRPB2,0.000000,0.000000,Source: gse62944,0.937037,0.822247,0.962487
TWSG1,0.000000,0.000000,Source: gse62944,0.937037,0.822247,0.962487
MTCH2,0.000000,0.000000,Source: gse62944,0.937037,0.822247,0.962487
CP,0.000000,0.000000,Source: gse62944,0.937037,0.822247,0.962487
RERE,0.000000,0.000000,Source: gse62944,0.937037,0.822247,0.962487
PDZD2,0.000000,0.000000,Source: gse62944,0.937037,0.822247,0.962487
APCS,0.000000,0.000000,Source: gse62944,0.937037,0.822247,0.962487
S1PR5,0.000000,0.000000,Source: gse62944,0.937037,0.822247,0.962487
RDH8,0.000000,0.000000,Source: gse62944,0.937037,0.822247,0.962487
PEX1,0.000000,0.000000,Source: gse62944,0.937037,0.822247,0.962487
STAG1,0.000000,0.000000,Source: gse62944,0.937037,0.822247,0.962487
ASB13,0.000000,0.000000,Source: gse62944,0.937037,0.822247,0.962487
UBA3,0.000000,0.000000,Source: gse62944,0.937037,0.822247,0.962487
EAF2,0.000000,0.000000,Source: gse62944,0.937037,0.822247,0.962487
NES,0.000000,0.000000,Source: gse62944,0.937037,0.822247,0.962487
NCALD,0.000000,0.000000,Source: gse62944,0.937037,0.822247,0.962487
FAHD2A,0.000000,0.000000,Source: gse62944,0.937037,0.822247,0.962487
FZD9,0.000000,0.000000,Source: gse62944,0.937037,0.822247,0.962487
TEX14,0.000000,0.000000,Source: gse62944,0.937037,0.822247,0.962487
OR2C1,0.000000,0.000000,Source: gse62944,0.937037,0.822247,0.962487
STX3,0.000000,0.000000,Source: gse62944,0.937037,0.822247,0.962487
BBIP1,0.000000,0.000000,Source: gse62944,0.937037,0.822247,0.962487
PRAF2,0.000000,0.000000,Source: gse62944,0.937037,0.822247,0.962487
SNRNP40,0.000000,0.000000,Source: gse62944,0.937037,0.822247,0.962487
RRAGD,0.000000,0.000000,Source: gse62944,0.937037,0.822247,0.962487
THBS1,0.000000,0.000000,Source: gse62944,0.937037,0.822247,0.962487
GPBP1L1,0.000000,0.000000,Source: gse62944,0.937037,0.822247,0.962487
CHRNE,0.000000,0.000000,Source: gse62944,0.937037,0.822247,0.962487
GRP,0.000000,0.000000,Source: gse62944,0.937037,0.822247,0.962487
MAN1A1,0.000000,0.000000,Source: gse62944,0.937037,0.822247,0.962487
FKBP10,0.000000,0.000000,Source: gse62944,0.937037,0.822247,0.962487
CHPF2,0.000000,0.000000,Source: gse62944,0.937037,0.822247,0.962487
SPATA6,0.000000,0.000000,Source: gse62944,0.937037,0.822247,0.962487
MED17,0.000000,0.000000,Source: gse62944,0.937037,0.822247,0.962487
KIF1C,0.000000,0.000000,Source: gse62944,0.937037,0.822247,0.962487
RBM41,0.000000,0.000000,Source: gse62944,0.937037,0.822247,0.962487
FCGRT,0.000000,0.000000,Source: gse62944,0.937037,0.822247,0.962487
GAP43,0.000000,0.000000,Source: gse62944,0.937037,0.822247,0.962487
NAGPA,0.000000,0.000000,Source: gse62944,0.937037,0.822247,0.962487
VPS4A,0.000000,0.000000,Source: gse62944,0.937037,0.822247,0.962487
EHHADH,0.000000,0.000000,Source: gse62944,0.937037,0.822247,0.962487
LILRB2,0.000000,0.000000,Source: gse62944,0.937037,0.822247,0.962487
TOM1L2,0.000000,0.000000,Source: gse62944,0.937037,0.822247,0.962487
DDX23,0.000000,0.000000,Source: gse62944,0.937037,0.822247,0.962487
PLEKHB2,0.000000,0.000000,Source: gse62944,0.937037,0.822247,0.962487
CRELD1,0.000000,0.000000,Source: gse62944,0.937037,0.822247,0.962487
NOL4,0.000000,0.000000,Source: gse62944,0.937037,0.822247,0.962487
ARHGAP32,0.000000,0.000000,Source: gse62944,0.937037,0.822247,0.962487
PDE1A,0.000000,0.000000,Source: gse62944,0.937037,0.822247,0.962487
CHFR,0.000000,0.000000,Source: gse62944,0.937037,0.822247,0.962487
CTSE,0.000000,0.000000,Source: gse62944,0.937037,0.822247,0.962487
PPIE,0.000000,0.000000,Source: gse62944,0.937037,0.822247,0.962487
B4GALT1,0.000000,0.000000,Source: gse62944,0.937037,0.822247,0.962487
AIFM1,0.000000,0.000000,Source: gse62944,0.937037,0.822247,0.962487
FGF12,0.000000,0.000000,Source: gse62944,0.937037,0.822247,0.962487
NAGK,0.000000,0.000000,Source: gse62944,0.937037,0.822247,0.962487
NAT10,0.000000,0.000000,Source: gse62944,0.937037,0.822247,0.962487
FGF20,0.000000,0.000000,Source: gse62944,0.937037,0.822247,0.962487
PRPSAP2,0.000000,0.000000,Source: gse62944,0.937037,0.822247,0.962487
ONECUT2,0.000000,0.000000,Source: gse62944,0.937037,0.822247,0.962487
ISOC2,0.000000,0.000000,Source: gse62944,0.937037,0.822247,0.962487
DENND1B,0.000000,0.000000,Source: gse62944,0.937037,0.822247,0.962487
CLUL1,0.000000,0.000000,Source: gse62944,0.937037,0.822247,0.962487
HSD17B10,0.000000,0.000000,Source: gse62944,0.937037,0.822247,0.962487
GINS4,0.000000,0.000000,Source: gse62944,0.937037,0.822247,0.962487
CLC,0.000000,0.000000,Source: gse62944,0.937037,0.822247,0.962487
PHF14,0.000000,0.000000,Source: gse62944,0.937037,0.822247,0.962487
PTPRE,0.000000,0.000000,Source: gse62944,0.937037,0.822247,0.962487
MOGS,0.000000,0.000000,Source: gse62944,0.937037,0.822247,0.962487
DNAJC13,0.000000,0.000000,Source: gse62944,0.937037,0.822247,0.962487
NTHL1,0.000000,0.000000,Source: gse62944,0.937037,0.822247,0.962487
PDCD1,0.000000,0.000000,Source: gse62944,0.937037,0.822247,0.962487
HNRNPA0,0.000000,0.000000,Source: gse62944,0.937037,0.822247,0.962487
GNE,0.000000,0.000000,Source: gse62944,0.937037,0.822247,0.962487
NOS2,0.000000,0.000000,Source: gse62944,0.937037,0.822247,0.962487
ALDOC,0.000000,0.000000,Source: gse62944,0.937037,0.822247,0.962487
CAMK2G,0.000000,0.000000,Source: gse62944,0.937037,0.822247,0.962487
GREB1L,0.000000,0.000000,Source: gse62944,0.937037,0.822247,0.962487
HERC3,0.000000,0.000000,Source: gse62944,0.937037,0.822247,0.962487
AMPD3,0.000000,0.000000,Source: gse62944,0.937037,0.822247,0.962487
TXNDC9,0.000000,0.000000,Source: gse62944,0.937037,0.822247,0.962487
LUZP2,0.000000,0.000000,Source: gse62944,0.937037,0.822247,0.962487
USP9X,0.000000,0.000000,Source: gse62944,0.937037,0.822247,0.962487
KSR1,0.000000,0.000000,Source: gse62944,0.937037,0.822247,0.962487
PDE11A,0.000000,0.000000,Source: gse62944,0.937037,0.822247,0.962487
PHEX,0.000000,0.000000,Source: gse62944,0.937037,0.822247,0.962487
PJA2,0.000000,0.000000,Source: gse62944,0.937037,0.822247,0.962487
THOC2,0.000000,0.000000,Source: gse62944,0.937037,0.822247,0.962487
DUSP26,0.000000,0.000000,Source: gse62944,0.937037,0.822247,0.962487
SLC15A2,0.000000,0.000000,Source: gse62944,0.937037,0.822247,0.962487
GFI1B,0.000000,0.000000,Source: gse62944,0.937037,0.822247,0.962487
ARID1A,0.000000,0.000000,Source: gse62944,0.937037,0.822247,0.962487
ABCC6,0.000000,0.000000,Source: gse62944,0.937037,0.822247,0.962487
TRAPPC12,0.000000,0.000000,Source: gse62944,0.937037,0.822247,0.962487
C1orf56,0.000000,0.000000,Source: gse62944,0.937037,0.822247,0.962487
FURIN,0.000000,0.000000,Source: gse62944,0.937037,0.822247,0.962487
FAM83E,0.000000,0.000000,Source: gse62944,0.937037,0.822247,0.962487
ANKS1B,0.000000,0.000000,Source: gse62944,0.937037,0.822247,0.962487
SPCS1,0.000000,0.000000,Source: gse62944,0.937037,0.822247,0.962487
ZNF250,0.000000,0.000000,Source: gse62944,0.937037,0.822247,0.962487
NT5DC2,0.000000,0.000000,Source: gse62944,0.937037,0.822247,0.962487
TM4SF20,0.000000,0.000000,Source: gse62944,0.937037,0.822247,0.962487
VGLL3,0.000000,0.000000,Source: gse62944,0.937037,0.822247,0.962487
CCKAR,0.000000,0.000000,Source: gse62944,0.937037,0.822247,0.962487
ZXDC,0.000000,0.000000,Source: gse62944,0.937037,0.822247,0.962487
HPS6,0.000000,0.000000,Source: gse62944,0.937037,0.822247,0.962487
RAD21L1,0.000000,0.000000,Source: gse62944,0.937037,0.822247,0.962487
RPAP3,0.000000,0.000000,Source: gse62944,0.937037,0.822247,0.962487
TNFRSF4,0.000000,0.000000,Source: gse62944,0.937037,0.822247,0.962487
ULK4,0.000000,0.000000,Source: gse62944,0.937037,0.822247,0.962487
RNPEP,0.000000,0.000000,Source: gse62944,0.937037,0.822247,0.962487
CTSB,0.000000,0.000000,Source: gse62944,0.937037,0.822247,0.962487
ITGAL,0.000000,0.000000,Source: gse62944,0.937037,0.822247,0.962487
FBXO22,0.000000,0.000000,Source: gse62944,0.937037,0.822247,0.962487
AGGF1,0.000000,0.000000,Source: gse62944,0.937037,0.822247,0.962487
ZNF695,0.000000,0.000000,Source: gse62944,0.937037,0.822247,0.962487
LANCL2,0.000000,0.000000,Source: gse62944,0.937037,0.822247,0.962487
TTN,0.000000,0.000000,Source: gse62944,0.937037,0.822247,0.962487
GPD1,0.000000,0.000000,Source: gse62944,0.937037,0.822247,0.962487
MIA3,0.000000,0.000000,Source: gse62944,0.937037,0.822247,0.962487
ALG13,0.000000,0.000000,Source: gse62944,0.937037,0.822247,0.962487
TOMM6,0.000000,0.000000,Source: gse62944,0.937037,0.822247,0.962487
CELA2B,0.000000,0.000000,Source: gse62944,0.937037,0.822247,0.962487
BTN3A2,0.000000,0.000000,Source: gse62944,0.937037,0.822247,0.962487
ASNSD1,0.000000,0.000000,Source: gse62944,0.937037,0.822247,0.962487
CRY1,0.000000,0.000000,Source: gse62944,0.937037,0.822247,0.962487
DLG2,0.000000,0.000000,Source: gse62944,0.937037,0.822247,0.962487
FAM168B,0.000000,0.000000,Source: gse62944,0.937037,0.822247,0.962487
NME6,0.000000,0.000000,Source: gse62944,0.937037,0.822247,0.962487
WASF3,0.000000,0.000000,Source: gse62944,0.937037,0.822247,0.962487
CSDE1,0.000000,0.000000,Source: gse62944,0.937037,0.822247,0.962487
PAPPA2,0.000000,0.000000,Source: gse62944,0.937037,0.822247,0.962487
F2,0.000000,0.000000,Source: gse62944,0.937037,0.822247,0.962487
VRTN,0.000000,0.000000,Source: gse62944,0.937037,0.822247,0.962487
C3,0.000000,0.000000,Source: gse62944,0.937037,0.822247,0.962487
RBBP5,0.000000,0.000000,Source: gse62944,0.937037,0.822247,0.962487
FKBP8,0.000000,0.000000,Source: gse62944,0.937037,0.822247,0.962487
BCKDHB,0.000000,0.000000,Source: gse62944,0.937037,0.822247,0.962487
DENND4A,0.000000,0.000000,Source: gse62944,0.937037,0.822247,0.962487
IDH2,0.000000,0.000000,Source: gse62944,0.937037,0.822247,0.962487
LCOR,0.000000,0.000000,Source: gse62944,0.937037,0.822247,0.962487
ACADS,0.000000,0.000000,Source: gse62944,0.937037,0.822247,0.962487
ADO,0.000000,0.000000,Source: gse62944,0.937037,0.822247,0.962487
FBXO31,0.000000,0.000000,Source: gse62944,0.937037,0.822247,0.962487
SESN1,0.000000,0.000000,Source: gse62944,0.937037,0.822247,0.962487
HSPA5,0.000000,0.000000,Source: gse62944,0.937037,0.822247,0.962487
EXT2,0.000000,0.000000,Source: gse62944,0.937037,0.822247,0.962487
PIP4K2B,0.000000,0.000000,Source: gse62944,0.937037,0.822247,0.962487
COX7C,0.000000,0.000000,Source: gse62944,0.937037,0.822247,0.962487
EBP,0.000000,0.000000,Source: gse62944,0.937037,0.822247,0.962487
HMHB1,0.000000,0.000000,Source: gse62944,0.937037,0.822247,0.962487
FMO1,0.000000,0.000000,Source: gse62944,0.937037,0.822247,0.962487
MYRIP,0.000000,0.000000,Source: gse62944,0.937037,0.822247,0.962487
PCGF1,0.000000,0.000000,Source: gse62944,0.937037,0.822247,0.962487
SLC25A13,0.000000,0.000000,Source: gse62944,0.937037,0.822247,0.962487
NEO1,0.000000,0.000000,Source: gse62944,0.937037,0.822247,0.962487
LIPF,0.000000,0.000000,Source: gse62944,0.937037,0.822247,0.962487
MYO1A,0.000000,0.000000,Source: gse62944,0.937037,0.822247,0.962487
TPSD1,0.000000,0.000000,Source: gse62944,0.937037,0.822247,0.962487
PAFAH1B2,0.000000,0.000000,Source: gse62944,0.937037,0.822247,0.962487
MEF2A,0.000000,0.000000,Source: gse62944,0.937037,0.822247,0.962487
PMVK,0.000000,0.000000,Source: gse62944,0.937037,0.822247,0.962487
PPY,0.000000,0.000000,Source: gse62944,0.937037,0.822247,0.962487
CASZ1,0.000000,0.000000,Source: gse62944,0.937037,0.822247,0.962487
NUDT11,0.000000,0.000000,Source: gse62944,0.937037,0.822247,0.962487
TOR1AIP1,0.000000,0.000000,Source: gse62944,0.937037,0.822247,0.962487
TMEM106C,0.000000,0.000000,Source: gse62944,0.937037,0.822247,0.962487
FAM90A1,0.000000,0.000000,Source: gse62944,0.937037,0.822247,0.962487
COX6C,0.000000,0.000000,Source: gse62944,0.937037,0.822247,0.962487
BACE2,0.000000,0.000000,Source: gse62944,0.937037,0.822247,0.962487
NR2C1,0.000000,0.000000,Source: gse62944,0.937037,0.822247,0.962487
PDCL,0.000000,0.000000,Source: gse62944,0.937037,0.822247,0.962487
PPME1,0.000000,0.000000,Source: gse62944,0.937037,0.822247,0.962487
ASMTL,0.000000,0.000000,Source: gse62944,0.937037,0.822247,0.962487
HAAO,0.000000,0.000000,Source: gse62944,0.937037,0.822247,0.962487
PGK2,0.000000,0.000000,Source: gse62944,0.937037,0.822247,0.962487
POLR1C,0.000000,0.000000,Source: gse62944,0.937037,0.822247,0.962487
ACO1,0.000000,0.000000,Source: gse62944,0.937037,0.822247,0.962487
ACSF2,0.000000,0.000000,Source: gse62944,0.937037,0.822247,0.962487
TMEM45A,0.000000,0.000000,Source: gse62944,0.937037,0.822247,0.962487
CPLX2,0.000000,0.000000,Source: gse62944,0.937037,0.822247,0.962487
LCK,0.000000,0.000000,Source: gse62944,0.937037,0.822247,0.962487
PERP,0.000000,0.000000,Source: gse62944,0.937037,0.822247,0.962487
LSM2,0.000000,0.000000,Source: gse62944,0.937037,0.822247,0.962487
NUCB1,0.000000,0.000000,Source: gse62944,0.937037,0.822247,0.962487
LILRB4,0.000000,0.000000,Source: gse62944,0.937037,0.822247,0.962487
NEK9,0.000000,0.000000,Source: gse62944,0.937037,0.822247,0.962487
CAB39L,0.000000,0.000000,Source: gse62944,0.937037,0.822247,0.962487
MAP1S,0.000000,0.000000,Source: gse62944,0.937037,0.822247,0.962487
PHF7,0.000000,0.000000,Source: gse62944,0.937037,0.822247,0.962487
ZCCHC8,0.000000,0.000000,Source: gse62944,0.937037,0.822247,0.962487
MAP3K9,0.000000,0.000000,Source: gse62944,0.937037,0.822247,0.962487
AGBL5,0.000000,0.000000,Source: gse62944,0.937037,0.822247,0.962487
LRP1,0.000000,0.000000,Source: gse62944,0.937037,0.822247,0.962487
FILIP1L,0.000000,0.000000,Source: gse62944,0.937037,0.822247,0.962487
PRKACG,0.000000,0.000000,Source: gse62944,0.937037,0.822247,0.962487
GJA8,0.000000,0.000000,Source: gse62944,0.937037,0.822247,0.962487
FOXF2,0.000000,0.000000,Source: gse62944,0.937037,0.822247,0.962487
GMPR,0.000000,0.000000,Source: gse62944,0.937037,0.822247,0.962487
GRIA2,0.000000,0.000000,Source: gse62944,0.937037,0.822247,0.962487
PPCDC,0.000000,0.000000,Source: gse62944,0.937037,0.822247,0.962487
LDLR,0.000000,0.000000,Source: gse62944,0.937037,0.822247,0.962487
GAPDHS,0.000000,0.000000,Source: gse62944,0.937037,0.822247,0.962487
WDR19,0.000000,0.000000,Source: gse62944,0.937037,0.822247,0.962487
CBY1,0.000000,0.000000,Source: gse62944,0.937037,0.822247,0.962487
CSTA,0.000000,0.000000,Source: gse62944,0.937037,0.822247,0.962487
PARK7,0.000000,0.000000,Source: gse62944,0.937037,0.822247,0.962487
ENTPD4,0.000000,0.000000,Source: gse62944,0.937037,0.822247,0.962487
GIPC1,0.000000,0.000000,Source: gse62944,0.937037,0.822247,0.962487
RBM34,0.000000,0.000000,Source: gse62944,0.937037,0.822247,0.962487
BLNK,0.000000,0.000000,Source: gse62944,0.937037,0.822247,0.962487
CCNF,0.000000,0.000000,Source: gse62944,0.937037,0.822247,0.962487
SOX5,0.000000,0.000000,Source: gse62944,0.937037,0.822247,0.962487
LAG3,0.000000,0.000000,Source: gse62944,0.937037,0.822247,0.962487
INPP4B,0.000000,0.000000,Source: gse62944,0.937037,0.822247,0.962487
GTF3A,0.000000,0.000000,Source: gse62944,0.937037,0.822247,0.962487
TPCN1,0.000000,0.000000,Source: gse62944,0.937037,0.822247,0.962487
ARHGAP44,0.000000,0.000000,Source: gse62944,0.937037,0.822247,0.962487
MRPL17,0.000000,0.000000,Source: gse62944,0.937037,0.822247,0.962487
RPL39L,0.000000,0.000000,Source: gse62944,0.937037,0.822247,0.962487
TFR2,0.000000,0.000000,Source: gse62944,0.937037,0.822247,0.962487
ZNF536,0.000000,0.000000,Source: gse62944,0.937037,0.822247,0.962487
HSD11B2,0.000000,0.000000,Source: gse62944,0.937037,0.822247,0.962487
IGF1R,0.000000,0.000000,Source: gse62944,0.937037,0.822247,0.962487
NEFM,0.000000,0.000000,Source: gse62944,0.937037,0.822247,0.962487
NPRL2,0.000000,0.000000,Source: gse62944,0.937037,0.822247,0.962487
CXCL1,0.000000,0.000000,Source: gse62944,0.937037,0.822247,0.962487
ARID3A,0.000000,0.000000,Source: gse62944,0.937037,0.822247,0.962487
KLK7,0.000000,0.000000,Source: gse62944,0.937037,0.822247,0.962487
MYCT1,0.000000,0.000000,Source: gse62944,0.937037,0.822247,0.962487
MC1R,0.000000,0.000000,Source: gse62944,0.937037,0.822247,0.962487
VCAM1,0.000000,0.000000,Source: gse62944,0.937037,0.822247,0.962487
TNS1,0.000000,0.000000,Source: gse62944,0.937037,0.822247,0.962487
PURG,0.000000,0.000000,Source: gse62944,0.937037,0.822247,0.962487
FADS1,0.000000,0.000000,Source: gse62944,0.937037,0.822247,0.962487
TTC27,0.000000,0.000000,Source: gse62944,0.937037,0.822247,0.962487
CNN1,0.000000,0.000000,Source: gse62944,0.937037,0.822247,0.962487
HFE,0.000000,0.000000,Source: gse62944,0.937037,0.822247,0.962487
ERCC2,0.000000,0.000000,Source: gse62944,0.937037,0.822247,0.962487
FKBP14,0.000000,0.000000,Source: gse62944,0.937037,0.822247,0.962487
ZNF76,0.000000,0.000000,Source: gse62944,0.937037,0.822247,0.962487
NEU1,0.000000,0.000000,Source: gse62944,0.937037,0.822247,0.962487
C6,0.000000,0.000000,Source: gse62944,0.937037,0.822247,0.962487
AVPR1A,0.000000,0.000000,Source: gse62944,0.937037,0.822247,0.962487
TADA3,0.000000,0.000000,Source: gse62944,0.937037,0.822247,0.962487
CAST,0.000000,0.000000,Source: gse62944,0.937037,0.822247,0.962487
RASA3,0.000000,0.000000,Source: gse62944,0.937037,0.822247,0.962487
APBB2,0.000000,0.000000,Source: gse62944,0.937037,0.822247,0.962487
SCARB1,0.000000,0.000000,Source: gse62944,0.937037,0.822247,0.962487
SLC16A10,0.000000,0.000000,Source: gse62944,0.937037,0.822247,0.962487
PLIN2,0.000000,0.000000,Source: gse62944,0.937037,0.822247,0.962487
SNED1,0.000000,0.000000,Source: gse62944,0.937037,0.822247,0.962487
NKX6-1,0.000000,0.000000,Source: gse62944,0.937037,0.822247,0.962487
GTF2E2,0.000000,0.000000,Source: gse62944,0.937037,0.822247,0.962487
NOC3L,0.000000,0.000000,Source: gse62944,0.937037,0.822247,0.962487
MAPK1,0.000000,0.000000,Source: gse62944,0.937037,0.822247,0.962487
MRPL23,0.000000,0.000000,Source: gse62944,0.937037,0.822247,0.962487
BRAP,0.000000,0.000000,Source: gse62944,0.937037,0.822247,0.962487
SLC12A3,0.000000,0.000000,Source: gse62944,0.937037,0.822247,0.962487
LIMS2,0.000000,0.000000,Source: gse62944,0.937037,0.822247,0.962487
CTR9,0.000000,0.000000,Source: gse62944,0.937037,0.822247,0.962487
PTPRB,0.000000,0.000000,Source: gse62944,0.937037,0.822247,0.962487
NMT1,0.000000,0.000000,Source: gse62944,0.937037,0.822247,0.962487
DEF8,0.000000,0.000000,Source: gse62944,0.937037,0.822247,0.962487
RTN2,0.000000,0.000000,Source: gse62944,0.937037,0.822247,0.962487
CALCA,0.000000,0.000000,Source: gse62944,0.937037,0.822247,0.962487
FH,0.000000,0.000000,Source: gse62944,0.937037,0.822247,0.962487
CSNK2A1,0.000000,0.000000,Source: gse62944,0.937037,0.822247,0.962487
CCT8,0.000000,0.000000,Source: gse62944,0.937037,0.822247,0.962487
ZNF227,0.000000,0.000000,Source: gse62944,0.937037,0.822247,0.962487
SIT1,0.000000,0.000000,Source: gse62944,0.937037,0.822247,0.962487
P2RX6,0.000000,0.000000,Source: gse62944,0.937037,0.822247,0.962487
MADD,0.000000,0.000000,Source: gse62944,0.937037,0.822247,0.962487
F8,0.000000,0.000000,Source: gse62944,0.937037,0.822247,0.962487
RAB7A,0.000000,0.000000,Source: gse62944,0.937037,0.822247,0.962487
UBASH3A,0.000000,0.000000,Source: gse62944,0.937037,0.822247,0.962487
PZP,0.000000,0.000000,Source: gse62944,0.937037,0.822247,0.962487
SLC6A8,0.000000,0.000000,Source: gse62944,0.937037,0.822247,0.962487
DAZL,0.000000,0.000000,Source: gse62944,0.937037,0.822247,0.962487
KCTD7,0.000000,0.000000,Source: gse62944,0.937037,0.822247,0.962487
NAV3,0.000000,0.000000,Source: gse62944,0.937037,0.822247,0.962487
PKD2,0.000000,0.000000,Source: gse62944,0.937037,0.822247,0.962487
CELF2,0.000000,0.000000,Source: gse62944,0.937037,0.822247,0.962487
DPF2,0.000000,0.000000,Source: gse62944,0.937037,0.822247,0.962487
GNL3L,0.000000,0.000000,Source: gse62944,0.937037,0.822247,0.962487
GREM2,0.000000,0.000000,Source: gse62944,0.937037,0.822247,0.962487
ACTG1,0.000000,0.000000,Source: gse62944,0.937037,0.822247,0.962487
PPIB,0.000000,0.000000,Source: gse62944,0.937037,0.822247,0.962487
FANCG,0.000000,0.000000,Source: gse62944,0.937037,0.822247,0.962487
USP4,0.000000,0.000000,Source: gse62944,0.937037,0.822247,0.962487
FLOT1,0.000000,0.000000,Source: gse62944,0.937037,0.822247,0.962487
SH3BP5,0.000000,0.000000,Source: gse62944,0.937037,0.822247,0.962487
RNMT,0.000000,0.000000,Source: gse62944,0.937037,0.822247,0.962487
F5,0.000000,0.000000,Source: gse62944,0.937037,0.822247,0.962487
INHBB,0.000000,0.000000,Source: gse62944,0.937037,0.822247,0.962487
MTMR11,0.000000,0.000000,Source: gse62944,0.937037,0.822247,0.962487
RHOF,0.000000,0.000000,Source: gse62944,0.937037,0.822247,0.962487
HES1,0.000000,0.000000,Source: gse62944,0.937037,0.822247,0.962487
COL11A1,0.000000,0.000000,Source: gse62944,0.937037,0.822247,0.962487
RNF14,0.000000,0.000000,Source: gse62944,0.937037,0.822247,0.962487
SKA1,0.000000,0.000000,Source: gse62944,0.937037,0.822247,0.962487
IFI30,0.000000,0.000000,Source: gse62944,0.937037,0.822247,0.962487
ST8SIA3,0.000000,0.000000,Source: gse62944,0.937037,0.822247,0.962487
WBP2,0.000000,0.000000,Source: gse62944,0.937037,0.822247,0.962487
ERMP1,0.000000,0.000000,Source: gse62944,0.937037,0.822247,0.962487
NRL,0.000000,0.000000,Source: gse62944,0.937037,0.822247,0.962487
SYNPO,0.000000,0.000000,Source: gse62944,0.937037,0.822247,0.962487
ACYP2,0.000000,0.000000,Source: gse62944,0.937037,0.822247,0.962487
STK11,0.000000,0.000000,Source: gse62944,0.937037,0.822247,0.962487
DGCR5,0.000000,0.000000,Source: gse62944,0.937037,0.822247,0.962487
IL6ST,0.000000,0.000000,Source: gse62944,0.937037,0.822247,0.962487
CRIP1,0.000000,0.000000,Source: gse62944,0.937037,0.822247,0.962487
REPS2,0.000000,0.000000,Source: gse62944,0.937037,0.822247,0.962487
PHTF1,0.000000,0.000000,Source: gse62944,0.937037,0.822247,0.962487
GABRR1,0.000000,0.000000,Source: gse62944,0.937037,0.822247,0.962487
HMGCS1,0.000000,0.000000,Source: gse62944,0.937037,0.822247,0.962487
COL9A3,0.000000,0.000000,Source: gse62944,0.937037,0.822247,0.962487
SLC4A1,0.000000,0.000000,Source: gse62944,0.937037,0.822247,0.962487
IL18RAP,0.000000,0.000000,Source: gse62944,0.937037,0.822247,0.962487
KIF21B,0.000000,0.000000,Source: gse62944,0.937037,0.822247,0.962487
MRPS14,0.000000,0.000000,Source: gse62944,0.937037,0.822247,0.962487
ACTA1,0.000000,0.000000,Source: gse62944,0.937037,0.822247,0.962487
NSFL1C,0.000000,0.000000,Source: gse62944,0.937037,0.822247,0.962487
SPAG11B,0.000000,0.000000,Source: gse62944,0.937037,0.822247,0.962487
RAP1GAP2,0.000000,0.000000,Source: gse62944,0.937037,0.822247,0.962487
CISD1,0.000000,0.000000,Source: gse62944,0.937037,0.822247,0.962487
IFT20,0.000000,0.000000,Source: gse62944,0.937037,0.822247,0.962487
ASGR2,0.000000,0.000000,Source: gse62944,0.937037,0.822247,0.962487
SKAP2,0.000000,0.000000,Source: gse62944,0.937037,0.822247,0.962487
AVL9,0.000000,0.000000,Source: gse62944,0.937037,0.822247,0.962487
EPM2AIP1,0.000000,0.000000,Source: gse62944,0.937037,0.822247,0.962487
FAM182B,0.000000,0.000000,Source: gse62944,0.937037,0.822247,0.962487
KIN,0.000000,0.000000,Source: gse62944,0.937037,0.822247,0.962487
MAN1B1,0.000000,0.000000,Source: gse62944,0.937037,0.822247,0.962487
PI15,0.000000,0.000000,Source: gse62944,0.937037,0.822247,0.962487
ATP10A,0.000000,0.000000,Source: gse62944,0.937037,0.822247,0.962487
GOLGA3,0.000000,0.000000,Source: gse62944,0.937037,0.822247,0.962487
IMPA2,0.000000,0.000000,Source: gse62944,0.937037,0.822247,0.962487
CPS1-IT1,0.000000,0.000000,Source: gse62944,0.937037,0.822247,0.962487
INSRR,0.000000,0.000000,Source: gse62944,0.937037,0.822247,0.962487
RGS19,0.000000,0.000000,Source: gse62944,0.937037,0.822247,0.962487
SP140L,0.000000,0.000000,Source: gse62944,0.937037,0.822247,0.962487
VENTX,0.000000,0.000000,Source: gse62944,0.937037,0.822247,0.962487
SYT11,0.000000,0.000000,Source: gse62944,0.937037,0.822247,0.962487
KLHL21,0.000000,0.000000,Source: gse62944,0.937037,0.822247,0.962487
OR10H1,0.000000,0.000000,Source: gse62944,0.937037,0.822247,0.962487
APOM,0.000000,0.000000,Source: gse62944,0.937037,0.822247,0.962487
PTPN12,0.000000,0.000000,Source: gse62944,0.937037,0.822247,0.962487
TXNDC16,0.000000,0.000000,Source: gse62944,0.937037,0.822247,0.962487
ISG15,0.000000,0.000000,Source: gse62944,0.937037,0.822247,0.962487
SOX18,0.000000,0.000000,Source: gse62944,0.937037,0.822247,0.962487
PRDM16,0.000000,0.000000,Source: gse62944,0.937037,0.822247,0.962487
USP8,0.000000,0.000000,Source: gse62944,0.937037,0.822247,0.962487
HIBCH,0.000000,0.000000,Source: gse62944,0.937037,0.822247,0.962487
ANP32D,0.000000,0.000000,Source: gse62944,0.937037,0.822247,0.962487
FZR1,0.000000,0.000000,Source: gse62944,0.937037,0.822247,0.962487
GABRA1,0.000000,0.000000,Source: gse62944,0.937037,0.822247,0.962487
CTC1,0.000000,0.000000,Source: gse62944,0.937037,0.822247,0.962487
FOXE3,0.000000,0.000000,Source: gse62944,0.937037,0.822247,0.962487
ASAP1,0.000000,0.000000,Source: gse62944,0.937037,0.822247,0.962487
SLC6A15,0.000000,0.000000,Source: gse62944,0.937037,0.822247,0.962487
KDM6A,0.000000,0.000000,Source: gse62944,0.937037,0.822247,0.962487
STAR,0.000000,0.000000,Source: gse62944,0.937037,0.822247,0.962487
CALU,0.000000,0.000000,Source: gse62944,0.937037,0.822247,0.962487
PPID,0.000000,0.000000,Source: gse62944,0.937037,0.822247,0.962487
KCNK15,0.000000,0.000000,Source: gse62944,0.937037,0.822247,0.962487
TMEM185B,0.000000,0.000000,Source: gse62944,0.937037,0.822247,0.962487
KRT81,0.000000,0.000000,Source: gse62944,0.937037,0.822247,0.962487
AKAP7,0.000000,0.000000,Source: gse62944,0.937037,0.822247,0.962487
RSL1D1,0.000000,0.000000,Source: gse62944,0.937037,0.822247,0.962487
TMEM126B,0.000000,0.000000,Source: gse62944,0.937037,0.822247,0.962487
RAB8B,0.000000,0.000000,Source: gse62944,0.937037,0.822247,0.962487
EDDM3B,0.000000,0.000000,Source: gse62944,0.937037,0.822247,0.962487
RCC1,0.000000,0.000000,Source: gse62944,0.937037,0.822247,0.962487
RAB14,0.000000,0.000000,Source: gse62944,0.937037,0.822247,0.962487
SPAST,0.000000,0.000000,Source: gse62944,0.937037,0.822247,0.962487
PRAMEF11,0.000000,0.000000,Source: gse62944,0.937037,0.822247,0.962487
VEGFA,0.000000,0.000000,Source: gse62944,0.937037,0.822247,0.962487
TBL1X,0.000000,0.000000,Source: gse62944,0.937037,0.822247,0.962487
SLC25A40,0.000000,0.000000,Source: gse62944,0.937037,0.822247,0.962487
NFRKB,0.000000,0.000000,Source: gse62944,0.937037,0.822247,0.962487
MAX,0.000000,0.000000,Source: gse62944,0.937037,0.822247,0.962487
PYHIN1,0.000000,0.000000,Source: gse62944,0.937037,0.822247,0.962487
NGRN,0.000000,0.000000,Source: gse62944,0.937037,0.822247,0.962487
YWHAZ,0.000000,0.000000,Source: gse62944,0.937037,0.822247,0.962487
GPC3,0.000000,0.000000,Source: gse62944,0.937037,0.822247,0.962487
CRTAM,0.000000,0.000000,Source: gse62944,0.937037,0.822247,0.962487
TAOK2,0.000000,0.000000,Source: gse62944,0.937037,0.822247,0.962487
CDK7,0.000000,0.000000,Source: gse62944,0.937037,0.822247,0.962487
MLANA,0.000000,0.000000,Source: gse62944,0.937037,0.822247,0.962487
NMD3,0.000000,0.000000,Source: gse62944,0.937037,0.822247,0.962487
SLC26A4,0.000000,0.000000,Source: gse62944,0.937037,0.822247,0.962487
ZNF835,0.000000,0.000000,Source: gse62944,0.937037,0.822247,0.962487
DHX8,0.000000,0.000000,Source: gse62944,0.937037,0.822247,0.962487
NAB2,0.000000,0.000000,Source: gse62944,0.937037,0.822247,0.962487
SCN2A,0.000000,0.000000,Source: gse62944,0.937037,0.822247,0.962487
STK17A,0.000000,0.000000,Source: gse62944,0.937037,0.822247,0.962487
ANXA2,0.000000,0.000000,Source: gse62944,0.937037,0.822247,0.962487
COQ10B,0.000000,0.000000,Source: gse62944,0.937037,0.822247,0.962487
PLCG1,0.000000,0.000000,Source: gse62944,0.937037,0.822247,0.962487
REV3L,0.000000,0.000000,Source: gse62944,0.937037,0.822247,0.962487
BCAS4,0.000000,0.000000,Source: gse62944,0.937037,0.822247,0.962487
KCNB1,0.000000,0.000000,Source: gse62944,0.937037,0.822247,0.962487
KCNB2,0.000000,0.000000,Source: gse62944,0.937037,0.822247,0.962487
SLC12A8,0.000000,0.000000,Source: gse62944,0.937037,0.822247,0.962487
KIF18A,0.000000,0.000000,Source: gse62944,0.937037,0.822247,0.962487
ATF6,0.000000,0.000000,Source: gse62944,0.937037,0.822247,0.962487
ENTPD6,0.000000,0.000000,Source: gse62944,0.937037,0.822247,0.962487
MLLT10,0.000000,0.000000,Source: gse62944,0.937037,0.822247,0.962487
PTPRZ1,0.000000,0.000000,Source: gse62944,0.937037,0.822247,0.962487
UBE2H,0.000000,0.000000,Source: gse62944,0.937037,0.822247,0.962487
MS4A6A,0.000000,0.000000,Source: gse62944,0.937037,0.822247,0.962487
PPP3CC,0.000000,0.000000,Source: gse62944,0.937037,0.822247,0.962487
A2M,0.000000,0.000000,Source: gse62944,0.937037,0.822247,0.962487
DCAKD,0.000000,0.000000,Source: gse62944,0.937037,0.822247,0.962487
EZH1,0.000000,0.000000,Source: gse62944,0.937037,0.822247,0.962487
PLEKHA2,0.000000,0.000000,Source: gse62944,0.937037,0.822247,0.962487
TMEM97,0.000000,0.000000,Source: gse62944,0.937037,0.822247,0.962487
TBC1D8B,0.000000,0.000000,Source: gse62944,0.937037,0.822247,0.962487
WDR62,0.000000,0.000000,Source: gse62944,0.937037,0.822247,0.962487
REXO2,0.000000,0.000000,Source: gse62944,0.937037,0.822247,0.962487
COQ3,0.000000,0.000000,Source: gse62944,0.937037,0.822247,0.962487
NUP205,0.000000,0.000000,Source: gse62944,0.937037,0.822247,0.962487
NPHS2,0.000000,0.000000,Source: gse62944,0.937037,0.822247,0.962487
ELF2,0.000000,0.000000,Source: gse62944,0.937037,0.822247,0.962487
PSMB5,0.000000,0.000000,Source: gse62944,0.937037,0.822247,0.962487
SOS1,0.000000,0.000000,Source: gse62944,0.937037,0.822247,0.962487
TRMT61B,0.000000,0.000000,Source: gse62944,0.937037,0.822247,0.962487
NINJ1,0.000000,0.000000,Source: gse62944,0.937037,0.822247,0.962487
DPM3,0.000000,0.000000,Source: gse62944,0.937037,0.822247,0.962487
MAVS,0.000000,0.000000,Source: gse62944,0.937037,0.822247,0.962487
TGM4,0.000000,0.000000,Source: gse62944,0.937037,0.822247,0.962487
FBXL8,0.000000,0.000000,Source: gse62944,0.937037,0.822247,0.962487
GLP2R,0.000000,0.000000,Source: gse62944,0.937037,0.822247,0.962487
USP15,0.000000,0.000000,Source: gse62944,0.937037,0.822247,0.962487
ZNF329,0.000000,0.000000,Source: gse62944,0.937037,0.822247,0.962487
MGST2,0.000000,0.000000,Source: gse62944,0.937037,0.822247,0.962487
NAPG,0.000000,0.000000,Source: gse62944,0.937037,0.822247,0.962487
ADAR,0.000000,0.000000,Source: gse62944,0.937037,0.822247,0.962487
CCDC81,0.000000,0.000000,Source: gse62944,0.937037,0.822247,0.962487
CCL20,0.000000,0.000000,Source: gse62944,0.937037,0.822247,0.962487
RPL10,0.000000,0.000000,Source: gse62944,0.937037,0.822247,0.962487
DNAJC8,0.000000,0.000000,Source: gse62944,0.937037,0.822247,0.962487
MYH7,0.000000,0.000000,Source: gse62944,0.937037,0.822247,0.962487
RHBDD3,0.000000,0.000000,Source: gse62944,0.937037,0.822247,0.962487
CCNL2,0.000000,0.000000,Source: gse62944,0.937037,0.822247,0.962487
PITPNA,0.000000,0.000000,Source: gse62944,0.937037,0.822247,0.962487
GLA,0.000000,0.000000,Source: gse62944,0.937037,0.822247,0.962487
RAB33A,0.000000,0.000000,Source: gse62944,0.937037,0.822247,0.962487
USP20,0.000000,0.000000,Source: gse62944,0.937037,0.822247,0.962487
COX7A1,0.000000,0.000000,Source: gse62944,0.937037,0.822247,0.962487
MORC1,0.000000,0.000000,Source: gse62944,0.937037,0.822247,0.962487
HCCS,0.000000,0.000000,Source: gse62944,0.937037,0.822247,0.962487
ADAM23,0.000000,0.000000,Source: gse62944,0.937037,0.822247,0.962487
KDM5D,0.000000,0.000000,Source: gse62944,0.937037,0.822247,0.962487
PDE2A,0.000000,0.000000,Source: gse62944,0.937037,0.822247,0.962487
PEX2,0.000000,0.000000,Source: gse62944,0.937037,0.822247,0.962487
CHSY1,0.000000,0.000000,Source: gse62944,0.937037,0.822247,0.962487
SMARCC1,0.000000,0.000000,Source: gse62944,0.937037,0.822247,0.962487
EPB41L1,0.000000,0.000000,Source: gse62944,0.937037,0.822247,0.962487
TLE6,0.000000,0.000000,Source: gse62944,0.937037,0.822247,0.962487
NAA11,0.000000,0.000000,Source: gse62944,0.937037,0.822247,0.962487
TERF2,0.000000,0.000000,Source: gse62944,0.937037,0.822247,0.962487
CSAD,0.000000,0.000000,Source: gse62944,0.937037,0.822247,0.962487
GTPBP1,0.000000,0.000000,Source: gse62944,0.937037,0.822247,0.962487
MRPL42,0.000000,0.000000,Source: gse62944,0.937037,0.822247,0.962487
GBF1,0.000000,0.000000,Source: gse62944,0.937037,0.822247,0.962487
NAA40,0.000000,0.000000,Source: gse62944,0.937037,0.822247,0.962487
MTRF1L,0.000000,0.000000,Source: gse62944,0.937037,0.822247,0.962487
THOC5,0.000000,0.000000,Source: gse62944,0.937037,0.822247,0.962487
PMS2P1,0.000000,0.000000,Source: gse62944,0.937037,0.822247,0.962487
GHSR,0.000000,0.000000,Source: gse62944,0.937037,0.822247,0.962487
KLRB1,0.000000,0.000000,Source: gse62944,0.937037,0.822247,0.962487
GLUL,0.000000,0.000000,Source: gse62944,0.937037,0.822247,0.962487
PDHA1,0.000000,0.000000,Source: gse62944,0.937037,0.822247,0.962487
PRRG4,0.000000,0.000000,Source: gse62944,0.937037,0.822247,0.962487
PPBP,0.000000,0.000000,Source: gse62944,0.937037,0.822247,0.962487
RAC2,0.000000,0.000000,Source: gse62944,0.937037,0.822247,0.962487
MFSD5,0.000000,0.000000,Source: gse62944,0.937037,0.822247,0.962487
PSMD10,0.000000,0.000000,Source: gse62944,0.937037,0.822247,0.962487
RNASE6,0.000000,0.000000,Source: gse62944,0.937037,0.822247,0.962487
NRGN,0.000000,0.000000,Source: gse62944,0.937037,0.822247,0.962487
ARSD,0.000000,0.000000,Source: gse62944,0.937037,0.822247,0.962487
HLA-F,0.000000,0.000000,Source: gse62944,0.937037,0.822247,0.962487
PTGES3,0.000000,0.000000,Source: gse62944,0.937037,0.822247,0.962487
AVIL,0.000000,0.000000,Source: gse62944,0.937037,0.822247,0.962487
PAMR1,0.000000,0.000000,Source: gse62944,0.937037,0.822247,0.962487
REV1,0.000000,0.000000,Source: gse62944,0.937037,0.822247,0.962487
TP63,0.000000,0.000000,Source: gse62944,0.937037,0.822247,0.962487
APBB1IP,0.000000,0.000000,Source: gse62944,0.937037,0.822247,0.962487
CBR1,0.000000,0.000000,Source: gse62944,0.937037,0.822247,0.962487
PDCD10,0.000000,0.000000,Source: gse62944,0.937037,0.822247,0.962487
ROCK2,0.000000,0.000000,Source: gse62944,0.937037,0.822247,0.962487
NKX3-2,0.000000,0.000000,Source: gse62944,0.937037,0.822247,0.962487
TTF1,0.000000,0.000000,Source: gse62944,0.937037,0.822247,0.962487
CTNNA2,0.000000,0.000000,Source: gse62944,0.937037,0.822247,0.962487
SEMA6A,0.000000,0.000000,Source: gse62944,0.937037,0.822247,0.962487
CALML5,0.000000,0.000000,Source: gse62944,0.937037,0.822247,0.962487
LIMS1,0.000000,0.000000,Source: gse62944,0.937037,0.822247,0.962487
CYP4F2,0.000000,0.000000,Source: gse62944,0.937037,0.822247,0.962487
ABAT,0.000000,0.000000,Source: gse62944,0.937037,0.822247,0.962487
TMEM80,0.000000,0.000000,Source: gse62944,0.937037,0.822247,0.962487
TLR6,0.000000,0.000000,Source: gse62944,0.937037,0.822247,0.962487
TSPO,0.000000,0.000000,Source: gse62944,0.937037,0.822247,0.962487
ITGA6,0.000000,0.000000,Source: gse62944,0.937037,0.822247,0.962487
TYRO3,0.000000,0.000000,Source: gse62944,0.937037,0.822247,0.962487
SMG5,0.000000,0.000000,Source: gse62944,0.937037,0.822247,0.962487
ADCYAP1,0.000000,0.000000,Source: gse62944,0.937037,0.822247,0.962487
HEG1,0.000000,0.000000,Source: gse62944,0.937037,0.822247,0.962487
CNKSR2,0.000000,0.000000,Source: gse62944,0.937037,0.822247,0.962487
PCTP,0.000000,0.000000,Source: gse62944,0.937037,0.822247,0.962487
KCNV1,0.000000,0.000000,Source: gse62944,0.937037,0.822247,0.962487
ACSL5,0.000000,0.000000,Source: gse62944,0.937037,0.822247,0.962487
UPB1,0.000000,0.000000,Source: gse62944,0.937037,0.822247,0.962487
HADHB,0.000000,0.000000,Source: gse62944,0.937037,0.822247,0.962487
PPM1D,0.000000,0.000000,Source: gse62944,0.937037,0.822247,0.962487
TREML2,0.000000,0.000000,Source: gse62944,0.937037,0.822247,0.962487
ODAM,0.000000,0.000000,Source: gse62944,0.937037,0.822247,0.962487
POLR2L,0.000000,0.000000,Source: gse62944,0.937037,0.822247,0.962487
UBE2G2,0.000000,0.000000,Source: gse62944,0.937037,0.822247,0.962487
ALMS1,0.000000,0.000000,Source: gse62944,0.937037,0.822247,0.962487
ABHD11,0.000000,0.000000,Source: gse62944,0.937037,0.822247,0.962487
GOLGA2,0.000000,0.000000,Source: gse62944,0.937037,0.822247,0.962487
AKAP12,0.000000,0.000000,Source: gse62944,0.937037,0.822247,0.962487
ORAI2,0.000000,0.000000,Source: gse62944,0.937037,0.822247,0.962487
TAF4,0.000000,0.000000,Source: gse62944,0.937037,0.822247,0.962487
ADARB2,0.000000,0.000000,Source: gse62944,0.937037,0.822247,0.962487
RSPH6A,0.000000,0.000000,Source: gse62944,0.937037,0.822247,0.962487
SPRR2C,0.000000,0.000000,Source: gse62944,0.937037,0.822247,0.962487
PPM1A,0.000000,0.000000,Source: gse62944,0.937037,0.822247,0.962487
MED6,0.000000,0.000000,Source: gse62944,0.937037,0.822247,0.962487
IGLL3P,0.000000,0.000000,Source: gse62944,0.937037,0.822247,0.962487
KIT,0.000000,0.000000,Source: gse62944,0.937037,0.822247,0.962487
CXCR2,0.000000,0.000000,Source: gse62944,0.937037,0.822247,0.962487
OPTN,0.000000,0.000000,Source: gse62944,0.937037,0.822247,0.962487
CENPM,0.000000,0.000000,Source: gse62944,0.937037,0.822247,0.962487
ATAT1,0.000000,0.000000,Source: gse62944,0.937037,0.822247,0.962487
IQCG,0.000000,0.000000,Source: gse62944,0.937037,0.822247,0.962487
TMEM176A,0.000000,0.000000,Source: gse62944,0.937037,0.822247,0.962487
ABCA12,0.000000,0.000000,Source: gse62944,0.937037,0.822247,0.962487
MST1,0.000000,0.000000,Source: gse62944,0.937037,0.822247,0.962487
RPL10L,0.000000,0.000000,Source: gse62944,0.937037,0.822247,0.962487
OGFR,0.000000,0.000000,Source: gse62944,0.937037,0.822247,0.962487
ACAD8,0.000000,0.000000,Source: gse62944,0.937037,0.822247,0.962487
CDK5RAP1,0.000000,0.000000,Source: gse62944,0.937037,0.822247,0.962487
NRCAM,0.000000,0.000000,Source: gse62944,0.937037,0.822247,0.962487
CHST11,0.000000,0.000000,Source: gse62944,0.937037,0.822247,0.962487
ABCA11P,0.000000,0.000000,Source: gse62944,0.937037,0.822247,0.962487
GABARAPL1,0.000000,0.000000,Source: gse62944,0.937037,0.822247,0.962487
TAF1,0.000000,0.000000,Source: gse62944,0.937037,0.822247,0.962487
MYO3A,0.000000,0.000000,Source: gse62944,0.937037,0.822247,0.962487
CLGN,0.000000,0.000000,Source: gse62944,0.937037,0.822247,0.962487
ARHGAP29,0.000000,0.000000,Source: gse62944,0.937037,0.822247,0.962487
ZNF217,0.000000,0.000000,Source: gse62944,0.937037,0.822247,0.962487
USP14,0.000000,0.000000,Source: gse62944,0.937037,0.822247,0.962487
SPINT1,0.000000,0.000000,Source: gse62944,0.937037,0.822247,0.962487
KRT86,0.000000,0.000000,Source: gse62944,0.937037,0.822247,0.962487
ZBBX,0.000000,0.000000,Source: gse62944,0.937037,0.822247,0.962487
LMO3,0.000000,0.000000,Source: gse62944,0.937037,0.822247,0.962487
PPP2CB,0.000000,0.000000,Source: gse62944,0.937037,0.822247,0.962487
LIMCH1,0.000000,0.000000,Source: gse62944,0.937037,0.822247,0.962487
HMGA1,0.000000,0.000000,Source: gse62944,0.937037,0.822247,0.962487
RLN1,0.000000,0.000000,Source: gse62944,0.937037,0.822247,0.962487
NIPAL2,0.000000,0.000000,Source: gse62944,0.937037,0.822247,0.962487
PLA2G5,0.000000,0.000000,Source: gse62944,0.937037,0.822247,0.962487
RSU1,0.000000,0.000000,Source: gse62944,0.937037,0.822247,0.962487
TBX10,0.000000,0.000000,Source: gse62944,0.937037,0.822247,0.962487
FNDC3A,0.000000,0.000000,Source: gse62944,0.937037,0.822247,0.962487
UBE2B,0.000000,0.000000,Source: gse62944,0.937037,0.822247,0.962487
POU5F1P4,0.000000,0.000000,Source: gse62944,0.937037,0.822247,0.962487
IFNAR2,0.000000,0.000000,Source: gse62944,0.937037,0.822247,0.962487
FBXL7,0.000000,0.000000,Source: gse62944,0.937037,0.822247,0.962487
C1QBP,0.000000,0.000000,Source: gse62944,0.937037,0.822247,0.962487
NDC80,0.000000,0.000000,Source: gse62944,0.937037,0.822247,0.962487
MGP,0.000000,0.000000,Source: gse62944,0.937037,0.822247,0.962487
CDK2AP1,0.000000,0.000000,Source: gse62944,0.937037,0.822247,0.962487
FYCO1,0.000000,0.000000,Source: gse62944,0.937037,0.822247,0.962487
TNFAIP6,0.000000,0.000000,Source: gse62944,0.937037,0.822247,0.962487
EIF1AY,0.000000,0.000000,Source: gse62944,0.937037,0.822247,0.962487
SPOCK3,0.000000,0.000000,Source: gse62944,0.937037,0.822247,0.962487
KRT76,0.000000,0.000000,Source: gse62944,0.937037,0.822247,0.962487
SLC14A1,0.000000,0.000000,Source: gse62944,0.937037,0.822247,0.962487
OASL,0.000000,0.000000,Source: gse62944,0.937037,0.822247,0.962487
IL36G,0.000000,0.000000,Source: gse62944,0.937037,0.822247,0.962487
PXMP4,0.000000,0.000000,Source: gse62944,0.937037,0.822247,0.962487
THBS2,0.000000,0.000000,Source: gse62944,0.937037,0.822247,0.962487
DHTKD1,0.000000,0.000000,Source: gse62944,0.937037,0.822247,0.962487
SEMA4A,0.000000,0.000000,Source: gse62944,0.937037,0.822247,0.962487
ZNF14,0.000000,0.000000,Source: gse62944,0.937037,0.822247,0.962487
VTCN1,0.000000,0.000000,Source: gse62944,0.937037,0.822247,0.962487
SOD1,0.000000,0.000000,Source: gse62944,0.937037,0.822247,0.962487
CSTB,0.000000,0.000000,Source: gse62944,0.937037,0.822247,0.962487
METTL3,0.000000,0.000000,Source: gse62944,0.937037,0.822247,0.962487
ESF1,0.000000,0.000000,Source: gse62944,0.937037,0.822247,0.962487
OSTF1,0.000000,0.000000,Source: gse62944,0.937037,0.822247,0.962487
CYP4F8,0.000000,0.000000,Source: gse62944,0.937037,0.822247,0.962487
GPATCH1,0.000000,0.000000,Source: gse62944,0.937037,0.822247,0.962487
PCID2,0.000000,0.000000,Source: gse62944,0.937037,0.822247,0.962487
CRYZ,0.000000,0.000000,Source: gse62944,0.937037,0.822247,0.962487
SSTR5,0.000000,0.000000,Source: gse62944,0.937037,0.822247,0.962487
RBM38,0.000000,0.000000,Source: gse62944,0.937037,0.822247,0.962487
GML,0.000000,0.000000,Source: gse62944,0.937037,0.822247,0.962487
CNOT4,0.000000,0.000000,Source: gse62944,0.937037,0.822247,0.962487
ADAMTS6,0.000000,0.000000,Source: gse62944,0.937037,0.822247,0.962487
DDX41,0.000000,0.000000,Source: gse62944,0.937037,0.822247,0.962487
PADI3,0.000000,0.000000,Source: gse62944,0.937037,0.822247,0.962487
DIAPH1,0.000000,0.000000,Source: gse62944,0.937037,0.822247,0.962487
GPM6A,0.000000,0.000000,Source: gse62944,0.937037,0.822247,0.962487
SNRNP25,0.000000,0.000000,Source: gse62944,0.937037,0.822247,0.962487
LPXN,0.000000,0.000000,Source: gse62944,0.937037,0.822247,0.962487
TAF6L,0.000000,0.000000,Source: gse62944,0.937037,0.822247,0.962487
TSPAN15,0.000000,0.000000,Source: gse62944,0.937037,0.822247,0.962487
DSCR4,0.000000,0.000000,Source: gse62944,0.937037,0.822247,0.962487
SLC39A6,0.000000,0.000000,Source: gse62944,0.937037,0.822247,0.962487
MNT,0.000000,0.000000,Source: gse62944,0.937037,0.822247,0.962487
KRTAP2-4,0.000000,0.000000,Source: gse62944,0.937037,0.822247,0.962487
TCN1,0.000000,0.000000,Source: gse62944,0.937037,0.822247,0.962487
NXPH3,0.000000,0.000000,Source: gse62944,0.937037,0.822247,0.962487
TRPC4AP,0.000000,0.000000,Source: gse62944,0.937037,0.822247,0.962487
USP5,0.000000,0.000000,Source: gse62944,0.937037,0.822247,0.962487
POLR2K,0.000000,0.000000,Source: gse62944,0.937037,0.822247,0.962487
CUL5,0.000000,0.000000,Source: gse62944,0.937037,0.822247,0.962487
POGK,0.000000,0.000000,Source: gse62944,0.937037,0.822247,0.962487
RACGAP1,0.000000,0.000000,Source: gse62944,0.937037,0.822247,0.962487
CRAT,0.000000,0.000000,Source: gse62944,0.937037,0.822247,0.962487
GMFG,0.000000,0.000000,Source: gse62944,0.937037,0.822247,0.962487
TMPRSS2,0.000000,0.000000,Source: gse62944,0.937037,0.822247,0.962487
USP29,0.000000,0.000000,Source: gse62944,0.937037,0.822247,0.962487
SLC1A4,0.000000,0.000000,Source: gse62944,0.937037,0.822247,0.962487
RAD51B,0.000000,0.000000,Source: gse62944,0.937037,0.822247,0.962487
NR3C2,0.000000,0.000000,Source: gse62944,0.937037,0.822247,0.962487
SAMD4A,0.000000,0.000000,Source: gse62944,0.937037,0.822247,0.962487
STC2,0.000000,0.000000,Source: gse62944,0.937037,0.822247,0.962487
OAZ1,0.000000,0.000000,Source: gse62944,0.937037,0.822247,0.962487
ADAP1,0.000000,0.000000,Source: gse62944,0.937037,0.822247,0.962487
SLC37A1,0.000000,0.000000,Source: gse62944,0.937037,0.822247,0.962487
SOS2,0.000000,0.000000,Source: gse62944,0.937037,0.822247,0.962487
CHST5,0.000000,0.000000,Source: gse62944,0.937037,0.822247,0.962487
MYOZ2,0.000000,0.000000,Source: gse62944,0.937037,0.822247,0.962487
ECHDC1,0.000000,0.000000,Source: gse62944,0.937037,0.822247,0.962487
NPY6R,0.000000,0.000000,Source: gse62944,0.937037,0.822247,0.962487
PIN1P1,0.000000,0.000000,Source: gse62944,0.937037,0.822247,0.962487
DBF4B,0.000000,0.000000,Source: gse62944,0.937037,0.822247,0.962487
IRF6,0.000000,0.000000,Source: gse62944,0.937037,0.822247,0.962487
BMS1,0.000000,0.000000,Source: gse62944,0.937037,0.822247,0.962487
COLEC10,0.000000,0.000000,Source: gse62944,0.937037,0.822247,0.962487
RFPL1,0.000000,0.000000,Source: gse62944,0.937037,0.822247,0.962487
PSIP1,0.000000,0.000000,Source: gse62944,0.937037,0.822247,0.962487
PPP1CA,0.000000,0.000000,Source: gse62944,0.937037,0.822247,0.962487
TMEM121,0.000000,0.000000,Source: gse62944,0.937037,0.822247,0.962487
PTGS2,0.000000,0.000000,Source: gse62944,0.937037,0.822247,0.962487
TKT,0.000000,0.000000,Source: gse62944,0.937037,0.822247,0.962487
MTUS1,0.000000,0.000000,Source: gse62944,0.937037,0.822247,0.962487
IAPP,0.000000,0.000000,Source: gse62944,0.937037,0.822247,0.962487
CLCN3,0.000000,0.000000,Source: gse62944,0.937037,0.822247,0.962487
BCAS2,0.000000,0.000000,Source: gse62944,0.937037,0.822247,0.962487
AIPL1,0.000000,0.000000,Source: gse62944,0.937037,0.822247,0.962487
PHC2,0.000000,0.000000,Source: gse62944,0.937037,0.822247,0.962487
TF,0.000000,0.000000,Source: gse62944,0.937037,0.822247,0.962487
TLN2,0.000000,0.000000,Source: gse62944,0.937037,0.822247,0.962487
KAT5,0.000000,0.000000,Source: gse62944,0.937037,0.822247,0.962487
FGF16,0.000000,0.000000,Source: gse62944,0.937037,0.822247,0.962487
MKNK2,0.000000,0.000000,Source: gse62944,0.937037,0.822247,0.962487
CYP7A1,0.000000,0.000000,Source: gse62944,0.937037,0.822247,0.962487
ALS2CL,0.000000,0.000000,Source: gse62944,0.937037,0.822247,0.962487
COX6A2,0.000000,0.000000,Source: gse62944,0.937037,0.822247,0.962487
ADM,0.000000,0.000000,Source: gse62944,0.937037,0.822247,0.962487
LOXL1,0.000000,0.000000,Source: gse62944,0.937037,0.822247,0.962487
CHGA,0.000000,0.000000,Source: gse62944,0.937037,0.822247,0.962487
OXR1,0.000000,0.000000,Source: gse62944,0.937037,0.822247,0.962487
ZNF471,0.000000,0.000000,Source: gse62944,0.937037,0.822247,0.962487
EXOG,0.000000,0.000000,Source: gse62944,0.937037,0.822247,0.962487
STK38L,0.000000,0.000000,Source: gse62944,0.937037,0.822247,0.962487
EXOSC5,0.000000,0.000000,Source: gse62944,0.937037,0.822247,0.962487
RHOT2,0.000000,0.000000,Source: gse62944,0.937037,0.822247,0.962487
RHD,0.000000,0.000000,Source: gse62944,0.937037,0.822247,0.962487
P2RY4,0.000000,0.000000,Source: gse62944,0.937037,0.822247,0.962487
FARS2,0.000000,0.000000,Source: gse62944,0.937037,0.822247,0.962487
PRDM12,0.000000,0.000000,Source: gse62944,0.937037,0.822247,0.962487
TBC1D5,0.000000,0.000000,Source: gse62944,0.937037,0.822247,0.962487
MITF,0.000000,0.000000,Source: gse62944,0.937037,0.822247,0.962487
CLEC16A,0.000000,0.000000,Source: gse62944,0.937037,0.822247,0.962487
IQCK,0.000000,0.000000,Source: gse62944,0.937037,0.822247,0.962487
OR1A2,0.000000,0.000000,Source: gse62944,0.937037,0.822247,0.962487
EFEMP2,0.000000,0.000000,Source: gse62944,0.937037,0.822247,0.962487
SYCP2,0.000000,0.000000,Source: gse62944,0.937037,0.822247,0.962487
SELL,0.000000,0.000000,Source: gse62944,0.937037,0.822247,0.962487
DSTN,0.000000,0.000000,Source: gse62944,0.937037,0.822247,0.962487
HLTF,0.000000,0.000000,Source: gse62944,0.937037,0.822247,0.962487
FBXO7,0.000000,0.000000,Source: gse62944,0.937037,0.822247,0.962487
SLC16A1,0.000000,0.000000,Source: gse62944,0.937037,0.822247,0.962487
PEX11B,0.000000,0.000000,Source: gse62944,0.937037,0.822247,0.962487
DEK,0.000000,0.000000,Source: gse62944,0.937037,0.822247,0.962487
AP2S1,0.000000,0.000000,Source: gse62944,0.937037,0.822247,0.962487
FBRS,0.000000,0.000000,Source: gse62944,0.937037,0.822247,0.962487
GAL,0.000000,0.000000,Source: gse62944,0.937037,0.822247,0.962487
ITGB3BP,0.000000,0.000000,Source: gse62944,0.937037,0.822247,0.962487
PHF1,0.000000,0.000000,Source: gse62944,0.937037,0.822247,0.962487
IQCE,0.000000,0.000000,Source: gse62944,0.937037,0.822247,0.962487
CXCL2,0.000000,0.000000,Source: gse62944,0.937037,0.822247,0.962487
RASAL2,0.000000,0.000000,Source: gse62944,0.937037,0.822247,0.962487
VPREB1,0.000000,0.000000,Source: gse62944,0.937037,0.822247,0.962487
ITGAV,0.000000,0.000000,Source: gse62944,0.937037,0.822247,0.962487
CD6,0.000000,0.000000,Source: gse62944,0.937037,0.822247,0.962487
DGKI,0.000000,0.000000,Source: gse62944,0.937037,0.822247,0.962487
ZNF85,0.000000,0.000000,Source: gse62944,0.937037,0.822247,0.962487
MT1X,0.000000,0.000000,Source: gse62944,0.937037,0.822247,0.962487
ASF1A,0.000000,0.000000,Source: gse62944,0.937037,0.822247,0.962487
HAMP,0.000000,0.000000,Source: gse62944,0.937037,0.822247,0.962487
PNP,0.000000,0.000000,Source: gse62944,0.937037,0.822247,0.962487
MMACHC,0.000000,0.000000,Source: gse62944,0.937037,0.822247,0.962487
BMP15,0.000000,0.000000,Source: gse62944,0.937037,0.822247,0.962487
ITGAX,0.000000,0.000000,Source: gse62944,0.937037,0.822247,0.962487
MTMR10,0.000000,0.000000,Source: gse62944,0.937037,0.822247,0.962487
ST6GALNAC5,0.000000,0.000000,Source: gse62944,0.937037,0.822247,0.962487
ARHGAP6,0.000000,0.000000,Source: gse62944,0.937037,0.822247,0.962487
KCTD3,0.000000,0.000000,Source: gse62944,0.937037,0.822247,0.962487
DFFB,0.000000,0.000000,Source: gse62944,0.937037,0.822247,0.962487
MXD4,0.000000,0.000000,Source: gse62944,0.937037,0.822247,0.962487
CACNA1E,0.000000,0.000000,Source: gse62944,0.937037,0.822247,0.962487
CNTLN,0.000000,0.000000,Source: gse62944,0.937037,0.822247,0.962487
CNGB3,0.000000,0.000000,Source: gse62944,0.937037,0.822247,0.962487
GJD2,0.000000,0.000000,Source: gse62944,0.937037,0.822247,0.962487
DMP1,0.000000,0.000000,Source: gse62944,0.937037,0.822247,0.962487
RBFA,0.000000,0.000000,Source: gse62944,0.937037,0.822247,0.962487
TMEM223,0.000000,0.000000,Source: gse62944,0.937037,0.822247,0.962487
AKAP10,0.000000,0.000000,Source: gse62944,0.937037,0.822247,0.962487
GYS2,0.000000,0.000000,Source: gse62944,0.937037,0.822247,0.962487
IGLL1,0.000000,0.000000,Source: gse62944,0.937037,0.822247,0.962487
KIFC1,0.000000,0.000000,Source: gse62944,0.937037,0.822247,0.962487
ZNF821,0.000000,0.000000,Source: gse62944,0.937037,0.822247,0.962487
PTPN2,0.000000,0.000000,Source: gse62944,0.937037,0.822247,0.962487
B3GALT5,0.000000,0.000000,Source: gse62944,0.937037,0.822247,0.962487
IDI1,0.000000,0.000000,Source: gse62944,0.937037,0.822247,0.962487
ZNF154,0.000000,0.000000,Source: gse62944,0.937037,0.822247,0.962487
GUF1,0.000000,0.000000,Source: gse62944,0.937037,0.822247,0.962487
ATP8A2,0.000000,0.000000,Source: gse62944,0.937037,0.822247,0.962487
SMARCA2,0.000000,0.000000,Source: gse62944,0.937037,0.822247,0.962487
CYB5A,0.000000,0.000000,Source: gse62944,0.937037,0.822247,0.962487
UBA2,0.000000,0.000000,Source: gse62944,0.937037,0.822247,0.962487
ELOVL2,0.000000,0.000000,Source: gse62944,0.937037,0.822247,0.962487
GNG4,0.000000,0.000000,Source: gse62944,0.937037,0.822247,0.962487
ISG20,0.000000,0.000000,Source: gse62944,0.937037,0.822247,0.962487
BMP2K,0.000000,0.000000,Source: gse62944,0.937037,0.822247,0.962487
WBP4,0.000000,0.000000,Source: gse62944,0.937037,0.822247,0.962487
LY6G6C,0.000000,0.000000,Source: gse62944,0.937037,0.822247,0.962487
ZNF350,0.000000,0.000000,Source: gse62944,0.937037,0.822247,0.962487
MYEF2,0.000000,0.000000,Source: gse62944,0.937037,0.822247,0.962487
SYP,0.000000,0.000000,Source: gse62944,0.937037,0.822247,0.962487
ADAM3A,0.000000,0.000000,Source: gse62944,0.937037,0.822247,0.962487
DNAL4,0.000000,0.000000,Source: gse62944,0.937037,0.822247,0.962487
ZNF544,0.000000,0.000000,Source: gse62944,0.937037,0.822247,0.962487
STAT4,0.000000,0.000000,Source: gse62944,0.937037,0.822247,0.962487
ITCH,0.000000,0.000000,Source: gse62944,0.937037,0.822247,0.962487
NOP14-AS1,0.000000,0.000000,Source: gse62944,0.937037,0.822247,0.962487
GOLGA1,0.000000,0.000000,Source: gse62944,0.937037,0.822247,0.962487
PCDHB6,0.000000,0.000000,Source: gse62944,0.937037,0.822247,0.962487
LSR,0.000000,0.000000,Source: gse62944,0.937037,0.822247,0.962487
MOBP,0.000000,0.000000,Source: gse62944,0.937037,0.822247,0.962487
CA1,0.000000,0.000000,Source: gse62944,0.937037,0.822247,0.962487
PIGP,0.000000,0.000000,Source: gse62944,0.937037,0.822247,0.962487
SLC16A5,0.000000,0.000000,Source: gse62944,0.937037,0.822247,0.962487
PRKACB,0.000000,0.000000,Source: gse62944,0.937037,0.822247,0.962487
SNRPB,0.000000,0.000000,Source: gse62944,0.937037,0.822247,0.962487
KRT13,0.000000,0.000000,Source: gse62944,0.937037,0.822247,0.962487
PFN2,0.000000,0.000000,Source: gse62944,0.937037,0.822247,0.962487
NUP188,0.000000,0.000000,Source: gse62944,0.937037,0.822247,0.962487
PIEZO1,0.000000,0.000000,Source: gse62944,0.937037,0.822247,0.962487
SH3TC2,0.000000,0.000000,Source: gse62944,0.937037,0.822247,0.962487
ABLIM3,0.000000,0.000000,Source: gse62944,0.937037,0.822247,0.962487
YIF1A,0.000000,0.000000,Source: gse62944,0.937037,0.822247,0.962487
TOP2B,0.000000,0.000000,Source: gse62944,0.937037,0.822247,0.962487
FKBPL,0.000000,0.000000,Source: gse62944,0.937037,0.822247,0.962487
BATF,0.000000,0.000000,Source: gse62944,0.937037,0.822247,0.962487
ATF2,0.000000,0.000000,Source: gse62944,0.937037,0.822247,0.962487
CST3,0.000000,0.000000,Source: gse62944,0.937037,0.822247,0.962487
ZDHHC7,0.000000,0.000000,Source: gse62944,0.937037,0.822247,0.962487
DVL1,0.000000,0.000000,Source: gse62944,0.937037,0.822247,0.962487
VIPR1,0.000000,0.000000,Source: gse62944,0.937037,0.822247,0.962487
KLK6,0.000000,0.000000,Source: gse62944,0.937037,0.822247,0.962487
POMT2,0.000000,0.000000,Source: gse62944,0.937037,0.822247,0.962487
HCG26,0.000000,0.000000,Source: gse62944,0.937037,0.822247,0.962487
RNH1,0.000000,0.000000,Source: gse62944,0.937037,0.822247,0.962487
WFS1,0.000000,0.000000,Source: gse62944,0.937037,0.822247,0.962487
NFYB,0.000000,0.000000,Source: gse62944,0.937037,0.822247,0.962487
INSIG2,0.000000,0.000000,Source: gse62944,0.937037,0.822247,0.962487
NSMAF,0.000000,0.000000,Source: gse62944,0.937037,0.822247,0.962487
KRT31,0.000000,0.000000,Source: gse62944,0.937037,0.822247,0.962487
SLC17A1,0.000000,0.000000,Source: gse62944,0.937037,0.822247,0.962487
ZNF334,0.000000,0.000000,Source: gse62944,0.937037,0.822247,0.962487
MINK1,0.000000,0.000000,Source: gse62944,0.937037,0.822247,0.962487
TAP1,0.000000,0.000000,Source: gse62944,0.937037,0.822247,0.962487
SEMA3F,0.000000,0.000000,Source: gse62944,0.937037,0.822247,0.962487
LIPC,0.000000,0.000000,Source: gse62944,0.937037,0.822247,0.962487
TIMP2,0.000000,0.000000,Source: gse62944,0.937037,0.822247,0.962487
OR12D2,0.000000,0.000000,Source: gse62944,0.937037,0.822247,0.962487
RSL24D1,0.000000,0.000000,Source: gse62944,0.937037,0.822247,0.962487
GJA1,0.000000,0.000000,Source: gse62944,0.937037,0.822247,0.962487
TSC22D4,0.000000,0.000000,Source: gse62944,0.937037,0.822247,0.962487
CACNA1D,0.000000,0.000000,Source: gse62944,0.937037,0.822247,0.962487
SAP30L,0.000000,0.000000,Source: gse62944,0.937037,0.822247,0.962487
RAB40B,0.000000,0.000000,Source: gse62944,0.937037,0.822247,0.962487
KRT15,0.000000,0.000000,Source: gse62944,0.937037,0.822247,0.962487
PTCH1,0.000000,0.000000,Source: gse62944,0.937037,0.822247,0.962487
C1orf50,0.000000,0.000000,Source: gse62944,0.937037,0.822247,0.962487
PTPRN,0.000000,0.000000,Source: gse62944,0.937037,0.822247,0.962487
SETD1B,0.000000,0.000000,Source: gse62944,0.937037,0.822247,0.962487
CEACAM21,0.000000,0.000000,Source: gse62944,0.937037,0.822247,0.962487
SERPINI2,0.000000,0.000000,Source: gse62944,0.937037,0.822247,0.962487
STAG3L4,0.000000,0.000000,Source: gse62944,0.937037,0.822247,0.962487
CRYBB2,0.000000,0.000000,Source: gse62944,0.937037,0.822247,0.962487
NT5DC3,0.000000,0.000000,Source: gse62944,0.937037,0.822247,0.962487
TYROBP,0.000000,0.000000,Source: gse62944,0.937037,0.822247,0.962487
PVR,0.000000,0.000000,Source: gse62944,0.937037,0.822247,0.962487
ALG9,0.000000,0.000000,Source: gse62944,0.937037,0.822247,0.962487
RNF141,0.000000,0.000000,Source: gse62944,0.937037,0.822247,0.962487
RAC3,0.000000,0.000000,Source: gse62944,0.937037,0.822247,0.962487
ERGIC3,0.000000,0.000000,Source: gse62944,0.937037,0.822247,0.962487
MAGED2,0.000000,0.000000,Source: gse62944,0.937037,0.822247,0.962487
SFRP1,0.000000,0.000000,Source: gse62944,0.937037,0.822247,0.962487
TBCE,0.000000,0.000000,Source: gse62944,0.937037,0.822247,0.962487
CSN3,0.000000,0.000000,Source: gse62944,0.937037,0.822247,0.962487
ENTPD3,0.000000,0.000000,Source: gse62944,0.937037,0.822247,0.962487
PPP6R1,0.000000,0.000000,Source: gse62944,0.937037,0.822247,0.962487
KAT8,0.000000,0.000000,Source: gse62944,0.937037,0.822247,0.962487
FLVCR2,0.000000,0.000000,Source: gse62944,0.937037,0.822247,0.962487
CABP2,0.000000,0.000000,Source: gse62944,0.937037,0.822247,0.962487
NPHS1,0.000000,0.000000,Source: gse62944,0.937037,0.822247,0.962487
UPF3B,0.000000,0.000000,Source: gse62944,0.937037,0.822247,0.962487
KLHL12,0.000000,0.000000,Source: gse62944,0.937037,0.822247,0.962487
RNASEH2A,0.000000,0.000000,Source: gse62944,0.937037,0.822247,0.962487
FOXN3,0.000000,0.000000,Source: gse62944,0.937037,0.822247,0.962487
PMP22,0.000000,0.000000,Source: gse62944,0.937037,0.822247,0.962487
MYOF,0.000000,0.000000,Source: gse62944,0.937037,0.822247,0.962487
SCAMP1,0.000000,0.000000,Source: gse62944,0.937037,0.822247,0.962487
TNFRSF17,0.000000,0.000000,Source: gse62944,0.937037,0.822247,0.962487
HSPA1A,0.000000,0.000000,Source: gse62944,0.937037,0.822247,0.962487
CDK16,0.000000,0.000000,Source: gse62944,0.937037,0.822247,0.962487
PRKAR1B,0.000000,0.000000,Source: gse62944,0.937037,0.822247,0.962487
ARPC5L,0.000000,0.000000,Source: gse62944,0.937037,0.822247,0.962487
ARSJ,0.000000,0.000000,Source: gse62944,0.937037,0.822247,0.962487
KLF5,0.000000,0.000000,Source: gse62944,0.937037,0.822247,0.962487
CDK5R1,0.000000,0.000000,Source: gse62944,0.937037,0.822247,0.962487
PTPRD,0.000000,0.000000,Source: gse62944,0.937037,0.822247,0.962487
HNF1A,0.000000,0.000000,Source: gse62944,0.937037,0.822247,0.962487
POLR1B,0.000000,0.000000,Source: gse62944,0.937037,0.822247,0.962487
HNRNPH3,0.000000,0.000000,Source: gse62944,0.937037,0.822247,0.962487
CDHR2,0.000000,0.000000,Source: gse62944,0.937037,0.822247,0.962487
DGCR11,0.000000,0.000000,Source: gse62944,0.937037,0.822247,0.962487
NETO2,0.000000,0.000000,Source: gse62944,0.937037,0.822247,0.962487
SLC2A3,0.000000,0.000000,Source: gse62944,0.937037,0.822247,0.962487
USP2,0.000000,0.000000,Source: gse62944,0.937037,0.822247,0.962487
EIF4A3,0.000000,0.000000,Source: gse62944,0.937037,0.822247,0.962487
RPRD2,0.000000,0.000000,Source: gse62944,0.937037,0.822247,0.962487
PSMG2,0.000000,0.000000,Source: gse62944,0.937037,0.822247,0.962487
ADAM29,0.000000,0.000000,Source: gse62944,0.937037,0.822247,0.962487
LILRP2,0.000000,0.000000,Source: gse62944,0.937037,0.822247,0.962487
XPC,0.000000,0.000000,Source: gse62944,0.937037,0.822247,0.962487
RUFY1,0.000000,0.000000,Source: gse62944,0.937037,0.822247,0.962487
TMEM11,0.000000,0.000000,Source: gse62944,0.937037,0.822247,0.962487
ATXN10,0.000000,0.000000,Source: gse62944,0.937037,0.822247,0.962487
CRHBP,0.000000,0.000000,Source: gse62944,0.937037,0.822247,0.962487
ARMC1,0.000000,0.000000,Source: gse62944,0.937037,0.822247,0.962487
HNRNPH1,0.000000,0.000000,Source: gse62944,0.937037,0.822247,0.962487
GPD1L,0.000000,0.000000,Source: gse62944,0.937037,0.822247,0.962487
MCCC2,0.000000,0.000000,Source: gse62944,0.937037,0.822247,0.962487
DUSP8,0.000000,0.000000,Source: gse62944,0.937037,0.822247,0.962487
NAP1L2,0.000000,0.000000,Source: gse62944,0.937037,0.822247,0.962487
SULT2B1,0.000000,0.000000,Source: gse62944,0.937037,0.822247,0.962487
KLC2,0.000000,0.000000,Source: gse62944,0.937037,0.822247,0.962487
GIGYF2,0.000000,0.000000,Source: gse62944,0.937037,0.822247,0.962487
PPP2R3A,0.000000,0.000000,Source: gse62944,0.937037,0.822247,0.962487
CDCA4,0.000000,0.000000,Source: gse62944,0.937037,0.822247,0.962487
GLYR1,0.000000,0.000000,Source: gse62944,0.937037,0.822247,0.962487
PPOX,0.000000,0.000000,Source: gse62944,0.937037,0.822247,0.962487
TRIB2,0.000000,0.000000,Source: gse62944,0.937037,0.822247,0.962487
COX4I1,0.000000,0.000000,Source: gse62944,0.937037,0.822247,0.962487
HCLS1,0.000000,0.000000,Source: gse62944,0.937037,0.822247,0.962487
RHOD,0.000000,0.000000,Source: gse62944,0.937037,0.822247,0.962487
AHCYL1,0.000000,0.000000,Source: gse62944,0.937037,0.822247,0.962487
CDX2,0.000000,0.000000,Source: gse62944,0.937037,0.822247,0.962487
GPR137,0.000000,0.000000,Source: gse62944,0.937037,0.822247,0.962487
PLXNA2,0.000000,0.000000,Source: gse62944,0.937037,0.822247,0.962487
ALG12,0.000000,0.000000,Source: gse62944,0.937037,0.822247,0.962487
KPNA3,0.000000,0.000000,Source: gse62944,0.937037,0.822247,0.962487
PLAA,0.000000,0.000000,Source: gse62944,0.937037,0.822247,0.962487
PRTN3,0.000000,0.000000,Source: gse62944,0.937037,0.822247,0.962487
RPS11,0.000000,0.000000,Source: gse62944,0.937037,0.822247,0.962487
EYA2,0.000000,0.000000,Source: gse62944,0.937037,0.822247,0.962487
RPN2,0.000000,0.000000,Source: gse62944,0.937037,0.822247,0.962487
GNRHR,0.000000,0.000000,Source: gse62944,0.937037,0.822247,0.962487
ENTPD1,0.000000,0.000000,Source: gse62944,0.937037,0.822247,0.962487
TCL6,0.000000,0.000000,Source: gse62944,0.937037,0.822247,0.962487
DZIP3,0.000000,0.000000,Source: gse62944,0.937037,0.822247,0.962487
PNISR,0.000000,0.000000,Source: gse62944,0.937037,0.822247,0.962487
CLSTN2,0.000000,0.000000,Source: gse62944,0.937037,0.822247,0.962487
MCAM,0.000000,0.000000,Source: gse62944,0.937037,0.822247,0.962487
TRAF5,0.000000,0.000000,Source: gse62944,0.937037,0.822247,0.962487
RFX3,0.000000,0.000000,Source: gse62944,0.937037,0.822247,0.962487
MED22,0.000000,0.000000,Source: gse62944,0.937037,0.822247,0.962487
ALG3,0.000000,0.000000,Source: gse62944,0.937037,0.822247,0.962487
SIX1,0.000000,0.000000,Source: gse62944,0.937037,0.822247,0.962487
SPINT2,0.000000,0.000000,Source: gse62944,0.937037,0.822247,0.962487
HS2ST1,0.000000,0.000000,Source: gse62944,0.937037,0.822247,0.962487
TNNT1,0.000000,0.000000,Source: gse62944,0.937037,0.822247,0.962487
GSPT1,0.000000,0.000000,Source: gse62944,0.937037,0.822247,0.962487
IGF2R,0.000000,0.000000,Source: gse62944,0.937037,0.822247,0.962487
NRBP1,0.000000,0.000000,Source: gse62944,0.937037,0.822247,0.962487
ZNF84,0.000000,0.000000,Source: gse62944,0.937037,0.822247,0.962487
PPFIA3,0.000000,0.000000,Source: gse62944,0.937037,0.822247,0.962487
NRF1,0.000000,0.000000,Source: gse62944,0.937037,0.822247,0.962487
ATP2B1,0.000000,0.000000,Source: gse62944,0.937037,0.822247,0.962487
MEGF8,0.000000,0.000000,Source: gse62944,0.937037,0.822247,0.962487
ZNF710,0.000000,0.000000,Source: gse62944,0.937037,0.822247,0.962487
REG1A,0.000000,0.000000,Source: gse62944,0.937037,0.822247,0.962487
KLK5,0.000000,0.000000,Source: gse62944,0.937037,0.822247,0.962487
SPATA20,0.000000,0.000000,Source: gse62944,0.937037,0.822247,0.962487
TRO,0.000000,0.000000,Source: gse62944,0.937037,0.822247,0.962487
PDCD6,0.000000,0.000000,Source: gse62944,0.937037,0.822247,0.962487
NHP2,0.000000,0.000000,Source: gse62944,0.937037,0.822247,0.962487
NUDT18,0.000000,0.000000,Source: gse62944,0.937037,0.822247,0.962487
SLC35A5,0.000000,0.000000,Source: gse62944,0.937037,0.822247,0.962487
ATF1,0.000000,0.000000,Source: gse62944,0.937037,0.822247,0.962487
GRIN2B,0.000000,0.000000,Source: gse62944,0.937037,0.822247,0.962487
DUSP9,0.000000,0.000000,Source: gse62944,0.937037,0.822247,0.962487
SNTG1,0.000000,0.000000,Source: gse62944,0.937037,0.822247,0.962487
AZIN1,0.000000,0.000000,Source: gse62944,0.937037,0.822247,0.962487
RIPK4,0.000000,0.000000,Source: gse62944,0.937037,0.822247,0.962487
SMARCD1,0.000000,0.000000,Source: gse62944,0.937037,0.822247,0.962487
ST3GAL2,0.000000,0.000000,Source: gse62944,0.937037,0.822247,0.962487
GRN,0.000000,0.000000,Source: gse62944,0.937037,0.822247,0.962487
PORCN,0.000000,0.000000,Source: gse62944,0.937037,0.822247,0.962487
ADNP2,0.000000,0.000000,Source: gse62944,0.937037,0.822247,0.962487
PKMYT1,0.000000,0.000000,Source: gse62944,0.937037,0.822247,0.962487
CNR1,0.000000,0.000000,Source: gse62944,0.937037,0.822247,0.962487
CRBN,0.000000,0.000000,Source: gse62944,0.937037,0.822247,0.962487
NAT8,0.000000,0.000000,Source: gse62944,0.937037,0.822247,0.962487
CCDC47,0.000000,0.000000,Source: gse62944,0.937037,0.822247,0.962487
NLRP3,0.000000,0.000000,Source: gse62944,0.937037,0.822247,0.962487
CHL1,0.000000,0.000000,Source: gse62944,0.937037,0.822247,0.962487
KLF7,0.000000,0.000000,Source: gse62944,0.937037,0.822247,0.962487
CASQ1,0.000000,0.000000,Source: gse62944,0.937037,0.822247,0.962487
LAMTOR3,0.000000,0.000000,Source: gse62944,0.937037,0.822247,0.962487
LSP1,0.000000,0.000000,Source: gse62944,0.937037,0.822247,0.962487
DMPK,0.000000,0.000000,Source: gse62944,0.937037,0.822247,0.962487
GSTA4,0.000000,0.000000,Source: gse62944,0.937037,0.822247,0.962487
PMP2,0.000000,0.000000,Source: gse62944,0.937037,0.822247,0.962487
CHIC2,0.000000,0.000000,Source: gse62944,0.937037,0.822247,0.962487
UBE2K,0.000000,0.000000,Source: gse62944,0.937037,0.822247,0.962487
SLC36A1,0.000000,0.000000,Source: gse62944,0.937037,0.822247,0.962487
TSG101,0.000000,0.000000,Source: gse62944,0.937037,0.822247,0.962487
ADAMTS1,0.000000,0.000000,Source: gse62944,0.937037,0.822247,0.962487
PCDH11Y,0.000000,0.000000,Source: gse62944,0.937037,0.822247,0.962487
CYB5R1,0.000000,0.000000,Source: gse62944,0.937037,0.822247,0.962487
GLS,0.000000,0.000000,Source: gse62944,0.937037,0.822247,0.962487
CELSR3,0.000000,0.000000,Source: gse62944,0.937037,0.822247,0.962487
NR1I2,0.000000,0.000000,Source: gse62944,0.937037,0.822247,0.962487
NPLOC4,0.000000,0.000000,Source: gse62944,0.937037,0.822247,0.962487
ZNF696,0.000000,0.000000,Source: gse62944,0.937037,0.822247,0.962487
NPR1,0.000000,0.000000,Source: gse62944,0.937037,0.822247,0.962487
PSMC3,0.000000,0.000000,Source: gse62944,0.937037,0.822247,0.962487
AK5,0.000000,0.000000,Source: gse62944,0.937037,0.822247,0.962487
ZNF41,0.000000,0.000000,Source: gse62944,0.937037,0.822247,0.962487
TEFM,0.000000,0.000000,Source: gse62944,0.937037,0.822247,0.962487
RIC3,0.000000,0.000000,Source: gse62944,0.937037,0.822247,0.962487
SMCP,0.000000,0.000000,Source: gse62944,0.937037,0.822247,0.962487
PITRM1,0.000000,0.000000,Source: gse62944,0.937037,0.822247,0.962487
GALC,0.000000,0.000000,Source: gse62944,0.937037,0.822247,0.962487
RUSC1,0.000000,0.000000,Source: gse62944,0.937037,0.822247,0.962487
SOX9,0.000000,0.000000,Source: gse62944,0.937037,0.822247,0.962487
GTF2H1,0.000000,0.000000,Source: gse62944,0.937037,0.822247,0.962487
RPAP1,0.000000,0.000000,Source: gse62944,0.937037,0.822247,0.962487
RAB2A,0.000000,0.000000,Source: gse62944,0.937037,0.822247,0.962487
RAPGEF1,0.000000,0.000000,Source: gse62944,0.937037,0.822247,0.962487
SAP130,0.000000,0.000000,Source: gse62944,0.937037,0.822247,0.962487
ZW10,0.000000,0.000000,Source: gse62944,0.937037,0.822247,0.962487
DTX2P1-UPK3BP1-PMS2P11,0.000000,0.000000,Source: gse62944,0.937037,0.822247,0.962487
METTL18,0.000000,0.000000,Source: gse62944,0.937037,0.822247,0.962487
CXXC4,0.000000,0.000000,Source: gse62944,0.937037,0.822247,0.962487
SAC3D1,0.000000,0.000000,Source: gse62944,0.937037,0.822247,0.962487
PES1,0.000000,0.000000,Source: gse62944,0.937037,0.822247,0.962487
ARSA,0.000000,0.000000,Source: gse62944,0.937037,0.822247,0.962487
KIR3DX1,0.000000,0.000000,Source: gse62944,0.937037,0.822247,0.962487
TBC1D1,0.000000,0.000000,Source: gse62944,0.937037,0.822247,0.962487
WFDC1,0.000000,0.000000,Source: gse62944,0.937037,0.822247,0.962487
GP2,0.000000,0.000000,Source: gse62944,0.937037,0.822247,0.962487
PTK2,0.000000,0.000000,Source: gse62944,0.937037,0.822247,0.962487
ZMAT4,0.000000,0.000000,Source: gse62944,0.937037,0.822247,0.962487
GATM,0.000000,0.000000,Source: gse62944,0.937037,0.822247,0.962487
IER2,0.000000,0.000000,Source: gse62944,0.937037,0.822247,0.962487
COL18A1,0.000000,0.000000,Source: gse62944,0.937037,0.822247,0.962487
ABCC9,0.000000,0.000000,Source: gse62944,0.937037,0.822247,0.962487
CTNNA1,0.000000,0.000000,Source: gse62944,0.937037,0.822247,0.962487
FOXO4,0.000000,0.000000,Source: gse62944,0.937037,0.822247,0.962487
PFDN4,0.000000,0.000000,Source: gse62944,0.937037,0.822247,0.962487
GNG11,0.000000,0.000000,Source: gse62944,0.937037,0.822247,0.962487
CRABP2,0.000000,0.000000,Source: gse62944,0.937037,0.822247,0.962487
POU6F2,0.000000,0.000000,Source: gse62944,0.937037,0.822247,0.962487
SPINK5,0.000000,0.000000,Source: gse62944,0.937037,0.822247,0.962487
S100A3,0.000000,0.000000,Source: gse62944,0.937037,0.822247,0.962487
ZNF589,0.000000,0.000000,Source: gse62944,0.937037,0.822247,0.962487
RUNX2,0.000000,0.000000,Source: gse62944,0.937037,0.822247,0.962487
SHC1,0.000000,0.000000,Source: gse62944,0.937037,0.822247,0.962487
MSL3,0.000000,0.000000,Source: gse62944,0.937037,0.822247,0.962487
GP9,0.000000,0.000000,Source: gse62944,0.937037,0.822247,0.962487
TMEM183A,0.000000,0.000000,Source: gse62944,0.937037,0.822247,0.962487
TRPC1,0.000000,0.000000,Source: gse62944,0.937037,0.822247,0.962487
HSD3B2,0.000000,0.000000,Source: gse62944,0.937037,0.822247,0.962487
PCSK6,0.000000,0.000000,Source: gse62944,0.937037,0.822247,0.962487
PGAP2,0.000000,0.000000,Source: gse62944,0.937037,0.822247,0.962487
ARPP19,0.000000,0.000000,Source: gse62944,0.937037,0.822247,0.962487
SIRT3,0.000000,0.000000,Source: gse62944,0.937037,0.822247,0.962487
C6orf15,0.000000,0.000000,Source: gse62944,0.937037,0.822247,0.962487
AP1S1,0.000000,0.000000,Source: gse62944,0.937037,0.822247,0.962487
TOX4,0.000000,0.000000,Source: gse62944,0.937037,0.822247,0.962487
CD70,0.000000,0.000000,Source: gse62944,0.937037,0.822247,0.962487
NOL9,0.000000,0.000000,Source: gse62944,0.937037,0.822247,0.962487
FRY,0.000000,0.000000,Source: gse62944,0.937037,0.822247,0.962487
UIMC1,0.000000,0.000000,Source: gse62944,0.937037,0.822247,0.962487
RSRC1,0.000000,0.000000,Source: gse62944,0.937037,0.822247,0.962487
UCHL1,0.000000,0.000000,Source: gse62944,0.937037,0.822247,0.962487
SOCS2,0.000000,0.000000,Source: gse62944,0.937037,0.822247,0.962487
CD8B,0.000000,0.000000,Source: gse62944,0.937037,0.822247,0.962487
EIF3G,0.000000,0.000000,Source: gse62944,0.937037,0.822247,0.962487
CHPT1,0.000000,0.000000,Source: gse62944,0.937037,0.822247,0.962487
RRN3,0.000000,0.000000,Source: gse62944,0.937037,0.822247,0.962487
FOXH1,0.000000,0.000000,Source: gse62944,0.937037,0.822247,0.962487
CUTC,0.000000,0.000000,Source: gse62944,0.937037,0.822247,0.962487
LRRC41,0.000000,0.000000,Source: gse62944,0.937037,0.822247,0.962487
FNDC3B,0.000000,0.000000,Source: gse62944,0.937037,0.822247,0.962487
FTSJ1,0.000000,0.000000,Source: gse62944,0.937037,0.822247,0.962487
OPRD1,0.000000,0.000000,Source: gse62944,0.937037,0.822247,0.962487
PRMT7,0.000000,0.000000,Source: gse62944,0.937037,0.822247,0.962487
RBMY2FP,0.000000,0.000000,Source: gse62944,0.937037,0.822247,0.962487
RFX5,0.000000,0.000000,Source: gse62944,0.937037,0.822247,0.962487
IRF3,0.000000,0.000000,Source: gse62944,0.937037,0.822247,0.962487
CYLD,0.000000,0.000000,Source: gse62944,0.937037,0.822247,0.962487
WNT7A,0.000000,0.000000,Source: gse62944,0.937037,0.822247,0.962487
IGF1,0.000000,0.000000,Source: gse62944,0.937037,0.822247,0.962487
PHGDH,0.000000,0.000000,Source: gse62944,0.937037,0.822247,0.962487
TNK1,0.000000,0.000000,Source: gse62944,0.937037,0.822247,0.962487
DAB2,0.000000,0.000000,Source: gse62944,0.937037,0.822247,0.962487
GPRC5D,0.000000,0.000000,Source: gse62944,0.937037,0.822247,0.962487
MAS1,0.000000,0.000000,Source: gse62944,0.937037,0.822247,0.962487
USO1,0.000000,0.000000,Source: gse62944,0.937037,0.822247,0.962487
CSPP1,0.000000,0.000000,Source: gse62944,0.937037,0.822247,0.962487
DLST,0.000000,0.000000,Source: gse62944,0.937037,0.822247,0.962487
MOCS3,0.000000,0.000000,Source: gse62944,0.937037,0.822247,0.962487
RRBP1,0.000000,0.000000,Source: gse62944,0.937037,0.822247,0.962487
CDKN1A,0.000000,0.000000,Source: gse62944,0.937037,0.822247,0.962487
WTAP,0.000000,0.000000,Source: gse62944,0.937037,0.822247,0.962487
FBLN2,0.000000,0.000000,Source: gse62944,0.937037,0.822247,0.962487
ST3GAL6,0.000000,0.000000,Source: gse62944,0.937037,0.822247,0.962487
ARL2BP,0.000000,0.000000,Source: gse62944,0.937037,0.822247,0.962487
UCP3,0.000000,0.000000,Source: gse62944,0.937037,0.822247,0.962487
TRPM1,0.000000,0.000000,Source: gse62944,0.937037,0.822247,0.962487
MED25,0.000000,0.000000,Source: gse62944,0.937037,0.822247,0.962487
PDK3,0.000000,0.000000,Source: gse62944,0.937037,0.822247,0.962487
CD180,0.000000,0.000000,Source: gse62944,0.937037,0.822247,0.962487
ANKZF1,0.000000,0.000000,Source: gse62944,0.937037,0.822247,0.962487
CTSZ,0.000000,0.000000,Source: gse62944,0.937037,0.822247,0.962487
UQCRB,0.000000,0.000000,Source: gse62944,0.937037,0.822247,0.962487
NCBP1,0.000000,0.000000,Source: gse62944,0.937037,0.822247,0.962487
TRIM48,0.000000,0.000000,Source: gse62944,0.937037,0.822247,0.962487
MYO5A,0.000000,0.000000,Source: gse62944,0.937037,0.822247,0.962487
ORC6,0.000000,0.000000,Source: gse62944,0.937037,0.822247,0.962487
ZCCHC10,0.000000,0.000000,Source: gse62944,0.937037,0.822247,0.962487
ADD3,0.000000,0.000000,Source: gse62944,0.937037,0.822247,0.962487
TMCC2,0.000000,0.000000,Source: gse62944,0.937037,0.822247,0.962487
TRPC7,0.000000,0.000000,Source: gse62944,0.937037,0.822247,0.962487
SLC25A17,0.000000,0.000000,Source: gse62944,0.937037,0.822247,0.962487
BCORL1,0.000000,0.000000,Source: gse62944,0.937037,0.822247,0.962487
GADD45GIP1,0.000000,0.000000,Source: gse62944,0.937037,0.822247,0.962487
FGFR1,0.000000,0.000000,Source: gse62944,0.937037,0.822247,0.962487
TSKU,0.000000,0.000000,Source: gse62944,0.937037,0.822247,0.962487
ARPP21,0.000000,0.000000,Source: gse62944,0.937037,0.822247,0.962487
TCF12,0.000000,0.000000,Source: gse62944,0.937037,0.822247,0.962487
PRDM13,0.000000,0.000000,Source: gse62944,0.937037,0.822247,0.962487
KCNAB3,0.000000,0.000000,Source: gse62944,0.937037,0.822247,0.962487
MTDH,0.000000,0.000000,Source: gse62944,0.937037,0.822247,0.962487
EVL,0.000000,0.000000,Source: gse62944,0.937037,0.822247,0.962487
MIR22HG,0.000000,0.000000,Source: gse62944,0.937037,0.822247,0.962487
NSDHL,0.000000,0.000000,Source: gse62944,0.937037,0.822247,0.962487
SYNJ1,0.000000,0.000000,Source: gse62944,0.937037,0.822247,0.962487
COX7A2L,0.000000,0.000000,Source: gse62944,0.937037,0.822247,0.962487
ADH1A,0.000000,0.000000,Source: gse62944,0.937037,0.822247,0.962487
SIX6,0.000000,0.000000,Source: gse62944,0.937037,0.822247,0.962487
MAPKAP1,0.000000,0.000000,Source: gse62944,0.937037,0.822247,0.962487
CREB3L1,0.000000,0.000000,Source: gse62944,0.937037,0.822247,0.962487
BST2,0.000000,0.000000,Source: gse62944,0.937037,0.822247,0.962487
RNF40,0.000000,0.000000,Source: gse62944,0.937037,0.822247,0.962487
CD207,0.000000,0.000000,Source: gse62944,0.937037,0.822247,0.962487
