feature,perm_importance_mean,perm_importance_std,model_name,model_accuracy,model_mcc,model_auc
ESR1,0.849049,0.085502,Source: gse20194,0.913043,0.817460,0.926808
SLC13A4,0.000000,0.000000,Source: gse20194,0.913043,0.817460,0.926808
FASN,0.000000,0.000000,Source: gse20194,0.913043,0.817460,0.926808
TTBK2,0.000000,0.000000,Source: gse20194,0.913043,0.817460,0.926808
MTR,0.000000,0.000000,Source: gse20194,0.913043,0.817460,0.926808
ABCD3,0.000000,0.000000,Source: gse20194,0.913043,0.817460,0.926808
MACF1,0.000000,0.000000,Source: gse20194,0.913043,0.817460,0.926808
CDC5L,0.000000,0.000000,Source: gse20194,0.913043,0.817460,0.926808
RGS11,0.000000,0.000000,Source: gse20194,0.913043,0.817460,0.926808
KRT3,0.000000,0.000000,Source: gse20194,0.913043,0.817460,0.926808
HSD3B1,0.000000,0.000000,Source: gse20194,0.913043,0.817460,0.926808
GJA4,0.000000,0.000000,Source: gse20194,0.913043,0.817460,0.926808
RGS20,0.000000,0.000000,Source: gse20194,0.913043,0.817460,0.926808
ENPP2,0.000000,0.000000,Source: gse20194,0.913043,0.817460,0.926808
GP1BA,0.000000,0.000000,Source: gse20194,0.913043,0.817460,0.926808
PA2G4,0.000000,0.000000,Source: gse20194,0.913043,0.817460,0.926808
TRABD,0.000000,0.000000,Source: gse20194,0.913043,0.817460,0.926808
TRIOBP,0.000000,0.000000,Source: gse20194,0.913043,0.817460,0.926808
SGSH,0.000000,0.000000,Source: gse20194,0.913043,0.817460,0.926808
TMEM158,0.000000,0.000000,Source: gse20194,0.913043,0.817460,0.926808
CYP4A22,0.000000,0.000000,Source: gse20194,0.913043,0.817460,0.926808
CRMP1,0.000000,0.000000,Source: gse20194,0.913043,0.817460,0.926808
COLQ,0.000000,0.000000,Source: gse20194,0.913043,0.817460,0.926808
JAK3,0.000000,0.000000,Source: gse20194,0.913043,0.817460,0.926808
CPEB1,0.000000,0.000000,Source: gse20194,0.913043,0.817460,0.926808
DIAPH2,0.000000,0.000000,Source: gse20194,0.913043,0.817460,0.926808
PPP1R15A,0.000000,0.000000,Source: gse20194,0.913043,0.817460,0.926808
CPS1,0.000000,0.000000,Source: gse20194,0.913043,0.817460,0.926808
ARHGEF3,0.000000,0.000000,Source: gse20194,0.913043,0.817460,0.926808
CABIN1,0.000000,0.000000,Source: gse20194,0.913043,0.817460,0.926808
PLVAP,0.000000,0.000000,Source: gse20194,0.913043,0.817460,0.926808
ZMYND11,0.000000,0.000000,Source: gse20194,0.913043,0.817460,0.926808
LRRC1,0.000000,0.000000,Source: gse20194,0.913043,0.817460,0.926808
NR3C1,0.000000,0.000000,Source: gse20194,0.913043,0.817460,0.926808
SLC11A2,0.000000,0.000000,Source: gse20194,0.913043,0.817460,0.926808
TUBA3C,0.000000,0.000000,Source: gse20194,0.913043,0.817460,0.926808
MAU2,0.000000,0.000000,Source: gse20194,0.913043,0.817460,0.926808
RTN4,0.000000,0.000000,Source: gse20194,0.913043,0.817460,0.926808
ROCK1,0.000000,0.000000,Source: gse20194,0.913043,0.817460,0.926808
LEMD3,0.000000,0.000000,Source: gse20194,0.913043,0.817460,0.926808
DRD5,0.000000,0.000000,Source: gse20194,0.913043,0.817460,0.926808
CD2AP,0.000000,0.000000,Source: gse20194,0.913043,0.817460,0.926808
VWA5A,0.000000,0.000000,Source: gse20194,0.913043,0.817460,0.926808
C11orf71,0.000000,0.000000,Source: gse20194,0.913043,0.817460,0.926808
HOXA3,0.000000,0.000000,Source: gse20194,0.913043,0.817460,0.926808
SRSF9,0.000000,0.000000,Source: gse20194,0.913043,0.817460,0.926808
DUSP11,0.000000,0.000000,Source: gse20194,0.913043,0.817460,0.926808
GUCY2C,0.000000,0.000000,Source: gse20194,0.913043,0.817460,0.926808
DEAF1,0.000000,0.000000,Source: gse20194,0.913043,0.817460,0.926808
PRKCSH,0.000000,0.000000,Source: gse20194,0.913043,0.817460,0.926808
ZNF236,0.000000,0.000000,Source: gse20194,0.913043,0.817460,0.926808
ORC3,0.000000,0.000000,Source: gse20194,0.913043,0.817460,0.926808
IFIT5,0.000000,0.000000,Source: gse20194,0.913043,0.817460,0.926808
CIITA,0.000000,0.000000,Source: gse20194,0.913043,0.817460,0.926808
HMMR,0.000000,0.000000,Source: gse20194,0.913043,0.817460,0.926808
ZFY,0.000000,0.000000,Source: gse20194,0.913043,0.817460,0.926808
ADAMTS3,0.000000,0.000000,Source: gse20194,0.913043,0.817460,0.926808
STRA6,0.000000,0.000000,Source: gse20194,0.913043,0.817460,0.926808
MEFV,0.000000,0.000000,Source: gse20194,0.913043,0.817460,0.926808
KLHL24,0.000000,0.000000,Source: gse20194,0.913043,0.817460,0.926808
SLA,0.000000,0.000000,Source: gse20194,0.913043,0.817460,0.926808
DLX5,0.000000,0.000000,Source: gse20194,0.913043,0.817460,0.926808
ARIH2,0.000000,0.000000,Source: gse20194,0.913043,0.817460,0.926808
STARD7,0.000000,0.000000,Source: gse20194,0.913043,0.817460,0.926808
PDGFB,0.000000,0.000000,Source: gse20194,0.913043,0.817460,0.926808
FBXW7,0.000000,0.000000,Source: gse20194,0.913043,0.817460,0.926808
SCN3A,0.000000,0.000000,Source: gse20194,0.913043,0.817460,0.926808
KCNJ13,0.000000,0.000000,Source: gse20194,0.913043,0.817460,0.926808
SEMA7A,0.000000,0.000000,Source: gse20194,0.913043,0.817460,0.926808
BOP1,0.000000,0.000000,Source: gse20194,0.913043,0.817460,0.926808
HECW1,0.000000,0.000000,Source: gse20194,0.913043,0.817460,0.926808
KIAA0087,0.000000,0.000000,Source: gse20194,0.913043,0.817460,0.926808
NUDCD3,0.000000,0.000000,Source: gse20194,0.913043,0.817460,0.926808
PAQR5,0.000000,0.000000,Source: gse20194,0.913043,0.817460,0.926808
BEX1,0.000000,0.000000,Source: gse20194,0.913043,0.817460,0.926808
SH3GLB1,0.000000,0.000000,Source: gse20194,0.913043,0.817460,0.926808
TARP,0.000000,0.000000,Source: gse20194,0.913043,0.817460,0.926808
RANBP3,0.000000,0.000000,Source: gse20194,0.913043,0.817460,0.926808
LAT,0.000000,0.000000,Source: gse20194,0.913043,0.817460,0.926808
UAP1,0.000000,0.000000,Source: gse20194,0.913043,0.817460,0.926808
CYP2J2,0.000000,0.000000,Source: gse20194,0.913043,0.817460,0.926808
AFF3,0.000000,0.000000,Source: gse20194,0.913043,0.817460,0.926808
BARD1,0.000000,0.000000,Source: gse20194,0.913043,0.817460,0.926808
FMO4,0.000000,0.000000,Source: gse20194,0.913043,0.817460,0.926808
WDR74,0.000000,0.000000,Source: gse20194,0.913043,0.817460,0.926808
PLA2G15,0.000000,0.000000,Source: gse20194,0.913043,0.817460,0.926808
NOP56,0.000000,0.000000,Source: gse20194,0.913043,0.817460,0.926808
CLEC4E,0.000000,0.000000,Source: gse20194,0.913043,0.817460,0.926808
ZSCAN16,0.000000,0.000000,Source: gse20194,0.913043,0.817460,0.926808
KIFC3,0.000000,0.000000,Source: gse20194,0.913043,0.817460,0.926808
FOXD2,0.000000,0.000000,Source: gse20194,0.913043,0.817460,0.926808
EAPP,0.000000,0.000000,Source: gse20194,0.913043,0.817460,0.926808
CPEB3,0.000000,0.000000,Source: gse20194,0.913043,0.817460,0.926808
RRM1,0.000000,0.000000,Source: gse20194,0.913043,0.817460,0.926808
ARHGAP22,0.000000,0.000000,Source: gse20194,0.913043,0.817460,0.926808
TSPYL1,0.000000,0.000000,Source: gse20194,0.913043,0.817460,0.926808
TCERG1,0.000000,0.000000,Source: gse20194,0.913043,0.817460,0.926808
ALOX5,0.000000,0.000000,Source: gse20194,0.913043,0.817460,0.926808
IQCB1,0.000000,0.000000,Source: gse20194,0.913043,0.817460,0.926808
LNPEP,0.000000,0.000000,Source: gse20194,0.913043,0.817460,0.926808
HTR7P1,0.000000,0.000000,Source: gse20194,0.913043,0.817460,0.926808
PTGIR,0.000000,0.000000,Source: gse20194,0.913043,0.817460,0.926808
TMEM184B,0.000000,0.000000,Source: gse20194,0.913043,0.817460,0.926808
MT4,0.000000,0.000000,Source: gse20194,0.913043,0.817460,0.926808
EIF2AK2,0.000000,0.000000,Source: gse20194,0.913043,0.817460,0.926808
BLVRB,0.000000,0.000000,Source: gse20194,0.913043,0.817460,0.926808
OXSR1,0.000000,0.000000,Source: gse20194,0.913043,0.817460,0.926808
ZNF304,0.000000,0.000000,Source: gse20194,0.913043,0.817460,0.926808
EIF2S1,0.000000,0.000000,Source: gse20194,0.913043,0.817460,0.926808
HNRNPA1,0.000000,0.000000,Source: gse20194,0.913043,0.817460,0.926808
DPP6,0.000000,0.000000,Source: gse20194,0.913043,0.817460,0.926808
SBF1,0.000000,0.000000,Source: gse20194,0.913043,0.817460,0.926808
IL1R2,0.000000,0.000000,Source: gse20194,0.913043,0.817460,0.926808
MRPS7,0.000000,0.000000,Source: gse20194,0.913043,0.817460,0.926808
CACNA1G,0.000000,0.000000,Source: gse20194,0.913043,0.817460,0.926808
CBFA2T2,0.000000,0.000000,Source: gse20194,0.913043,0.817460,0.926808
L1TD1,0.000000,0.000000,Source: gse20194,0.913043,0.817460,0.926808
CDK10,0.000000,0.000000,Source: gse20194,0.913043,0.817460,0.926808
ASMT,0.000000,0.000000,Source: gse20194,0.913043,0.817460,0.926808
CHD9,0.000000,0.000000,Source: gse20194,0.913043,0.817460,0.926808
ING4,0.000000,0.000000,Source: gse20194,0.913043,0.817460,0.926808
COQ4,0.000000,0.000000,Source: gse20194,0.913043,0.817460,0.926808
PITX3,0.000000,0.000000,Source: gse20194,0.913043,0.817460,0.926808
PMM2,0.000000,0.000000,Source: gse20194,0.913043,0.817460,0.926808
ACAA1,0.000000,0.000000,Source: gse20194,0.913043,0.817460,0.926808
TCF21,0.000000,0.000000,Source: gse20194,0.913043,0.817460,0.926808
PRCP,0.000000,0.000000,Source: gse20194,0.913043,0.817460,0.926808
ROR1,0.000000,0.000000,Source: gse20194,0.913043,0.817460,0.926808
PDGFA,0.000000,0.000000,Source: gse20194,0.913043,0.817460,0.926808
ABCD2,0.000000,0.000000,Source: gse20194,0.913043,0.817460,0.926808
MPV17,0.000000,0.000000,Source: gse20194,0.913043,0.817460,0.926808
NFKBIB,0.000000,0.000000,Source: gse20194,0.913043,0.817460,0.926808
RAB3A,0.000000,0.000000,Source: gse20194,0.913043,0.817460,0.926808
FGF22,0.000000,0.000000,Source: gse20194,0.913043,0.817460,0.926808
RHCG,0.000000,0.000000,Source: gse20194,0.913043,0.817460,0.926808
C21orf91,0.000000,0.000000,Source: gse20194,0.913043,0.817460,0.926808
ZBTB1,0.000000,0.000000,Source: gse20194,0.913043,0.817460,0.926808
PDP1,0.000000,0.000000,Source: gse20194,0.913043,0.817460,0.926808
DCLRE1A,0.000000,0.000000,Source: gse20194,0.913043,0.817460,0.926808
SRD5A3,0.000000,0.000000,Source: gse20194,0.913043,0.817460,0.926808
LXN,0.000000,0.000000,Source: gse20194,0.913043,0.817460,0.926808
CAPZA2,0.000000,0.000000,Source: gse20194,0.913043,0.817460,0.926808
MYCN,0.000000,0.000000,Source: gse20194,0.913043,0.817460,0.926808
SF3B1,0.000000,0.000000,Source: gse20194,0.913043,0.817460,0.926808
STK38,0.000000,0.000000,Source: gse20194,0.913043,0.817460,0.926808
TBL1XR1,0.000000,0.000000,Source: gse20194,0.913043,0.817460,0.926808
BASP1,0.000000,0.000000,Source: gse20194,0.913043,0.817460,0.926808
FOXI1,0.000000,0.000000,Source: gse20194,0.913043,0.817460,0.926808
TBRG4,0.000000,0.000000,Source: gse20194,0.913043,0.817460,0.926808
SIPA1L1,0.000000,0.000000,Source: gse20194,0.913043,0.817460,0.926808
DNASE1,0.000000,0.000000,Source: gse20194,0.913043,0.817460,0.926808
ZMPSTE24,0.000000,0.000000,Source: gse20194,0.913043,0.817460,0.926808
SMOX,0.000000,0.000000,Source: gse20194,0.913043,0.817460,0.926808
ATP1A3,0.000000,0.000000,Source: gse20194,0.913043,0.817460,0.926808
TULP2,0.000000,0.000000,Source: gse20194,0.913043,0.817460,0.926808
ARL4C,0.000000,0.000000,Source: gse20194,0.913043,0.817460,0.926808
HSPB6,0.000000,0.000000,Source: gse20194,0.913043,0.817460,0.926808
ADRA2A,0.000000,0.000000,Source: gse20194,0.913043,0.817460,0.926808
RHBDF2,0.000000,0.000000,Source: gse20194,0.913043,0.817460,0.926808
KCTD15,0.000000,0.000000,Source: gse20194,0.913043,0.817460,0.926808
RPGRIP1,0.000000,0.000000,Source: gse20194,0.913043,0.817460,0.926808
SDC4,0.000000,0.000000,Source: gse20194,0.913043,0.817460,0.926808
FAM20B,0.000000,0.000000,Source: gse20194,0.913043,0.817460,0.926808
TMX4,0.000000,0.000000,Source: gse20194,0.913043,0.817460,0.926808
HOXB5,0.000000,0.000000,Source: gse20194,0.913043,0.817460,0.926808
SCP2,0.000000,0.000000,Source: gse20194,0.913043,0.817460,0.926808
PLA2G2F,0.000000,0.000000,Source: gse20194,0.913043,0.817460,0.926808
CAMK2B,0.000000,0.000000,Source: gse20194,0.913043,0.817460,0.926808
PRB4,0.000000,0.000000,Source: gse20194,0.913043,0.817460,0.926808
CD160,0.000000,0.000000,Source: gse20194,0.913043,0.817460,0.926808
PIGK,0.000000,0.000000,Source: gse20194,0.913043,0.817460,0.926808
SAMM50,0.000000,0.000000,Source: gse20194,0.913043,0.817460,0.926808
CSNK1G2,0.000000,0.000000,Source: gse20194,0.913043,0.817460,0.926808
FGF3,0.000000,0.000000,Source: gse20194,0.913043,0.817460,0.926808
PDE6G,0.000000,0.000000,Source: gse20194,0.913043,0.817460,0.926808
MTMR9,0.000000,0.000000,Source: gse20194,0.913043,0.817460,0.926808
GTF3C5,0.000000,0.000000,Source: gse20194,0.913043,0.817460,0.926808
RBM5,0.000000,0.000000,Source: gse20194,0.913043,0.817460,0.926808
CITED2,0.000000,0.000000,Source: gse20194,0.913043,0.817460,0.926808
COL9A2,0.000000,0.000000,Source: gse20194,0.913043,0.817460,0.926808
WWTR1,0.000000,0.000000,Source: gse20194,0.913043,0.817460,0.926808
SMARCAL1,0.000000,0.000000,Source: gse20194,0.913043,0.817460,0.926808
RHOBTB2,0.000000,0.000000,Source: gse20194,0.913043,0.817460,0.926808
ZNF467,0.000000,0.000000,Source: gse20194,0.913043,0.817460,0.926808
TWF2,0.000000,0.000000,Source: gse20194,0.913043,0.817460,0.926808
SIRT1,0.000000,0.000000,Source: gse20194,0.913043,0.817460,0.926808
CACNA1H,0.000000,0.000000,Source: gse20194,0.913043,0.817460,0.926808
CYP2B6,0.000000,0.000000,Source: gse20194,0.913043,0.817460,0.926808
ASPSCR1,0.000000,0.000000,Source: gse20194,0.913043,0.817460,0.926808
GPR176,0.000000,0.000000,Source: gse20194,0.913043,0.817460,0.926808
PAX8,0.000000,0.000000,Source: gse20194,0.913043,0.817460,0.926808
HIPK2,0.000000,0.000000,Source: gse20194,0.913043,0.817460,0.926808
EYA4,0.000000,0.000000,Source: gse20194,0.913043,0.817460,0.926808
ACOT9,0.000000,0.000000,Source: gse20194,0.913043,0.817460,0.926808
PSORS1C2,0.000000,0.000000,Source: gse20194,0.913043,0.817460,0.926808
SOCS1,0.000000,0.000000,Source: gse20194,0.913043,0.817460,0.926808
AATF,0.000000,0.000000,Source: gse20194,0.913043,0.817460,0.926808
CARD9,0.000000,0.000000,Source: gse20194,0.913043,0.817460,0.926808
RTF1,0.000000,0.000000,Source: gse20194,0.913043,0.817460,0.926808
EIF1AX,0.000000,0.000000,Source: gse20194,0.913043,0.817460,0.926808
FNDC4,0.000000,0.000000,Source: gse20194,0.913043,0.817460,0.926808
IARS2,0.000000,0.000000,Source: gse20194,0.913043,0.817460,0.926808
TNIP1,0.000000,0.000000,Source: gse20194,0.913043,0.817460,0.926808
ZNF552,0.000000,0.000000,Source: gse20194,0.913043,0.817460,0.926808
FBN2,0.000000,0.000000,Source: gse20194,0.913043,0.817460,0.926808
ALB,0.000000,0.000000,Source: gse20194,0.913043,0.817460,0.926808
ARGLU1,0.000000,0.000000,Source: gse20194,0.913043,0.817460,0.926808
ZNF224,0.000000,0.000000,Source: gse20194,0.913043,0.817460,0.926808
DDRGK1,0.000000,0.000000,Source: gse20194,0.913043,0.817460,0.926808
PCSK1,0.000000,0.000000,Source: gse20194,0.913043,0.817460,0.926808
HTR2B,0.000000,0.000000,Source: gse20194,0.913043,0.817460,0.926808
NFU1,0.000000,0.000000,Source: gse20194,0.913043,0.817460,0.926808
SIGLEC7,0.000000,0.000000,Source: gse20194,0.913043,0.817460,0.926808
LPAL2,0.000000,0.000000,Source: gse20194,0.913043,0.817460,0.926808
ARID4B,0.000000,0.000000,Source: gse20194,0.913043,0.817460,0.926808
GEM,0.000000,0.000000,Source: gse20194,0.913043,0.817460,0.926808
LAMB2,0.000000,0.000000,Source: gse20194,0.913043,0.817460,0.926808
APBB1,0.000000,0.000000,Source: gse20194,0.913043,0.817460,0.926808
ATG4B,0.000000,0.000000,Source: gse20194,0.913043,0.817460,0.926808
ARHGEF11,0.000000,0.000000,Source: gse20194,0.913043,0.817460,0.926808
TAX1BP1,0.000000,0.000000,Source: gse20194,0.913043,0.817460,0.926808
RABEPK,0.000000,0.000000,Source: gse20194,0.913043,0.817460,0.926808
CHMP4A,0.000000,0.000000,Source: gse20194,0.913043,0.817460,0.926808
FHL5,0.000000,0.000000,Source: gse20194,0.913043,0.817460,0.926808
B3GALT2,0.000000,0.000000,Source: gse20194,0.913043,0.817460,0.926808
C3orf36,0.000000,0.000000,Source: gse20194,0.913043,0.817460,0.926808
PSAT1,0.000000,0.000000,Source: gse20194,0.913043,0.817460,0.926808
PIK3R4,0.000000,0.000000,Source: gse20194,0.913043,0.817460,0.926808
COL4A4,0.000000,0.000000,Source: gse20194,0.913043,0.817460,0.926808
VPS11,0.000000,0.000000,Source: gse20194,0.913043,0.817460,0.926808
GSR,0.000000,0.000000,Source: gse20194,0.913043,0.817460,0.926808
DIO2,0.000000,0.000000,Source: gse20194,0.913043,0.817460,0.926808
KCNK13,0.000000,0.000000,Source: gse20194,0.913043,0.817460,0.926808
CDK5,0.000000,0.000000,Source: gse20194,0.913043,0.817460,0.926808
NEUROG3,0.000000,0.000000,Source: gse20194,0.913043,0.817460,0.926808
DSCAM,0.000000,0.000000,Source: gse20194,0.913043,0.817460,0.926808
MEA1,0.000000,0.000000,Source: gse20194,0.913043,0.817460,0.926808
SLC33A1,0.000000,0.000000,Source: gse20194,0.913043,0.817460,0.926808
ACOT13,0.000000,0.000000,Source: gse20194,0.913043,0.817460,0.926808
TRAF3IP1,0.000000,0.000000,Source: gse20194,0.913043,0.817460,0.926808
ZG16,0.000000,0.000000,Source: gse20194,0.913043,0.817460,0.926808
GHRHR,0.000000,0.000000,Source: gse20194,0.913043,0.817460,0.926808
UNC50,0.000000,0.000000,Source: gse20194,0.913043,0.817460,0.926808
TMEM30B,0.000000,0.000000,Source: gse20194,0.913043,0.817460,0.926808
NEIL3,0.000000,0.000000,Source: gse20194,0.913043,0.817460,0.926808
SLC6A16,0.000000,0.000000,Source: gse20194,0.913043,0.817460,0.926808
TRPV5,0.000000,0.000000,Source: gse20194,0.913043,0.817460,0.926808
DLGAP2,0.000000,0.000000,Source: gse20194,0.913043,0.817460,0.926808
MRPL4,0.000000,0.000000,Source: gse20194,0.913043,0.817460,0.926808
ITGB3,0.000000,0.000000,Source: gse20194,0.913043,0.817460,0.926808
CSN1S1,0.000000,0.000000,Source: gse20194,0.913043,0.817460,0.926808
BICD2,0.000000,0.000000,Source: gse20194,0.913043,0.817460,0.926808
RNF125,0.000000,0.000000,Source: gse20194,0.913043,0.817460,0.926808
NRP1,0.000000,0.000000,Source: gse20194,0.913043,0.817460,0.926808
TES,0.000000,0.000000,Source: gse20194,0.913043,0.817460,0.926808
CTTN,0.000000,0.000000,Source: gse20194,0.913043,0.817460,0.926808
MARK2,0.000000,0.000000,Source: gse20194,0.913043,0.817460,0.926808
TPPP,0.000000,0.000000,Source: gse20194,0.913043,0.817460,0.926808
PEX13,0.000000,0.000000,Source: gse20194,0.913043,0.817460,0.926808
TMED1,0.000000,0.000000,Source: gse20194,0.913043,0.817460,0.926808
CHMP5,0.000000,0.000000,Source: gse20194,0.913043,0.817460,0.926808
RFNG,0.000000,0.000000,Source: gse20194,0.913043,0.817460,0.926808
PADI4,0.000000,0.000000,Source: gse20194,0.913043,0.817460,0.926808
ADNP,0.000000,0.000000,Source: gse20194,0.913043,0.817460,0.926808
CYP27A1,0.000000,0.000000,Source: gse20194,0.913043,0.817460,0.926808
USP13,0.000000,0.000000,Source: gse20194,0.913043,0.817460,0.926808
LGALS3,0.000000,0.000000,Source: gse20194,0.913043,0.817460,0.926808
VGLL1,0.000000,0.000000,Source: gse20194,0.913043,0.817460,0.926808
SYN3,0.000000,0.000000,Source: gse20194,0.913043,0.817460,0.926808
TRMT112,0.000000,0.000000,Source: gse20194,0.913043,0.817460,0.926808
GRK1,0.000000,0.000000,Source: gse20194,0.913043,0.817460,0.926808
PKP1,0.000000,0.000000,Source: gse20194,0.913043,0.817460,0.926808
C15orf39,0.000000,0.000000,Source: gse20194,0.913043,0.817460,0.926808
GTF2H5,0.000000,0.000000,Source: gse20194,0.913043,0.817460,0.926808
TRIM31,0.000000,0.000000,Source: gse20194,0.913043,0.817460,0.926808
FBXL15,0.000000,0.000000,Source: gse20194,0.913043,0.817460,0.926808
FLCN,0.000000,0.000000,Source: gse20194,0.913043,0.817460,0.926808
ZNF639,0.000000,0.000000,Source: gse20194,0.913043,0.817460,0.926808
BGN,0.000000,0.000000,Source: gse20194,0.913043,0.817460,0.926808
C1S,0.000000,0.000000,Source: gse20194,0.913043,0.817460,0.926808
CDC123,0.000000,0.000000,Source: gse20194,0.913043,0.817460,0.926808
BTRC,0.000000,0.000000,Source: gse20194,0.913043,0.817460,0.926808
ULK1,0.000000,0.000000,Source: gse20194,0.913043,0.817460,0.926808
BCL2L14,0.000000,0.000000,Source: gse20194,0.913043,0.817460,0.926808
SART3,0.000000,0.000000,Source: gse20194,0.913043,0.817460,0.926808
PLCH1,0.000000,0.000000,Source: gse20194,0.913043,0.817460,0.926808
SIRT7,0.000000,0.000000,Source: gse20194,0.913043,0.817460,0.926808
CELA3B,0.000000,0.000000,Source: gse20194,0.913043,0.817460,0.926808
PPA2,0.000000,0.000000,Source: gse20194,0.913043,0.817460,0.926808
HOMER3,0.000000,0.000000,Source: gse20194,0.913043,0.817460,0.926808
FAM163A,0.000000,0.000000,Source: gse20194,0.913043,0.817460,0.926808
ERICH1,0.000000,0.000000,Source: gse20194,0.913043,0.817460,0.926808
PCDHGA8,0.000000,0.000000,Source: gse20194,0.913043,0.817460,0.926808
PCDHGC3,0.000000,0.000000,Source: gse20194,0.913043,0.817460,0.926808
PEX14,0.000000,0.000000,Source: gse20194,0.913043,0.817460,0.926808
SP3,0.000000,0.000000,Source: gse20194,0.913043,0.817460,0.926808
B3GALNT1,0.000000,0.000000,Source: gse20194,0.913043,0.817460,0.926808
SLC1A7,0.000000,0.000000,Source: gse20194,0.913043,0.817460,0.926808
SMPD3,0.000000,0.000000,Source: gse20194,0.913043,0.817460,0.926808
ARHGAP12,0.000000,0.000000,Source: gse20194,0.913043,0.817460,0.926808
CYP4A11,0.000000,0.000000,Source: gse20194,0.913043,0.817460,0.926808
VNN1,0.000000,0.000000,Source: gse20194,0.913043,0.817460,0.926808
OR1D2,0.000000,0.000000,Source: gse20194,0.913043,0.817460,0.926808
PPP1R9A,0.000000,0.000000,Source: gse20194,0.913043,0.817460,0.926808
CD9,0.000000,0.000000,Source: gse20194,0.913043,0.817460,0.926808
TKTL1,0.000000,0.000000,Source: gse20194,0.913043,0.817460,0.926808
SLIT2,0.000000,0.000000,Source: gse20194,0.913043,0.817460,0.926808
SLC25A20,0.000000,0.000000,Source: gse20194,0.913043,0.817460,0.926808
ST8SIA1,0.000000,0.000000,Source: gse20194,0.913043,0.817460,0.926808
RPL4,0.000000,0.000000,Source: gse20194,0.913043,0.817460,0.926808
ARAP3,0.000000,0.000000,Source: gse20194,0.913043,0.817460,0.926808
BPIFA1,0.000000,0.000000,Source: gse20194,0.913043,0.817460,0.926808
SLC7A4,0.000000,0.000000,Source: gse20194,0.913043,0.817460,0.926808
DHCR7,0.000000,0.000000,Source: gse20194,0.913043,0.817460,0.926808
LUC7L,0.000000,0.000000,Source: gse20194,0.913043,0.817460,0.926808
CD22,0.000000,0.000000,Source: gse20194,0.913043,0.817460,0.926808
TIMP3,0.000000,0.000000,Source: gse20194,0.913043,0.817460,0.926808
CLTB,0.000000,0.000000,Source: gse20194,0.913043,0.817460,0.926808
RALBP1,0.000000,0.000000,Source: gse20194,0.913043,0.817460,0.926808
PITPNB,0.000000,0.000000,Source: gse20194,0.913043,0.817460,0.926808
SPINT3,0.000000,0.000000,Source: gse20194,0.913043,0.817460,0.926808
HIF1AN,0.000000,0.000000,Source: gse20194,0.913043,0.817460,0.926808
ZNF432,0.000000,0.000000,Source: gse20194,0.913043,0.817460,0.926808
DBP,0.000000,0.000000,Source: gse20194,0.913043,0.817460,0.926808
IPW,0.000000,0.000000,Source: gse20194,0.913043,0.817460,0.926808
ZNF140,0.000000,0.000000,Source: gse20194,0.913043,0.817460,0.926808
B3GALT4,0.000000,0.000000,Source: gse20194,0.913043,0.817460,0.926808
CNGA3,0.000000,0.000000,Source: gse20194,0.913043,0.817460,0.926808
NCAPH2,0.000000,0.000000,Source: gse20194,0.913043,0.817460,0.926808
HBBP1,0.000000,0.000000,Source: gse20194,0.913043,0.817460,0.926808
LPGAT1,0.000000,0.000000,Source: gse20194,0.913043,0.817460,0.926808
TCAP,0.000000,0.000000,Source: gse20194,0.913043,0.817460,0.926808
ARTN,0.000000,0.000000,Source: gse20194,0.913043,0.817460,0.926808
DHX30,0.000000,0.000000,Source: gse20194,0.913043,0.817460,0.926808
RNF7,0.000000,0.000000,Source: gse20194,0.913043,0.817460,0.926808
TRAPPC3,0.000000,0.000000,Source: gse20194,0.913043,0.817460,0.926808
PGLS,0.000000,0.000000,Source: gse20194,0.913043,0.817460,0.926808
TRPV6,0.000000,0.000000,Source: gse20194,0.913043,0.817460,0.926808
RNF216,0.000000,0.000000,Source: gse20194,0.913043,0.817460,0.926808
MAZ,0.000000,0.000000,Source: gse20194,0.913043,0.817460,0.926808
FAM216A,0.000000,0.000000,Source: gse20194,0.913043,0.817460,0.926808
P4HA1,0.000000,0.000000,Source: gse20194,0.913043,0.817460,0.926808
TNIP3,0.000000,0.000000,Source: gse20194,0.913043,0.817460,0.926808
DR1,0.000000,0.000000,Source: gse20194,0.913043,0.817460,0.926808
CLCA1,0.000000,0.000000,Source: gse20194,0.913043,0.817460,0.926808
RBM39,0.000000,0.000000,Source: gse20194,0.913043,0.817460,0.926808
CCL24,0.000000,0.000000,Source: gse20194,0.913043,0.817460,0.926808
DRAM1,0.000000,0.000000,Source: gse20194,0.913043,0.817460,0.926808
OR7C2,0.000000,0.000000,Source: gse20194,0.913043,0.817460,0.926808
SRSF1,0.000000,0.000000,Source: gse20194,0.913043,0.817460,0.926808
GABRA2,0.000000,0.000000,Source: gse20194,0.913043,0.817460,0.926808
PAK2,0.000000,0.000000,Source: gse20194,0.913043,0.817460,0.926808
ATP6V0E1,0.000000,0.000000,Source: gse20194,0.913043,0.817460,0.926808
LILRA1,0.000000,0.000000,Source: gse20194,0.913043,0.817460,0.926808
UBD,0.000000,0.000000,Source: gse20194,0.913043,0.817460,0.926808
PPP1R13L,0.000000,0.000000,Source: gse20194,0.913043,0.817460,0.926808
RRM2,0.000000,0.000000,Source: gse20194,0.913043,0.817460,0.926808
NOX1,0.000000,0.000000,Source: gse20194,0.913043,0.817460,0.926808
DDAH1,0.000000,0.000000,Source: gse20194,0.913043,0.817460,0.926808
DTNB,0.000000,0.000000,Source: gse20194,0.913043,0.817460,0.926808
C11orf24,0.000000,0.000000,Source: gse20194,0.913043,0.817460,0.926808
SPANXB1,0.000000,0.000000,Source: gse20194,0.913043,0.817460,0.926808
TSHZ2,0.000000,0.000000,Source: gse20194,0.913043,0.817460,0.926808
RAB28,0.000000,0.000000,Source: gse20194,0.913043,0.817460,0.926808
ADCY2,0.000000,0.000000,Source: gse20194,0.913043,0.817460,0.926808
ELP3,0.000000,0.000000,Source: gse20194,0.913043,0.817460,0.926808
EFNB2,0.000000,0.000000,Source: gse20194,0.913043,0.817460,0.926808
GIT1,0.000000,0.000000,Source: gse20194,0.913043,0.817460,0.926808
FOXB1,0.000000,0.000000,Source: gse20194,0.913043,0.817460,0.926808
GNPDA1,0.000000,0.000000,Source: gse20194,0.913043,0.817460,0.926808
PAWR,0.000000,0.000000,Source: gse20194,0.913043,0.817460,0.926808
APOC3,0.000000,0.000000,Source: gse20194,0.913043,0.817460,0.926808
SLC30A5,0.000000,0.000000,Source: gse20194,0.913043,0.817460,0.926808
STXBP6,0.000000,0.000000,Source: gse20194,0.913043,0.817460,0.926808
TSC2,0.000000,0.000000,Source: gse20194,0.913043,0.817460,0.926808
NEFL,0.000000,0.000000,Source: gse20194,0.913043,0.817460,0.926808
AP1G1,0.000000,0.000000,Source: gse20194,0.913043,0.817460,0.926808
ETFB,0.000000,0.000000,Source: gse20194,0.913043,0.817460,0.926808
WDR44,0.000000,0.000000,Source: gse20194,0.913043,0.817460,0.926808
DAD1,0.000000,0.000000,Source: gse20194,0.913043,0.817460,0.926808
CDA,0.000000,0.000000,Source: gse20194,0.913043,0.817460,0.926808
GOSR2,0.000000,0.000000,Source: gse20194,0.913043,0.817460,0.926808
CCDC33,0.000000,0.000000,Source: gse20194,0.913043,0.817460,0.926808
FOXJ3,0.000000,0.000000,Source: gse20194,0.913043,0.817460,0.926808
HLA-DRA,0.000000,0.000000,Source: gse20194,0.913043,0.817460,0.926808
PLCL1,0.000000,0.000000,Source: gse20194,0.913043,0.817460,0.926808
PLIN3,0.000000,0.000000,Source: gse20194,0.913043,0.817460,0.926808
FZD5,0.000000,0.000000,Source: gse20194,0.913043,0.817460,0.926808
DNM3,0.000000,0.000000,Source: gse20194,0.913043,0.817460,0.926808
HRK,0.000000,0.000000,Source: gse20194,0.913043,0.817460,0.926808
NEDD4,0.000000,0.000000,Source: gse20194,0.913043,0.817460,0.926808
WSB2,0.000000,0.000000,Source: gse20194,0.913043,0.817460,0.926808
HAUS2,0.000000,0.000000,Source: gse20194,0.913043,0.817460,0.926808
EML2,0.000000,0.000000,Source: gse20194,0.913043,0.817460,0.926808
MRFAP1L1,0.000000,0.000000,Source: gse20194,0.913043,0.817460,0.926808
SFXN1,0.000000,0.000000,Source: gse20194,0.913043,0.817460,0.926808
CDIPT,0.000000,0.000000,Source: gse20194,0.913043,0.817460,0.926808
TCTN1,0.000000,0.000000,Source: gse20194,0.913043,0.817460,0.926808
VWA7,0.000000,0.000000,Source: gse20194,0.913043,0.817460,0.926808
HOXB6,0.000000,0.000000,Source: gse20194,0.913043,0.817460,0.926808
FAM118A,0.000000,0.000000,Source: gse20194,0.913043,0.817460,0.926808
CLEC2B,0.000000,0.000000,Source: gse20194,0.913043,0.817460,0.926808
LUM,0.000000,0.000000,Source: gse20194,0.913043,0.817460,0.926808
GALNT12,0.000000,0.000000,Source: gse20194,0.913043,0.817460,0.926808
PCDHA6,0.000000,0.000000,Source: gse20194,0.913043,0.817460,0.926808
GUCY2F,0.000000,0.000000,Source: gse20194,0.913043,0.817460,0.926808
GATA2,0.000000,0.000000,Source: gse20194,0.913043,0.817460,0.926808
COQ2,0.000000,0.000000,Source: gse20194,0.913043,0.817460,0.926808
CTDSPL,0.000000,0.000000,Source: gse20194,0.913043,0.817460,0.926808
CUTA,0.000000,0.000000,Source: gse20194,0.913043,0.817460,0.926808
SLC39A2,0.000000,0.000000,Source: gse20194,0.913043,0.817460,0.926808
IKZF2,0.000000,0.000000,Source: gse20194,0.913043,0.817460,0.926808
DDO,0.000000,0.000000,Source: gse20194,0.913043,0.817460,0.926808
ERP29,0.000000,0.000000,Source: gse20194,0.913043,0.817460,0.926808
COL8A2,0.000000,0.000000,Source: gse20194,0.913043,0.817460,0.926808
PCDHGA9,0.000000,0.000000,Source: gse20194,0.913043,0.817460,0.926808
EVI2A,0.000000,0.000000,Source: gse20194,0.913043,0.817460,0.926808
HSD17B14,0.000000,0.000000,Source: gse20194,0.913043,0.817460,0.926808
IKZF1,0.000000,0.000000,Source: gse20194,0.913043,0.817460,0.926808
MN1,0.000000,0.000000,Source: gse20194,0.913043,0.817460,0.926808
HTR1E,0.000000,0.000000,Source: gse20194,0.913043,0.817460,0.926808
GRK6,0.000000,0.000000,Source: gse20194,0.913043,0.817460,0.926808
GPR135,0.000000,0.000000,Source: gse20194,0.913043,0.817460,0.926808
TMEM222,0.000000,0.000000,Source: gse20194,0.913043,0.817460,0.926808
THNSL2,0.000000,0.000000,Source: gse20194,0.913043,0.817460,0.926808
HLA-J,0.000000,0.000000,Source: gse20194,0.913043,0.817460,0.926808
CAMTA2,0.000000,0.000000,Source: gse20194,0.913043,0.817460,0.926808
ZNF23,0.000000,0.000000,Source: gse20194,0.913043,0.817460,0.926808
HOXD12,0.000000,0.000000,Source: gse20194,0.913043,0.817460,0.926808
SCRT1,0.000000,0.000000,Source: gse20194,0.913043,0.817460,0.926808
EIF2D,0.000000,0.000000,Source: gse20194,0.913043,0.817460,0.926808
EGF,0.000000,0.000000,Source: gse20194,0.913043,0.817460,0.926808
PIN4,0.000000,0.000000,Source: gse20194,0.913043,0.817460,0.926808
BAALC,0.000000,0.000000,Source: gse20194,0.913043,0.817460,0.926808
AMELY,0.000000,0.000000,Source: gse20194,0.913043,0.817460,0.926808
RFX1,0.000000,0.000000,Source: gse20194,0.913043,0.817460,0.926808
FPGS,0.000000,0.000000,Source: gse20194,0.913043,0.817460,0.926808
CCDC68,0.000000,0.000000,Source: gse20194,0.913043,0.817460,0.926808
TJP2,0.000000,0.000000,Source: gse20194,0.913043,0.817460,0.926808
RPH3AL,0.000000,0.000000,Source: gse20194,0.913043,0.817460,0.926808
STAM,0.000000,0.000000,Source: gse20194,0.913043,0.817460,0.926808
CIB2,0.000000,0.000000,Source: gse20194,0.913043,0.817460,0.926808
F2RL2,0.000000,0.000000,Source: gse20194,0.913043,0.817460,0.926808
FZD1,0.000000,0.000000,Source: gse20194,0.913043,0.817460,0.926808
TP53AIP1,0.000000,0.000000,Source: gse20194,0.913043,0.817460,0.926808
ASL,0.000000,0.000000,Source: gse20194,0.913043,0.817460,0.926808
CER1,0.000000,0.000000,Source: gse20194,0.913043,0.817460,0.926808
CCNL1,0.000000,0.000000,Source: gse20194,0.913043,0.817460,0.926808
ING3,0.000000,0.000000,Source: gse20194,0.913043,0.817460,0.926808
MPHOSPH9,0.000000,0.000000,Source: gse20194,0.913043,0.817460,0.926808
FBXW4,0.000000,0.000000,Source: gse20194,0.913043,0.817460,0.926808
SYNGR2,0.000000,0.000000,Source: gse20194,0.913043,0.817460,0.926808
NCOA2,0.000000,0.000000,Source: gse20194,0.913043,0.817460,0.926808
GTF2H3,0.000000,0.000000,Source: gse20194,0.913043,0.817460,0.926808
ARRB2,0.000000,0.000000,Source: gse20194,0.913043,0.817460,0.926808
PTH1R,0.000000,0.000000,Source: gse20194,0.913043,0.817460,0.926808
ZNF3,0.000000,0.000000,Source: gse20194,0.913043,0.817460,0.926808
SYN2,0.000000,0.000000,Source: gse20194,0.913043,0.817460,0.926808
PTAFR,0.000000,0.000000,Source: gse20194,0.913043,0.817460,0.926808
GLRB,0.000000,0.000000,Source: gse20194,0.913043,0.817460,0.926808
HAPLN2,0.000000,0.000000,Source: gse20194,0.913043,0.817460,0.926808
RHOA,0.000000,0.000000,Source: gse20194,0.913043,0.817460,0.926808
MEOX2,0.000000,0.000000,Source: gse20194,0.913043,0.817460,0.926808
ANKRD28,0.000000,0.000000,Source: gse20194,0.913043,0.817460,0.926808
WDR5B,0.000000,0.000000,Source: gse20194,0.913043,0.817460,0.926808
GLOD4,0.000000,0.000000,Source: gse20194,0.913043,0.817460,0.926808
HCFC1R1,0.000000,0.000000,Source: gse20194,0.913043,0.817460,0.926808
ZNF22,0.000000,0.000000,Source: gse20194,0.913043,0.817460,0.926808
ANG,0.000000,0.000000,Source: gse20194,0.913043,0.817460,0.926808
FOXJ2,0.000000,0.000000,Source: gse20194,0.913043,0.817460,0.926808
MTM1,0.000000,0.000000,Source: gse20194,0.913043,0.817460,0.926808
EXOSC9,0.000000,0.000000,Source: gse20194,0.913043,0.817460,0.926808
FUT5,0.000000,0.000000,Source: gse20194,0.913043,0.817460,0.926808
ADRA1D,0.000000,0.000000,Source: gse20194,0.913043,0.817460,0.926808
UBE2G1,0.000000,0.000000,Source: gse20194,0.913043,0.817460,0.926808
PAX3,0.000000,0.000000,Source: gse20194,0.913043,0.817460,0.926808
TNN,0.000000,0.000000,Source: gse20194,0.913043,0.817460,0.926808
HMGN3,0.000000,0.000000,Source: gse20194,0.913043,0.817460,0.926808
N4BP3,0.000000,0.000000,Source: gse20194,0.913043,0.817460,0.926808
LDHAL6B,0.000000,0.000000,Source: gse20194,0.913043,0.817460,0.926808
MBL2,0.000000,0.000000,Source: gse20194,0.913043,0.817460,0.926808
ZIM2,0.000000,0.000000,Source: gse20194,0.913043,0.817460,0.926808
ATP1B2,0.000000,0.000000,Source: gse20194,0.913043,0.817460,0.926808
F7,0.000000,0.000000,Source: gse20194,0.913043,0.817460,0.926808
PSAP,0.000000,0.000000,Source: gse20194,0.913043,0.817460,0.926808
SMARCA5,0.000000,0.000000,Source: gse20194,0.913043,0.817460,0.926808
KIAA0319L,0.000000,0.000000,Source: gse20194,0.913043,0.817460,0.926808
OAS2,0.000000,0.000000,Source: gse20194,0.913043,0.817460,0.926808
HADH,0.000000,0.000000,Source: gse20194,0.913043,0.817460,0.926808
HRH3,0.000000,0.000000,Source: gse20194,0.913043,0.817460,0.926808
CNTNAP2,0.000000,0.000000,Source: gse20194,0.913043,0.817460,0.926808
AHR,0.000000,0.000000,Source: gse20194,0.913043,0.817460,0.926808
PLEKHA6,0.000000,0.000000,Source: gse20194,0.913043,0.817460,0.926808
CEACAM7,0.000000,0.000000,Source: gse20194,0.913043,0.817460,0.926808
CD28,0.000000,0.000000,Source: gse20194,0.913043,0.817460,0.926808
HSP90AB1,0.000000,0.000000,Source: gse20194,0.913043,0.817460,0.926808
PDGFRB,0.000000,0.000000,Source: gse20194,0.913043,0.817460,0.926808
ST7,0.000000,0.000000,Source: gse20194,0.913043,0.817460,0.926808
SNX5,0.000000,0.000000,Source: gse20194,0.913043,0.817460,0.926808
MME,0.000000,0.000000,Source: gse20194,0.913043,0.817460,0.926808
SERPINB4,0.000000,0.000000,Source: gse20194,0.913043,0.817460,0.926808
SV2B,0.000000,0.000000,Source: gse20194,0.913043,0.817460,0.926808
NFYA,0.000000,0.000000,Source: gse20194,0.913043,0.817460,0.926808
GALE,0.000000,0.000000,Source: gse20194,0.913043,0.817460,0.926808
TRIT1,0.000000,0.000000,Source: gse20194,0.913043,0.817460,0.926808
MPPE1,0.000000,0.000000,Source: gse20194,0.913043,0.817460,0.926808
MYH11,0.000000,0.000000,Source: gse20194,0.913043,0.817460,0.926808
CPSF1,0.000000,0.000000,Source: gse20194,0.913043,0.817460,0.926808
MECOM,0.000000,0.000000,Source: gse20194,0.913043,0.817460,0.926808
NCK1,0.000000,0.000000,Source: gse20194,0.913043,0.817460,0.926808
PTGDR2,0.000000,0.000000,Source: gse20194,0.913043,0.817460,0.926808
GPN3,0.000000,0.000000,Source: gse20194,0.913043,0.817460,0.926808
KIF26B,0.000000,0.000000,Source: gse20194,0.913043,0.817460,0.926808
PLEKHO1,0.000000,0.000000,Source: gse20194,0.913043,0.817460,0.926808
SEZ6L,0.000000,0.000000,Source: gse20194,0.913043,0.817460,0.926808
OR7A5,0.000000,0.000000,Source: gse20194,0.913043,0.817460,0.926808
NPFFR1,0.000000,0.000000,Source: gse20194,0.913043,0.817460,0.926808
TCF15,0.000000,0.000000,Source: gse20194,0.913043,0.817460,0.926808
TMEM39A,0.000000,0.000000,Source: gse20194,0.913043,0.817460,0.926808
LHB,0.000000,0.000000,Source: gse20194,0.913043,0.817460,0.926808
PNLIPRP1,0.000000,0.000000,Source: gse20194,0.913043,0.817460,0.926808
TMEM147,0.000000,0.000000,Source: gse20194,0.913043,0.817460,0.926808
PSMF1,0.000000,0.000000,Source: gse20194,0.913043,0.817460,0.926808
OCEL1,0.000000,0.000000,Source: gse20194,0.913043,0.817460,0.926808
NCSTN,0.000000,0.000000,Source: gse20194,0.913043,0.817460,0.926808
ZNF549,0.000000,0.000000,Source: gse20194,0.913043,0.817460,0.926808
MUC16,0.000000,0.000000,Source: gse20194,0.913043,0.817460,0.926808
TMPRSS11E,0.000000,0.000000,Source: gse20194,0.913043,0.817460,0.926808
COL1A1,0.000000,0.000000,Source: gse20194,0.913043,0.817460,0.926808
POLR1E,0.000000,0.000000,Source: gse20194,0.913043,0.817460,0.926808
HAS2,0.000000,0.000000,Source: gse20194,0.913043,0.817460,0.926808
HSPA1L,0.000000,0.000000,Source: gse20194,0.913043,0.817460,0.926808
NHLRC2,0.000000,0.000000,Source: gse20194,0.913043,0.817460,0.926808
SIVA1,0.000000,0.000000,Source: gse20194,0.913043,0.817460,0.926808
ALPL,0.000000,0.000000,Source: gse20194,0.913043,0.817460,0.926808
CCL4,0.000000,0.000000,Source: gse20194,0.913043,0.817460,0.926808
NCAPG,0.000000,0.000000,Source: gse20194,0.913043,0.817460,0.926808
DPYSL4,0.000000,0.000000,Source: gse20194,0.913043,0.817460,0.926808
PNRC1,0.000000,0.000000,Source: gse20194,0.913043,0.817460,0.926808
EPHA4,0.000000,0.000000,Source: gse20194,0.913043,0.817460,0.926808
ACOX2,0.000000,0.000000,Source: gse20194,0.913043,0.817460,0.926808
ZNF646,0.000000,0.000000,Source: gse20194,0.913043,0.817460,0.926808
ISL1,0.000000,0.000000,Source: gse20194,0.913043,0.817460,0.926808
ZBTB7C,0.000000,0.000000,Source: gse20194,0.913043,0.817460,0.926808
CPB1,0.000000,0.000000,Source: gse20194,0.913043,0.817460,0.926808
CCNB2,0.000000,0.000000,Source: gse20194,0.913043,0.817460,0.926808
COG7,0.000000,0.000000,Source: gse20194,0.913043,0.817460,0.926808
INTS7,0.000000,0.000000,Source: gse20194,0.913043,0.817460,0.926808
SIX3,0.000000,0.000000,Source: gse20194,0.913043,0.817460,0.926808
MMP14,0.000000,0.000000,Source: gse20194,0.913043,0.817460,0.926808
TAGLN2,0.000000,0.000000,Source: gse20194,0.913043,0.817460,0.926808
ZNF266,0.000000,0.000000,Source: gse20194,0.913043,0.817460,0.926808
CADM4,0.000000,0.000000,Source: gse20194,0.913043,0.817460,0.926808
SYT17,0.000000,0.000000,Source: gse20194,0.913043,0.817460,0.926808
ACTN1,0.000000,0.000000,Source: gse20194,0.913043,0.817460,0.926808
ZNF384,0.000000,0.000000,Source: gse20194,0.913043,0.817460,0.926808
CDC27,0.000000,0.000000,Source: gse20194,0.913043,0.817460,0.926808
KLF10,0.000000,0.000000,Source: gse20194,0.913043,0.817460,0.926808
MTNR1A,0.000000,0.000000,Source: gse20194,0.913043,0.817460,0.926808
MPST,0.000000,0.000000,Source: gse20194,0.913043,0.817460,0.926808
OR5I1,0.000000,0.000000,Source: gse20194,0.913043,0.817460,0.926808
GFPT1,0.000000,0.000000,Source: gse20194,0.913043,0.817460,0.926808
NEAT1,0.000000,0.000000,Source: gse20194,0.913043,0.817460,0.926808
CINP,0.000000,0.000000,Source: gse20194,0.913043,0.817460,0.926808
ZNF337,0.000000,0.000000,Source: gse20194,0.913043,0.817460,0.926808
CLDN14,0.000000,0.000000,Source: gse20194,0.913043,0.817460,0.926808
TEX264,0.000000,0.000000,Source: gse20194,0.913043,0.817460,0.926808
ZNF668,0.000000,0.000000,Source: gse20194,0.913043,0.817460,0.926808
RGS6,0.000000,0.000000,Source: gse20194,0.913043,0.817460,0.926808
GPR50,0.000000,0.000000,Source: gse20194,0.913043,0.817460,0.926808
EYA3,0.000000,0.000000,Source: gse20194,0.913043,0.817460,0.926808
RING1,0.000000,0.000000,Source: gse20194,0.913043,0.817460,0.926808
ST3GAL4,0.000000,0.000000,Source: gse20194,0.913043,0.817460,0.926808
CYP26B1,0.000000,0.000000,Source: gse20194,0.913043,0.817460,0.926808
RAD1,0.000000,0.000000,Source: gse20194,0.913043,0.817460,0.926808
PDZRN3,0.000000,0.000000,Source: gse20194,0.913043,0.817460,0.926808
RNF128,0.000000,0.000000,Source: gse20194,0.913043,0.817460,0.926808
SASH3,0.000000,0.000000,Source: gse20194,0.913043,0.817460,0.926808
VPS16,0.000000,0.000000,Source: gse20194,0.913043,0.817460,0.926808
FIS1,0.000000,0.000000,Source: gse20194,0.913043,0.817460,0.926808
BRWD1,0.000000,0.000000,Source: gse20194,0.913043,0.817460,0.926808
TMEM59L,0.000000,0.000000,Source: gse20194,0.913043,0.817460,0.926808
BAHD1,0.000000,0.000000,Source: gse20194,0.913043,0.817460,0.926808
HKDC1,0.000000,0.000000,Source: gse20194,0.913043,0.817460,0.926808
LMCD1,0.000000,0.000000,Source: gse20194,0.913043,0.817460,0.926808
RMND1,0.000000,0.000000,Source: gse20194,0.913043,0.817460,0.926808
BPESC1,0.000000,0.000000,Source: gse20194,0.913043,0.817460,0.926808
DBNDD1,0.000000,0.000000,Source: gse20194,0.913043,0.817460,0.926808
TGM1,0.000000,0.000000,Source: gse20194,0.913043,0.817460,0.926808
ARCN1,0.000000,0.000000,Source: gse20194,0.913043,0.817460,0.926808
GPR137B,0.000000,0.000000,Source: gse20194,0.913043,0.817460,0.926808
ANGPTL2,0.000000,0.000000,Source: gse20194,0.913043,0.817460,0.926808
ST6GALNAC4,0.000000,0.000000,Source: gse20194,0.913043,0.817460,0.926808
WFDC2,0.000000,0.000000,Source: gse20194,0.913043,0.817460,0.926808
CDC14B,0.000000,0.000000,Source: gse20194,0.913043,0.817460,0.926808
ZNF747,0.000000,0.000000,Source: gse20194,0.913043,0.817460,0.926808
CORO7,0.000000,0.000000,Source: gse20194,0.913043,0.817460,0.926808
RGS16,0.000000,0.000000,Source: gse20194,0.913043,0.817460,0.926808
ALDH1A3,0.000000,0.000000,Source: gse20194,0.913043,0.817460,0.926808
MAT1A,0.000000,0.000000,Source: gse20194,0.913043,0.817460,0.926808
FLRT1,0.000000,0.000000,Source: gse20194,0.913043,0.817460,0.926808
ARL4D,0.000000,0.000000,Source: gse20194,0.913043,0.817460,0.926808
DDX3X,0.000000,0.000000,Source: gse20194,0.913043,0.817460,0.926808
EMILIN2,0.000000,0.000000,Source: gse20194,0.913043,0.817460,0.926808
GPR22,0.000000,0.000000,Source: gse20194,0.913043,0.817460,0.926808
PRSS23,0.000000,0.000000,Source: gse20194,0.913043,0.817460,0.926808
WNT5B,0.000000,0.000000,Source: gse20194,0.913043,0.817460,0.926808
CPLX3,0.000000,0.000000,Source: gse20194,0.913043,0.817460,0.926808
RUNX3,0.000000,0.000000,Source: gse20194,0.913043,0.817460,0.926808
ZMYM6,0.000000,0.000000,Source: gse20194,0.913043,0.817460,0.926808
LRRFIP1,0.000000,0.000000,Source: gse20194,0.913043,0.817460,0.926808
CCDC90B,0.000000,0.000000,Source: gse20194,0.913043,0.817460,0.926808
ZNF510,0.000000,0.000000,Source: gse20194,0.913043,0.817460,0.926808
STOML1,0.000000,0.000000,Source: gse20194,0.913043,0.817460,0.926808
KCNK7,0.000000,0.000000,Source: gse20194,0.913043,0.817460,0.926808
PLSCR1,0.000000,0.000000,Source: gse20194,0.913043,0.817460,0.926808
TLE3,0.000000,0.000000,Source: gse20194,0.913043,0.817460,0.926808
NDN,0.000000,0.000000,Source: gse20194,0.913043,0.817460,0.926808
BMP4,0.000000,0.000000,Source: gse20194,0.913043,0.817460,0.926808
KIF18B,0.000000,0.000000,Source: gse20194,0.913043,0.817460,0.926808
ZKSCAN1,0.000000,0.000000,Source: gse20194,0.913043,0.817460,0.926808
CD300C,0.000000,0.000000,Source: gse20194,0.913043,0.817460,0.926808
CYP3A5,0.000000,0.000000,Source: gse20194,0.913043,0.817460,0.926808
RAB9BP1,0.000000,0.000000,Source: gse20194,0.913043,0.817460,0.926808
PKP2,0.000000,0.000000,Source: gse20194,0.913043,0.817460,0.926808
FERMT1,0.000000,0.000000,Source: gse20194,0.913043,0.817460,0.926808
PAOX,0.000000,0.000000,Source: gse20194,0.913043,0.817460,0.926808
SCRN3,0.000000,0.000000,Source: gse20194,0.913043,0.817460,0.926808
RPL5,0.000000,0.000000,Source: gse20194,0.913043,0.817460,0.926808
STXBP3,0.000000,0.000000,Source: gse20194,0.913043,0.817460,0.926808
TBC1D30,0.000000,0.000000,Source: gse20194,0.913043,0.817460,0.926808
P2RX7,0.000000,0.000000,Source: gse20194,0.913043,0.817460,0.926808
MED27,0.000000,0.000000,Source: gse20194,0.913043,0.817460,0.926808
NME4,0.000000,0.000000,Source: gse20194,0.913043,0.817460,0.926808
SPI1,0.000000,0.000000,Source: gse20194,0.913043,0.817460,0.926808
CCL21,0.000000,0.000000,Source: gse20194,0.913043,0.817460,0.926808
CXCR1,0.000000,0.000000,Source: gse20194,0.913043,0.817460,0.926808
GRID2,0.000000,0.000000,Source: gse20194,0.913043,0.817460,0.926808
FAM53C,0.000000,0.000000,Source: gse20194,0.913043,0.817460,0.926808
DES,0.000000,0.000000,Source: gse20194,0.913043,0.817460,0.926808
LST1,0.000000,0.000000,Source: gse20194,0.913043,0.817460,0.926808
CNNM4,0.000000,0.000000,Source: gse20194,0.913043,0.817460,0.926808
SEC61A1,0.000000,0.000000,Source: gse20194,0.913043,0.817460,0.926808
ETF1,0.000000,0.000000,Source: gse20194,0.913043,0.817460,0.926808
GPS1,0.000000,0.000000,Source: gse20194,0.913043,0.817460,0.926808
ERCC8,0.000000,0.000000,Source: gse20194,0.913043,0.817460,0.926808
CLDN11,0.000000,0.000000,Source: gse20194,0.913043,0.817460,0.926808
SLC38A3,0.000000,0.000000,Source: gse20194,0.913043,0.817460,0.926808
GABARAPL2,0.000000,0.000000,Source: gse20194,0.913043,0.817460,0.926808
LAMP5,0.000000,0.000000,Source: gse20194,0.913043,0.817460,0.926808
ALDH7A1,0.000000,0.000000,Source: gse20194,0.913043,0.817460,0.926808
NUDT13,0.000000,0.000000,Source: gse20194,0.913043,0.817460,0.926808
STRN,0.000000,0.000000,Source: gse20194,0.913043,0.817460,0.926808
CYP20A1,0.000000,0.000000,Source: gse20194,0.913043,0.817460,0.926808
CD1E,0.000000,0.000000,Source: gse20194,0.913043,0.817460,0.926808
EPO,0.000000,0.000000,Source: gse20194,0.913043,0.817460,0.926808
LCT,0.000000,0.000000,Source: gse20194,0.913043,0.817460,0.926808
SLC9A2,0.000000,0.000000,Source: gse20194,0.913043,0.817460,0.926808
DDX60,0.000000,0.000000,Source: gse20194,0.913043,0.817460,0.926808
CCNA2,0.000000,0.000000,Source: gse20194,0.913043,0.817460,0.926808
ZFYVE9,0.000000,0.000000,Source: gse20194,0.913043,0.817460,0.926808
DUS1L,0.000000,0.000000,Source: gse20194,0.913043,0.817460,0.926808
HOXB13,0.000000,0.000000,Source: gse20194,0.913043,0.817460,0.926808
TAF9B,0.000000,0.000000,Source: gse20194,0.913043,0.817460,0.926808
HLX,0.000000,0.000000,Source: gse20194,0.913043,0.817460,0.926808
CD1D,0.000000,0.000000,Source: gse20194,0.913043,0.817460,0.926808
CDKN2AIP,0.000000,0.000000,Source: gse20194,0.913043,0.817460,0.926808
MICAL3,0.000000,0.000000,Source: gse20194,0.913043,0.817460,0.926808
FAH,0.000000,0.000000,Source: gse20194,0.913043,0.817460,0.926808
ZBTB24,0.000000,0.000000,Source: gse20194,0.913043,0.817460,0.926808
STK4,0.000000,0.000000,Source: gse20194,0.913043,0.817460,0.926808
DOK5,0.000000,0.000000,Source: gse20194,0.913043,0.817460,0.926808
RABIF,0.000000,0.000000,Source: gse20194,0.913043,0.817460,0.926808
PRLH,0.000000,0.000000,Source: gse20194,0.913043,0.817460,0.926808
TM4SF1,0.000000,0.000000,Source: gse20194,0.913043,0.817460,0.926808
LRRC8E,0.000000,0.000000,Source: gse20194,0.913043,0.817460,0.926808
SRPX,0.000000,0.000000,Source: gse20194,0.913043,0.817460,0.926808
ZBED1,0.000000,0.000000,Source: gse20194,0.913043,0.817460,0.926808
KLHL11,0.000000,0.000000,Source: gse20194,0.913043,0.817460,0.926808
PICK1,0.000000,0.000000,Source: gse20194,0.913043,0.817460,0.926808
ERLIN2,0.000000,0.000000,Source: gse20194,0.913043,0.817460,0.926808
CT62,0.000000,0.000000,Source: gse20194,0.913043,0.817460,0.926808
TRAF3IP3,0.000000,0.000000,Source: gse20194,0.913043,0.817460,0.926808
ABCG5,0.000000,0.000000,Source: gse20194,0.913043,0.817460,0.926808
PTGER2,0.000000,0.000000,Source: gse20194,0.913043,0.817460,0.926808
STXBP1,0.000000,0.000000,Source: gse20194,0.913043,0.817460,0.926808
TSC1,0.000000,0.000000,Source: gse20194,0.913043,0.817460,0.926808
DAPK1,0.000000,0.000000,Source: gse20194,0.913043,0.817460,0.926808
HLA-C,0.000000,0.000000,Source: gse20194,0.913043,0.817460,0.926808
INPP5J,0.000000,0.000000,Source: gse20194,0.913043,0.817460,0.926808
VAMP4,0.000000,0.000000,Source: gse20194,0.913043,0.817460,0.926808
SNN,0.000000,0.000000,Source: gse20194,0.913043,0.817460,0.926808
RNF38,0.000000,0.000000,Source: gse20194,0.913043,0.817460,0.926808
ASTN1,0.000000,0.000000,Source: gse20194,0.913043,0.817460,0.926808
FMO3,0.000000,0.000000,Source: gse20194,0.913043,0.817460,0.926808
ICAM5,0.000000,0.000000,Source: gse20194,0.913043,0.817460,0.926808
MDN1,0.000000,0.000000,Source: gse20194,0.913043,0.817460,0.926808
ELAVL3,0.000000,0.000000,Source: gse20194,0.913043,0.817460,0.926808
RTN1,0.000000,0.000000,Source: gse20194,0.913043,0.817460,0.926808
ZBTB7A,0.000000,0.000000,Source: gse20194,0.913043,0.817460,0.926808
CACNB1,0.000000,0.000000,Source: gse20194,0.913043,0.817460,0.926808
PRDM4,0.000000,0.000000,Source: gse20194,0.913043,0.817460,0.926808
GIN1,0.000000,0.000000,Source: gse20194,0.913043,0.817460,0.926808
ZFAND3,0.000000,0.000000,Source: gse20194,0.913043,0.817460,0.926808
MPO,0.000000,0.000000,Source: gse20194,0.913043,0.817460,0.926808
FAM3A,0.000000,0.000000,Source: gse20194,0.913043,0.817460,0.926808
LMO4,0.000000,0.000000,Source: gse20194,0.913043,0.817460,0.926808
PDPK1,0.000000,0.000000,Source: gse20194,0.913043,0.817460,0.926808
ELAVL2,0.000000,0.000000,Source: gse20194,0.913043,0.817460,0.926808
BDH2,0.000000,0.000000,Source: gse20194,0.913043,0.817460,0.926808
L3MBTL1,0.000000,0.000000,Source: gse20194,0.913043,0.817460,0.926808
HIF3A,0.000000,0.000000,Source: gse20194,0.913043,0.817460,0.926808
DDX11,0.000000,0.000000,Source: gse20194,0.913043,0.817460,0.926808
PROZ,0.000000,0.000000,Source: gse20194,0.913043,0.817460,0.926808
KCNJ14,0.000000,0.000000,Source: gse20194,0.913043,0.817460,0.926808
KCNMB2,0.000000,0.000000,Source: gse20194,0.913043,0.817460,0.926808
LILRA2,0.000000,0.000000,Source: gse20194,0.913043,0.817460,0.926808
OLFML2A,0.000000,0.000000,Source: gse20194,0.913043,0.817460,0.926808
ALDH5A1,0.000000,0.000000,Source: gse20194,0.913043,0.817460,0.926808
HCG4,0.000000,0.000000,Source: gse20194,0.913043,0.817460,0.926808
PBX1,0.000000,0.000000,Source: gse20194,0.913043,0.817460,0.926808
GORASP2,0.000000,0.000000,Source: gse20194,0.913043,0.817460,0.926808
TCOF1,0.000000,0.000000,Source: gse20194,0.913043,0.817460,0.926808
SAMSN1,0.000000,0.000000,Source: gse20194,0.913043,0.817460,0.926808
FGF4,0.000000,0.000000,Source: gse20194,0.913043,0.817460,0.926808
EFEMP1,0.000000,0.000000,Source: gse20194,0.913043,0.817460,0.926808
ZNF426,0.000000,0.000000,Source: gse20194,0.913043,0.817460,0.926808
GCK,0.000000,0.000000,Source: gse20194,0.913043,0.817460,0.926808
LAMB1,0.000000,0.000000,Source: gse20194,0.913043,0.817460,0.926808
SUMO3,0.000000,0.000000,Source: gse20194,0.913043,0.817460,0.926808
DEFA4,0.000000,0.000000,Source: gse20194,0.913043,0.817460,0.926808
UPK3B,0.000000,0.000000,Source: gse20194,0.913043,0.817460,0.926808
ZNF7,0.000000,0.000000,Source: gse20194,0.913043,0.817460,0.926808
LSM14B,0.000000,0.000000,Source: gse20194,0.913043,0.817460,0.926808
ATP2B4,0.000000,0.000000,Source: gse20194,0.913043,0.817460,0.926808
SENP5,0.000000,0.000000,Source: gse20194,0.913043,0.817460,0.926808
CENPI,0.000000,0.000000,Source: gse20194,0.913043,0.817460,0.926808
SMC5,0.000000,0.000000,Source: gse20194,0.913043,0.817460,0.926808
FNBP1L,0.000000,0.000000,Source: gse20194,0.913043,0.817460,0.926808
NCLN,0.000000,0.000000,Source: gse20194,0.913043,0.817460,0.926808
CFTR,0.000000,0.000000,Source: gse20194,0.913043,0.817460,0.926808
UGT2B17,0.000000,0.000000,Source: gse20194,0.913043,0.817460,0.926808
PHACTR2,0.000000,0.000000,Source: gse20194,0.913043,0.817460,0.926808
SHQ1,0.000000,0.000000,Source: gse20194,0.913043,0.817460,0.926808
SULT1A1,0.000000,0.000000,Source: gse20194,0.913043,0.817460,0.926808
SPTBN5,0.000000,0.000000,Source: gse20194,0.913043,0.817460,0.926808
PIGN,0.000000,0.000000,Source: gse20194,0.913043,0.817460,0.926808
AGT,0.000000,0.000000,Source: gse20194,0.913043,0.817460,0.926808
OPRL1,0.000000,0.000000,Source: gse20194,0.913043,0.817460,0.926808
ALKBH1,0.000000,0.000000,Source: gse20194,0.913043,0.817460,0.926808
POPDC2,0.000000,0.000000,Source: gse20194,0.913043,0.817460,0.926808
BNIP1,0.000000,0.000000,Source: gse20194,0.913043,0.817460,0.926808
YEATS4,0.000000,0.000000,Source: gse20194,0.913043,0.817460,0.926808
CDC42BPA,0.000000,0.000000,Source: gse20194,0.913043,0.817460,0.926808
GNA13,0.000000,0.000000,Source: gse20194,0.913043,0.817460,0.926808
NRSN2,0.000000,0.000000,Source: gse20194,0.913043,0.817460,0.926808
CLEC1B,0.000000,0.000000,Source: gse20194,0.913043,0.817460,0.926808
KLHL1,0.000000,0.000000,Source: gse20194,0.913043,0.817460,0.926808
PHLPP1,0.000000,0.000000,Source: gse20194,0.913043,0.817460,0.926808
ICAM1,0.000000,0.000000,Source: gse20194,0.913043,0.817460,0.926808
CLPP,0.000000,0.000000,Source: gse20194,0.913043,0.817460,0.926808
BMP6,0.000000,0.000000,Source: gse20194,0.913043,0.817460,0.926808
TCF7L2,0.000000,0.000000,Source: gse20194,0.913043,0.817460,0.926808
NR2F1,0.000000,0.000000,Source: gse20194,0.913043,0.817460,0.926808
RAB11B,0.000000,0.000000,Source: gse20194,0.913043,0.817460,0.926808
GCLC,0.000000,0.000000,Source: gse20194,0.913043,0.817460,0.926808
TRMT2B,0.000000,0.000000,Source: gse20194,0.913043,0.817460,0.926808
TRPC4,0.000000,0.000000,Source: gse20194,0.913043,0.817460,0.926808
MYL6,0.000000,0.000000,Source: gse20194,0.913043,0.817460,0.926808
CDCA8,0.000000,0.000000,Source: gse20194,0.913043,0.817460,0.926808
RASGRP2,0.000000,0.000000,Source: gse20194,0.913043,0.817460,0.926808
FKBP15,0.000000,0.000000,Source: gse20194,0.913043,0.817460,0.926808
CASP8AP2,0.000000,0.000000,Source: gse20194,0.913043,0.817460,0.926808
SEPHS1,0.000000,0.000000,Source: gse20194,0.913043,0.817460,0.926808
AQP6,0.000000,0.000000,Source: gse20194,0.913043,0.817460,0.926808
ELAVL1,0.000000,0.000000,Source: gse20194,0.913043,0.817460,0.926808
DPEP3,0.000000,0.000000,Source: gse20194,0.913043,0.817460,0.926808
CXCR3,0.000000,0.000000,Source: gse20194,0.913043,0.817460,0.926808
COASY,0.000000,0.000000,Source: gse20194,0.913043,0.817460,0.926808
SSBP1,0.000000,0.000000,Source: gse20194,0.913043,0.817460,0.926808
CDK14,0.000000,0.000000,Source: gse20194,0.913043,0.817460,0.926808
C17orf75,0.000000,0.000000,Source: gse20194,0.913043,0.817460,0.926808
PACSIN2,0.000000,0.000000,Source: gse20194,0.913043,0.817460,0.926808
PPWD1,0.000000,0.000000,Source: gse20194,0.913043,0.817460,0.926808
MOK,0.000000,0.000000,Source: gse20194,0.913043,0.817460,0.926808
PRKAG2,0.000000,0.000000,Source: gse20194,0.913043,0.817460,0.926808
COL3A1,0.000000,0.000000,Source: gse20194,0.913043,0.817460,0.926808
BABAM1,0.000000,0.000000,Source: gse20194,0.913043,0.817460,0.926808
CAD,0.000000,0.000000,Source: gse20194,0.913043,0.817460,0.926808
XYLT1,0.000000,0.000000,Source: gse20194,0.913043,0.817460,0.926808
AP3B1,0.000000,0.000000,Source: gse20194,0.913043,0.817460,0.926808
KLRC3,0.000000,0.000000,Source: gse20194,0.913043,0.817460,0.926808
DGUOK,0.000000,0.000000,Source: gse20194,0.913043,0.817460,0.926808
BANF1,0.000000,0.000000,Source: gse20194,0.913043,0.817460,0.926808
GJA3,0.000000,0.000000,Source: gse20194,0.913043,0.817460,0.926808
LIMD2,0.000000,0.000000,Source: gse20194,0.913043,0.817460,0.926808
PPL,0.000000,0.000000,Source: gse20194,0.913043,0.817460,0.926808
KCNA2,0.000000,0.000000,Source: gse20194,0.913043,0.817460,0.926808
FOXC2,0.000000,0.000000,Source: gse20194,0.913043,0.817460,0.926808
GPR25,0.000000,0.000000,Source: gse20194,0.913043,0.817460,0.926808
CHRNB1,0.000000,0.000000,Source: gse20194,0.913043,0.817460,0.926808
EIF2B4,0.000000,0.000000,Source: gse20194,0.913043,0.817460,0.926808
APH1B,0.000000,0.000000,Source: gse20194,0.913043,0.817460,0.926808
COL15A1,0.000000,0.000000,Source: gse20194,0.913043,0.817460,0.926808
MST1R,0.000000,0.000000,Source: gse20194,0.913043,0.817460,0.926808
PHF10,0.000000,0.000000,Source: gse20194,0.913043,0.817460,0.926808
TTC39A,0.000000,0.000000,Source: gse20194,0.913043,0.817460,0.926808
ITGB1BP2,0.000000,0.000000,Source: gse20194,0.913043,0.817460,0.926808
LGALS3BP,0.000000,0.000000,Source: gse20194,0.913043,0.817460,0.926808
NEK3,0.000000,0.000000,Source: gse20194,0.913043,0.817460,0.926808
SH3D21,0.000000,0.000000,Source: gse20194,0.913043,0.817460,0.926808
BTG2,0.000000,0.000000,Source: gse20194,0.913043,0.817460,0.926808
TMPRSS15,0.000000,0.000000,Source: gse20194,0.913043,0.817460,0.926808
MED18,0.000000,0.000000,Source: gse20194,0.913043,0.817460,0.926808
ERH,0.000000,0.000000,Source: gse20194,0.913043,0.817460,0.926808
NCAM2,0.000000,0.000000,Source: gse20194,0.913043,0.817460,0.926808
OPCML,0.000000,0.000000,Source: gse20194,0.913043,0.817460,0.926808
C7orf25,0.000000,0.000000,Source: gse20194,0.913043,0.817460,0.926808
ULBP2,0.000000,0.000000,Source: gse20194,0.913043,0.817460,0.926808
AJAP1,0.000000,0.000000,Source: gse20194,0.913043,0.817460,0.926808
NR1I3,0.000000,0.000000,Source: gse20194,0.913043,0.817460,0.926808
ME2,0.000000,0.000000,Source: gse20194,0.913043,0.817460,0.926808
PRKCH,0.000000,0.000000,Source: gse20194,0.913043,0.817460,0.926808
GMEB2,0.000000,0.000000,Source: gse20194,0.913043,0.817460,0.926808
ZNF219,0.000000,0.000000,Source: gse20194,0.913043,0.817460,0.926808
CEP290,0.000000,0.000000,Source: gse20194,0.913043,0.817460,0.926808
ICAM2,0.000000,0.000000,Source: gse20194,0.913043,0.817460,0.926808
ECM2,0.000000,0.000000,Source: gse20194,0.913043,0.817460,0.926808
MAST4,0.000000,0.000000,Source: gse20194,0.913043,0.817460,0.926808
CDR1,0.000000,0.000000,Source: gse20194,0.913043,0.817460,0.926808
E2F5,0.000000,0.000000,Source: gse20194,0.913043,0.817460,0.926808
FCHO1,0.000000,0.000000,Source: gse20194,0.913043,0.817460,0.926808
KIF16B,0.000000,0.000000,Source: gse20194,0.913043,0.817460,0.926808
UBE4B,0.000000,0.000000,Source: gse20194,0.913043,0.817460,0.926808
F2RL1,0.000000,0.000000,Source: gse20194,0.913043,0.817460,0.926808
NPM1,0.000000,0.000000,Source: gse20194,0.913043,0.817460,0.926808
ARHGAP4,0.000000,0.000000,Source: gse20194,0.913043,0.817460,0.926808
NOL11,0.000000,0.000000,Source: gse20194,0.913043,0.817460,0.926808
CLTA,0.000000,0.000000,Source: gse20194,0.913043,0.817460,0.926808
SLC35B1,0.000000,0.000000,Source: gse20194,0.913043,0.817460,0.926808
ATP6V1B2,0.000000,0.000000,Source: gse20194,0.913043,0.817460,0.926808
DENND2A,0.000000,0.000000,Source: gse20194,0.913043,0.817460,0.926808
PTBP2,0.000000,0.000000,Source: gse20194,0.913043,0.817460,0.926808
TMEM50A,0.000000,0.000000,Source: gse20194,0.913043,0.817460,0.926808
LIN37,0.000000,0.000000,Source: gse20194,0.913043,0.817460,0.926808
ABCB1,0.000000,0.000000,Source: gse20194,0.913043,0.817460,0.926808
SLC43A3,0.000000,0.000000,Source: gse20194,0.913043,0.817460,0.926808
GLO1,0.000000,0.000000,Source: gse20194,0.913043,0.817460,0.926808
OTOR,0.000000,0.000000,Source: gse20194,0.913043,0.817460,0.926808
NXF1,0.000000,0.000000,Source: gse20194,0.913043,0.817460,0.926808
GTF2B,0.000000,0.000000,Source: gse20194,0.913043,0.817460,0.926808
LY9,0.000000,0.000000,Source: gse20194,0.913043,0.817460,0.926808
NUBP2,0.000000,0.000000,Source: gse20194,0.913043,0.817460,0.926808
UBE2NL,0.000000,0.000000,Source: gse20194,0.913043,0.817460,0.926808
PRR7,0.000000,0.000000,Source: gse20194,0.913043,0.817460,0.926808
MBOAT7,0.000000,0.000000,Source: gse20194,0.913043,0.817460,0.926808
MCCC1,0.000000,0.000000,Source: gse20194,0.913043,0.817460,0.926808
CCNG1,0.000000,0.000000,Source: gse20194,0.913043,0.817460,0.926808
FXYD3,0.000000,0.000000,Source: gse20194,0.913043,0.817460,0.926808
NDRG1,0.000000,0.000000,Source: gse20194,0.913043,0.817460,0.926808
FTO,0.000000,0.000000,Source: gse20194,0.913043,0.817460,0.926808
GNAT2,0.000000,0.000000,Source: gse20194,0.913043,0.817460,0.926808
CRELD2,0.000000,0.000000,Source: gse20194,0.913043,0.817460,0.926808
CSF2RA,0.000000,0.000000,Source: gse20194,0.913043,0.817460,0.926808
GZMB,0.000000,0.000000,Source: gse20194,0.913043,0.817460,0.926808
KDELR2,0.000000,0.000000,Source: gse20194,0.913043,0.817460,0.926808
DIMT1,0.000000,0.000000,Source: gse20194,0.913043,0.817460,0.926808
IFIT2,0.000000,0.000000,Source: gse20194,0.913043,0.817460,0.926808
PDE4B,0.000000,0.000000,Source: gse20194,0.913043,0.817460,0.926808
CACNB3,0.000000,0.000000,Source: gse20194,0.913043,0.817460,0.926808
QPCTL,0.000000,0.000000,Source: gse20194,0.913043,0.817460,0.926808
CPT2,0.000000,0.000000,Source: gse20194,0.913043,0.817460,0.926808
GFRA2,0.000000,0.000000,Source: gse20194,0.913043,0.817460,0.926808
C12orf43,0.000000,0.000000,Source: gse20194,0.913043,0.817460,0.926808
MFSD10,0.000000,0.000000,Source: gse20194,0.913043,0.817460,0.926808
GBX2,0.000000,0.000000,Source: gse20194,0.913043,0.817460,0.926808
LMNB1,0.000000,0.000000,Source: gse20194,0.913043,0.817460,0.926808
TIPARP,0.000000,0.000000,Source: gse20194,0.913043,0.817460,0.926808
DGKB,0.000000,0.000000,Source: gse20194,0.913043,0.817460,0.926808
PODNL1,0.000000,0.000000,Source: gse20194,0.913043,0.817460,0.926808
PGM1,0.000000,0.000000,Source: gse20194,0.913043,0.817460,0.926808
RCAN1,0.000000,0.000000,Source: gse20194,0.913043,0.817460,0.926808
TMEM14A,0.000000,0.000000,Source: gse20194,0.913043,0.817460,0.926808
CTPS2,0.000000,0.000000,Source: gse20194,0.913043,0.817460,0.926808
TNK2,0.000000,0.000000,Source: gse20194,0.913043,0.817460,0.926808
CLNS1A,0.000000,0.000000,Source: gse20194,0.913043,0.817460,0.926808
PPA1,0.000000,0.000000,Source: gse20194,0.913043,0.817460,0.926808
VIL1,0.000000,0.000000,Source: gse20194,0.913043,0.817460,0.926808
GPR173,0.000000,0.000000,Source: gse20194,0.913043,0.817460,0.926808
CCDC102B,0.000000,0.000000,Source: gse20194,0.913043,0.817460,0.926808
IL7,0.000000,0.000000,Source: gse20194,0.913043,0.817460,0.926808
GRPEL1,0.000000,0.000000,Source: gse20194,0.913043,0.817460,0.926808
SELP,0.000000,0.000000,Source: gse20194,0.913043,0.817460,0.926808
DKK3,0.000000,0.000000,Source: gse20194,0.913043,0.817460,0.926808
ECHDC3,0.000000,0.000000,Source: gse20194,0.913043,0.817460,0.926808
SMC2,0.000000,0.000000,Source: gse20194,0.913043,0.817460,0.926808
AMBRA1,0.000000,0.000000,Source: gse20194,0.913043,0.817460,0.926808
KLF9,0.000000,0.000000,Source: gse20194,0.913043,0.817460,0.926808
PARD3,0.000000,0.000000,Source: gse20194,0.913043,0.817460,0.926808
PRICKLE3,0.000000,0.000000,Source: gse20194,0.913043,0.817460,0.926808
EGLN3,0.000000,0.000000,Source: gse20194,0.913043,0.817460,0.926808
TNFRSF25,0.000000,0.000000,Source: gse20194,0.913043,0.817460,0.926808
VSX1,0.000000,0.000000,Source: gse20194,0.913043,0.817460,0.926808
AAK1,0.000000,0.000000,Source: gse20194,0.913043,0.817460,0.926808
ZNF280B,0.000000,0.000000,Source: gse20194,0.913043,0.817460,0.926808
ADRA2C,0.000000,0.000000,Source: gse20194,0.913043,0.817460,0.926808
GDF10,0.000000,0.000000,Source: gse20194,0.913043,0.817460,0.926808
SEC61G,0.000000,0.000000,Source: gse20194,0.913043,0.817460,0.926808
DSP,0.000000,0.000000,Source: gse20194,0.913043,0.817460,0.926808
AMELX,0.000000,0.000000,Source: gse20194,0.913043,0.817460,0.926808
CHMP2B,0.000000,0.000000,Source: gse20194,0.913043,0.817460,0.926808
DIAPH3,0.000000,0.000000,Source: gse20194,0.913043,0.817460,0.926808
DPP8,0.000000,0.000000,Source: gse20194,0.913043,0.817460,0.926808
SMAD6,0.000000,0.000000,Source: gse20194,0.913043,0.817460,0.926808
SLC12A9,0.000000,0.000000,Source: gse20194,0.913043,0.817460,0.926808
ADAMTS12,0.000000,0.000000,Source: gse20194,0.913043,0.817460,0.926808
MALT1,0.000000,0.000000,Source: gse20194,0.913043,0.817460,0.926808
HSD17B12,0.000000,0.000000,Source: gse20194,0.913043,0.817460,0.926808
DNAH7,0.000000,0.000000,Source: gse20194,0.913043,0.817460,0.926808
PPP1R26,0.000000,0.000000,Source: gse20194,0.913043,0.817460,0.926808
COL10A1,0.000000,0.000000,Source: gse20194,0.913043,0.817460,0.926808
NAAA,0.000000,0.000000,Source: gse20194,0.913043,0.817460,0.926808
RAB11FIP2,0.000000,0.000000,Source: gse20194,0.913043,0.817460,0.926808
UTP6,0.000000,0.000000,Source: gse20194,0.913043,0.817460,0.926808
PLEKHA4,0.000000,0.000000,Source: gse20194,0.913043,0.817460,0.926808
CEP72,0.000000,0.000000,Source: gse20194,0.913043,0.817460,0.926808
PRRG2,0.000000,0.000000,Source: gse20194,0.913043,0.817460,0.926808
CHD3,0.000000,0.000000,Source: gse20194,0.913043,0.817460,0.926808
MOG,0.000000,0.000000,Source: gse20194,0.913043,0.817460,0.926808
BHMT2,0.000000,0.000000,Source: gse20194,0.913043,0.817460,0.926808
NXPH4,0.000000,0.000000,Source: gse20194,0.913043,0.817460,0.926808
SAA3P,0.000000,0.000000,Source: gse20194,0.913043,0.817460,0.926808
PLS1,0.000000,0.000000,Source: gse20194,0.913043,0.817460,0.926808
TMEM132A,0.000000,0.000000,Source: gse20194,0.913043,0.817460,0.926808
CCT6A,0.000000,0.000000,Source: gse20194,0.913043,0.817460,0.926808
PRKAR2A,0.000000,0.000000,Source: gse20194,0.913043,0.817460,0.926808
ZNF557,0.000000,0.000000,Source: gse20194,0.913043,0.817460,0.926808
NFKB1,0.000000,0.000000,Source: gse20194,0.913043,0.817460,0.926808
CTSD,0.000000,0.000000,Source: gse20194,0.913043,0.817460,0.926808
PSG11,0.000000,0.000000,Source: gse20194,0.913043,0.817460,0.926808
PLN,0.000000,0.000000,Source: gse20194,0.913043,0.817460,0.926808
RNF139,0.000000,0.000000,Source: gse20194,0.913043,0.817460,0.926808
NACAD,0.000000,0.000000,Source: gse20194,0.913043,0.817460,0.926808
RRP1,0.000000,0.000000,Source: gse20194,0.913043,0.817460,0.926808
TCTN3,0.000000,0.000000,Source: gse20194,0.913043,0.817460,0.926808
ZNF37A,0.000000,0.000000,Source: gse20194,0.913043,0.817460,0.926808
AIF1,0.000000,0.000000,Source: gse20194,0.913043,0.817460,0.926808
SLC25A4,0.000000,0.000000,Source: gse20194,0.913043,0.817460,0.926808
TNFAIP1,0.000000,0.000000,Source: gse20194,0.913043,0.817460,0.926808
IL7R,0.000000,0.000000,Source: gse20194,0.913043,0.817460,0.926808
NOS1AP,0.000000,0.000000,Source: gse20194,0.913043,0.817460,0.926808
SMAD3,0.000000,0.000000,Source: gse20194,0.913043,0.817460,0.926808
KCTD13,0.000000,0.000000,Source: gse20194,0.913043,0.817460,0.926808
CCNI,0.000000,0.000000,Source: gse20194,0.913043,0.817460,0.926808
KCTD5,0.000000,0.000000,Source: gse20194,0.913043,0.817460,0.926808
LTB4R,0.000000,0.000000,Source: gse20194,0.913043,0.817460,0.926808
P2RX4,0.000000,0.000000,Source: gse20194,0.913043,0.817460,0.926808
ATF7IP2,0.000000,0.000000,Source: gse20194,0.913043,0.817460,0.926808
SND1-IT1,0.000000,0.000000,Source: gse20194,0.913043,0.817460,0.926808
BAHCC1,0.000000,0.000000,Source: gse20194,0.913043,0.817460,0.926808
RRP7A,0.000000,0.000000,Source: gse20194,0.913043,0.817460,0.926808
GDF15,0.000000,0.000000,Source: gse20194,0.913043,0.817460,0.926808
MSLN,0.000000,0.000000,Source: gse20194,0.913043,0.817460,0.926808
CLEC11A,0.000000,0.000000,Source: gse20194,0.913043,0.817460,0.926808
CA4,0.000000,0.000000,Source: gse20194,0.913043,0.817460,0.926808
LZTFL1,0.000000,0.000000,Source: gse20194,0.913043,0.817460,0.926808
TINF2,0.000000,0.000000,Source: gse20194,0.913043,0.817460,0.926808
G0S2,0.000000,0.000000,Source: gse20194,0.913043,0.817460,0.926808
UBP1,0.000000,0.000000,Source: gse20194,0.913043,0.817460,0.926808
TFB1M,0.000000,0.000000,Source: gse20194,0.913043,0.817460,0.926808
SECISBP2L,0.000000,0.000000,Source: gse20194,0.913043,0.817460,0.926808
TLR7,0.000000,0.000000,Source: gse20194,0.913043,0.817460,0.926808
HSD17B2,0.000000,0.000000,Source: gse20194,0.913043,0.817460,0.926808
LOC100130331,0.000000,0.000000,Source: gse20194,0.913043,0.817460,0.926808
CBL,0.000000,0.000000,Source: gse20194,0.913043,0.817460,0.926808
MED21,0.000000,0.000000,Source: gse20194,0.913043,0.817460,0.926808
ZFX,0.000000,0.000000,Source: gse20194,0.913043,0.817460,0.926808
SAFB,0.000000,0.000000,Source: gse20194,0.913043,0.817460,0.926808
SMARCC2,0.000000,0.000000,Source: gse20194,0.913043,0.817460,0.926808
CCDC69,0.000000,0.000000,Source: gse20194,0.913043,0.817460,0.926808
B4GALT3,0.000000,0.000000,Source: gse20194,0.913043,0.817460,0.926808
OR2J2,0.000000,0.000000,Source: gse20194,0.913043,0.817460,0.926808
MAMLD1,0.000000,0.000000,Source: gse20194,0.913043,0.817460,0.926808
BUB1,0.000000,0.000000,Source: gse20194,0.913043,0.817460,0.926808
KCTD12,0.000000,0.000000,Source: gse20194,0.913043,0.817460,0.926808
NTSR2,0.000000,0.000000,Source: gse20194,0.913043,0.817460,0.926808
OR7A17,0.000000,0.000000,Source: gse20194,0.913043,0.817460,0.926808
ADIPOQ,0.000000,0.000000,Source: gse20194,0.913043,0.817460,0.926808
FAM168A,0.000000,0.000000,Source: gse20194,0.913043,0.817460,0.926808
INHA,0.000000,0.000000,Source: gse20194,0.913043,0.817460,0.926808
SKP2,0.000000,0.000000,Source: gse20194,0.913043,0.817460,0.926808
CCDC51,0.000000,0.000000,Source: gse20194,0.913043,0.817460,0.926808
CDKL2,0.000000,0.000000,Source: gse20194,0.913043,0.817460,0.926808
NUP93,0.000000,0.000000,Source: gse20194,0.913043,0.817460,0.926808
GLTP,0.000000,0.000000,Source: gse20194,0.913043,0.817460,0.926808
OPRM1,0.000000,0.000000,Source: gse20194,0.913043,0.817460,0.926808
EHD4,0.000000,0.000000,Source: gse20194,0.913043,0.817460,0.926808
LYPLA2,0.000000,0.000000,Source: gse20194,0.913043,0.817460,0.926808
APPBP2,0.000000,0.000000,Source: gse20194,0.913043,0.817460,0.926808
FNBP4,0.000000,0.000000,Source: gse20194,0.913043,0.817460,0.926808
MGAT2,0.000000,0.000000,Source: gse20194,0.913043,0.817460,0.926808
GPRC5B,0.000000,0.000000,Source: gse20194,0.913043,0.817460,0.926808
GALNT10,0.000000,0.000000,Source: gse20194,0.913043,0.817460,0.926808
AQP2,0.000000,0.000000,Source: gse20194,0.913043,0.817460,0.926808
ENC1,0.000000,0.000000,Source: gse20194,0.913043,0.817460,0.926808
CLCA3P,0.000000,0.000000,Source: gse20194,0.913043,0.817460,0.926808
NET1,0.000000,0.000000,Source: gse20194,0.913043,0.817460,0.926808
MINPP1,0.000000,0.000000,Source: gse20194,0.913043,0.817460,0.926808
PPP2R1B,0.000000,0.000000,Source: gse20194,0.913043,0.817460,0.926808
HOXA11,0.000000,0.000000,Source: gse20194,0.913043,0.817460,0.926808
DECR2,0.000000,0.000000,Source: gse20194,0.913043,0.817460,0.926808
RAC1,0.000000,0.000000,Source: gse20194,0.913043,0.817460,0.926808
TMEM140,0.000000,0.000000,Source: gse20194,0.913043,0.817460,0.926808
RNF220,0.000000,0.000000,Source: gse20194,0.913043,0.817460,0.926808
AKAP13,0.000000,0.000000,Source: gse20194,0.913043,0.817460,0.926808
FLT3LG,0.000000,0.000000,Source: gse20194,0.913043,0.817460,0.926808
LONP2,0.000000,0.000000,Source: gse20194,0.913043,0.817460,0.926808
FOXN1,0.000000,0.000000,Source: gse20194,0.913043,0.817460,0.926808
ZNF331,0.000000,0.000000,Source: gse20194,0.913043,0.817460,0.926808
ZNF576,0.000000,0.000000,Source: gse20194,0.913043,0.817460,0.926808
THYN1,0.000000,0.000000,Source: gse20194,0.913043,0.817460,0.926808
BACE1,0.000000,0.000000,Source: gse20194,0.913043,0.817460,0.926808
SLC13A2,0.000000,0.000000,Source: gse20194,0.913043,0.817460,0.926808
IFNA2,0.000000,0.000000,Source: gse20194,0.913043,0.817460,0.926808
MTHFD1,0.000000,0.000000,Source: gse20194,0.913043,0.817460,0.926808
B4GALT7,0.000000,0.000000,Source: gse20194,0.913043,0.817460,0.926808
APLNR,0.000000,0.000000,Source: gse20194,0.913043,0.817460,0.926808
MCF2L2,0.000000,0.000000,Source: gse20194,0.913043,0.817460,0.926808
GFI1,0.000000,0.000000,Source: gse20194,0.913043,0.817460,0.926808
TMEM187,0.000000,0.000000,Source: gse20194,0.913043,0.817460,0.926808
STK17B,0.000000,0.000000,Source: gse20194,0.913043,0.817460,0.926808
ERAP2,0.000000,0.000000,Source: gse20194,0.913043,0.817460,0.926808
GSG1,0.000000,0.000000,Source: gse20194,0.913043,0.817460,0.926808
PIP5K1C,0.000000,0.000000,Source: gse20194,0.913043,0.817460,0.926808
CDK8,0.000000,0.000000,Source: gse20194,0.913043,0.817460,0.926808
FKBP11,0.000000,0.000000,Source: gse20194,0.913043,0.817460,0.926808
CUL2,0.000000,0.000000,Source: gse20194,0.913043,0.817460,0.926808
OSGEP,0.000000,0.000000,Source: gse20194,0.913043,0.817460,0.926808
SERPINB7,0.000000,0.000000,Source: gse20194,0.913043,0.817460,0.926808
SETDB1,0.000000,0.000000,Source: gse20194,0.913043,0.817460,0.926808
CRYL1,0.000000,0.000000,Source: gse20194,0.913043,0.817460,0.926808
HOXC4,0.000000,0.000000,Source: gse20194,0.913043,0.817460,0.926808
SRRM1,0.000000,0.000000,Source: gse20194,0.913043,0.817460,0.926808
PLEKHB1,0.000000,0.000000,Source: gse20194,0.913043,0.817460,0.926808
GORASP1,0.000000,0.000000,Source: gse20194,0.913043,0.817460,0.926808
TUBB4B,0.000000,0.000000,Source: gse20194,0.913043,0.817460,0.926808
UBTF,0.000000,0.000000,Source: gse20194,0.913043,0.817460,0.926808
IRGQ,0.000000,0.000000,Source: gse20194,0.913043,0.817460,0.926808
MYOZ1,0.000000,0.000000,Source: gse20194,0.913043,0.817460,0.926808
RPL3,0.000000,0.000000,Source: gse20194,0.913043,0.817460,0.926808
LRP8,0.000000,0.000000,Source: gse20194,0.913043,0.817460,0.926808
NELL1,0.000000,0.000000,Source: gse20194,0.913043,0.817460,0.926808
GPR45,0.000000,0.000000,Source: gse20194,0.913043,0.817460,0.926808
FARSA,0.000000,0.000000,Source: gse20194,0.913043,0.817460,0.926808
INVS,0.000000,0.000000,Source: gse20194,0.913043,0.817460,0.926808
MPRIP,0.000000,0.000000,Source: gse20194,0.913043,0.817460,0.926808
SCRIB,0.000000,0.000000,Source: gse20194,0.913043,0.817460,0.926808
CYB5R4,0.000000,0.000000,Source: gse20194,0.913043,0.817460,0.926808
FAT4,0.000000,0.000000,Source: gse20194,0.913043,0.817460,0.926808
TNP2,0.000000,0.000000,Source: gse20194,0.913043,0.817460,0.926808
ZNF134,0.000000,0.000000,Source: gse20194,0.913043,0.817460,0.926808
ISLR,0.000000,0.000000,Source: gse20194,0.913043,0.817460,0.926808
FAM13B,0.000000,0.000000,Source: gse20194,0.913043,0.817460,0.926808
GBX1,0.000000,0.000000,Source: gse20194,0.913043,0.817460,0.926808
JAM3,0.000000,0.000000,Source: gse20194,0.913043,0.817460,0.926808
UFL1,0.000000,0.000000,Source: gse20194,0.913043,0.817460,0.926808
BFSP2,0.000000,0.000000,Source: gse20194,0.913043,0.817460,0.926808
C22orf31,0.000000,0.000000,Source: gse20194,0.913043,0.817460,0.926808
DRD3,0.000000,0.000000,Source: gse20194,0.913043,0.817460,0.926808
UXS1,0.000000,0.000000,Source: gse20194,0.913043,0.817460,0.926808
FCER1A,0.000000,0.000000,Source: gse20194,0.913043,0.817460,0.926808
GPT,0.000000,0.000000,Source: gse20194,0.913043,0.817460,0.926808
TM4SF4,0.000000,0.000000,Source: gse20194,0.913043,0.817460,0.926808
VAV2,0.000000,0.000000,Source: gse20194,0.913043,0.817460,0.926808
SLC5A1,0.000000,0.000000,Source: gse20194,0.913043,0.817460,0.926808
GPR171,0.000000,0.000000,Source: gse20194,0.913043,0.817460,0.926808
RBM15,0.000000,0.000000,Source: gse20194,0.913043,0.817460,0.926808
FAM13A,0.000000,0.000000,Source: gse20194,0.913043,0.817460,0.926808
AKT2,0.000000,0.000000,Source: gse20194,0.913043,0.817460,0.926808
MMP7,0.000000,0.000000,Source: gse20194,0.913043,0.817460,0.926808
TRIO,0.000000,0.000000,Source: gse20194,0.913043,0.817460,0.926808
PIGC,0.000000,0.000000,Source: gse20194,0.913043,0.817460,0.926808
PEBP1,0.000000,0.000000,Source: gse20194,0.913043,0.817460,0.926808
ACP2,0.000000,0.000000,Source: gse20194,0.913043,0.817460,0.926808
PCSK2,0.000000,0.000000,Source: gse20194,0.913043,0.817460,0.926808
TNFSF4,0.000000,0.000000,Source: gse20194,0.913043,0.817460,0.926808
PLCB4,0.000000,0.000000,Source: gse20194,0.913043,0.817460,0.926808
CR2,0.000000,0.000000,Source: gse20194,0.913043,0.817460,0.926808
ERN2,0.000000,0.000000,Source: gse20194,0.913043,0.817460,0.926808
SLC30A10,0.000000,0.000000,Source: gse20194,0.913043,0.817460,0.926808
ARF1,0.000000,0.000000,Source: gse20194,0.913043,0.817460,0.926808
CTCF,0.000000,0.000000,Source: gse20194,0.913043,0.817460,0.926808
TRNAU1AP,0.000000,0.000000,Source: gse20194,0.913043,0.817460,0.926808
PDE12,0.000000,0.000000,Source: gse20194,0.913043,0.817460,0.926808
TMPO,0.000000,0.000000,Source: gse20194,0.913043,0.817460,0.926808
FBXO40,0.000000,0.000000,Source: gse20194,0.913043,0.817460,0.926808
OMP,0.000000,0.000000,Source: gse20194,0.913043,0.817460,0.926808
ALCAM,0.000000,0.000000,Source: gse20194,0.913043,0.817460,0.926808
CAND2,0.000000,0.000000,Source: gse20194,0.913043,0.817460,0.926808
PTTG2,0.000000,0.000000,Source: gse20194,0.913043,0.817460,0.926808
VTN,0.000000,0.000000,Source: gse20194,0.913043,0.817460,0.926808
KRT32,0.000000,0.000000,Source: gse20194,0.913043,0.817460,0.926808
GAD1,0.000000,0.000000,Source: gse20194,0.913043,0.817460,0.926808
ZNF211,0.000000,0.000000,Source: gse20194,0.913043,0.817460,0.926808
CEP55,0.000000,0.000000,Source: gse20194,0.913043,0.817460,0.926808
MTTP,0.000000,0.000000,Source: gse20194,0.913043,0.817460,0.926808
TEX11,0.000000,0.000000,Source: gse20194,0.913043,0.817460,0.926808
IKZF5,0.000000,0.000000,Source: gse20194,0.913043,0.817460,0.926808
CDS2,0.000000,0.000000,Source: gse20194,0.913043,0.817460,0.926808
ATXN7L3B,0.000000,0.000000,Source: gse20194,0.913043,0.817460,0.926808
CACYBP,0.000000,0.000000,Source: gse20194,0.913043,0.817460,0.926808
MAGT1,0.000000,0.000000,Source: gse20194,0.913043,0.817460,0.926808
TRIM36,0.000000,0.000000,Source: gse20194,0.913043,0.817460,0.926808
GRIK5,0.000000,0.000000,Source: gse20194,0.913043,0.817460,0.926808
CST1,0.000000,0.000000,Source: gse20194,0.913043,0.817460,0.926808
DLX6,0.000000,0.000000,Source: gse20194,0.913043,0.817460,0.926808
JPH2,0.000000,0.000000,Source: gse20194,0.913043,0.817460,0.926808
ATP1A1,0.000000,0.000000,Source: gse20194,0.913043,0.817460,0.926808
NNAT,0.000000,0.000000,Source: gse20194,0.913043,0.817460,0.926808
ZNF276,0.000000,0.000000,Source: gse20194,0.913043,0.817460,0.926808
SPSB3,0.000000,0.000000,Source: gse20194,0.913043,0.817460,0.926808
FHL1,0.000000,0.000000,Source: gse20194,0.913043,0.817460,0.926808
MYO6,0.000000,0.000000,Source: gse20194,0.913043,0.817460,0.926808
RNF111,0.000000,0.000000,Source: gse20194,0.913043,0.817460,0.926808
ASMTL-AS1,0.000000,0.000000,Source: gse20194,0.913043,0.817460,0.926808
CD40LG,0.000000,0.000000,Source: gse20194,0.913043,0.817460,0.926808
FAM184A,0.000000,0.000000,Source: gse20194,0.913043,0.817460,0.926808
ZFP36L1,0.000000,0.000000,Source: gse20194,0.913043,0.817460,0.926808
HYAL3,0.000000,0.000000,Source: gse20194,0.913043,0.817460,0.926808
NME7,0.000000,0.000000,Source: gse20194,0.913043,0.817460,0.926808
AMZ2,0.000000,0.000000,Source: gse20194,0.913043,0.817460,0.926808
CALY,0.000000,0.000000,Source: gse20194,0.913043,0.817460,0.926808
CAT,0.000000,0.000000,Source: gse20194,0.913043,0.817460,0.926808
CMC2,0.000000,0.000000,Source: gse20194,0.913043,0.817460,0.926808
OAS1,0.000000,0.000000,Source: gse20194,0.913043,0.817460,0.926808
GDF3,0.000000,0.000000,Source: gse20194,0.913043,0.817460,0.926808
SEMA6B,0.000000,0.000000,Source: gse20194,0.913043,0.817460,0.926808
CUL4B,0.000000,0.000000,Source: gse20194,0.913043,0.817460,0.926808
SLC6A20,0.000000,0.000000,Source: gse20194,0.913043,0.817460,0.926808
THRB,0.000000,0.000000,Source: gse20194,0.913043,0.817460,0.926808
MAP4K5,0.000000,0.000000,Source: gse20194,0.913043,0.817460,0.926808
SLC25A31,0.000000,0.000000,Source: gse20194,0.913043,0.817460,0.926808
DLEU2,0.000000,0.000000,Source: gse20194,0.913043,0.817460,0.926808
AMFR,0.000000,0.000000,Source: gse20194,0.913043,0.817460,0.926808
TTC17,0.000000,0.000000,Source: gse20194,0.913043,0.817460,0.926808
NAP1L3,0.000000,0.000000,Source: gse20194,0.913043,0.817460,0.926808
BAG5,0.000000,0.000000,Source: gse20194,0.913043,0.817460,0.926808
CLCN5,0.000000,0.000000,Source: gse20194,0.913043,0.817460,0.926808
EHMT2,0.000000,0.000000,Source: gse20194,0.913043,0.817460,0.926808
MPHOSPH8,0.000000,0.000000,Source: gse20194,0.913043,0.817460,0.926808
SDHAF1,0.000000,0.000000,Source: gse20194,0.913043,0.817460,0.926808
TXN2,0.000000,0.000000,Source: gse20194,0.913043,0.817460,0.926808
TROAP,0.000000,0.000000,Source: gse20194,0.913043,0.817460,0.926808
USPL1,0.000000,0.000000,Source: gse20194,0.913043,0.817460,0.926808
MORN1,0.000000,0.000000,Source: gse20194,0.913043,0.817460,0.926808
SF3B3,0.000000,0.000000,Source: gse20194,0.913043,0.817460,0.926808
COMT,0.000000,0.000000,Source: gse20194,0.913043,0.817460,0.926808
ZNF473,0.000000,0.000000,Source: gse20194,0.913043,0.817460,0.926808
EIF1,0.000000,0.000000,Source: gse20194,0.913043,0.817460,0.926808
ACE2,0.000000,0.000000,Source: gse20194,0.913043,0.817460,0.926808
TRPM4,0.000000,0.000000,Source: gse20194,0.913043,0.817460,0.926808
NEUROD1,0.000000,0.000000,Source: gse20194,0.913043,0.817460,0.926808
LONRF3,0.000000,0.000000,Source: gse20194,0.913043,0.817460,0.926808
THY1,0.000000,0.000000,Source: gse20194,0.913043,0.817460,0.926808
RAB27A,0.000000,0.000000,Source: gse20194,0.913043,0.817460,0.926808
ARPC4,0.000000,0.000000,Source: gse20194,0.913043,0.817460,0.926808
MBOAT2,0.000000,0.000000,Source: gse20194,0.913043,0.817460,0.926808
TREX2,0.000000,0.000000,Source: gse20194,0.913043,0.817460,0.926808
RNF8,0.000000,0.000000,Source: gse20194,0.913043,0.817460,0.926808
RPL13A,0.000000,0.000000,Source: gse20194,0.913043,0.817460,0.926808
PTRH2,0.000000,0.000000,Source: gse20194,0.913043,0.817460,0.926808
EGFR,0.000000,0.000000,Source: gse20194,0.913043,0.817460,0.926808
AHNAK,0.000000,0.000000,Source: gse20194,0.913043,0.817460,0.926808
DENND1A,0.000000,0.000000,Source: gse20194,0.913043,0.817460,0.926808
TSPYL5,0.000000,0.000000,Source: gse20194,0.913043,0.817460,0.926808
FSTL1,0.000000,0.000000,Source: gse20194,0.913043,0.817460,0.926808
IL10RA,0.000000,0.000000,Source: gse20194,0.913043,0.817460,0.926808
CYP1B1,0.000000,0.000000,Source: gse20194,0.913043,0.817460,0.926808
RNF122,0.000000,0.000000,Source: gse20194,0.913043,0.817460,0.926808
SEC24A,0.000000,0.000000,Source: gse20194,0.913043,0.817460,0.926808
NPR2,0.000000,0.000000,Source: gse20194,0.913043,0.817460,0.926808
XYLT2,0.000000,0.000000,Source: gse20194,0.913043,0.817460,0.926808
HELZ,0.000000,0.000000,Source: gse20194,0.913043,0.817460,0.926808
GOLGB1,0.000000,0.000000,Source: gse20194,0.913043,0.817460,0.926808
LMBR1L,0.000000,0.000000,Source: gse20194,0.913043,0.817460,0.926808
DDX46,0.000000,0.000000,Source: gse20194,0.913043,0.817460,0.926808
CBX2,0.000000,0.000000,Source: gse20194,0.913043,0.817460,0.926808
STAG2,0.000000,0.000000,Source: gse20194,0.913043,0.817460,0.926808
LMTK2,0.000000,0.000000,Source: gse20194,0.913043,0.817460,0.926808
ARPC5,0.000000,0.000000,Source: gse20194,0.913043,0.817460,0.926808
TUBB4A,0.000000,0.000000,Source: gse20194,0.913043,0.817460,0.926808
KREMEN2,0.000000,0.000000,Source: gse20194,0.913043,0.817460,0.926808
RIPK1,0.000000,0.000000,Source: gse20194,0.913043,0.817460,0.926808
SUN1,0.000000,0.000000,Source: gse20194,0.913043,0.817460,0.926808
BCL11B,0.000000,0.000000,Source: gse20194,0.913043,0.817460,0.926808
RIC8A,0.000000,0.000000,Source: gse20194,0.913043,0.817460,0.926808
BRDT,0.000000,0.000000,Source: gse20194,0.913043,0.817460,0.926808
CBX8,0.000000,0.000000,Source: gse20194,0.913043,0.817460,0.926808
DIO1,0.000000,0.000000,Source: gse20194,0.913043,0.817460,0.926808
FUT1,0.000000,0.000000,Source: gse20194,0.913043,0.817460,0.926808
APOBEC3B,0.000000,0.000000,Source: gse20194,0.913043,0.817460,0.926808
PDIA2,0.000000,0.000000,Source: gse20194,0.913043,0.817460,0.926808
ELF4,0.000000,0.000000,Source: gse20194,0.913043,0.817460,0.926808
STAMBP,0.000000,0.000000,Source: gse20194,0.913043,0.817460,0.926808
UROD,0.000000,0.000000,Source: gse20194,0.913043,0.817460,0.926808
ETFA,0.000000,0.000000,Source: gse20194,0.913043,0.817460,0.926808
PFKL,0.000000,0.000000,Source: gse20194,0.913043,0.817460,0.926808
PHACTR1,0.000000,0.000000,Source: gse20194,0.913043,0.817460,0.926808
FAAH,0.000000,0.000000,Source: gse20194,0.913043,0.817460,0.926808
C3AR1,0.000000,0.000000,Source: gse20194,0.913043,0.817460,0.926808
COL1A2,0.000000,0.000000,Source: gse20194,0.913043,0.817460,0.926808
ZNF419,0.000000,0.000000,Source: gse20194,0.913043,0.817460,0.926808
ANP32E,0.000000,0.000000,Source: gse20194,0.913043,0.817460,0.926808
HCFC1,0.000000,0.000000,Source: gse20194,0.913043,0.817460,0.926808
UXT,0.000000,0.000000,Source: gse20194,0.913043,0.817460,0.926808
TUBB3,0.000000,0.000000,Source: gse20194,0.913043,0.817460,0.926808
GK,0.000000,0.000000,Source: gse20194,0.913043,0.817460,0.926808
FOLR3,0.000000,0.000000,Source: gse20194,0.913043,0.817460,0.926808
GPKOW,0.000000,0.000000,Source: gse20194,0.913043,0.817460,0.926808
SCUBE2,0.000000,0.000000,Source: gse20194,0.913043,0.817460,0.926808
LPO,0.000000,0.000000,Source: gse20194,0.913043,0.817460,0.926808
EDN3,0.000000,0.000000,Source: gse20194,0.913043,0.817460,0.926808
CD40,0.000000,0.000000,Source: gse20194,0.913043,0.817460,0.926808
LHCGR,0.000000,0.000000,Source: gse20194,0.913043,0.817460,0.926808
PCDH12,0.000000,0.000000,Source: gse20194,0.913043,0.817460,0.926808
PRKRA,0.000000,0.000000,Source: gse20194,0.913043,0.817460,0.926808
TMEM41B,0.000000,0.000000,Source: gse20194,0.913043,0.817460,0.926808
CTBP2,0.000000,0.000000,Source: gse20194,0.913043,0.817460,0.926808
PROSER1,0.000000,0.000000,Source: gse20194,0.913043,0.817460,0.926808
POLR3F,0.000000,0.000000,Source: gse20194,0.913043,0.817460,0.926808
CADM3,0.000000,0.000000,Source: gse20194,0.913043,0.817460,0.926808
COL4A1,0.000000,0.000000,Source: gse20194,0.913043,0.817460,0.926808
CDK18,0.000000,0.000000,Source: gse20194,0.913043,0.817460,0.926808
HNF1B,0.000000,0.000000,Source: gse20194,0.913043,0.817460,0.926808
AFG3L2,0.000000,0.000000,Source: gse20194,0.913043,0.817460,0.926808
ACE,0.000000,0.000000,Source: gse20194,0.913043,0.817460,0.926808
DHDDS,0.000000,0.000000,Source: gse20194,0.913043,0.817460,0.926808
RAB30,0.000000,0.000000,Source: gse20194,0.913043,0.817460,0.926808
QDPR,0.000000,0.000000,Source: gse20194,0.913043,0.817460,0.926808
ZNF451,0.000000,0.000000,Source: gse20194,0.913043,0.817460,0.926808
MCM5,0.000000,0.000000,Source: gse20194,0.913043,0.817460,0.926808
ACAD10,0.000000,0.000000,Source: gse20194,0.913043,0.817460,0.926808
OSBPL10,0.000000,0.000000,Source: gse20194,0.913043,0.817460,0.926808
HJURP,0.000000,0.000000,Source: gse20194,0.913043,0.817460,0.926808
YTHDF3,0.000000,0.000000,Source: gse20194,0.913043,0.817460,0.926808
COMMD10,0.000000,0.000000,Source: gse20194,0.913043,0.817460,0.926808
NADK,0.000000,0.000000,Source: gse20194,0.913043,0.817460,0.926808
MRPL3,0.000000,0.000000,Source: gse20194,0.913043,0.817460,0.926808
CSTF3,0.000000,0.000000,Source: gse20194,0.913043,0.817460,0.926808
LMO2,0.000000,0.000000,Source: gse20194,0.913043,0.817460,0.926808
GC,0.000000,0.000000,Source: gse20194,0.913043,0.817460,0.926808
FOXO1,0.000000,0.000000,Source: gse20194,0.913043,0.817460,0.926808
LY86,0.000000,0.000000,Source: gse20194,0.913043,0.817460,0.926808
HOXD13,0.000000,0.000000,Source: gse20194,0.913043,0.817460,0.926808
SCG2,0.000000,0.000000,Source: gse20194,0.913043,0.817460,0.926808
MTSS1,0.000000,0.000000,Source: gse20194,0.913043,0.817460,0.926808
LMAN1,0.000000,0.000000,Source: gse20194,0.913043,0.817460,0.926808
ZNF669,0.000000,0.000000,Source: gse20194,0.913043,0.817460,0.926808
MFNG,0.000000,0.000000,Source: gse20194,0.913043,0.817460,0.926808
PPM1H,0.000000,0.000000,Source: gse20194,0.913043,0.817460,0.926808
ALOX12P2,0.000000,0.000000,Source: gse20194,0.913043,0.817460,0.926808
IQSEC3,0.000000,0.000000,Source: gse20194,0.913043,0.817460,0.926808
PWP1,0.000000,0.000000,Source: gse20194,0.913043,0.817460,0.926808
GDF5,0.000000,0.000000,Source: gse20194,0.913043,0.817460,0.926808
GSK3A,0.000000,0.000000,Source: gse20194,0.913043,0.817460,0.926808
TCEAL2,0.000000,0.000000,Source: gse20194,0.913043,0.817460,0.926808
SERGEF,0.000000,0.000000,Source: gse20194,0.913043,0.817460,0.926808
SLC25A28,0.000000,0.000000,Source: gse20194,0.913043,0.817460,0.926808
SERPINB3,0.000000,0.000000,Source: gse20194,0.913043,0.817460,0.926808
AKAP11,0.000000,0.000000,Source: gse20194,0.913043,0.817460,0.926808
KDM4B,0.000000,0.000000,Source: gse20194,0.913043,0.817460,0.926808
ULBP1,0.000000,0.000000,Source: gse20194,0.913043,0.817460,0.926808
HSD17B11,0.000000,0.000000,Source: gse20194,0.913043,0.817460,0.926808
MFSD6,0.000000,0.000000,Source: gse20194,0.913043,0.817460,0.926808
SAMD14,0.000000,0.000000,Source: gse20194,0.913043,0.817460,0.926808
SLC44A4,0.000000,0.000000,Source: gse20194,0.913043,0.817460,0.926808
CENPE,0.000000,0.000000,Source: gse20194,0.913043,0.817460,0.926808
DRD2,0.000000,0.000000,Source: gse20194,0.913043,0.817460,0.926808
PAPOLA,0.000000,0.000000,Source: gse20194,0.913043,0.817460,0.926808
SF3B4,0.000000,0.000000,Source: gse20194,0.913043,0.817460,0.926808
CARM1,0.000000,0.000000,Source: gse20194,0.913043,0.817460,0.926808
LIPG,0.000000,0.000000,Source: gse20194,0.913043,0.817460,0.926808
CAMKK2,0.000000,0.000000,Source: gse20194,0.913043,0.817460,0.926808
PTPRA,0.000000,0.000000,Source: gse20194,0.913043,0.817460,0.926808
ARL15,0.000000,0.000000,Source: gse20194,0.913043,0.817460,0.926808
CEMP1,0.000000,0.000000,Source: gse20194,0.913043,0.817460,0.926808
MAST1,0.000000,0.000000,Source: gse20194,0.913043,0.817460,0.926808
PRKCE,0.000000,0.000000,Source: gse20194,0.913043,0.817460,0.926808
STX12,0.000000,0.000000,Source: gse20194,0.913043,0.817460,0.926808
CLPS,0.000000,0.000000,Source: gse20194,0.913043,0.817460,0.926808
CD58,0.000000,0.000000,Source: gse20194,0.913043,0.817460,0.926808
FGF1,0.000000,0.000000,Source: gse20194,0.913043,0.817460,0.926808
TBX5,0.000000,0.000000,Source: gse20194,0.913043,0.817460,0.926808
AP2A2,0.000000,0.000000,Source: gse20194,0.913043,0.817460,0.926808
PCNP,0.000000,0.000000,Source: gse20194,0.913043,0.817460,0.926808
SCGB2A2,0.000000,0.000000,Source: gse20194,0.913043,0.817460,0.926808
TOX3,0.000000,0.000000,Source: gse20194,0.913043,0.817460,0.926808
GAA,0.000000,0.000000,Source: gse20194,0.913043,0.817460,0.926808
STXBP5L,0.000000,0.000000,Source: gse20194,0.913043,0.817460,0.926808
SERPINA6,0.000000,0.000000,Source: gse20194,0.913043,0.817460,0.926808
SNAI1,0.000000,0.000000,Source: gse20194,0.913043,0.817460,0.926808
AAGAB,0.000000,0.000000,Source: gse20194,0.913043,0.817460,0.926808
NDST4,0.000000,0.000000,Source: gse20194,0.913043,0.817460,0.926808
MATN4,0.000000,0.000000,Source: gse20194,0.913043,0.817460,0.926808
SACM1L,0.000000,0.000000,Source: gse20194,0.913043,0.817460,0.926808
IL2RG,0.000000,0.000000,Source: gse20194,0.913043,0.817460,0.926808
FCER1G,0.000000,0.000000,Source: gse20194,0.913043,0.817460,0.926808
HSD11B1,0.000000,0.000000,Source: gse20194,0.913043,0.817460,0.926808
KCNK5,0.000000,0.000000,Source: gse20194,0.913043,0.817460,0.926808
DNALI1,0.000000,0.000000,Source: gse20194,0.913043,0.817460,0.926808
TASP1,0.000000,0.000000,Source: gse20194,0.913043,0.817460,0.926808
FEZ1,0.000000,0.000000,Source: gse20194,0.913043,0.817460,0.926808
KCNK10,0.000000,0.000000,Source: gse20194,0.913043,0.817460,0.926808
TNP1,0.000000,0.000000,Source: gse20194,0.913043,0.817460,0.926808
PLXND1,0.000000,0.000000,Source: gse20194,0.913043,0.817460,0.926808
RCOR3,0.000000,0.000000,Source: gse20194,0.913043,0.817460,0.926808
MYO9A,0.000000,0.000000,Source: gse20194,0.913043,0.817460,0.926808
POLB,0.000000,0.000000,Source: gse20194,0.913043,0.817460,0.926808
MAP2K7,0.000000,0.000000,Source: gse20194,0.913043,0.817460,0.926808
MAPK14,0.000000,0.000000,Source: gse20194,0.913043,0.817460,0.926808
ABCF1,0.000000,0.000000,Source: gse20194,0.913043,0.817460,0.926808
GDAP1L1,0.000000,0.000000,Source: gse20194,0.913043,0.817460,0.926808
TPK1,0.000000,0.000000,Source: gse20194,0.913043,0.817460,0.926808
MOSPD2,0.000000,0.000000,Source: gse20194,0.913043,0.817460,0.926808
NCS1,0.000000,0.000000,Source: gse20194,0.913043,0.817460,0.926808
GATAD1,0.000000,0.000000,Source: gse20194,0.913043,0.817460,0.926808
SIRPA,0.000000,0.000000,Source: gse20194,0.913043,0.817460,0.926808
TARDBP,0.000000,0.000000,Source: gse20194,0.913043,0.817460,0.926808
VPS39,0.000000,0.000000,Source: gse20194,0.913043,0.817460,0.926808
FAU,0.000000,0.000000,Source: gse20194,0.913043,0.817460,0.926808
TEX10,0.000000,0.000000,Source: gse20194,0.913043,0.817460,0.926808
FOXD3,0.000000,0.000000,Source: gse20194,0.913043,0.817460,0.926808
TUSC3,0.000000,0.000000,Source: gse20194,0.913043,0.817460,0.926808
FN3K,0.000000,0.000000,Source: gse20194,0.913043,0.817460,0.926808
ZBTB22,0.000000,0.000000,Source: gse20194,0.913043,0.817460,0.926808
ASPA,0.000000,0.000000,Source: gse20194,0.913043,0.817460,0.926808
SARS2,0.000000,0.000000,Source: gse20194,0.913043,0.817460,0.926808
RARRES1,0.000000,0.000000,Source: gse20194,0.913043,0.817460,0.926808
COL17A1,0.000000,0.000000,Source: gse20194,0.913043,0.817460,0.926808
ARF5,0.000000,0.000000,Source: gse20194,0.913043,0.817460,0.926808
ETV2,0.000000,0.000000,Source: gse20194,0.913043,0.817460,0.926808
ZNF207,0.000000,0.000000,Source: gse20194,0.913043,0.817460,0.926808
CTRB2,0.000000,0.000000,Source: gse20194,0.913043,0.817460,0.926808
KLK13,0.000000,0.000000,Source: gse20194,0.913043,0.817460,0.926808
KLK12,0.000000,0.000000,Source: gse20194,0.913043,0.817460,0.926808
TPMT,0.000000,0.000000,Source: gse20194,0.913043,0.817460,0.926808
CFP,0.000000,0.000000,Source: gse20194,0.913043,0.817460,0.926808
KCNJ16,0.000000,0.000000,Source: gse20194,0.913043,0.817460,0.926808
RRAGB,0.000000,0.000000,Source: gse20194,0.913043,0.817460,0.926808
KIFAP3,0.000000,0.000000,Source: gse20194,0.913043,0.817460,0.926808
ARHGEF4,0.000000,0.000000,Source: gse20194,0.913043,0.817460,0.926808
EBAG9,0.000000,0.000000,Source: gse20194,0.913043,0.817460,0.926808
MED31,0.000000,0.000000,Source: gse20194,0.913043,0.817460,0.926808
NR0B1,0.000000,0.000000,Source: gse20194,0.913043,0.817460,0.926808
AR,0.000000,0.000000,Source: gse20194,0.913043,0.817460,0.926808
RASSF4,0.000000,0.000000,Source: gse20194,0.913043,0.817460,0.926808
SLC39A14,0.000000,0.000000,Source: gse20194,0.913043,0.817460,0.926808
ANKRD11,0.000000,0.000000,Source: gse20194,0.913043,0.817460,0.926808
C3orf52,0.000000,0.000000,Source: gse20194,0.913043,0.817460,0.926808
MRPS27,0.000000,0.000000,Source: gse20194,0.913043,0.817460,0.926808
PRRX1,0.000000,0.000000,Source: gse20194,0.913043,0.817460,0.926808
AKAP9,0.000000,0.000000,Source: gse20194,0.913043,0.817460,0.926808
AKR7A2,0.000000,0.000000,Source: gse20194,0.913043,0.817460,0.926808
HLA-DQA1,0.000000,0.000000,Source: gse20194,0.913043,0.817460,0.926808
CAPN10,0.000000,0.000000,Source: gse20194,0.913043,0.817460,0.926808
CDK2,0.000000,0.000000,Source: gse20194,0.913043,0.817460,0.926808
JAM2,0.000000,0.000000,Source: gse20194,0.913043,0.817460,0.926808
EPB41,0.000000,0.000000,Source: gse20194,0.913043,0.817460,0.926808
SPACA1,0.000000,0.000000,Source: gse20194,0.913043,0.817460,0.926808
SUPT5H,0.000000,0.000000,Source: gse20194,0.913043,0.817460,0.926808
MSI1,0.000000,0.000000,Source: gse20194,0.913043,0.817460,0.926808
TMEM123,0.000000,0.000000,Source: gse20194,0.913043,0.817460,0.926808
TAS2R16,0.000000,0.000000,Source: gse20194,0.913043,0.817460,0.926808
CDH22,0.000000,0.000000,Source: gse20194,0.913043,0.817460,0.926808
ALG8,0.000000,0.000000,Source: gse20194,0.913043,0.817460,0.926808
PLAC8,0.000000,0.000000,Source: gse20194,0.913043,0.817460,0.926808
ANK1,0.000000,0.000000,Source: gse20194,0.913043,0.817460,0.926808
SPATA2,0.000000,0.000000,Source: gse20194,0.913043,0.817460,0.926808
TMEM100,0.000000,0.000000,Source: gse20194,0.913043,0.817460,0.926808
CLN3,0.000000,0.000000,Source: gse20194,0.913043,0.817460,0.926808
DIABLO,0.000000,0.000000,Source: gse20194,0.913043,0.817460,0.926808
NMT2,0.000000,0.000000,Source: gse20194,0.913043,0.817460,0.926808
SUGP1,0.000000,0.000000,Source: gse20194,0.913043,0.817460,0.926808
YIPF2,0.000000,0.000000,Source: gse20194,0.913043,0.817460,0.926808
ACOXL,0.000000,0.000000,Source: gse20194,0.913043,0.817460,0.926808
EDN2,0.000000,0.000000,Source: gse20194,0.913043,0.817460,0.926808
GABRD,0.000000,0.000000,Source: gse20194,0.913043,0.817460,0.926808
CDH9,0.000000,0.000000,Source: gse20194,0.913043,0.817460,0.926808
LGALS13,0.000000,0.000000,Source: gse20194,0.913043,0.817460,0.926808
PDYN,0.000000,0.000000,Source: gse20194,0.913043,0.817460,0.926808
SAR1B,0.000000,0.000000,Source: gse20194,0.913043,0.817460,0.926808
SFTPC,0.000000,0.000000,Source: gse20194,0.913043,0.817460,0.926808
PCDHA2,0.000000,0.000000,Source: gse20194,0.913043,0.817460,0.926808
PRR15L,0.000000,0.000000,Source: gse20194,0.913043,0.817460,0.926808
GCNT4,0.000000,0.000000,Source: gse20194,0.913043,0.817460,0.926808
ZNF654,0.000000,0.000000,Source: gse20194,0.913043,0.817460,0.926808
EIF3M,0.000000,0.000000,Source: gse20194,0.913043,0.817460,0.926808
NDUFAF3,0.000000,0.000000,Source: gse20194,0.913043,0.817460,0.926808
SRPK2,0.000000,0.000000,Source: gse20194,0.913043,0.817460,0.926808
PPP1R17,0.000000,0.000000,Source: gse20194,0.913043,0.817460,0.926808
SPAG5,0.000000,0.000000,Source: gse20194,0.913043,0.817460,0.926808
KLRC4,0.000000,0.000000,Source: gse20194,0.913043,0.817460,0.926808
KLF2,0.000000,0.000000,Source: gse20194,0.913043,0.817460,0.926808
PLA2G3,0.000000,0.000000,Source: gse20194,0.913043,0.817460,0.926808
UNC119B,0.000000,0.000000,Source: gse20194,0.913043,0.817460,0.926808
TXNRD2,0.000000,0.000000,Source: gse20194,0.913043,0.817460,0.926808
CLTCL1,0.000000,0.000000,Source: gse20194,0.913043,0.817460,0.926808
KCNN4,0.000000,0.000000,Source: gse20194,0.913043,0.817460,0.926808
ASGR1,0.000000,0.000000,Source: gse20194,0.913043,0.817460,0.926808
IL36A,0.000000,0.000000,Source: gse20194,0.913043,0.817460,0.926808
CENPQ,0.000000,0.000000,Source: gse20194,0.913043,0.817460,0.926808
ARAP2,0.000000,0.000000,Source: gse20194,0.913043,0.817460,0.926808
GUK1,0.000000,0.000000,Source: gse20194,0.913043,0.817460,0.926808
S1PR2,0.000000,0.000000,Source: gse20194,0.913043,0.817460,0.926808
EDC3,0.000000,0.000000,Source: gse20194,0.913043,0.817460,0.926808
TAPBPL,0.000000,0.000000,Source: gse20194,0.913043,0.817460,0.926808
ANXA2P3,0.000000,0.000000,Source: gse20194,0.913043,0.817460,0.926808
CLASP1,0.000000,0.000000,Source: gse20194,0.913043,0.817460,0.926808
GALR1,0.000000,0.000000,Source: gse20194,0.913043,0.817460,0.926808
CSF2RB,0.000000,0.000000,Source: gse20194,0.913043,0.817460,0.926808
FXR2,0.000000,0.000000,Source: gse20194,0.913043,0.817460,0.926808
KLHL3,0.000000,0.000000,Source: gse20194,0.913043,0.817460,0.926808
MAGEB1,0.000000,0.000000,Source: gse20194,0.913043,0.817460,0.926808
IFNA8,0.000000,0.000000,Source: gse20194,0.913043,0.817460,0.926808
CHRNB3,0.000000,0.000000,Source: gse20194,0.913043,0.817460,0.926808
LBH,0.000000,0.000000,Source: gse20194,0.913043,0.817460,0.926808
MLF2,0.000000,0.000000,Source: gse20194,0.913043,0.817460,0.926808
ZFAND5,0.000000,0.000000,Source: gse20194,0.913043,0.817460,0.926808
CBR3,0.000000,0.000000,Source: gse20194,0.913043,0.817460,0.926808
CSNK1G3,0.000000,0.000000,Source: gse20194,0.913043,0.817460,0.926808
SFT2D2,0.000000,0.000000,Source: gse20194,0.913043,0.817460,0.926808
SDHB,0.000000,0.000000,Source: gse20194,0.913043,0.817460,0.926808
P2RX2,0.000000,0.000000,Source: gse20194,0.913043,0.817460,0.926808
HBP1,0.000000,0.000000,Source: gse20194,0.913043,0.817460,0.926808
GLB1L2,0.000000,0.000000,Source: gse20194,0.913043,0.817460,0.926808
N4BP2L1,0.000000,0.000000,Source: gse20194,0.913043,0.817460,0.926808
PPRC1,0.000000,0.000000,Source: gse20194,0.913043,0.817460,0.926808
CDC42,0.000000,0.000000,Source: gse20194,0.913043,0.817460,0.926808
LPAR2,0.000000,0.000000,Source: gse20194,0.913043,0.817460,0.926808
MIS18A,0.000000,0.000000,Source: gse20194,0.913043,0.817460,0.926808
SH3BGRL,0.000000,0.000000,Source: gse20194,0.913043,0.817460,0.926808
ZMYM1,0.000000,0.000000,Source: gse20194,0.913043,0.817460,0.926808
FGF21,0.000000,0.000000,Source: gse20194,0.913043,0.817460,0.926808
KRT9,0.000000,0.000000,Source: gse20194,0.913043,0.817460,0.926808
THOC7,0.000000,0.000000,Source: gse20194,0.913043,0.817460,0.926808
GNL2,0.000000,0.000000,Source: gse20194,0.913043,0.817460,0.926808
AGBL2,0.000000,0.000000,Source: gse20194,0.913043,0.817460,0.926808
REEP4,0.000000,0.000000,Source: gse20194,0.913043,0.817460,0.926808
ECM1,0.000000,0.000000,Source: gse20194,0.913043,0.817460,0.926808
FGF23,0.000000,0.000000,Source: gse20194,0.913043,0.817460,0.926808
DAPP1,0.000000,0.000000,Source: gse20194,0.913043,0.817460,0.926808
VPS41,0.000000,0.000000,Source: gse20194,0.913043,0.817460,0.926808
RNF10,0.000000,0.000000,Source: gse20194,0.913043,0.817460,0.926808
PDLIM4,0.000000,0.000000,Source: gse20194,0.913043,0.817460,0.926808
DCAF15,0.000000,0.000000,Source: gse20194,0.913043,0.817460,0.926808
BPTF,0.000000,0.000000,Source: gse20194,0.913043,0.817460,0.926808
CASP7,0.000000,0.000000,Source: gse20194,0.913043,0.817460,0.926808
CSRP3,0.000000,0.000000,Source: gse20194,0.913043,0.817460,0.926808
SMARCE1,0.000000,0.000000,Source: gse20194,0.913043,0.817460,0.926808
CHKA,0.000000,0.000000,Source: gse20194,0.913043,0.817460,0.926808
CA14,0.000000,0.000000,Source: gse20194,0.913043,0.817460,0.926808
KDM2A,0.000000,0.000000,Source: gse20194,0.913043,0.817460,0.926808
PDK1,0.000000,0.000000,Source: gse20194,0.913043,0.817460,0.926808
TSPYL4,0.000000,0.000000,Source: gse20194,0.913043,0.817460,0.926808
PELI2,0.000000,0.000000,Source: gse20194,0.913043,0.817460,0.926808
CCDC88A,0.000000,0.000000,Source: gse20194,0.913043,0.817460,0.926808
BIRC7,0.000000,0.000000,Source: gse20194,0.913043,0.817460,0.926808
SCN1B,0.000000,0.000000,Source: gse20194,0.913043,0.817460,0.926808
MUC13,0.000000,0.000000,Source: gse20194,0.913043,0.817460,0.926808
TGDS,0.000000,0.000000,Source: gse20194,0.913043,0.817460,0.926808
TFAP2A,0.000000,0.000000,Source: gse20194,0.913043,0.817460,0.926808
PPIG,0.000000,0.000000,Source: gse20194,0.913043,0.817460,0.926808
CASQ2,0.000000,0.000000,Source: gse20194,0.913043,0.817460,0.926808
CLDN3,0.000000,0.000000,Source: gse20194,0.913043,0.817460,0.926808
CD68,0.000000,0.000000,Source: gse20194,0.913043,0.817460,0.926808
DNAJC2,0.000000,0.000000,Source: gse20194,0.913043,0.817460,0.926808
NKX2-5,0.000000,0.000000,Source: gse20194,0.913043,0.817460,0.926808
REST,0.000000,0.000000,Source: gse20194,0.913043,0.817460,0.926808
INTS3,0.000000,0.000000,Source: gse20194,0.913043,0.817460,0.926808
KCNE2,0.000000,0.000000,Source: gse20194,0.913043,0.817460,0.926808
TBCA,0.000000,0.000000,Source: gse20194,0.913043,0.817460,0.926808
GPR20,0.000000,0.000000,Source: gse20194,0.913043,0.817460,0.926808
JAK1,0.000000,0.000000,Source: gse20194,0.913043,0.817460,0.926808
MYO16,0.000000,0.000000,Source: gse20194,0.913043,0.817460,0.926808
SGPL1,0.000000,0.000000,Source: gse20194,0.913043,0.817460,0.926808
ZNF273,0.000000,0.000000,Source: gse20194,0.913043,0.817460,0.926808
PCDHA5,0.000000,0.000000,Source: gse20194,0.913043,0.817460,0.926808
DUOX1,0.000000,0.000000,Source: gse20194,0.913043,0.817460,0.926808
PDE5A,0.000000,0.000000,Source: gse20194,0.913043,0.817460,0.926808
IL18R1,0.000000,0.000000,Source: gse20194,0.913043,0.817460,0.926808
ARHGAP17,0.000000,0.000000,Source: gse20194,0.913043,0.817460,0.926808
ADCY3,0.000000,0.000000,Source: gse20194,0.913043,0.817460,0.926808
NDRG2,0.000000,0.000000,Source: gse20194,0.913043,0.817460,0.926808
MYL5,0.000000,0.000000,Source: gse20194,0.913043,0.817460,0.926808
ATM,0.000000,0.000000,Source: gse20194,0.913043,0.817460,0.926808
PCSK5,0.000000,0.000000,Source: gse20194,0.913043,0.817460,0.926808
BCKDHA,0.000000,0.000000,Source: gse20194,0.913043,0.817460,0.926808
AHDC1,0.000000,0.000000,Source: gse20194,0.913043,0.817460,0.926808
WDR1,0.000000,0.000000,Source: gse20194,0.913043,0.817460,0.926808
COL4A3,0.000000,0.000000,Source: gse20194,0.913043,0.817460,0.926808
IQCC,0.000000,0.000000,Source: gse20194,0.913043,0.817460,0.926808
PKNOX2,0.000000,0.000000,Source: gse20194,0.913043,0.817460,0.926808
DMRT1,0.000000,0.000000,Source: gse20194,0.913043,0.817460,0.926808
ADAMTS5,0.000000,0.000000,Source: gse20194,0.913043,0.817460,0.926808
FPR3,0.000000,0.000000,Source: gse20194,0.913043,0.817460,0.926808
FAM114A1,0.000000,0.000000,Source: gse20194,0.913043,0.817460,0.926808
GNAT3,0.000000,0.000000,Source: gse20194,0.913043,0.817460,0.926808
SMARCD2,0.000000,0.000000,Source: gse20194,0.913043,0.817460,0.926808
PVRIG,0.000000,0.000000,Source: gse20194,0.913043,0.817460,0.926808
GPR68,0.000000,0.000000,Source: gse20194,0.913043,0.817460,0.926808
WNT7B,0.000000,0.000000,Source: gse20194,0.913043,0.817460,0.926808
MIPEP,0.000000,0.000000,Source: gse20194,0.913043,0.817460,0.926808
GOLGA2P5,0.000000,0.000000,Source: gse20194,0.913043,0.817460,0.926808
GNG3,0.000000,0.000000,Source: gse20194,0.913043,0.817460,0.926808
ARHGAP1,0.000000,0.000000,Source: gse20194,0.913043,0.817460,0.926808
TFF3,0.000000,0.000000,Source: gse20194,0.913043,0.817460,0.926808
PAF1,0.000000,0.000000,Source: gse20194,0.913043,0.817460,0.926808
TUBG1,0.000000,0.000000,Source: gse20194,0.913043,0.817460,0.926808
SLC4A7,0.000000,0.000000,Source: gse20194,0.913043,0.817460,0.926808
CTBP1,0.000000,0.000000,Source: gse20194,0.913043,0.817460,0.926808
CHST4,0.000000,0.000000,Source: gse20194,0.913043,0.817460,0.926808
BRIP1,0.000000,0.000000,Source: gse20194,0.913043,0.817460,0.926808
PTTG1,0.000000,0.000000,Source: gse20194,0.913043,0.817460,0.926808
SMURF1,0.000000,0.000000,Source: gse20194,0.913043,0.817460,0.926808
SLC39A4,0.000000,0.000000,Source: gse20194,0.913043,0.817460,0.926808
CAND1,0.000000,0.000000,Source: gse20194,0.913043,0.817460,0.926808
MYBL2,0.000000,0.000000,Source: gse20194,0.913043,0.817460,0.926808
ENAH,0.000000,0.000000,Source: gse20194,0.913043,0.817460,0.926808
MRPL44,0.000000,0.000000,Source: gse20194,0.913043,0.817460,0.926808
ATPAF2,0.000000,0.000000,Source: gse20194,0.913043,0.817460,0.926808
NDRG4,0.000000,0.000000,Source: gse20194,0.913043,0.817460,0.926808
AKR1C3,0.000000,0.000000,Source: gse20194,0.913043,0.817460,0.926808
FGF9,0.000000,0.000000,Source: gse20194,0.913043,0.817460,0.926808
PREX2,0.000000,0.000000,Source: gse20194,0.913043,0.817460,0.926808
LETMD1,0.000000,0.000000,Source: gse20194,0.913043,0.817460,0.926808
LIN7A,0.000000,0.000000,Source: gse20194,0.913043,0.817460,0.926808
CENPA,0.000000,0.000000,Source: gse20194,0.913043,0.817460,0.926808
CSNK1A1,0.000000,0.000000,Source: gse20194,0.913043,0.817460,0.926808
OTOF,0.000000,0.000000,Source: gse20194,0.913043,0.817460,0.926808
MIP,0.000000,0.000000,Source: gse20194,0.913043,0.817460,0.926808
VPS35,0.000000,0.000000,Source: gse20194,0.913043,0.817460,0.926808
XPO4,0.000000,0.000000,Source: gse20194,0.913043,0.817460,0.926808
NPAS2,0.000000,0.000000,Source: gse20194,0.913043,0.817460,0.926808
BBS9,0.000000,0.000000,Source: gse20194,0.913043,0.817460,0.926808
UGGT2,0.000000,0.000000,Source: gse20194,0.913043,0.817460,0.926808
TCFL5,0.000000,0.000000,Source: gse20194,0.913043,0.817460,0.926808
SCAMP3,0.000000,0.000000,Source: gse20194,0.913043,0.817460,0.926808
MOCS1,0.000000,0.000000,Source: gse20194,0.913043,0.817460,0.926808
ATG2A,0.000000,0.000000,Source: gse20194,0.913043,0.817460,0.926808
FGL1,0.000000,0.000000,Source: gse20194,0.913043,0.817460,0.926808
UBE2D1,0.000000,0.000000,Source: gse20194,0.913043,0.817460,0.926808
AKR1A1,0.000000,0.000000,Source: gse20194,0.913043,0.817460,0.926808
STARD3,0.000000,0.000000,Source: gse20194,0.913043,0.817460,0.926808
FBXO34,0.000000,0.000000,Source: gse20194,0.913043,0.817460,0.926808
CSGALNACT1,0.000000,0.000000,Source: gse20194,0.913043,0.817460,0.926808
ALDH1B1,0.000000,0.000000,Source: gse20194,0.913043,0.817460,0.926808
PRDX4,0.000000,0.000000,Source: gse20194,0.913043,0.817460,0.926808
CHST10,0.000000,0.000000,Source: gse20194,0.913043,0.817460,0.926808
LRRC36,0.000000,0.000000,Source: gse20194,0.913043,0.817460,0.926808
BTN3A1,0.000000,0.000000,Source: gse20194,0.913043,0.817460,0.926808
TFDP2,0.000000,0.000000,Source: gse20194,0.913043,0.817460,0.926808
LIPT1,0.000000,0.000000,Source: gse20194,0.913043,0.817460,0.926808
MCOLN1,0.000000,0.000000,Source: gse20194,0.913043,0.817460,0.926808
LRP2,0.000000,0.000000,Source: gse20194,0.913043,0.817460,0.926808
FLT3,0.000000,0.000000,Source: gse20194,0.913043,0.817460,0.926808
FAM215A,0.000000,0.000000,Source: gse20194,0.913043,0.817460,0.926808
MC2R,0.000000,0.000000,Source: gse20194,0.913043,0.817460,0.926808
SCGB1A1,0.000000,0.000000,Source: gse20194,0.913043,0.817460,0.926808
TXK,0.000000,0.000000,Source: gse20194,0.913043,0.817460,0.926808
HOXB1,0.000000,0.000000,Source: gse20194,0.913043,0.817460,0.926808
TSTD2,0.000000,0.000000,Source: gse20194,0.913043,0.817460,0.926808
TUBGCP4,0.000000,0.000000,Source: gse20194,0.913043,0.817460,0.926808
TFDP1,0.000000,0.000000,Source: gse20194,0.913043,0.817460,0.926808
CDR2,0.000000,0.000000,Source: gse20194,0.913043,0.817460,0.926808
SFPQ,0.000000,0.000000,Source: gse20194,0.913043,0.817460,0.926808
LRCH3,0.000000,0.000000,Source: gse20194,0.913043,0.817460,0.926808
SLC5A4,0.000000,0.000000,Source: gse20194,0.913043,0.817460,0.926808
SH2B1,0.000000,0.000000,Source: gse20194,0.913043,0.817460,0.926808
C8G,0.000000,0.000000,Source: gse20194,0.913043,0.817460,0.926808
OR51E2,0.000000,0.000000,Source: gse20194,0.913043,0.817460,0.926808
EHD2,0.000000,0.000000,Source: gse20194,0.913043,0.817460,0.926808
PON3,0.000000,0.000000,Source: gse20194,0.913043,0.817460,0.926808
PSMA6,0.000000,0.000000,Source: gse20194,0.913043,0.817460,0.926808
MAPK13,0.000000,0.000000,Source: gse20194,0.913043,0.817460,0.926808
PLA2G4A,0.000000,0.000000,Source: gse20194,0.913043,0.817460,0.926808
XPO1,0.000000,0.000000,Source: gse20194,0.913043,0.817460,0.926808
BCR,0.000000,0.000000,Source: gse20194,0.913043,0.817460,0.926808
MTOR,0.000000,0.000000,Source: gse20194,0.913043,0.817460,0.926808
RCL1,0.000000,0.000000,Source: gse20194,0.913043,0.817460,0.926808
P2RY10,0.000000,0.000000,Source: gse20194,0.913043,0.817460,0.926808
TPGS2,0.000000,0.000000,Source: gse20194,0.913043,0.817460,0.926808
MXD3,0.000000,0.000000,Source: gse20194,0.913043,0.817460,0.926808
ICAM4,0.000000,0.000000,Source: gse20194,0.913043,0.817460,0.926808
ZIC3,0.000000,0.000000,Source: gse20194,0.913043,0.817460,0.926808
BANP,0.000000,0.000000,Source: gse20194,0.913043,0.817460,0.926808
RPP30,0.000000,0.000000,Source: gse20194,0.913043,0.817460,0.926808
QPRT,0.000000,0.000000,Source: gse20194,0.913043,0.817460,0.926808
DHX34,0.000000,0.000000,Source: gse20194,0.913043,0.817460,0.926808
ZBTB38,0.000000,0.000000,Source: gse20194,0.913043,0.817460,0.926808
ACSL3,0.000000,0.000000,Source: gse20194,0.913043,0.817460,0.926808
MAT2B,0.000000,0.000000,Source: gse20194,0.913043,0.817460,0.926808
NOL6,0.000000,0.000000,Source: gse20194,0.913043,0.817460,0.926808
TNFAIP3,0.000000,0.000000,Source: gse20194,0.913043,0.817460,0.926808
CLPTM1,0.000000,0.000000,Source: gse20194,0.913043,0.817460,0.926808
GOLIM4,0.000000,0.000000,Source: gse20194,0.913043,0.817460,0.926808
MTF2,0.000000,0.000000,Source: gse20194,0.913043,0.817460,0.926808
POLQ,0.000000,0.000000,Source: gse20194,0.913043,0.817460,0.926808
ATRN,0.000000,0.000000,Source: gse20194,0.913043,0.817460,0.926808
TCF4,0.000000,0.000000,Source: gse20194,0.913043,0.817460,0.926808
MAN2B1,0.000000,0.000000,Source: gse20194,0.913043,0.817460,0.926808
TRIM8,0.000000,0.000000,Source: gse20194,0.913043,0.817460,0.926808
EFHC1,0.000000,0.000000,Source: gse20194,0.913043,0.817460,0.926808
MED9,0.000000,0.000000,Source: gse20194,0.913043,0.817460,0.926808
ECI1,0.000000,0.000000,Source: gse20194,0.913043,0.817460,0.926808
HABP4,0.000000,0.000000,Source: gse20194,0.913043,0.817460,0.926808
SRSF3,0.000000,0.000000,Source: gse20194,0.913043,0.817460,0.926808
RNF146,0.000000,0.000000,Source: gse20194,0.913043,0.817460,0.926808
TBR1,0.000000,0.000000,Source: gse20194,0.913043,0.817460,0.926808
CAMK4,0.000000,0.000000,Source: gse20194,0.913043,0.817460,0.926808
GAK,0.000000,0.000000,Source: gse20194,0.913043,0.817460,0.926808
NBR2,0.000000,0.000000,Source: gse20194,0.913043,0.817460,0.926808
KLRD1,0.000000,0.000000,Source: gse20194,0.913043,0.817460,0.926808
PREB,0.000000,0.000000,Source: gse20194,0.913043,0.817460,0.926808
BET1,0.000000,0.000000,Source: gse20194,0.913043,0.817460,0.926808
SERPING1,0.000000,0.000000,Source: gse20194,0.913043,0.817460,0.926808
LAMC2,0.000000,0.000000,Source: gse20194,0.913043,0.817460,0.926808
RPS6KA5,0.000000,0.000000,Source: gse20194,0.913043,0.817460,0.926808
UBA5,0.000000,0.000000,Source: gse20194,0.913043,0.817460,0.926808
GALNT3,0.000000,0.000000,Source: gse20194,0.913043,0.817460,0.926808
AGFG1,0.000000,0.000000,Source: gse20194,0.913043,0.817460,0.926808
SPAG9,0.000000,0.000000,Source: gse20194,0.913043,0.817460,0.926808
TOMM7,0.000000,0.000000,Source: gse20194,0.913043,0.817460,0.926808
RNPS1,0.000000,0.000000,Source: gse20194,0.913043,0.817460,0.926808
BCAS3,0.000000,0.000000,Source: gse20194,0.913043,0.817460,0.926808
PLAG1,0.000000,0.000000,Source: gse20194,0.913043,0.817460,0.926808
SLC24A2,0.000000,0.000000,Source: gse20194,0.913043,0.817460,0.926808
DCTPP1,0.000000,0.000000,Source: gse20194,0.913043,0.817460,0.926808
TRPV1,0.000000,0.000000,Source: gse20194,0.913043,0.817460,0.926808
CACNA2D1,0.000000,0.000000,Source: gse20194,0.913043,0.817460,0.926808
SQSTM1,0.000000,0.000000,Source: gse20194,0.913043,0.817460,0.926808
APEX1,0.000000,0.000000,Source: gse20194,0.913043,0.817460,0.926808
SLC9A5,0.000000,0.000000,Source: gse20194,0.913043,0.817460,0.926808
EIF4E,0.000000,0.000000,Source: gse20194,0.913043,0.817460,0.926808
MOB1A,0.000000,0.000000,Source: gse20194,0.913043,0.817460,0.926808
S100A5,0.000000,0.000000,Source: gse20194,0.913043,0.817460,0.926808
TIPRL,0.000000,0.000000,Source: gse20194,0.913043,0.817460,0.926808
RABAC1,0.000000,0.000000,Source: gse20194,0.913043,0.817460,0.926808
CYB561,0.000000,0.000000,Source: gse20194,0.913043,0.817460,0.926808
GKN1,0.000000,0.000000,Source: gse20194,0.913043,0.817460,0.926808
NUDT6,0.000000,0.000000,Source: gse20194,0.913043,0.817460,0.926808
PAGE1,0.000000,0.000000,Source: gse20194,0.913043,0.817460,0.926808
NUDT1,0.000000,0.000000,Source: gse20194,0.913043,0.817460,0.926808
PCDHA3,0.000000,0.000000,Source: gse20194,0.913043,0.817460,0.926808
FBXO41,0.000000,0.000000,Source: gse20194,0.913043,0.817460,0.926808
CRCP,0.000000,0.000000,Source: gse20194,0.913043,0.817460,0.926808
PAX4,0.000000,0.000000,Source: gse20194,0.913043,0.817460,0.926808
MRS2,0.000000,0.000000,Source: gse20194,0.913043,0.817460,0.926808
CD101,0.000000,0.000000,Source: gse20194,0.913043,0.817460,0.926808
DOCK3,0.000000,0.000000,Source: gse20194,0.913043,0.817460,0.926808
PUS1,0.000000,0.000000,Source: gse20194,0.913043,0.817460,0.926808
ACVR1B,0.000000,0.000000,Source: gse20194,0.913043,0.817460,0.926808
PPFIA4,0.000000,0.000000,Source: gse20194,0.913043,0.817460,0.926808
GOLPH3,0.000000,0.000000,Source: gse20194,0.913043,0.817460,0.926808
AHSG,0.000000,0.000000,Source: gse20194,0.913043,0.817460,0.926808
SMAD9,0.000000,0.000000,Source: gse20194,0.913043,0.817460,0.926808
KLK11,0.000000,0.000000,Source: gse20194,0.913043,0.817460,0.926808
SLC25A36,0.000000,0.000000,Source: gse20194,0.913043,0.817460,0.926808
RENBP,0.000000,0.000000,Source: gse20194,0.913043,0.817460,0.926808
CUEDC2,0.000000,0.000000,Source: gse20194,0.913043,0.817460,0.926808
AGBL3,0.000000,0.000000,Source: gse20194,0.913043,0.817460,0.926808
SLC43A1,0.000000,0.000000,Source: gse20194,0.913043,0.817460,0.926808
MGAM,0.000000,0.000000,Source: gse20194,0.913043,0.817460,0.926808
RIN1,0.000000,0.000000,Source: gse20194,0.913043,0.817460,0.926808
YWHAH,0.000000,0.000000,Source: gse20194,0.913043,0.817460,0.926808
SART1,0.000000,0.000000,Source: gse20194,0.913043,0.817460,0.926808
DCUN1D4,0.000000,0.000000,Source: gse20194,0.913043,0.817460,0.926808
CCNA1,0.000000,0.000000,Source: gse20194,0.913043,0.817460,0.926808
ERBB3,0.000000,0.000000,Source: gse20194,0.913043,0.817460,0.926808
PPP2R3B,0.000000,0.000000,Source: gse20194,0.913043,0.817460,0.926808
CCL27,0.000000,0.000000,Source: gse20194,0.913043,0.817460,0.926808
HBD,0.000000,0.000000,Source: gse20194,0.913043,0.817460,0.926808
AP3B2,0.000000,0.000000,Source: gse20194,0.913043,0.817460,0.926808
FHIT,0.000000,0.000000,Source: gse20194,0.913043,0.817460,0.926808
MREG,0.000000,0.000000,Source: gse20194,0.913043,0.817460,0.926808
TEX12,0.000000,0.000000,Source: gse20194,0.913043,0.817460,0.926808
TLR2,0.000000,0.000000,Source: gse20194,0.913043,0.817460,0.926808
PGD,0.000000,0.000000,Source: gse20194,0.913043,0.817460,0.926808
COPZ2,0.000000,0.000000,Source: gse20194,0.913043,0.817460,0.926808
GMFB,0.000000,0.000000,Source: gse20194,0.913043,0.817460,0.926808
EHD1,0.000000,0.000000,Source: gse20194,0.913043,0.817460,0.926808
BTBD2,0.000000,0.000000,Source: gse20194,0.913043,0.817460,0.926808
CPA4,0.000000,0.000000,Source: gse20194,0.913043,0.817460,0.926808
BNC1,0.000000,0.000000,Source: gse20194,0.913043,0.817460,0.926808
MET,0.000000,0.000000,Source: gse20194,0.913043,0.817460,0.926808
GNB3,0.000000,0.000000,Source: gse20194,0.913043,0.817460,0.926808
PTCRA,0.000000,0.000000,Source: gse20194,0.913043,0.817460,0.926808
RUNX1,0.000000,0.000000,Source: gse20194,0.913043,0.817460,0.926808
TBC1D9B,0.000000,0.000000,Source: gse20194,0.913043,0.817460,0.926808
SLC16A2,0.000000,0.000000,Source: gse20194,0.913043,0.817460,0.926808
SYNPO2L,0.000000,0.000000,Source: gse20194,0.913043,0.817460,0.926808
ZNF222,0.000000,0.000000,Source: gse20194,0.913043,0.817460,0.926808
DHRS2,0.000000,0.000000,Source: gse20194,0.913043,0.817460,0.926808
MPI,0.000000,0.000000,Source: gse20194,0.913043,0.817460,0.926808
GPC5,0.000000,0.000000,Source: gse20194,0.913043,0.817460,0.926808
HDHD3,0.000000,0.000000,Source: gse20194,0.913043,0.817460,0.926808
BCL2L11,0.000000,0.000000,Source: gse20194,0.913043,0.817460,0.926808
CYB5B,0.000000,0.000000,Source: gse20194,0.913043,0.817460,0.926808
EMP1,0.000000,0.000000,Source: gse20194,0.913043,0.817460,0.926808
HYOU1,0.000000,0.000000,Source: gse20194,0.913043,0.817460,0.926808
NTSR1,0.000000,0.000000,Source: gse20194,0.913043,0.817460,0.926808
MUC6,0.000000,0.000000,Source: gse20194,0.913043,0.817460,0.926808
CPZ,0.000000,0.000000,Source: gse20194,0.913043,0.817460,0.926808
EPN2,0.000000,0.000000,Source: gse20194,0.913043,0.817460,0.926808
MARK4,0.000000,0.000000,Source: gse20194,0.913043,0.817460,0.926808
TMED7,0.000000,0.000000,Source: gse20194,0.913043,0.817460,0.926808
TRAK2,0.000000,0.000000,Source: gse20194,0.913043,0.817460,0.926808
LRIF1,0.000000,0.000000,Source: gse20194,0.913043,0.817460,0.926808
PPP1CC,0.000000,0.000000,Source: gse20194,0.913043,0.817460,0.926808
ARHGDIA,0.000000,0.000000,Source: gse20194,0.913043,0.817460,0.926808
TESK1,0.000000,0.000000,Source: gse20194,0.913043,0.817460,0.926808
SNPH,0.000000,0.000000,Source: gse20194,0.913043,0.817460,0.926808
LAMB4,0.000000,0.000000,Source: gse20194,0.913043,0.817460,0.926808
ATF7IP,0.000000,0.000000,Source: gse20194,0.913043,0.817460,0.926808
TRIM46,0.000000,0.000000,Source: gse20194,0.913043,0.817460,0.926808
GLUD1,0.000000,0.000000,Source: gse20194,0.913043,0.817460,0.926808
MC3R,0.000000,0.000000,Source: gse20194,0.913043,0.817460,0.926808
CYLC2,0.000000,0.000000,Source: gse20194,0.913043,0.817460,0.926808
CTNNBIP1,0.000000,0.000000,Source: gse20194,0.913043,0.817460,0.926808
FBXL2,0.000000,0.000000,Source: gse20194,0.913043,0.817460,0.926808
TRAK1,0.000000,0.000000,Source: gse20194,0.913043,0.817460,0.926808
GTSE1,0.000000,0.000000,Source: gse20194,0.913043,0.817460,0.926808
FARP2,0.000000,0.000000,Source: gse20194,0.913043,0.817460,0.926808
NRBF2,0.000000,0.000000,Source: gse20194,0.913043,0.817460,0.926808
GABBR2,0.000000,0.000000,Source: gse20194,0.913043,0.817460,0.926808
MED14,0.000000,0.000000,Source: gse20194,0.913043,0.817460,0.926808
SNCA,0.000000,0.000000,Source: gse20194,0.913043,0.817460,0.926808
STOML2,0.000000,0.000000,Source: gse20194,0.913043,0.817460,0.926808
TMPRSS4,0.000000,0.000000,Source: gse20194,0.913043,0.817460,0.926808
MRPL16,0.000000,0.000000,Source: gse20194,0.913043,0.817460,0.926808
RGS13,0.000000,0.000000,Source: gse20194,0.913043,0.817460,0.926808
BET1L,0.000000,0.000000,Source: gse20194,0.913043,0.817460,0.926808
LOX,0.000000,0.000000,Source: gse20194,0.913043,0.817460,0.926808
FBXO9,0.000000,0.000000,Source: gse20194,0.913043,0.817460,0.926808
GPI,0.000000,0.000000,Source: gse20194,0.913043,0.817460,0.926808
CDH7,0.000000,0.000000,Source: gse20194,0.913043,0.817460,0.926808
NUP54,0.000000,0.000000,Source: gse20194,0.913043,0.817460,0.926808
FCGR3B,0.000000,0.000000,Source: gse20194,0.913043,0.817460,0.926808
COMMD8,0.000000,0.000000,Source: gse20194,0.913043,0.817460,0.926808
NCBP2,0.000000,0.000000,Source: gse20194,0.913043,0.817460,0.926808
LYPLA1,0.000000,0.000000,Source: gse20194,0.913043,0.817460,0.926808
TTC22,0.000000,0.000000,Source: gse20194,0.913043,0.817460,0.926808
FMOD,0.000000,0.000000,Source: gse20194,0.913043,0.817460,0.926808
APOB,0.000000,0.000000,Source: gse20194,0.913043,0.817460,0.926808
MSRB2,0.000000,0.000000,Source: gse20194,0.913043,0.817460,0.926808
SLC25A24,0.000000,0.000000,Source: gse20194,0.913043,0.817460,0.926808
TTPAL,0.000000,0.000000,Source: gse20194,0.913043,0.817460,0.926808
ADAM12,0.000000,0.000000,Source: gse20194,0.913043,0.817460,0.926808
FUBP3,0.000000,0.000000,Source: gse20194,0.913043,0.817460,0.926808
TNFRSF8,0.000000,0.000000,Source: gse20194,0.913043,0.817460,0.926808
CENPT,0.000000,0.000000,Source: gse20194,0.913043,0.817460,0.926808
CD37,0.000000,0.000000,Source: gse20194,0.913043,0.817460,0.926808
ITK,0.000000,0.000000,Source: gse20194,0.913043,0.817460,0.926808
ITM2C,0.000000,0.000000,Source: gse20194,0.913043,0.817460,0.926808
SLC25A5,0.000000,0.000000,Source: gse20194,0.913043,0.817460,0.926808
CYCS,0.000000,0.000000,Source: gse20194,0.913043,0.817460,0.926808
ELK4,0.000000,0.000000,Source: gse20194,0.913043,0.817460,0.926808
NLRP1,0.000000,0.000000,Source: gse20194,0.913043,0.817460,0.926808
UNKL,0.000000,0.000000,Source: gse20194,0.913043,0.817460,0.926808
GFRA3,0.000000,0.000000,Source: gse20194,0.913043,0.817460,0.926808
AP4S1,0.000000,0.000000,Source: gse20194,0.913043,0.817460,0.926808
WDR46,0.000000,0.000000,Source: gse20194,0.913043,0.817460,0.926808
ATP6V1D,0.000000,0.000000,Source: gse20194,0.913043,0.817460,0.926808
PCCA,0.000000,0.000000,Source: gse20194,0.913043,0.817460,0.926808
SNRPD3,0.000000,0.000000,Source: gse20194,0.913043,0.817460,0.926808
SYT1,0.000000,0.000000,Source: gse20194,0.913043,0.817460,0.926808
PARP8,0.000000,0.000000,Source: gse20194,0.913043,0.817460,0.926808
CDC42EP1,0.000000,0.000000,Source: gse20194,0.913043,0.817460,0.926808
INCENP,0.000000,0.000000,Source: gse20194,0.913043,0.817460,0.926808
DENND5A,0.000000,0.000000,Source: gse20194,0.913043,0.817460,0.926808
SON,0.000000,0.000000,Source: gse20194,0.913043,0.817460,0.926808
PCSK1N,0.000000,0.000000,Source: gse20194,0.913043,0.817460,0.926808
MYO1C,0.000000,0.000000,Source: gse20194,0.913043,0.817460,0.926808
GRIN2C,0.000000,0.000000,Source: gse20194,0.913043,0.817460,0.926808
MAGEA4,0.000000,0.000000,Source: gse20194,0.913043,0.817460,0.926808
GOLM1,0.000000,0.000000,Source: gse20194,0.913043,0.817460,0.926808
ACSM1,0.000000,0.000000,Source: gse20194,0.913043,0.817460,0.926808
FAM162A,0.000000,0.000000,Source: gse20194,0.913043,0.817460,0.926808
SLC20A2,0.000000,0.000000,Source: gse20194,0.913043,0.817460,0.926808
MYH9,0.000000,0.000000,Source: gse20194,0.913043,0.817460,0.926808
CCR9,0.000000,0.000000,Source: gse20194,0.913043,0.817460,0.926808
SLCO2B1,0.000000,0.000000,Source: gse20194,0.913043,0.817460,0.926808
PENK,0.000000,0.000000,Source: gse20194,0.913043,0.817460,0.926808
CHP2,0.000000,0.000000,Source: gse20194,0.913043,0.817460,0.926808
RARRES2,0.000000,0.000000,Source: gse20194,0.913043,0.817460,0.926808
TMF1,0.000000,0.000000,Source: gse20194,0.913043,0.817460,0.926808
SLC35F5,0.000000,0.000000,Source: gse20194,0.913043,0.817460,0.926808
SCPEP1,0.000000,0.000000,Source: gse20194,0.913043,0.817460,0.926808
PANX1,0.000000,0.000000,Source: gse20194,0.913043,0.817460,0.926808
ACSL1,0.000000,0.000000,Source: gse20194,0.913043,0.817460,0.926808
CST5,0.000000,0.000000,Source: gse20194,0.913043,0.817460,0.926808
TAS2R14,0.000000,0.000000,Source: gse20194,0.913043,0.817460,0.926808
FOXE1,0.000000,0.000000,Source: gse20194,0.913043,0.817460,0.926808
MGAT4A,0.000000,0.000000,Source: gse20194,0.913043,0.817460,0.926808
ZNF692,0.000000,0.000000,Source: gse20194,0.913043,0.817460,0.926808
TTLL12,0.000000,0.000000,Source: gse20194,0.913043,0.817460,0.926808
ZC3H11A,0.000000,0.000000,Source: gse20194,0.913043,0.817460,0.926808
HOXB8,0.000000,0.000000,Source: gse20194,0.913043,0.817460,0.926808
PLK4,0.000000,0.000000,Source: gse20194,0.913043,0.817460,0.926808
FETUB,0.000000,0.000000,Source: gse20194,0.913043,0.817460,0.926808
LAP3,0.000000,0.000000,Source: gse20194,0.913043,0.817460,0.926808
ITSN1,0.000000,0.000000,Source: gse20194,0.913043,0.817460,0.926808
CHCHD3,0.000000,0.000000,Source: gse20194,0.913043,0.817460,0.926808
SPTB,0.000000,0.000000,Source: gse20194,0.913043,0.817460,0.926808
SKAP1,0.000000,0.000000,Source: gse20194,0.913043,0.817460,0.926808
RAD23B,0.000000,0.000000,Source: gse20194,0.913043,0.817460,0.926808
HEXA,0.000000,0.000000,Source: gse20194,0.913043,0.817460,0.926808
KLC1,0.000000,0.000000,Source: gse20194,0.913043,0.817460,0.926808
FSHB,0.000000,0.000000,Source: gse20194,0.913043,0.817460,0.926808
RLF,0.000000,0.000000,Source: gse20194,0.913043,0.817460,0.926808
PLAC4,0.000000,0.000000,Source: gse20194,0.913043,0.817460,0.926808
MAFB,0.000000,0.000000,Source: gse20194,0.913043,0.817460,0.926808
USP33,0.000000,0.000000,Source: gse20194,0.913043,0.817460,0.926808
MADCAM1,0.000000,0.000000,Source: gse20194,0.913043,0.817460,0.926808
SEMG1,0.000000,0.000000,Source: gse20194,0.913043,0.817460,0.926808
COPB1,0.000000,0.000000,Source: gse20194,0.913043,0.817460,0.926808
STK25,0.000000,0.000000,Source: gse20194,0.913043,0.817460,0.926808
CCDC85B,0.000000,0.000000,Source: gse20194,0.913043,0.817460,0.926808
EP300,0.000000,0.000000,Source: gse20194,0.913043,0.817460,0.926808
CHD8,0.000000,0.000000,Source: gse20194,0.913043,0.817460,0.926808
HCP5,0.000000,0.000000,Source: gse20194,0.913043,0.817460,0.926808
SENP3,0.000000,0.000000,Source: gse20194,0.913043,0.817460,0.926808
AGTR1,0.000000,0.000000,Source: gse20194,0.913043,0.817460,0.926808
SLC35A1,0.000000,0.000000,Source: gse20194,0.913043,0.817460,0.926808
PDSS1,0.000000,0.000000,Source: gse20194,0.913043,0.817460,0.926808
SLC26A2,0.000000,0.000000,Source: gse20194,0.913043,0.817460,0.926808
MNAT1,0.000000,0.000000,Source: gse20194,0.913043,0.817460,0.926808
PPM1E,0.000000,0.000000,Source: gse20194,0.913043,0.817460,0.926808
LGALS14,0.000000,0.000000,Source: gse20194,0.913043,0.817460,0.926808
TRIP13,0.000000,0.000000,Source: gse20194,0.913043,0.817460,0.926808
TUFT1,0.000000,0.000000,Source: gse20194,0.913043,0.817460,0.926808
RASL10A,0.000000,0.000000,Source: gse20194,0.913043,0.817460,0.926808
ARHGAP11A,0.000000,0.000000,Source: gse20194,0.913043,0.817460,0.926808
STARD8,0.000000,0.000000,Source: gse20194,0.913043,0.817460,0.926808
C19orf53,0.000000,0.000000,Source: gse20194,0.913043,0.817460,0.926808
EML3,0.000000,0.000000,Source: gse20194,0.913043,0.817460,0.926808
ZNF280D,0.000000,0.000000,Source: gse20194,0.913043,0.817460,0.926808
SLC30A9,0.000000,0.000000,Source: gse20194,0.913043,0.817460,0.926808
FSCN3,0.000000,0.000000,Source: gse20194,0.913043,0.817460,0.926808
RGSL1,0.000000,0.000000,Source: gse20194,0.913043,0.817460,0.926808
KLHL4,0.000000,0.000000,Source: gse20194,0.913043,0.817460,0.926808
ATP1A2,0.000000,0.000000,Source: gse20194,0.913043,0.817460,0.926808
SOSTDC1,0.000000,0.000000,Source: gse20194,0.913043,0.817460,0.926808
COL19A1,0.000000,0.000000,Source: gse20194,0.913043,0.817460,0.926808
RGL1,0.000000,0.000000,Source: gse20194,0.913043,0.817460,0.926808
ARFIP1,0.000000,0.000000,Source: gse20194,0.913043,0.817460,0.926808
IFFO1,0.000000,0.000000,Source: gse20194,0.913043,0.817460,0.926808
ADAM22,0.000000,0.000000,Source: gse20194,0.913043,0.817460,0.926808
MCL1,0.000000,0.000000,Source: gse20194,0.913043,0.817460,0.926808
AMHR2,0.000000,0.000000,Source: gse20194,0.913043,0.817460,0.926808
SYT5,0.000000,0.000000,Source: gse20194,0.913043,0.817460,0.926808
PLA2G1B,0.000000,0.000000,Source: gse20194,0.913043,0.817460,0.926808
SLC17A3,0.000000,0.000000,Source: gse20194,0.913043,0.817460,0.926808
CDH12,0.000000,0.000000,Source: gse20194,0.913043,0.817460,0.926808
ELAC2,0.000000,0.000000,Source: gse20194,0.913043,0.817460,0.926808
PPP1R7,0.000000,0.000000,Source: gse20194,0.913043,0.817460,0.926808
PUS7L,0.000000,0.000000,Source: gse20194,0.913043,0.817460,0.926808
UFSP2,0.000000,0.000000,Source: gse20194,0.913043,0.817460,0.926808
RPUSD2,0.000000,0.000000,Source: gse20194,0.913043,0.817460,0.926808
STX6,0.000000,0.000000,Source: gse20194,0.913043,0.817460,0.926808
STC1,0.000000,0.000000,Source: gse20194,0.913043,0.817460,0.926808
CORO1A,0.000000,0.000000,Source: gse20194,0.913043,0.817460,0.926808
EIF2AK3,0.000000,0.000000,Source: gse20194,0.913043,0.817460,0.926808
PRR5L,0.000000,0.000000,Source: gse20194,0.913043,0.817460,0.926808
TLX3,0.000000,0.000000,Source: gse20194,0.913043,0.817460,0.926808
ROM1,0.000000,0.000000,Source: gse20194,0.913043,0.817460,0.926808
GOLGA5,0.000000,0.000000,Source: gse20194,0.913043,0.817460,0.926808
BTF3P11,0.000000,0.000000,Source: gse20194,0.913043,0.817460,0.926808
NEK7,0.000000,0.000000,Source: gse20194,0.913043,0.817460,0.926808
AMOT,0.000000,0.000000,Source: gse20194,0.913043,0.817460,0.926808
PHKB,0.000000,0.000000,Source: gse20194,0.913043,0.817460,0.926808
CKB,0.000000,0.000000,Source: gse20194,0.913043,0.817460,0.926808
SLC19A3,0.000000,0.000000,Source: gse20194,0.913043,0.817460,0.926808
DDX39A,0.000000,0.000000,Source: gse20194,0.913043,0.817460,0.926808
GDI2,0.000000,0.000000,Source: gse20194,0.913043,0.817460,0.926808
FER,0.000000,0.000000,Source: gse20194,0.913043,0.817460,0.926808
SGSM2,0.000000,0.000000,Source: gse20194,0.913043,0.817460,0.926808
MED24,0.000000,0.000000,Source: gse20194,0.913043,0.817460,0.926808
PSMG1,0.000000,0.000000,Source: gse20194,0.913043,0.817460,0.926808
ESYT1,0.000000,0.000000,Source: gse20194,0.913043,0.817460,0.926808
CCIN,0.000000,0.000000,Source: gse20194,0.913043,0.817460,0.926808
HAL,0.000000,0.000000,Source: gse20194,0.913043,0.817460,0.926808
SLC13A1,0.000000,0.000000,Source: gse20194,0.913043,0.817460,0.926808
FAT2,0.000000,0.000000,Source: gse20194,0.913043,0.817460,0.926808
HDAC3,0.000000,0.000000,Source: gse20194,0.913043,0.817460,0.926808
EIF4G2,0.000000,0.000000,Source: gse20194,0.913043,0.817460,0.926808
RUNX1T1,0.000000,0.000000,Source: gse20194,0.913043,0.817460,0.926808
CYTH4,0.000000,0.000000,Source: gse20194,0.913043,0.817460,0.926808
IRS2,0.000000,0.000000,Source: gse20194,0.913043,0.817460,0.926808
ACACB,0.000000,0.000000,Source: gse20194,0.913043,0.817460,0.926808
NOC4L,0.000000,0.000000,Source: gse20194,0.913043,0.817460,0.926808
SMG8,0.000000,0.000000,Source: gse20194,0.913043,0.817460,0.926808
CIB1,0.000000,0.000000,Source: gse20194,0.913043,0.817460,0.926808
NDUFS8,0.000000,0.000000,Source: gse20194,0.913043,0.817460,0.926808
PODXL2,0.000000,0.000000,Source: gse20194,0.913043,0.817460,0.926808
TMPRSS11D,0.000000,0.000000,Source: gse20194,0.913043,0.817460,0.926808
MAGEB3,0.000000,0.000000,Source: gse20194,0.913043,0.817460,0.926808
PCGF2,0.000000,0.000000,Source: gse20194,0.913043,0.817460,0.926808
PER1,0.000000,0.000000,Source: gse20194,0.913043,0.817460,0.926808
FSCN1,0.000000,0.000000,Source: gse20194,0.913043,0.817460,0.926808
ATP2A2,0.000000,0.000000,Source: gse20194,0.913043,0.817460,0.926808
CSTF1,0.000000,0.000000,Source: gse20194,0.913043,0.817460,0.926808
PHF20L1,0.000000,0.000000,Source: gse20194,0.913043,0.817460,0.926808
KALRN,0.000000,0.000000,Source: gse20194,0.913043,0.817460,0.926808
CPN1,0.000000,0.000000,Source: gse20194,0.913043,0.817460,0.926808
DDN,0.000000,0.000000,Source: gse20194,0.913043,0.817460,0.926808
AKAP8,0.000000,0.000000,Source: gse20194,0.913043,0.817460,0.926808
CREB3L2,0.000000,0.000000,Source: gse20194,0.913043,0.817460,0.926808
MRPS22,0.000000,0.000000,Source: gse20194,0.913043,0.817460,0.926808
IRF2,0.000000,0.000000,Source: gse20194,0.913043,0.817460,0.926808
CRISP3,0.000000,0.000000,Source: gse20194,0.913043,0.817460,0.926808
PIEZO2,0.000000,0.000000,Source: gse20194,0.913043,0.817460,0.926808
ETFDH,0.000000,0.000000,Source: gse20194,0.913043,0.817460,0.926808
PLD1,0.000000,0.000000,Source: gse20194,0.913043,0.817460,0.926808
TESK2,0.000000,0.000000,Source: gse20194,0.913043,0.817460,0.926808
SLC7A9,0.000000,0.000000,Source: gse20194,0.913043,0.817460,0.926808
TACR3,0.000000,0.000000,Source: gse20194,0.913043,0.817460,0.926808
MYBBP1A,0.000000,0.000000,Source: gse20194,0.913043,0.817460,0.926808
CD163,0.000000,0.000000,Source: gse20194,0.913043,0.817460,0.926808
PDCD11,0.000000,0.000000,Source: gse20194,0.913043,0.817460,0.926808
PLCH2,0.000000,0.000000,Source: gse20194,0.913043,0.817460,0.926808
RALGAPB,0.000000,0.000000,Source: gse20194,0.913043,0.817460,0.926808
CBX4,0.000000,0.000000,Source: gse20194,0.913043,0.817460,0.926808
CALB2,0.000000,0.000000,Source: gse20194,0.913043,0.817460,0.926808
IK,0.000000,0.000000,Source: gse20194,0.913043,0.817460,0.926808
BCL7C,0.000000,0.000000,Source: gse20194,0.913043,0.817460,0.926808
SEC24D,0.000000,0.000000,Source: gse20194,0.913043,0.817460,0.926808
OR1F1,0.000000,0.000000,Source: gse20194,0.913043,0.817460,0.926808
ESR2,0.000000,0.000000,Source: gse20194,0.913043,0.817460,0.926808
CTDP1,0.000000,0.000000,Source: gse20194,0.913043,0.817460,0.926808
SSNA1,0.000000,0.000000,Source: gse20194,0.913043,0.817460,0.926808
SIGLEC1,0.000000,0.000000,Source: gse20194,0.913043,0.817460,0.926808
CPSF6,0.000000,0.000000,Source: gse20194,0.913043,0.817460,0.926808
ANXA7,0.000000,0.000000,Source: gse20194,0.913043,0.817460,0.926808
REN,0.000000,0.000000,Source: gse20194,0.913043,0.817460,0.926808
RBFOX2,0.000000,0.000000,Source: gse20194,0.913043,0.817460,0.926808
GCFC2,0.000000,0.000000,Source: gse20194,0.913043,0.817460,0.926808
CRHR2,0.000000,0.000000,Source: gse20194,0.913043,0.817460,0.926808
CRKL,0.000000,0.000000,Source: gse20194,0.913043,0.817460,0.926808
WDR3,0.000000,0.000000,Source: gse20194,0.913043,0.817460,0.926808
GNAS,0.000000,0.000000,Source: gse20194,0.913043,0.817460,0.926808
GNAL,0.000000,0.000000,Source: gse20194,0.913043,0.817460,0.926808
GOT2,0.000000,0.000000,Source: gse20194,0.913043,0.817460,0.926808
MCOLN3,0.000000,0.000000,Source: gse20194,0.913043,0.817460,0.926808
TACC2,0.000000,0.000000,Source: gse20194,0.913043,0.817460,0.926808
ZNF711,0.000000,0.000000,Source: gse20194,0.913043,0.817460,0.926808
RNASEH1,0.000000,0.000000,Source: gse20194,0.913043,0.817460,0.926808
MYO15B,0.000000,0.000000,Source: gse20194,0.913043,0.817460,0.926808
ALDH4A1,0.000000,0.000000,Source: gse20194,0.913043,0.817460,0.926808
AGTPBP1,0.000000,0.000000,Source: gse20194,0.913043,0.817460,0.926808
RPS6KB1,0.000000,0.000000,Source: gse20194,0.913043,0.817460,0.926808
MYBPC2,0.000000,0.000000,Source: gse20194,0.913043,0.817460,0.926808
PEX5,0.000000,0.000000,Source: gse20194,0.913043,0.817460,0.926808
GALT,0.000000,0.000000,Source: gse20194,0.913043,0.817460,0.926808
REEP1,0.000000,0.000000,Source: gse20194,0.913043,0.817460,0.926808
NR5A2,0.000000,0.000000,Source: gse20194,0.913043,0.817460,0.926808
TRIM9,0.000000,0.000000,Source: gse20194,0.913043,0.817460,0.926808
UBR2,0.000000,0.000000,Source: gse20194,0.913043,0.817460,0.926808
CUL7,0.000000,0.000000,Source: gse20194,0.913043,0.817460,0.926808
RUSC2,0.000000,0.000000,Source: gse20194,0.913043,0.817460,0.926808
CRX,0.000000,0.000000,Source: gse20194,0.913043,0.817460,0.926808
UBE3A,0.000000,0.000000,Source: gse20194,0.913043,0.817460,0.926808
FZD4,0.000000,0.000000,Source: gse20194,0.913043,0.817460,0.926808
DLAT,0.000000,0.000000,Source: gse20194,0.913043,0.817460,0.926808
CAPRIN1,0.000000,0.000000,Source: gse20194,0.913043,0.817460,0.926808
INHBC,0.000000,0.000000,Source: gse20194,0.913043,0.817460,0.926808
SGCE,0.000000,0.000000,Source: gse20194,0.913043,0.817460,0.926808
TMBIM6,0.000000,0.000000,Source: gse20194,0.913043,0.817460,0.926808
TNPO2,0.000000,0.000000,Source: gse20194,0.913043,0.817460,0.926808
WDR55,0.000000,0.000000,Source: gse20194,0.913043,0.817460,0.926808
SH3GLB2,0.000000,0.000000,Source: gse20194,0.913043,0.817460,0.926808
IFRD1,0.000000,0.000000,Source: gse20194,0.913043,0.817460,0.926808
SEMA4G,0.000000,0.000000,Source: gse20194,0.913043,0.817460,0.926808
TBC1D8,0.000000,0.000000,Source: gse20194,0.913043,0.817460,0.926808
KIF3C,0.000000,0.000000,Source: gse20194,0.913043,0.817460,0.926808
PBX3,0.000000,0.000000,Source: gse20194,0.913043,0.817460,0.926808
NF1,0.000000,0.000000,Source: gse20194,0.913043,0.817460,0.926808
ZNF324B,0.000000,0.000000,Source: gse20194,0.913043,0.817460,0.926808
LARP7,0.000000,0.000000,Source: gse20194,0.913043,0.817460,0.926808
SNTA1,0.000000,0.000000,Source: gse20194,0.913043,0.817460,0.926808
BPHL,0.000000,0.000000,Source: gse20194,0.913043,0.817460,0.926808
CYP4F11,0.000000,0.000000,Source: gse20194,0.913043,0.817460,0.926808
COX15,0.000000,0.000000,Source: gse20194,0.913043,0.817460,0.926808
TCF25,0.000000,0.000000,Source: gse20194,0.913043,0.817460,0.926808
MFSD11,0.000000,0.000000,Source: gse20194,0.913043,0.817460,0.926808
ATG12,0.000000,0.000000,Source: gse20194,0.913043,0.817460,0.926808
PNN,0.000000,0.000000,Source: gse20194,0.913043,0.817460,0.926808
RAE1,0.000000,0.000000,Source: gse20194,0.913043,0.817460,0.926808
CACNA1S,0.000000,0.000000,Source: gse20194,0.913043,0.817460,0.926808
NDUFAF1,0.000000,0.000000,Source: gse20194,0.913043,0.817460,0.926808
USP34,0.000000,0.000000,Source: gse20194,0.913043,0.817460,0.926808
PLEKHO2,0.000000,0.000000,Source: gse20194,0.913043,0.817460,0.926808
GOLGA7,0.000000,0.000000,Source: gse20194,0.913043,0.817460,0.926808
ARL17B,0.000000,0.000000,Source: gse20194,0.913043,0.817460,0.926808
SETD2,0.000000,0.000000,Source: gse20194,0.913043,0.817460,0.926808
TNMD,0.000000,0.000000,Source: gse20194,0.913043,0.817460,0.926808
DNAJA1,0.000000,0.000000,Source: gse20194,0.913043,0.817460,0.926808
ZNF81,0.000000,0.000000,Source: gse20194,0.913043,0.817460,0.926808
NFKBIA,0.000000,0.000000,Source: gse20194,0.913043,0.817460,0.926808
TNFRSF11A,0.000000,0.000000,Source: gse20194,0.913043,0.817460,0.926808
TNFSF10,0.000000,0.000000,Source: gse20194,0.913043,0.817460,0.926808
XCL1,0.000000,0.000000,Source: gse20194,0.913043,0.817460,0.926808
ZNF593,0.000000,0.000000,Source: gse20194,0.913043,0.817460,0.926808
TAT,0.000000,0.000000,Source: gse20194,0.913043,0.817460,0.926808
GSN,0.000000,0.000000,Source: gse20194,0.913043,0.817460,0.926808
KCNQ4,0.000000,0.000000,Source: gse20194,0.913043,0.817460,0.926808
ABCC5,0.000000,0.000000,Source: gse20194,0.913043,0.817460,0.926808
OGT,0.000000,0.000000,Source: gse20194,0.913043,0.817460,0.926808
FBXO42,0.000000,0.000000,Source: gse20194,0.913043,0.817460,0.926808
ZNF292,0.000000,0.000000,Source: gse20194,0.913043,0.817460,0.926808
CD99,0.000000,0.000000,Source: gse20194,0.913043,0.817460,0.926808
CYP3A7,0.000000,0.000000,Source: gse20194,0.913043,0.817460,0.926808
SCRG1,0.000000,0.000000,Source: gse20194,0.913043,0.817460,0.926808
WDR47,0.000000,0.000000,Source: gse20194,0.913043,0.817460,0.926808
SSPN,0.000000,0.000000,Source: gse20194,0.913043,0.817460,0.926808
SPINK2,0.000000,0.000000,Source: gse20194,0.913043,0.817460,0.926808
TMC7,0.000000,0.000000,Source: gse20194,0.913043,0.817460,0.926808
ASAH1,0.000000,0.000000,Source: gse20194,0.913043,0.817460,0.926808
ALKBH4,0.000000,0.000000,Source: gse20194,0.913043,0.817460,0.926808
EPHB6,0.000000,0.000000,Source: gse20194,0.913043,0.817460,0.926808
PPP3CB,0.000000,0.000000,Source: gse20194,0.913043,0.817460,0.926808
MEOX1,0.000000,0.000000,Source: gse20194,0.913043,0.817460,0.926808
TBX21,0.000000,0.000000,Source: gse20194,0.913043,0.817460,0.926808
HOXB7,0.000000,0.000000,Source: gse20194,0.913043,0.817460,0.926808
CCL17,0.000000,0.000000,Source: gse20194,0.913043,0.817460,0.926808
MFAP4,0.000000,0.000000,Source: gse20194,0.913043,0.817460,0.926808
PNMT,0.000000,0.000000,Source: gse20194,0.913043,0.817460,0.926808
OSBPL11,0.000000,0.000000,Source: gse20194,0.913043,0.817460,0.926808
DEFB126,0.000000,0.000000,Source: gse20194,0.913043,0.817460,0.926808
MNDA,0.000000,0.000000,Source: gse20194,0.913043,0.817460,0.926808
PRG3,0.000000,0.000000,Source: gse20194,0.913043,0.817460,0.926808
PLEKHG3,0.000000,0.000000,Source: gse20194,0.913043,0.817460,0.926808
DTYMK,0.000000,0.000000,Source: gse20194,0.913043,0.817460,0.926808
KLF1,0.000000,0.000000,Source: gse20194,0.913043,0.817460,0.926808
CDR2L,0.000000,0.000000,Source: gse20194,0.913043,0.817460,0.926808
PGK1,0.000000,0.000000,Source: gse20194,0.913043,0.817460,0.926808
PSMD8,0.000000,0.000000,Source: gse20194,0.913043,0.817460,0.926808
RSAD1,0.000000,0.000000,Source: gse20194,0.913043,0.817460,0.926808
SLC8A2,0.000000,0.000000,Source: gse20194,0.913043,0.817460,0.926808
AVPR1B,0.000000,0.000000,Source: gse20194,0.913043,0.817460,0.926808
SCN2B,0.000000,0.000000,Source: gse20194,0.913043,0.817460,0.926808
SS18L1,0.000000,0.000000,Source: gse20194,0.913043,0.817460,0.926808
NCDN,0.000000,0.000000,Source: gse20194,0.913043,0.817460,0.926808
CD3D,0.000000,0.000000,Source: gse20194,0.913043,0.817460,0.926808
CTAGE1,0.000000,0.000000,Source: gse20194,0.913043,0.817460,0.926808
LIPA,0.000000,0.000000,Source: gse20194,0.913043,0.817460,0.926808
C1D,0.000000,0.000000,Source: gse20194,0.913043,0.817460,0.926808
PANK4,0.000000,0.000000,Source: gse20194,0.913043,0.817460,0.926808
NR6A1,0.000000,0.000000,Source: gse20194,0.913043,0.817460,0.926808
PTPN1,0.000000,0.000000,Source: gse20194,0.913043,0.817460,0.926808
HARS2,0.000000,0.000000,Source: gse20194,0.913043,0.817460,0.926808
NCR2,0.000000,0.000000,Source: gse20194,0.913043,0.817460,0.926808
CALB1,0.000000,0.000000,Source: gse20194,0.913043,0.817460,0.926808
SUMO4,0.000000,0.000000,Source: gse20194,0.913043,0.817460,0.926808
NDUFA6,0.000000,0.000000,Source: gse20194,0.913043,0.817460,0.926808
SNRNP70,0.000000,0.000000,Source: gse20194,0.913043,0.817460,0.926808
PTPRF,0.000000,0.000000,Source: gse20194,0.913043,0.817460,0.926808
SLC11A1,0.000000,0.000000,Source: gse20194,0.913043,0.817460,0.926808
BHLHE41,0.000000,0.000000,Source: gse20194,0.913043,0.817460,0.926808
CD33,0.000000,0.000000,Source: gse20194,0.913043,0.817460,0.926808
PPIL2,0.000000,0.000000,Source: gse20194,0.913043,0.817460,0.926808
ID3,0.000000,0.000000,Source: gse20194,0.913043,0.817460,0.926808
TOPBP1,0.000000,0.000000,Source: gse20194,0.913043,0.817460,0.926808
PFKP,0.000000,0.000000,Source: gse20194,0.913043,0.817460,0.926808
GDPD5,0.000000,0.000000,Source: gse20194,0.913043,0.817460,0.926808
HMGA2,0.000000,0.000000,Source: gse20194,0.913043,0.817460,0.926808
AGA,0.000000,0.000000,Source: gse20194,0.913043,0.817460,0.926808
RFC4,0.000000,0.000000,Source: gse20194,0.913043,0.817460,0.926808
ATP6V1C1,0.000000,0.000000,Source: gse20194,0.913043,0.817460,0.926808
FBXO46,0.000000,0.000000,Source: gse20194,0.913043,0.817460,0.926808
GABBR1,0.000000,0.000000,Source: gse20194,0.913043,0.817460,0.926808
ERCC4,0.000000,0.000000,Source: gse20194,0.913043,0.817460,0.926808
SPRR1A,0.000000,0.000000,Source: gse20194,0.913043,0.817460,0.926808
MICU1,0.000000,0.000000,Source: gse20194,0.913043,0.817460,0.926808
CNPPD1,0.000000,0.000000,Source: gse20194,0.913043,0.817460,0.926808
MUS81,0.000000,0.000000,Source: gse20194,0.913043,0.817460,0.926808
ZNF280A,0.000000,0.000000,Source: gse20194,0.913043,0.817460,0.926808
HMBS,0.000000,0.000000,Source: gse20194,0.913043,0.817460,0.926808
LHPP,0.000000,0.000000,Source: gse20194,0.913043,0.817460,0.926808
DMTF1,0.000000,0.000000,Source: gse20194,0.913043,0.817460,0.926808
SERPINB10,0.000000,0.000000,Source: gse20194,0.913043,0.817460,0.926808
CCR10,0.000000,0.000000,Source: gse20194,0.913043,0.817460,0.926808
FOXD1,0.000000,0.000000,Source: gse20194,0.913043,0.817460,0.926808
ANXA2P2,0.000000,0.000000,Source: gse20194,0.913043,0.817460,0.926808
CDK20,0.000000,0.000000,Source: gse20194,0.913043,0.817460,0.926808
HYAL4,0.000000,0.000000,Source: gse20194,0.913043,0.817460,0.926808
NECAP1,0.000000,0.000000,Source: gse20194,0.913043,0.817460,0.926808
DOT1L,0.000000,0.000000,Source: gse20194,0.913043,0.817460,0.926808
CES1P1,0.000000,0.000000,Source: gse20194,0.913043,0.817460,0.926808
AQP5,0.000000,0.000000,Source: gse20194,0.913043,0.817460,0.926808
TM7SF3,0.000000,0.000000,Source: gse20194,0.913043,0.817460,0.926808
SERINC1,0.000000,0.000000,Source: gse20194,0.913043,0.817460,0.926808
AEBP1,0.000000,0.000000,Source: gse20194,0.913043,0.817460,0.926808
PTPRO,0.000000,0.000000,Source: gse20194,0.913043,0.817460,0.926808
SKIL,0.000000,0.000000,Source: gse20194,0.913043,0.817460,0.926808
SETD3,0.000000,0.000000,Source: gse20194,0.913043,0.817460,0.926808
IGSF6,0.000000,0.000000,Source: gse20194,0.913043,0.817460,0.926808
DCAF11,0.000000,0.000000,Source: gse20194,0.913043,0.817460,0.926808
KXD1,0.000000,0.000000,Source: gse20194,0.913043,0.817460,0.926808
PCDHB11,0.000000,0.000000,Source: gse20194,0.913043,0.817460,0.926808
DYNLT1,0.000000,0.000000,Source: gse20194,0.913043,0.817460,0.926808
TCF3,0.000000,0.000000,Source: gse20194,0.913043,0.817460,0.926808
RASIP1,0.000000,0.000000,Source: gse20194,0.913043,0.817460,0.926808
CTDSP1,0.000000,0.000000,Source: gse20194,0.913043,0.817460,0.926808
MFAP3L,0.000000,0.000000,Source: gse20194,0.913043,0.817460,0.926808
PCYT1A,0.000000,0.000000,Source: gse20194,0.913043,0.817460,0.926808
MED13L,0.000000,0.000000,Source: gse20194,0.913043,0.817460,0.926808
CFHR2,0.000000,0.000000,Source: gse20194,0.913043,0.817460,0.926808
SLC35E1,0.000000,0.000000,Source: gse20194,0.913043,0.817460,0.926808
FEZ2,0.000000,0.000000,Source: gse20194,0.913043,0.817460,0.926808
ADAM17,0.000000,0.000000,Source: gse20194,0.913043,0.817460,0.926808
PSMB9,0.000000,0.000000,Source: gse20194,0.913043,0.817460,0.926808
HCFC2,0.000000,0.000000,Source: gse20194,0.913043,0.817460,0.926808
SUSD5,0.000000,0.000000,Source: gse20194,0.913043,0.817460,0.926808
CRNKL1,0.000000,0.000000,Source: gse20194,0.913043,0.817460,0.926808
SLC13A3,0.000000,0.000000,Source: gse20194,0.913043,0.817460,0.926808
STXBP2,0.000000,0.000000,Source: gse20194,0.913043,0.817460,0.926808
GLDC,0.000000,0.000000,Source: gse20194,0.913043,0.817460,0.926808
PIWIL2,0.000000,0.000000,Source: gse20194,0.913043,0.817460,0.926808
GABRB1,0.000000,0.000000,Source: gse20194,0.913043,0.817460,0.926808
MCTP1,0.000000,0.000000,Source: gse20194,0.913043,0.817460,0.926808
OR3A2,0.000000,0.000000,Source: gse20194,0.913043,0.817460,0.926808
SDK2,0.000000,0.000000,Source: gse20194,0.913043,0.817460,0.926808
ZNF263,0.000000,0.000000,Source: gse20194,0.913043,0.817460,0.926808
CDC73,0.000000,0.000000,Source: gse20194,0.913043,0.817460,0.926808
GNG7,0.000000,0.000000,Source: gse20194,0.913043,0.817460,0.926808
POU1F1,0.000000,0.000000,Source: gse20194,0.913043,0.817460,0.926808
KBTBD4,0.000000,0.000000,Source: gse20194,0.913043,0.817460,0.926808
SASH1,0.000000,0.000000,Source: gse20194,0.913043,0.817460,0.926808
HSD17B4,0.000000,0.000000,Source: gse20194,0.913043,0.817460,0.926808
DNAJA3,0.000000,0.000000,Source: gse20194,0.913043,0.817460,0.926808
ARF4,0.000000,0.000000,Source: gse20194,0.913043,0.817460,0.926808
UEVLD,0.000000,0.000000,Source: gse20194,0.913043,0.817460,0.926808
MOXD1,0.000000,0.000000,Source: gse20194,0.913043,0.817460,0.926808
PLXNB1,0.000000,0.000000,Source: gse20194,0.913043,0.817460,0.926808
ARHGAP35,0.000000,0.000000,Source: gse20194,0.913043,0.817460,0.926808
SFI1,0.000000,0.000000,Source: gse20194,0.913043,0.817460,0.926808
ATRX,0.000000,0.000000,Source: gse20194,0.913043,0.817460,0.926808
CELA3A,0.000000,0.000000,Source: gse20194,0.913043,0.817460,0.926808
NBR1,0.000000,0.000000,Source: gse20194,0.913043,0.817460,0.926808
PAQR6,0.000000,0.000000,Source: gse20194,0.913043,0.817460,0.926808
PGBD5,0.000000,0.000000,Source: gse20194,0.913043,0.817460,0.926808
SRRM2,0.000000,0.000000,Source: gse20194,0.913043,0.817460,0.926808
KIF3A,0.000000,0.000000,Source: gse20194,0.913043,0.817460,0.926808
CAPN7,0.000000,0.000000,Source: gse20194,0.913043,0.817460,0.926808
RAB11A,0.000000,0.000000,Source: gse20194,0.913043,0.817460,0.926808
RPL23AP32,0.000000,0.000000,Source: gse20194,0.913043,0.817460,0.926808
POLR3C,0.000000,0.000000,Source: gse20194,0.913043,0.817460,0.926808
VAMP5,0.000000,0.000000,Source: gse20194,0.913043,0.817460,0.926808
GABARAP,0.000000,0.000000,Source: gse20194,0.913043,0.817460,0.926808
RAG1,0.000000,0.000000,Source: gse20194,0.913043,0.817460,0.926808
UBE2I,0.000000,0.000000,Source: gse20194,0.913043,0.817460,0.926808
NSL1,0.000000,0.000000,Source: gse20194,0.913043,0.817460,0.926808
KCNQ1,0.000000,0.000000,Source: gse20194,0.913043,0.817460,0.926808
MUL1,0.000000,0.000000,Source: gse20194,0.913043,0.817460,0.926808
NR2E3,0.000000,0.000000,Source: gse20194,0.913043,0.817460,0.926808
KLHL26,0.000000,0.000000,Source: gse20194,0.913043,0.817460,0.926808
IBTK,0.000000,0.000000,Source: gse20194,0.913043,0.817460,0.926808
ZNF136,0.000000,0.000000,Source: gse20194,0.913043,0.817460,0.926808
METTL16,0.000000,0.000000,Source: gse20194,0.913043,0.817460,0.926808
TBCCD1,0.000000,0.000000,Source: gse20194,0.913043,0.817460,0.926808
DEXI,0.000000,0.000000,Source: gse20194,0.913043,0.817460,0.926808
TBL3,0.000000,0.000000,Source: gse20194,0.913043,0.817460,0.926808
CTSA,0.000000,0.000000,Source: gse20194,0.913043,0.817460,0.926808
GDPD3,0.000000,0.000000,Source: gse20194,0.913043,0.817460,0.926808
ID4,0.000000,0.000000,Source: gse20194,0.913043,0.817460,0.926808
CCR1,0.000000,0.000000,Source: gse20194,0.913043,0.817460,0.926808
SDAD1,0.000000,0.000000,Source: gse20194,0.913043,0.817460,0.926808
ZNF212,0.000000,0.000000,Source: gse20194,0.913043,0.817460,0.926808
SPCS3,0.000000,0.000000,Source: gse20194,0.913043,0.817460,0.926808
EXTL1,0.000000,0.000000,Source: gse20194,0.913043,0.817460,0.926808
NUP85,0.000000,0.000000,Source: gse20194,0.913043,0.817460,0.926808
UBE2N,0.000000,0.000000,Source: gse20194,0.913043,0.817460,0.926808
B4GALNT1,0.000000,0.000000,Source: gse20194,0.913043,0.817460,0.926808
EEA1,0.000000,0.000000,Source: gse20194,0.913043,0.817460,0.926808
ERLIN1,0.000000,0.000000,Source: gse20194,0.913043,0.817460,0.926808
RAD9A,0.000000,0.000000,Source: gse20194,0.913043,0.817460,0.926808
PSME4,0.000000,0.000000,Source: gse20194,0.913043,0.817460,0.926808
KCNA4,0.000000,0.000000,Source: gse20194,0.913043,0.817460,0.926808
TP53BP2,0.000000,0.000000,Source: gse20194,0.913043,0.817460,0.926808
RANBP6,0.000000,0.000000,Source: gse20194,0.913043,0.817460,0.926808
REEP5,0.000000,0.000000,Source: gse20194,0.913043,0.817460,0.926808
SALL2,0.000000,0.000000,Source: gse20194,0.913043,0.817460,0.926808
LTBP3,0.000000,0.000000,Source: gse20194,0.913043,0.817460,0.926808
GCHFR,0.000000,0.000000,Source: gse20194,0.913043,0.817460,0.926808
ATG9A,0.000000,0.000000,Source: gse20194,0.913043,0.817460,0.926808
STAT5A,0.000000,0.000000,Source: gse20194,0.913043,0.817460,0.926808
ZNF528,0.000000,0.000000,Source: gse20194,0.913043,0.817460,0.926808
DERA,0.000000,0.000000,Source: gse20194,0.913043,0.817460,0.926808
CHN1,0.000000,0.000000,Source: gse20194,0.913043,0.817460,0.926808
TACR2,0.000000,0.000000,Source: gse20194,0.913043,0.817460,0.926808
USP36,0.000000,0.000000,Source: gse20194,0.913043,0.817460,0.926808
HP1BP3,0.000000,0.000000,Source: gse20194,0.913043,0.817460,0.926808
MPP1,0.000000,0.000000,Source: gse20194,0.913043,0.817460,0.926808
RIMS2,0.000000,0.000000,Source: gse20194,0.913043,0.817460,0.926808
TNIK,0.000000,0.000000,Source: gse20194,0.913043,0.817460,0.926808
EVI5,0.000000,0.000000,Source: gse20194,0.913043,0.817460,0.926808
BDH1,0.000000,0.000000,Source: gse20194,0.913043,0.817460,0.926808
PROX1,0.000000,0.000000,Source: gse20194,0.913043,0.817460,0.926808
PCYOX1L,0.000000,0.000000,Source: gse20194,0.913043,0.817460,0.926808
GPSM2,0.000000,0.000000,Source: gse20194,0.913043,0.817460,0.926808
EPCAM,0.000000,0.000000,Source: gse20194,0.913043,0.817460,0.926808
ALOXE3,0.000000,0.000000,Source: gse20194,0.913043,0.817460,0.926808
NCR3,0.000000,0.000000,Source: gse20194,0.913043,0.817460,0.926808
NEBL,0.000000,0.000000,Source: gse20194,0.913043,0.817460,0.926808
MYL2,0.000000,0.000000,Source: gse20194,0.913043,0.817460,0.926808
DEGS1,0.000000,0.000000,Source: gse20194,0.913043,0.817460,0.926808
FLRT3,0.000000,0.000000,Source: gse20194,0.913043,0.817460,0.926808
HCN2,0.000000,0.000000,Source: gse20194,0.913043,0.817460,0.926808
TMEM63A,0.000000,0.000000,Source: gse20194,0.913043,0.817460,0.926808
HCG9,0.000000,0.000000,Source: gse20194,0.913043,0.817460,0.926808
PEX16,0.000000,0.000000,Source: gse20194,0.913043,0.817460,0.926808
LY6H,0.000000,0.000000,Source: gse20194,0.913043,0.817460,0.926808
ADPGK,0.000000,0.000000,Source: gse20194,0.913043,0.817460,0.926808
WDR18,0.000000,0.000000,Source: gse20194,0.913043,0.817460,0.926808
ARIH1,0.000000,0.000000,Source: gse20194,0.913043,0.817460,0.926808
ZNF529,0.000000,0.000000,Source: gse20194,0.913043,0.817460,0.926808
NUBP1,0.000000,0.000000,Source: gse20194,0.913043,0.817460,0.926808
ZDHHC14,0.000000,0.000000,Source: gse20194,0.913043,0.817460,0.926808
DPM2,0.000000,0.000000,Source: gse20194,0.913043,0.817460,0.926808
TSPAN6,0.000000,0.000000,Source: gse20194,0.913043,0.817460,0.926808
MPL,0.000000,0.000000,Source: gse20194,0.913043,0.817460,0.926808
IL5,0.000000,0.000000,Source: gse20194,0.913043,0.817460,0.926808
KIR2DS4,0.000000,0.000000,Source: gse20194,0.913043,0.817460,0.926808
MEIS1,0.000000,0.000000,Source: gse20194,0.913043,0.817460,0.926808
ACIN1,0.000000,0.000000,Source: gse20194,0.913043,0.817460,0.926808
RAB25,0.000000,0.000000,Source: gse20194,0.913043,0.817460,0.926808
TNXB,0.000000,0.000000,Source: gse20194,0.913043,0.817460,0.926808
C1orf21,0.000000,0.000000,Source: gse20194,0.913043,0.817460,0.926808
OLFML1,0.000000,0.000000,Source: gse20194,0.913043,0.817460,0.926808
TBX19,0.000000,0.000000,Source: gse20194,0.913043,0.817460,0.926808
GABPB1,0.000000,0.000000,Source: gse20194,0.913043,0.817460,0.926808
IRGC,0.000000,0.000000,Source: gse20194,0.913043,0.817460,0.926808
BPGM,0.000000,0.000000,Source: gse20194,0.913043,0.817460,0.926808
GMPR2,0.000000,0.000000,Source: gse20194,0.913043,0.817460,0.926808
HNF4G,0.000000,0.000000,Source: gse20194,0.913043,0.817460,0.926808
FZD6,0.000000,0.000000,Source: gse20194,0.913043,0.817460,0.926808
PDE4C,0.000000,0.000000,Source: gse20194,0.913043,0.817460,0.926808
CDKN1B,0.000000,0.000000,Source: gse20194,0.913043,0.817460,0.926808
NOL12,0.000000,0.000000,Source: gse20194,0.913043,0.817460,0.926808
SLC4A3,0.000000,0.000000,Source: gse20194,0.913043,0.817460,0.926808
ATP13A2,0.000000,0.000000,Source: gse20194,0.913043,0.817460,0.926808
CLN5,0.000000,0.000000,Source: gse20194,0.913043,0.817460,0.926808
TRMT1,0.000000,0.000000,Source: gse20194,0.913043,0.817460,0.926808
TM2D3,0.000000,0.000000,Source: gse20194,0.913043,0.817460,0.926808
MRPL18,0.000000,0.000000,Source: gse20194,0.913043,0.817460,0.926808
CCL23,0.000000,0.000000,Source: gse20194,0.913043,0.817460,0.926808
CRCT1,0.000000,0.000000,Source: gse20194,0.913043,0.817460,0.926808
CCNK,0.000000,0.000000,Source: gse20194,0.913043,0.817460,0.926808
HTRA1,0.000000,0.000000,Source: gse20194,0.913043,0.817460,0.926808
BHMT,0.000000,0.000000,Source: gse20194,0.913043,0.817460,0.926808
TUBB1,0.000000,0.000000,Source: gse20194,0.913043,0.817460,0.926808
CST6,0.000000,0.000000,Source: gse20194,0.913043,0.817460,0.926808
TCIRG1,0.000000,0.000000,Source: gse20194,0.913043,0.817460,0.926808
PIPOX,0.000000,0.000000,Source: gse20194,0.913043,0.817460,0.926808
MAP3K3,0.000000,0.000000,Source: gse20194,0.913043,0.817460,0.926808
CRLF3,0.000000,0.000000,Source: gse20194,0.913043,0.817460,0.926808
LUC7L3,0.000000,0.000000,Source: gse20194,0.913043,0.817460,0.926808
PRODH,0.000000,0.000000,Source: gse20194,0.913043,0.817460,0.926808
CYP21A2,0.000000,0.000000,Source: gse20194,0.913043,0.817460,0.926808
OTUD7B,0.000000,0.000000,Source: gse20194,0.913043,0.817460,0.926808
CDC40,0.000000,0.000000,Source: gse20194,0.913043,0.817460,0.926808
PTGFR,0.000000,0.000000,Source: gse20194,0.913043,0.817460,0.926808
NOTCH1,0.000000,0.000000,Source: gse20194,0.913043,0.817460,0.926808
CC2D1A,0.000000,0.000000,Source: gse20194,0.913043,0.817460,0.926808
PPIF,0.000000,0.000000,Source: gse20194,0.913043,0.817460,0.926808
MASP2,0.000000,0.000000,Source: gse20194,0.913043,0.817460,0.926808
PIGG,0.000000,0.000000,Source: gse20194,0.913043,0.817460,0.926808
TMEM151B,0.000000,0.000000,Source: gse20194,0.913043,0.817460,0.926808
PTPRR,0.000000,0.000000,Source: gse20194,0.913043,0.817460,0.926808
NRAS,0.000000,0.000000,Source: gse20194,0.913043,0.817460,0.926808
GABRA4,0.000000,0.000000,Source: gse20194,0.913043,0.817460,0.926808
THAP9,0.000000,0.000000,Source: gse20194,0.913043,0.817460,0.926808
LRP1B,0.000000,0.000000,Source: gse20194,0.913043,0.817460,0.926808
RASSF8,0.000000,0.000000,Source: gse20194,0.913043,0.817460,0.926808
STRAP,0.000000,0.000000,Source: gse20194,0.913043,0.817460,0.926808
ADSL,0.000000,0.000000,Source: gse20194,0.913043,0.817460,0.926808
SPOCK2,0.000000,0.000000,Source: gse20194,0.913043,0.817460,0.926808
CLIC5,0.000000,0.000000,Source: gse20194,0.913043,0.817460,0.926808
IPO8,0.000000,0.000000,Source: gse20194,0.913043,0.817460,0.926808
UBXN1,0.000000,0.000000,Source: gse20194,0.913043,0.817460,0.926808
IZUMO4,0.000000,0.000000,Source: gse20194,0.913043,0.817460,0.926808
MDFIC,0.000000,0.000000,Source: gse20194,0.913043,0.817460,0.926808
PELI1,0.000000,0.000000,Source: gse20194,0.913043,0.817460,0.926808
MEGF9,0.000000,0.000000,Source: gse20194,0.913043,0.817460,0.926808
RAB40A,0.000000,0.000000,Source: gse20194,0.913043,0.817460,0.926808
BAZ1B,0.000000,0.000000,Source: gse20194,0.913043,0.817460,0.926808
S100B,0.000000,0.000000,Source: gse20194,0.913043,0.817460,0.926808
CSNK2A2,0.000000,0.000000,Source: gse20194,0.913043,0.817460,0.926808
HNRNPUL1,0.000000,0.000000,Source: gse20194,0.913043,0.817460,0.926808
GSS,0.000000,0.000000,Source: gse20194,0.913043,0.817460,0.926808
SLC16A7,0.000000,0.000000,Source: gse20194,0.913043,0.817460,0.926808
FKRP,0.000000,0.000000,Source: gse20194,0.913043,0.817460,0.926808
TRIM13,0.000000,0.000000,Source: gse20194,0.913043,0.817460,0.926808
ACTR2,0.000000,0.000000,Source: gse20194,0.913043,0.817460,0.926808
SH2B3,0.000000,0.000000,Source: gse20194,0.913043,0.817460,0.926808
URB2,0.000000,0.000000,Source: gse20194,0.913043,0.817460,0.926808
USH1C,0.000000,0.000000,Source: gse20194,0.913043,0.817460,0.926808
PRMT5,0.000000,0.000000,Source: gse20194,0.913043,0.817460,0.926808
BATF3,0.000000,0.000000,Source: gse20194,0.913043,0.817460,0.926808
CDC37L1,0.000000,0.000000,Source: gse20194,0.913043,0.817460,0.926808
SNAP25,0.000000,0.000000,Source: gse20194,0.913043,0.817460,0.926808
TOB1,0.000000,0.000000,Source: gse20194,0.913043,0.817460,0.926808
DCLRE1C,0.000000,0.000000,Source: gse20194,0.913043,0.817460,0.926808
FIP1L1,0.000000,0.000000,Source: gse20194,0.913043,0.817460,0.926808
MTCP1,0.000000,0.000000,Source: gse20194,0.913043,0.817460,0.926808
AXIN1,0.000000,0.000000,Source: gse20194,0.913043,0.817460,0.926808
MYC,0.000000,0.000000,Source: gse20194,0.913043,0.817460,0.926808
EPB41L5,0.000000,0.000000,Source: gse20194,0.913043,0.817460,0.926808
SPATA2L,0.000000,0.000000,Source: gse20194,0.913043,0.817460,0.926808
U2SURP,0.000000,0.000000,Source: gse20194,0.913043,0.817460,0.926808
E2F8,0.000000,0.000000,Source: gse20194,0.913043,0.817460,0.926808
METTL17,0.000000,0.000000,Source: gse20194,0.913043,0.817460,0.926808
USP9Y,0.000000,0.000000,Source: gse20194,0.913043,0.817460,0.926808
ZNF33B,0.000000,0.000000,Source: gse20194,0.913043,0.817460,0.926808
PAM,0.000000,0.000000,Source: gse20194,0.913043,0.817460,0.926808
HEMK1,0.000000,0.000000,Source: gse20194,0.913043,0.817460,0.926808
NDUFAB1,0.000000,0.000000,Source: gse20194,0.913043,0.817460,0.926808
YTHDC2,0.000000,0.000000,Source: gse20194,0.913043,0.817460,0.926808
ACSM5,0.000000,0.000000,Source: gse20194,0.913043,0.817460,0.926808
MXRA8,0.000000,0.000000,Source: gse20194,0.913043,0.817460,0.926808
SRP14,0.000000,0.000000,Source: gse20194,0.913043,0.817460,0.926808
SLC17A6,0.000000,0.000000,Source: gse20194,0.913043,0.817460,0.926808
CHRNA4,0.000000,0.000000,Source: gse20194,0.913043,0.817460,0.926808
TMX2,0.000000,0.000000,Source: gse20194,0.913043,0.817460,0.926808
PDPR,0.000000,0.000000,Source: gse20194,0.913043,0.817460,0.926808
BAG1,0.000000,0.000000,Source: gse20194,0.913043,0.817460,0.926808
UNC119,0.000000,0.000000,Source: gse20194,0.913043,0.817460,0.926808
CDC6,0.000000,0.000000,Source: gse20194,0.913043,0.817460,0.926808
WWC3,0.000000,0.000000,Source: gse20194,0.913043,0.817460,0.926808
ASRGL1,0.000000,0.000000,Source: gse20194,0.913043,0.817460,0.926808
ESRRA,0.000000,0.000000,Source: gse20194,0.913043,0.817460,0.926808
OLFML3,0.000000,0.000000,Source: gse20194,0.913043,0.817460,0.926808
ARFGEF2,0.000000,0.000000,Source: gse20194,0.913043,0.817460,0.926808
CDC14A,0.000000,0.000000,Source: gse20194,0.913043,0.817460,0.926808
TRA2B,0.000000,0.000000,Source: gse20194,0.913043,0.817460,0.926808
PRPF8,0.000000,0.000000,Source: gse20194,0.913043,0.817460,0.926808
CASP1,0.000000,0.000000,Source: gse20194,0.913043,0.817460,0.926808
ADAM8,0.000000,0.000000,Source: gse20194,0.913043,0.817460,0.926808
IL1RL2,0.000000,0.000000,Source: gse20194,0.913043,0.817460,0.926808
PRIM1,0.000000,0.000000,Source: gse20194,0.913043,0.817460,0.926808
LCE2B,0.000000,0.000000,Source: gse20194,0.913043,0.817460,0.926808
TBC1D16,0.000000,0.000000,Source: gse20194,0.913043,0.817460,0.926808
PAPOLB,0.000000,0.000000,Source: gse20194,0.913043,0.817460,0.926808
SMARCA4,0.000000,0.000000,Source: gse20194,0.913043,0.817460,0.926808
ASXL1,0.000000,0.000000,Source: gse20194,0.913043,0.817460,0.926808
NPAT,0.000000,0.000000,Source: gse20194,0.913043,0.817460,0.926808
UQCR11,0.000000,0.000000,Source: gse20194,0.913043,0.817460,0.926808
NTRK3,0.000000,0.000000,Source: gse20194,0.913043,0.817460,0.926808
RGS10,0.000000,0.000000,Source: gse20194,0.913043,0.817460,0.926808
NUP43,0.000000,0.000000,Source: gse20194,0.913043,0.817460,0.926808
ZBTB40,0.000000,0.000000,Source: gse20194,0.913043,0.817460,0.926808
APC2,0.000000,0.000000,Source: gse20194,0.913043,0.817460,0.926808
CABP1,0.000000,0.000000,Source: gse20194,0.913043,0.817460,0.926808
PGM5,0.000000,0.000000,Source: gse20194,0.913043,0.817460,0.926808
POLR3K,0.000000,0.000000,Source: gse20194,0.913043,0.817460,0.926808
TTC31,0.000000,0.000000,Source: gse20194,0.913043,0.817460,0.926808
NDST3,0.000000,0.000000,Source: gse20194,0.913043,0.817460,0.926808
FUT2,0.000000,0.000000,Source: gse20194,0.913043,0.817460,0.926808
IL12B,0.000000,0.000000,Source: gse20194,0.913043,0.817460,0.926808
NFASC,0.000000,0.000000,Source: gse20194,0.913043,0.817460,0.926808
TMEM106B,0.000000,0.000000,Source: gse20194,0.913043,0.817460,0.926808
PMM1,0.000000,0.000000,Source: gse20194,0.913043,0.817460,0.926808
EDEM1,0.000000,0.000000,Source: gse20194,0.913043,0.817460,0.926808
BCL9,0.000000,0.000000,Source: gse20194,0.913043,0.817460,0.926808
FRMD4B,0.000000,0.000000,Source: gse20194,0.913043,0.817460,0.926808
ZMIZ1,0.000000,0.000000,Source: gse20194,0.913043,0.817460,0.926808
CD38,0.000000,0.000000,Source: gse20194,0.913043,0.817460,0.926808
CRNN,0.000000,0.000000,Source: gse20194,0.913043,0.817460,0.926808
RNF34,0.000000,0.000000,Source: gse20194,0.913043,0.817460,0.926808
APOL2,0.000000,0.000000,Source: gse20194,0.913043,0.817460,0.926808
BMP2,0.000000,0.000000,Source: gse20194,0.913043,0.817460,0.926808
PYGM,0.000000,0.000000,Source: gse20194,0.913043,0.817460,0.926808
TMEM144,0.000000,0.000000,Source: gse20194,0.913043,0.817460,0.926808
MOSPD1,0.000000,0.000000,Source: gse20194,0.913043,0.817460,0.926808
ASB9,0.000000,0.000000,Source: gse20194,0.913043,0.817460,0.926808
SLC25A21,0.000000,0.000000,Source: gse20194,0.913043,0.817460,0.926808
CHST2,0.000000,0.000000,Source: gse20194,0.913043,0.817460,0.926808
TBL2,0.000000,0.000000,Source: gse20194,0.913043,0.817460,0.926808
FXYD1,0.000000,0.000000,Source: gse20194,0.913043,0.817460,0.926808
PIK3C2A,0.000000,0.000000,Source: gse20194,0.913043,0.817460,0.926808
SFRP4,0.000000,0.000000,Source: gse20194,0.913043,0.817460,0.926808
KCNIP2,0.000000,0.000000,Source: gse20194,0.913043,0.817460,0.926808
LINC00474,0.000000,0.000000,Source: gse20194,0.913043,0.817460,0.926808
PAFAH1B1,0.000000,0.000000,Source: gse20194,0.913043,0.817460,0.926808
EZR,0.000000,0.000000,Source: gse20194,0.913043,0.817460,0.926808
ST7L,0.000000,0.000000,Source: gse20194,0.913043,0.817460,0.926808
ZFYVE16,0.000000,0.000000,Source: gse20194,0.913043,0.817460,0.926808
CGREF1,0.000000,0.000000,Source: gse20194,0.913043,0.817460,0.926808
PEA15,0.000000,0.000000,Source: gse20194,0.913043,0.817460,0.926808
UBE2L6,0.000000,0.000000,Source: gse20194,0.913043,0.817460,0.926808
PRRC2A,0.000000,0.000000,Source: gse20194,0.913043,0.817460,0.926808
PNOC,0.000000,0.000000,Source: gse20194,0.913043,0.817460,0.926808
VAC14,0.000000,0.000000,Source: gse20194,0.913043,0.817460,0.926808
RPGRIP1L,0.000000,0.000000,Source: gse20194,0.913043,0.817460,0.926808
KCNJ1,0.000000,0.000000,Source: gse20194,0.913043,0.817460,0.926808
MYOG,0.000000,0.000000,Source: gse20194,0.913043,0.817460,0.926808
DIRAS3,0.000000,0.000000,Source: gse20194,0.913043,0.817460,0.926808
DSE,0.000000,0.000000,Source: gse20194,0.913043,0.817460,0.926808
S100A14,0.000000,0.000000,Source: gse20194,0.913043,0.817460,0.926808
PGRMC2,0.000000,0.000000,Source: gse20194,0.913043,0.817460,0.926808
MMP24,0.000000,0.000000,Source: gse20194,0.913043,0.817460,0.926808
CUX2,0.000000,0.000000,Source: gse20194,0.913043,0.817460,0.926808
INTS9,0.000000,0.000000,Source: gse20194,0.913043,0.817460,0.926808
F13A1,0.000000,0.000000,Source: gse20194,0.913043,0.817460,0.926808
DHX58,0.000000,0.000000,Source: gse20194,0.913043,0.817460,0.926808
PSMB7,0.000000,0.000000,Source: gse20194,0.913043,0.817460,0.926808
EXOSC8,0.000000,0.000000,Source: gse20194,0.913043,0.817460,0.926808
CACNA1A,0.000000,0.000000,Source: gse20194,0.913043,0.817460,0.926808
INF2,0.000000,0.000000,Source: gse20194,0.913043,0.817460,0.926808
ATP11B,0.000000,0.000000,Source: gse20194,0.913043,0.817460,0.926808
HDAC4,0.000000,0.000000,Source: gse20194,0.913043,0.817460,0.926808
KCNJ15,0.000000,0.000000,Source: gse20194,0.913043,0.817460,0.926808
KERA,0.000000,0.000000,Source: gse20194,0.913043,0.817460,0.926808
LRRC32,0.000000,0.000000,Source: gse20194,0.913043,0.817460,0.926808
TGFBRAP1,0.000000,0.000000,Source: gse20194,0.913043,0.817460,0.926808
PRSS8,0.000000,0.000000,Source: gse20194,0.913043,0.817460,0.926808
MUSK,0.000000,0.000000,Source: gse20194,0.913043,0.817460,0.926808
COL14A1,0.000000,0.000000,Source: gse20194,0.913043,0.817460,0.926808
IFITM2,0.000000,0.000000,Source: gse20194,0.913043,0.817460,0.926808
HLA-DPB1,0.000000,0.000000,Source: gse20194,0.913043,0.817460,0.926808
DLG5,0.000000,0.000000,Source: gse20194,0.913043,0.817460,0.926808
LSG1,0.000000,0.000000,Source: gse20194,0.913043,0.817460,0.926808
CEBPZ,0.000000,0.000000,Source: gse20194,0.913043,0.817460,0.926808
PTP4A2,0.000000,0.000000,Source: gse20194,0.913043,0.817460,0.926808
RIMS1,0.000000,0.000000,Source: gse20194,0.913043,0.817460,0.926808
KIF23,0.000000,0.000000,Source: gse20194,0.913043,0.817460,0.926808
WNT6,0.000000,0.000000,Source: gse20194,0.913043,0.817460,0.926808
HSPA13,0.000000,0.000000,Source: gse20194,0.913043,0.817460,0.926808
NCF2,0.000000,0.000000,Source: gse20194,0.913043,0.817460,0.926808
ASTN2,0.000000,0.000000,Source: gse20194,0.913043,0.817460,0.926808
RHOH,0.000000,0.000000,Source: gse20194,0.913043,0.817460,0.926808
SIPA1L3,0.000000,0.000000,Source: gse20194,0.913043,0.817460,0.926808
URGCP,0.000000,0.000000,Source: gse20194,0.913043,0.817460,0.926808
USP21,0.000000,0.000000,Source: gse20194,0.913043,0.817460,0.926808
EPB41L4B,0.000000,0.000000,Source: gse20194,0.913043,0.817460,0.926808
CNP,0.000000,0.000000,Source: gse20194,0.913043,0.817460,0.926808
MRPS18A,0.000000,0.000000,Source: gse20194,0.913043,0.817460,0.926808
B3GNT4,0.000000,0.000000,Source: gse20194,0.913043,0.817460,0.926808
HES2,0.000000,0.000000,Source: gse20194,0.913043,0.817460,0.926808
BRPF1,0.000000,0.000000,Source: gse20194,0.913043,0.817460,0.926808
PANK2,0.000000,0.000000,Source: gse20194,0.913043,0.817460,0.926808
MANBA,0.000000,0.000000,Source: gse20194,0.913043,0.817460,0.926808
CD63,0.000000,0.000000,Source: gse20194,0.913043,0.817460,0.926808
CHPF,0.000000,0.000000,Source: gse20194,0.913043,0.817460,0.926808
ISCU,0.000000,0.000000,Source: gse20194,0.913043,0.817460,0.926808
PF4V1,0.000000,0.000000,Source: gse20194,0.913043,0.817460,0.926808
SOX3,0.000000,0.000000,Source: gse20194,0.913043,0.817460,0.926808
ISCA1,0.000000,0.000000,Source: gse20194,0.913043,0.817460,0.926808
CFHR5,0.000000,0.000000,Source: gse20194,0.913043,0.817460,0.926808
CXCL14,0.000000,0.000000,Source: gse20194,0.913043,0.817460,0.926808
ORC5,0.000000,0.000000,Source: gse20194,0.913043,0.817460,0.926808
CD164,0.000000,0.000000,Source: gse20194,0.913043,0.817460,0.926808
LAMC1,0.000000,0.000000,Source: gse20194,0.913043,0.817460,0.926808
TSNAXIP1,0.000000,0.000000,Source: gse20194,0.913043,0.817460,0.926808
POLR2E,0.000000,0.000000,Source: gse20194,0.913043,0.817460,0.926808
ABO,0.000000,0.000000,Source: gse20194,0.913043,0.817460,0.926808
IDS,0.000000,0.000000,Source: gse20194,0.913043,0.817460,0.926808
APOOL,0.000000,0.000000,Source: gse20194,0.913043,0.817460,0.926808
SYNJ2BP,0.000000,0.000000,Source: gse20194,0.913043,0.817460,0.926808
NCOA1,0.000000,0.000000,Source: gse20194,0.913043,0.817460,0.926808
EHBP1,0.000000,0.000000,Source: gse20194,0.913043,0.817460,0.926808
KCNE4,0.000000,0.000000,Source: gse20194,0.913043,0.817460,0.926808
INPP4A,0.000000,0.000000,Source: gse20194,0.913043,0.817460,0.926808
EIF5A2,0.000000,0.000000,Source: gse20194,0.913043,0.817460,0.926808
PALM,0.000000,0.000000,Source: gse20194,0.913043,0.817460,0.926808
PF4,0.000000,0.000000,Source: gse20194,0.913043,0.817460,0.926808
EXOC5,0.000000,0.000000,Source: gse20194,0.913043,0.817460,0.926808
PAH,0.000000,0.000000,Source: gse20194,0.913043,0.817460,0.926808
COPG1,0.000000,0.000000,Source: gse20194,0.913043,0.817460,0.926808
PTPRK,0.000000,0.000000,Source: gse20194,0.913043,0.817460,0.926808
SULT2A1,0.000000,0.000000,Source: gse20194,0.913043,0.817460,0.926808
CYFIP1,0.000000,0.000000,Source: gse20194,0.913043,0.817460,0.926808
B3GNTL1,0.000000,0.000000,Source: gse20194,0.913043,0.817460,0.926808
SCAI,0.000000,0.000000,Source: gse20194,0.913043,0.817460,0.926808
CEP350,0.000000,0.000000,Source: gse20194,0.913043,0.817460,0.926808
GADD45G,0.000000,0.000000,Source: gse20194,0.913043,0.817460,0.926808
PPIEL,0.000000,0.000000,Source: gse20194,0.913043,0.817460,0.926808
ZC3H3,0.000000,0.000000,Source: gse20194,0.913043,0.817460,0.926808
TXNL4B,0.000000,0.000000,Source: gse20194,0.913043,0.817460,0.926808
DCLK1,0.000000,0.000000,Source: gse20194,0.913043,0.817460,0.926808
PRKCD,0.000000,0.000000,Source: gse20194,0.913043,0.817460,0.926808
SLC28A1,0.000000,0.000000,Source: gse20194,0.913043,0.817460,0.926808
XBP1,0.000000,0.000000,Source: gse20194,0.913043,0.817460,0.926808
TPM2,0.000000,0.000000,Source: gse20194,0.913043,0.817460,0.926808
CD24,0.000000,0.000000,Source: gse20194,0.913043,0.817460,0.926808
LRRC61,0.000000,0.000000,Source: gse20194,0.913043,0.817460,0.926808
DCHS2,0.000000,0.000000,Source: gse20194,0.913043,0.817460,0.926808
EMCN,0.000000,0.000000,Source: gse20194,0.913043,0.817460,0.926808
SP140,0.000000,0.000000,Source: gse20194,0.913043,0.817460,0.926808
CIDEB,0.000000,0.000000,Source: gse20194,0.913043,0.817460,0.926808
CMTM6,0.000000,0.000000,Source: gse20194,0.913043,0.817460,0.926808
SMPX,0.000000,0.000000,Source: gse20194,0.913043,0.817460,0.926808
DRAP1,0.000000,0.000000,Source: gse20194,0.913043,0.817460,0.926808
TMEM242,0.000000,0.000000,Source: gse20194,0.913043,0.817460,0.926808
FRMD4A,0.000000,0.000000,Source: gse20194,0.913043,0.817460,0.926808
HADHA,0.000000,0.000000,Source: gse20194,0.913043,0.817460,0.926808
BTC,0.000000,0.000000,Source: gse20194,0.913043,0.817460,0.926808
ADORA2B,0.000000,0.000000,Source: gse20194,0.913043,0.817460,0.926808
AFAP1,0.000000,0.000000,Source: gse20194,0.913043,0.817460,0.926808
AKR1B10,0.000000,0.000000,Source: gse20194,0.913043,0.817460,0.926808
CEACAM1,0.000000,0.000000,Source: gse20194,0.913043,0.817460,0.926808
ALX1,0.000000,0.000000,Source: gse20194,0.913043,0.817460,0.926808
KDM3A,0.000000,0.000000,Source: gse20194,0.913043,0.817460,0.926808
CEP135,0.000000,0.000000,Source: gse20194,0.913043,0.817460,0.926808
ELL,0.000000,0.000000,Source: gse20194,0.913043,0.817460,0.926808
SLC6A4,0.000000,0.000000,Source: gse20194,0.913043,0.817460,0.926808
OTUB2,0.000000,0.000000,Source: gse20194,0.913043,0.817460,0.926808
FBXO3,0.000000,0.000000,Source: gse20194,0.913043,0.817460,0.926808
POLD1,0.000000,0.000000,Source: gse20194,0.913043,0.817460,0.926808
CHRDL1,0.000000,0.000000,Source: gse20194,0.913043,0.817460,0.926808
TANK,0.000000,0.000000,Source: gse20194,0.913043,0.817460,0.926808
CDKN2C,0.000000,0.000000,Source: gse20194,0.913043,0.817460,0.926808
ABHD14A,0.000000,0.000000,Source: gse20194,0.913043,0.817460,0.926808
LIN7B,0.000000,0.000000,Source: gse20194,0.913043,0.817460,0.926808
PALLD,0.000000,0.000000,Source: gse20194,0.913043,0.817460,0.926808
RASSF1,0.000000,0.000000,Source: gse20194,0.913043,0.817460,0.926808
ZNF135,0.000000,0.000000,Source: gse20194,0.913043,0.817460,0.926808
AKAP1,0.000000,0.000000,Source: gse20194,0.913043,0.817460,0.926808
PCOLCE,0.000000,0.000000,Source: gse20194,0.913043,0.817460,0.926808
HMBOX1,0.000000,0.000000,Source: gse20194,0.913043,0.817460,0.926808
CD19,0.000000,0.000000,Source: gse20194,0.913043,0.817460,0.926808
OSGIN2,0.000000,0.000000,Source: gse20194,0.913043,0.817460,0.926808
MTMR2,0.000000,0.000000,Source: gse20194,0.913043,0.817460,0.926808
TAS2R7,0.000000,0.000000,Source: gse20194,0.913043,0.817460,0.926808
CCNT2,0.000000,0.000000,Source: gse20194,0.913043,0.817460,0.926808
NDNF,0.000000,0.000000,Source: gse20194,0.913043,0.817460,0.926808
ACOX1,0.000000,0.000000,Source: gse20194,0.913043,0.817460,0.926808
IMPA1,0.000000,0.000000,Source: gse20194,0.913043,0.817460,0.926808
YIF1B,0.000000,0.000000,Source: gse20194,0.913043,0.817460,0.926808
POMP,0.000000,0.000000,Source: gse20194,0.913043,0.817460,0.926808
RPN1,0.000000,0.000000,Source: gse20194,0.913043,0.817460,0.926808
SLC38A7,0.000000,0.000000,Source: gse20194,0.913043,0.817460,0.926808
SYT2,0.000000,0.000000,Source: gse20194,0.913043,0.817460,0.926808
GGA3,0.000000,0.000000,Source: gse20194,0.913043,0.817460,0.926808
PCOLCE2,0.000000,0.000000,Source: gse20194,0.913043,0.817460,0.926808
CXCR4,0.000000,0.000000,Source: gse20194,0.913043,0.817460,0.926808
SNTB2,0.000000,0.000000,Source: gse20194,0.913043,0.817460,0.926808
UQCRC2,0.000000,0.000000,Source: gse20194,0.913043,0.817460,0.926808
XRCC1,0.000000,0.000000,Source: gse20194,0.913043,0.817460,0.926808
PRKAA2,0.000000,0.000000,Source: gse20194,0.913043,0.817460,0.926808
PKN1,0.000000,0.000000,Source: gse20194,0.913043,0.817460,0.926808
BIN2,0.000000,0.000000,Source: gse20194,0.913043,0.817460,0.926808
BPI,0.000000,0.000000,Source: gse20194,0.913043,0.817460,0.926808
KLF4,0.000000,0.000000,Source: gse20194,0.913043,0.817460,0.926808
SLC6A2,0.000000,0.000000,Source: gse20194,0.913043,0.817460,0.926808
CREM,0.000000,0.000000,Source: gse20194,0.913043,0.817460,0.926808
PNKP,0.000000,0.000000,Source: gse20194,0.913043,0.817460,0.926808
PAK3,0.000000,0.000000,Source: gse20194,0.913043,0.817460,0.926808
SLC2A10,0.000000,0.000000,Source: gse20194,0.913043,0.817460,0.926808
KLHDC10,0.000000,0.000000,Source: gse20194,0.913043,0.817460,0.926808
CALCOCO1,0.000000,0.000000,Source: gse20194,0.913043,0.817460,0.926808
KEAP1,0.000000,0.000000,Source: gse20194,0.913043,0.817460,0.926808
NPR3,0.000000,0.000000,Source: gse20194,0.913043,0.817460,0.926808
RAP1GDS1,0.000000,0.000000,Source: gse20194,0.913043,0.817460,0.926808
GLG1,0.000000,0.000000,Source: gse20194,0.913043,0.817460,0.926808
RAP2A,0.000000,0.000000,Source: gse20194,0.913043,0.817460,0.926808
MNS1,0.000000,0.000000,Source: gse20194,0.913043,0.817460,0.926808
MATN1,0.000000,0.000000,Source: gse20194,0.913043,0.817460,0.926808
PGM3,0.000000,0.000000,Source: gse20194,0.913043,0.817460,0.926808
RALB,0.000000,0.000000,Source: gse20194,0.913043,0.817460,0.926808
IL12RB1,0.000000,0.000000,Source: gse20194,0.913043,0.817460,0.926808
RDH16,0.000000,0.000000,Source: gse20194,0.913043,0.817460,0.926808
TAOK3,0.000000,0.000000,Source: gse20194,0.913043,0.817460,0.926808
ETNK1,0.000000,0.000000,Source: gse20194,0.913043,0.817460,0.926808
PIK3CG,0.000000,0.000000,Source: gse20194,0.913043,0.817460,0.926808
CELSR2,0.000000,0.000000,Source: gse20194,0.913043,0.817460,0.926808
CD72,0.000000,0.000000,Source: gse20194,0.913043,0.817460,0.926808
ACOT11,0.000000,0.000000,Source: gse20194,0.913043,0.817460,0.926808
SDR39U1,0.000000,0.000000,Source: gse20194,0.913043,0.817460,0.926808
PRDM5,0.000000,0.000000,Source: gse20194,0.913043,0.817460,0.926808
ZCCHC14,0.000000,0.000000,Source: gse20194,0.913043,0.817460,0.926808
CETN3,0.000000,0.000000,Source: gse20194,0.913043,0.817460,0.926808
AMT,0.000000,0.000000,Source: gse20194,0.913043,0.817460,0.926808
C9orf78,0.000000,0.000000,Source: gse20194,0.913043,0.817460,0.926808
CACNA1C,0.000000,0.000000,Source: gse20194,0.913043,0.817460,0.926808
MFN2,0.000000,0.000000,Source: gse20194,0.913043,0.817460,0.926808
RAD54L,0.000000,0.000000,Source: gse20194,0.913043,0.817460,0.926808
GPS2,0.000000,0.000000,Source: gse20194,0.913043,0.817460,0.926808
PEG3,0.000000,0.000000,Source: gse20194,0.913043,0.817460,0.926808
DYNC2H1,0.000000,0.000000,Source: gse20194,0.913043,0.817460,0.926808
IL17RB,0.000000,0.000000,Source: gse20194,0.913043,0.817460,0.926808
KL,0.000000,0.000000,Source: gse20194,0.913043,0.817460,0.926808
BTG1,0.000000,0.000000,Source: gse20194,0.913043,0.817460,0.926808
FKBP4,0.000000,0.000000,Source: gse20194,0.913043,0.817460,0.926808
SLC10A1,0.000000,0.000000,Source: gse20194,0.913043,0.817460,0.926808
BCAN,0.000000,0.000000,Source: gse20194,0.913043,0.817460,0.926808
CEBPB,0.000000,0.000000,Source: gse20194,0.913043,0.817460,0.926808
SLC44A1,0.000000,0.000000,Source: gse20194,0.913043,0.817460,0.926808
TFDP3,0.000000,0.000000,Source: gse20194,0.913043,0.817460,0.926808
CCKBR,0.000000,0.000000,Source: gse20194,0.913043,0.817460,0.926808
TIAL1,0.000000,0.000000,Source: gse20194,0.913043,0.817460,0.926808
FAM136A,0.000000,0.000000,Source: gse20194,0.913043,0.817460,0.926808
SMAP1,0.000000,0.000000,Source: gse20194,0.913043,0.817460,0.926808
KAT6A,0.000000,0.000000,Source: gse20194,0.913043,0.817460,0.926808
GUCA1B,0.000000,0.000000,Source: gse20194,0.913043,0.817460,0.926808
NFE2L1,0.000000,0.000000,Source: gse20194,0.913043,0.817460,0.926808
IGFBP6,0.000000,0.000000,Source: gse20194,0.913043,0.817460,0.926808
MDFI,0.000000,0.000000,Source: gse20194,0.913043,0.817460,0.926808
ZMAT3,0.000000,0.000000,Source: gse20194,0.913043,0.817460,0.926808
SERPINA10,0.000000,0.000000,Source: gse20194,0.913043,0.817460,0.926808
EGFL6,0.000000,0.000000,Source: gse20194,0.913043,0.817460,0.926808
MTX2,0.000000,0.000000,Source: gse20194,0.913043,0.817460,0.926808
ZNF132,0.000000,0.000000,Source: gse20194,0.913043,0.817460,0.926808
C14orf132,0.000000,0.000000,Source: gse20194,0.913043,0.817460,0.926808
APOO,0.000000,0.000000,Source: gse20194,0.913043,0.817460,0.926808
ELOVL6,0.000000,0.000000,Source: gse20194,0.913043,0.817460,0.926808
PIH1D1,0.000000,0.000000,Source: gse20194,0.913043,0.817460,0.926808
CXCL10,0.000000,0.000000,Source: gse20194,0.913043,0.817460,0.926808
KLK15,0.000000,0.000000,Source: gse20194,0.913043,0.817460,0.926808
SPRY2,0.000000,0.000000,Source: gse20194,0.913043,0.817460,0.926808
ZDHHC17,0.000000,0.000000,Source: gse20194,0.913043,0.817460,0.926808
KPNB1,0.000000,0.000000,Source: gse20194,0.913043,0.817460,0.926808
CDK5RAP2,0.000000,0.000000,Source: gse20194,0.913043,0.817460,0.926808
OPN3,0.000000,0.000000,Source: gse20194,0.913043,0.817460,0.926808
TIAM1,0.000000,0.000000,Source: gse20194,0.913043,0.817460,0.926808
CACNG1,0.000000,0.000000,Source: gse20194,0.913043,0.817460,0.926808
GRB14,0.000000,0.000000,Source: gse20194,0.913043,0.817460,0.926808
SRSF6,0.000000,0.000000,Source: gse20194,0.913043,0.817460,0.926808
MT2A,0.000000,0.000000,Source: gse20194,0.913043,0.817460,0.926808
PUS7,0.000000,0.000000,Source: gse20194,0.913043,0.817460,0.926808
BRAF,0.000000,0.000000,Source: gse20194,0.913043,0.817460,0.926808
RPA2,0.000000,0.000000,Source: gse20194,0.913043,0.817460,0.926808
PPP2R5A,0.000000,0.000000,Source: gse20194,0.913043,0.817460,0.926808
PIK3IP1,0.000000,0.000000,Source: gse20194,0.913043,0.817460,0.926808
LUZP1,0.000000,0.000000,Source: gse20194,0.913043,0.817460,0.926808
HTR5A,0.000000,0.000000,Source: gse20194,0.913043,0.817460,0.926808
AURKA,0.000000,0.000000,Source: gse20194,0.913043,0.817460,0.926808
TMEM39B,0.000000,0.000000,Source: gse20194,0.913043,0.817460,0.926808
TSPAN31,0.000000,0.000000,Source: gse20194,0.913043,0.817460,0.926808
OBP2A,0.000000,0.000000,Source: gse20194,0.913043,0.817460,0.926808
TRIM23,0.000000,0.000000,Source: gse20194,0.913043,0.817460,0.926808
CA6,0.000000,0.000000,Source: gse20194,0.913043,0.817460,0.926808
NPEPPS,0.000000,0.000000,Source: gse20194,0.913043,0.817460,0.926808
CSRNP2,0.000000,0.000000,Source: gse20194,0.913043,0.817460,0.926808
PEX19,0.000000,0.000000,Source: gse20194,0.913043,0.817460,0.926808
KRT4,0.000000,0.000000,Source: gse20194,0.913043,0.817460,0.926808
SMC4,0.000000,0.000000,Source: gse20194,0.913043,0.817460,0.926808
ALDH1L1,0.000000,0.000000,Source: gse20194,0.913043,0.817460,0.926808
ABCF2,0.000000,0.000000,Source: gse20194,0.913043,0.817460,0.926808
LAPTM4B,0.000000,0.000000,Source: gse20194,0.913043,0.817460,0.926808
TBC1D12,0.000000,0.000000,Source: gse20194,0.913043,0.817460,0.926808
SLC22A14,0.000000,0.000000,Source: gse20194,0.913043,0.817460,0.926808
MRC1,0.000000,0.000000,Source: gse20194,0.913043,0.817460,0.926808
RNF19B,0.000000,0.000000,Source: gse20194,0.913043,0.817460,0.926808
KHDRBS1,0.000000,0.000000,Source: gse20194,0.913043,0.817460,0.926808
NECAB2,0.000000,0.000000,Source: gse20194,0.913043,0.817460,0.926808
TNKS,0.000000,0.000000,Source: gse20194,0.913043,0.817460,0.926808
ELL3,0.000000,0.000000,Source: gse20194,0.913043,0.817460,0.926808
TLL2,0.000000,0.000000,Source: gse20194,0.913043,0.817460,0.926808
MEP1B,0.000000,0.000000,Source: gse20194,0.913043,0.817460,0.926808
ATP10D,0.000000,0.000000,Source: gse20194,0.913043,0.817460,0.926808
TGFBR3,0.000000,0.000000,Source: gse20194,0.913043,0.817460,0.926808
CPPED1,0.000000,0.000000,Source: gse20194,0.913043,0.817460,0.926808
ERP44,0.000000,0.000000,Source: gse20194,0.913043,0.817460,0.926808
ZNF750,0.000000,0.000000,Source: gse20194,0.913043,0.817460,0.926808
MFF,0.000000,0.000000,Source: gse20194,0.913043,0.817460,0.926808
AP1AR,0.000000,0.000000,Source: gse20194,0.913043,0.817460,0.926808
SLIT1,0.000000,0.000000,Source: gse20194,0.913043,0.817460,0.926808
PGAM2,0.000000,0.000000,Source: gse20194,0.913043,0.817460,0.926808
KLHDC8A,0.000000,0.000000,Source: gse20194,0.913043,0.817460,0.926808
GPHN,0.000000,0.000000,Source: gse20194,0.913043,0.817460,0.926808
AGXT,0.000000,0.000000,Source: gse20194,0.913043,0.817460,0.926808
BMPR1A,0.000000,0.000000,Source: gse20194,0.913043,0.817460,0.926808
SCD,0.000000,0.000000,Source: gse20194,0.913043,0.817460,0.926808
STATH,0.000000,0.000000,Source: gse20194,0.913043,0.817460,0.926808
MZB1,0.000000,0.000000,Source: gse20194,0.913043,0.817460,0.926808
NPPC,0.000000,0.000000,Source: gse20194,0.913043,0.817460,0.926808
RPS6KC1,0.000000,0.000000,Source: gse20194,0.913043,0.817460,0.926808
TXLNG,0.000000,0.000000,Source: gse20194,0.913043,0.817460,0.926808
DAG1,0.000000,0.000000,Source: gse20194,0.913043,0.817460,0.926808
FMO6P,0.000000,0.000000,Source: gse20194,0.913043,0.817460,0.926808
LRRC8D,0.000000,0.000000,Source: gse20194,0.913043,0.817460,0.926808
PART1,0.000000,0.000000,Source: gse20194,0.913043,0.817460,0.926808
CRYM,0.000000,0.000000,Source: gse20194,0.913043,0.817460,0.926808
PPP1R37,0.000000,0.000000,Source: gse20194,0.913043,0.817460,0.926808
ZNF37BP,0.000000,0.000000,Source: gse20194,0.913043,0.817460,0.926808
ITGB1BP1,0.000000,0.000000,Source: gse20194,0.913043,0.817460,0.926808
SUSD4,0.000000,0.000000,Source: gse20194,0.913043,0.817460,0.926808
FLG,0.000000,0.000000,Source: gse20194,0.913043,0.817460,0.926808
RAF1,0.000000,0.000000,Source: gse20194,0.913043,0.817460,0.926808
TK1,0.000000,0.000000,Source: gse20194,0.913043,0.817460,0.926808
PIK3R1,0.000000,0.000000,Source: gse20194,0.913043,0.817460,0.926808
RYK,0.000000,0.000000,Source: gse20194,0.913043,0.817460,0.926808
LRAT,0.000000,0.000000,Source: gse20194,0.913043,0.817460,0.926808
PIWIL1,0.000000,0.000000,Source: gse20194,0.913043,0.817460,0.926808
ANXA2P1,0.000000,0.000000,Source: gse20194,0.913043,0.817460,0.926808
RCBTB2,0.000000,0.000000,Source: gse20194,0.913043,0.817460,0.926808
PDC,0.000000,0.000000,Source: gse20194,0.913043,0.817460,0.926808
STAB2,0.000000,0.000000,Source: gse20194,0.913043,0.817460,0.926808
CNOT3,0.000000,0.000000,Source: gse20194,0.913043,0.817460,0.926808
RRP9,0.000000,0.000000,Source: gse20194,0.913043,0.817460,0.926808
DSN1,0.000000,0.000000,Source: gse20194,0.913043,0.817460,0.926808
TIMM17B,0.000000,0.000000,Source: gse20194,0.913043,0.817460,0.926808
AQP9,0.000000,0.000000,Source: gse20194,0.913043,0.817460,0.926808
IL9,0.000000,0.000000,Source: gse20194,0.913043,0.817460,0.926808
PKN2,0.000000,0.000000,Source: gse20194,0.913043,0.817460,0.926808
HBQ1,0.000000,0.000000,Source: gse20194,0.913043,0.817460,0.926808
LRP5,0.000000,0.000000,Source: gse20194,0.913043,0.817460,0.926808
CLN8,0.000000,0.000000,Source: gse20194,0.913043,0.817460,0.926808
EFHC2,0.000000,0.000000,Source: gse20194,0.913043,0.817460,0.926808
PPP6C,0.000000,0.000000,Source: gse20194,0.913043,0.817460,0.926808
KRTAP1-3,0.000000,0.000000,Source: gse20194,0.913043,0.817460,0.926808
LGMN,0.000000,0.000000,Source: gse20194,0.913043,0.817460,0.926808
NKG7,0.000000,0.000000,Source: gse20194,0.913043,0.817460,0.926808
SLC25A6,0.000000,0.000000,Source: gse20194,0.913043,0.817460,0.926808
TMED10,0.000000,0.000000,Source: gse20194,0.913043,0.817460,0.926808
SPAG16,0.000000,0.000000,Source: gse20194,0.913043,0.817460,0.926808
LAIR2,0.000000,0.000000,Source: gse20194,0.913043,0.817460,0.926808
CCT7,0.000000,0.000000,Source: gse20194,0.913043,0.817460,0.926808
SIM1,0.000000,0.000000,Source: gse20194,0.913043,0.817460,0.926808
FASTKD3,0.000000,0.000000,Source: gse20194,0.913043,0.817460,0.926808
PPP6R2,0.000000,0.000000,Source: gse20194,0.913043,0.817460,0.926808
CSE1L,0.000000,0.000000,Source: gse20194,0.913043,0.817460,0.926808
BRD4,0.000000,0.000000,Source: gse20194,0.913043,0.817460,0.926808
MYO19,0.000000,0.000000,Source: gse20194,0.913043,0.817460,0.926808
LYL1,0.000000,0.000000,Source: gse20194,0.913043,0.817460,0.926808
XPNPEP3,0.000000,0.000000,Source: gse20194,0.913043,0.817460,0.926808
TTPA,0.000000,0.000000,Source: gse20194,0.913043,0.817460,0.926808
JMJD6,0.000000,0.000000,Source: gse20194,0.913043,0.817460,0.926808
UBA1,0.000000,0.000000,Source: gse20194,0.913043,0.817460,0.926808
IRF8,0.000000,0.000000,Source: gse20194,0.913043,0.817460,0.926808
NUP210,0.000000,0.000000,Source: gse20194,0.913043,0.817460,0.926808
NDUFB8,0.000000,0.000000,Source: gse20194,0.913043,0.817460,0.926808
PISD,0.000000,0.000000,Source: gse20194,0.913043,0.817460,0.926808
SFTPA2,0.000000,0.000000,Source: gse20194,0.913043,0.817460,0.926808
SFN,0.000000,0.000000,Source: gse20194,0.913043,0.817460,0.926808
GJB1,0.000000,0.000000,Source: gse20194,0.913043,0.817460,0.926808
PCDHA10,0.000000,0.000000,Source: gse20194,0.913043,0.817460,0.926808
ABCC3,0.000000,0.000000,Source: gse20194,0.913043,0.817460,0.926808
TAF1D,0.000000,0.000000,Source: gse20194,0.913043,0.817460,0.926808
ATP6V0A4,0.000000,0.000000,Source: gse20194,0.913043,0.817460,0.926808
MS4A1,0.000000,0.000000,Source: gse20194,0.913043,0.817460,0.926808
OPN1SW,0.000000,0.000000,Source: gse20194,0.913043,0.817460,0.926808
ANXA4,0.000000,0.000000,Source: gse20194,0.913043,0.817460,0.926808
NOD1,0.000000,0.000000,Source: gse20194,0.913043,0.817460,0.926808
UBIAD1,0.000000,0.000000,Source: gse20194,0.913043,0.817460,0.926808
CACNG3,0.000000,0.000000,Source: gse20194,0.913043,0.817460,0.926808
YME1L1,0.000000,0.000000,Source: gse20194,0.913043,0.817460,0.926808
ZFP37,0.000000,0.000000,Source: gse20194,0.913043,0.817460,0.926808
ARL6IP5,0.000000,0.000000,Source: gse20194,0.913043,0.817460,0.926808
ALOX15,0.000000,0.000000,Source: gse20194,0.913043,0.817460,0.926808
ACAP2,0.000000,0.000000,Source: gse20194,0.913043,0.817460,0.926808
CLSPN,0.000000,0.000000,Source: gse20194,0.913043,0.817460,0.926808
MAL,0.000000,0.000000,Source: gse20194,0.913043,0.817460,0.926808
EPHB1,0.000000,0.000000,Source: gse20194,0.913043,0.817460,0.926808
USP6,0.000000,0.000000,Source: gse20194,0.913043,0.817460,0.926808
SDC3,0.000000,0.000000,Source: gse20194,0.913043,0.817460,0.926808
NEMF,0.000000,0.000000,Source: gse20194,0.913043,0.817460,0.926808
DBI,0.000000,0.000000,Source: gse20194,0.913043,0.817460,0.926808
SCN7A,0.000000,0.000000,Source: gse20194,0.913043,0.817460,0.926808
CRTC1,0.000000,0.000000,Source: gse20194,0.913043,0.817460,0.926808
TMUB2,0.000000,0.000000,Source: gse20194,0.913043,0.817460,0.926808
TUBA1B,0.000000,0.000000,Source: gse20194,0.913043,0.817460,0.926808
ZNF518A,0.000000,0.000000,Source: gse20194,0.913043,0.817460,0.926808
SCO2,0.000000,0.000000,Source: gse20194,0.913043,0.817460,0.926808
TAF15,0.000000,0.000000,Source: gse20194,0.913043,0.817460,0.926808
NUDC,0.000000,0.000000,Source: gse20194,0.913043,0.817460,0.926808
APOBEC1,0.000000,0.000000,Source: gse20194,0.913043,0.817460,0.926808
NLE1,0.000000,0.000000,Source: gse20194,0.913043,0.817460,0.926808
SACS,0.000000,0.000000,Source: gse20194,0.913043,0.817460,0.926808
REC8,0.000000,0.000000,Source: gse20194,0.913043,0.817460,0.926808
FGF17,0.000000,0.000000,Source: gse20194,0.913043,0.817460,0.926808
OR10J1,0.000000,0.000000,Source: gse20194,0.913043,0.817460,0.926808
GCM2,0.000000,0.000000,Source: gse20194,0.913043,0.817460,0.926808
HLA-DQB1,0.000000,0.000000,Source: gse20194,0.913043,0.817460,0.926808
BCAT2,0.000000,0.000000,Source: gse20194,0.913043,0.817460,0.926808
PLEKHM1,0.000000,0.000000,Source: gse20194,0.913043,0.817460,0.926808
POLR2J,0.000000,0.000000,Source: gse20194,0.913043,0.817460,0.926808
SYPL1,0.000000,0.000000,Source: gse20194,0.913043,0.817460,0.926808
PDE8B,0.000000,0.000000,Source: gse20194,0.913043,0.817460,0.926808
TAC3,0.000000,0.000000,Source: gse20194,0.913043,0.817460,0.926808
SFMBT1,0.000000,0.000000,Source: gse20194,0.913043,0.817460,0.926808
PLS3,0.000000,0.000000,Source: gse20194,0.913043,0.817460,0.926808
TLN1,0.000000,0.000000,Source: gse20194,0.913043,0.817460,0.926808
HS1BP3,0.000000,0.000000,Source: gse20194,0.913043,0.817460,0.926808
OR2H1,0.000000,0.000000,Source: gse20194,0.913043,0.817460,0.926808
RBBP6,0.000000,0.000000,Source: gse20194,0.913043,0.817460,0.926808
ZBTB48,0.000000,0.000000,Source: gse20194,0.913043,0.817460,0.926808
PACS2,0.000000,0.000000,Source: gse20194,0.913043,0.817460,0.926808
RIBC2,0.000000,0.000000,Source: gse20194,0.913043,0.817460,0.926808
TRIM62,0.000000,0.000000,Source: gse20194,0.913043,0.817460,0.926808
RAB5C,0.000000,0.000000,Source: gse20194,0.913043,0.817460,0.926808
DCTN3,0.000000,0.000000,Source: gse20194,0.913043,0.817460,0.926808
PRSS3,0.000000,0.000000,Source: gse20194,0.913043,0.817460,0.926808
FBLN5,0.000000,0.000000,Source: gse20194,0.913043,0.817460,0.926808
NLK,0.000000,0.000000,Source: gse20194,0.913043,0.817460,0.926808
ANXA5,0.000000,0.000000,Source: gse20194,0.913043,0.817460,0.926808
S1PR1,0.000000,0.000000,Source: gse20194,0.913043,0.817460,0.926808
NCOA6,0.000000,0.000000,Source: gse20194,0.913043,0.817460,0.926808
VGF,0.000000,0.000000,Source: gse20194,0.913043,0.817460,0.926808
SCG3,0.000000,0.000000,Source: gse20194,0.913043,0.817460,0.926808
ALAS2,0.000000,0.000000,Source: gse20194,0.913043,0.817460,0.926808
CSTF2,0.000000,0.000000,Source: gse20194,0.913043,0.817460,0.926808
CNN3,0.000000,0.000000,Source: gse20194,0.913043,0.817460,0.926808
ARRB1,0.000000,0.000000,Source: gse20194,0.913043,0.817460,0.926808
GPR161,0.000000,0.000000,Source: gse20194,0.913043,0.817460,0.926808
MCRS1,0.000000,0.000000,Source: gse20194,0.913043,0.817460,0.926808
MANSC1,0.000000,0.000000,Source: gse20194,0.913043,0.817460,0.926808
NOX4,0.000000,0.000000,Source: gse20194,0.913043,0.817460,0.926808
DHX38,0.000000,0.000000,Source: gse20194,0.913043,0.817460,0.926808
MYL1,0.000000,0.000000,Source: gse20194,0.913043,0.817460,0.926808
ST8SIA5,0.000000,0.000000,Source: gse20194,0.913043,0.817460,0.926808
PTH,0.000000,0.000000,Source: gse20194,0.913043,0.817460,0.926808
PPFIBP1,0.000000,0.000000,Source: gse20194,0.913043,0.817460,0.926808
IL15RA,0.000000,0.000000,Source: gse20194,0.913043,0.817460,0.926808
PSG3,0.000000,0.000000,Source: gse20194,0.913043,0.817460,0.926808
ARHGEF38,0.000000,0.000000,Source: gse20194,0.913043,0.817460,0.926808
SUCLA2,0.000000,0.000000,Source: gse20194,0.913043,0.817460,0.926808
RPP40,0.000000,0.000000,Source: gse20194,0.913043,0.817460,0.926808
CCDC59,0.000000,0.000000,Source: gse20194,0.913043,0.817460,0.926808
RASL12,0.000000,0.000000,Source: gse20194,0.913043,0.817460,0.926808
GADD45B,0.000000,0.000000,Source: gse20194,0.913043,0.817460,0.926808
GAR1,0.000000,0.000000,Source: gse20194,0.913043,0.817460,0.926808
MAD1L1,0.000000,0.000000,Source: gse20194,0.913043,0.817460,0.926808
PPP1R14D,0.000000,0.000000,Source: gse20194,0.913043,0.817460,0.926808
C1orf105,0.000000,0.000000,Source: gse20194,0.913043,0.817460,0.926808
PSCA,0.000000,0.000000,Source: gse20194,0.913043,0.817460,0.926808
TRIM5,0.000000,0.000000,Source: gse20194,0.913043,0.817460,0.926808
MRPL49,0.000000,0.000000,Source: gse20194,0.913043,0.817460,0.926808
TAS2R3,0.000000,0.000000,Source: gse20194,0.913043,0.817460,0.926808
TFPI,0.000000,0.000000,Source: gse20194,0.913043,0.817460,0.926808
APOA4,0.000000,0.000000,Source: gse20194,0.913043,0.817460,0.926808
CILP,0.000000,0.000000,Source: gse20194,0.913043,0.817460,0.926808
SLC7A10,0.000000,0.000000,Source: gse20194,0.913043,0.817460,0.926808
CYBA,0.000000,0.000000,Source: gse20194,0.913043,0.817460,0.926808
RBMS3,0.000000,0.000000,Source: gse20194,0.913043,0.817460,0.926808
ABI1,0.000000,0.000000,Source: gse20194,0.913043,0.817460,0.926808
TRIL,0.000000,0.000000,Source: gse20194,0.913043,0.817460,0.926808
PRPF31,0.000000,0.000000,Source: gse20194,0.913043,0.817460,0.926808
NOS3,0.000000,0.000000,Source: gse20194,0.913043,0.817460,0.926808
HPD,0.000000,0.000000,Source: gse20194,0.913043,0.817460,0.926808
KRT23,0.000000,0.000000,Source: gse20194,0.913043,0.817460,0.926808
PRRX2,0.000000,0.000000,Source: gse20194,0.913043,0.817460,0.926808
SPATA7,0.000000,0.000000,Source: gse20194,0.913043,0.817460,0.926808
SPTLC2,0.000000,0.000000,Source: gse20194,0.913043,0.817460,0.926808
CLDND1,0.000000,0.000000,Source: gse20194,0.913043,0.817460,0.926808
CRYBB3,0.000000,0.000000,Source: gse20194,0.913043,0.817460,0.926808
RPL11,0.000000,0.000000,Source: gse20194,0.913043,0.817460,0.926808
DPY19L4,0.000000,0.000000,Source: gse20194,0.913043,0.817460,0.926808
POPDC3,0.000000,0.000000,Source: gse20194,0.913043,0.817460,0.926808
ODC1,0.000000,0.000000,Source: gse20194,0.913043,0.817460,0.926808
EID1,0.000000,0.000000,Source: gse20194,0.913043,0.817460,0.926808
CCNE1,0.000000,0.000000,Source: gse20194,0.913043,0.817460,0.926808
EIF3E,0.000000,0.000000,Source: gse20194,0.913043,0.817460,0.926808
GPN2,0.000000,0.000000,Source: gse20194,0.913043,0.817460,0.926808
ITPK1,0.000000,0.000000,Source: gse20194,0.913043,0.817460,0.926808
MFGE8,0.000000,0.000000,Source: gse20194,0.913043,0.817460,0.926808
TCF7,0.000000,0.000000,Source: gse20194,0.913043,0.817460,0.926808
DNASE2,0.000000,0.000000,Source: gse20194,0.913043,0.817460,0.926808
DDX56,0.000000,0.000000,Source: gse20194,0.913043,0.817460,0.926808
PCNA,0.000000,0.000000,Source: gse20194,0.913043,0.817460,0.926808
CACNG4,0.000000,0.000000,Source: gse20194,0.913043,0.817460,0.926808
UBA6,0.000000,0.000000,Source: gse20194,0.913043,0.817460,0.926808
LMAN2,0.000000,0.000000,Source: gse20194,0.913043,0.817460,0.926808
PEX10,0.000000,0.000000,Source: gse20194,0.913043,0.817460,0.926808
NACA2,0.000000,0.000000,Source: gse20194,0.913043,0.817460,0.926808
ODF1,0.000000,0.000000,Source: gse20194,0.913043,0.817460,0.926808
FGL2,0.000000,0.000000,Source: gse20194,0.913043,0.817460,0.926808
TGFB2,0.000000,0.000000,Source: gse20194,0.913043,0.817460,0.926808
HPSE,0.000000,0.000000,Source: gse20194,0.913043,0.817460,0.926808
RAI1,0.000000,0.000000,Source: gse20194,0.913043,0.817460,0.926808
DNAJC28,0.000000,0.000000,Source: gse20194,0.913043,0.817460,0.926808
F11,0.000000,0.000000,Source: gse20194,0.913043,0.817460,0.926808
GCGR,0.000000,0.000000,Source: gse20194,0.913043,0.817460,0.926808
AKTIP,0.000000,0.000000,Source: gse20194,0.913043,0.817460,0.926808
GYG2,0.000000,0.000000,Source: gse20194,0.913043,0.817460,0.926808
DBF4,0.000000,0.000000,Source: gse20194,0.913043,0.817460,0.926808
NOTCH3,0.000000,0.000000,Source: gse20194,0.913043,0.817460,0.926808
AGFG2,0.000000,0.000000,Source: gse20194,0.913043,0.817460,0.926808
SLC22A2,0.000000,0.000000,Source: gse20194,0.913043,0.817460,0.926808
DNASE1L3,0.000000,0.000000,Source: gse20194,0.913043,0.817460,0.926808
HOMER2,0.000000,0.000000,Source: gse20194,0.913043,0.817460,0.926808
RNASEH2B,0.000000,0.000000,Source: gse20194,0.913043,0.817460,0.926808
SLC29A1,0.000000,0.000000,Source: gse20194,0.913043,0.817460,0.926808
NELL2,0.000000,0.000000,Source: gse20194,0.913043,0.817460,0.926808
APOBR,0.000000,0.000000,Source: gse20194,0.913043,0.817460,0.926808
DFFA,0.000000,0.000000,Source: gse20194,0.913043,0.817460,0.926808
NSF,0.000000,0.000000,Source: gse20194,0.913043,0.817460,0.926808
CCR4,0.000000,0.000000,Source: gse20194,0.913043,0.817460,0.926808
HEY2,0.000000,0.000000,Source: gse20194,0.913043,0.817460,0.926808
CYP27B1,0.000000,0.000000,Source: gse20194,0.913043,0.817460,0.926808
UNC13A,0.000000,0.000000,Source: gse20194,0.913043,0.817460,0.926808
RNF19A,0.000000,0.000000,Source: gse20194,0.913043,0.817460,0.926808
DLX2,0.000000,0.000000,Source: gse20194,0.913043,0.817460,0.926808
NFATC4,0.000000,0.000000,Source: gse20194,0.913043,0.817460,0.926808
PLIN1,0.000000,0.000000,Source: gse20194,0.913043,0.817460,0.926808
BTNL8,0.000000,0.000000,Source: gse20194,0.913043,0.817460,0.926808
DTX2,0.000000,0.000000,Source: gse20194,0.913043,0.817460,0.926808
F13B,0.000000,0.000000,Source: gse20194,0.913043,0.817460,0.926808
EPX,0.000000,0.000000,Source: gse20194,0.913043,0.817460,0.926808
HDAC5,0.000000,0.000000,Source: gse20194,0.913043,0.817460,0.926808
C10orf88,0.000000,0.000000,Source: gse20194,0.913043,0.817460,0.926808
FIBP,0.000000,0.000000,Source: gse20194,0.913043,0.817460,0.926808
CARD14,0.000000,0.000000,Source: gse20194,0.913043,0.817460,0.926808
SLIT3,0.000000,0.000000,Source: gse20194,0.913043,0.817460,0.926808
IL6R,0.000000,0.000000,Source: gse20194,0.913043,0.817460,0.926808
RFC1,0.000000,0.000000,Source: gse20194,0.913043,0.817460,0.926808
GUCY2D,0.000000,0.000000,Source: gse20194,0.913043,0.817460,0.926808
RAB38,0.000000,0.000000,Source: gse20194,0.913043,0.817460,0.926808
P2RY13,0.000000,0.000000,Source: gse20194,0.913043,0.817460,0.926808
NUDT21,0.000000,0.000000,Source: gse20194,0.913043,0.817460,0.926808
ZWINT,0.000000,0.000000,Source: gse20194,0.913043,0.817460,0.926808
RIMS3,0.000000,0.000000,Source: gse20194,0.913043,0.817460,0.926808
SRSF8,0.000000,0.000000,Source: gse20194,0.913043,0.817460,0.926808
PDHA2,0.000000,0.000000,Source: gse20194,0.913043,0.817460,0.926808
WIF1,0.000000,0.000000,Source: gse20194,0.913043,0.817460,0.926808
EVC,0.000000,0.000000,Source: gse20194,0.913043,0.817460,0.926808
MKNK1,0.000000,0.000000,Source: gse20194,0.913043,0.817460,0.926808
NCL,0.000000,0.000000,Source: gse20194,0.913043,0.817460,0.926808
HSPA8,0.000000,0.000000,Source: gse20194,0.913043,0.817460,0.926808
GFPT2,0.000000,0.000000,Source: gse20194,0.913043,0.817460,0.926808
NDUFB11,0.000000,0.000000,Source: gse20194,0.913043,0.817460,0.926808
ITGAM,0.000000,0.000000,Source: gse20194,0.913043,0.817460,0.926808
FBXW11,0.000000,0.000000,Source: gse20194,0.913043,0.817460,0.926808
ZNF606,0.000000,0.000000,Source: gse20194,0.913043,0.817460,0.926808
NAA16,0.000000,0.000000,Source: gse20194,0.913043,0.817460,0.926808
SHB,0.000000,0.000000,Source: gse20194,0.913043,0.817460,0.926808
METTL5,0.000000,0.000000,Source: gse20194,0.913043,0.817460,0.926808
ZNF32,0.000000,0.000000,Source: gse20194,0.913043,0.817460,0.926808
LASP1,0.000000,0.000000,Source: gse20194,0.913043,0.817460,0.926808
SFTPB,0.000000,0.000000,Source: gse20194,0.913043,0.817460,0.926808
ZNF24,0.000000,0.000000,Source: gse20194,0.913043,0.817460,0.926808
HOXA10,0.000000,0.000000,Source: gse20194,0.913043,0.817460,0.926808
CIRBP,0.000000,0.000000,Source: gse20194,0.913043,0.817460,0.926808
LRRC15,0.000000,0.000000,Source: gse20194,0.913043,0.817460,0.926808
MTMR14,0.000000,0.000000,Source: gse20194,0.913043,0.817460,0.926808
MPG,0.000000,0.000000,Source: gse20194,0.913043,0.817460,0.926808
PRDX3,0.000000,0.000000,Source: gse20194,0.913043,0.817460,0.926808
CYB5R2,0.000000,0.000000,Source: gse20194,0.913043,0.817460,0.926808
SETMAR,0.000000,0.000000,Source: gse20194,0.913043,0.817460,0.926808
SORCS3,0.000000,0.000000,Source: gse20194,0.913043,0.817460,0.926808
ZRSR2,0.000000,0.000000,Source: gse20194,0.913043,0.817460,0.926808
SLC25A10,0.000000,0.000000,Source: gse20194,0.913043,0.817460,0.926808
SLC12A4,0.000000,0.000000,Source: gse20194,0.913043,0.817460,0.926808
ADAM15,0.000000,0.000000,Source: gse20194,0.913043,0.817460,0.926808
ITM2B,0.000000,0.000000,Source: gse20194,0.913043,0.817460,0.926808
PCBP3,0.000000,0.000000,Source: gse20194,0.913043,0.817460,0.926808
RAD54L2,0.000000,0.000000,Source: gse20194,0.913043,0.817460,0.926808
KLF3,0.000000,0.000000,Source: gse20194,0.913043,0.817460,0.926808
C6orf62,0.000000,0.000000,Source: gse20194,0.913043,0.817460,0.926808
CXCL9,0.000000,0.000000,Source: gse20194,0.913043,0.817460,0.926808
IDH3B,0.000000,0.000000,Source: gse20194,0.913043,0.817460,0.926808
KRT19,0.000000,0.000000,Source: gse20194,0.913043,0.817460,0.926808
STK24,0.000000,0.000000,Source: gse20194,0.913043,0.817460,0.926808
WDR7,0.000000,0.000000,Source: gse20194,0.913043,0.817460,0.926808
GRHPR,0.000000,0.000000,Source: gse20194,0.913043,0.817460,0.926808
ZNF26,0.000000,0.000000,Source: gse20194,0.913043,0.817460,0.926808
ANKRD2,0.000000,0.000000,Source: gse20194,0.913043,0.817460,0.926808
BTAF1,0.000000,0.000000,Source: gse20194,0.913043,0.817460,0.926808
TTI1,0.000000,0.000000,Source: gse20194,0.913043,0.817460,0.926808
DPH1,0.000000,0.000000,Source: gse20194,0.913043,0.817460,0.926808
MYH1,0.000000,0.000000,Source: gse20194,0.913043,0.817460,0.926808
ASXL2,0.000000,0.000000,Source: gse20194,0.913043,0.817460,0.926808
LRRC31,0.000000,0.000000,Source: gse20194,0.913043,0.817460,0.926808
AMDHD2,0.000000,0.000000,Source: gse20194,0.913043,0.817460,0.926808
RANBP17,0.000000,0.000000,Source: gse20194,0.913043,0.817460,0.926808
ELMO1,0.000000,0.000000,Source: gse20194,0.913043,0.817460,0.926808
ZNF208,0.000000,0.000000,Source: gse20194,0.913043,0.817460,0.926808
FTSJ3,0.000000,0.000000,Source: gse20194,0.913043,0.817460,0.926808
UMOD,0.000000,0.000000,Source: gse20194,0.913043,0.817460,0.926808
ZNF484,0.000000,0.000000,Source: gse20194,0.913043,0.817460,0.926808
SUPT16H,0.000000,0.000000,Source: gse20194,0.913043,0.817460,0.926808
NNT,0.000000,0.000000,Source: gse20194,0.913043,0.817460,0.926808
ZCWPW1,0.000000,0.000000,Source: gse20194,0.913043,0.817460,0.926808
SERPINH1,0.000000,0.000000,Source: gse20194,0.913043,0.817460,0.926808
MT1G,0.000000,0.000000,Source: gse20194,0.913043,0.817460,0.926808
SLC6A12,0.000000,0.000000,Source: gse20194,0.913043,0.817460,0.926808
TAF9,0.000000,0.000000,Source: gse20194,0.913043,0.817460,0.926808
TFF2,0.000000,0.000000,Source: gse20194,0.913043,0.817460,0.926808
JUN,0.000000,0.000000,Source: gse20194,0.913043,0.817460,0.926808
HPX,0.000000,0.000000,Source: gse20194,0.913043,0.817460,0.926808
PER3,0.000000,0.000000,Source: gse20194,0.913043,0.817460,0.926808
TMEM30A,0.000000,0.000000,Source: gse20194,0.913043,0.817460,0.926808
PIGA,0.000000,0.000000,Source: gse20194,0.913043,0.817460,0.926808
FGF18,0.000000,0.000000,Source: gse20194,0.913043,0.817460,0.926808
SRC,0.000000,0.000000,Source: gse20194,0.913043,0.817460,0.926808
METTL8,0.000000,0.000000,Source: gse20194,0.913043,0.817460,0.926808
MYH14,0.000000,0.000000,Source: gse20194,0.913043,0.817460,0.926808
SLC9A8,0.000000,0.000000,Source: gse20194,0.913043,0.817460,0.926808
CLASP2,0.000000,0.000000,Source: gse20194,0.913043,0.817460,0.926808
LPCAT3,0.000000,0.000000,Source: gse20194,0.913043,0.817460,0.926808
MED16,0.000000,0.000000,Source: gse20194,0.913043,0.817460,0.926808
MRPL22,0.000000,0.000000,Source: gse20194,0.913043,0.817460,0.926808
AKR1C4,0.000000,0.000000,Source: gse20194,0.913043,0.817460,0.926808
TIA1,0.000000,0.000000,Source: gse20194,0.913043,0.817460,0.926808
ZNF143,0.000000,0.000000,Source: gse20194,0.913043,0.817460,0.926808
FOS,0.000000,0.000000,Source: gse20194,0.913043,0.817460,0.926808
ABCA8,0.000000,0.000000,Source: gse20194,0.913043,0.817460,0.926808
AGPAT5,0.000000,0.000000,Source: gse20194,0.913043,0.817460,0.926808
SLC35C2,0.000000,0.000000,Source: gse20194,0.913043,0.817460,0.926808
SLC1A2,0.000000,0.000000,Source: gse20194,0.913043,0.817460,0.926808
SVEP1,0.000000,0.000000,Source: gse20194,0.913043,0.817460,0.926808
KCNV2,0.000000,0.000000,Source: gse20194,0.913043,0.817460,0.926808
MOGAT2,0.000000,0.000000,Source: gse20194,0.913043,0.817460,0.926808
SHROOM2,0.000000,0.000000,Source: gse20194,0.913043,0.817460,0.926808
USP22,0.000000,0.000000,Source: gse20194,0.913043,0.817460,0.926808
CAMLG,0.000000,0.000000,Source: gse20194,0.913043,0.817460,0.926808
SCAMP5,0.000000,0.000000,Source: gse20194,0.913043,0.817460,0.926808
ADH7,0.000000,0.000000,Source: gse20194,0.913043,0.817460,0.926808
PAEP,0.000000,0.000000,Source: gse20194,0.913043,0.817460,0.926808
POLA2,0.000000,0.000000,Source: gse20194,0.913043,0.817460,0.926808
TEAD1,0.000000,0.000000,Source: gse20194,0.913043,0.817460,0.926808
BAZ2B,0.000000,0.000000,Source: gse20194,0.913043,0.817460,0.926808
RBM14,0.000000,0.000000,Source: gse20194,0.913043,0.817460,0.926808
CERS4,0.000000,0.000000,Source: gse20194,0.913043,0.817460,0.926808
CYP3A43,0.000000,0.000000,Source: gse20194,0.913043,0.817460,0.926808
BIRC2,0.000000,0.000000,Source: gse20194,0.913043,0.817460,0.926808
DOCK4,0.000000,0.000000,Source: gse20194,0.913043,0.817460,0.926808
MCM9,0.000000,0.000000,Source: gse20194,0.913043,0.817460,0.926808
OR2H2,0.000000,0.000000,Source: gse20194,0.913043,0.817460,0.926808
CD79A,0.000000,0.000000,Source: gse20194,0.913043,0.817460,0.926808
FA2H,0.000000,0.000000,Source: gse20194,0.913043,0.817460,0.926808
HTR3B,0.000000,0.000000,Source: gse20194,0.913043,0.817460,0.926808
SI,0.000000,0.000000,Source: gse20194,0.913043,0.817460,0.926808
KEL,0.000000,0.000000,Source: gse20194,0.913043,0.817460,0.926808
PMPCA,0.000000,0.000000,Source: gse20194,0.913043,0.817460,0.926808
HOXD9,0.000000,0.000000,Source: gse20194,0.913043,0.817460,0.926808
GVINP1,0.000000,0.000000,Source: gse20194,0.913043,0.817460,0.926808
UBQLN3,0.000000,0.000000,Source: gse20194,0.913043,0.817460,0.926808
PNMA3,0.000000,0.000000,Source: gse20194,0.913043,0.817460,0.926808
HMGCS2,0.000000,0.000000,Source: gse20194,0.913043,0.817460,0.926808
WWC2,0.000000,0.000000,Source: gse20194,0.913043,0.817460,0.926808
EPS8L2,0.000000,0.000000,Source: gse20194,0.913043,0.817460,0.926808
POP1,0.000000,0.000000,Source: gse20194,0.913043,0.817460,0.926808
SEC16A,0.000000,0.000000,Source: gse20194,0.913043,0.817460,0.926808
PARL,0.000000,0.000000,Source: gse20194,0.913043,0.817460,0.926808
MAGIX,0.000000,0.000000,Source: gse20194,0.913043,0.817460,0.926808
CERK,0.000000,0.000000,Source: gse20194,0.913043,0.817460,0.926808
ADD2,0.000000,0.000000,Source: gse20194,0.913043,0.817460,0.926808
PLCXD1,0.000000,0.000000,Source: gse20194,0.913043,0.817460,0.926808
SDC1,0.000000,0.000000,Source: gse20194,0.913043,0.817460,0.926808
EDN1,0.000000,0.000000,Source: gse20194,0.913043,0.817460,0.926808
FZD7,0.000000,0.000000,Source: gse20194,0.913043,0.817460,0.926808
NAT2,0.000000,0.000000,Source: gse20194,0.913043,0.817460,0.926808
CRP,0.000000,0.000000,Source: gse20194,0.913043,0.817460,0.926808
ENPP4,0.000000,0.000000,Source: gse20194,0.913043,0.817460,0.926808
JUNB,0.000000,0.000000,Source: gse20194,0.913043,0.817460,0.926808
NFKB2,0.000000,0.000000,Source: gse20194,0.913043,0.817460,0.926808
TXN,0.000000,0.000000,Source: gse20194,0.913043,0.817460,0.926808
PSMD14,0.000000,0.000000,Source: gse20194,0.913043,0.817460,0.926808
TRAFD1,0.000000,0.000000,Source: gse20194,0.913043,0.817460,0.926808
PRKD3,0.000000,0.000000,Source: gse20194,0.913043,0.817460,0.926808
ACP6,0.000000,0.000000,Source: gse20194,0.913043,0.817460,0.926808
TRMT12,0.000000,0.000000,Source: gse20194,0.913043,0.817460,0.926808
ZXDA,0.000000,0.000000,Source: gse20194,0.913043,0.817460,0.926808
GABRG2,0.000000,0.000000,Source: gse20194,0.913043,0.817460,0.926808
NTN1,0.000000,0.000000,Source: gse20194,0.913043,0.817460,0.926808
SCN1A,0.000000,0.000000,Source: gse20194,0.913043,0.817460,0.926808
ITGA7,0.000000,0.000000,Source: gse20194,0.913043,0.817460,0.926808
TRIP10,0.000000,0.000000,Source: gse20194,0.913043,0.817460,0.926808
CTBS,0.000000,0.000000,Source: gse20194,0.913043,0.817460,0.926808
SERPINE1,0.000000,0.000000,Source: gse20194,0.913043,0.817460,0.926808
ISG20L2,0.000000,0.000000,Source: gse20194,0.913043,0.817460,0.926808
TFRC,0.000000,0.000000,Source: gse20194,0.913043,0.817460,0.926808
ZDHHC18,0.000000,0.000000,Source: gse20194,0.913043,0.817460,0.926808
FLOT2,0.000000,0.000000,Source: gse20194,0.913043,0.817460,0.926808
SLC7A1,0.000000,0.000000,Source: gse20194,0.913043,0.817460,0.926808
VEZF1,0.000000,0.000000,Source: gse20194,0.913043,0.817460,0.926808
EZH2,0.000000,0.000000,Source: gse20194,0.913043,0.817460,0.926808
PDE3B,0.000000,0.000000,Source: gse20194,0.913043,0.817460,0.926808
MED8,0.000000,0.000000,Source: gse20194,0.913043,0.817460,0.926808
SIGMAR1,0.000000,0.000000,Source: gse20194,0.913043,0.817460,0.926808
DUSP5,0.000000,0.000000,Source: gse20194,0.913043,0.817460,0.926808
MRPL24,0.000000,0.000000,Source: gse20194,0.913043,0.817460,0.926808
ORMDL2,0.000000,0.000000,Source: gse20194,0.913043,0.817460,0.926808
CD52,0.000000,0.000000,Source: gse20194,0.913043,0.817460,0.926808
NBEA,0.000000,0.000000,Source: gse20194,0.913043,0.817460,0.926808
STAM2,0.000000,0.000000,Source: gse20194,0.913043,0.817460,0.926808
USP19,0.000000,0.000000,Source: gse20194,0.913043,0.817460,0.926808
KAT6B,0.000000,0.000000,Source: gse20194,0.913043,0.817460,0.926808
GM2A,0.000000,0.000000,Source: gse20194,0.913043,0.817460,0.926808
BMPR2,0.000000,0.000000,Source: gse20194,0.913043,0.817460,0.926808
SLC12A7,0.000000,0.000000,Source: gse20194,0.913043,0.817460,0.926808
XDH,0.000000,0.000000,Source: gse20194,0.913043,0.817460,0.926808
MRPS31,0.000000,0.000000,Source: gse20194,0.913043,0.817460,0.926808
CNOT6,0.000000,0.000000,Source: gse20194,0.913043,0.817460,0.926808
DHCR24,0.000000,0.000000,Source: gse20194,0.913043,0.817460,0.926808
MEG3,0.000000,0.000000,Source: gse20194,0.913043,0.817460,0.926808
CRTC3,0.000000,0.000000,Source: gse20194,0.913043,0.817460,0.926808
CLK4,0.000000,0.000000,Source: gse20194,0.913043,0.817460,0.926808
HSF4,0.000000,0.000000,Source: gse20194,0.913043,0.817460,0.926808
ADRA1A,0.000000,0.000000,Source: gse20194,0.913043,0.817460,0.926808
ENOSF1,0.000000,0.000000,Source: gse20194,0.913043,0.817460,0.926808
TBCD,0.000000,0.000000,Source: gse20194,0.913043,0.817460,0.926808
CX3CR1,0.000000,0.000000,Source: gse20194,0.913043,0.817460,0.926808
GZMH,0.000000,0.000000,Source: gse20194,0.913043,0.817460,0.926808
ITGB5,0.000000,0.000000,Source: gse20194,0.913043,0.817460,0.926808
COG2,0.000000,0.000000,Source: gse20194,0.913043,0.817460,0.926808
TACC1,0.000000,0.000000,Source: gse20194,0.913043,0.817460,0.926808
VWF,0.000000,0.000000,Source: gse20194,0.913043,0.817460,0.926808
KPTN,0.000000,0.000000,Source: gse20194,0.913043,0.817460,0.926808
DGKZ,0.000000,0.000000,Source: gse20194,0.913043,0.817460,0.926808
GTF3C4,0.000000,0.000000,Source: gse20194,0.913043,0.817460,0.926808
SLAMF7,0.000000,0.000000,Source: gse20194,0.913043,0.817460,0.926808
CCL8,0.000000,0.000000,Source: gse20194,0.913043,0.817460,0.926808
ZNHIT2,0.000000,0.000000,Source: gse20194,0.913043,0.817460,0.926808
GOSR1,0.000000,0.000000,Source: gse20194,0.913043,0.817460,0.926808
ZNF672,0.000000,0.000000,Source: gse20194,0.913043,0.817460,0.926808
BRD7P3,0.000000,0.000000,Source: gse20194,0.913043,0.817460,0.926808
FTH1,0.000000,0.000000,Source: gse20194,0.913043,0.817460,0.926808
PEX11A,0.000000,0.000000,Source: gse20194,0.913043,0.817460,0.926808
BZW2,0.000000,0.000000,Source: gse20194,0.913043,0.817460,0.926808
TNFAIP8,0.000000,0.000000,Source: gse20194,0.913043,0.817460,0.926808
PRPF18,0.000000,0.000000,Source: gse20194,0.913043,0.817460,0.926808
ATAD5,0.000000,0.000000,Source: gse20194,0.913043,0.817460,0.926808
SOCS3,0.000000,0.000000,Source: gse20194,0.913043,0.817460,0.926808
MZF1,0.000000,0.000000,Source: gse20194,0.913043,0.817460,0.926808
PLBD1,0.000000,0.000000,Source: gse20194,0.913043,0.817460,0.926808
PTPN4,0.000000,0.000000,Source: gse20194,0.913043,0.817460,0.926808
SIRT6,0.000000,0.000000,Source: gse20194,0.913043,0.817460,0.926808
ADAM11,0.000000,0.000000,Source: gse20194,0.913043,0.817460,0.926808
CRABP1,0.000000,0.000000,Source: gse20194,0.913043,0.817460,0.926808
HGF,0.000000,0.000000,Source: gse20194,0.913043,0.817460,0.926808
PBLD,0.000000,0.000000,Source: gse20194,0.913043,0.817460,0.926808
TCP11L1,0.000000,0.000000,Source: gse20194,0.913043,0.817460,0.926808
PC,0.000000,0.000000,Source: gse20194,0.913043,0.817460,0.926808
SAMD4B,0.000000,0.000000,Source: gse20194,0.913043,0.817460,0.926808
DNAJB14,0.000000,0.000000,Source: gse20194,0.913043,0.817460,0.926808
MUC2,0.000000,0.000000,Source: gse20194,0.913043,0.817460,0.926808
PLA2G6,0.000000,0.000000,Source: gse20194,0.913043,0.817460,0.926808
FEN1,0.000000,0.000000,Source: gse20194,0.913043,0.817460,0.926808
COX7A2,0.000000,0.000000,Source: gse20194,0.913043,0.817460,0.926808
JMJD1C,0.000000,0.000000,Source: gse20194,0.913043,0.817460,0.926808
GUCY1B2,0.000000,0.000000,Source: gse20194,0.913043,0.817460,0.926808
HRH1,0.000000,0.000000,Source: gse20194,0.913043,0.817460,0.926808
PPARGC1A,0.000000,0.000000,Source: gse20194,0.913043,0.817460,0.926808
PUM2,0.000000,0.000000,Source: gse20194,0.913043,0.817460,0.926808
TERF1,0.000000,0.000000,Source: gse20194,0.913043,0.817460,0.926808
VANGL1,0.000000,0.000000,Source: gse20194,0.913043,0.817460,0.926808
SURF2,0.000000,0.000000,Source: gse20194,0.913043,0.817460,0.926808
WNT4,0.000000,0.000000,Source: gse20194,0.913043,0.817460,0.926808
LILRB1,0.000000,0.000000,Source: gse20194,0.913043,0.817460,0.926808
ZC3H14,0.000000,0.000000,Source: gse20194,0.913043,0.817460,0.926808
PHF3,0.000000,0.000000,Source: gse20194,0.913043,0.817460,0.926808
GTF3C1,0.000000,0.000000,Source: gse20194,0.913043,0.817460,0.926808
LAMP1,0.000000,0.000000,Source: gse20194,0.913043,0.817460,0.926808
BRF1,0.000000,0.000000,Source: gse20194,0.913043,0.817460,0.926808
IGFBP7,0.000000,0.000000,Source: gse20194,0.913043,0.817460,0.926808
TK2,0.000000,0.000000,Source: gse20194,0.913043,0.817460,0.926808
TBC1D2B,0.000000,0.000000,Source: gse20194,0.913043,0.817460,0.926808
AGPAT1,0.000000,0.000000,Source: gse20194,0.913043,0.817460,0.926808
SSR2,0.000000,0.000000,Source: gse20194,0.913043,0.817460,0.926808
MCM3AP,0.000000,0.000000,Source: gse20194,0.913043,0.817460,0.926808
TESC,0.000000,0.000000,Source: gse20194,0.913043,0.817460,0.926808
SLC12A1,0.000000,0.000000,Source: gse20194,0.913043,0.817460,0.926808
CYTH1,0.000000,0.000000,Source: gse20194,0.913043,0.817460,0.926808
MAB21L2,0.000000,0.000000,Source: gse20194,0.913043,0.817460,0.926808
PLCB1,0.000000,0.000000,Source: gse20194,0.913043,0.817460,0.926808
TSPAN9,0.000000,0.000000,Source: gse20194,0.913043,0.817460,0.926808
DVL2,0.000000,0.000000,Source: gse20194,0.913043,0.817460,0.926808
P2RY2,0.000000,0.000000,Source: gse20194,0.913043,0.817460,0.926808
CDK9,0.000000,0.000000,Source: gse20194,0.913043,0.817460,0.926808
PSMC2,0.000000,0.000000,Source: gse20194,0.913043,0.817460,0.926808
GH1,0.000000,0.000000,Source: gse20194,0.913043,0.817460,0.926808
SREBF1,0.000000,0.000000,Source: gse20194,0.913043,0.817460,0.926808
ATF6B,0.000000,0.000000,Source: gse20194,0.913043,0.817460,0.926808
PLEKHH3,0.000000,0.000000,Source: gse20194,0.913043,0.817460,0.926808
CENPF,0.000000,0.000000,Source: gse20194,0.913043,0.817460,0.926808
F11R,0.000000,0.000000,Source: gse20194,0.913043,0.817460,0.926808
NAA15,0.000000,0.000000,Source: gse20194,0.913043,0.817460,0.926808
MASP1,0.000000,0.000000,Source: gse20194,0.913043,0.817460,0.926808
APEH,0.000000,0.000000,Source: gse20194,0.913043,0.817460,0.926808
GEMIN6,0.000000,0.000000,Source: gse20194,0.913043,0.817460,0.926808
MILR1,0.000000,0.000000,Source: gse20194,0.913043,0.817460,0.926808
SMURF2,0.000000,0.000000,Source: gse20194,0.913043,0.817460,0.926808
PSMD6,0.000000,0.000000,Source: gse20194,0.913043,0.817460,0.926808
JRK,0.000000,0.000000,Source: gse20194,0.913043,0.817460,0.926808
MLF1,0.000000,0.000000,Source: gse20194,0.913043,0.817460,0.926808
TM6SF1,0.000000,0.000000,Source: gse20194,0.913043,0.817460,0.926808
WDR77,0.000000,0.000000,Source: gse20194,0.913043,0.817460,0.926808
ZBP1,0.000000,0.000000,Source: gse20194,0.913043,0.817460,0.926808
EMP3,0.000000,0.000000,Source: gse20194,0.913043,0.817460,0.926808
SLC19A1,0.000000,0.000000,Source: gse20194,0.913043,0.817460,0.926808
DNAJC16,0.000000,0.000000,Source: gse20194,0.913043,0.817460,0.926808
LHFPL2,0.000000,0.000000,Source: gse20194,0.913043,0.817460,0.926808
SERTAD3,0.000000,0.000000,Source: gse20194,0.913043,0.817460,0.926808
SLC7A6,0.000000,0.000000,Source: gse20194,0.913043,0.817460,0.926808
EFNA1,0.000000,0.000000,Source: gse20194,0.913043,0.817460,0.926808
SCARF1,0.000000,0.000000,Source: gse20194,0.913043,0.817460,0.926808
SEC23B,0.000000,0.000000,Source: gse20194,0.913043,0.817460,0.926808
PSD4,0.000000,0.000000,Source: gse20194,0.913043,0.817460,0.926808
CFLAR,0.000000,0.000000,Source: gse20194,0.913043,0.817460,0.926808
TULP3,0.000000,0.000000,Source: gse20194,0.913043,0.817460,0.926808
NEUROD2,0.000000,0.000000,Source: gse20194,0.913043,0.817460,0.926808
STS,0.000000,0.000000,Source: gse20194,0.913043,0.817460,0.926808
NOS1,0.000000,0.000000,Source: gse20194,0.913043,0.817460,0.926808
BTK,0.000000,0.000000,Source: gse20194,0.913043,0.817460,0.926808
SNHG3,0.000000,0.000000,Source: gse20194,0.913043,0.817460,0.926808
G3BP2,0.000000,0.000000,Source: gse20194,0.913043,0.817460,0.926808
MED15,0.000000,0.000000,Source: gse20194,0.913043,0.817460,0.926808
FHL3,0.000000,0.000000,Source: gse20194,0.913043,0.817460,0.926808
GEMIN2,0.000000,0.000000,Source: gse20194,0.913043,0.817460,0.926808
DLK2,0.000000,0.000000,Source: gse20194,0.913043,0.817460,0.926808
NGDN,0.000000,0.000000,Source: gse20194,0.913043,0.817460,0.926808
EHD3,0.000000,0.000000,Source: gse20194,0.913043,0.817460,0.926808
RPL15,0.000000,0.000000,Source: gse20194,0.913043,0.817460,0.926808
SETD4,0.000000,0.000000,Source: gse20194,0.913043,0.817460,0.926808
TMEM186,0.000000,0.000000,Source: gse20194,0.913043,0.817460,0.926808
OSTM1,0.000000,0.000000,Source: gse20194,0.913043,0.817460,0.926808
PTGER4,0.000000,0.000000,Source: gse20194,0.913043,0.817460,0.926808
PEX3,0.000000,0.000000,Source: gse20194,0.913043,0.817460,0.926808
DAPK2,0.000000,0.000000,Source: gse20194,0.913043,0.817460,0.926808
ZNF512B,0.000000,0.000000,Source: gse20194,0.913043,0.817460,0.926808
GUCA2B,0.000000,0.000000,Source: gse20194,0.913043,0.817460,0.926808
MOB3B,0.000000,0.000000,Source: gse20194,0.913043,0.817460,0.926808
SNX17,0.000000,0.000000,Source: gse20194,0.913043,0.817460,0.926808
TM9SF4,0.000000,0.000000,Source: gse20194,0.913043,0.817460,0.926808
GJC1,0.000000,0.000000,Source: gse20194,0.913043,0.817460,0.926808
BTBD8,0.000000,0.000000,Source: gse20194,0.913043,0.817460,0.926808
GAL3ST1,0.000000,0.000000,Source: gse20194,0.913043,0.817460,0.926808
SERPINB9,0.000000,0.000000,Source: gse20194,0.913043,0.817460,0.926808
BMP8B,0.000000,0.000000,Source: gse20194,0.913043,0.817460,0.926808
SEC14L2,0.000000,0.000000,Source: gse20194,0.913043,0.817460,0.926808
WLS,0.000000,0.000000,Source: gse20194,0.913043,0.817460,0.926808
SLC23A2,0.000000,0.000000,Source: gse20194,0.913043,0.817460,0.926808
PRDM1,0.000000,0.000000,Source: gse20194,0.913043,0.817460,0.926808
CDC42EP2,0.000000,0.000000,Source: gse20194,0.913043,0.817460,0.926808
GADD45A,0.000000,0.000000,Source: gse20194,0.913043,0.817460,0.926808
DECR1,0.000000,0.000000,Source: gse20194,0.913043,0.817460,0.926808
MAP3K14,0.000000,0.000000,Source: gse20194,0.913043,0.817460,0.926808
SCGB1D1,0.000000,0.000000,Source: gse20194,0.913043,0.817460,0.926808
OR52A1,0.000000,0.000000,Source: gse20194,0.913043,0.817460,0.926808
TMPRSS3,0.000000,0.000000,Source: gse20194,0.913043,0.817460,0.926808
FAM111A,0.000000,0.000000,Source: gse20194,0.913043,0.817460,0.926808
OR2S2,0.000000,0.000000,Source: gse20194,0.913043,0.817460,0.926808
AMPD2,0.000000,0.000000,Source: gse20194,0.913043,0.817460,0.926808
ASAP2,0.000000,0.000000,Source: gse20194,0.913043,0.817460,0.926808
SNX2,0.000000,0.000000,Source: gse20194,0.913043,0.817460,0.926808
RABGGTA,0.000000,0.000000,Source: gse20194,0.913043,0.817460,0.926808
TRMT2A,0.000000,0.000000,Source: gse20194,0.913043,0.817460,0.926808
AMPD1,0.000000,0.000000,Source: gse20194,0.913043,0.817460,0.926808
LIG4,0.000000,0.000000,Source: gse20194,0.913043,0.817460,0.926808
BMP3,0.000000,0.000000,Source: gse20194,0.913043,0.817460,0.926808
ATP4A,0.000000,0.000000,Source: gse20194,0.913043,0.817460,0.926808
SRSF11,0.000000,0.000000,Source: gse20194,0.913043,0.817460,0.926808
C4BPB,0.000000,0.000000,Source: gse20194,0.913043,0.817460,0.926808
FOXA2,0.000000,0.000000,Source: gse20194,0.913043,0.817460,0.926808
ATP2B3,0.000000,0.000000,Source: gse20194,0.913043,0.817460,0.926808
C1RL,0.000000,0.000000,Source: gse20194,0.913043,0.817460,0.926808
NAALAD2,0.000000,0.000000,Source: gse20194,0.913043,0.817460,0.926808
SPP1,0.000000,0.000000,Source: gse20194,0.913043,0.817460,0.926808
UTRN,0.000000,0.000000,Source: gse20194,0.913043,0.817460,0.926808
SYTL2,0.000000,0.000000,Source: gse20194,0.913043,0.817460,0.926808
HNRNPK,0.000000,0.000000,Source: gse20194,0.913043,0.817460,0.926808
BBC3,0.000000,0.000000,Source: gse20194,0.913043,0.817460,0.926808
BIRC3,0.000000,0.000000,Source: gse20194,0.913043,0.817460,0.926808
CD48,0.000000,0.000000,Source: gse20194,0.913043,0.817460,0.926808
FAM131B,0.000000,0.000000,Source: gse20194,0.913043,0.817460,0.926808
FZD8,0.000000,0.000000,Source: gse20194,0.913043,0.817460,0.926808
GALNT11,0.000000,0.000000,Source: gse20194,0.913043,0.817460,0.926808
STAT3,0.000000,0.000000,Source: gse20194,0.913043,0.817460,0.926808
RBM4B,0.000000,0.000000,Source: gse20194,0.913043,0.817460,0.926808
C2CD3,0.000000,0.000000,Source: gse20194,0.913043,0.817460,0.926808
PDX1,0.000000,0.000000,Source: gse20194,0.913043,0.817460,0.926808
SRBD1,0.000000,0.000000,Source: gse20194,0.913043,0.817460,0.926808
ZDHHC24,0.000000,0.000000,Source: gse20194,0.913043,0.817460,0.926808
FGF5,0.000000,0.000000,Source: gse20194,0.913043,0.817460,0.926808
PRSS21,0.000000,0.000000,Source: gse20194,0.913043,0.817460,0.926808
IL25,0.000000,0.000000,Source: gse20194,0.913043,0.817460,0.926808
DDX28,0.000000,0.000000,Source: gse20194,0.913043,0.817460,0.926808
SLC38A4,0.000000,0.000000,Source: gse20194,0.913043,0.817460,0.926808
ZNRF4,0.000000,0.000000,Source: gse20194,0.913043,0.817460,0.926808
GCAT,0.000000,0.000000,Source: gse20194,0.913043,0.817460,0.926808
WNT2B,0.000000,0.000000,Source: gse20194,0.913043,0.817460,0.926808
SLC35F2,0.000000,0.000000,Source: gse20194,0.913043,0.817460,0.926808
MTIF2,0.000000,0.000000,Source: gse20194,0.913043,0.817460,0.926808
DDC,0.000000,0.000000,Source: gse20194,0.913043,0.817460,0.926808
RHBDF1,0.000000,0.000000,Source: gse20194,0.913043,0.817460,0.926808
PSTPIP2,0.000000,0.000000,Source: gse20194,0.913043,0.817460,0.926808
DPEP1,0.000000,0.000000,Source: gse20194,0.913043,0.817460,0.926808
LILRA5,0.000000,0.000000,Source: gse20194,0.913043,0.817460,0.926808
FLJ13224,0.000000,0.000000,Source: gse20194,0.913043,0.817460,0.926808
ACTL6A,0.000000,0.000000,Source: gse20194,0.913043,0.817460,0.926808
PKLR,0.000000,0.000000,Source: gse20194,0.913043,0.817460,0.926808
APOBEC3F,0.000000,0.000000,Source: gse20194,0.913043,0.817460,0.926808
ARC,0.000000,0.000000,Source: gse20194,0.913043,0.817460,0.926808
WIPI1,0.000000,0.000000,Source: gse20194,0.913043,0.817460,0.926808
MYLIP,0.000000,0.000000,Source: gse20194,0.913043,0.817460,0.926808
RNF126,0.000000,0.000000,Source: gse20194,0.913043,0.817460,0.926808
SAYSD1,0.000000,0.000000,Source: gse20194,0.913043,0.817460,0.926808
SLC7A5,0.000000,0.000000,Source: gse20194,0.913043,0.817460,0.926808
ISOC1,0.000000,0.000000,Source: gse20194,0.913043,0.817460,0.926808
AP2M1,0.000000,0.000000,Source: gse20194,0.913043,0.817460,0.926808
LMNB2,0.000000,0.000000,Source: gse20194,0.913043,0.817460,0.926808
ARHGEF12,0.000000,0.000000,Source: gse20194,0.913043,0.817460,0.926808
MICA,0.000000,0.000000,Source: gse20194,0.913043,0.817460,0.926808
LEPROTL1,0.000000,0.000000,Source: gse20194,0.913043,0.817460,0.926808
SLC12A5,0.000000,0.000000,Source: gse20194,0.913043,0.817460,0.926808
CREBL2,0.000000,0.000000,Source: gse20194,0.913043,0.817460,0.926808
MSN,0.000000,0.000000,Source: gse20194,0.913043,0.817460,0.926808
EPS8L1,0.000000,0.000000,Source: gse20194,0.913043,0.817460,0.926808
TMEM131,0.000000,0.000000,Source: gse20194,0.913043,0.817460,0.926808
GMNN,0.000000,0.000000,Source: gse20194,0.913043,0.817460,0.926808
PTMS,0.000000,0.000000,Source: gse20194,0.913043,0.817460,0.926808
AKAP5,0.000000,0.000000,Source: gse20194,0.913043,0.817460,0.926808
PSMD12,0.000000,0.000000,Source: gse20194,0.913043,0.817460,0.926808
ACD,0.000000,0.000000,Source: gse20194,0.913043,0.817460,0.926808
EFHD1,0.000000,0.000000,Source: gse20194,0.913043,0.817460,0.926808
PHF2,0.000000,0.000000,Source: gse20194,0.913043,0.817460,0.926808
DLC1,0.000000,0.000000,Source: gse20194,0.913043,0.817460,0.926808
HPS5,0.000000,0.000000,Source: gse20194,0.913043,0.817460,0.926808
F9,0.000000,0.000000,Source: gse20194,0.913043,0.817460,0.926808
IL2,0.000000,0.000000,Source: gse20194,0.913043,0.817460,0.926808
CCL25,0.000000,0.000000,Source: gse20194,0.913043,0.817460,0.926808
EDEM3,0.000000,0.000000,Source: gse20194,0.913043,0.817460,0.926808
GPRIN2,0.000000,0.000000,Source: gse20194,0.913043,0.817460,0.926808
RAD51D,0.000000,0.000000,Source: gse20194,0.913043,0.817460,0.926808
DHX29,0.000000,0.000000,Source: gse20194,0.913043,0.817460,0.926808
ACTR6,0.000000,0.000000,Source: gse20194,0.913043,0.817460,0.926808
MAG,0.000000,0.000000,Source: gse20194,0.913043,0.817460,0.926808
PODXL,0.000000,0.000000,Source: gse20194,0.913043,0.817460,0.926808
FSTL4,0.000000,0.000000,Source: gse20194,0.913043,0.817460,0.926808
ZZZ3,0.000000,0.000000,Source: gse20194,0.913043,0.817460,0.926808
TMEM160,0.000000,0.000000,Source: gse20194,0.913043,0.817460,0.926808
SRPK1,0.000000,0.000000,Source: gse20194,0.913043,0.817460,0.926808
RAG2,0.000000,0.000000,Source: gse20194,0.913043,0.817460,0.926808
POGZ,0.000000,0.000000,Source: gse20194,0.913043,0.817460,0.926808
PDHB,0.000000,0.000000,Source: gse20194,0.913043,0.817460,0.926808
WSCD1,0.000000,0.000000,Source: gse20194,0.913043,0.817460,0.926808
HDGF,0.000000,0.000000,Source: gse20194,0.913043,0.817460,0.926808
GFOD2,0.000000,0.000000,Source: gse20194,0.913043,0.817460,0.926808
ATP8B3,0.000000,0.000000,Source: gse20194,0.913043,0.817460,0.926808
CRYBA1,0.000000,0.000000,Source: gse20194,0.913043,0.817460,0.926808
LAMTOR2,0.000000,0.000000,Source: gse20194,0.913043,0.817460,0.926808
RHOBTB3,0.000000,0.000000,Source: gse20194,0.913043,0.817460,0.926808
PSMD1,0.000000,0.000000,Source: gse20194,0.913043,0.817460,0.926808
RORB,0.000000,0.000000,Source: gse20194,0.913043,0.817460,0.926808
TRAT1,0.000000,0.000000,Source: gse20194,0.913043,0.817460,0.926808
SCYL3,0.000000,0.000000,Source: gse20194,0.913043,0.817460,0.926808
SDF2,0.000000,0.000000,Source: gse20194,0.913043,0.817460,0.926808
BARX1,0.000000,0.000000,Source: gse20194,0.913043,0.817460,0.926808
VRK3,0.000000,0.000000,Source: gse20194,0.913043,0.817460,0.926808
LAGE3,0.000000,0.000000,Source: gse20194,0.913043,0.817460,0.926808
TTC28,0.000000,0.000000,Source: gse20194,0.913043,0.817460,0.926808
TMOD1,0.000000,0.000000,Source: gse20194,0.913043,0.817460,0.926808
ATN1,0.000000,0.000000,Source: gse20194,0.913043,0.817460,0.926808
CLCC1,0.000000,0.000000,Source: gse20194,0.913043,0.817460,0.926808
FOXF1,0.000000,0.000000,Source: gse20194,0.913043,0.817460,0.926808
ITPKA,0.000000,0.000000,Source: gse20194,0.913043,0.817460,0.926808
SOD3,0.000000,0.000000,Source: gse20194,0.913043,0.817460,0.926808
SPRYD7,0.000000,0.000000,Source: gse20194,0.913043,0.817460,0.926808
DRP2,0.000000,0.000000,Source: gse20194,0.913043,0.817460,0.926808
IKBKE,0.000000,0.000000,Source: gse20194,0.913043,0.817460,0.926808
AKT3,0.000000,0.000000,Source: gse20194,0.913043,0.817460,0.926808
ZNF142,0.000000,0.000000,Source: gse20194,0.913043,0.817460,0.926808
FADS3,0.000000,0.000000,Source: gse20194,0.913043,0.817460,0.926808
PAX6,0.000000,0.000000,Source: gse20194,0.913043,0.817460,0.926808
ARL8B,0.000000,0.000000,Source: gse20194,0.913043,0.817460,0.926808
RGS4,0.000000,0.000000,Source: gse20194,0.913043,0.817460,0.926808
NRP2,0.000000,0.000000,Source: gse20194,0.913043,0.817460,0.926808
TELO2,0.000000,0.000000,Source: gse20194,0.913043,0.817460,0.926808
IDI2-AS1,0.000000,0.000000,Source: gse20194,0.913043,0.817460,0.926808
TNFRSF11B,0.000000,0.000000,Source: gse20194,0.913043,0.817460,0.926808
ELAC1,0.000000,0.000000,Source: gse20194,0.913043,0.817460,0.926808
ZNF141,0.000000,0.000000,Source: gse20194,0.913043,0.817460,0.926808
SLC12A2,0.000000,0.000000,Source: gse20194,0.913043,0.817460,0.926808
LIG3,0.000000,0.000000,Source: gse20194,0.913043,0.817460,0.926808
OGG1,0.000000,0.000000,Source: gse20194,0.913043,0.817460,0.926808
AFTPH,0.000000,0.000000,Source: gse20194,0.913043,0.817460,0.926808
ATOX1,0.000000,0.000000,Source: gse20194,0.913043,0.817460,0.926808
RHOG,0.000000,0.000000,Source: gse20194,0.913043,0.817460,0.926808
B4GALT5,0.000000,0.000000,Source: gse20194,0.913043,0.817460,0.926808
RNF24,0.000000,0.000000,Source: gse20194,0.913043,0.817460,0.926808
NLRX1,0.000000,0.000000,Source: gse20194,0.913043,0.817460,0.926808
HOXA7,0.000000,0.000000,Source: gse20194,0.913043,0.817460,0.926808
MAF,0.000000,0.000000,Source: gse20194,0.913043,0.817460,0.926808
MARK1,0.000000,0.000000,Source: gse20194,0.913043,0.817460,0.926808
NGFR,0.000000,0.000000,Source: gse20194,0.913043,0.817460,0.926808
HTR6,0.000000,0.000000,Source: gse20194,0.913043,0.817460,0.926808
SLC15A1,0.000000,0.000000,Source: gse20194,0.913043,0.817460,0.926808
ANKMY1,0.000000,0.000000,Source: gse20194,0.913043,0.817460,0.926808
GYPC,0.000000,0.000000,Source: gse20194,0.913043,0.817460,0.926808
ASCC2,0.000000,0.000000,Source: gse20194,0.913043,0.817460,0.926808
ACAA2,0.000000,0.000000,Source: gse20194,0.913043,0.817460,0.926808
GRIA4,0.000000,0.000000,Source: gse20194,0.913043,0.817460,0.926808
NOLC1,0.000000,0.000000,Source: gse20194,0.913043,0.817460,0.926808
UCHL5,0.000000,0.000000,Source: gse20194,0.913043,0.817460,0.926808
INTS1,0.000000,0.000000,Source: gse20194,0.913043,0.817460,0.926808
PAPOLG,0.000000,0.000000,Source: gse20194,0.913043,0.817460,0.926808
SCNN1B,0.000000,0.000000,Source: gse20194,0.913043,0.817460,0.926808
MYD88,0.000000,0.000000,Source: gse20194,0.913043,0.817460,0.926808
STRADA,0.000000,0.000000,Source: gse20194,0.913043,0.817460,0.926808
IKZF3,0.000000,0.000000,Source: gse20194,0.913043,0.817460,0.926808
PIGL,0.000000,0.000000,Source: gse20194,0.913043,0.817460,0.926808
SCAP,0.000000,0.000000,Source: gse20194,0.913043,0.817460,0.926808
ZFC3H1,0.000000,0.000000,Source: gse20194,0.913043,0.817460,0.926808
SYNCRIP,0.000000,0.000000,Source: gse20194,0.913043,0.817460,0.926808
MCHR1,0.000000,0.000000,Source: gse20194,0.913043,0.817460,0.926808
CASS4,0.000000,0.000000,Source: gse20194,0.913043,0.817460,0.926808
TRIM29,0.000000,0.000000,Source: gse20194,0.913043,0.817460,0.926808
CEACAM6,0.000000,0.000000,Source: gse20194,0.913043,0.817460,0.926808
OVOL1,0.000000,0.000000,Source: gse20194,0.913043,0.817460,0.926808
CHRM4,0.000000,0.000000,Source: gse20194,0.913043,0.817460,0.926808
TTC9,0.000000,0.000000,Source: gse20194,0.913043,0.817460,0.926808
SGCD,0.000000,0.000000,Source: gse20194,0.913043,0.817460,0.926808
RBM26,0.000000,0.000000,Source: gse20194,0.913043,0.817460,0.926808
KLKB1,0.000000,0.000000,Source: gse20194,0.913043,0.817460,0.926808
PICALM,0.000000,0.000000,Source: gse20194,0.913043,0.817460,0.926808
TINAGL1,0.000000,0.000000,Source: gse20194,0.913043,0.817460,0.926808
ZNF35,0.000000,0.000000,Source: gse20194,0.913043,0.817460,0.926808
PRR16,0.000000,0.000000,Source: gse20194,0.913043,0.817460,0.926808
ECSIT,0.000000,0.000000,Source: gse20194,0.913043,0.817460,0.926808
IL12A,0.000000,0.000000,Source: gse20194,0.913043,0.817460,0.926808
BBS7,0.000000,0.000000,Source: gse20194,0.913043,0.817460,0.926808
MAGEC3,0.000000,0.000000,Source: gse20194,0.913043,0.817460,0.926808
ACTR3,0.000000,0.000000,Source: gse20194,0.913043,0.817460,0.926808
SS18L2,0.000000,0.000000,Source: gse20194,0.913043,0.817460,0.926808
TREM2,0.000000,0.000000,Source: gse20194,0.913043,0.817460,0.926808
TMEM109,0.000000,0.000000,Source: gse20194,0.913043,0.817460,0.926808
SPDEF,0.000000,0.000000,Source: gse20194,0.913043,0.817460,0.926808
PGC,0.000000,0.000000,Source: gse20194,0.913043,0.817460,0.926808
MBNL3,0.000000,0.000000,Source: gse20194,0.913043,0.817460,0.926808
CDC20,0.000000,0.000000,Source: gse20194,0.913043,0.817460,0.926808
REEP2,0.000000,0.000000,Source: gse20194,0.913043,0.817460,0.926808
THADA,0.000000,0.000000,Source: gse20194,0.913043,0.817460,0.926808
F2R,0.000000,0.000000,Source: gse20194,0.913043,0.817460,0.926808
FSCN2,0.000000,0.000000,Source: gse20194,0.913043,0.817460,0.926808
ZBTB39,0.000000,0.000000,Source: gse20194,0.913043,0.817460,0.926808
CASP3,0.000000,0.000000,Source: gse20194,0.913043,0.817460,0.926808
CROT,0.000000,0.000000,Source: gse20194,0.913043,0.817460,0.926808
TCN2,0.000000,0.000000,Source: gse20194,0.913043,0.817460,0.926808
MTPAP,0.000000,0.000000,Source: gse20194,0.913043,0.817460,0.926808
NDUFA4L2,0.000000,0.000000,Source: gse20194,0.913043,0.817460,0.926808
XCR1,0.000000,0.000000,Source: gse20194,0.913043,0.817460,0.926808
DOCK6,0.000000,0.000000,Source: gse20194,0.913043,0.817460,0.926808
PPFIBP2,0.000000,0.000000,Source: gse20194,0.913043,0.817460,0.926808
FGFR2,0.000000,0.000000,Source: gse20194,0.913043,0.817460,0.926808
ATR,0.000000,0.000000,Source: gse20194,0.913043,0.817460,0.926808
HOXC11,0.000000,0.000000,Source: gse20194,0.913043,0.817460,0.926808
ARVCF,0.000000,0.000000,Source: gse20194,0.913043,0.817460,0.926808
GUCA2A,0.000000,0.000000,Source: gse20194,0.913043,0.817460,0.926808
FKBP6,0.000000,0.000000,Source: gse20194,0.913043,0.817460,0.926808
RYBP,0.000000,0.000000,Source: gse20194,0.913043,0.817460,0.926808
TBC1D10B,0.000000,0.000000,Source: gse20194,0.913043,0.817460,0.926808
INTS5,0.000000,0.000000,Source: gse20194,0.913043,0.817460,0.926808
PHKA2,0.000000,0.000000,Source: gse20194,0.913043,0.817460,0.926808
YPEL5,0.000000,0.000000,Source: gse20194,0.913043,0.817460,0.926808
MAPK8IP3,0.000000,0.000000,Source: gse20194,0.913043,0.817460,0.926808
GPR87,0.000000,0.000000,Source: gse20194,0.913043,0.817460,0.926808
GDPD2,0.000000,0.000000,Source: gse20194,0.913043,0.817460,0.926808
MLLT1,0.000000,0.000000,Source: gse20194,0.913043,0.817460,0.926808
MRPS30,0.000000,0.000000,Source: gse20194,0.913043,0.817460,0.926808
SEC24C,0.000000,0.000000,Source: gse20194,0.913043,0.817460,0.926808
GPR3,0.000000,0.000000,Source: gse20194,0.913043,0.817460,0.926808
PAPSS1,0.000000,0.000000,Source: gse20194,0.913043,0.817460,0.926808
SYCP1,0.000000,0.000000,Source: gse20194,0.913043,0.817460,0.926808
ATG2B,0.000000,0.000000,Source: gse20194,0.913043,0.817460,0.926808
MAGEF1,0.000000,0.000000,Source: gse20194,0.913043,0.817460,0.926808
MAGI2,0.000000,0.000000,Source: gse20194,0.913043,0.817460,0.926808
SLC22A7,0.000000,0.000000,Source: gse20194,0.913043,0.817460,0.926808
WSB1,0.000000,0.000000,Source: gse20194,0.913043,0.817460,0.926808
LTBP1,0.000000,0.000000,Source: gse20194,0.913043,0.817460,0.926808
MAP3K1,0.000000,0.000000,Source: gse20194,0.913043,0.817460,0.926808
TTC33,0.000000,0.000000,Source: gse20194,0.913043,0.817460,0.926808
GBE1,0.000000,0.000000,Source: gse20194,0.913043,0.817460,0.926808
CLIP2,0.000000,0.000000,Source: gse20194,0.913043,0.817460,0.926808
HIC1,0.000000,0.000000,Source: gse20194,0.913043,0.817460,0.926808
ROR2,0.000000,0.000000,Source: gse20194,0.913043,0.817460,0.926808
PRAME,0.000000,0.000000,Source: gse20194,0.913043,0.817460,0.926808
DMD,0.000000,0.000000,Source: gse20194,0.913043,0.817460,0.926808
TSHB,0.000000,0.000000,Source: gse20194,0.913043,0.817460,0.926808
MRPL15,0.000000,0.000000,Source: gse20194,0.913043,0.817460,0.926808
ANKRD6,0.000000,0.000000,Source: gse20194,0.913043,0.817460,0.926808
MAP3K12,0.000000,0.000000,Source: gse20194,0.913043,0.817460,0.926808
ATP13A3,0.000000,0.000000,Source: gse20194,0.913043,0.817460,0.926808
NECAB3,0.000000,0.000000,Source: gse20194,0.913043,0.817460,0.926808
FABP2,0.000000,0.000000,Source: gse20194,0.913043,0.817460,0.926808
BRMS1,0.000000,0.000000,Source: gse20194,0.913043,0.817460,0.926808
ITGBL1,0.000000,0.000000,Source: gse20194,0.913043,0.817460,0.926808
SOBP,0.000000,0.000000,Source: gse20194,0.913043,0.817460,0.926808
MYO15A,0.000000,0.000000,Source: gse20194,0.913043,0.817460,0.926808
SF3A1,0.000000,0.000000,Source: gse20194,0.913043,0.817460,0.926808
SLURP1,0.000000,0.000000,Source: gse20194,0.913043,0.817460,0.926808
PLEKHA8P1,0.000000,0.000000,Source: gse20194,0.913043,0.817460,0.926808
TOB2,0.000000,0.000000,Source: gse20194,0.913043,0.817460,0.926808
NNMT,0.000000,0.000000,Source: gse20194,0.913043,0.817460,0.926808
CLDN16,0.000000,0.000000,Source: gse20194,0.913043,0.817460,0.926808
SULF1,0.000000,0.000000,Source: gse20194,0.913043,0.817460,0.926808
HMGXB3,0.000000,0.000000,Source: gse20194,0.913043,0.817460,0.926808
SLC28A3,0.000000,0.000000,Source: gse20194,0.913043,0.817460,0.926808
DDX1,0.000000,0.000000,Source: gse20194,0.913043,0.817460,0.926808
PLCB3,0.000000,0.000000,Source: gse20194,0.913043,0.817460,0.926808
SNX19,0.000000,0.000000,Source: gse20194,0.913043,0.817460,0.926808
CLEC2D,0.000000,0.000000,Source: gse20194,0.913043,0.817460,0.926808
PMAIP1,0.000000,0.000000,Source: gse20194,0.913043,0.817460,0.926808
MYB,0.000000,0.000000,Source: gse20194,0.913043,0.817460,0.926808
NPTXR,0.000000,0.000000,Source: gse20194,0.913043,0.817460,0.926808
SULT1B1,0.000000,0.000000,Source: gse20194,0.913043,0.817460,0.926808
PARD6A,0.000000,0.000000,Source: gse20194,0.913043,0.817460,0.926808
CDH15,0.000000,0.000000,Source: gse20194,0.913043,0.817460,0.926808
PRKAR1A,0.000000,0.000000,Source: gse20194,0.913043,0.817460,0.926808
GPR17,0.000000,0.000000,Source: gse20194,0.913043,0.817460,0.926808
PRPS1L1,0.000000,0.000000,Source: gse20194,0.913043,0.817460,0.926808
ZNF771,0.000000,0.000000,Source: gse20194,0.913043,0.817460,0.926808
ADCY8,0.000000,0.000000,Source: gse20194,0.913043,0.817460,0.926808
CCNO,0.000000,0.000000,Source: gse20194,0.913043,0.817460,0.926808
TNFRSF14,0.000000,0.000000,Source: gse20194,0.913043,0.817460,0.926808
BCS1L,0.000000,0.000000,Source: gse20194,0.913043,0.817460,0.926808
FECH,0.000000,0.000000,Source: gse20194,0.913043,0.817460,0.926808
PRKAB1,0.000000,0.000000,Source: gse20194,0.913043,0.817460,0.926808
EVX1,0.000000,0.000000,Source: gse20194,0.913043,0.817460,0.926808
MMRN2,0.000000,0.000000,Source: gse20194,0.913043,0.817460,0.926808
AP1G2,0.000000,0.000000,Source: gse20194,0.913043,0.817460,0.926808
S100A9,0.000000,0.000000,Source: gse20194,0.913043,0.817460,0.926808
ST14,0.000000,0.000000,Source: gse20194,0.913043,0.817460,0.926808
MSH6,0.000000,0.000000,Source: gse20194,0.913043,0.817460,0.926808
AHSA1,0.000000,0.000000,Source: gse20194,0.913043,0.817460,0.926808
TCF20,0.000000,0.000000,Source: gse20194,0.913043,0.817460,0.926808
UFC1,0.000000,0.000000,Source: gse20194,0.913043,0.817460,0.926808
FRAT2,0.000000,0.000000,Source: gse20194,0.913043,0.817460,0.926808
PARP1,0.000000,0.000000,Source: gse20194,0.913043,0.817460,0.926808
SEC13,0.000000,0.000000,Source: gse20194,0.913043,0.817460,0.926808
FAM120A,0.000000,0.000000,Source: gse20194,0.913043,0.817460,0.926808
PCDHB13,0.000000,0.000000,Source: gse20194,0.913043,0.817460,0.926808
CSF1,0.000000,0.000000,Source: gse20194,0.913043,0.817460,0.926808
FCGR2B,0.000000,0.000000,Source: gse20194,0.913043,0.817460,0.926808
MBNL1,0.000000,0.000000,Source: gse20194,0.913043,0.817460,0.926808
PI4KB,0.000000,0.000000,Source: gse20194,0.913043,0.817460,0.926808
KHDRBS3,0.000000,0.000000,Source: gse20194,0.913043,0.817460,0.926808
LMOD1,0.000000,0.000000,Source: gse20194,0.913043,0.817460,0.926808
CCDC9,0.000000,0.000000,Source: gse20194,0.913043,0.817460,0.926808
B2M,0.000000,0.000000,Source: gse20194,0.913043,0.817460,0.926808
TBX2,0.000000,0.000000,Source: gse20194,0.913043,0.817460,0.926808
CLIC3,0.000000,0.000000,Source: gse20194,0.913043,0.817460,0.926808
NOD2,0.000000,0.000000,Source: gse20194,0.913043,0.817460,0.926808
ZNF274,0.000000,0.000000,Source: gse20194,0.913043,0.817460,0.926808
ANK2,0.000000,0.000000,Source: gse20194,0.913043,0.817460,0.926808
TNNI1,0.000000,0.000000,Source: gse20194,0.913043,0.817460,0.926808
FLNA,0.000000,0.000000,Source: gse20194,0.913043,0.817460,0.926808
LYZL6,0.000000,0.000000,Source: gse20194,0.913043,0.817460,0.926808
SPRY4,0.000000,0.000000,Source: gse20194,0.913043,0.817460,0.926808
THRAP3,0.000000,0.000000,Source: gse20194,0.913043,0.817460,0.926808
SCMH1,0.000000,0.000000,Source: gse20194,0.913043,0.817460,0.926808
EXD2,0.000000,0.000000,Source: gse20194,0.913043,0.817460,0.926808
MAP3K2,0.000000,0.000000,Source: gse20194,0.913043,0.817460,0.926808
CLIC2,0.000000,0.000000,Source: gse20194,0.913043,0.817460,0.926808
OLFM4,0.000000,0.000000,Source: gse20194,0.913043,0.817460,0.926808
LRP4,0.000000,0.000000,Source: gse20194,0.913043,0.817460,0.926808
PSPC1,0.000000,0.000000,Source: gse20194,0.913043,0.817460,0.926808
KCNC1,0.000000,0.000000,Source: gse20194,0.913043,0.817460,0.926808
PRKAA1,0.000000,0.000000,Source: gse20194,0.913043,0.817460,0.926808
ACTN2,0.000000,0.000000,Source: gse20194,0.913043,0.817460,0.926808
ZZEF1,0.000000,0.000000,Source: gse20194,0.913043,0.817460,0.926808
ARF6,0.000000,0.000000,Source: gse20194,0.913043,0.817460,0.926808
LILRB3,0.000000,0.000000,Source: gse20194,0.913043,0.817460,0.926808
TBC1D9,0.000000,0.000000,Source: gse20194,0.913043,0.817460,0.926808
TMEM176B,0.000000,0.000000,Source: gse20194,0.913043,0.817460,0.926808
SLC39A9,0.000000,0.000000,Source: gse20194,0.913043,0.817460,0.926808
TNS4,0.000000,0.000000,Source: gse20194,0.913043,0.817460,0.926808
XRCC5,0.000000,0.000000,Source: gse20194,0.913043,0.817460,0.926808
BAD,0.000000,0.000000,Source: gse20194,0.913043,0.817460,0.926808
CHRM5,0.000000,0.000000,Source: gse20194,0.913043,0.817460,0.926808
KRT75,0.000000,0.000000,Source: gse20194,0.913043,0.817460,0.926808
MAP3K4,0.000000,0.000000,Source: gse20194,0.913043,0.817460,0.926808
REG3A,0.000000,0.000000,Source: gse20194,0.913043,0.817460,0.926808
SPAG6,0.000000,0.000000,Source: gse20194,0.913043,0.817460,0.926808
LRRK1,0.000000,0.000000,Source: gse20194,0.913043,0.817460,0.926808
SYF2,0.000000,0.000000,Source: gse20194,0.913043,0.817460,0.926808
RAB3GAP1,0.000000,0.000000,Source: gse20194,0.913043,0.817460,0.926808
TUBA4A,0.000000,0.000000,Source: gse20194,0.913043,0.817460,0.926808
PROCR,0.000000,0.000000,Source: gse20194,0.913043,0.817460,0.926808
RNF13,0.000000,0.000000,Source: gse20194,0.913043,0.817460,0.926808
TIMM44,0.000000,0.000000,Source: gse20194,0.913043,0.817460,0.926808
DDX49,0.000000,0.000000,Source: gse20194,0.913043,0.817460,0.926808
NPY,0.000000,0.000000,Source: gse20194,0.913043,0.817460,0.926808
C1orf54,0.000000,0.000000,Source: gse20194,0.913043,0.817460,0.926808
NPY1R,0.000000,0.000000,Source: gse20194,0.913043,0.817460,0.926808
TSSK2,0.000000,0.000000,Source: gse20194,0.913043,0.817460,0.926808
TAS2R10,0.000000,0.000000,Source: gse20194,0.913043,0.817460,0.926808
KDELR1,0.000000,0.000000,Source: gse20194,0.913043,0.817460,0.926808
ATP8A1,0.000000,0.000000,Source: gse20194,0.913043,0.817460,0.926808
HOXD3,0.000000,0.000000,Source: gse20194,0.913043,0.817460,0.926808
CNTN1,0.000000,0.000000,Source: gse20194,0.913043,0.817460,0.926808
TRPV4,0.000000,0.000000,Source: gse20194,0.913043,0.817460,0.926808
MLH1,0.000000,0.000000,Source: gse20194,0.913043,0.817460,0.926808
NME1,0.000000,0.000000,Source: gse20194,0.913043,0.817460,0.926808
RPS21,0.000000,0.000000,Source: gse20194,0.913043,0.817460,0.926808
ELL2,0.000000,0.000000,Source: gse20194,0.913043,0.817460,0.926808
MC4R,0.000000,0.000000,Source: gse20194,0.913043,0.817460,0.926808
PTK2B,0.000000,0.000000,Source: gse20194,0.913043,0.817460,0.926808
SLC5A5,0.000000,0.000000,Source: gse20194,0.913043,0.817460,0.926808
CCPG1,0.000000,0.000000,Source: gse20194,0.913043,0.817460,0.926808
IMP4,0.000000,0.000000,Source: gse20194,0.913043,0.817460,0.926808
LY6D,0.000000,0.000000,Source: gse20194,0.913043,0.817460,0.926808
IL10RB,0.000000,0.000000,Source: gse20194,0.913043,0.817460,0.926808
PTPRT,0.000000,0.000000,Source: gse20194,0.913043,0.817460,0.926808
TPX2,0.000000,0.000000,Source: gse20194,0.913043,0.817460,0.926808
MAP2K5,0.000000,0.000000,Source: gse20194,0.913043,0.817460,0.926808
CHD5,0.000000,0.000000,Source: gse20194,0.913043,0.817460,0.926808
HLA-DRB1,0.000000,0.000000,Source: gse20194,0.913043,0.817460,0.926808
ARL14,0.000000,0.000000,Source: gse20194,0.913043,0.817460,0.926808
BUB1B,0.000000,0.000000,Source: gse20194,0.913043,0.817460,0.926808
RAB11FIP5,0.000000,0.000000,Source: gse20194,0.913043,0.817460,0.926808
PRPF4,0.000000,0.000000,Source: gse20194,0.913043,0.817460,0.926808
PDE4DIP,0.000000,0.000000,Source: gse20194,0.913043,0.817460,0.926808
HEATR6,0.000000,0.000000,Source: gse20194,0.913043,0.817460,0.926808
WT1,0.000000,0.000000,Source: gse20194,0.913043,0.817460,0.926808
WIPI2,0.000000,0.000000,Source: gse20194,0.913043,0.817460,0.926808
SHCBP1L,0.000000,0.000000,Source: gse20194,0.913043,0.817460,0.926808
YES1,0.000000,0.000000,Source: gse20194,0.913043,0.817460,0.926808
THTPA,0.000000,0.000000,Source: gse20194,0.913043,0.817460,0.926808
LPA,0.000000,0.000000,Source: gse20194,0.913043,0.817460,0.926808
GPR52,0.000000,0.000000,Source: gse20194,0.913043,0.817460,0.926808
HOXA4,0.000000,0.000000,Source: gse20194,0.913043,0.817460,0.926808
TFG,0.000000,0.000000,Source: gse20194,0.913043,0.817460,0.926808
KCNQ1DN,0.000000,0.000000,Source: gse20194,0.913043,0.817460,0.926808
TTLL7,0.000000,0.000000,Source: gse20194,0.913043,0.817460,0.926808
RPA3,0.000000,0.000000,Source: gse20194,0.913043,0.817460,0.926808
LIMK1,0.000000,0.000000,Source: gse20194,0.913043,0.817460,0.926808
OVGP1,0.000000,0.000000,Source: gse20194,0.913043,0.817460,0.926808
PDE4A,0.000000,0.000000,Source: gse20194,0.913043,0.817460,0.926808
PFDN6,0.000000,0.000000,Source: gse20194,0.913043,0.817460,0.926808
TAF12,0.000000,0.000000,Source: gse20194,0.913043,0.817460,0.926808
SIGLEC8,0.000000,0.000000,Source: gse20194,0.913043,0.817460,0.926808
IRF4,0.000000,0.000000,Source: gse20194,0.913043,0.817460,0.926808
PDIA3,0.000000,0.000000,Source: gse20194,0.913043,0.817460,0.926808
SP110,0.000000,0.000000,Source: gse20194,0.913043,0.817460,0.926808
DICER1,0.000000,0.000000,Source: gse20194,0.913043,0.817460,0.926808
RELN,0.000000,0.000000,Source: gse20194,0.913043,0.817460,0.926808
NAT1,0.000000,0.000000,Source: gse20194,0.913043,0.817460,0.926808
TRIM45,0.000000,0.000000,Source: gse20194,0.913043,0.817460,0.926808
TAS2R4,0.000000,0.000000,Source: gse20194,0.913043,0.817460,0.926808
PLXDC1,0.000000,0.000000,Source: gse20194,0.913043,0.817460,0.926808
SGK2,0.000000,0.000000,Source: gse20194,0.913043,0.817460,0.926808
GALNT6,0.000000,0.000000,Source: gse20194,0.913043,0.817460,0.926808
MKI67,0.000000,0.000000,Source: gse20194,0.913043,0.817460,0.926808
PTK6,0.000000,0.000000,Source: gse20194,0.913043,0.817460,0.926808
TRIM37,0.000000,0.000000,Source: gse20194,0.913043,0.817460,0.926808
PHKG2,0.000000,0.000000,Source: gse20194,0.913043,0.817460,0.926808
INSIG1,0.000000,0.000000,Source: gse20194,0.913043,0.817460,0.926808
STIP1,0.000000,0.000000,Source: gse20194,0.913043,0.817460,0.926808
EEF2,0.000000,0.000000,Source: gse20194,0.913043,0.817460,0.926808
KDM1A,0.000000,0.000000,Source: gse20194,0.913043,0.817460,0.926808
ZYX,0.000000,0.000000,Source: gse20194,0.913043,0.817460,0.926808
PPP2CA,0.000000,0.000000,Source: gse20194,0.913043,0.817460,0.926808
PTPRS,0.000000,0.000000,Source: gse20194,0.913043,0.817460,0.926808
GPA33,0.000000,0.000000,Source: gse20194,0.913043,0.817460,0.926808
UBAP2L,0.000000,0.000000,Source: gse20194,0.913043,0.817460,0.926808
MXRA5,0.000000,0.000000,Source: gse20194,0.913043,0.817460,0.926808
GNA11,0.000000,0.000000,Source: gse20194,0.913043,0.817460,0.926808
EMX1,0.000000,0.000000,Source: gse20194,0.913043,0.817460,0.926808
FCER2,0.000000,0.000000,Source: gse20194,0.913043,0.817460,0.926808
GRIP2,0.000000,0.000000,Source: gse20194,0.913043,0.817460,0.926808
MKRN2,0.000000,0.000000,Source: gse20194,0.913043,0.817460,0.926808
TRPM3,0.000000,0.000000,Source: gse20194,0.913043,0.817460,0.926808
TSPAN13,0.000000,0.000000,Source: gse20194,0.913043,0.817460,0.926808
LINC00472,0.000000,0.000000,Source: gse20194,0.913043,0.817460,0.926808
RPP25,0.000000,0.000000,Source: gse20194,0.913043,0.817460,0.926808
EVPL,0.000000,0.000000,Source: gse20194,0.913043,0.817460,0.926808
RUVBL1,0.000000,0.000000,Source: gse20194,0.913043,0.817460,0.926808
APPL2,0.000000,0.000000,Source: gse20194,0.913043,0.817460,0.926808
KCNH1,0.000000,0.000000,Source: gse20194,0.913043,0.817460,0.926808
LSM1,0.000000,0.000000,Source: gse20194,0.913043,0.817460,0.926808
SRP54,0.000000,0.000000,Source: gse20194,0.913043,0.817460,0.926808
DHODH,0.000000,0.000000,Source: gse20194,0.913043,0.817460,0.926808
DNAJC24,0.000000,0.000000,Source: gse20194,0.913043,0.817460,0.926808
TM9SF3,0.000000,0.000000,Source: gse20194,0.913043,0.817460,0.926808
TEKT2,0.000000,0.000000,Source: gse20194,0.913043,0.817460,0.926808
ZNF638,0.000000,0.000000,Source: gse20194,0.913043,0.817460,0.926808
TBX4,0.000000,0.000000,Source: gse20194,0.913043,0.817460,0.926808
UTF1,0.000000,0.000000,Source: gse20194,0.913043,0.817460,0.926808
BCAM,0.000000,0.000000,Source: gse20194,0.913043,0.817460,0.926808
CALCRL,0.000000,0.000000,Source: gse20194,0.913043,0.817460,0.926808
MR1,0.000000,0.000000,Source: gse20194,0.913043,0.817460,0.926808
SENP2,0.000000,0.000000,Source: gse20194,0.913043,0.817460,0.926808
GAST,0.000000,0.000000,Source: gse20194,0.913043,0.817460,0.926808
PIM2,0.000000,0.000000,Source: gse20194,0.913043,0.817460,0.926808
EFCAB2,0.000000,0.000000,Source: gse20194,0.913043,0.817460,0.926808
ARMC6,0.000000,0.000000,Source: gse20194,0.913043,0.817460,0.926808
MT1M,0.000000,0.000000,Source: gse20194,0.913043,0.817460,0.926808
CYP2E1,0.000000,0.000000,Source: gse20194,0.913043,0.817460,0.926808
PFAS,0.000000,0.000000,Source: gse20194,0.913043,0.817460,0.926808
BAG2,0.000000,0.000000,Source: gse20194,0.913043,0.817460,0.926808
RPS6KA3,0.000000,0.000000,Source: gse20194,0.913043,0.817460,0.926808
TOR1AIP2,0.000000,0.000000,Source: gse20194,0.913043,0.817460,0.926808
VCL,0.000000,0.000000,Source: gse20194,0.913043,0.817460,0.926808
GBA3,0.000000,0.000000,Source: gse20194,0.913043,0.817460,0.926808
TRADD,0.000000,0.000000,Source: gse20194,0.913043,0.817460,0.926808
IDH1,0.000000,0.000000,Source: gse20194,0.913043,0.817460,0.926808
CASP5,0.000000,0.000000,Source: gse20194,0.913043,0.817460,0.926808
NRIP3,0.000000,0.000000,Source: gse20194,0.913043,0.817460,0.926808
DYNLL1,0.000000,0.000000,Source: gse20194,0.913043,0.817460,0.926808
PLEKHG6,0.000000,0.000000,Source: gse20194,0.913043,0.817460,0.926808
TAS2R8,0.000000,0.000000,Source: gse20194,0.913043,0.817460,0.926808
DNAJB1,0.000000,0.000000,Source: gse20194,0.913043,0.817460,0.926808
CUL4A,0.000000,0.000000,Source: gse20194,0.913043,0.817460,0.926808
C9,0.000000,0.000000,Source: gse20194,0.913043,0.817460,0.926808
BCL2,0.000000,0.000000,Source: gse20194,0.913043,0.817460,0.926808
RAMP2,0.000000,0.000000,Source: gse20194,0.913043,0.817460,0.926808
MGC2889,0.000000,0.000000,Source: gse20194,0.913043,0.817460,0.926808
C1QA,0.000000,0.000000,Source: gse20194,0.913043,0.817460,0.926808
TERT,0.000000,0.000000,Source: gse20194,0.913043,0.817460,0.926808
TRPC6,0.000000,0.000000,Source: gse20194,0.913043,0.817460,0.926808
TRIP4,0.000000,0.000000,Source: gse20194,0.913043,0.817460,0.926808
RELB,0.000000,0.000000,Source: gse20194,0.913043,0.817460,0.926808
FXYD7,0.000000,0.000000,Source: gse20194,0.913043,0.817460,0.926808
HOXD1,0.000000,0.000000,Source: gse20194,0.913043,0.817460,0.926808
PIK3R5,0.000000,0.000000,Source: gse20194,0.913043,0.817460,0.926808
TONSL,0.000000,0.000000,Source: gse20194,0.913043,0.817460,0.926808
CDC37,0.000000,0.000000,Source: gse20194,0.913043,0.817460,0.926808
KRT34,0.000000,0.000000,Source: gse20194,0.913043,0.817460,0.926808
DIS3,0.000000,0.000000,Source: gse20194,0.913043,0.817460,0.926808
IFNGR2,0.000000,0.000000,Source: gse20194,0.913043,0.817460,0.926808
THAP4,0.000000,0.000000,Source: gse20194,0.913043,0.817460,0.926808
HOXC5,0.000000,0.000000,Source: gse20194,0.913043,0.817460,0.926808
MMP8,0.000000,0.000000,Source: gse20194,0.913043,0.817460,0.926808
DPH2,0.000000,0.000000,Source: gse20194,0.913043,0.817460,0.926808
SUPV3L1,0.000000,0.000000,Source: gse20194,0.913043,0.817460,0.926808
MSH2,0.000000,0.000000,Source: gse20194,0.913043,0.817460,0.926808
FANCL,0.000000,0.000000,Source: gse20194,0.913043,0.817460,0.926808
TMED3,0.000000,0.000000,Source: gse20194,0.913043,0.817460,0.926808
RETN,0.000000,0.000000,Source: gse20194,0.913043,0.817460,0.926808
CLEC4A,0.000000,0.000000,Source: gse20194,0.913043,0.817460,0.926808
GHITM,0.000000,0.000000,Source: gse20194,0.913043,0.817460,0.926808
PIP5K1B,0.000000,0.000000,Source: gse20194,0.913043,0.817460,0.926808
ELMO2,0.000000,0.000000,Source: gse20194,0.913043,0.817460,0.926808
AKAP17A,0.000000,0.000000,Source: gse20194,0.913043,0.817460,0.926808
RAB3IL1,0.000000,0.000000,Source: gse20194,0.913043,0.817460,0.926808
GNRH1,0.000000,0.000000,Source: gse20194,0.913043,0.817460,0.926808
PNPO,0.000000,0.000000,Source: gse20194,0.913043,0.817460,0.926808
PCYT1B,0.000000,0.000000,Source: gse20194,0.913043,0.817460,0.926808
DCN,0.000000,0.000000,Source: gse20194,0.913043,0.817460,0.926808
MMP11,0.000000,0.000000,Source: gse20194,0.913043,0.817460,0.926808
KCNAB2,0.000000,0.000000,Source: gse20194,0.913043,0.817460,0.926808
RBMXL2,0.000000,0.000000,Source: gse20194,0.913043,0.817460,0.926808
RHBDL1,0.000000,0.000000,Source: gse20194,0.913043,0.817460,0.926808
XRCC3,0.000000,0.000000,Source: gse20194,0.913043,0.817460,0.926808
OSBPL7,0.000000,0.000000,Source: gse20194,0.913043,0.817460,0.926808
RARA,0.000000,0.000000,Source: gse20194,0.913043,0.817460,0.926808
COX10,0.000000,0.000000,Source: gse20194,0.913043,0.817460,0.926808
NDEL1,0.000000,0.000000,Source: gse20194,0.913043,0.817460,0.926808
RHOBTB1,0.000000,0.000000,Source: gse20194,0.913043,0.817460,0.926808
TATDN2,0.000000,0.000000,Source: gse20194,0.913043,0.817460,0.926808
MYO1D,0.000000,0.000000,Source: gse20194,0.913043,0.817460,0.926808
WEE1,0.000000,0.000000,Source: gse20194,0.913043,0.817460,0.926808
PTGDS,0.000000,0.000000,Source: gse20194,0.913043,0.817460,0.926808
VPS13D,0.000000,0.000000,Source: gse20194,0.913043,0.817460,0.926808
HHEX,0.000000,0.000000,Source: gse20194,0.913043,0.817460,0.926808
CHAT,0.000000,0.000000,Source: gse20194,0.913043,0.817460,0.926808
ATP13A1,0.000000,0.000000,Source: gse20194,0.913043,0.817460,0.926808
PRCC,0.000000,0.000000,Source: gse20194,0.913043,0.817460,0.926808
BORA,0.000000,0.000000,Source: gse20194,0.913043,0.817460,0.926808
SMAD1,0.000000,0.000000,Source: gse20194,0.913043,0.817460,0.926808
GNPTAB,0.000000,0.000000,Source: gse20194,0.913043,0.817460,0.926808
C1orf35,0.000000,0.000000,Source: gse20194,0.913043,0.817460,0.926808
OXT,0.000000,0.000000,Source: gse20194,0.913043,0.817460,0.926808
GRM7,0.000000,0.000000,Source: gse20194,0.913043,0.817460,0.926808
PYY,0.000000,0.000000,Source: gse20194,0.913043,0.817460,0.926808
ZBED2,0.000000,0.000000,Source: gse20194,0.913043,0.817460,0.926808
OR10H2,0.000000,0.000000,Source: gse20194,0.913043,0.817460,0.926808
POM121L2,0.000000,0.000000,Source: gse20194,0.913043,0.817460,0.926808
LARS2,0.000000,0.000000,Source: gse20194,0.913043,0.817460,0.926808
CEP85,0.000000,0.000000,Source: gse20194,0.913043,0.817460,0.926808
PRRC2C,0.000000,0.000000,Source: gse20194,0.913043,0.817460,0.926808
PRKCZ,0.000000,0.000000,Source: gse20194,0.913043,0.817460,0.926808
PTEN,0.000000,0.000000,Source: gse20194,0.913043,0.817460,0.926808
PTCD2,0.000000,0.000000,Source: gse20194,0.913043,0.817460,0.926808
KCNMB4,0.000000,0.000000,Source: gse20194,0.913043,0.817460,0.926808
RARG,0.000000,0.000000,Source: gse20194,0.913043,0.817460,0.926808
MDM2,0.000000,0.000000,Source: gse20194,0.913043,0.817460,0.926808
ATXN8OS,0.000000,0.000000,Source: gse20194,0.913043,0.817460,0.926808
ZNF354A,0.000000,0.000000,Source: gse20194,0.913043,0.817460,0.926808
MPPED2,0.000000,0.000000,Source: gse20194,0.913043,0.817460,0.926808
ELSPBP1,0.000000,0.000000,Source: gse20194,0.913043,0.817460,0.926808
HUNK,0.000000,0.000000,Source: gse20194,0.913043,0.817460,0.926808
NRIP2,0.000000,0.000000,Source: gse20194,0.913043,0.817460,0.926808
POT1,0.000000,0.000000,Source: gse20194,0.913043,0.817460,0.926808
RWDD3,0.000000,0.000000,Source: gse20194,0.913043,0.817460,0.926808
ZNF407,0.000000,0.000000,Source: gse20194,0.913043,0.817460,0.926808
CCL2,0.000000,0.000000,Source: gse20194,0.913043,0.817460,0.926808
DENND1C,0.000000,0.000000,Source: gse20194,0.913043,0.817460,0.926808
MTRR,0.000000,0.000000,Source: gse20194,0.913043,0.817460,0.926808
MMP10,0.000000,0.000000,Source: gse20194,0.913043,0.817460,0.926808
CR1,0.000000,0.000000,Source: gse20194,0.913043,0.817460,0.926808
ABCC10,0.000000,0.000000,Source: gse20194,0.913043,0.817460,0.926808
DNASE1L1,0.000000,0.000000,Source: gse20194,0.913043,0.817460,0.926808
ALX4,0.000000,0.000000,Source: gse20194,0.913043,0.817460,0.926808
MORF4L2,0.000000,0.000000,Source: gse20194,0.913043,0.817460,0.926808
RECQL4,0.000000,0.000000,Source: gse20194,0.913043,0.817460,0.926808
ULK2,0.000000,0.000000,Source: gse20194,0.913043,0.817460,0.926808
ZFP64,0.000000,0.000000,Source: gse20194,0.913043,0.817460,0.926808
RNF41,0.000000,0.000000,Source: gse20194,0.913043,0.817460,0.926808
KRT84,0.000000,0.000000,Source: gse20194,0.913043,0.817460,0.926808
RPS20,0.000000,0.000000,Source: gse20194,0.913043,0.817460,0.926808
TNFRSF9,0.000000,0.000000,Source: gse20194,0.913043,0.817460,0.926808
PDGFD,0.000000,0.000000,Source: gse20194,0.913043,0.817460,0.926808
SLC5A2,0.000000,0.000000,Source: gse20194,0.913043,0.817460,0.926808
RANGAP1,0.000000,0.000000,Source: gse20194,0.913043,0.817460,0.926808
EXOSC10,0.000000,0.000000,Source: gse20194,0.913043,0.817460,0.926808
RIF1,0.000000,0.000000,Source: gse20194,0.913043,0.817460,0.926808
ZNF215,0.000000,0.000000,Source: gse20194,0.913043,0.817460,0.926808
TUBB6,0.000000,0.000000,Source: gse20194,0.913043,0.817460,0.926808
IRF1,0.000000,0.000000,Source: gse20194,0.913043,0.817460,0.926808
SLC35A2,0.000000,0.000000,Source: gse20194,0.913043,0.817460,0.926808
CASK,0.000000,0.000000,Source: gse20194,0.913043,0.817460,0.926808
MAPK7,0.000000,0.000000,Source: gse20194,0.913043,0.817460,0.926808
COL4A5,0.000000,0.000000,Source: gse20194,0.913043,0.817460,0.926808
LDLRAP1,0.000000,0.000000,Source: gse20194,0.913043,0.817460,0.926808
RGS14,0.000000,0.000000,Source: gse20194,0.913043,0.817460,0.926808
NUP160,0.000000,0.000000,Source: gse20194,0.913043,0.817460,0.926808
NDUFB4,0.000000,0.000000,Source: gse20194,0.913043,0.817460,0.926808
ZNF75D,0.000000,0.000000,Source: gse20194,0.913043,0.817460,0.926808
LILRA4,0.000000,0.000000,Source: gse20194,0.913043,0.817460,0.926808
NFIX,0.000000,0.000000,Source: gse20194,0.913043,0.817460,0.926808
RGL2,0.000000,0.000000,Source: gse20194,0.913043,0.817460,0.926808
ATXN3L,0.000000,0.000000,Source: gse20194,0.913043,0.817460,0.926808
BTG4,0.000000,0.000000,Source: gse20194,0.913043,0.817460,0.926808
GNAT1,0.000000,0.000000,Source: gse20194,0.913043,0.817460,0.926808
MCF2L-AS1,0.000000,0.000000,Source: gse20194,0.913043,0.817460,0.926808
LTN1,0.000000,0.000000,Source: gse20194,0.913043,0.817460,0.926808
GART,0.000000,0.000000,Source: gse20194,0.913043,0.817460,0.926808
HERC5,0.000000,0.000000,Source: gse20194,0.913043,0.817460,0.926808
DBR1,0.000000,0.000000,Source: gse20194,0.913043,0.817460,0.926808
OSR2,0.000000,0.000000,Source: gse20194,0.913043,0.817460,0.926808
ALOX12,0.000000,0.000000,Source: gse20194,0.913043,0.817460,0.926808
NRTN,0.000000,0.000000,Source: gse20194,0.913043,0.817460,0.926808
EGR1,0.000000,0.000000,Source: gse20194,0.913043,0.817460,0.926808
GLP1R,0.000000,0.000000,Source: gse20194,0.913043,0.817460,0.926808
ST18,0.000000,0.000000,Source: gse20194,0.913043,0.817460,0.926808
CACNG5,0.000000,0.000000,Source: gse20194,0.913043,0.817460,0.926808
KIF2C,0.000000,0.000000,Source: gse20194,0.913043,0.817460,0.926808
BMX,0.000000,0.000000,Source: gse20194,0.913043,0.817460,0.926808
CDK5RAP3,0.000000,0.000000,Source: gse20194,0.913043,0.817460,0.926808
CYP2C18,0.000000,0.000000,Source: gse20194,0.913043,0.817460,0.926808
COL6A1,0.000000,0.000000,Source: gse20194,0.913043,0.817460,0.926808
THOC1,0.000000,0.000000,Source: gse20194,0.913043,0.817460,0.926808
SH2D1A,0.000000,0.000000,Source: gse20194,0.913043,0.817460,0.926808
GPR18,0.000000,0.000000,Source: gse20194,0.913043,0.817460,0.926808
MRPL33,0.000000,0.000000,Source: gse20194,0.913043,0.817460,0.926808
DEFA6,0.000000,0.000000,Source: gse20194,0.913043,0.817460,0.926808
ARHGAP5,0.000000,0.000000,Source: gse20194,0.913043,0.817460,0.926808
LAD1,0.000000,0.000000,Source: gse20194,0.913043,0.817460,0.926808
NDUFS6,0.000000,0.000000,Source: gse20194,0.913043,0.817460,0.926808
RNF113A,0.000000,0.000000,Source: gse20194,0.913043,0.817460,0.926808
LRRC14,0.000000,0.000000,Source: gse20194,0.913043,0.817460,0.926808
VPS33B,0.000000,0.000000,Source: gse20194,0.913043,0.817460,0.926808
PRKAR2B,0.000000,0.000000,Source: gse20194,0.913043,0.817460,0.926808
SPC25,0.000000,0.000000,Source: gse20194,0.913043,0.817460,0.926808
WBP11,0.000000,0.000000,Source: gse20194,0.913043,0.817460,0.926808
CADPS,0.000000,0.000000,Source: gse20194,0.913043,0.817460,0.926808
ZNF281,0.000000,0.000000,Source: gse20194,0.913043,0.817460,0.926808
CDH19,0.000000,0.000000,Source: gse20194,0.913043,0.817460,0.926808
ZNF365,0.000000,0.000000,Source: gse20194,0.913043,0.817460,0.926808
THOP1,0.000000,0.000000,Source: gse20194,0.913043,0.817460,0.926808
HTR4,0.000000,0.000000,Source: gse20194,0.913043,0.817460,0.926808
DACH1,0.000000,0.000000,Source: gse20194,0.913043,0.817460,0.926808
PPM1B,0.000000,0.000000,Source: gse20194,0.913043,0.817460,0.926808
INE1,0.000000,0.000000,Source: gse20194,0.913043,0.817460,0.926808
HTATSF1,0.000000,0.000000,Source: gse20194,0.913043,0.817460,0.926808
ARHGEF1,0.000000,0.000000,Source: gse20194,0.913043,0.817460,0.926808
ANXA11,0.000000,0.000000,Source: gse20194,0.913043,0.817460,0.926808
GRPR,0.000000,0.000000,Source: gse20194,0.913043,0.817460,0.926808
TCF7L1,0.000000,0.000000,Source: gse20194,0.913043,0.817460,0.926808
SLC35D2,0.000000,0.000000,Source: gse20194,0.913043,0.817460,0.926808
ALLC,0.000000,0.000000,Source: gse20194,0.913043,0.817460,0.926808
ARHGAP33,0.000000,0.000000,Source: gse20194,0.913043,0.817460,0.926808
GPRC5C,0.000000,0.000000,Source: gse20194,0.913043,0.817460,0.926808
DST,0.000000,0.000000,Source: gse20194,0.913043,0.817460,0.926808
PTPN6,0.000000,0.000000,Source: gse20194,0.913043,0.817460,0.926808
GRAMD4,0.000000,0.000000,Source: gse20194,0.913043,0.817460,0.926808
MAP1A,0.000000,0.000000,Source: gse20194,0.913043,0.817460,0.926808
FAM76A,0.000000,0.000000,Source: gse20194,0.913043,0.817460,0.926808
UBL3,0.000000,0.000000,Source: gse20194,0.913043,0.817460,0.926808
EFNA2,0.000000,0.000000,Source: gse20194,0.913043,0.817460,0.926808
NPM3,0.000000,0.000000,Source: gse20194,0.913043,0.817460,0.926808
PFDN2,0.000000,0.000000,Source: gse20194,0.913043,0.817460,0.926808
JAG1,0.000000,0.000000,Source: gse20194,0.913043,0.817460,0.926808
FCN3,0.000000,0.000000,Source: gse20194,0.913043,0.817460,0.926808
SERPINB1,0.000000,0.000000,Source: gse20194,0.913043,0.817460,0.926808
EFNA3,0.000000,0.000000,Source: gse20194,0.913043,0.817460,0.926808
FANCI,0.000000,0.000000,Source: gse20194,0.913043,0.817460,0.926808
BEND5,0.000000,0.000000,Source: gse20194,0.913043,0.817460,0.926808
FAM114A2,0.000000,0.000000,Source: gse20194,0.913043,0.817460,0.926808
PSMC5,0.000000,0.000000,Source: gse20194,0.913043,0.817460,0.926808
CALM3,0.000000,0.000000,Source: gse20194,0.913043,0.817460,0.926808
TRPC5,0.000000,0.000000,Source: gse20194,0.913043,0.817460,0.926808
DHX15,0.000000,0.000000,Source: gse20194,0.913043,0.817460,0.926808
SLC34A2,0.000000,0.000000,Source: gse20194,0.913043,0.817460,0.926808
ZFP2,0.000000,0.000000,Source: gse20194,0.913043,0.817460,0.926808
SSX1,0.000000,0.000000,Source: gse20194,0.913043,0.817460,0.926808
UBE2M,0.000000,0.000000,Source: gse20194,0.913043,0.817460,0.926808
ANP32B,0.000000,0.000000,Source: gse20194,0.913043,0.817460,0.926808
RAI14,0.000000,0.000000,Source: gse20194,0.913043,0.817460,0.926808
SNAPC3,0.000000,0.000000,Source: gse20194,0.913043,0.817460,0.926808
HOPX,0.000000,0.000000,Source: gse20194,0.913043,0.817460,0.926808
EIF3L,0.000000,0.000000,Source: gse20194,0.913043,0.817460,0.926808
CALML3,0.000000,0.000000,Source: gse20194,0.913043,0.817460,0.926808
BANK1,0.000000,0.000000,Source: gse20194,0.913043,0.817460,0.926808
CLDN7,0.000000,0.000000,Source: gse20194,0.913043,0.817460,0.926808
SSRP1,0.000000,0.000000,Source: gse20194,0.913043,0.817460,0.926808
PLXNB3,0.000000,0.000000,Source: gse20194,0.913043,0.817460,0.926808
LPP,0.000000,0.000000,Source: gse20194,0.913043,0.817460,0.926808
GPX5,0.000000,0.000000,Source: gse20194,0.913043,0.817460,0.926808
CYLC1,0.000000,0.000000,Source: gse20194,0.913043,0.817460,0.926808
CRB1,0.000000,0.000000,Source: gse20194,0.913043,0.817460,0.926808
KRIT1,0.000000,0.000000,Source: gse20194,0.913043,0.817460,0.926808
HNRNPL,0.000000,0.000000,Source: gse20194,0.913043,0.817460,0.926808
PIAS2,0.000000,0.000000,Source: gse20194,0.913043,0.817460,0.926808
SLC30A1,0.000000,0.000000,Source: gse20194,0.913043,0.817460,0.926808
MAPK8IP1,0.000000,0.000000,Source: gse20194,0.913043,0.817460,0.926808
PAK1,0.000000,0.000000,Source: gse20194,0.913043,0.817460,0.926808
MBTPS2,0.000000,0.000000,Source: gse20194,0.913043,0.817460,0.926808
DIRAS2,0.000000,0.000000,Source: gse20194,0.913043,0.817460,0.926808
UFM1,0.000000,0.000000,Source: gse20194,0.913043,0.817460,0.926808
LRRC3,0.000000,0.000000,Source: gse20194,0.913043,0.817460,0.926808
LRIT1,0.000000,0.000000,Source: gse20194,0.913043,0.817460,0.926808
STX4,0.000000,0.000000,Source: gse20194,0.913043,0.817460,0.926808
ANKFY1,0.000000,0.000000,Source: gse20194,0.913043,0.817460,0.926808
HERPUD1,0.000000,0.000000,Source: gse20194,0.913043,0.817460,0.926808
NEU3,0.000000,0.000000,Source: gse20194,0.913043,0.817460,0.926808
STX17,0.000000,0.000000,Source: gse20194,0.913043,0.817460,0.926808
CLOCK,0.000000,0.000000,Source: gse20194,0.913043,0.817460,0.926808
EBF2,0.000000,0.000000,Source: gse20194,0.913043,0.817460,0.926808
TP73,0.000000,0.000000,Source: gse20194,0.913043,0.817460,0.926808
BCL2L1,0.000000,0.000000,Source: gse20194,0.913043,0.817460,0.926808
INPP5E,0.000000,0.000000,Source: gse20194,0.913043,0.817460,0.926808
CRIPT,0.000000,0.000000,Source: gse20194,0.913043,0.817460,0.926808
CNTN5,0.000000,0.000000,Source: gse20194,0.913043,0.817460,0.926808
MYH10,0.000000,0.000000,Source: gse20194,0.913043,0.817460,0.926808
MATK,0.000000,0.000000,Source: gse20194,0.913043,0.817460,0.926808
LMBRD1,0.000000,0.000000,Source: gse20194,0.913043,0.817460,0.926808
BTNL3,0.000000,0.000000,Source: gse20194,0.913043,0.817460,0.926808
RSAD2,0.000000,0.000000,Source: gse20194,0.913043,0.817460,0.926808
MRPS18B,0.000000,0.000000,Source: gse20194,0.913043,0.817460,0.926808
CAV2,0.000000,0.000000,Source: gse20194,0.913043,0.817460,0.926808
PRKG1,0.000000,0.000000,Source: gse20194,0.913043,0.817460,0.926808
OSBPL1A,0.000000,0.000000,Source: gse20194,0.913043,0.817460,0.926808
CTDSP2,0.000000,0.000000,Source: gse20194,0.913043,0.817460,0.926808
FUCA1,0.000000,0.000000,Source: gse20194,0.913043,0.817460,0.926808
TTC23,0.000000,0.000000,Source: gse20194,0.913043,0.817460,0.926808
CNNM1,0.000000,0.000000,Source: gse20194,0.913043,0.817460,0.926808
CUEDC1,0.000000,0.000000,Source: gse20194,0.913043,0.817460,0.926808
ADRB1,0.000000,0.000000,Source: gse20194,0.913043,0.817460,0.926808
IFNA6,0.000000,0.000000,Source: gse20194,0.913043,0.817460,0.926808
UNC13B,0.000000,0.000000,Source: gse20194,0.913043,0.817460,0.926808
C3orf18,0.000000,0.000000,Source: gse20194,0.913043,0.817460,0.926808
RIOK3,0.000000,0.000000,Source: gse20194,0.913043,0.817460,0.926808
SERPINC1,0.000000,0.000000,Source: gse20194,0.913043,0.817460,0.926808
SH3BP2,0.000000,0.000000,Source: gse20194,0.913043,0.817460,0.926808
DLL3,0.000000,0.000000,Source: gse20194,0.913043,0.817460,0.926808
NRXN1,0.000000,0.000000,Source: gse20194,0.913043,0.817460,0.926808
LGALSL,0.000000,0.000000,Source: gse20194,0.913043,0.817460,0.926808
SLC22A6,0.000000,0.000000,Source: gse20194,0.913043,0.817460,0.926808
ANXA6,0.000000,0.000000,Source: gse20194,0.913043,0.817460,0.926808
PRDM14,0.000000,0.000000,Source: gse20194,0.913043,0.817460,0.926808
LRRC20,0.000000,0.000000,Source: gse20194,0.913043,0.817460,0.926808
APAF1,0.000000,0.000000,Source: gse20194,0.913043,0.817460,0.926808
DDX6,0.000000,0.000000,Source: gse20194,0.913043,0.817460,0.926808
CIZ1,0.000000,0.000000,Source: gse20194,0.913043,0.817460,0.926808
SLC39A8,0.000000,0.000000,Source: gse20194,0.913043,0.817460,0.926808
VPS28,0.000000,0.000000,Source: gse20194,0.913043,0.817460,0.926808
MAFK,0.000000,0.000000,Source: gse20194,0.913043,0.817460,0.926808
ZNF516,0.000000,0.000000,Source: gse20194,0.913043,0.817460,0.926808
SETD5,0.000000,0.000000,Source: gse20194,0.913043,0.817460,0.926808
CORO1C,0.000000,0.000000,Source: gse20194,0.913043,0.817460,0.926808
NR1H3,0.000000,0.000000,Source: gse20194,0.913043,0.817460,0.926808
PTPRJ,0.000000,0.000000,Source: gse20194,0.913043,0.817460,0.926808
USP1,0.000000,0.000000,Source: gse20194,0.913043,0.817460,0.926808
SOCS7,0.000000,0.000000,Source: gse20194,0.913043,0.817460,0.926808
KCNJ9,0.000000,0.000000,Source: gse20194,0.913043,0.817460,0.926808
LRRC8B,0.000000,0.000000,Source: gse20194,0.913043,0.817460,0.926808
RAP1GAP,0.000000,0.000000,Source: gse20194,0.913043,0.817460,0.926808
ZNF267,0.000000,0.000000,Source: gse20194,0.913043,0.817460,0.926808
MX1,0.000000,0.000000,Source: gse20194,0.913043,0.817460,0.926808
ADA,0.000000,0.000000,Source: gse20194,0.913043,0.817460,0.926808
GLI3,0.000000,0.000000,Source: gse20194,0.913043,0.817460,0.926808
DYNLRB1,0.000000,0.000000,Source: gse20194,0.913043,0.817460,0.926808
SCGB2A1,0.000000,0.000000,Source: gse20194,0.913043,0.817460,0.926808
SMG6,0.000000,0.000000,Source: gse20194,0.913043,0.817460,0.926808
PXMP2,0.000000,0.000000,Source: gse20194,0.913043,0.817460,0.926808
ENPP1,0.000000,0.000000,Source: gse20194,0.913043,0.817460,0.926808
MYCBP2,0.000000,0.000000,Source: gse20194,0.913043,0.817460,0.926808
GAPDH,0.000000,0.000000,Source: gse20194,0.913043,0.817460,0.926808
MZT2B,0.000000,0.000000,Source: gse20194,0.913043,0.817460,0.926808
TTR,0.000000,0.000000,Source: gse20194,0.913043,0.817460,0.926808
RNF32,0.000000,0.000000,Source: gse20194,0.913043,0.817460,0.926808
BRSK2,0.000000,0.000000,Source: gse20194,0.913043,0.817460,0.926808
NEDD4L,0.000000,0.000000,Source: gse20194,0.913043,0.817460,0.926808
RPL35A,0.000000,0.000000,Source: gse20194,0.913043,0.817460,0.926808
SNCB,0.000000,0.000000,Source: gse20194,0.913043,0.817460,0.926808
FHOD3,0.000000,0.000000,Source: gse20194,0.913043,0.817460,0.926808
MKLN1,0.000000,0.000000,Source: gse20194,0.913043,0.817460,0.926808
ATXN3,0.000000,0.000000,Source: gse20194,0.913043,0.817460,0.926808
LIAS,0.000000,0.000000,Source: gse20194,0.913043,0.817460,0.926808
C2orf42,0.000000,0.000000,Source: gse20194,0.913043,0.817460,0.926808
SMG7,0.000000,0.000000,Source: gse20194,0.913043,0.817460,0.926808
MPHOSPH10,0.000000,0.000000,Source: gse20194,0.913043,0.817460,0.926808
PYGL,0.000000,0.000000,Source: gse20194,0.913043,0.817460,0.926808
SPTBN2,0.000000,0.000000,Source: gse20194,0.913043,0.817460,0.926808
APOE,0.000000,0.000000,Source: gse20194,0.913043,0.817460,0.926808
MAGOH,0.000000,0.000000,Source: gse20194,0.913043,0.817460,0.926808
DYNC1LI2,0.000000,0.000000,Source: gse20194,0.913043,0.817460,0.926808
TRIB1,0.000000,0.000000,Source: gse20194,0.913043,0.817460,0.926808
GDF9,0.000000,0.000000,Source: gse20194,0.913043,0.817460,0.926808
NPVF,0.000000,0.000000,Source: gse20194,0.913043,0.817460,0.926808
SNX27,0.000000,0.000000,Source: gse20194,0.913043,0.817460,0.926808
RPL30,0.000000,0.000000,Source: gse20194,0.913043,0.817460,0.926808
ACSL6,0.000000,0.000000,Source: gse20194,0.913043,0.817460,0.926808
ARFGAP3,0.000000,0.000000,Source: gse20194,0.913043,0.817460,0.926808
ZNF394,0.000000,0.000000,Source: gse20194,0.913043,0.817460,0.926808
DHRS1,0.000000,0.000000,Source: gse20194,0.913043,0.817460,0.926808
IL24,0.000000,0.000000,Source: gse20194,0.913043,0.817460,0.926808
LMO1,0.000000,0.000000,Source: gse20194,0.913043,0.817460,0.926808
QSOX1,0.000000,0.000000,Source: gse20194,0.913043,0.817460,0.926808
SOCS5,0.000000,0.000000,Source: gse20194,0.913043,0.817460,0.926808
PIP,0.000000,0.000000,Source: gse20194,0.913043,0.817460,0.926808
TGFBI,0.000000,0.000000,Source: gse20194,0.913043,0.817460,0.926808
ZNF248,0.000000,0.000000,Source: gse20194,0.913043,0.817460,0.926808
CACNA2D3,0.000000,0.000000,Source: gse20194,0.913043,0.817460,0.926808
QSER1,0.000000,0.000000,Source: gse20194,0.913043,0.817460,0.926808
ANKRD27,0.000000,0.000000,Source: gse20194,0.913043,0.817460,0.926808
ZCCHC4,0.000000,0.000000,Source: gse20194,0.913043,0.817460,0.926808
RIC8B,0.000000,0.000000,Source: gse20194,0.913043,0.817460,0.926808
TDRKH,0.000000,0.000000,Source: gse20194,0.913043,0.817460,0.926808
GABRG3,0.000000,0.000000,Source: gse20194,0.913043,0.817460,0.926808
ATP6V0B,0.000000,0.000000,Source: gse20194,0.913043,0.817460,0.926808
FOXO3,0.000000,0.000000,Source: gse20194,0.913043,0.817460,0.926808
SUMO2,0.000000,0.000000,Source: gse20194,0.913043,0.817460,0.926808
DKFZP586I1420,0.000000,0.000000,Source: gse20194,0.913043,0.817460,0.926808
CHST1,0.000000,0.000000,Source: gse20194,0.913043,0.817460,0.926808
SIRPG,0.000000,0.000000,Source: gse20194,0.913043,0.817460,0.926808
TM4SF5,0.000000,0.000000,Source: gse20194,0.913043,0.817460,0.926808
GATC,0.000000,0.000000,Source: gse20194,0.913043,0.817460,0.926808
PKD1,0.000000,0.000000,Source: gse20194,0.913043,0.817460,0.926808
CXCL3,0.000000,0.000000,Source: gse20194,0.913043,0.817460,0.926808
MLX,0.000000,0.000000,Source: gse20194,0.913043,0.817460,0.926808
UAP1L1,0.000000,0.000000,Source: gse20194,0.913043,0.817460,0.926808
ARFRP1,0.000000,0.000000,Source: gse20194,0.913043,0.817460,0.926808
TAF10,0.000000,0.000000,Source: gse20194,0.913043,0.817460,0.926808
KRT33B,0.000000,0.000000,Source: gse20194,0.913043,0.817460,0.926808
CRYGD,0.000000,0.000000,Source: gse20194,0.913043,0.817460,0.926808
NF2,0.000000,0.000000,Source: gse20194,0.913043,0.817460,0.926808
MOAP1,0.000000,0.000000,Source: gse20194,0.913043,0.817460,0.926808
PDCD5,0.000000,0.000000,Source: gse20194,0.913043,0.817460,0.926808
VAV3,0.000000,0.000000,Source: gse20194,0.913043,0.817460,0.926808
WNK1,0.000000,0.000000,Source: gse20194,0.913043,0.817460,0.926808
SLC27A6,0.000000,0.000000,Source: gse20194,0.913043,0.817460,0.926808
ASCL1,0.000000,0.000000,Source: gse20194,0.913043,0.817460,0.926808
ADPRH,0.000000,0.000000,Source: gse20194,0.913043,0.817460,0.926808
TNC,0.000000,0.000000,Source: gse20194,0.913043,0.817460,0.926808
LOC728392,0.000000,0.000000,Source: gse20194,0.913043,0.817460,0.926808
NDUFA3,0.000000,0.000000,Source: gse20194,0.913043,0.817460,0.926808
TFAP2C,0.000000,0.000000,Source: gse20194,0.913043,0.817460,0.926808
LY6E,0.000000,0.000000,Source: gse20194,0.913043,0.817460,0.926808
SVIL,0.000000,0.000000,Source: gse20194,0.913043,0.817460,0.926808
GPR182,0.000000,0.000000,Source: gse20194,0.913043,0.817460,0.926808
SLC25A23,0.000000,0.000000,Source: gse20194,0.913043,0.817460,0.926808
CAPRIN2,0.000000,0.000000,Source: gse20194,0.913043,0.817460,0.926808
ZNF318,0.000000,0.000000,Source: gse20194,0.913043,0.817460,0.926808
RPS16,0.000000,0.000000,Source: gse20194,0.913043,0.817460,0.926808
CHRNB2,0.000000,0.000000,Source: gse20194,0.913043,0.817460,0.926808
ACBD4,0.000000,0.000000,Source: gse20194,0.913043,0.817460,0.926808
ETHE1,0.000000,0.000000,Source: gse20194,0.913043,0.817460,0.926808
LUZP4,0.000000,0.000000,Source: gse20194,0.913043,0.817460,0.926808
APRT,0.000000,0.000000,Source: gse20194,0.913043,0.817460,0.926808
POLI,0.000000,0.000000,Source: gse20194,0.913043,0.817460,0.926808
TEC,0.000000,0.000000,Source: gse20194,0.913043,0.817460,0.926808
PDZRN4,0.000000,0.000000,Source: gse20194,0.913043,0.817460,0.926808
IFT122,0.000000,0.000000,Source: gse20194,0.913043,0.817460,0.926808
UBE2Q1,0.000000,0.000000,Source: gse20194,0.913043,0.817460,0.926808
CEP57,0.000000,0.000000,Source: gse20194,0.913043,0.817460,0.926808
HSPBP1,0.000000,0.000000,Source: gse20194,0.913043,0.817460,0.926808
GTF3C2,0.000000,0.000000,Source: gse20194,0.913043,0.817460,0.926808
TNNC1,0.000000,0.000000,Source: gse20194,0.913043,0.817460,0.926808
PROS1,0.000000,0.000000,Source: gse20194,0.913043,0.817460,0.926808
CD2,0.000000,0.000000,Source: gse20194,0.913043,0.817460,0.926808
SLC6A5,0.000000,0.000000,Source: gse20194,0.913043,0.817460,0.926808
GRM6,0.000000,0.000000,Source: gse20194,0.913043,0.817460,0.926808
TNFSF14,0.000000,0.000000,Source: gse20194,0.913043,0.817460,0.926808
RPS6KA2,0.000000,0.000000,Source: gse20194,0.913043,0.817460,0.926808
COL4A6,0.000000,0.000000,Source: gse20194,0.913043,0.817460,0.926808
GNB1,0.000000,0.000000,Source: gse20194,0.913043,0.817460,0.926808
POLR3D,0.000000,0.000000,Source: gse20194,0.913043,0.817460,0.926808
SOD2,0.000000,0.000000,Source: gse20194,0.913043,0.817460,0.926808
TADA2A,0.000000,0.000000,Source: gse20194,0.913043,0.817460,0.926808
TRIM33,0.000000,0.000000,Source: gse20194,0.913043,0.817460,0.926808
GTF2IRD1,0.000000,0.000000,Source: gse20194,0.913043,0.817460,0.926808
PLAGL2,0.000000,0.000000,Source: gse20194,0.913043,0.817460,0.926808
EIF4A2,0.000000,0.000000,Source: gse20194,0.913043,0.817460,0.926808
CDX4,0.000000,0.000000,Source: gse20194,0.913043,0.817460,0.926808
IL13,0.000000,0.000000,Source: gse20194,0.913043,0.817460,0.926808
RB1CC1,0.000000,0.000000,Source: gse20194,0.913043,0.817460,0.926808
SLC7A2,0.000000,0.000000,Source: gse20194,0.913043,0.817460,0.926808
MLXIP,0.000000,0.000000,Source: gse20194,0.913043,0.817460,0.926808
PDCD4,0.000000,0.000000,Source: gse20194,0.913043,0.817460,0.926808
CNIH3,0.000000,0.000000,Source: gse20194,0.913043,0.817460,0.926808
ENO1,0.000000,0.000000,Source: gse20194,0.913043,0.817460,0.926808
ANKRD46,0.000000,0.000000,Source: gse20194,0.913043,0.817460,0.926808
CD69,0.000000,0.000000,Source: gse20194,0.913043,0.817460,0.926808
TRIM14,0.000000,0.000000,Source: gse20194,0.913043,0.817460,0.926808
NKX2-8,0.000000,0.000000,Source: gse20194,0.913043,0.817460,0.926808
SNAPC5,0.000000,0.000000,Source: gse20194,0.913043,0.817460,0.926808
TFAM,0.000000,0.000000,Source: gse20194,0.913043,0.817460,0.926808
LDB3,0.000000,0.000000,Source: gse20194,0.913043,0.817460,0.926808
RAMP3,0.000000,0.000000,Source: gse20194,0.913043,0.817460,0.926808
TJP3,0.000000,0.000000,Source: gse20194,0.913043,0.817460,0.926808
GNG13,0.000000,0.000000,Source: gse20194,0.913043,0.817460,0.926808
CLCN2,0.000000,0.000000,Source: gse20194,0.913043,0.817460,0.926808
MZT2A,0.000000,0.000000,Source: gse20194,0.913043,0.817460,0.926808
PITX2,0.000000,0.000000,Source: gse20194,0.913043,0.817460,0.926808
MCTP2,0.000000,0.000000,Source: gse20194,0.913043,0.817460,0.926808
TET1,0.000000,0.000000,Source: gse20194,0.913043,0.817460,0.926808
SCN9A,0.000000,0.000000,Source: gse20194,0.913043,0.817460,0.926808
TBC1D17,0.000000,0.000000,Source: gse20194,0.913043,0.817460,0.926808
COPS6,0.000000,0.000000,Source: gse20194,0.913043,0.817460,0.926808
THSD7A,0.000000,0.000000,Source: gse20194,0.913043,0.817460,0.926808
LSM14A,0.000000,0.000000,Source: gse20194,0.913043,0.817460,0.926808
NLGN4X,0.000000,0.000000,Source: gse20194,0.913043,0.817460,0.926808
PHIP,0.000000,0.000000,Source: gse20194,0.913043,0.817460,0.926808
TALDO1,0.000000,0.000000,Source: gse20194,0.913043,0.817460,0.926808
DDIT3,0.000000,0.000000,Source: gse20194,0.913043,0.817460,0.926808
CSPG4,0.000000,0.000000,Source: gse20194,0.913043,0.817460,0.926808
GNG5,0.000000,0.000000,Source: gse20194,0.913043,0.817460,0.926808
PGS1,0.000000,0.000000,Source: gse20194,0.913043,0.817460,0.926808
IQGAP2,0.000000,0.000000,Source: gse20194,0.913043,0.817460,0.926808
CARD8,0.000000,0.000000,Source: gse20194,0.913043,0.817460,0.926808
ZNF44,0.000000,0.000000,Source: gse20194,0.913043,0.817460,0.926808
MAP7D3,0.000000,0.000000,Source: gse20194,0.913043,0.817460,0.926808
ARID4A,0.000000,0.000000,Source: gse20194,0.913043,0.817460,0.926808
PON1,0.000000,0.000000,Source: gse20194,0.913043,0.817460,0.926808
TNPO3,0.000000,0.000000,Source: gse20194,0.913043,0.817460,0.926808
DAXX,0.000000,0.000000,Source: gse20194,0.913043,0.817460,0.926808
TBC1D4,0.000000,0.000000,Source: gse20194,0.913043,0.817460,0.926808
UBFD1,0.000000,0.000000,Source: gse20194,0.913043,0.817460,0.926808
CD46,0.000000,0.000000,Source: gse20194,0.913043,0.817460,0.926808
RBM25,0.000000,0.000000,Source: gse20194,0.913043,0.817460,0.926808
UBR5,0.000000,0.000000,Source: gse20194,0.913043,0.817460,0.926808
LSM4,0.000000,0.000000,Source: gse20194,0.913043,0.817460,0.926808
CDADC1,0.000000,0.000000,Source: gse20194,0.913043,0.817460,0.926808
PYGB,0.000000,0.000000,Source: gse20194,0.913043,0.817460,0.926808
ZNF442,0.000000,0.000000,Source: gse20194,0.913043,0.817460,0.926808
RARB,0.000000,0.000000,Source: gse20194,0.913043,0.817460,0.926808
COPS2,0.000000,0.000000,Source: gse20194,0.913043,0.817460,0.926808
UBA52,0.000000,0.000000,Source: gse20194,0.913043,0.817460,0.926808
KLHL7,0.000000,0.000000,Source: gse20194,0.913043,0.817460,0.926808
GAS2L1,0.000000,0.000000,Source: gse20194,0.913043,0.817460,0.926808
RPP38,0.000000,0.000000,Source: gse20194,0.913043,0.817460,0.926808
DRG1,0.000000,0.000000,Source: gse20194,0.913043,0.817460,0.926808
HILPDA,0.000000,0.000000,Source: gse20194,0.913043,0.817460,0.926808
NDUFAF4,0.000000,0.000000,Source: gse20194,0.913043,0.817460,0.926808
RBMX2,0.000000,0.000000,Source: gse20194,0.913043,0.817460,0.926808
CCHCR1,0.000000,0.000000,Source: gse20194,0.913043,0.817460,0.926808
RFPL3,0.000000,0.000000,Source: gse20194,0.913043,0.817460,0.926808
KLF8,0.000000,0.000000,Source: gse20194,0.913043,0.817460,0.926808
SUZ12,0.000000,0.000000,Source: gse20194,0.913043,0.817460,0.926808
IL26,0.000000,0.000000,Source: gse20194,0.913043,0.817460,0.926808
EPN1,0.000000,0.000000,Source: gse20194,0.913043,0.817460,0.926808
KCNK3,0.000000,0.000000,Source: gse20194,0.913043,0.817460,0.926808
BRCA1,0.000000,0.000000,Source: gse20194,0.913043,0.817460,0.926808
PIK3C3,0.000000,0.000000,Source: gse20194,0.913043,0.817460,0.926808
HK1,0.000000,0.000000,Source: gse20194,0.913043,0.817460,0.926808
GPR63,0.000000,0.000000,Source: gse20194,0.913043,0.817460,0.926808
PDHX,0.000000,0.000000,Source: gse20194,0.913043,0.817460,0.926808
ZNF573,0.000000,0.000000,Source: gse20194,0.913043,0.817460,0.926808
PCDHA9,0.000000,0.000000,Source: gse20194,0.913043,0.817460,0.926808
XPO6,0.000000,0.000000,Source: gse20194,0.913043,0.817460,0.926808
RAD23A,0.000000,0.000000,Source: gse20194,0.913043,0.817460,0.926808
LYRM1,0.000000,0.000000,Source: gse20194,0.913043,0.817460,0.926808
LATS1,0.000000,0.000000,Source: gse20194,0.913043,0.817460,0.926808
FAM32A,0.000000,0.000000,Source: gse20194,0.913043,0.817460,0.926808
FSTL3,0.000000,0.000000,Source: gse20194,0.913043,0.817460,0.926808
OSBP2,0.000000,0.000000,Source: gse20194,0.913043,0.817460,0.926808
CPSF7,0.000000,0.000000,Source: gse20194,0.913043,0.817460,0.926808
WNT8B,0.000000,0.000000,Source: gse20194,0.913043,0.817460,0.926808
TEX13A,0.000000,0.000000,Source: gse20194,0.913043,0.817460,0.926808
PHF20,0.000000,0.000000,Source: gse20194,0.913043,0.817460,0.926808
ADRA2B,0.000000,0.000000,Source: gse20194,0.913043,0.817460,0.926808
NTAN1,0.000000,0.000000,Source: gse20194,0.913043,0.817460,0.926808
MFAP2,0.000000,0.000000,Source: gse20194,0.913043,0.817460,0.926808
TRA2A,0.000000,0.000000,Source: gse20194,0.913043,0.817460,0.926808
RYR2,0.000000,0.000000,Source: gse20194,0.913043,0.817460,0.926808
ABCE1,0.000000,0.000000,Source: gse20194,0.913043,0.817460,0.926808
UPF3A,0.000000,0.000000,Source: gse20194,0.913043,0.817460,0.926808
ECH1,0.000000,0.000000,Source: gse20194,0.913043,0.817460,0.926808
TCL1B,0.000000,0.000000,Source: gse20194,0.913043,0.817460,0.926808
ILF2,0.000000,0.000000,Source: gse20194,0.913043,0.817460,0.926808
R3HDM2,0.000000,0.000000,Source: gse20194,0.913043,0.817460,0.926808
DRD4,0.000000,0.000000,Source: gse20194,0.913043,0.817460,0.926808
NOP16,0.000000,0.000000,Source: gse20194,0.913043,0.817460,0.926808
CALM1,0.000000,0.000000,Source: gse20194,0.913043,0.817460,0.926808
POU3F1,0.000000,0.000000,Source: gse20194,0.913043,0.817460,0.926808
PRODH2,0.000000,0.000000,Source: gse20194,0.913043,0.817460,0.926808
EPHB4,0.000000,0.000000,Source: gse20194,0.913043,0.817460,0.926808
RNF6,0.000000,0.000000,Source: gse20194,0.913043,0.817460,0.926808
TLE1,0.000000,0.000000,Source: gse20194,0.913043,0.817460,0.926808
HIVEP2,0.000000,0.000000,Source: gse20194,0.913043,0.817460,0.926808
PSMA1,0.000000,0.000000,Source: gse20194,0.913043,0.817460,0.926808
GP5,0.000000,0.000000,Source: gse20194,0.913043,0.817460,0.926808
ZNF93,0.000000,0.000000,Source: gse20194,0.913043,0.817460,0.926808
BEAN1,0.000000,0.000000,Source: gse20194,0.913043,0.817460,0.926808
MRPL40,0.000000,0.000000,Source: gse20194,0.913043,0.817460,0.926808
PNO1,0.000000,0.000000,Source: gse20194,0.913043,0.817460,0.926808
EXOSC7,0.000000,0.000000,Source: gse20194,0.913043,0.817460,0.926808
RMND5A,0.000000,0.000000,Source: gse20194,0.913043,0.817460,0.926808
POLH,0.000000,0.000000,Source: gse20194,0.913043,0.817460,0.926808
RASA2,0.000000,0.000000,Source: gse20194,0.913043,0.817460,0.926808
OR2W1,0.000000,0.000000,Source: gse20194,0.913043,0.817460,0.926808
COPS8,0.000000,0.000000,Source: gse20194,0.913043,0.817460,0.926808
MX2,0.000000,0.000000,Source: gse20194,0.913043,0.817460,0.926808
ORM1,0.000000,0.000000,Source: gse20194,0.913043,0.817460,0.926808
CREB1,0.000000,0.000000,Source: gse20194,0.913043,0.817460,0.926808
TOR3A,0.000000,0.000000,Source: gse20194,0.913043,0.817460,0.926808
BCL6,0.000000,0.000000,Source: gse20194,0.913043,0.817460,0.926808
SIGLEC9,0.000000,0.000000,Source: gse20194,0.913043,0.817460,0.926808
SNX10,0.000000,0.000000,Source: gse20194,0.913043,0.817460,0.926808
IL1RAP,0.000000,0.000000,Source: gse20194,0.913043,0.817460,0.926808
YIPF6,0.000000,0.000000,Source: gse20194,0.913043,0.817460,0.926808
RNF25,0.000000,0.000000,Source: gse20194,0.913043,0.817460,0.926808
MGAT5,0.000000,0.000000,Source: gse20194,0.913043,0.817460,0.926808
HOXC6,0.000000,0.000000,Source: gse20194,0.913043,0.817460,0.926808
MTFR1,0.000000,0.000000,Source: gse20194,0.913043,0.817460,0.926808
KCNJ5,0.000000,0.000000,Source: gse20194,0.913043,0.817460,0.926808
GJB5,0.000000,0.000000,Source: gse20194,0.913043,0.817460,0.926808
PRPF19,0.000000,0.000000,Source: gse20194,0.913043,0.817460,0.926808
ABCA1,0.000000,0.000000,Source: gse20194,0.913043,0.817460,0.926808
ENO3,0.000000,0.000000,Source: gse20194,0.913043,0.817460,0.926808
RCOR1,0.000000,0.000000,Source: gse20194,0.913043,0.817460,0.926808
GLB1,0.000000,0.000000,Source: gse20194,0.913043,0.817460,0.926808
INSM1,0.000000,0.000000,Source: gse20194,0.913043,0.817460,0.926808
KIF3B,0.000000,0.000000,Source: gse20194,0.913043,0.817460,0.926808
NREP,0.000000,0.000000,Source: gse20194,0.913043,0.817460,0.926808
IDE,0.000000,0.000000,Source: gse20194,0.913043,0.817460,0.926808
ATF3,0.000000,0.000000,Source: gse20194,0.913043,0.817460,0.926808
LY6G6E,0.000000,0.000000,Source: gse20194,0.913043,0.817460,0.926808
PCP4,0.000000,0.000000,Source: gse20194,0.913043,0.817460,0.926808
UBE2V2,0.000000,0.000000,Source: gse20194,0.913043,0.817460,0.926808
PCK1,0.000000,0.000000,Source: gse20194,0.913043,0.817460,0.926808
DALRD3,0.000000,0.000000,Source: gse20194,0.913043,0.817460,0.926808
DYNC1I1,0.000000,0.000000,Source: gse20194,0.913043,0.817460,0.926808
PHF21A,0.000000,0.000000,Source: gse20194,0.913043,0.817460,0.926808
CDC42BPB,0.000000,0.000000,Source: gse20194,0.913043,0.817460,0.926808
SHC3,0.000000,0.000000,Source: gse20194,0.913043,0.817460,0.926808
TMBIM1,0.000000,0.000000,Source: gse20194,0.913043,0.817460,0.926808
VPS45,0.000000,0.000000,Source: gse20194,0.913043,0.817460,0.926808
PPP4R2,0.000000,0.000000,Source: gse20194,0.913043,0.817460,0.926808
PSMD11,0.000000,0.000000,Source: gse20194,0.913043,0.817460,0.926808
CRK,0.000000,0.000000,Source: gse20194,0.913043,0.817460,0.926808
GREB1,0.000000,0.000000,Source: gse20194,0.913043,0.817460,0.926808
EIF1B,0.000000,0.000000,Source: gse20194,0.913043,0.817460,0.926808
PRSS50,0.000000,0.000000,Source: gse20194,0.913043,0.817460,0.926808
KLF15,0.000000,0.000000,Source: gse20194,0.913043,0.817460,0.926808
CD55,0.000000,0.000000,Source: gse20194,0.913043,0.817460,0.926808
PSG9,0.000000,0.000000,Source: gse20194,0.913043,0.817460,0.926808
RORC,0.000000,0.000000,Source: gse20194,0.913043,0.817460,0.926808
FOLR1,0.000000,0.000000,Source: gse20194,0.913043,0.817460,0.926808
NID2,0.000000,0.000000,Source: gse20194,0.913043,0.817460,0.926808
SPG7,0.000000,0.000000,Source: gse20194,0.913043,0.817460,0.926808
MAPK6,0.000000,0.000000,Source: gse20194,0.913043,0.817460,0.926808
DHRS12,0.000000,0.000000,Source: gse20194,0.913043,0.817460,0.926808
OR7C1,0.000000,0.000000,Source: gse20194,0.913043,0.817460,0.926808
P2RY14,0.000000,0.000000,Source: gse20194,0.913043,0.817460,0.926808
HMGN4,0.000000,0.000000,Source: gse20194,0.913043,0.817460,0.926808
ZSCAN12,0.000000,0.000000,Source: gse20194,0.913043,0.817460,0.926808
TAPBP,0.000000,0.000000,Source: gse20194,0.913043,0.817460,0.926808
GTPBP4,0.000000,0.000000,Source: gse20194,0.913043,0.817460,0.926808
DNAH6,0.000000,0.000000,Source: gse20194,0.913043,0.817460,0.926808
RGS12,0.000000,0.000000,Source: gse20194,0.913043,0.817460,0.926808
GREM1,0.000000,0.000000,Source: gse20194,0.913043,0.817460,0.926808
CBX7,0.000000,0.000000,Source: gse20194,0.913043,0.817460,0.926808
PADI1,0.000000,0.000000,Source: gse20194,0.913043,0.817460,0.926808
RBX1,0.000000,0.000000,Source: gse20194,0.913043,0.817460,0.926808
STAB1,0.000000,0.000000,Source: gse20194,0.913043,0.817460,0.926808
TACR1,0.000000,0.000000,Source: gse20194,0.913043,0.817460,0.926808
SAV1,0.000000,0.000000,Source: gse20194,0.913043,0.817460,0.926808
TAF5,0.000000,0.000000,Source: gse20194,0.913043,0.817460,0.926808
FEZF2,0.000000,0.000000,Source: gse20194,0.913043,0.817460,0.926808
FUBP1,0.000000,0.000000,Source: gse20194,0.913043,0.817460,0.926808
SHPK,0.000000,0.000000,Source: gse20194,0.913043,0.817460,0.926808
CX3CL1,0.000000,0.000000,Source: gse20194,0.913043,0.817460,0.926808
DPYSL2,0.000000,0.000000,Source: gse20194,0.913043,0.817460,0.926808
MMP2,0.000000,0.000000,Source: gse20194,0.913043,0.817460,0.926808
GATA3,0.000000,0.000000,Source: gse20194,0.913043,0.817460,0.926808
PKDREJ,0.000000,0.000000,Source: gse20194,0.913043,0.817460,0.926808
ABCD4,0.000000,0.000000,Source: gse20194,0.913043,0.817460,0.926808
AGTR2,0.000000,0.000000,Source: gse20194,0.913043,0.817460,0.926808
POLA1,0.000000,0.000000,Source: gse20194,0.913043,0.817460,0.926808
ATP10B,0.000000,0.000000,Source: gse20194,0.913043,0.817460,0.926808
BST1,0.000000,0.000000,Source: gse20194,0.913043,0.817460,0.926808
OR10C1,0.000000,0.000000,Source: gse20194,0.913043,0.817460,0.926808
CAV3,0.000000,0.000000,Source: gse20194,0.913043,0.817460,0.926808
HIGD2A,0.000000,0.000000,Source: gse20194,0.913043,0.817460,0.926808
PLD2,0.000000,0.000000,Source: gse20194,0.913043,0.817460,0.926808
MEP1A,0.000000,0.000000,Source: gse20194,0.913043,0.817460,0.926808
NEDD9,0.000000,0.000000,Source: gse20194,0.913043,0.817460,0.926808
GTF2F1,0.000000,0.000000,Source: gse20194,0.913043,0.817460,0.926808
SECISBP2,0.000000,0.000000,Source: gse20194,0.913043,0.817460,0.926808
VPS8,0.000000,0.000000,Source: gse20194,0.913043,0.817460,0.926808
BMP1,0.000000,0.000000,Source: gse20194,0.913043,0.817460,0.926808
EMP2,0.000000,0.000000,Source: gse20194,0.913043,0.817460,0.926808
ZNF749,0.000000,0.000000,Source: gse20194,0.913043,0.817460,0.926808
SNX29,0.000000,0.000000,Source: gse20194,0.913043,0.817460,0.926808
FAR2,0.000000,0.000000,Source: gse20194,0.913043,0.817460,0.926808
COL5A3,0.000000,0.000000,Source: gse20194,0.913043,0.817460,0.926808
RABL3,0.000000,0.000000,Source: gse20194,0.913043,0.817460,0.926808
SLAMF8,0.000000,0.000000,Source: gse20194,0.913043,0.817460,0.926808
SLC2A4RG,0.000000,0.000000,Source: gse20194,0.913043,0.817460,0.926808
SERINC5,0.000000,0.000000,Source: gse20194,0.913043,0.817460,0.926808
CEBPE,0.000000,0.000000,Source: gse20194,0.913043,0.817460,0.926808
PPP1R3C,0.000000,0.000000,Source: gse20194,0.913043,0.817460,0.926808
C19orf73,0.000000,0.000000,Source: gse20194,0.913043,0.817460,0.926808
PRG4,0.000000,0.000000,Source: gse20194,0.913043,0.817460,0.926808
ZNF253,0.000000,0.000000,Source: gse20194,0.913043,0.817460,0.926808
ZC4H2,0.000000,0.000000,Source: gse20194,0.913043,0.817460,0.926808
GPR21,0.000000,0.000000,Source: gse20194,0.913043,0.817460,0.926808
TOR1B,0.000000,0.000000,Source: gse20194,0.913043,0.817460,0.926808
ANKRD49,0.000000,0.000000,Source: gse20194,0.913043,0.817460,0.926808
DOK1,0.000000,0.000000,Source: gse20194,0.913043,0.817460,0.926808
RND2,0.000000,0.000000,Source: gse20194,0.913043,0.817460,0.926808
COIL,0.000000,0.000000,Source: gse20194,0.913043,0.817460,0.926808
SLCO4C1,0.000000,0.000000,Source: gse20194,0.913043,0.817460,0.926808
APLP1,0.000000,0.000000,Source: gse20194,0.913043,0.817460,0.926808
MED13,0.000000,0.000000,Source: gse20194,0.913043,0.817460,0.926808
FOXL2,0.000000,0.000000,Source: gse20194,0.913043,0.817460,0.926808
DDX5,0.000000,0.000000,Source: gse20194,0.913043,0.817460,0.926808
SCIN,0.000000,0.000000,Source: gse20194,0.913043,0.817460,0.926808
MFHAS1,0.000000,0.000000,Source: gse20194,0.913043,0.817460,0.926808
SEH1L,0.000000,0.000000,Source: gse20194,0.913043,0.817460,0.926808
TBC1D15,0.000000,0.000000,Source: gse20194,0.913043,0.817460,0.926808
CAPN5,0.000000,0.000000,Source: gse20194,0.913043,0.817460,0.926808
VSTM4,0.000000,0.000000,Source: gse20194,0.913043,0.817460,0.926808
AQP4,0.000000,0.000000,Source: gse20194,0.913043,0.817460,0.926808
GIP,0.000000,0.000000,Source: gse20194,0.913043,0.817460,0.926808
RPS23,0.000000,0.000000,Source: gse20194,0.913043,0.817460,0.926808
CDC42EP4,0.000000,0.000000,Source: gse20194,0.913043,0.817460,0.926808
CETP,0.000000,0.000000,Source: gse20194,0.913043,0.817460,0.926808
BAIAP2,0.000000,0.000000,Source: gse20194,0.913043,0.817460,0.926808
OFD1,0.000000,0.000000,Source: gse20194,0.913043,0.817460,0.926808
PVALB,0.000000,0.000000,Source: gse20194,0.913043,0.817460,0.926808
FGD6,0.000000,0.000000,Source: gse20194,0.913043,0.817460,0.926808
TRMU,0.000000,0.000000,Source: gse20194,0.913043,0.817460,0.926808
USE1,0.000000,0.000000,Source: gse20194,0.913043,0.817460,0.926808
PGRMC1,0.000000,0.000000,Source: gse20194,0.913043,0.817460,0.926808
PRDM10,0.000000,0.000000,Source: gse20194,0.913043,0.817460,0.926808
SNRNP27,0.000000,0.000000,Source: gse20194,0.913043,0.817460,0.926808
SERPINB13,0.000000,0.000000,Source: gse20194,0.913043,0.817460,0.926808
EPYC,0.000000,0.000000,Source: gse20194,0.913043,0.817460,0.926808
KRAS,0.000000,0.000000,Source: gse20194,0.913043,0.817460,0.926808
PRKY,0.000000,0.000000,Source: gse20194,0.913043,0.817460,0.926808
TICAM1,0.000000,0.000000,Source: gse20194,0.913043,0.817460,0.926808
MICALL1,0.000000,0.000000,Source: gse20194,0.913043,0.817460,0.926808
METAP2,0.000000,0.000000,Source: gse20194,0.913043,0.817460,0.926808
CRYBA2,0.000000,0.000000,Source: gse20194,0.913043,0.817460,0.926808
RNF115,0.000000,0.000000,Source: gse20194,0.913043,0.817460,0.926808
SGTA,0.000000,0.000000,Source: gse20194,0.913043,0.817460,0.926808
ASB8,0.000000,0.000000,Source: gse20194,0.913043,0.817460,0.926808
NFAT5,0.000000,0.000000,Source: gse20194,0.913043,0.817460,0.926808
AGR2,0.000000,0.000000,Source: gse20194,0.913043,0.817460,0.926808
TLK1,0.000000,0.000000,Source: gse20194,0.913043,0.817460,0.926808
CTSS,0.000000,0.000000,Source: gse20194,0.913043,0.817460,0.926808
MBD4,0.000000,0.000000,Source: gse20194,0.913043,0.817460,0.926808
SSB,0.000000,0.000000,Source: gse20194,0.913043,0.817460,0.926808
RFC2,0.000000,0.000000,Source: gse20194,0.913043,0.817460,0.926808
UBXN8,0.000000,0.000000,Source: gse20194,0.913043,0.817460,0.926808
WNT11,0.000000,0.000000,Source: gse20194,0.913043,0.817460,0.926808
SLC25A14,0.000000,0.000000,Source: gse20194,0.913043,0.817460,0.926808
ARMC7,0.000000,0.000000,Source: gse20194,0.913043,0.817460,0.926808
HOXB2,0.000000,0.000000,Source: gse20194,0.913043,0.817460,0.926808
ILVBL,0.000000,0.000000,Source: gse20194,0.913043,0.817460,0.926808
SLTM,0.000000,0.000000,Source: gse20194,0.913043,0.817460,0.926808
AGL,0.000000,0.000000,Source: gse20194,0.913043,0.817460,0.926808
MYL3,0.000000,0.000000,Source: gse20194,0.913043,0.817460,0.926808
SLC5A12,0.000000,0.000000,Source: gse20194,0.913043,0.817460,0.926808
COLEC11,0.000000,0.000000,Source: gse20194,0.913043,0.817460,0.926808
GPR4,0.000000,0.000000,Source: gse20194,0.913043,0.817460,0.926808
TPM1,0.000000,0.000000,Source: gse20194,0.913043,0.817460,0.926808
UBE2D3,0.000000,0.000000,Source: gse20194,0.913043,0.817460,0.926808
RECQL5,0.000000,0.000000,Source: gse20194,0.913043,0.817460,0.926808
WDR26,0.000000,0.000000,Source: gse20194,0.913043,0.817460,0.926808
ABL1,0.000000,0.000000,Source: gse20194,0.913043,0.817460,0.926808
BRD1,0.000000,0.000000,Source: gse20194,0.913043,0.817460,0.926808
FKTN,0.000000,0.000000,Source: gse20194,0.913043,0.817460,0.926808
HSP90B1,0.000000,0.000000,Source: gse20194,0.913043,0.817460,0.926808
SLC16A8,0.000000,0.000000,Source: gse20194,0.913043,0.817460,0.926808
GCNT3,0.000000,0.000000,Source: gse20194,0.913043,0.817460,0.926808
STX1A,0.000000,0.000000,Source: gse20194,0.913043,0.817460,0.926808
AURKAIP1,0.000000,0.000000,Source: gse20194,0.913043,0.817460,0.926808
GCLM,0.000000,0.000000,Source: gse20194,0.913043,0.817460,0.926808
KDELR3,0.000000,0.000000,Source: gse20194,0.913043,0.817460,0.926808
BAG4,0.000000,0.000000,Source: gse20194,0.913043,0.817460,0.926808
RAB31,0.000000,0.000000,Source: gse20194,0.913043,0.817460,0.926808
HDAC6,0.000000,0.000000,Source: gse20194,0.913043,0.817460,0.926808
DGKE,0.000000,0.000000,Source: gse20194,0.913043,0.817460,0.926808
THBD,0.000000,0.000000,Source: gse20194,0.913043,0.817460,0.926808
MYNN,0.000000,0.000000,Source: gse20194,0.913043,0.817460,0.926808
ASCC3,0.000000,0.000000,Source: gse20194,0.913043,0.817460,0.926808
NR2F6,0.000000,0.000000,Source: gse20194,0.913043,0.817460,0.926808
DSC3,0.000000,0.000000,Source: gse20194,0.913043,0.817460,0.926808
ATP12A,0.000000,0.000000,Source: gse20194,0.913043,0.817460,0.926808
SLITRK5,0.000000,0.000000,Source: gse20194,0.913043,0.817460,0.926808
OMD,0.000000,0.000000,Source: gse20194,0.913043,0.817460,0.926808
SNAPC4,0.000000,0.000000,Source: gse20194,0.913043,0.817460,0.926808
TLR8,0.000000,0.000000,Source: gse20194,0.913043,0.817460,0.926808
THBS3,0.000000,0.000000,Source: gse20194,0.913043,0.817460,0.926808
SLC31A1,0.000000,0.000000,Source: gse20194,0.913043,0.817460,0.926808
RNASE2,0.000000,0.000000,Source: gse20194,0.913043,0.817460,0.926808
ESPL1,0.000000,0.000000,Source: gse20194,0.913043,0.817460,0.926808
KCND2,0.000000,0.000000,Source: gse20194,0.913043,0.817460,0.926808
DCLRE1B,0.000000,0.000000,Source: gse20194,0.913043,0.817460,0.926808
IKBKB,0.000000,0.000000,Source: gse20194,0.913043,0.817460,0.926808
CPSF4,0.000000,0.000000,Source: gse20194,0.913043,0.817460,0.926808
URI1,0.000000,0.000000,Source: gse20194,0.913043,0.817460,0.926808
TCEA2,0.000000,0.000000,Source: gse20194,0.913043,0.817460,0.926808
OR10H3,0.000000,0.000000,Source: gse20194,0.913043,0.817460,0.926808
RNASEL,0.000000,0.000000,Source: gse20194,0.913043,0.817460,0.926808
SCML2,0.000000,0.000000,Source: gse20194,0.913043,0.817460,0.926808
ADAM20,0.000000,0.000000,Source: gse20194,0.913043,0.817460,0.926808
SENP6,0.000000,0.000000,Source: gse20194,0.913043,0.817460,0.926808
SERPIND1,0.000000,0.000000,Source: gse20194,0.913043,0.817460,0.926808
ZNF468,0.000000,0.000000,Source: gse20194,0.913043,0.817460,0.926808
LHX6,0.000000,0.000000,Source: gse20194,0.913043,0.817460,0.926808
SUPT6H,0.000000,0.000000,Source: gse20194,0.913043,0.817460,0.926808
DCAF8,0.000000,0.000000,Source: gse20194,0.913043,0.817460,0.926808
KLF6,0.000000,0.000000,Source: gse20194,0.913043,0.817460,0.926808
CHEK1,0.000000,0.000000,Source: gse20194,0.913043,0.817460,0.926808
ZNF614,0.000000,0.000000,Source: gse20194,0.913043,0.817460,0.926808
FNTA,0.000000,0.000000,Source: gse20194,0.913043,0.817460,0.926808
WIZ,0.000000,0.000000,Source: gse20194,0.913043,0.817460,0.926808
SHARPIN,0.000000,0.000000,Source: gse20194,0.913043,0.817460,0.926808
PCBD1,0.000000,0.000000,Source: gse20194,0.913043,0.817460,0.926808
HOXB9,0.000000,0.000000,Source: gse20194,0.913043,0.817460,0.926808
ATP6V1G1,0.000000,0.000000,Source: gse20194,0.913043,0.817460,0.926808
ADAM19,0.000000,0.000000,Source: gse20194,0.913043,0.817460,0.926808
LARP1,0.000000,0.000000,Source: gse20194,0.913043,0.817460,0.926808
ATP4B,0.000000,0.000000,Source: gse20194,0.913043,0.817460,0.926808
KCTD20,0.000000,0.000000,Source: gse20194,0.913043,0.817460,0.926808
CCNJL,0.000000,0.000000,Source: gse20194,0.913043,0.817460,0.926808
CCDC91,0.000000,0.000000,Source: gse20194,0.913043,0.817460,0.926808
RAI2,0.000000,0.000000,Source: gse20194,0.913043,0.817460,0.926808
REL,0.000000,0.000000,Source: gse20194,0.913043,0.817460,0.926808
PRKG2,0.000000,0.000000,Source: gse20194,0.913043,0.817460,0.926808
SOX4,0.000000,0.000000,Source: gse20194,0.913043,0.817460,0.926808
FOSL2,0.000000,0.000000,Source: gse20194,0.913043,0.817460,0.926808
MAPK12,0.000000,0.000000,Source: gse20194,0.913043,0.817460,0.926808
FBLN1,0.000000,0.000000,Source: gse20194,0.913043,0.817460,0.926808
ATG7,0.000000,0.000000,Source: gse20194,0.913043,0.817460,0.926808
NUMB,0.000000,0.000000,Source: gse20194,0.913043,0.817460,0.926808
CSNK2B,0.000000,0.000000,Source: gse20194,0.913043,0.817460,0.926808
PPP1R12A,0.000000,0.000000,Source: gse20194,0.913043,0.817460,0.926808
STAU1,0.000000,0.000000,Source: gse20194,0.913043,0.817460,0.926808
KRT83,0.000000,0.000000,Source: gse20194,0.913043,0.817460,0.926808
IFT81,0.000000,0.000000,Source: gse20194,0.913043,0.817460,0.926808
KIF5C,0.000000,0.000000,Source: gse20194,0.913043,0.817460,0.926808
PLEC,0.000000,0.000000,Source: gse20194,0.913043,0.817460,0.926808
SNRK,0.000000,0.000000,Source: gse20194,0.913043,0.817460,0.926808
PRND,0.000000,0.000000,Source: gse20194,0.913043,0.817460,0.926808
HEATR3,0.000000,0.000000,Source: gse20194,0.913043,0.817460,0.926808
NISCH,0.000000,0.000000,Source: gse20194,0.913043,0.817460,0.926808
RPIA,0.000000,0.000000,Source: gse20194,0.913043,0.817460,0.926808
POLR3G,0.000000,0.000000,Source: gse20194,0.913043,0.817460,0.926808
ZNF324,0.000000,0.000000,Source: gse20194,0.913043,0.817460,0.926808
GALR3,0.000000,0.000000,Source: gse20194,0.913043,0.817460,0.926808
VSIG10,0.000000,0.000000,Source: gse20194,0.913043,0.817460,0.926808
GLRX5,0.000000,0.000000,Source: gse20194,0.913043,0.817460,0.926808
NUP155,0.000000,0.000000,Source: gse20194,0.913043,0.817460,0.926808
MTNR1B,0.000000,0.000000,Source: gse20194,0.913043,0.817460,0.926808
H6PD,0.000000,0.000000,Source: gse20194,0.913043,0.817460,0.926808
ADIPOR2,0.000000,0.000000,Source: gse20194,0.913043,0.817460,0.926808
CD5,0.000000,0.000000,Source: gse20194,0.913043,0.817460,0.926808
CLDN1,0.000000,0.000000,Source: gse20194,0.913043,0.817460,0.926808
NIPSNAP1,0.000000,0.000000,Source: gse20194,0.913043,0.817460,0.926808
ASPH,0.000000,0.000000,Source: gse20194,0.913043,0.817460,0.926808
LRRTM2,0.000000,0.000000,Source: gse20194,0.913043,0.817460,0.926808
ARHGEF9,0.000000,0.000000,Source: gse20194,0.913043,0.817460,0.926808
DCTN2,0.000000,0.000000,Source: gse20194,0.913043,0.817460,0.926808
PPP5C,0.000000,0.000000,Source: gse20194,0.913043,0.817460,0.926808
MAGED1,0.000000,0.000000,Source: gse20194,0.913043,0.817460,0.926808
PRELP,0.000000,0.000000,Source: gse20194,0.913043,0.817460,0.926808
ACTL8,0.000000,0.000000,Source: gse20194,0.913043,0.817460,0.926808
CYP2C19,0.000000,0.000000,Source: gse20194,0.913043,0.817460,0.926808
CBLN1,0.000000,0.000000,Source: gse20194,0.913043,0.817460,0.926808
MATR3,0.000000,0.000000,Source: gse20194,0.913043,0.817460,0.926808
RYR3,0.000000,0.000000,Source: gse20194,0.913043,0.817460,0.926808
ZBTB6,0.000000,0.000000,Source: gse20194,0.913043,0.817460,0.926808
MAP4K1,0.000000,0.000000,Source: gse20194,0.913043,0.817460,0.926808
ATP2B2,0.000000,0.000000,Source: gse20194,0.913043,0.817460,0.926808
ZFPM2,0.000000,0.000000,Source: gse20194,0.913043,0.817460,0.926808
NMBR,0.000000,0.000000,Source: gse20194,0.913043,0.817460,0.926808
S100A10,0.000000,0.000000,Source: gse20194,0.913043,0.817460,0.926808
KCNJ3,0.000000,0.000000,Source: gse20194,0.913043,0.817460,0.926808
TRAPPC11,0.000000,0.000000,Source: gse20194,0.913043,0.817460,0.926808
EFR3A,0.000000,0.000000,Source: gse20194,0.913043,0.817460,0.926808
GGCX,0.000000,0.000000,Source: gse20194,0.913043,0.817460,0.926808
SLC17A2,0.000000,0.000000,Source: gse20194,0.913043,0.817460,0.926808
FZD10,0.000000,0.000000,Source: gse20194,0.913043,0.817460,0.926808
NR2E1,0.000000,0.000000,Source: gse20194,0.913043,0.817460,0.926808
AUH,0.000000,0.000000,Source: gse20194,0.913043,0.817460,0.926808
TGS1,0.000000,0.000000,Source: gse20194,0.913043,0.817460,0.926808
WDR82,0.000000,0.000000,Source: gse20194,0.913043,0.817460,0.926808
PPP1R2,0.000000,0.000000,Source: gse20194,0.913043,0.817460,0.926808
MID1IP1,0.000000,0.000000,Source: gse20194,0.913043,0.817460,0.926808
MIA2,0.000000,0.000000,Source: gse20194,0.913043,0.817460,0.926808
HSPA1B,0.000000,0.000000,Source: gse20194,0.913043,0.817460,0.926808
ANKRD1,0.000000,0.000000,Source: gse20194,0.913043,0.817460,0.926808
TAF7L,0.000000,0.000000,Source: gse20194,0.913043,0.817460,0.926808
RNF121,0.000000,0.000000,Source: gse20194,0.913043,0.817460,0.926808
MAP3K13,0.000000,0.000000,Source: gse20194,0.913043,0.817460,0.926808
ABTB2,0.000000,0.000000,Source: gse20194,0.913043,0.817460,0.926808
MTMR8,0.000000,0.000000,Source: gse20194,0.913043,0.817460,0.926808
GNAQ,0.000000,0.000000,Source: gse20194,0.913043,0.817460,0.926808
NIPA2,0.000000,0.000000,Source: gse20194,0.913043,0.817460,0.926808
GATA6,0.000000,0.000000,Source: gse20194,0.913043,0.817460,0.926808
NFE2L3,0.000000,0.000000,Source: gse20194,0.913043,0.817460,0.926808
G3BP1,0.000000,0.000000,Source: gse20194,0.913043,0.817460,0.926808
CCDC7,0.000000,0.000000,Source: gse20194,0.913043,0.817460,0.926808
KDM4C,0.000000,0.000000,Source: gse20194,0.913043,0.817460,0.926808
IRAK4,0.000000,0.000000,Source: gse20194,0.913043,0.817460,0.926808
RPL13P5,0.000000,0.000000,Source: gse20194,0.913043,0.817460,0.926808
NMI,0.000000,0.000000,Source: gse20194,0.913043,0.817460,0.926808
NPY2R,0.000000,0.000000,Source: gse20194,0.913043,0.817460,0.926808
GPR32,0.000000,0.000000,Source: gse20194,0.913043,0.817460,0.926808
PER2,0.000000,0.000000,Source: gse20194,0.913043,0.817460,0.926808
NTRK1,0.000000,0.000000,Source: gse20194,0.913043,0.817460,0.926808
ARL5A,0.000000,0.000000,Source: gse20194,0.913043,0.817460,0.926808
CIT,0.000000,0.000000,Source: gse20194,0.913043,0.817460,0.926808
INSL5,0.000000,0.000000,Source: gse20194,0.913043,0.817460,0.926808
RPE,0.000000,0.000000,Source: gse20194,0.913043,0.817460,0.926808
ATG13,0.000000,0.000000,Source: gse20194,0.913043,0.817460,0.926808
KHNYN,0.000000,0.000000,Source: gse20194,0.913043,0.817460,0.926808
TEX30,0.000000,0.000000,Source: gse20194,0.913043,0.817460,0.926808
ANGPT1,0.000000,0.000000,Source: gse20194,0.913043,0.817460,0.926808
CLDN5,0.000000,0.000000,Source: gse20194,0.913043,0.817460,0.926808
SSH3,0.000000,0.000000,Source: gse20194,0.913043,0.817460,0.926808
SEC61A2,0.000000,0.000000,Source: gse20194,0.913043,0.817460,0.926808
TDP1,0.000000,0.000000,Source: gse20194,0.913043,0.817460,0.926808
FXYD5,0.000000,0.000000,Source: gse20194,0.913043,0.817460,0.926808
MMP9,0.000000,0.000000,Source: gse20194,0.913043,0.817460,0.926808
HNRNPR,0.000000,0.000000,Source: gse20194,0.913043,0.817460,0.926808
HELLS,0.000000,0.000000,Source: gse20194,0.913043,0.817460,0.926808
CBLL1,0.000000,0.000000,Source: gse20194,0.913043,0.817460,0.926808
STEAP1B,0.000000,0.000000,Source: gse20194,0.913043,0.817460,0.926808
CXCL12,0.000000,0.000000,Source: gse20194,0.913043,0.817460,0.926808
ABHD3,0.000000,0.000000,Source: gse20194,0.913043,0.817460,0.926808
CREBBP,0.000000,0.000000,Source: gse20194,0.913043,0.817460,0.926808
HAUS6,0.000000,0.000000,Source: gse20194,0.913043,0.817460,0.926808
OR1F2P,0.000000,0.000000,Source: gse20194,0.913043,0.817460,0.926808
DCAF7,0.000000,0.000000,Source: gse20194,0.913043,0.817460,0.926808
ZNF157,0.000000,0.000000,Source: gse20194,0.913043,0.817460,0.926808
TMEM62,0.000000,0.000000,Source: gse20194,0.913043,0.817460,0.926808
IL13RA2,0.000000,0.000000,Source: gse20194,0.913043,0.817460,0.926808
ABHD6,0.000000,0.000000,Source: gse20194,0.913043,0.817460,0.926808
PPP1R12B,0.000000,0.000000,Source: gse20194,0.913043,0.817460,0.926808
LCAT,0.000000,0.000000,Source: gse20194,0.913043,0.817460,0.926808
MBNL2,0.000000,0.000000,Source: gse20194,0.913043,0.817460,0.926808
CFDP1,0.000000,0.000000,Source: gse20194,0.913043,0.817460,0.926808
GPR6,0.000000,0.000000,Source: gse20194,0.913043,0.817460,0.926808
TAS2R9,0.000000,0.000000,Source: gse20194,0.913043,0.817460,0.926808
KAT2B,0.000000,0.000000,Source: gse20194,0.913043,0.817460,0.926808
TPRA1,0.000000,0.000000,Source: gse20194,0.913043,0.817460,0.926808
AMOTL2,0.000000,0.000000,Source: gse20194,0.913043,0.817460,0.926808
KRT20,0.000000,0.000000,Source: gse20194,0.913043,0.817460,0.926808
CYTIP,0.000000,0.000000,Source: gse20194,0.913043,0.817460,0.926808
ACTN3,0.000000,0.000000,Source: gse20194,0.913043,0.817460,0.926808
AZGP1,0.000000,0.000000,Source: gse20194,0.913043,0.817460,0.926808
GATAD2A,0.000000,0.000000,Source: gse20194,0.913043,0.817460,0.926808
CCL16,0.000000,0.000000,Source: gse20194,0.913043,0.817460,0.926808
CCT8L2,0.000000,0.000000,Source: gse20194,0.913043,0.817460,0.926808
VAMP2,0.000000,0.000000,Source: gse20194,0.913043,0.817460,0.926808
ADH6,0.000000,0.000000,Source: gse20194,0.913043,0.817460,0.926808
AMBN,0.000000,0.000000,Source: gse20194,0.913043,0.817460,0.926808
GLRX,0.000000,0.000000,Source: gse20194,0.913043,0.817460,0.926808
UPK1B,0.000000,0.000000,Source: gse20194,0.913043,0.817460,0.926808
MYL9,0.000000,0.000000,Source: gse20194,0.913043,0.817460,0.926808
MEST,0.000000,0.000000,Source: gse20194,0.913043,0.817460,0.926808
NSUN5,0.000000,0.000000,Source: gse20194,0.913043,0.817460,0.926808
HNRNPD,0.000000,0.000000,Source: gse20194,0.913043,0.817460,0.926808
DMXL2,0.000000,0.000000,Source: gse20194,0.913043,0.817460,0.926808
CNBP,0.000000,0.000000,Source: gse20194,0.913043,0.817460,0.926808
ADAP2,0.000000,0.000000,Source: gse20194,0.913043,0.817460,0.926808
SLC2A8,0.000000,0.000000,Source: gse20194,0.913043,0.817460,0.926808
OIP5,0.000000,0.000000,Source: gse20194,0.913043,0.817460,0.926808
CLCN7,0.000000,0.000000,Source: gse20194,0.913043,0.817460,0.926808
COL9A1,0.000000,0.000000,Source: gse20194,0.913043,0.817460,0.926808
LPCAT1,0.000000,0.000000,Source: gse20194,0.913043,0.817460,0.926808
FDX1,0.000000,0.000000,Source: gse20194,0.913043,0.817460,0.926808
CIDEC,0.000000,0.000000,Source: gse20194,0.913043,0.817460,0.926808
TMEM168,0.000000,0.000000,Source: gse20194,0.913043,0.817460,0.926808
DCBLD2,0.000000,0.000000,Source: gse20194,0.913043,0.817460,0.926808
CHRNA10,0.000000,0.000000,Source: gse20194,0.913043,0.817460,0.926808
IFITM1,0.000000,0.000000,Source: gse20194,0.913043,0.817460,0.926808
MLXIPL,0.000000,0.000000,Source: gse20194,0.913043,0.817460,0.926808
ZC3H12A,0.000000,0.000000,Source: gse20194,0.913043,0.817460,0.926808
UBOX5,0.000000,0.000000,Source: gse20194,0.913043,0.817460,0.926808
ZFP36L2,0.000000,0.000000,Source: gse20194,0.913043,0.817460,0.926808
MTUS2,0.000000,0.000000,Source: gse20194,0.913043,0.817460,0.926808
IL1RAPL1,0.000000,0.000000,Source: gse20194,0.913043,0.817460,0.926808
LPAR6,0.000000,0.000000,Source: gse20194,0.913043,0.817460,0.926808
LRRN3,0.000000,0.000000,Source: gse20194,0.913043,0.817460,0.926808
ZNF839,0.000000,0.000000,Source: gse20194,0.913043,0.817460,0.926808
KTN1,0.000000,0.000000,Source: gse20194,0.913043,0.817460,0.926808
SEPHS2,0.000000,0.000000,Source: gse20194,0.913043,0.817460,0.926808
CACNG2,0.000000,0.000000,Source: gse20194,0.913043,0.817460,0.926808
MYLK,0.000000,0.000000,Source: gse20194,0.913043,0.817460,0.926808
GLI2,0.000000,0.000000,Source: gse20194,0.913043,0.817460,0.926808
SLC6A9,0.000000,0.000000,Source: gse20194,0.913043,0.817460,0.926808
TOMM34,0.000000,0.000000,Source: gse20194,0.913043,0.817460,0.926808
DSPP,0.000000,0.000000,Source: gse20194,0.913043,0.817460,0.926808
FLNB,0.000000,0.000000,Source: gse20194,0.913043,0.817460,0.926808
PIK3CB,0.000000,0.000000,Source: gse20194,0.913043,0.817460,0.926808
SAGE1,0.000000,0.000000,Source: gse20194,0.913043,0.817460,0.926808
PPP2R2B,0.000000,0.000000,Source: gse20194,0.913043,0.817460,0.926808
SLC26A6,0.000000,0.000000,Source: gse20194,0.913043,0.817460,0.926808
LBP,0.000000,0.000000,Source: gse20194,0.913043,0.817460,0.926808
VENTXP1,0.000000,0.000000,Source: gse20194,0.913043,0.817460,0.926808
IRAK3,0.000000,0.000000,Source: gse20194,0.913043,0.817460,0.926808
CHCHD2,0.000000,0.000000,Source: gse20194,0.913043,0.817460,0.926808
ZC2HC1A,0.000000,0.000000,Source: gse20194,0.913043,0.817460,0.926808
CSHL1,0.000000,0.000000,Source: gse20194,0.913043,0.817460,0.926808
CD226,0.000000,0.000000,Source: gse20194,0.913043,0.817460,0.926808
VASH1,0.000000,0.000000,Source: gse20194,0.913043,0.817460,0.926808
IGFBP3,0.000000,0.000000,Source: gse20194,0.913043,0.817460,0.926808
SLC2A5,0.000000,0.000000,Source: gse20194,0.913043,0.817460,0.926808
PIM1,0.000000,0.000000,Source: gse20194,0.913043,0.817460,0.926808
IL17RC,0.000000,0.000000,Source: gse20194,0.913043,0.817460,0.926808
SH2D2A,0.000000,0.000000,Source: gse20194,0.913043,0.817460,0.926808
UTY,0.000000,0.000000,Source: gse20194,0.913043,0.817460,0.926808
GNAO1,0.000000,0.000000,Source: gse20194,0.913043,0.817460,0.926808
GRAP,0.000000,0.000000,Source: gse20194,0.913043,0.817460,0.926808
TRIM27,0.000000,0.000000,Source: gse20194,0.913043,0.817460,0.926808
CCL13,0.000000,0.000000,Source: gse20194,0.913043,0.817460,0.926808
MAP1B,0.000000,0.000000,Source: gse20194,0.913043,0.817460,0.926808
PRKAG1,0.000000,0.000000,Source: gse20194,0.913043,0.817460,0.926808
RBM48,0.000000,0.000000,Source: gse20194,0.913043,0.817460,0.926808
GALNT1,0.000000,0.000000,Source: gse20194,0.913043,0.817460,0.926808
ZFYVE21,0.000000,0.000000,Source: gse20194,0.913043,0.817460,0.926808
IFI35,0.000000,0.000000,Source: gse20194,0.913043,0.817460,0.926808
CYP19A1,0.000000,0.000000,Source: gse20194,0.913043,0.817460,0.926808
FOXP3,0.000000,0.000000,Source: gse20194,0.913043,0.817460,0.926808
PCDH9,0.000000,0.000000,Source: gse20194,0.913043,0.817460,0.926808
DSTYK,0.000000,0.000000,Source: gse20194,0.913043,0.817460,0.926808
SLC25A44,0.000000,0.000000,Source: gse20194,0.913043,0.817460,0.926808
MT1F,0.000000,0.000000,Source: gse20194,0.913043,0.817460,0.926808
TG,0.000000,0.000000,Source: gse20194,0.913043,0.817460,0.926808
TLX2,0.000000,0.000000,Source: gse20194,0.913043,0.817460,0.926808
TUBA1A,0.000000,0.000000,Source: gse20194,0.913043,0.817460,0.926808
CTNND2,0.000000,0.000000,Source: gse20194,0.913043,0.817460,0.926808
MCM6,0.000000,0.000000,Source: gse20194,0.913043,0.817460,0.926808
IGF2BP3,0.000000,0.000000,Source: gse20194,0.913043,0.817460,0.926808
KCNMA1,0.000000,0.000000,Source: gse20194,0.913043,0.817460,0.926808
NSMCE4A,0.000000,0.000000,Source: gse20194,0.913043,0.817460,0.926808
CNTN6,0.000000,0.000000,Source: gse20194,0.913043,0.817460,0.926808
PCBP4,0.000000,0.000000,Source: gse20194,0.913043,0.817460,0.926808
PRMT1,0.000000,0.000000,Source: gse20194,0.913043,0.817460,0.926808
HAO1,0.000000,0.000000,Source: gse20194,0.913043,0.817460,0.926808
BCL2L2,0.000000,0.000000,Source: gse20194,0.913043,0.817460,0.926808
USP46,0.000000,0.000000,Source: gse20194,0.913043,0.817460,0.926808
ACTR10,0.000000,0.000000,Source: gse20194,0.913043,0.817460,0.926808
MRPS16,0.000000,0.000000,Source: gse20194,0.913043,0.817460,0.926808
MSH3,0.000000,0.000000,Source: gse20194,0.913043,0.817460,0.926808
ICAM3,0.000000,0.000000,Source: gse20194,0.913043,0.817460,0.926808
ABHD2,0.000000,0.000000,Source: gse20194,0.913043,0.817460,0.926808
CALM2,0.000000,0.000000,Source: gse20194,0.913043,0.817460,0.926808
KCNMB1,0.000000,0.000000,Source: gse20194,0.913043,0.817460,0.926808
MAP3K6,0.000000,0.000000,Source: gse20194,0.913043,0.817460,0.926808
PAPSS2,0.000000,0.000000,Source: gse20194,0.913043,0.817460,0.926808
KRT6C,0.000000,0.000000,Source: gse20194,0.913043,0.817460,0.926808
GGT5,0.000000,0.000000,Source: gse20194,0.913043,0.817460,0.926808
MAP7,0.000000,0.000000,Source: gse20194,0.913043,0.817460,0.926808
ATG4A,0.000000,0.000000,Source: gse20194,0.913043,0.817460,0.926808
ARHGEF2,0.000000,0.000000,Source: gse20194,0.913043,0.817460,0.926808
SCRN1,0.000000,0.000000,Source: gse20194,0.913043,0.817460,0.926808
TCHH,0.000000,0.000000,Source: gse20194,0.913043,0.817460,0.926808
FBXO17,0.000000,0.000000,Source: gse20194,0.913043,0.817460,0.926808
KIR3DL1,0.000000,0.000000,Source: gse20194,0.913043,0.817460,0.926808
AHCYL2,0.000000,0.000000,Source: gse20194,0.913043,0.817460,0.926808
IFIH1,0.000000,0.000000,Source: gse20194,0.913043,0.817460,0.926808
COL2A1,0.000000,0.000000,Source: gse20194,0.913043,0.817460,0.926808
ATP6V1E1,0.000000,0.000000,Source: gse20194,0.913043,0.817460,0.926808
SLC22A11,0.000000,0.000000,Source: gse20194,0.913043,0.817460,0.926808
PRKCQ,0.000000,0.000000,Source: gse20194,0.913043,0.817460,0.926808
FBXO24,0.000000,0.000000,Source: gse20194,0.913043,0.817460,0.926808
FADD,0.000000,0.000000,Source: gse20194,0.913043,0.817460,0.926808
CD47,0.000000,0.000000,Source: gse20194,0.913043,0.817460,0.926808
ESD,0.000000,0.000000,Source: gse20194,0.913043,0.817460,0.926808
CCNC,0.000000,0.000000,Source: gse20194,0.913043,0.817460,0.926808
RHOQ,0.000000,0.000000,Source: gse20194,0.913043,0.817460,0.926808
RANBP1,0.000000,0.000000,Source: gse20194,0.913043,0.817460,0.926808
THRA,0.000000,0.000000,Source: gse20194,0.913043,0.817460,0.926808
NUP153,0.000000,0.000000,Source: gse20194,0.913043,0.817460,0.926808
SEC14L4,0.000000,0.000000,Source: gse20194,0.913043,0.817460,0.926808
TGFBR2,0.000000,0.000000,Source: gse20194,0.913043,0.817460,0.926808
SEMA3C,0.000000,0.000000,Source: gse20194,0.913043,0.817460,0.926808
PLEKHA5,0.000000,0.000000,Source: gse20194,0.913043,0.817460,0.926808
MAPK1IP1L,0.000000,0.000000,Source: gse20194,0.913043,0.817460,0.926808
DARS2,0.000000,0.000000,Source: gse20194,0.913043,0.817460,0.926808
MPZ,0.000000,0.000000,Source: gse20194,0.913043,0.817460,0.926808
VCAN,0.000000,0.000000,Source: gse20194,0.913043,0.817460,0.926808
MAGEC1,0.000000,0.000000,Source: gse20194,0.913043,0.817460,0.926808
HBS1L,0.000000,0.000000,Source: gse20194,0.913043,0.817460,0.926808
SPRR3,0.000000,0.000000,Source: gse20194,0.913043,0.817460,0.926808
CHIA,0.000000,0.000000,Source: gse20194,0.913043,0.817460,0.926808
TMCC1,0.000000,0.000000,Source: gse20194,0.913043,0.817460,0.926808
GPX3,0.000000,0.000000,Source: gse20194,0.913043,0.817460,0.926808
SERPINA1,0.000000,0.000000,Source: gse20194,0.913043,0.817460,0.926808
SOWAHC,0.000000,0.000000,Source: gse20194,0.913043,0.817460,0.926808
BRD8,0.000000,0.000000,Source: gse20194,0.913043,0.817460,0.926808
LGR5,0.000000,0.000000,Source: gse20194,0.913043,0.817460,0.926808
DDX3Y,0.000000,0.000000,Source: gse20194,0.913043,0.817460,0.926808
PIK3CA,0.000000,0.000000,Source: gse20194,0.913043,0.817460,0.926808
DGKA,0.000000,0.000000,Source: gse20194,0.913043,0.817460,0.926808
SLC12A6,0.000000,0.000000,Source: gse20194,0.913043,0.817460,0.926808
PRDX2,0.000000,0.000000,Source: gse20194,0.913043,0.817460,0.926808
MYOM2,0.000000,0.000000,Source: gse20194,0.913043,0.817460,0.926808
BIK,0.000000,0.000000,Source: gse20194,0.913043,0.817460,0.926808
PRM1,0.000000,0.000000,Source: gse20194,0.913043,0.817460,0.926808
SCN10A,0.000000,0.000000,Source: gse20194,0.913043,0.817460,0.926808
ZNF480,0.000000,0.000000,Source: gse20194,0.913043,0.817460,0.926808
HHIPL2,0.000000,0.000000,Source: gse20194,0.913043,0.817460,0.926808
CD320,0.000000,0.000000,Source: gse20194,0.913043,0.817460,0.926808
NAA35,0.000000,0.000000,Source: gse20194,0.913043,0.817460,0.926808
PDLIM2,0.000000,0.000000,Source: gse20194,0.913043,0.817460,0.926808
ZC3H7A,0.000000,0.000000,Source: gse20194,0.913043,0.817460,0.926808
NBN,0.000000,0.000000,Source: gse20194,0.913043,0.817460,0.926808
SETBP1,0.000000,0.000000,Source: gse20194,0.913043,0.817460,0.926808
RALGDS,0.000000,0.000000,Source: gse20194,0.913043,0.817460,0.926808
CDK19,0.000000,0.000000,Source: gse20194,0.913043,0.817460,0.926808
ANK3,0.000000,0.000000,Source: gse20194,0.913043,0.817460,0.926808
ATMIN,0.000000,0.000000,Source: gse20194,0.913043,0.817460,0.926808
PLAT,0.000000,0.000000,Source: gse20194,0.913043,0.817460,0.926808
SRD5A1,0.000000,0.000000,Source: gse20194,0.913043,0.817460,0.926808
YIPF3,0.000000,0.000000,Source: gse20194,0.913043,0.817460,0.926808
CKM,0.000000,0.000000,Source: gse20194,0.913043,0.817460,0.926808
ANGPT2,0.000000,0.000000,Source: gse20194,0.913043,0.817460,0.926808
KCNA6,0.000000,0.000000,Source: gse20194,0.913043,0.817460,0.926808
KIF20A,0.000000,0.000000,Source: gse20194,0.913043,0.817460,0.926808
ZNF671,0.000000,0.000000,Source: gse20194,0.913043,0.817460,0.926808
MAML1,0.000000,0.000000,Source: gse20194,0.913043,0.817460,0.926808
MS4A3,0.000000,0.000000,Source: gse20194,0.913043,0.817460,0.926808
TMC5,0.000000,0.000000,Source: gse20194,0.913043,0.817460,0.926808
UCK2,0.000000,0.000000,Source: gse20194,0.913043,0.817460,0.926808
ZNF185,0.000000,0.000000,Source: gse20194,0.913043,0.817460,0.926808
CBX3,0.000000,0.000000,Source: gse20194,0.913043,0.817460,0.926808
ZNF282,0.000000,0.000000,Source: gse20194,0.913043,0.817460,0.926808
SCAND1,0.000000,0.000000,Source: gse20194,0.913043,0.817460,0.926808
ALOX5AP,0.000000,0.000000,Source: gse20194,0.913043,0.817460,0.926808
BEST1,0.000000,0.000000,Source: gse20194,0.913043,0.817460,0.926808
ENOX1,0.000000,0.000000,Source: gse20194,0.913043,0.817460,0.926808
DBN1,0.000000,0.000000,Source: gse20194,0.913043,0.817460,0.926808
RABGEF1,0.000000,0.000000,Source: gse20194,0.913043,0.817460,0.926808
THSD4,0.000000,0.000000,Source: gse20194,0.913043,0.817460,0.926808
DNPEP,0.000000,0.000000,Source: gse20194,0.913043,0.817460,0.926808
LCP1,0.000000,0.000000,Source: gse20194,0.913043,0.817460,0.926808
ZFR,0.000000,0.000000,Source: gse20194,0.913043,0.817460,0.926808
PSTPIP1,0.000000,0.000000,Source: gse20194,0.913043,0.817460,0.926808
DGAT1,0.000000,0.000000,Source: gse20194,0.913043,0.817460,0.926808
DCT,0.000000,0.000000,Source: gse20194,0.913043,0.817460,0.926808
TOR1A,0.000000,0.000000,Source: gse20194,0.913043,0.817460,0.926808
RNF43,0.000000,0.000000,Source: gse20194,0.913043,0.817460,0.926808
CDH11,0.000000,0.000000,Source: gse20194,0.913043,0.817460,0.926808
FUT3,0.000000,0.000000,Source: gse20194,0.913043,0.817460,0.926808
ZNF175,0.000000,0.000000,Source: gse20194,0.913043,0.817460,0.926808
SMG1,0.000000,0.000000,Source: gse20194,0.913043,0.817460,0.926808
ETS2,0.000000,0.000000,Source: gse20194,0.913043,0.817460,0.926808
ADAM10,0.000000,0.000000,Source: gse20194,0.913043,0.817460,0.926808
RB1,0.000000,0.000000,Source: gse20194,0.913043,0.817460,0.926808
IRF7,0.000000,0.000000,Source: gse20194,0.913043,0.817460,0.926808
SOX30,0.000000,0.000000,Source: gse20194,0.913043,0.817460,0.926808
DNAJC15,0.000000,0.000000,Source: gse20194,0.913043,0.817460,0.926808
TSHR,0.000000,0.000000,Source: gse20194,0.913043,0.817460,0.926808
RAB11FIP3,0.000000,0.000000,Source: gse20194,0.913043,0.817460,0.926808
NOL10,0.000000,0.000000,Source: gse20194,0.913043,0.817460,0.926808
PTPRC,0.000000,0.000000,Source: gse20194,0.913043,0.817460,0.926808
CD80,0.000000,0.000000,Source: gse20194,0.913043,0.817460,0.926808
ALG5,0.000000,0.000000,Source: gse20194,0.913043,0.817460,0.926808
FANCC,0.000000,0.000000,Source: gse20194,0.913043,0.817460,0.926808
ARMC8,0.000000,0.000000,Source: gse20194,0.913043,0.817460,0.926808
GRIN1,0.000000,0.000000,Source: gse20194,0.913043,0.817460,0.926808
MAK16,0.000000,0.000000,Source: gse20194,0.913043,0.817460,0.926808
CRYBA4,0.000000,0.000000,Source: gse20194,0.913043,0.817460,0.926808
TRMT1L,0.000000,0.000000,Source: gse20194,0.913043,0.817460,0.926808
C5AR1,0.000000,0.000000,Source: gse20194,0.913043,0.817460,0.926808
RBP4,0.000000,0.000000,Source: gse20194,0.913043,0.817460,0.926808
ELOVL1,0.000000,0.000000,Source: gse20194,0.913043,0.817460,0.926808
RANBP10,0.000000,0.000000,Source: gse20194,0.913043,0.817460,0.926808
OAT,0.000000,0.000000,Source: gse20194,0.913043,0.817460,0.926808
PI3,0.000000,0.000000,Source: gse20194,0.913043,0.817460,0.926808
TRIP11,0.000000,0.000000,Source: gse20194,0.913043,0.817460,0.926808
NR0B2,0.000000,0.000000,Source: gse20194,0.913043,0.817460,0.926808
GNAI2,0.000000,0.000000,Source: gse20194,0.913043,0.817460,0.926808
CLN6,0.000000,0.000000,Source: gse20194,0.913043,0.817460,0.926808
POLD4,0.000000,0.000000,Source: gse20194,0.913043,0.817460,0.926808
POP4,0.000000,0.000000,Source: gse20194,0.913043,0.817460,0.926808
PIP5K1A,0.000000,0.000000,Source: gse20194,0.913043,0.817460,0.926808
DHRS11,0.000000,0.000000,Source: gse20194,0.913043,0.817460,0.926808
TPD52L2,0.000000,0.000000,Source: gse20194,0.913043,0.817460,0.926808
FGF7,0.000000,0.000000,Source: gse20194,0.913043,0.817460,0.926808
CAP2,0.000000,0.000000,Source: gse20194,0.913043,0.817460,0.926808
CFH,0.000000,0.000000,Source: gse20194,0.913043,0.817460,0.926808
CLEC7A,0.000000,0.000000,Source: gse20194,0.913043,0.817460,0.926808
PDS5A,0.000000,0.000000,Source: gse20194,0.913043,0.817460,0.926808
ZMYM3,0.000000,0.000000,Source: gse20194,0.913043,0.817460,0.926808
GRM2,0.000000,0.000000,Source: gse20194,0.913043,0.817460,0.926808
E2F3,0.000000,0.000000,Source: gse20194,0.913043,0.817460,0.926808
LAMA4,0.000000,0.000000,Source: gse20194,0.913043,0.817460,0.926808
SYNGR4,0.000000,0.000000,Source: gse20194,0.913043,0.817460,0.926808
N4BP2L2,0.000000,0.000000,Source: gse20194,0.913043,0.817460,0.926808
ACAN,0.000000,0.000000,Source: gse20194,0.913043,0.817460,0.926808
NOL7,0.000000,0.000000,Source: gse20194,0.913043,0.817460,0.926808
ZNF165,0.000000,0.000000,Source: gse20194,0.913043,0.817460,0.926808
YBX2,0.000000,0.000000,Source: gse20194,0.913043,0.817460,0.926808
C5orf15,0.000000,0.000000,Source: gse20194,0.913043,0.817460,0.926808
KNTC1,0.000000,0.000000,Source: gse20194,0.913043,0.817460,0.926808
CLTC,0.000000,0.000000,Source: gse20194,0.913043,0.817460,0.926808
PREP,0.000000,0.000000,Source: gse20194,0.913043,0.817460,0.926808
LIMD1,0.000000,0.000000,Source: gse20194,0.913043,0.817460,0.926808
MSMB,0.000000,0.000000,Source: gse20194,0.913043,0.817460,0.926808
NEB,0.000000,0.000000,Source: gse20194,0.913043,0.817460,0.926808
C1R,0.000000,0.000000,Source: gse20194,0.913043,0.817460,0.926808
TUT1,0.000000,0.000000,Source: gse20194,0.913043,0.817460,0.926808
CORO2A,0.000000,0.000000,Source: gse20194,0.913043,0.817460,0.926808
ALDH3A1,0.000000,0.000000,Source: gse20194,0.913043,0.817460,0.926808
DHRS3,0.000000,0.000000,Source: gse20194,0.913043,0.817460,0.926808
HCRTR1,0.000000,0.000000,Source: gse20194,0.913043,0.817460,0.926808
SIRT2,0.000000,0.000000,Source: gse20194,0.913043,0.817460,0.926808
SOCS6,0.000000,0.000000,Source: gse20194,0.913043,0.817460,0.926808
SERPINB8,0.000000,0.000000,Source: gse20194,0.913043,0.817460,0.926808
TMEM70,0.000000,0.000000,Source: gse20194,0.913043,0.817460,0.926808
NRG2,0.000000,0.000000,Source: gse20194,0.913043,0.817460,0.926808
PLOD3,0.000000,0.000000,Source: gse20194,0.913043,0.817460,0.926808
ART3,0.000000,0.000000,Source: gse20194,0.913043,0.817460,0.926808
CYP11B1,0.000000,0.000000,Source: gse20194,0.913043,0.817460,0.926808
DCX,0.000000,0.000000,Source: gse20194,0.913043,0.817460,0.926808
EYA1,0.000000,0.000000,Source: gse20194,0.913043,0.817460,0.926808
MAN2A1,0.000000,0.000000,Source: gse20194,0.913043,0.817460,0.926808
NOTCH4,0.000000,0.000000,Source: gse20194,0.913043,0.817460,0.926808
FANCA,0.000000,0.000000,Source: gse20194,0.913043,0.817460,0.926808
CBX5,0.000000,0.000000,Source: gse20194,0.913043,0.817460,0.926808
PRPF40A,0.000000,0.000000,Source: gse20194,0.913043,0.817460,0.926808
BEX4,0.000000,0.000000,Source: gse20194,0.913043,0.817460,0.926808
COL6A2,0.000000,0.000000,Source: gse20194,0.913043,0.817460,0.926808
DLGAP4,0.000000,0.000000,Source: gse20194,0.913043,0.817460,0.926808
TUBGCP2,0.000000,0.000000,Source: gse20194,0.913043,0.817460,0.926808
CSPG5,0.000000,0.000000,Source: gse20194,0.913043,0.817460,0.926808
RBFOX1,0.000000,0.000000,Source: gse20194,0.913043,0.817460,0.926808
RASA1,0.000000,0.000000,Source: gse20194,0.913043,0.817460,0.926808
DLGAP1,0.000000,0.000000,Source: gse20194,0.913043,0.817460,0.926808
CCNJ,0.000000,0.000000,Source: gse20194,0.913043,0.817460,0.926808
LTK,0.000000,0.000000,Source: gse20194,0.913043,0.817460,0.926808
MYBPC1,0.000000,0.000000,Source: gse20194,0.913043,0.817460,0.926808
BRF2,0.000000,0.000000,Source: gse20194,0.913043,0.817460,0.926808
PRPS2,0.000000,0.000000,Source: gse20194,0.913043,0.817460,0.926808
UNG,0.000000,0.000000,Source: gse20194,0.913043,0.817460,0.926808
MED28,0.000000,0.000000,Source: gse20194,0.913043,0.817460,0.926808
CASP9,0.000000,0.000000,Source: gse20194,0.913043,0.817460,0.926808
NPTX2,0.000000,0.000000,Source: gse20194,0.913043,0.817460,0.926808
YTHDC1,0.000000,0.000000,Source: gse20194,0.913043,0.817460,0.926808
VGLL4,0.000000,0.000000,Source: gse20194,0.913043,0.817460,0.926808
GYS1,0.000000,0.000000,Source: gse20194,0.913043,0.817460,0.926808
USP47,0.000000,0.000000,Source: gse20194,0.913043,0.817460,0.926808
RCAN2,0.000000,0.000000,Source: gse20194,0.913043,0.817460,0.926808
MID2,0.000000,0.000000,Source: gse20194,0.913043,0.817460,0.926808
VASP,0.000000,0.000000,Source: gse20194,0.913043,0.817460,0.926808
ADAM30,0.000000,0.000000,Source: gse20194,0.913043,0.817460,0.926808
RBM12B,0.000000,0.000000,Source: gse20194,0.913043,0.817460,0.926808
MIER2,0.000000,0.000000,Source: gse20194,0.913043,0.817460,0.926808
MMP1,0.000000,0.000000,Source: gse20194,0.913043,0.817460,0.926808
GALNT8,0.000000,0.000000,Source: gse20194,0.913043,0.817460,0.926808
STAG3,0.000000,0.000000,Source: gse20194,0.913043,0.817460,0.926808
AGAP1,0.000000,0.000000,Source: gse20194,0.913043,0.817460,0.926808
HBB,0.000000,0.000000,Source: gse20194,0.913043,0.817460,0.926808
GTF3C3,0.000000,0.000000,Source: gse20194,0.913043,0.817460,0.926808
PRDM8,0.000000,0.000000,Source: gse20194,0.913043,0.817460,0.926808
NRN1,0.000000,0.000000,Source: gse20194,0.913043,0.817460,0.926808
ECE1,0.000000,0.000000,Source: gse20194,0.913043,0.817460,0.926808
ANKS1A,0.000000,0.000000,Source: gse20194,0.913043,0.817460,0.926808
CYP2R1,0.000000,0.000000,Source: gse20194,0.913043,0.817460,0.926808
ITPKC,0.000000,0.000000,Source: gse20194,0.913043,0.817460,0.926808
CAPZB,0.000000,0.000000,Source: gse20194,0.913043,0.817460,0.926808
DHX9,0.000000,0.000000,Source: gse20194,0.913043,0.817460,0.926808
CDX1,0.000000,0.000000,Source: gse20194,0.913043,0.817460,0.926808
MKS1,0.000000,0.000000,Source: gse20194,0.913043,0.817460,0.926808
PFKFB2,0.000000,0.000000,Source: gse20194,0.913043,0.817460,0.926808
DNAJC17,0.000000,0.000000,Source: gse20194,0.913043,0.817460,0.926808
UBAC1,0.000000,0.000000,Source: gse20194,0.913043,0.817460,0.926808
AP1M2,0.000000,0.000000,Source: gse20194,0.913043,0.817460,0.926808
OLIG2,0.000000,0.000000,Source: gse20194,0.913043,0.817460,0.926808
BSG,0.000000,0.000000,Source: gse20194,0.913043,0.817460,0.926808
PLK1,0.000000,0.000000,Source: gse20194,0.913043,0.817460,0.926808
ACTR1B,0.000000,0.000000,Source: gse20194,0.913043,0.817460,0.926808
TSPAN8,0.000000,0.000000,Source: gse20194,0.913043,0.817460,0.926808
SPA17,0.000000,0.000000,Source: gse20194,0.913043,0.817460,0.926808
KYNU,0.000000,0.000000,Source: gse20194,0.913043,0.817460,0.926808
HLA-DOA,0.000000,0.000000,Source: gse20194,0.913043,0.817460,0.926808
FAM153B,0.000000,0.000000,Source: gse20194,0.913043,0.817460,0.926808
CDH10,0.000000,0.000000,Source: gse20194,0.913043,0.817460,0.926808
ISYNA1,0.000000,0.000000,Source: gse20194,0.913043,0.817460,0.926808
GP6,0.000000,0.000000,Source: gse20194,0.913043,0.817460,0.926808
OR6A2,0.000000,0.000000,Source: gse20194,0.913043,0.817460,0.926808
GLUD2,0.000000,0.000000,Source: gse20194,0.913043,0.817460,0.926808
DNAI2,0.000000,0.000000,Source: gse20194,0.913043,0.817460,0.926808
HESX1,0.000000,0.000000,Source: gse20194,0.913043,0.817460,0.926808
TMEM40,0.000000,0.000000,Source: gse20194,0.913043,0.817460,0.926808
CCR8,0.000000,0.000000,Source: gse20194,0.913043,0.817460,0.926808
RANBP2,0.000000,0.000000,Source: gse20194,0.913043,0.817460,0.926808
TSPAN3,0.000000,0.000000,Source: gse20194,0.913043,0.817460,0.926808
TMED5,0.000000,0.000000,Source: gse20194,0.913043,0.817460,0.926808
SYN1,0.000000,0.000000,Source: gse20194,0.913043,0.817460,0.926808
UBE3C,0.000000,0.000000,Source: gse20194,0.913043,0.817460,0.926808
FKBP3,0.000000,0.000000,Source: gse20194,0.913043,0.817460,0.926808
IL17A,0.000000,0.000000,Source: gse20194,0.913043,0.817460,0.926808
ZNF410,0.000000,0.000000,Source: gse20194,0.913043,0.817460,0.926808
ANXA9,0.000000,0.000000,Source: gse20194,0.913043,0.817460,0.926808
PLAC1,0.000000,0.000000,Source: gse20194,0.913043,0.817460,0.926808
PLSCR2,0.000000,0.000000,Source: gse20194,0.913043,0.817460,0.926808
TM7SF2,0.000000,0.000000,Source: gse20194,0.913043,0.817460,0.926808
TMEM165,0.000000,0.000000,Source: gse20194,0.913043,0.817460,0.926808
GABRR2,0.000000,0.000000,Source: gse20194,0.913043,0.817460,0.926808
SFRP5,0.000000,0.000000,Source: gse20194,0.913043,0.817460,0.926808
SLC35C1,0.000000,0.000000,Source: gse20194,0.913043,0.817460,0.926808
ICMT,0.000000,0.000000,Source: gse20194,0.913043,0.817460,0.926808
CLIC4,0.000000,0.000000,Source: gse20194,0.913043,0.817460,0.926808
ROBO3,0.000000,0.000000,Source: gse20194,0.913043,0.817460,0.926808
UGDH,0.000000,0.000000,Source: gse20194,0.913043,0.817460,0.926808
TMSB4Y,0.000000,0.000000,Source: gse20194,0.913043,0.817460,0.926808
B9D1,0.000000,0.000000,Source: gse20194,0.913043,0.817460,0.926808
SZT2,0.000000,0.000000,Source: gse20194,0.913043,0.817460,0.926808
MMADHC,0.000000,0.000000,Source: gse20194,0.913043,0.817460,0.926808
PTPN9,0.000000,0.000000,Source: gse20194,0.913043,0.817460,0.926808
DDX43,0.000000,0.000000,Source: gse20194,0.913043,0.817460,0.926808
MAD2L1BP,0.000000,0.000000,Source: gse20194,0.913043,0.817460,0.926808
TOP3B,0.000000,0.000000,Source: gse20194,0.913043,0.817460,0.926808
SMAD7,0.000000,0.000000,Source: gse20194,0.913043,0.817460,0.926808
CADM1,0.000000,0.000000,Source: gse20194,0.913043,0.817460,0.926808
BMPR1B,0.000000,0.000000,Source: gse20194,0.913043,0.817460,0.926808
OLR1,0.000000,0.000000,Source: gse20194,0.913043,0.817460,0.926808
SRY,0.000000,0.000000,Source: gse20194,0.913043,0.817460,0.926808
MRPL48,0.000000,0.000000,Source: gse20194,0.913043,0.817460,0.926808
KIF20B,0.000000,0.000000,Source: gse20194,0.913043,0.817460,0.926808
ABI2,0.000000,0.000000,Source: gse20194,0.913043,0.817460,0.926808
ATXN1,0.000000,0.000000,Source: gse20194,0.913043,0.817460,0.926808
RNF4,0.000000,0.000000,Source: gse20194,0.913043,0.817460,0.926808
TRIM58,0.000000,0.000000,Source: gse20194,0.913043,0.817460,0.926808
ETV3,0.000000,0.000000,Source: gse20194,0.913043,0.817460,0.926808
PTPN18,0.000000,0.000000,Source: gse20194,0.913043,0.817460,0.926808
MYOT,0.000000,0.000000,Source: gse20194,0.913043,0.817460,0.926808
ITPKB,0.000000,0.000000,Source: gse20194,0.913043,0.817460,0.926808
ABL2,0.000000,0.000000,Source: gse20194,0.913043,0.817460,0.926808
PROM1,0.000000,0.000000,Source: gse20194,0.913043,0.817460,0.926808
SAP25,0.000000,0.000000,Source: gse20194,0.913043,0.817460,0.926808
GK2,0.000000,0.000000,Source: gse20194,0.913043,0.817460,0.926808
CA12,0.000000,0.000000,Source: gse20194,0.913043,0.817460,0.926808
GTF2F2,0.000000,0.000000,Source: gse20194,0.913043,0.817460,0.926808
S100A6,0.000000,0.000000,Source: gse20194,0.913043,0.817460,0.926808
DPYSL3,0.000000,0.000000,Source: gse20194,0.913043,0.817460,0.926808
TMED2,0.000000,0.000000,Source: gse20194,0.913043,0.817460,0.926808
HOMER1,0.000000,0.000000,Source: gse20194,0.913043,0.817460,0.926808
SH3BGRL3,0.000000,0.000000,Source: gse20194,0.913043,0.817460,0.926808
FAM193B,0.000000,0.000000,Source: gse20194,0.913043,0.817460,0.926808
ZNHIT6,0.000000,0.000000,Source: gse20194,0.913043,0.817460,0.926808
PRR5,0.000000,0.000000,Source: gse20194,0.913043,0.817460,0.926808
ZBTB20,0.000000,0.000000,Source: gse20194,0.913043,0.817460,0.926808
ADRB2,0.000000,0.000000,Source: gse20194,0.913043,0.817460,0.926808
HIVEP3,0.000000,0.000000,Source: gse20194,0.913043,0.817460,0.926808
SAE1,0.000000,0.000000,Source: gse20194,0.913043,0.817460,0.926808
OGFOD2,0.000000,0.000000,Source: gse20194,0.913043,0.817460,0.926808
CHCHD7,0.000000,0.000000,Source: gse20194,0.913043,0.817460,0.926808
TLR4,0.000000,0.000000,Source: gse20194,0.913043,0.817460,0.926808
NDUFA13,0.000000,0.000000,Source: gse20194,0.913043,0.817460,0.926808
CTNNAL1,0.000000,0.000000,Source: gse20194,0.913043,0.817460,0.926808
GNB1L,0.000000,0.000000,Source: gse20194,0.913043,0.817460,0.926808
NDUFA7,0.000000,0.000000,Source: gse20194,0.913043,0.817460,0.926808
NAA10,0.000000,0.000000,Source: gse20194,0.913043,0.817460,0.926808
RAB1B,0.000000,0.000000,Source: gse20194,0.913043,0.817460,0.926808
RBM8A,0.000000,0.000000,Source: gse20194,0.913043,0.817460,0.926808
LPL,0.000000,0.000000,Source: gse20194,0.913043,0.817460,0.926808
PPDPF,0.000000,0.000000,Source: gse20194,0.913043,0.817460,0.926808
PTGER1,0.000000,0.000000,Source: gse20194,0.913043,0.817460,0.926808
SLC22A17,0.000000,0.000000,Source: gse20194,0.913043,0.817460,0.926808
HIC2,0.000000,0.000000,Source: gse20194,0.913043,0.817460,0.926808
RNF123,0.000000,0.000000,Source: gse20194,0.913043,0.817460,0.926808
PHTF2,0.000000,0.000000,Source: gse20194,0.913043,0.817460,0.926808
SLC38A1,0.000000,0.000000,Source: gse20194,0.913043,0.817460,0.926808
XAF1,0.000000,0.000000,Source: gse20194,0.913043,0.817460,0.926808
RAD50,0.000000,0.000000,Source: gse20194,0.913043,0.817460,0.926808
SYK,0.000000,0.000000,Source: gse20194,0.913043,0.817460,0.926808
DAPK3,0.000000,0.000000,Source: gse20194,0.913043,0.817460,0.926808
ZNF12,0.000000,0.000000,Source: gse20194,0.913043,0.817460,0.926808
HOXD4,0.000000,0.000000,Source: gse20194,0.913043,0.817460,0.926808
CSDC2,0.000000,0.000000,Source: gse20194,0.913043,0.817460,0.926808
VPS72,0.000000,0.000000,Source: gse20194,0.913043,0.817460,0.926808
KNG1,0.000000,0.000000,Source: gse20194,0.913043,0.817460,0.926808
CACNB2,0.000000,0.000000,Source: gse20194,0.913043,0.817460,0.926808
TUBA4B,0.000000,0.000000,Source: gse20194,0.913043,0.817460,0.926808
MUC5B,0.000000,0.000000,Source: gse20194,0.913043,0.817460,0.926808
DUT,0.000000,0.000000,Source: gse20194,0.913043,0.817460,0.926808
BCCIP,0.000000,0.000000,Source: gse20194,0.913043,0.817460,0.926808
RHEB,0.000000,0.000000,Source: gse20194,0.913043,0.817460,0.926808
SKI,0.000000,0.000000,Source: gse20194,0.913043,0.817460,0.926808
SLC2A11,0.000000,0.000000,Source: gse20194,0.913043,0.817460,0.926808
RCN3,0.000000,0.000000,Source: gse20194,0.913043,0.817460,0.926808
CAP1,0.000000,0.000000,Source: gse20194,0.913043,0.817460,0.926808
PDE1C,0.000000,0.000000,Source: gse20194,0.913043,0.817460,0.926808
MYL10,0.000000,0.000000,Source: gse20194,0.913043,0.817460,0.926808
ADAT1,0.000000,0.000000,Source: gse20194,0.913043,0.817460,0.926808
AVP,0.000000,0.000000,Source: gse20194,0.913043,0.817460,0.926808
GPR35,0.000000,0.000000,Source: gse20194,0.913043,0.817460,0.926808
TRPS1,0.000000,0.000000,Source: gse20194,0.913043,0.817460,0.926808
DERL2,0.000000,0.000000,Source: gse20194,0.913043,0.817460,0.926808
MAST3,0.000000,0.000000,Source: gse20194,0.913043,0.817460,0.926808
AGPS,0.000000,0.000000,Source: gse20194,0.913043,0.817460,0.926808
NFIB,0.000000,0.000000,Source: gse20194,0.913043,0.817460,0.926808
COQ6,0.000000,0.000000,Source: gse20194,0.913043,0.817460,0.926808
DPYS,0.000000,0.000000,Source: gse20194,0.913043,0.817460,0.926808
PAQR4,0.000000,0.000000,Source: gse20194,0.913043,0.817460,0.926808
NFE2,0.000000,0.000000,Source: gse20194,0.913043,0.817460,0.926808
SLC5A7,0.000000,0.000000,Source: gse20194,0.913043,0.817460,0.926808
HLA-DOB,0.000000,0.000000,Source: gse20194,0.913043,0.817460,0.926808
NOC2L,0.000000,0.000000,Source: gse20194,0.913043,0.817460,0.926808
SLC6A3,0.000000,0.000000,Source: gse20194,0.913043,0.817460,0.926808
CHM,0.000000,0.000000,Source: gse20194,0.913043,0.817460,0.926808
SNCG,0.000000,0.000000,Source: gse20194,0.913043,0.817460,0.926808
PLA2G2A,0.000000,0.000000,Source: gse20194,0.913043,0.817460,0.926808
PMEPA1,0.000000,0.000000,Source: gse20194,0.913043,0.817460,0.926808
CSGALNACT2,0.000000,0.000000,Source: gse20194,0.913043,0.817460,0.926808
SYNRG,0.000000,0.000000,Source: gse20194,0.913043,0.817460,0.926808
DSCC1,0.000000,0.000000,Source: gse20194,0.913043,0.817460,0.926808
WDR33,0.000000,0.000000,Source: gse20194,0.913043,0.817460,0.926808
MCF2L,0.000000,0.000000,Source: gse20194,0.913043,0.817460,0.926808
TRIM26,0.000000,0.000000,Source: gse20194,0.913043,0.817460,0.926808
CYP2W1,0.000000,0.000000,Source: gse20194,0.913043,0.817460,0.926808
UBL4A,0.000000,0.000000,Source: gse20194,0.913043,0.817460,0.926808
PDGFC,0.000000,0.000000,Source: gse20194,0.913043,0.817460,0.926808
EIF5,0.000000,0.000000,Source: gse20194,0.913043,0.817460,0.926808
KRTAP9-9,0.000000,0.000000,Source: gse20194,0.913043,0.817460,0.926808
C11orf21,0.000000,0.000000,Source: gse20194,0.913043,0.817460,0.926808
NINJ2,0.000000,0.000000,Source: gse20194,0.913043,0.817460,0.926808
DNA2,0.000000,0.000000,Source: gse20194,0.913043,0.817460,0.926808
RTEL1,0.000000,0.000000,Source: gse20194,0.913043,0.817460,0.926808
SH3YL1,0.000000,0.000000,Source: gse20194,0.913043,0.817460,0.926808
AFF2,0.000000,0.000000,Source: gse20194,0.913043,0.817460,0.926808
EI24,0.000000,0.000000,Source: gse20194,0.913043,0.817460,0.926808
SLC35A3,0.000000,0.000000,Source: gse20194,0.913043,0.817460,0.926808
PLA2G12A,0.000000,0.000000,Source: gse20194,0.913043,0.817460,0.926808
EGR3,0.000000,0.000000,Source: gse20194,0.913043,0.817460,0.926808
GINS3,0.000000,0.000000,Source: gse20194,0.913043,0.817460,0.926808
DCXR,0.000000,0.000000,Source: gse20194,0.913043,0.817460,0.926808
RIN2,0.000000,0.000000,Source: gse20194,0.913043,0.817460,0.926808
NPTN,0.000000,0.000000,Source: gse20194,0.913043,0.817460,0.926808
PRSS22,0.000000,0.000000,Source: gse20194,0.913043,0.817460,0.926808
ZNF230,0.000000,0.000000,Source: gse20194,0.913043,0.817460,0.926808
SNX1,0.000000,0.000000,Source: gse20194,0.913043,0.817460,0.926808
SRCAP,0.000000,0.000000,Source: gse20194,0.913043,0.817460,0.926808
SMU1,0.000000,0.000000,Source: gse20194,0.913043,0.817460,0.926808
DNAAF1,0.000000,0.000000,Source: gse20194,0.913043,0.817460,0.926808
ST13,0.000000,0.000000,Source: gse20194,0.913043,0.817460,0.926808
BDKRB1,0.000000,0.000000,Source: gse20194,0.913043,0.817460,0.926808
AURKB,0.000000,0.000000,Source: gse20194,0.913043,0.817460,0.926808
P2RY1,0.000000,0.000000,Source: gse20194,0.913043,0.817460,0.926808
TIPIN,0.000000,0.000000,Source: gse20194,0.913043,0.817460,0.926808
SRM,0.000000,0.000000,Source: gse20194,0.913043,0.817460,0.926808
PEX7,0.000000,0.000000,Source: gse20194,0.913043,0.817460,0.926808
MC5R,0.000000,0.000000,Source: gse20194,0.913043,0.817460,0.926808
ROGDI,0.000000,0.000000,Source: gse20194,0.913043,0.817460,0.926808
EGR2,0.000000,0.000000,Source: gse20194,0.913043,0.817460,0.926808
DNMT3B,0.000000,0.000000,Source: gse20194,0.913043,0.817460,0.926808
PPP2R3C,0.000000,0.000000,Source: gse20194,0.913043,0.817460,0.926808
ORC4,0.000000,0.000000,Source: gse20194,0.913043,0.817460,0.926808
ITGA3,0.000000,0.000000,Source: gse20194,0.913043,0.817460,0.926808
RNF31,0.000000,0.000000,Source: gse20194,0.913043,0.817460,0.926808
TPI1,0.000000,0.000000,Source: gse20194,0.913043,0.817460,0.926808
DUSP22,0.000000,0.000000,Source: gse20194,0.913043,0.817460,0.926808
MMS19,0.000000,0.000000,Source: gse20194,0.913043,0.817460,0.926808
ZKSCAN3,0.000000,0.000000,Source: gse20194,0.913043,0.817460,0.926808
DDX21,0.000000,0.000000,Source: gse20194,0.913043,0.817460,0.926808
F12,0.000000,0.000000,Source: gse20194,0.913043,0.817460,0.926808
SPHK1,0.000000,0.000000,Source: gse20194,0.913043,0.817460,0.926808
FHL2,0.000000,0.000000,Source: gse20194,0.913043,0.817460,0.926808
ACTR5,0.000000,0.000000,Source: gse20194,0.913043,0.817460,0.926808
ENDOD1,0.000000,0.000000,Source: gse20194,0.913043,0.817460,0.926808
KPNA2,0.000000,0.000000,Source: gse20194,0.913043,0.817460,0.926808
PARG,0.000000,0.000000,Source: gse20194,0.913043,0.817460,0.926808
ARMCX2,0.000000,0.000000,Source: gse20194,0.913043,0.817460,0.926808
TRAP1,0.000000,0.000000,Source: gse20194,0.913043,0.817460,0.926808
EHMT1,0.000000,0.000000,Source: gse20194,0.913043,0.817460,0.926808
SEC14L5,0.000000,0.000000,Source: gse20194,0.913043,0.817460,0.926808
CYFIP2,0.000000,0.000000,Source: gse20194,0.913043,0.817460,0.926808
FLAD1,0.000000,0.000000,Source: gse20194,0.913043,0.817460,0.926808
ERF,0.000000,0.000000,Source: gse20194,0.913043,0.817460,0.926808
VPS4B,0.000000,0.000000,Source: gse20194,0.913043,0.817460,0.926808
EIF5A,0.000000,0.000000,Source: gse20194,0.913043,0.817460,0.926808
SNX11,0.000000,0.000000,Source: gse20194,0.913043,0.817460,0.926808
TRIP6,0.000000,0.000000,Source: gse20194,0.913043,0.817460,0.926808
KRI1,0.000000,0.000000,Source: gse20194,0.913043,0.817460,0.926808
PTPN22,0.000000,0.000000,Source: gse20194,0.913043,0.817460,0.926808
MRPL9,0.000000,0.000000,Source: gse20194,0.913043,0.817460,0.926808
ATP2A1,0.000000,0.000000,Source: gse20194,0.913043,0.817460,0.926808
MED20,0.000000,0.000000,Source: gse20194,0.913043,0.817460,0.926808
PLEKHM2,0.000000,0.000000,Source: gse20194,0.913043,0.817460,0.926808
MCAT,0.000000,0.000000,Source: gse20194,0.913043,0.817460,0.926808
PPFIA1,0.000000,0.000000,Source: gse20194,0.913043,0.817460,0.926808
PPP3CA,0.000000,0.000000,Source: gse20194,0.913043,0.817460,0.926808
TM9SF1,0.000000,0.000000,Source: gse20194,0.913043,0.817460,0.926808
ENPEP,0.000000,0.000000,Source: gse20194,0.913043,0.817460,0.926808
DCAF6,0.000000,0.000000,Source: gse20194,0.913043,0.817460,0.926808
IFT57,0.000000,0.000000,Source: gse20194,0.913043,0.817460,0.926808
FJX1,0.000000,0.000000,Source: gse20194,0.913043,0.817460,0.926808
STK3,0.000000,0.000000,Source: gse20194,0.913043,0.817460,0.926808
MBP,0.000000,0.000000,Source: gse20194,0.913043,0.817460,0.926808
P4HA2,0.000000,0.000000,Source: gse20194,0.913043,0.817460,0.926808
PBK,0.000000,0.000000,Source: gse20194,0.913043,0.817460,0.926808
TPD52,0.000000,0.000000,Source: gse20194,0.913043,0.817460,0.926808
LIM2,0.000000,0.000000,Source: gse20194,0.913043,0.817460,0.926808
IFI27,0.000000,0.000000,Source: gse20194,0.913043,0.817460,0.926808
POLE3,0.000000,0.000000,Source: gse20194,0.913043,0.817460,0.926808
CDC42SE1,0.000000,0.000000,Source: gse20194,0.913043,0.817460,0.926808
SLC6A14,0.000000,0.000000,Source: gse20194,0.913043,0.817460,0.926808
TGFBR1,0.000000,0.000000,Source: gse20194,0.913043,0.817460,0.926808
MRPL11,0.000000,0.000000,Source: gse20194,0.913043,0.817460,0.926808
LDB1,0.000000,0.000000,Source: gse20194,0.913043,0.817460,0.926808
ARPC1B,0.000000,0.000000,Source: gse20194,0.913043,0.817460,0.926808
PI4KA,0.000000,0.000000,Source: gse20194,0.913043,0.817460,0.926808
LIMA1,0.000000,0.000000,Source: gse20194,0.913043,0.817460,0.926808
KCNK1,0.000000,0.000000,Source: gse20194,0.913043,0.817460,0.926808
TUB,0.000000,0.000000,Source: gse20194,0.913043,0.817460,0.926808
ASPM,0.000000,0.000000,Source: gse20194,0.913043,0.817460,0.926808
NOX5,0.000000,0.000000,Source: gse20194,0.913043,0.817460,0.926808
GPR27,0.000000,0.000000,Source: gse20194,0.913043,0.817460,0.926808
GPX2,0.000000,0.000000,Source: gse20194,0.913043,0.817460,0.926808
NUP214,0.000000,0.000000,Source: gse20194,0.913043,0.817460,0.926808
ZNF226,0.000000,0.000000,Source: gse20194,0.913043,0.817460,0.926808
ESRP2,0.000000,0.000000,Source: gse20194,0.913043,0.817460,0.926808
LYPD3,0.000000,0.000000,Source: gse20194,0.913043,0.817460,0.926808
SELENBP1,0.000000,0.000000,Source: gse20194,0.913043,0.817460,0.926808
NBAS,0.000000,0.000000,Source: gse20194,0.913043,0.817460,0.926808
PEX5L,0.000000,0.000000,Source: gse20194,0.913043,0.817460,0.926808
TMEM33,0.000000,0.000000,Source: gse20194,0.913043,0.817460,0.926808
BLCAP,0.000000,0.000000,Source: gse20194,0.913043,0.817460,0.926808
IGFBP1,0.000000,0.000000,Source: gse20194,0.913043,0.817460,0.926808
FKBP1A,0.000000,0.000000,Source: gse20194,0.913043,0.817460,0.926808
PSMD7,0.000000,0.000000,Source: gse20194,0.913043,0.817460,0.926808
TRPV2,0.000000,0.000000,Source: gse20194,0.913043,0.817460,0.926808
HINT1,0.000000,0.000000,Source: gse20194,0.913043,0.817460,0.926808
PMCH,0.000000,0.000000,Source: gse20194,0.913043,0.817460,0.926808
PTCH2,0.000000,0.000000,Source: gse20194,0.913043,0.817460,0.926808
MMP28,0.000000,0.000000,Source: gse20194,0.913043,0.817460,0.926808
CITED1,0.000000,0.000000,Source: gse20194,0.913043,0.817460,0.926808
PDSS2,0.000000,0.000000,Source: gse20194,0.913043,0.817460,0.926808
CXCR6,0.000000,0.000000,Source: gse20194,0.913043,0.817460,0.926808
CKAP5,0.000000,0.000000,Source: gse20194,0.913043,0.817460,0.926808
RALYL,0.000000,0.000000,Source: gse20194,0.913043,0.817460,0.926808
LTBP2,0.000000,0.000000,Source: gse20194,0.913043,0.817460,0.926808
LSM6,0.000000,0.000000,Source: gse20194,0.913043,0.817460,0.926808
FCGBP,0.000000,0.000000,Source: gse20194,0.913043,0.817460,0.926808
USP24,0.000000,0.000000,Source: gse20194,0.913043,0.817460,0.926808
HSPA12A,0.000000,0.000000,Source: gse20194,0.913043,0.817460,0.926808
PCCB,0.000000,0.000000,Source: gse20194,0.913043,0.817460,0.926808
SOX12,0.000000,0.000000,Source: gse20194,0.913043,0.817460,0.926808
TEP1,0.000000,0.000000,Source: gse20194,0.913043,0.817460,0.926808
IL16,0.000000,0.000000,Source: gse20194,0.913043,0.817460,0.926808
APEX2,0.000000,0.000000,Source: gse20194,0.913043,0.817460,0.926808
FAT1,0.000000,0.000000,Source: gse20194,0.913043,0.817460,0.926808
NCAPG2,0.000000,0.000000,Source: gse20194,0.913043,0.817460,0.926808
OMG,0.000000,0.000000,Source: gse20194,0.913043,0.817460,0.926808
RWDD1,0.000000,0.000000,Source: gse20194,0.913043,0.817460,0.926808
NEK4,0.000000,0.000000,Source: gse20194,0.913043,0.817460,0.926808
ZNF493,0.000000,0.000000,Source: gse20194,0.913043,0.817460,0.926808
MARCKS,0.000000,0.000000,Source: gse20194,0.913043,0.817460,0.926808
ADRB3,0.000000,0.000000,Source: gse20194,0.913043,0.817460,0.926808
CASR,0.000000,0.000000,Source: gse20194,0.913043,0.817460,0.926808
MYL4,0.000000,0.000000,Source: gse20194,0.913043,0.817460,0.926808
GRIP1,0.000000,0.000000,Source: gse20194,0.913043,0.817460,0.926808
DZIP1,0.000000,0.000000,Source: gse20194,0.913043,0.817460,0.926808
TDRD12,0.000000,0.000000,Source: gse20194,0.913043,0.817460,0.926808
KLHDC2,0.000000,0.000000,Source: gse20194,0.913043,0.817460,0.926808
RAPSN,0.000000,0.000000,Source: gse20194,0.913043,0.817460,0.926808
HNRNPF,0.000000,0.000000,Source: gse20194,0.913043,0.817460,0.926808
NARS2,0.000000,0.000000,Source: gse20194,0.913043,0.817460,0.926808
HRH4,0.000000,0.000000,Source: gse20194,0.913043,0.817460,0.926808
SLC18A3,0.000000,0.000000,Source: gse20194,0.913043,0.817460,0.926808
RAB4A,0.000000,0.000000,Source: gse20194,0.913043,0.817460,0.926808
CHRNA1,0.000000,0.000000,Source: gse20194,0.913043,0.817460,0.926808
DNM1L,0.000000,0.000000,Source: gse20194,0.913043,0.817460,0.926808
OTC,0.000000,0.000000,Source: gse20194,0.913043,0.817460,0.926808
MOCS2,0.000000,0.000000,Source: gse20194,0.913043,0.817460,0.926808
PTDSS2,0.000000,0.000000,Source: gse20194,0.913043,0.817460,0.926808
KCNC3,0.000000,0.000000,Source: gse20194,0.913043,0.817460,0.926808
PLLP,0.000000,0.000000,Source: gse20194,0.913043,0.817460,0.926808
LTC4S,0.000000,0.000000,Source: gse20194,0.913043,0.817460,0.926808
PEX12,0.000000,0.000000,Source: gse20194,0.913043,0.817460,0.926808
SIGLEC15,0.000000,0.000000,Source: gse20194,0.913043,0.817460,0.926808
SRRT,0.000000,0.000000,Source: gse20194,0.913043,0.817460,0.926808
LTB,0.000000,0.000000,Source: gse20194,0.913043,0.817460,0.926808
PML,0.000000,0.000000,Source: gse20194,0.913043,0.817460,0.926808
PSG1,0.000000,0.000000,Source: gse20194,0.913043,0.817460,0.926808
MBD1,0.000000,0.000000,Source: gse20194,0.913043,0.817460,0.926808
PAK1IP1,0.000000,0.000000,Source: gse20194,0.913043,0.817460,0.926808
ACAT2,0.000000,0.000000,Source: gse20194,0.913043,0.817460,0.926808
LDHC,0.000000,0.000000,Source: gse20194,0.913043,0.817460,0.926808
SLC27A2,0.000000,0.000000,Source: gse20194,0.913043,0.817460,0.926808
SEC61B,0.000000,0.000000,Source: gse20194,0.913043,0.817460,0.926808
KRT24,0.000000,0.000000,Source: gse20194,0.913043,0.817460,0.926808
SLC50A1,0.000000,0.000000,Source: gse20194,0.913043,0.817460,0.926808
SERPINA7,0.000000,0.000000,Source: gse20194,0.913043,0.817460,0.926808
CLEC3B,0.000000,0.000000,Source: gse20194,0.913043,0.817460,0.926808
COX11,0.000000,0.000000,Source: gse20194,0.913043,0.817460,0.926808
HTRA2,0.000000,0.000000,Source: gse20194,0.913043,0.817460,0.926808
MTA2,0.000000,0.000000,Source: gse20194,0.913043,0.817460,0.926808
TMEM161A,0.000000,0.000000,Source: gse20194,0.913043,0.817460,0.926808
CLEC10A,0.000000,0.000000,Source: gse20194,0.913043,0.817460,0.926808
MEF2D,0.000000,0.000000,Source: gse20194,0.913043,0.817460,0.926808
HAPLN1,0.000000,0.000000,Source: gse20194,0.913043,0.817460,0.926808
SPRED2,0.000000,0.000000,Source: gse20194,0.913043,0.817460,0.926808
PKD2L1,0.000000,0.000000,Source: gse20194,0.913043,0.817460,0.926808
DDOST,0.000000,0.000000,Source: gse20194,0.913043,0.817460,0.926808
DDX47,0.000000,0.000000,Source: gse20194,0.913043,0.817460,0.926808
TEAD4,0.000000,0.000000,Source: gse20194,0.913043,0.817460,0.926808
RBPJ,0.000000,0.000000,Source: gse20194,0.913043,0.817460,0.926808
OPA1,0.000000,0.000000,Source: gse20194,0.913043,0.817460,0.926808
NIPAL3,0.000000,0.000000,Source: gse20194,0.913043,0.817460,0.926808
ASS1,0.000000,0.000000,Source: gse20194,0.913043,0.817460,0.926808
INPP5B,0.000000,0.000000,Source: gse20194,0.913043,0.817460,0.926808
KCNJ4,0.000000,0.000000,Source: gse20194,0.913043,0.817460,0.926808
DDR2,0.000000,0.000000,Source: gse20194,0.913043,0.817460,0.926808
PCIF1,0.000000,0.000000,Source: gse20194,0.913043,0.817460,0.926808
TAAR5,0.000000,0.000000,Source: gse20194,0.913043,0.817460,0.926808
CLCF1,0.000000,0.000000,Source: gse20194,0.913043,0.817460,0.926808
UPK3A,0.000000,0.000000,Source: gse20194,0.913043,0.817460,0.926808
POLR3E,0.000000,0.000000,Source: gse20194,0.913043,0.817460,0.926808
PFKFB3,0.000000,0.000000,Source: gse20194,0.913043,0.817460,0.926808
MCMBP,0.000000,0.000000,Source: gse20194,0.913043,0.817460,0.926808
SIRT4,0.000000,0.000000,Source: gse20194,0.913043,0.817460,0.926808
KCNF1,0.000000,0.000000,Source: gse20194,0.913043,0.817460,0.926808
IFIT3,0.000000,0.000000,Source: gse20194,0.913043,0.817460,0.926808
MXI1,0.000000,0.000000,Source: gse20194,0.913043,0.817460,0.926808
TRIM38,0.000000,0.000000,Source: gse20194,0.913043,0.817460,0.926808
EHBP1L1,0.000000,0.000000,Source: gse20194,0.913043,0.817460,0.926808
NUCKS1,0.000000,0.000000,Source: gse20194,0.913043,0.817460,0.926808
OR7E2P,0.000000,0.000000,Source: gse20194,0.913043,0.817460,0.926808
CIAO1,0.000000,0.000000,Source: gse20194,0.913043,0.817460,0.926808
DNAJB9,0.000000,0.000000,Source: gse20194,0.913043,0.817460,0.926808
ZNF277,0.000000,0.000000,Source: gse20194,0.913043,0.817460,0.926808
CYTH3,0.000000,0.000000,Source: gse20194,0.913043,0.817460,0.926808
PNPLA3,0.000000,0.000000,Source: gse20194,0.913043,0.817460,0.926808
KIR3DL2,0.000000,0.000000,Source: gse20194,0.913043,0.817460,0.926808
TRH,0.000000,0.000000,Source: gse20194,0.913043,0.817460,0.926808
MSTN,0.000000,0.000000,Source: gse20194,0.913043,0.817460,0.926808
CTIF,0.000000,0.000000,Source: gse20194,0.913043,0.817460,0.926808
PSMD3,0.000000,0.000000,Source: gse20194,0.913043,0.817460,0.926808
SOAT1,0.000000,0.000000,Source: gse20194,0.913043,0.817460,0.926808
MDC1,0.000000,0.000000,Source: gse20194,0.913043,0.817460,0.926808
NFKBIE,0.000000,0.000000,Source: gse20194,0.913043,0.817460,0.926808
PACS1,0.000000,0.000000,Source: gse20194,0.913043,0.817460,0.926808
GZMK,0.000000,0.000000,Source: gse20194,0.913043,0.817460,0.926808
RPS27L,0.000000,0.000000,Source: gse20194,0.913043,0.817460,0.926808
UBR4,0.000000,0.000000,Source: gse20194,0.913043,0.817460,0.926808
SP4,0.000000,0.000000,Source: gse20194,0.913043,0.817460,0.926808
NCKAP1L,0.000000,0.000000,Source: gse20194,0.913043,0.817460,0.926808
ABHD5,0.000000,0.000000,Source: gse20194,0.913043,0.817460,0.926808
AKAP3,0.000000,0.000000,Source: gse20194,0.913043,0.817460,0.926808
RPL14,0.000000,0.000000,Source: gse20194,0.913043,0.817460,0.926808
EIF6,0.000000,0.000000,Source: gse20194,0.913043,0.817460,0.926808
CNPY3,0.000000,0.000000,Source: gse20194,0.913043,0.817460,0.926808
TGFB1I1,0.000000,0.000000,Source: gse20194,0.913043,0.817460,0.926808
COG4,0.000000,0.000000,Source: gse20194,0.913043,0.817460,0.926808
HSF2,0.000000,0.000000,Source: gse20194,0.913043,0.817460,0.926808
KIAA0040,0.000000,0.000000,Source: gse20194,0.913043,0.817460,0.926808
FGFR4,0.000000,0.000000,Source: gse20194,0.913043,0.817460,0.926808
THAP7,0.000000,0.000000,Source: gse20194,0.913043,0.817460,0.926808
CHIT1,0.000000,0.000000,Source: gse20194,0.913043,0.817460,0.926808
MAB21L1,0.000000,0.000000,Source: gse20194,0.913043,0.817460,0.926808
EDNRA,0.000000,0.000000,Source: gse20194,0.913043,0.817460,0.926808
DNAJC4,0.000000,0.000000,Source: gse20194,0.913043,0.817460,0.926808
PDXK,0.000000,0.000000,Source: gse20194,0.913043,0.817460,0.926808
FXN,0.000000,0.000000,Source: gse20194,0.913043,0.817460,0.926808
MMP25,0.000000,0.000000,Source: gse20194,0.913043,0.817460,0.926808
GPR37,0.000000,0.000000,Source: gse20194,0.913043,0.817460,0.926808
SHANK2,0.000000,0.000000,Source: gse20194,0.913043,0.817460,0.926808
SGCA,0.000000,0.000000,Source: gse20194,0.913043,0.817460,0.926808
CAPN6,0.000000,0.000000,Source: gse20194,0.913043,0.817460,0.926808
IGFALS,0.000000,0.000000,Source: gse20194,0.913043,0.817460,0.926808
PTPN21,0.000000,0.000000,Source: gse20194,0.913043,0.817460,0.926808
TNFSF11,0.000000,0.000000,Source: gse20194,0.913043,0.817460,0.926808
DBH,0.000000,0.000000,Source: gse20194,0.913043,0.817460,0.926808
DGKD,0.000000,0.000000,Source: gse20194,0.913043,0.817460,0.926808
RASGRF1,0.000000,0.000000,Source: gse20194,0.913043,0.817460,0.926808
DDR1,0.000000,0.000000,Source: gse20194,0.913043,0.817460,0.926808
PAGE4,0.000000,0.000000,Source: gse20194,0.913043,0.817460,0.926808
SEMA4F,0.000000,0.000000,Source: gse20194,0.913043,0.817460,0.926808
PDK2,0.000000,0.000000,Source: gse20194,0.913043,0.817460,0.926808
PRM2,0.000000,0.000000,Source: gse20194,0.913043,0.817460,0.926808
ROBO4,0.000000,0.000000,Source: gse20194,0.913043,0.817460,0.926808
SH3GL3,0.000000,0.000000,Source: gse20194,0.913043,0.817460,0.926808
MAN2A2,0.000000,0.000000,Source: gse20194,0.913043,0.817460,0.926808
RUFY3,0.000000,0.000000,Source: gse20194,0.913043,0.817460,0.926808
PAX1,0.000000,0.000000,Source: gse20194,0.913043,0.817460,0.926808
XPNPEP1,0.000000,0.000000,Source: gse20194,0.913043,0.817460,0.926808
ZNF682,0.000000,0.000000,Source: gse20194,0.913043,0.817460,0.926808
TNFAIP2,0.000000,0.000000,Source: gse20194,0.913043,0.817460,0.926808
FLRT2,0.000000,0.000000,Source: gse20194,0.913043,0.817460,0.926808
SRF,0.000000,0.000000,Source: gse20194,0.913043,0.817460,0.926808
MLLT3,0.000000,0.000000,Source: gse20194,0.913043,0.817460,0.926808
EIF4ENIF1,0.000000,0.000000,Source: gse20194,0.913043,0.817460,0.926808
TBC1D2,0.000000,0.000000,Source: gse20194,0.913043,0.817460,0.926808
CRLF1,0.000000,0.000000,Source: gse20194,0.913043,0.817460,0.926808
MGMT,0.000000,0.000000,Source: gse20194,0.913043,0.817460,0.926808
LY75,0.000000,0.000000,Source: gse20194,0.913043,0.817460,0.926808
CDH3,0.000000,0.000000,Source: gse20194,0.913043,0.817460,0.926808
PPP1R3D,0.000000,0.000000,Source: gse20194,0.913043,0.817460,0.926808
HNRNPA2B1,0.000000,0.000000,Source: gse20194,0.913043,0.817460,0.926808
IKZF4,0.000000,0.000000,Source: gse20194,0.913043,0.817460,0.926808
POLR3B,0.000000,0.000000,Source: gse20194,0.913043,0.817460,0.926808
TMSB10,0.000000,0.000000,Source: gse20194,0.913043,0.817460,0.926808
ARMCX1,0.000000,0.000000,Source: gse20194,0.913043,0.817460,0.926808
COMMD3,0.000000,0.000000,Source: gse20194,0.913043,0.817460,0.926808
CHD4,0.000000,0.000000,Source: gse20194,0.913043,0.817460,0.926808
RNASET2,0.000000,0.000000,Source: gse20194,0.913043,0.817460,0.926808
ZNF286A,0.000000,0.000000,Source: gse20194,0.913043,0.817460,0.926808
SMAD5-AS1,0.000000,0.000000,Source: gse20194,0.913043,0.817460,0.926808
CDC23,0.000000,0.000000,Source: gse20194,0.913043,0.817460,0.926808
TRPC2,0.000000,0.000000,Source: gse20194,0.913043,0.817460,0.926808
PNMA1,0.000000,0.000000,Source: gse20194,0.913043,0.817460,0.926808
ACVRL1,0.000000,0.000000,Source: gse20194,0.913043,0.817460,0.926808
ZBTB43,0.000000,0.000000,Source: gse20194,0.913043,0.817460,0.926808
PSMA5,0.000000,0.000000,Source: gse20194,0.913043,0.817460,0.926808
ANGEL2,0.000000,0.000000,Source: gse20194,0.913043,0.817460,0.926808
CCDC82,0.000000,0.000000,Source: gse20194,0.913043,0.817460,0.926808
C6orf120,0.000000,0.000000,Source: gse20194,0.913043,0.817460,0.926808
RLN3,0.000000,0.000000,Source: gse20194,0.913043,0.817460,0.926808
UBE2L3,0.000000,0.000000,Source: gse20194,0.913043,0.817460,0.926808
MICALL2,0.000000,0.000000,Source: gse20194,0.913043,0.817460,0.926808
BTN2A1,0.000000,0.000000,Source: gse20194,0.913043,0.817460,0.926808
TRIAP1,0.000000,0.000000,Source: gse20194,0.913043,0.817460,0.926808
RAB32,0.000000,0.000000,Source: gse20194,0.913043,0.817460,0.926808
FAM110D,0.000000,0.000000,Source: gse20194,0.913043,0.817460,0.926808
LRTM1,0.000000,0.000000,Source: gse20194,0.913043,0.817460,0.926808
TGOLN2,0.000000,0.000000,Source: gse20194,0.913043,0.817460,0.926808
TMEM204,0.000000,0.000000,Source: gse20194,0.913043,0.817460,0.926808
BCL11A,0.000000,0.000000,Source: gse20194,0.913043,0.817460,0.926808
RRS1,0.000000,0.000000,Source: gse20194,0.913043,0.817460,0.926808
TRIM44,0.000000,0.000000,Source: gse20194,0.913043,0.817460,0.926808
PDE9A,0.000000,0.000000,Source: gse20194,0.913043,0.817460,0.926808
TRPM2,0.000000,0.000000,Source: gse20194,0.913043,0.817460,0.926808
MB,0.000000,0.000000,Source: gse20194,0.913043,0.817460,0.926808
PCYOX1,0.000000,0.000000,Source: gse20194,0.913043,0.817460,0.926808
KPNA4,0.000000,0.000000,Source: gse20194,0.913043,0.817460,0.926808
CLASRP,0.000000,0.000000,Source: gse20194,0.913043,0.817460,0.926808
COQ9,0.000000,0.000000,Source: gse20194,0.913043,0.817460,0.926808
SCNN1D,0.000000,0.000000,Source: gse20194,0.913043,0.817460,0.926808
BNIP3L,0.000000,0.000000,Source: gse20194,0.913043,0.817460,0.926808
OSGEPL1,0.000000,0.000000,Source: gse20194,0.913043,0.817460,0.926808
SHH,0.000000,0.000000,Source: gse20194,0.913043,0.817460,0.926808
LHX1,0.000000,0.000000,Source: gse20194,0.913043,0.817460,0.926808
NEUROD4,0.000000,0.000000,Source: gse20194,0.913043,0.817460,0.926808
LSS,0.000000,0.000000,Source: gse20194,0.913043,0.817460,0.926808
CLCN6,0.000000,0.000000,Source: gse20194,0.913043,0.817460,0.926808
NUP88,0.000000,0.000000,Source: gse20194,0.913043,0.817460,0.926808
SGCG,0.000000,0.000000,Source: gse20194,0.913043,0.817460,0.926808
DYRK4,0.000000,0.000000,Source: gse20194,0.913043,0.817460,0.926808
FASTKD2,0.000000,0.000000,Source: gse20194,0.913043,0.817460,0.926808
SLPI,0.000000,0.000000,Source: gse20194,0.913043,0.817460,0.926808
PNLIPRP2,0.000000,0.000000,Source: gse20194,0.913043,0.817460,0.926808
PTP4A3,0.000000,0.000000,Source: gse20194,0.913043,0.817460,0.926808
BCL7B,0.000000,0.000000,Source: gse20194,0.913043,0.817460,0.926808
BSPRY,0.000000,0.000000,Source: gse20194,0.913043,0.817460,0.926808
POU2F1,0.000000,0.000000,Source: gse20194,0.913043,0.817460,0.926808
DNAJC9,0.000000,0.000000,Source: gse20194,0.913043,0.817460,0.926808
ST8SIA2,0.000000,0.000000,Source: gse20194,0.913043,0.817460,0.926808
C1orf115,0.000000,0.000000,Source: gse20194,0.913043,0.817460,0.926808
STYXL1,0.000000,0.000000,Source: gse20194,0.913043,0.817460,0.926808
MAT2A,0.000000,0.000000,Source: gse20194,0.913043,0.817460,0.926808
MEF2C,0.000000,0.000000,Source: gse20194,0.913043,0.817460,0.926808
SEMA3A,0.000000,0.000000,Source: gse20194,0.913043,0.817460,0.926808
SLC6A11,0.000000,0.000000,Source: gse20194,0.913043,0.817460,0.926808
RBP1,0.000000,0.000000,Source: gse20194,0.913043,0.817460,0.926808
LFNG,0.000000,0.000000,Source: gse20194,0.913043,0.817460,0.926808
EML1,0.000000,0.000000,Source: gse20194,0.913043,0.817460,0.926808
PDZD8,0.000000,0.000000,Source: gse20194,0.913043,0.817460,0.926808
KANSL3,0.000000,0.000000,Source: gse20194,0.913043,0.817460,0.926808
ABHD4,0.000000,0.000000,Source: gse20194,0.913043,0.817460,0.926808
IFNGR1,0.000000,0.000000,Source: gse20194,0.913043,0.817460,0.926808
LOC155060,0.000000,0.000000,Source: gse20194,0.913043,0.817460,0.926808
IL3RA,0.000000,0.000000,Source: gse20194,0.913043,0.817460,0.926808
DNAH3,0.000000,0.000000,Source: gse20194,0.913043,0.817460,0.926808
IRF5,0.000000,0.000000,Source: gse20194,0.913043,0.817460,0.926808
GABPA,0.000000,0.000000,Source: gse20194,0.913043,0.817460,0.926808
MAP3K10,0.000000,0.000000,Source: gse20194,0.913043,0.817460,0.926808
UBAP1,0.000000,0.000000,Source: gse20194,0.913043,0.817460,0.926808
POLR2A,0.000000,0.000000,Source: gse20194,0.913043,0.817460,0.926808
LETM1,0.000000,0.000000,Source: gse20194,0.913043,0.817460,0.926808
PLEKHJ1,0.000000,0.000000,Source: gse20194,0.913043,0.817460,0.926808
FCF1,0.000000,0.000000,Source: gse20194,0.913043,0.817460,0.926808
AMPH,0.000000,0.000000,Source: gse20194,0.913043,0.817460,0.926808
APBA2,0.000000,0.000000,Source: gse20194,0.913043,0.817460,0.926808
ARHGAP28,0.000000,0.000000,Source: gse20194,0.913043,0.817460,0.926808
DDX27,0.000000,0.000000,Source: gse20194,0.913043,0.817460,0.926808
P2RY6,0.000000,0.000000,Source: gse20194,0.913043,0.817460,0.926808
BAMBI,0.000000,0.000000,Source: gse20194,0.913043,0.817460,0.926808
YY2,0.000000,0.000000,Source: gse20194,0.913043,0.817460,0.926808
BMP5,0.000000,0.000000,Source: gse20194,0.913043,0.817460,0.926808
ALDOB,0.000000,0.000000,Source: gse20194,0.913043,0.817460,0.926808
CUL3,0.000000,0.000000,Source: gse20194,0.913043,0.817460,0.926808
IGHMBP2,0.000000,0.000000,Source: gse20194,0.913043,0.817460,0.926808
SH3BP1,0.000000,0.000000,Source: gse20194,0.913043,0.817460,0.926808
CFI,0.000000,0.000000,Source: gse20194,0.913043,0.817460,0.926808
ZNF460,0.000000,0.000000,Source: gse20194,0.913043,0.817460,0.926808
GALNT7,0.000000,0.000000,Source: gse20194,0.913043,0.817460,0.926808
MSR1,0.000000,0.000000,Source: gse20194,0.913043,0.817460,0.926808
PDE6H,0.000000,0.000000,Source: gse20194,0.913043,0.817460,0.926808
CLCA2,0.000000,0.000000,Source: gse20194,0.913043,0.817460,0.926808
RAB17,0.000000,0.000000,Source: gse20194,0.913043,0.817460,0.926808
CD59,0.000000,0.000000,Source: gse20194,0.913043,0.817460,0.926808
PHLDA3,0.000000,0.000000,Source: gse20194,0.913043,0.817460,0.926808
FOXM1,0.000000,0.000000,Source: gse20194,0.913043,0.817460,0.926808
DNAJC1,0.000000,0.000000,Source: gse20194,0.913043,0.817460,0.926808
NDUFA10,0.000000,0.000000,Source: gse20194,0.913043,0.817460,0.926808
TP53BP1,0.000000,0.000000,Source: gse20194,0.913043,0.817460,0.926808
GYPE,0.000000,0.000000,Source: gse20194,0.913043,0.817460,0.926808
PDE1B,0.000000,0.000000,Source: gse20194,0.913043,0.817460,0.926808
POP7,0.000000,0.000000,Source: gse20194,0.913043,0.817460,0.926808
SLC38A10,0.000000,0.000000,Source: gse20194,0.913043,0.817460,0.926808
ADCYAP1R1,0.000000,0.000000,Source: gse20194,0.913043,0.817460,0.926808
LILRB5,0.000000,0.000000,Source: gse20194,0.913043,0.817460,0.926808
LOXL2,0.000000,0.000000,Source: gse20194,0.913043,0.817460,0.926808
PDAP1,0.000000,0.000000,Source: gse20194,0.913043,0.817460,0.926808
PIGZ,0.000000,0.000000,Source: gse20194,0.913043,0.817460,0.926808
CIR1,0.000000,0.000000,Source: gse20194,0.913043,0.817460,0.926808
MEGF6,0.000000,0.000000,Source: gse20194,0.913043,0.817460,0.926808
CD36,0.000000,0.000000,Source: gse20194,0.913043,0.817460,0.926808
MAPKAPK5,0.000000,0.000000,Source: gse20194,0.913043,0.817460,0.926808
PSMA3,0.000000,0.000000,Source: gse20194,0.913043,0.817460,0.926808
SMUG1,0.000000,0.000000,Source: gse20194,0.913043,0.817460,0.926808
NDUFS1,0.000000,0.000000,Source: gse20194,0.913043,0.817460,0.926808
IMMT,0.000000,0.000000,Source: gse20194,0.913043,0.817460,0.926808
CALHM2,0.000000,0.000000,Source: gse20194,0.913043,0.817460,0.926808
GLE1,0.000000,0.000000,Source: gse20194,0.913043,0.817460,0.926808
SMPDL3A,0.000000,0.000000,Source: gse20194,0.913043,0.817460,0.926808
ARHGEF16,0.000000,0.000000,Source: gse20194,0.913043,0.817460,0.926808
MKRN1,0.000000,0.000000,Source: gse20194,0.913043,0.817460,0.926808
NCOA3,0.000000,0.000000,Source: gse20194,0.913043,0.817460,0.926808
SCAMP4,0.000000,0.000000,Source: gse20194,0.913043,0.817460,0.926808
KIF15,0.000000,0.000000,Source: gse20194,0.913043,0.817460,0.926808
QTRT1,0.000000,0.000000,Source: gse20194,0.913043,0.817460,0.926808
ABCF3,0.000000,0.000000,Source: gse20194,0.913043,0.817460,0.926808
ELK3,0.000000,0.000000,Source: gse20194,0.913043,0.817460,0.926808
EFNB3,0.000000,0.000000,Source: gse20194,0.913043,0.817460,0.926808
UTP3,0.000000,0.000000,Source: gse20194,0.913043,0.817460,0.926808
RWDD2A,0.000000,0.000000,Source: gse20194,0.913043,0.817460,0.926808
ADAMTSL3,0.000000,0.000000,Source: gse20194,0.913043,0.817460,0.926808
MAP9,0.000000,0.000000,Source: gse20194,0.913043,0.817460,0.926808
GNAZ,0.000000,0.000000,Source: gse20194,0.913043,0.817460,0.926808
SLC27A3,0.000000,0.000000,Source: gse20194,0.913043,0.817460,0.926808
RBMS1,0.000000,0.000000,Source: gse20194,0.913043,0.817460,0.926808
BCAR3,0.000000,0.000000,Source: gse20194,0.913043,0.817460,0.926808
ANXA3,0.000000,0.000000,Source: gse20194,0.913043,0.817460,0.926808
CNTFR,0.000000,0.000000,Source: gse20194,0.913043,0.817460,0.926808
A1CF,0.000000,0.000000,Source: gse20194,0.913043,0.817460,0.926808
GUSBP11,0.000000,0.000000,Source: gse20194,0.913043,0.817460,0.926808
AGRN,0.000000,0.000000,Source: gse20194,0.913043,0.817460,0.926808
FAM131A,0.000000,0.000000,Source: gse20194,0.913043,0.817460,0.926808
ITPR2,0.000000,0.000000,Source: gse20194,0.913043,0.817460,0.926808
KDM6B,0.000000,0.000000,Source: gse20194,0.913043,0.817460,0.926808
BTN2A2,0.000000,0.000000,Source: gse20194,0.913043,0.817460,0.926808
TARBP2,0.000000,0.000000,Source: gse20194,0.913043,0.817460,0.926808
ATP1B4,0.000000,0.000000,Source: gse20194,0.913043,0.817460,0.926808
DHX32,0.000000,0.000000,Source: gse20194,0.913043,0.817460,0.926808
MMP12,0.000000,0.000000,Source: gse20194,0.913043,0.817460,0.926808
SSTR4,0.000000,0.000000,Source: gse20194,0.913043,0.817460,0.926808
GSDMD,0.000000,0.000000,Source: gse20194,0.913043,0.817460,0.926808
KLK3,0.000000,0.000000,Source: gse20194,0.913043,0.817460,0.926808
HDDC2,0.000000,0.000000,Source: gse20194,0.913043,0.817460,0.926808
TIGD6,0.000000,0.000000,Source: gse20194,0.913043,0.817460,0.926808
SLCO1B3,0.000000,0.000000,Source: gse20194,0.913043,0.817460,0.926808
PRB3,0.000000,0.000000,Source: gse20194,0.913043,0.817460,0.926808
SGK1,0.000000,0.000000,Source: gse20194,0.913043,0.817460,0.926808
PDK4,0.000000,0.000000,Source: gse20194,0.913043,0.817460,0.926808
TTLL5,0.000000,0.000000,Source: gse20194,0.913043,0.817460,0.926808
CKMT2,0.000000,0.000000,Source: gse20194,0.913043,0.817460,0.926808
OSBPL3,0.000000,0.000000,Source: gse20194,0.913043,0.817460,0.926808
RFWD3,0.000000,0.000000,Source: gse20194,0.913043,0.817460,0.926808
GFRA1,0.000000,0.000000,Source: gse20194,0.913043,0.817460,0.926808
MKKS,0.000000,0.000000,Source: gse20194,0.913043,0.817460,0.926808
TGFB1,0.000000,0.000000,Source: gse20194,0.913043,0.817460,0.926808
TNFSF12,0.000000,0.000000,Source: gse20194,0.913043,0.817460,0.926808
ASH2L,0.000000,0.000000,Source: gse20194,0.913043,0.817460,0.926808
EIF2B3,0.000000,0.000000,Source: gse20194,0.913043,0.817460,0.926808
PCLO,0.000000,0.000000,Source: gse20194,0.913043,0.817460,0.926808
SEMA4D,0.000000,0.000000,Source: gse20194,0.913043,0.817460,0.926808
ZNHIT3,0.000000,0.000000,Source: gse20194,0.913043,0.817460,0.926808
ADH5,0.000000,0.000000,Source: gse20194,0.913043,0.817460,0.926808
IP6K2,0.000000,0.000000,Source: gse20194,0.913043,0.817460,0.926808
WRN,0.000000,0.000000,Source: gse20194,0.913043,0.817460,0.926808
WAC,0.000000,0.000000,Source: gse20194,0.913043,0.817460,0.926808
PGAP3,0.000000,0.000000,Source: gse20194,0.913043,0.817460,0.926808
EPB41L4A,0.000000,0.000000,Source: gse20194,0.913043,0.817460,0.926808
ZGPAT,0.000000,0.000000,Source: gse20194,0.913043,0.817460,0.926808
PPP1R10,0.000000,0.000000,Source: gse20194,0.913043,0.817460,0.926808
IFI44,0.000000,0.000000,Source: gse20194,0.913043,0.817460,0.926808
YY1,0.000000,0.000000,Source: gse20194,0.913043,0.817460,0.926808
NPBWR2,0.000000,0.000000,Source: gse20194,0.913043,0.817460,0.926808
LYVE1,0.000000,0.000000,Source: gse20194,0.913043,0.817460,0.926808
SLC30A3,0.000000,0.000000,Source: gse20194,0.913043,0.817460,0.926808
EEF1D,0.000000,0.000000,Source: gse20194,0.913043,0.817460,0.926808
GTDC1,0.000000,0.000000,Source: gse20194,0.913043,0.817460,0.926808
XK,0.000000,0.000000,Source: gse20194,0.913043,0.817460,0.926808
C8A,0.000000,0.000000,Source: gse20194,0.913043,0.817460,0.926808
RPS6,0.000000,0.000000,Source: gse20194,0.913043,0.817460,0.926808
NDFIP1,0.000000,0.000000,Source: gse20194,0.913043,0.817460,0.926808
CKLF,0.000000,0.000000,Source: gse20194,0.913043,0.817460,0.926808
PPCS,0.000000,0.000000,Source: gse20194,0.913043,0.817460,0.926808
TMEM134,0.000000,0.000000,Source: gse20194,0.913043,0.817460,0.926808
LTB4R2,0.000000,0.000000,Source: gse20194,0.913043,0.817460,0.926808
IFNA10,0.000000,0.000000,Source: gse20194,0.913043,0.817460,0.926808
TPO,0.000000,0.000000,Source: gse20194,0.913043,0.817460,0.926808
MLPH,0.000000,0.000000,Source: gse20194,0.913043,0.817460,0.926808
RNF144A,0.000000,0.000000,Source: gse20194,0.913043,0.817460,0.926808
CWC25,0.000000,0.000000,Source: gse20194,0.913043,0.817460,0.926808
ADM2,0.000000,0.000000,Source: gse20194,0.913043,0.817460,0.926808
NEK2,0.000000,0.000000,Source: gse20194,0.913043,0.817460,0.926808
PFDN1,0.000000,0.000000,Source: gse20194,0.913043,0.817460,0.926808
IFT52,0.000000,0.000000,Source: gse20194,0.913043,0.817460,0.926808
GINS1,0.000000,0.000000,Source: gse20194,0.913043,0.817460,0.926808
GNAI1,0.000000,0.000000,Source: gse20194,0.913043,0.817460,0.926808
LRPPRC,0.000000,0.000000,Source: gse20194,0.913043,0.817460,0.926808
RBP3,0.000000,0.000000,Source: gse20194,0.913043,0.817460,0.926808
RPL3L,0.000000,0.000000,Source: gse20194,0.913043,0.817460,0.926808
GPR37L1,0.000000,0.000000,Source: gse20194,0.913043,0.817460,0.926808
GNB2,0.000000,0.000000,Source: gse20194,0.913043,0.817460,0.926808
CA2,0.000000,0.000000,Source: gse20194,0.913043,0.817460,0.926808
EXTL2,0.000000,0.000000,Source: gse20194,0.913043,0.817460,0.926808
HSPH1,0.000000,0.000000,Source: gse20194,0.913043,0.817460,0.926808
ZKSCAN5,0.000000,0.000000,Source: gse20194,0.913043,0.817460,0.926808
RBM12,0.000000,0.000000,Source: gse20194,0.913043,0.817460,0.926808
PDZD7,0.000000,0.000000,Source: gse20194,0.913043,0.817460,0.926808
LAMP3,0.000000,0.000000,Source: gse20194,0.913043,0.817460,0.926808
TUBGCP5,0.000000,0.000000,Source: gse20194,0.913043,0.817460,0.926808
PDE7B,0.000000,0.000000,Source: gse20194,0.913043,0.817460,0.926808
BCL2L10,0.000000,0.000000,Source: gse20194,0.913043,0.817460,0.926808
MBIP,0.000000,0.000000,Source: gse20194,0.913043,0.817460,0.926808
CASP4,0.000000,0.000000,Source: gse20194,0.913043,0.817460,0.926808
EMX2,0.000000,0.000000,Source: gse20194,0.913043,0.817460,0.926808
PFDN5,0.000000,0.000000,Source: gse20194,0.913043,0.817460,0.926808
UBAP2,0.000000,0.000000,Source: gse20194,0.913043,0.817460,0.926808
VPS13A,0.000000,0.000000,Source: gse20194,0.913043,0.817460,0.926808
SNRPD1,0.000000,0.000000,Source: gse20194,0.913043,0.817460,0.926808
WDTC1,0.000000,0.000000,Source: gse20194,0.913043,0.817460,0.926808
ADK,0.000000,0.000000,Source: gse20194,0.913043,0.817460,0.926808
AANAT,0.000000,0.000000,Source: gse20194,0.913043,0.817460,0.926808
PLD3,0.000000,0.000000,Source: gse20194,0.913043,0.817460,0.926808
TDRD3,0.000000,0.000000,Source: gse20194,0.913043,0.817460,0.926808
BCAS1,0.000000,0.000000,Source: gse20194,0.913043,0.817460,0.926808
HDAC9,0.000000,0.000000,Source: gse20194,0.913043,0.817460,0.926808
AKAP4,0.000000,0.000000,Source: gse20194,0.913043,0.817460,0.926808
ELANE,0.000000,0.000000,Source: gse20194,0.913043,0.817460,0.926808
MAGEA10,0.000000,0.000000,Source: gse20194,0.913043,0.817460,0.926808
KLK10,0.000000,0.000000,Source: gse20194,0.913043,0.817460,0.926808
ATP6AP2,0.000000,0.000000,Source: gse20194,0.913043,0.817460,0.926808
TSPAN4,0.000000,0.000000,Source: gse20194,0.913043,0.817460,0.926808
GMPPB,0.000000,0.000000,Source: gse20194,0.913043,0.817460,0.926808
PRR14L,0.000000,0.000000,Source: gse20194,0.913043,0.817460,0.926808
PSMA7,0.000000,0.000000,Source: gse20194,0.913043,0.817460,0.926808
SLC6A13,0.000000,0.000000,Source: gse20194,0.913043,0.817460,0.926808
PPP4R1,0.000000,0.000000,Source: gse20194,0.913043,0.817460,0.926808
ACTC1,0.000000,0.000000,Source: gse20194,0.913043,0.817460,0.926808
ARMCX3,0.000000,0.000000,Source: gse20194,0.913043,0.817460,0.926808
POLG,0.000000,0.000000,Source: gse20194,0.913043,0.817460,0.926808
METTL13,0.000000,0.000000,Source: gse20194,0.913043,0.817460,0.926808
ARHGEF15,0.000000,0.000000,Source: gse20194,0.913043,0.817460,0.926808
PSORS1C1,0.000000,0.000000,Source: gse20194,0.913043,0.817460,0.926808
DKFZP434A062,0.000000,0.000000,Source: gse20194,0.913043,0.817460,0.926808
NIF3L1,0.000000,0.000000,Source: gse20194,0.913043,0.817460,0.926808
GUSB,0.000000,0.000000,Source: gse20194,0.913043,0.817460,0.926808
GSK3B,0.000000,0.000000,Source: gse20194,0.913043,0.817460,0.926808
CEP97,0.000000,0.000000,Source: gse20194,0.913043,0.817460,0.926808
IL21R,0.000000,0.000000,Source: gse20194,0.913043,0.817460,0.926808
RUNX1-IT1,0.000000,0.000000,Source: gse20194,0.913043,0.817460,0.926808
SLC25A22,0.000000,0.000000,Source: gse20194,0.913043,0.817460,0.926808
PLA1A,0.000000,0.000000,Source: gse20194,0.913043,0.817460,0.926808
PPP2R1A,0.000000,0.000000,Source: gse20194,0.913043,0.817460,0.926808
ETAA1,0.000000,0.000000,Source: gse20194,0.913043,0.817460,0.926808
ABCA2,0.000000,0.000000,Source: gse20194,0.913043,0.817460,0.926808
SP2,0.000000,0.000000,Source: gse20194,0.913043,0.817460,0.926808
ZC3H15,0.000000,0.000000,Source: gse20194,0.913043,0.817460,0.926808
EXOC2,0.000000,0.000000,Source: gse20194,0.913043,0.817460,0.926808
UBE2C,0.000000,0.000000,Source: gse20194,0.913043,0.817460,0.926808
RAD51AP1,0.000000,0.000000,Source: gse20194,0.913043,0.817460,0.926808
SRGAP2,0.000000,0.000000,Source: gse20194,0.913043,0.817460,0.926808
RXRA,0.000000,0.000000,Source: gse20194,0.913043,0.817460,0.926808
DROSHA,0.000000,0.000000,Source: gse20194,0.913043,0.817460,0.926808
PIGR,0.000000,0.000000,Source: gse20194,0.913043,0.817460,0.926808
ANAPC13,0.000000,0.000000,Source: gse20194,0.913043,0.817460,0.926808
CSNK1D,0.000000,0.000000,Source: gse20194,0.913043,0.817460,0.926808
GHR,0.000000,0.000000,Source: gse20194,0.913043,0.817460,0.926808
FBXL5,0.000000,0.000000,Source: gse20194,0.913043,0.817460,0.926808
KRT7,0.000000,0.000000,Source: gse20194,0.913043,0.817460,0.926808
AFF4,0.000000,0.000000,Source: gse20194,0.913043,0.817460,0.926808
HHLA1,0.000000,0.000000,Source: gse20194,0.913043,0.817460,0.926808
GDI1,0.000000,0.000000,Source: gse20194,0.913043,0.817460,0.926808
TUSC2,0.000000,0.000000,Source: gse20194,0.913043,0.817460,0.926808
TMEM209,0.000000,0.000000,Source: gse20194,0.913043,0.817460,0.926808
IST1,0.000000,0.000000,Source: gse20194,0.913043,0.817460,0.926808
UPF2,0.000000,0.000000,Source: gse20194,0.913043,0.817460,0.926808
GLRX3,0.000000,0.000000,Source: gse20194,0.913043,0.817460,0.926808
BTN1A1,0.000000,0.000000,Source: gse20194,0.913043,0.817460,0.926808
CLPB,0.000000,0.000000,Source: gse20194,0.913043,0.817460,0.926808
GAS1,0.000000,0.000000,Source: gse20194,0.913043,0.817460,0.926808
CAPG,0.000000,0.000000,Source: gse20194,0.913043,0.817460,0.926808
MYOC,0.000000,0.000000,Source: gse20194,0.913043,0.817460,0.926808
CDKN3,0.000000,0.000000,Source: gse20194,0.913043,0.817460,0.926808
PKIA,0.000000,0.000000,Source: gse20194,0.913043,0.817460,0.926808
RPS4Y1,0.000000,0.000000,Source: gse20194,0.913043,0.817460,0.926808
RABGAP1L,0.000000,0.000000,Source: gse20194,0.913043,0.817460,0.926808
GPR162,0.000000,0.000000,Source: gse20194,0.913043,0.817460,0.926808
RASGRP1,0.000000,0.000000,Source: gse20194,0.913043,0.817460,0.926808
UCP1,0.000000,0.000000,Source: gse20194,0.913043,0.817460,0.926808
ANGPTL4,0.000000,0.000000,Source: gse20194,0.913043,0.817460,0.926808
SEZ6L2,0.000000,0.000000,Source: gse20194,0.913043,0.817460,0.926808
IPO7,0.000000,0.000000,Source: gse20194,0.913043,0.817460,0.926808
GSDMB,0.000000,0.000000,Source: gse20194,0.913043,0.817460,0.926808
PALB2,0.000000,0.000000,Source: gse20194,0.913043,0.817460,0.926808
TSEN2,0.000000,0.000000,Source: gse20194,0.913043,0.817460,0.926808
KDM3B,0.000000,0.000000,Source: gse20194,0.913043,0.817460,0.926808
OAZ2,0.000000,0.000000,Source: gse20194,0.913043,0.817460,0.926808
SULT4A1,0.000000,0.000000,Source: gse20194,0.913043,0.817460,0.926808
TSEN34,0.000000,0.000000,Source: gse20194,0.913043,0.817460,0.926808
DENND2D,0.000000,0.000000,Source: gse20194,0.913043,0.817460,0.926808
PDLIM3,0.000000,0.000000,Source: gse20194,0.913043,0.817460,0.926808
TTC3,0.000000,0.000000,Source: gse20194,0.913043,0.817460,0.926808
ZNF264,0.000000,0.000000,Source: gse20194,0.913043,0.817460,0.926808
FASTKD5,0.000000,0.000000,Source: gse20194,0.913043,0.817460,0.926808
GGH,0.000000,0.000000,Source: gse20194,0.913043,0.817460,0.926808
HTR7,0.000000,0.000000,Source: gse20194,0.913043,0.817460,0.926808
PAK4,0.000000,0.000000,Source: gse20194,0.913043,0.817460,0.926808
LSM3,0.000000,0.000000,Source: gse20194,0.913043,0.817460,0.926808
SPN,0.000000,0.000000,Source: gse20194,0.913043,0.817460,0.926808
CTSW,0.000000,0.000000,Source: gse20194,0.913043,0.817460,0.926808
SLCO2A1,0.000000,0.000000,Source: gse20194,0.913043,0.817460,0.926808
FUT7,0.000000,0.000000,Source: gse20194,0.913043,0.817460,0.926808
METTL22,0.000000,0.000000,Source: gse20194,0.913043,0.817460,0.926808
SLC27A5,0.000000,0.000000,Source: gse20194,0.913043,0.817460,0.926808
KBTBD11,0.000000,0.000000,Source: gse20194,0.913043,0.817460,0.926808
PSMA4,0.000000,0.000000,Source: gse20194,0.913043,0.817460,0.926808
USP3,0.000000,0.000000,Source: gse20194,0.913043,0.817460,0.926808
WWP2,0.000000,0.000000,Source: gse20194,0.913043,0.817460,0.926808
ABCD1,0.000000,0.000000,Source: gse20194,0.913043,0.817460,0.926808
MLN,0.000000,0.000000,Source: gse20194,0.913043,0.817460,0.926808
XIST,0.000000,0.000000,Source: gse20194,0.913043,0.817460,0.926808
PFN1,0.000000,0.000000,Source: gse20194,0.913043,0.817460,0.926808
KCNG1,0.000000,0.000000,Source: gse20194,0.913043,0.817460,0.926808
FABP4,0.000000,0.000000,Source: gse20194,0.913043,0.817460,0.926808
VPS54,0.000000,0.000000,Source: gse20194,0.913043,0.817460,0.926808
VCP,0.000000,0.000000,Source: gse20194,0.913043,0.817460,0.926808
MTG1,0.000000,0.000000,Source: gse20194,0.913043,0.817460,0.926808
SETX,0.000000,0.000000,Source: gse20194,0.913043,0.817460,0.926808
TRAIP,0.000000,0.000000,Source: gse20194,0.913043,0.817460,0.926808
FOXC1,0.000000,0.000000,Source: gse20194,0.913043,0.817460,0.926808
GAS8,0.000000,0.000000,Source: gse20194,0.913043,0.817460,0.926808
FAP,0.000000,0.000000,Source: gse20194,0.913043,0.817460,0.926808
CCRL2,0.000000,0.000000,Source: gse20194,0.913043,0.817460,0.926808
TFCP2,0.000000,0.000000,Source: gse20194,0.913043,0.817460,0.926808
NPAS3,0.000000,0.000000,Source: gse20194,0.913043,0.817460,0.926808
EFHD2,0.000000,0.000000,Source: gse20194,0.913043,0.817460,0.926808
KRT1,0.000000,0.000000,Source: gse20194,0.913043,0.817460,0.926808
NDUFA4,0.000000,0.000000,Source: gse20194,0.913043,0.817460,0.926808
GNA15,0.000000,0.000000,Source: gse20194,0.913043,0.817460,0.926808
SF1,0.000000,0.000000,Source: gse20194,0.913043,0.817460,0.926808
UTP14A,0.000000,0.000000,Source: gse20194,0.913043,0.817460,0.926808
HLF,0.000000,0.000000,Source: gse20194,0.913043,0.817460,0.926808
OXCT1,0.000000,0.000000,Source: gse20194,0.913043,0.817460,0.926808
CCDC92,0.000000,0.000000,Source: gse20194,0.913043,0.817460,0.926808
NKAIN1,0.000000,0.000000,Source: gse20194,0.913043,0.817460,0.926808
TMBIM4,0.000000,0.000000,Source: gse20194,0.913043,0.817460,0.926808
MYO9B,0.000000,0.000000,Source: gse20194,0.913043,0.817460,0.926808
IREB2,0.000000,0.000000,Source: gse20194,0.913043,0.817460,0.926808
UBN1,0.000000,0.000000,Source: gse20194,0.913043,0.817460,0.926808
CLCN1,0.000000,0.000000,Source: gse20194,0.913043,0.817460,0.926808
AGK,0.000000,0.000000,Source: gse20194,0.913043,0.817460,0.926808
GRIK3,0.000000,0.000000,Source: gse20194,0.913043,0.817460,0.926808
ABCG2,0.000000,0.000000,Source: gse20194,0.913043,0.817460,0.926808
IGFBP4,0.000000,0.000000,Source: gse20194,0.913043,0.817460,0.926808
VDAC3,0.000000,0.000000,Source: gse20194,0.913043,0.817460,0.926808
CD1C,0.000000,0.000000,Source: gse20194,0.913043,0.817460,0.926808
COBL,0.000000,0.000000,Source: gse20194,0.913043,0.817460,0.926808
NARF,0.000000,0.000000,Source: gse20194,0.913043,0.817460,0.926808
TARBP1,0.000000,0.000000,Source: gse20194,0.913043,0.817460,0.926808
MRPS2,0.000000,0.000000,Source: gse20194,0.913043,0.817460,0.926808
PRMT3,0.000000,0.000000,Source: gse20194,0.913043,0.817460,0.926808
TMEM115,0.000000,0.000000,Source: gse20194,0.913043,0.817460,0.926808
NR2F2,0.000000,0.000000,Source: gse20194,0.913043,0.817460,0.926808
DNTT,0.000000,0.000000,Source: gse20194,0.913043,0.817460,0.926808
PSMD9,0.000000,0.000000,Source: gse20194,0.913043,0.817460,0.926808
GCM1,0.000000,0.000000,Source: gse20194,0.913043,0.817460,0.926808
ASF1B,0.000000,0.000000,Source: gse20194,0.913043,0.817460,0.926808
CD209,0.000000,0.000000,Source: gse20194,0.913043,0.817460,0.926808
SH3BP4,0.000000,0.000000,Source: gse20194,0.913043,0.817460,0.926808
ANTXR1,0.000000,0.000000,Source: gse20194,0.913043,0.817460,0.926808
ZNF225,0.000000,0.000000,Source: gse20194,0.913043,0.817460,0.926808
CPNE7,0.000000,0.000000,Source: gse20194,0.913043,0.817460,0.926808
MEX3C,0.000000,0.000000,Source: gse20194,0.913043,0.817460,0.926808
CEBPA,0.000000,0.000000,Source: gse20194,0.913043,0.817460,0.926808
JARID2,0.000000,0.000000,Source: gse20194,0.913043,0.817460,0.926808
KCNA1,0.000000,0.000000,Source: gse20194,0.913043,0.817460,0.926808
RAPGEF5,0.000000,0.000000,Source: gse20194,0.913043,0.817460,0.926808
VRK2,0.000000,0.000000,Source: gse20194,0.913043,0.817460,0.926808
IL27RA,0.000000,0.000000,Source: gse20194,0.913043,0.817460,0.926808
GCC2,0.000000,0.000000,Source: gse20194,0.913043,0.817460,0.926808
HLA-DMA,0.000000,0.000000,Source: gse20194,0.913043,0.817460,0.926808
FEV,0.000000,0.000000,Source: gse20194,0.913043,0.817460,0.926808
MAN2C1,0.000000,0.000000,Source: gse20194,0.913043,0.817460,0.926808
CASP2,0.000000,0.000000,Source: gse20194,0.913043,0.817460,0.926808
C16orf95,0.000000,0.000000,Source: gse20194,0.913043,0.817460,0.926808
KRT14,0.000000,0.000000,Source: gse20194,0.913043,0.817460,0.926808
CEPT1,0.000000,0.000000,Source: gse20194,0.913043,0.817460,0.926808
AOC3,0.000000,0.000000,Source: gse20194,0.913043,0.817460,0.926808
FAM110B,0.000000,0.000000,Source: gse20194,0.913043,0.817460,0.926808
BEST2,0.000000,0.000000,Source: gse20194,0.913043,0.817460,0.926808
CATSPERB,0.000000,0.000000,Source: gse20194,0.913043,0.817460,0.926808
SOAT2,0.000000,0.000000,Source: gse20194,0.913043,0.817460,0.926808
UPF1,0.000000,0.000000,Source: gse20194,0.913043,0.817460,0.926808
RAX,0.000000,0.000000,Source: gse20194,0.913043,0.817460,0.926808
PRDM11,0.000000,0.000000,Source: gse20194,0.913043,0.817460,0.926808
SHOX2,0.000000,0.000000,Source: gse20194,0.913043,0.817460,0.926808
NINL,0.000000,0.000000,Source: gse20194,0.913043,0.817460,0.926808
WWP1,0.000000,0.000000,Source: gse20194,0.913043,0.817460,0.926808
FGA,0.000000,0.000000,Source: gse20194,0.913043,0.817460,0.926808
HK2,0.000000,0.000000,Source: gse20194,0.913043,0.817460,0.926808
NME3,0.000000,0.000000,Source: gse20194,0.913043,0.817460,0.926808
SV2A,0.000000,0.000000,Source: gse20194,0.913043,0.817460,0.926808
LINC00574,0.000000,0.000000,Source: gse20194,0.913043,0.817460,0.926808
FERMT2,0.000000,0.000000,Source: gse20194,0.913043,0.817460,0.926808
VPS13C,0.000000,0.000000,Source: gse20194,0.913043,0.817460,0.926808
ELF3,0.000000,0.000000,Source: gse20194,0.913043,0.817460,0.926808
ZNF423,0.000000,0.000000,Source: gse20194,0.913043,0.817460,0.926808
SUN2,0.000000,0.000000,Source: gse20194,0.913043,0.817460,0.926808
STYK1,0.000000,0.000000,Source: gse20194,0.913043,0.817460,0.926808
UBE3B,0.000000,0.000000,Source: gse20194,0.913043,0.817460,0.926808
MTMR3,0.000000,0.000000,Source: gse20194,0.913043,0.817460,0.926808
ZBTB16,0.000000,0.000000,Source: gse20194,0.913043,0.817460,0.926808
TCL1A,0.000000,0.000000,Source: gse20194,0.913043,0.817460,0.926808
TMEM53,0.000000,0.000000,Source: gse20194,0.913043,0.817460,0.926808
AGPAT2,0.000000,0.000000,Source: gse20194,0.913043,0.817460,0.926808
NXT1,0.000000,0.000000,Source: gse20194,0.913043,0.817460,0.926808
EIF3I,0.000000,0.000000,Source: gse20194,0.913043,0.817460,0.926808
DENND3,0.000000,0.000000,Source: gse20194,0.913043,0.817460,0.926808
DDX50,0.000000,0.000000,Source: gse20194,0.913043,0.817460,0.926808
NAA60,0.000000,0.000000,Source: gse20194,0.913043,0.817460,0.926808
CLEC1A,0.000000,0.000000,Source: gse20194,0.913043,0.817460,0.926808
CTNNB1,0.000000,0.000000,Source: gse20194,0.913043,0.817460,0.926808
SLCO4A1,0.000000,0.000000,Source: gse20194,0.913043,0.817460,0.926808
ZNF34,0.000000,0.000000,Source: gse20194,0.913043,0.817460,0.926808
C6orf47,0.000000,0.000000,Source: gse20194,0.913043,0.817460,0.926808
CNIH4,0.000000,0.000000,Source: gse20194,0.913043,0.817460,0.926808
PRL,0.000000,0.000000,Source: gse20194,0.913043,0.817460,0.926808
PRPF3,0.000000,0.000000,Source: gse20194,0.913043,0.817460,0.926808
MTHFD2L,0.000000,0.000000,Source: gse20194,0.913043,0.817460,0.926808
MRPS34,0.000000,0.000000,Source: gse20194,0.913043,0.817460,0.926808
GGA1,0.000000,0.000000,Source: gse20194,0.913043,0.817460,0.926808
CLIP1,0.000000,0.000000,Source: gse20194,0.913043,0.817460,0.926808
NUP133,0.000000,0.000000,Source: gse20194,0.913043,0.817460,0.926808
FLT1,0.000000,0.000000,Source: gse20194,0.913043,0.817460,0.926808
ZNF131,0.000000,0.000000,Source: gse20194,0.913043,0.817460,0.926808
BYSL,0.000000,0.000000,Source: gse20194,0.913043,0.817460,0.926808
CCDC87,0.000000,0.000000,Source: gse20194,0.913043,0.817460,0.926808
BCKDK,0.000000,0.000000,Source: gse20194,0.913043,0.817460,0.926808
MAP2K3,0.000000,0.000000,Source: gse20194,0.913043,0.817460,0.926808
ZNF701,0.000000,0.000000,Source: gse20194,0.913043,0.817460,0.926808
USP6NL,0.000000,0.000000,Source: gse20194,0.913043,0.817460,0.926808
BEGAIN,0.000000,0.000000,Source: gse20194,0.913043,0.817460,0.926808
PPP1R1A,0.000000,0.000000,Source: gse20194,0.913043,0.817460,0.926808
FFAR2,0.000000,0.000000,Source: gse20194,0.913043,0.817460,0.926808
SPARC,0.000000,0.000000,Source: gse20194,0.913043,0.817460,0.926808
RANBP9,0.000000,0.000000,Source: gse20194,0.913043,0.817460,0.926808
TSC22D2,0.000000,0.000000,Source: gse20194,0.913043,0.817460,0.926808
NOL3,0.000000,0.000000,Source: gse20194,0.913043,0.817460,0.926808
TNFSF15,0.000000,0.000000,Source: gse20194,0.913043,0.817460,0.926808
DENR,0.000000,0.000000,Source: gse20194,0.913043,0.817460,0.926808
DOLK,0.000000,0.000000,Source: gse20194,0.913043,0.817460,0.926808
PBOV1,0.000000,0.000000,Source: gse20194,0.913043,0.817460,0.926808
UMPS,0.000000,0.000000,Source: gse20194,0.913043,0.817460,0.926808
QRSL1,0.000000,0.000000,Source: gse20194,0.913043,0.817460,0.926808
SMR3B,0.000000,0.000000,Source: gse20194,0.913043,0.817460,0.926808
UTP18,0.000000,0.000000,Source: gse20194,0.913043,0.817460,0.926808
INSL4,0.000000,0.000000,Source: gse20194,0.913043,0.817460,0.926808
POLR2D,0.000000,0.000000,Source: gse20194,0.913043,0.817460,0.926808
CLDN15,0.000000,0.000000,Source: gse20194,0.913043,0.817460,0.926808
AREG,0.000000,0.000000,Source: gse20194,0.913043,0.817460,0.926808
GOLGA4,0.000000,0.000000,Source: gse20194,0.913043,0.817460,0.926808
LYN,0.000000,0.000000,Source: gse20194,0.913043,0.817460,0.926808
KLHL20,0.000000,0.000000,Source: gse20194,0.913043,0.817460,0.926808
LPAR4,0.000000,0.000000,Source: gse20194,0.913043,0.817460,0.926808
OXSM,0.000000,0.000000,Source: gse20194,0.913043,0.817460,0.926808
RGS3,0.000000,0.000000,Source: gse20194,0.913043,0.817460,0.926808
RPS6KA6,0.000000,0.000000,Source: gse20194,0.913043,0.817460,0.926808
RYR1,0.000000,0.000000,Source: gse20194,0.913043,0.817460,0.926808
KIF2A,0.000000,0.000000,Source: gse20194,0.913043,0.817460,0.926808
DKC1,0.000000,0.000000,Source: gse20194,0.913043,0.817460,0.926808
TNIP2,0.000000,0.000000,Source: gse20194,0.913043,0.817460,0.926808
IGSF1,0.000000,0.000000,Source: gse20194,0.913043,0.817460,0.926808
ACAT1,0.000000,0.000000,Source: gse20194,0.913043,0.817460,0.926808
NUAK1,0.000000,0.000000,Source: gse20194,0.913043,0.817460,0.926808
NAGLU,0.000000,0.000000,Source: gse20194,0.913043,0.817460,0.926808
TRIM2,0.000000,0.000000,Source: gse20194,0.913043,0.817460,0.926808
UBE2D2,0.000000,0.000000,Source: gse20194,0.913043,0.817460,0.926808
CHD1L,0.000000,0.000000,Source: gse20194,0.913043,0.817460,0.926808
ADAM7,0.000000,0.000000,Source: gse20194,0.913043,0.817460,0.926808
PFKFB1,0.000000,0.000000,Source: gse20194,0.913043,0.817460,0.926808
MRPS17,0.000000,0.000000,Source: gse20194,0.913043,0.817460,0.926808
PGGT1B,0.000000,0.000000,Source: gse20194,0.913043,0.817460,0.926808
BRS3,0.000000,0.000000,Source: gse20194,0.913043,0.817460,0.926808
MDH2,0.000000,0.000000,Source: gse20194,0.913043,0.817460,0.926808
PRMT8,0.000000,0.000000,Source: gse20194,0.913043,0.817460,0.926808
CDH6,0.000000,0.000000,Source: gse20194,0.913043,0.817460,0.926808
STAT5B,0.000000,0.000000,Source: gse20194,0.913043,0.817460,0.926808
AGAP2,0.000000,0.000000,Source: gse20194,0.913043,0.817460,0.926808
ARMCX4,0.000000,0.000000,Source: gse20194,0.913043,0.817460,0.926808
PLEK2,0.000000,0.000000,Source: gse20194,0.913043,0.817460,0.926808
ATG3,0.000000,0.000000,Source: gse20194,0.913043,0.817460,0.926808
ZNF562,0.000000,0.000000,Source: gse20194,0.913043,0.817460,0.926808
BLVRA,0.000000,0.000000,Source: gse20194,0.913043,0.817460,0.926808
ACADM,0.000000,0.000000,Source: gse20194,0.913043,0.817460,0.926808
PDIA5,0.000000,0.000000,Source: gse20194,0.913043,0.817460,0.926808
SLBP,0.000000,0.000000,Source: gse20194,0.913043,0.817460,0.926808
STRN4,0.000000,0.000000,Source: gse20194,0.913043,0.817460,0.926808
TNS3,0.000000,0.000000,Source: gse20194,0.913043,0.817460,0.926808
BCL2L13,0.000000,0.000000,Source: gse20194,0.913043,0.817460,0.926808
GSC2,0.000000,0.000000,Source: gse20194,0.913043,0.817460,0.926808
PARP3,0.000000,0.000000,Source: gse20194,0.913043,0.817460,0.926808
CDC7,0.000000,0.000000,Source: gse20194,0.913043,0.817460,0.926808
RXRB,0.000000,0.000000,Source: gse20194,0.913043,0.817460,0.926808
QKI,0.000000,0.000000,Source: gse20194,0.913043,0.817460,0.926808
STIM1,0.000000,0.000000,Source: gse20194,0.913043,0.817460,0.926808
SGPP1,0.000000,0.000000,Source: gse20194,0.913043,0.817460,0.926808
SYMPK,0.000000,0.000000,Source: gse20194,0.913043,0.817460,0.926808
NPDC1,0.000000,0.000000,Source: gse20194,0.913043,0.817460,0.926808
GPR85,0.000000,0.000000,Source: gse20194,0.913043,0.817460,0.926808
UBQLN2,0.000000,0.000000,Source: gse20194,0.913043,0.817460,0.926808
ZNF804A,0.000000,0.000000,Source: gse20194,0.913043,0.817460,0.926808
TAF7,0.000000,0.000000,Source: gse20194,0.913043,0.817460,0.926808
TOM1,0.000000,0.000000,Source: gse20194,0.913043,0.817460,0.926808
CDC45,0.000000,0.000000,Source: gse20194,0.913043,0.817460,0.926808
FST,0.000000,0.000000,Source: gse20194,0.913043,0.817460,0.926808
HS3ST1,0.000000,0.000000,Source: gse20194,0.913043,0.817460,0.926808
SMAD2,0.000000,0.000000,Source: gse20194,0.913043,0.817460,0.926808
TNFRSF13B,0.000000,0.000000,Source: gse20194,0.913043,0.817460,0.926808
ADAMTSL2,0.000000,0.000000,Source: gse20194,0.913043,0.817460,0.926808
BTNL2,0.000000,0.000000,Source: gse20194,0.913043,0.817460,0.926808
TNNC2,0.000000,0.000000,Source: gse20194,0.913043,0.817460,0.926808
UQCRQ,0.000000,0.000000,Source: gse20194,0.913043,0.817460,0.926808
HDAC2,0.000000,0.000000,Source: gse20194,0.913043,0.817460,0.926808
MAP2K6,0.000000,0.000000,Source: gse20194,0.913043,0.817460,0.926808
LZTS1,0.000000,0.000000,Source: gse20194,0.913043,0.817460,0.926808
PPP1CB,0.000000,0.000000,Source: gse20194,0.913043,0.817460,0.926808
TSSK1B,0.000000,0.000000,Source: gse20194,0.913043,0.817460,0.926808
LDHB,0.000000,0.000000,Source: gse20194,0.913043,0.817460,0.926808
DENND4B,0.000000,0.000000,Source: gse20194,0.913043,0.817460,0.926808
CDKN2B,0.000000,0.000000,Source: gse20194,0.913043,0.817460,0.926808
HABP2,0.000000,0.000000,Source: gse20194,0.913043,0.817460,0.926808
PELO,0.000000,0.000000,Source: gse20194,0.913043,0.817460,0.926808
RRAD,0.000000,0.000000,Source: gse20194,0.913043,0.817460,0.926808
TRAM1,0.000000,0.000000,Source: gse20194,0.913043,0.817460,0.926808
ATAD2,0.000000,0.000000,Source: gse20194,0.913043,0.817460,0.926808
KCNH2,0.000000,0.000000,Source: gse20194,0.913043,0.817460,0.926808
RUNDC3A,0.000000,0.000000,Source: gse20194,0.913043,0.817460,0.926808
NPAS1,0.000000,0.000000,Source: gse20194,0.913043,0.817460,0.926808
RPL38,0.000000,0.000000,Source: gse20194,0.913043,0.817460,0.926808
SET,0.000000,0.000000,Source: gse20194,0.913043,0.817460,0.926808
ARHGDIG,0.000000,0.000000,Source: gse20194,0.913043,0.817460,0.926808
CPA3,0.000000,0.000000,Source: gse20194,0.913043,0.817460,0.926808
MSL1,0.000000,0.000000,Source: gse20194,0.913043,0.817460,0.926808
TRIM17,0.000000,0.000000,Source: gse20194,0.913043,0.817460,0.926808
MRPS11,0.000000,0.000000,Source: gse20194,0.913043,0.817460,0.926808
ATF5,0.000000,0.000000,Source: gse20194,0.913043,0.817460,0.926808
KIR2DL4,0.000000,0.000000,Source: gse20194,0.913043,0.817460,0.926808
SLC1A5,0.000000,0.000000,Source: gse20194,0.913043,0.817460,0.926808
SPAM1,0.000000,0.000000,Source: gse20194,0.913043,0.817460,0.926808
THNSL1,0.000000,0.000000,Source: gse20194,0.913043,0.817460,0.926808
CPM,0.000000,0.000000,Source: gse20194,0.913043,0.817460,0.926808
HNF4A,0.000000,0.000000,Source: gse20194,0.913043,0.817460,0.926808
FCN2,0.000000,0.000000,Source: gse20194,0.913043,0.817460,0.926808
RIPK2,0.000000,0.000000,Source: gse20194,0.913043,0.817460,0.926808
PAX5,0.000000,0.000000,Source: gse20194,0.913043,0.817460,0.926808
ATXN2,0.000000,0.000000,Source: gse20194,0.913043,0.817460,0.926808
SIL1,0.000000,0.000000,Source: gse20194,0.913043,0.817460,0.926808
FLI1,0.000000,0.000000,Source: gse20194,0.913043,0.817460,0.926808
IL11RA,0.000000,0.000000,Source: gse20194,0.913043,0.817460,0.926808
TXNDC15,0.000000,0.000000,Source: gse20194,0.913043,0.817460,0.926808
DUOX2,0.000000,0.000000,Source: gse20194,0.913043,0.817460,0.926808
FAS,0.000000,0.000000,Source: gse20194,0.913043,0.817460,0.926808
C1GALT1,0.000000,0.000000,Source: gse20194,0.913043,0.817460,0.926808
SLC9A6,0.000000,0.000000,Source: gse20194,0.913043,0.817460,0.926808
TFIP11,0.000000,0.000000,Source: gse20194,0.913043,0.817460,0.926808
LIPE,0.000000,0.000000,Source: gse20194,0.913043,0.817460,0.926808
GYPB,0.000000,0.000000,Source: gse20194,0.913043,0.817460,0.926808
FAM8A1,0.000000,0.000000,Source: gse20194,0.913043,0.817460,0.926808
SMAD4,0.000000,0.000000,Source: gse20194,0.913043,0.817460,0.926808
GCKR,0.000000,0.000000,Source: gse20194,0.913043,0.817460,0.926808
ZNF586,0.000000,0.000000,Source: gse20194,0.913043,0.817460,0.926808
ELMO3,0.000000,0.000000,Source: gse20194,0.913043,0.817460,0.926808
XRCC2,0.000000,0.000000,Source: gse20194,0.913043,0.817460,0.926808
CABP5,0.000000,0.000000,Source: gse20194,0.913043,0.817460,0.926808
CHUK,0.000000,0.000000,Source: gse20194,0.913043,0.817460,0.926808
LRRC47,0.000000,0.000000,Source: gse20194,0.913043,0.817460,0.926808
AMMECR1,0.000000,0.000000,Source: gse20194,0.913043,0.817460,0.926808
SLC2A1,0.000000,0.000000,Source: gse20194,0.913043,0.817460,0.926808
ATAD2B,0.000000,0.000000,Source: gse20194,0.913043,0.817460,0.926808
DYSF,0.000000,0.000000,Source: gse20194,0.913043,0.817460,0.926808
HOXA5,0.000000,0.000000,Source: gse20194,0.913043,0.817460,0.926808
PYCR1,0.000000,0.000000,Source: gse20194,0.913043,0.817460,0.926808
CEACAM8,0.000000,0.000000,Source: gse20194,0.913043,0.817460,0.926808
TNKS2,0.000000,0.000000,Source: gse20194,0.913043,0.817460,0.926808
MFSD1,0.000000,0.000000,Source: gse20194,0.913043,0.817460,0.926808
CCP110,0.000000,0.000000,Source: gse20194,0.913043,0.817460,0.926808
FBXO28,0.000000,0.000000,Source: gse20194,0.913043,0.817460,0.926808
ALG6,0.000000,0.000000,Source: gse20194,0.913043,0.817460,0.926808
ZBTB32,0.000000,0.000000,Source: gse20194,0.913043,0.817460,0.926808
COX7B,0.000000,0.000000,Source: gse20194,0.913043,0.817460,0.926808
AIMP1,0.000000,0.000000,Source: gse20194,0.913043,0.817460,0.926808
HUWE1,0.000000,0.000000,Source: gse20194,0.913043,0.817460,0.926808
CHD1,0.000000,0.000000,Source: gse20194,0.913043,0.817460,0.926808
GMEB1,0.000000,0.000000,Source: gse20194,0.913043,0.817460,0.926808
ZNF107,0.000000,0.000000,Source: gse20194,0.913043,0.817460,0.926808
CAMK1,0.000000,0.000000,Source: gse20194,0.913043,0.817460,0.926808
DDX10,0.000000,0.000000,Source: gse20194,0.913043,0.817460,0.926808
EDNRB,0.000000,0.000000,Source: gse20194,0.913043,0.817460,0.926808
ELAVL4,0.000000,0.000000,Source: gse20194,0.913043,0.817460,0.926808
LAX1,0.000000,0.000000,Source: gse20194,0.913043,0.817460,0.926808
ZNF155,0.000000,0.000000,Source: gse20194,0.913043,0.817460,0.926808
BCL10,0.000000,0.000000,Source: gse20194,0.913043,0.817460,0.926808
ZNF500,0.000000,0.000000,Source: gse20194,0.913043,0.817460,0.926808
WDR4,0.000000,0.000000,Source: gse20194,0.913043,0.817460,0.926808
PEAK1,0.000000,0.000000,Source: gse20194,0.913043,0.817460,0.926808
HTR1A,0.000000,0.000000,Source: gse20194,0.913043,0.817460,0.926808
MCTS1,0.000000,0.000000,Source: gse20194,0.913043,0.817460,0.926808
NCOA4,0.000000,0.000000,Source: gse20194,0.913043,0.817460,0.926808
PCBP2,0.000000,0.000000,Source: gse20194,0.913043,0.817460,0.926808
IRX5,0.000000,0.000000,Source: gse20194,0.913043,0.817460,0.926808
LRRTM4,0.000000,0.000000,Source: gse20194,0.913043,0.817460,0.926808
ARL1,0.000000,0.000000,Source: gse20194,0.913043,0.817460,0.926808
STX2,0.000000,0.000000,Source: gse20194,0.913043,0.817460,0.926808
TAF11,0.000000,0.000000,Source: gse20194,0.913043,0.817460,0.926808
RSRC2,0.000000,0.000000,Source: gse20194,0.913043,0.817460,0.926808
TMEM208,0.000000,0.000000,Source: gse20194,0.913043,0.817460,0.926808
KIF14,0.000000,0.000000,Source: gse20194,0.913043,0.817460,0.926808
ATF7,0.000000,0.000000,Source: gse20194,0.913043,0.817460,0.926808
EPN3,0.000000,0.000000,Source: gse20194,0.913043,0.817460,0.926808
SYNGR1,0.000000,0.000000,Source: gse20194,0.913043,0.817460,0.926808
GAD2,0.000000,0.000000,Source: gse20194,0.913043,0.817460,0.926808
ARHGDIB,0.000000,0.000000,Source: gse20194,0.913043,0.817460,0.926808
CALML4,0.000000,0.000000,Source: gse20194,0.913043,0.817460,0.926808
C1orf116,0.000000,0.000000,Source: gse20194,0.913043,0.817460,0.926808
BNIP3,0.000000,0.000000,Source: gse20194,0.913043,0.817460,0.926808
SERPINB2,0.000000,0.000000,Source: gse20194,0.913043,0.817460,0.926808
SPTBN1,0.000000,0.000000,Source: gse20194,0.913043,0.817460,0.926808
GABRB3,0.000000,0.000000,Source: gse20194,0.913043,0.817460,0.926808
CDH20,0.000000,0.000000,Source: gse20194,0.913043,0.817460,0.926808
CNOT7,0.000000,0.000000,Source: gse20194,0.913043,0.817460,0.926808
TGIF2,0.000000,0.000000,Source: gse20194,0.913043,0.817460,0.926808
BCLAF1,0.000000,0.000000,Source: gse20194,0.913043,0.817460,0.926808
MED7,0.000000,0.000000,Source: gse20194,0.913043,0.817460,0.926808
TOMM20,0.000000,0.000000,Source: gse20194,0.913043,0.817460,0.926808
NTM,0.000000,0.000000,Source: gse20194,0.913043,0.817460,0.926808
ENGASE,0.000000,0.000000,Source: gse20194,0.913043,0.817460,0.926808
BARX2,0.000000,0.000000,Source: gse20194,0.913043,0.817460,0.926808
VILL,0.000000,0.000000,Source: gse20194,0.913043,0.817460,0.926808
CHAC1,0.000000,0.000000,Source: gse20194,0.913043,0.817460,0.926808
TAB1,0.000000,0.000000,Source: gse20194,0.913043,0.817460,0.926808
DNAJC12,0.000000,0.000000,Source: gse20194,0.913043,0.817460,0.926808
LAMA2,0.000000,0.000000,Source: gse20194,0.913043,0.817460,0.926808
IFNA5,0.000000,0.000000,Source: gse20194,0.913043,0.817460,0.926808
SLC22A13,0.000000,0.000000,Source: gse20194,0.913043,0.817460,0.926808
AKR1D1,0.000000,0.000000,Source: gse20194,0.913043,0.817460,0.926808
IFT46,0.000000,0.000000,Source: gse20194,0.913043,0.817460,0.926808
TBX6,0.000000,0.000000,Source: gse20194,0.913043,0.817460,0.926808
SLC8A1,0.000000,0.000000,Source: gse20194,0.913043,0.817460,0.926808
IFT27,0.000000,0.000000,Source: gse20194,0.913043,0.817460,0.926808
IBSP,0.000000,0.000000,Source: gse20194,0.913043,0.817460,0.926808
SPECC1L,0.000000,0.000000,Source: gse20194,0.913043,0.817460,0.926808
DAO,0.000000,0.000000,Source: gse20194,0.913043,0.817460,0.926808
FASLG,0.000000,0.000000,Source: gse20194,0.913043,0.817460,0.926808
SCAF8,0.000000,0.000000,Source: gse20194,0.913043,0.817460,0.926808
CD81,0.000000,0.000000,Source: gse20194,0.913043,0.817460,0.926808
HDAC7,0.000000,0.000000,Source: gse20194,0.913043,0.817460,0.926808
KRT85,0.000000,0.000000,Source: gse20194,0.913043,0.817460,0.926808
CASC3,0.000000,0.000000,Source: gse20194,0.913043,0.817460,0.926808
NUP62CL,0.000000,0.000000,Source: gse20194,0.913043,0.817460,0.926808
REG1B,0.000000,0.000000,Source: gse20194,0.913043,0.817460,0.926808
SULT1A2,0.000000,0.000000,Source: gse20194,0.913043,0.817460,0.926808
SLC25A16,0.000000,0.000000,Source: gse20194,0.913043,0.817460,0.926808
USP12,0.000000,0.000000,Source: gse20194,0.913043,0.817460,0.926808
ANAPC5,0.000000,0.000000,Source: gse20194,0.913043,0.817460,0.926808
HEYL,0.000000,0.000000,Source: gse20194,0.913043,0.817460,0.926808
KRTAP5-9,0.000000,0.000000,Source: gse20194,0.913043,0.817460,0.926808
AZU1,0.000000,0.000000,Source: gse20194,0.913043,0.817460,0.926808
UPP1,0.000000,0.000000,Source: gse20194,0.913043,0.817460,0.926808
AVEN,0.000000,0.000000,Source: gse20194,0.913043,0.817460,0.926808
INPPL1,0.000000,0.000000,Source: gse20194,0.913043,0.817460,0.926808
STARD5,0.000000,0.000000,Source: gse20194,0.913043,0.817460,0.926808
ANAPC2,0.000000,0.000000,Source: gse20194,0.913043,0.817460,0.926808
SMC1A,0.000000,0.000000,Source: gse20194,0.913043,0.817460,0.926808
THOC6,0.000000,0.000000,Source: gse20194,0.913043,0.817460,0.926808
CHRNA3,0.000000,0.000000,Source: gse20194,0.913043,0.817460,0.926808
PACSIN3,0.000000,0.000000,Source: gse20194,0.913043,0.817460,0.926808
ABCA6,0.000000,0.000000,Source: gse20194,0.913043,0.817460,0.926808
EREG,0.000000,0.000000,Source: gse20194,0.913043,0.817460,0.926808
EN1,0.000000,0.000000,Source: gse20194,0.913043,0.817460,0.926808
DCP1A,0.000000,0.000000,Source: gse20194,0.913043,0.817460,0.926808
GATA4,0.000000,0.000000,Source: gse20194,0.913043,0.817460,0.926808
USP10,0.000000,0.000000,Source: gse20194,0.913043,0.817460,0.926808
TIMM22,0.000000,0.000000,Source: gse20194,0.913043,0.817460,0.926808
HTR1F,0.000000,0.000000,Source: gse20194,0.913043,0.817460,0.926808
SORBS1,0.000000,0.000000,Source: gse20194,0.913043,0.817460,0.926808
NDUFA2,0.000000,0.000000,Source: gse20194,0.913043,0.817460,0.926808
CCT6B,0.000000,0.000000,Source: gse20194,0.913043,0.817460,0.926808
CATSPERG,0.000000,0.000000,Source: gse20194,0.913043,0.817460,0.926808
EPOR,0.000000,0.000000,Source: gse20194,0.913043,0.817460,0.926808
ITPR1,0.000000,0.000000,Source: gse20194,0.913043,0.817460,0.926808
ALX3,0.000000,0.000000,Source: gse20194,0.913043,0.817460,0.926808
RMI1,0.000000,0.000000,Source: gse20194,0.913043,0.817460,0.926808
HMG20B,0.000000,0.000000,Source: gse20194,0.913043,0.817460,0.926808
AFP,0.000000,0.000000,Source: gse20194,0.913043,0.817460,0.926808
DTL,0.000000,0.000000,Source: gse20194,0.913043,0.817460,0.926808
TBCB,0.000000,0.000000,Source: gse20194,0.913043,0.817460,0.926808
SGCB,0.000000,0.000000,Source: gse20194,0.913043,0.817460,0.926808
CTRL,0.000000,0.000000,Source: gse20194,0.913043,0.817460,0.926808
CAPN2,0.000000,0.000000,Source: gse20194,0.913043,0.817460,0.926808
FRMPD1,0.000000,0.000000,Source: gse20194,0.913043,0.817460,0.926808
CBLB,0.000000,0.000000,Source: gse20194,0.913043,0.817460,0.926808
USP7,0.000000,0.000000,Source: gse20194,0.913043,0.817460,0.926808
SSR1,0.000000,0.000000,Source: gse20194,0.913043,0.817460,0.926808
SNRNP200,0.000000,0.000000,Source: gse20194,0.913043,0.817460,0.926808
PCGF3,0.000000,0.000000,Source: gse20194,0.913043,0.817460,0.926808
ZNF343,0.000000,0.000000,Source: gse20194,0.913043,0.817460,0.926808
MTMR1,0.000000,0.000000,Source: gse20194,0.913043,0.817460,0.926808
R3HDM4,0.000000,0.000000,Source: gse20194,0.913043,0.817460,0.926808
GLYAT,0.000000,0.000000,Source: gse20194,0.913043,0.817460,0.926808
GRWD1,0.000000,0.000000,Source: gse20194,0.913043,0.817460,0.926808
COPS5,0.000000,0.000000,Source: gse20194,0.913043,0.817460,0.926808
RPS6KA1,0.000000,0.000000,Source: gse20194,0.913043,0.817460,0.926808
ZNF257,0.000000,0.000000,Source: gse20194,0.913043,0.817460,0.926808
PRLR,0.000000,0.000000,Source: gse20194,0.913043,0.817460,0.926808
AOC2,0.000000,0.000000,Source: gse20194,0.913043,0.817460,0.926808
SLC7A11,0.000000,0.000000,Source: gse20194,0.913043,0.817460,0.926808
YIPF5,0.000000,0.000000,Source: gse20194,0.913043,0.817460,0.926808
INTS12,0.000000,0.000000,Source: gse20194,0.913043,0.817460,0.926808
HIGD1A,0.000000,0.000000,Source: gse20194,0.913043,0.817460,0.926808
NDUFB3,0.000000,0.000000,Source: gse20194,0.913043,0.817460,0.926808
MAPK10,0.000000,0.000000,Source: gse20194,0.913043,0.817460,0.926808
ZXDB,0.000000,0.000000,Source: gse20194,0.913043,0.817460,0.926808
CTDNEP1,0.000000,0.000000,Source: gse20194,0.913043,0.817460,0.926808
GPX4,0.000000,0.000000,Source: gse20194,0.913043,0.817460,0.926808
ERGIC2,0.000000,0.000000,Source: gse20194,0.913043,0.817460,0.926808
PTPN14,0.000000,0.000000,Source: gse20194,0.913043,0.817460,0.926808
HNRNPUL2,0.000000,0.000000,Source: gse20194,0.913043,0.817460,0.926808
ALDH2,0.000000,0.000000,Source: gse20194,0.913043,0.817460,0.926808
VLDLR,0.000000,0.000000,Source: gse20194,0.913043,0.817460,0.926808
MEIS2,0.000000,0.000000,Source: gse20194,0.913043,0.817460,0.926808
OTUB1,0.000000,0.000000,Source: gse20194,0.913043,0.817460,0.926808
CD8A,0.000000,0.000000,Source: gse20194,0.913043,0.817460,0.926808
ATRNL1,0.000000,0.000000,Source: gse20194,0.913043,0.817460,0.926808
AIP,0.000000,0.000000,Source: gse20194,0.913043,0.817460,0.926808
FGD1,0.000000,0.000000,Source: gse20194,0.913043,0.817460,0.926808
GNL3,0.000000,0.000000,Source: gse20194,0.913043,0.817460,0.926808
SLC20A1,0.000000,0.000000,Source: gse20194,0.913043,0.817460,0.926808
IL23A,0.000000,0.000000,Source: gse20194,0.913043,0.817460,0.926808
CSNK1G1,0.000000,0.000000,Source: gse20194,0.913043,0.817460,0.926808
DUSP1,0.000000,0.000000,Source: gse20194,0.913043,0.817460,0.926808
SYNE2,0.000000,0.000000,Source: gse20194,0.913043,0.817460,0.926808
AMIGO2,0.000000,0.000000,Source: gse20194,0.913043,0.817460,0.926808
RPAP2,0.000000,0.000000,Source: gse20194,0.913043,0.817460,0.926808
AKR1B1,0.000000,0.000000,Source: gse20194,0.913043,0.817460,0.926808
DDX25,0.000000,0.000000,Source: gse20194,0.913043,0.817460,0.926808
TCEAL1,0.000000,0.000000,Source: gse20194,0.913043,0.817460,0.926808
DERL1,0.000000,0.000000,Source: gse20194,0.913043,0.817460,0.926808
UBXN2B,0.000000,0.000000,Source: gse20194,0.913043,0.817460,0.926808
PIR,0.000000,0.000000,Source: gse20194,0.913043,0.817460,0.926808
GPR15,0.000000,0.000000,Source: gse20194,0.913043,0.817460,0.926808
TUBB,0.000000,0.000000,Source: gse20194,0.913043,0.817460,0.926808
ZBED4,0.000000,0.000000,Source: gse20194,0.913043,0.817460,0.926808
MED23,0.000000,0.000000,Source: gse20194,0.913043,0.817460,0.926808
LRRN2,0.000000,0.000000,Source: gse20194,0.913043,0.817460,0.926808
MMP17,0.000000,0.000000,Source: gse20194,0.913043,0.817460,0.926808
GGCT,0.000000,0.000000,Source: gse20194,0.913043,0.817460,0.926808
CHAF1A,0.000000,0.000000,Source: gse20194,0.913043,0.817460,0.926808
SYNJ2,0.000000,0.000000,Source: gse20194,0.913043,0.817460,0.926808
ATP1B3,0.000000,0.000000,Source: gse20194,0.913043,0.817460,0.926808
APOBEC3G,0.000000,0.000000,Source: gse20194,0.913043,0.817460,0.926808
FIG4,0.000000,0.000000,Source: gse20194,0.913043,0.817460,0.926808
LINC00339,0.000000,0.000000,Source: gse20194,0.913043,0.817460,0.926808
PLA2G2D,0.000000,0.000000,Source: gse20194,0.913043,0.817460,0.926808
ANKMY2,0.000000,0.000000,Source: gse20194,0.913043,0.817460,0.926808
MAPRE1,0.000000,0.000000,Source: gse20194,0.913043,0.817460,0.926808
PHLPP2,0.000000,0.000000,Source: gse20194,0.913043,0.817460,0.926808
FANCE,0.000000,0.000000,Source: gse20194,0.913043,0.817460,0.926808
ZNF204P,0.000000,0.000000,Source: gse20194,0.913043,0.817460,0.926808
IL1B,0.000000,0.000000,Source: gse20194,0.913043,0.817460,0.926808
PTER,0.000000,0.000000,Source: gse20194,0.913043,0.817460,0.926808
CXCL5,0.000000,0.000000,Source: gse20194,0.913043,0.817460,0.926808
ZNF148,0.000000,0.000000,Source: gse20194,0.913043,0.817460,0.926808
OR3A1,0.000000,0.000000,Source: gse20194,0.913043,0.817460,0.926808
AASDHPPT,0.000000,0.000000,Source: gse20194,0.913043,0.817460,0.926808
DAGLA,0.000000,0.000000,Source: gse20194,0.913043,0.817460,0.926808
CHRM3,0.000000,0.000000,Source: gse20194,0.913043,0.817460,0.926808
KIF5A,0.000000,0.000000,Source: gse20194,0.913043,0.817460,0.926808
PHLDA1,0.000000,0.000000,Source: gse20194,0.913043,0.817460,0.926808
MAPK11,0.000000,0.000000,Source: gse20194,0.913043,0.817460,0.926808
CD300A,0.000000,0.000000,Source: gse20194,0.913043,0.817460,0.926808
NR4A2,0.000000,0.000000,Source: gse20194,0.913043,0.817460,0.926808
LAPTM4A,0.000000,0.000000,Source: gse20194,0.913043,0.817460,0.926808
ITPA,0.000000,0.000000,Source: gse20194,0.913043,0.817460,0.926808
AAMP,0.000000,0.000000,Source: gse20194,0.913043,0.817460,0.926808
PRKDC,0.000000,0.000000,Source: gse20194,0.913043,0.817460,0.926808
ADAMDEC1,0.000000,0.000000,Source: gse20194,0.913043,0.817460,0.926808
BLOC1S1,0.000000,0.000000,Source: gse20194,0.913043,0.817460,0.926808
DEPDC5,0.000000,0.000000,Source: gse20194,0.913043,0.817460,0.926808
ITIH1,0.000000,0.000000,Source: gse20194,0.913043,0.817460,0.926808
MMP15,0.000000,0.000000,Source: gse20194,0.913043,0.817460,0.926808
GTF2E1,0.000000,0.000000,Source: gse20194,0.913043,0.817460,0.926808
BHLHE40,0.000000,0.000000,Source: gse20194,0.913043,0.817460,0.926808
U2AF2,0.000000,0.000000,Source: gse20194,0.913043,0.817460,0.926808
SFXN3,0.000000,0.000000,Source: gse20194,0.913043,0.817460,0.926808
NTS,0.000000,0.000000,Source: gse20194,0.913043,0.817460,0.926808
GLRA1,0.000000,0.000000,Source: gse20194,0.913043,0.817460,0.926808
PPP2R2D,0.000000,0.000000,Source: gse20194,0.913043,0.817460,0.926808
PKIG,0.000000,0.000000,Source: gse20194,0.913043,0.817460,0.926808
KMO,0.000000,0.000000,Source: gse20194,0.913043,0.817460,0.926808
ZFHX4,0.000000,0.000000,Source: gse20194,0.913043,0.817460,0.926808
FRMPD4,0.000000,0.000000,Source: gse20194,0.913043,0.817460,0.926808
FLNC,0.000000,0.000000,Source: gse20194,0.913043,0.817460,0.926808
LRRC59,0.000000,0.000000,Source: gse20194,0.913043,0.817460,0.926808
C2orf68,0.000000,0.000000,Source: gse20194,0.913043,0.817460,0.926808
ME3,0.000000,0.000000,Source: gse20194,0.913043,0.817460,0.926808
SSH1,0.000000,0.000000,Source: gse20194,0.913043,0.817460,0.926808
PHOX2A,0.000000,0.000000,Source: gse20194,0.913043,0.817460,0.926808
GTF2A1,0.000000,0.000000,Source: gse20194,0.913043,0.817460,0.926808
KPNA1,0.000000,0.000000,Source: gse20194,0.913043,0.817460,0.926808
RFK,0.000000,0.000000,Source: gse20194,0.913043,0.817460,0.926808
WNT10B,0.000000,0.000000,Source: gse20194,0.913043,0.817460,0.926808
CCND2,0.000000,0.000000,Source: gse20194,0.913043,0.817460,0.926808
NTF3,0.000000,0.000000,Source: gse20194,0.913043,0.817460,0.926808
OR1E1,0.000000,0.000000,Source: gse20194,0.913043,0.817460,0.926808
BOLA1,0.000000,0.000000,Source: gse20194,0.913043,0.817460,0.926808
C1orf159,0.000000,0.000000,Source: gse20194,0.913043,0.817460,0.926808
LDB2,0.000000,0.000000,Source: gse20194,0.913043,0.817460,0.926808
CA8,0.000000,0.000000,Source: gse20194,0.913043,0.817460,0.926808
PLOD2,0.000000,0.000000,Source: gse20194,0.913043,0.817460,0.926808
EXPH5,0.000000,0.000000,Source: gse20194,0.913043,0.817460,0.926808
NEUROG2,0.000000,0.000000,Source: gse20194,0.913043,0.817460,0.926808
GPC1,0.000000,0.000000,Source: gse20194,0.913043,0.817460,0.926808
TPM4,0.000000,0.000000,Source: gse20194,0.913043,0.817460,0.926808
VAMP7,0.000000,0.000000,Source: gse20194,0.913043,0.817460,0.926808
KCNA10,0.000000,0.000000,Source: gse20194,0.913043,0.817460,0.926808
VASH2,0.000000,0.000000,Source: gse20194,0.913043,0.817460,0.926808
NFE2L2,0.000000,0.000000,Source: gse20194,0.913043,0.817460,0.926808
KRT10,0.000000,0.000000,Source: gse20194,0.913043,0.817460,0.926808
CNOT1,0.000000,0.000000,Source: gse20194,0.913043,0.817460,0.926808
HSPBAP1,0.000000,0.000000,Source: gse20194,0.913043,0.817460,0.926808
PTK7,0.000000,0.000000,Source: gse20194,0.913043,0.817460,0.926808
BLM,0.000000,0.000000,Source: gse20194,0.913043,0.817460,0.926808
TBXAS1,0.000000,0.000000,Source: gse20194,0.913043,0.817460,0.926808
TRAF3IP2,0.000000,0.000000,Source: gse20194,0.913043,0.817460,0.926808
STAT1,0.000000,0.000000,Source: gse20194,0.913043,0.817460,0.926808
VPS33A,0.000000,0.000000,Source: gse20194,0.913043,0.817460,0.926808
CHD7,0.000000,0.000000,Source: gse20194,0.913043,0.817460,0.926808
SOX1,0.000000,0.000000,Source: gse20194,0.913043,0.817460,0.926808
CEBPG,0.000000,0.000000,Source: gse20194,0.913043,0.817460,0.926808
SPRY1,0.000000,0.000000,Source: gse20194,0.913043,0.817460,0.926808
MYO7A,0.000000,0.000000,Source: gse20194,0.913043,0.817460,0.926808
PTGIS,0.000000,0.000000,Source: gse20194,0.913043,0.817460,0.926808
TTC13,0.000000,0.000000,Source: gse20194,0.913043,0.817460,0.926808
SEL1L,0.000000,0.000000,Source: gse20194,0.913043,0.817460,0.926808
CDH8,0.000000,0.000000,Source: gse20194,0.913043,0.817460,0.926808
TPTE,0.000000,0.000000,Source: gse20194,0.913043,0.817460,0.926808
CD14,0.000000,0.000000,Source: gse20194,0.913043,0.817460,0.926808
TRAPPC8,0.000000,0.000000,Source: gse20194,0.913043,0.817460,0.926808
ETS1,0.000000,0.000000,Source: gse20194,0.913043,0.817460,0.926808
DNAJC11,0.000000,0.000000,Source: gse20194,0.913043,0.817460,0.926808
RGS7,0.000000,0.000000,Source: gse20194,0.913043,0.817460,0.926808
TMCO1,0.000000,0.000000,Source: gse20194,0.913043,0.817460,0.926808
GSTM4,0.000000,0.000000,Source: gse20194,0.913043,0.817460,0.926808
PIAS3,0.000000,0.000000,Source: gse20194,0.913043,0.817460,0.926808
TOLLIP,0.000000,0.000000,Source: gse20194,0.913043,0.817460,0.926808
RPS19,0.000000,0.000000,Source: gse20194,0.913043,0.817460,0.926808
PDE6D,0.000000,0.000000,Source: gse20194,0.913043,0.817460,0.926808
PIK3C2G,0.000000,0.000000,Source: gse20194,0.913043,0.817460,0.926808
RER1,0.000000,0.000000,Source: gse20194,0.913043,0.817460,0.926808
RAB27B,0.000000,0.000000,Source: gse20194,0.913043,0.817460,0.926808
HAO2,0.000000,0.000000,Source: gse20194,0.913043,0.817460,0.926808
FN3KRP,0.000000,0.000000,Source: gse20194,0.913043,0.817460,0.926808
SLIRP,0.000000,0.000000,Source: gse20194,0.913043,0.817460,0.926808
CHRNG,0.000000,0.000000,Source: gse20194,0.913043,0.817460,0.926808
SULT1C2,0.000000,0.000000,Source: gse20194,0.913043,0.817460,0.926808
TRAPPC2L,0.000000,0.000000,Source: gse20194,0.913043,0.817460,0.926808
GPN1,0.000000,0.000000,Source: gse20194,0.913043,0.817460,0.926808
IMPDH1,0.000000,0.000000,Source: gse20194,0.913043,0.817460,0.926808
POLD2,0.000000,0.000000,Source: gse20194,0.913043,0.817460,0.926808
MAP2,0.000000,0.000000,Source: gse20194,0.913043,0.817460,0.926808
NAA50,0.000000,0.000000,Source: gse20194,0.913043,0.817460,0.926808
AEN,0.000000,0.000000,Source: gse20194,0.913043,0.817460,0.926808
GAS2,0.000000,0.000000,Source: gse20194,0.913043,0.817460,0.926808
GPR132,0.000000,0.000000,Source: gse20194,0.913043,0.817460,0.926808
TAP2,0.000000,0.000000,Source: gse20194,0.913043,0.817460,0.926808
CHMP1A,0.000000,0.000000,Source: gse20194,0.913043,0.817460,0.926808
KCTD2,0.000000,0.000000,Source: gse20194,0.913043,0.817460,0.926808
NRIP1,0.000000,0.000000,Source: gse20194,0.913043,0.817460,0.926808
NCAM1,0.000000,0.000000,Source: gse20194,0.913043,0.817460,0.926808
LEF1,0.000000,0.000000,Source: gse20194,0.913043,0.817460,0.926808
ZNF232,0.000000,0.000000,Source: gse20194,0.913043,0.817460,0.926808
GLT8D1,0.000000,0.000000,Source: gse20194,0.913043,0.817460,0.926808
PRSS53,0.000000,0.000000,Source: gse20194,0.913043,0.817460,0.926808
OVOL2,0.000000,0.000000,Source: gse20194,0.913043,0.817460,0.926808
PSKH1,0.000000,0.000000,Source: gse20194,0.913043,0.817460,0.926808
ECHS1,0.000000,0.000000,Source: gse20194,0.913043,0.817460,0.926808
MGAT4C,0.000000,0.000000,Source: gse20194,0.913043,0.817460,0.926808
RAPGEF6,0.000000,0.000000,Source: gse20194,0.913043,0.817460,0.926808
NT5M,0.000000,0.000000,Source: gse20194,0.913043,0.817460,0.926808
TUG1,0.000000,0.000000,Source: gse20194,0.913043,0.817460,0.926808
VSNL1,0.000000,0.000000,Source: gse20194,0.913043,0.817460,0.926808
APOC1,0.000000,0.000000,Source: gse20194,0.913043,0.817460,0.926808
RASAL1,0.000000,0.000000,Source: gse20194,0.913043,0.817460,0.926808
POLD3,0.000000,0.000000,Source: gse20194,0.913043,0.817460,0.926808
CACNA1B,0.000000,0.000000,Source: gse20194,0.913043,0.817460,0.926808
CTF1,0.000000,0.000000,Source: gse20194,0.913043,0.817460,0.926808
APOA1,0.000000,0.000000,Source: gse20194,0.913043,0.817460,0.926808
EXO1,0.000000,0.000000,Source: gse20194,0.913043,0.817460,0.926808
EEF1E1,0.000000,0.000000,Source: gse20194,0.913043,0.817460,0.926808
MS4A2,0.000000,0.000000,Source: gse20194,0.913043,0.817460,0.926808
PDXDC1,0.000000,0.000000,Source: gse20194,0.913043,0.817460,0.926808
MRPL13,0.000000,0.000000,Source: gse20194,0.913043,0.817460,0.926808
PPP3R1,0.000000,0.000000,Source: gse20194,0.913043,0.817460,0.926808
RAD17,0.000000,0.000000,Source: gse20194,0.913043,0.817460,0.926808
UBE2W,0.000000,0.000000,Source: gse20194,0.913043,0.817460,0.926808
NDUFB2,0.000000,0.000000,Source: gse20194,0.913043,0.817460,0.926808
CCNE2,0.000000,0.000000,Source: gse20194,0.913043,0.817460,0.926808
HOOK2,0.000000,0.000000,Source: gse20194,0.913043,0.817460,0.926808
CA11,0.000000,0.000000,Source: gse20194,0.913043,0.817460,0.926808
HNRNPA3P1,0.000000,0.000000,Source: gse20194,0.913043,0.817460,0.926808
PSMC3IP,0.000000,0.000000,Source: gse20194,0.913043,0.817460,0.926808
GRM8,0.000000,0.000000,Source: gse20194,0.913043,0.817460,0.926808
IL2RB,0.000000,0.000000,Source: gse20194,0.913043,0.817460,0.926808
PPAT,0.000000,0.000000,Source: gse20194,0.913043,0.817460,0.926808
PPP1R13B,0.000000,0.000000,Source: gse20194,0.913043,0.817460,0.926808
ZNF444,0.000000,0.000000,Source: gse20194,0.913043,0.817460,0.926808
SAG,0.000000,0.000000,Source: gse20194,0.913043,0.817460,0.926808
EPB41L3,0.000000,0.000000,Source: gse20194,0.913043,0.817460,0.926808
LYST,0.000000,0.000000,Source: gse20194,0.913043,0.817460,0.926808
NKX3-1,0.000000,0.000000,Source: gse20194,0.913043,0.817460,0.926808
LRRC17,0.000000,0.000000,Source: gse20194,0.913043,0.817460,0.926808
CACNB4,0.000000,0.000000,Source: gse20194,0.913043,0.817460,0.926808
ERBB4,0.000000,0.000000,Source: gse20194,0.913043,0.817460,0.926808
MRPL20,0.000000,0.000000,Source: gse20194,0.913043,0.817460,0.926808
MYL6B,0.000000,0.000000,Source: gse20194,0.913043,0.817460,0.926808
GRM1,0.000000,0.000000,Source: gse20194,0.913043,0.817460,0.926808
AASS,0.000000,0.000000,Source: gse20194,0.913043,0.817460,0.926808
SPOCK1,0.000000,0.000000,Source: gse20194,0.913043,0.817460,0.926808
AHCY,0.000000,0.000000,Source: gse20194,0.913043,0.817460,0.926808
RBM6,0.000000,0.000000,Source: gse20194,0.913043,0.817460,0.926808
HMOX2,0.000000,0.000000,Source: gse20194,0.913043,0.817460,0.926808
RPL37A,0.000000,0.000000,Source: gse20194,0.913043,0.817460,0.926808
API5,0.000000,0.000000,Source: gse20194,0.913043,0.817460,0.926808
TNRC6B,0.000000,0.000000,Source: gse20194,0.913043,0.817460,0.926808
CCNT1,0.000000,0.000000,Source: gse20194,0.913043,0.817460,0.926808
MRPL28,0.000000,0.000000,Source: gse20194,0.913043,0.817460,0.926808
PTP4A1,0.000000,0.000000,Source: gse20194,0.913043,0.817460,0.926808
NAGA,0.000000,0.000000,Source: gse20194,0.913043,0.817460,0.926808
SLC37A4,0.000000,0.000000,Source: gse20194,0.913043,0.817460,0.926808
SPPL2B,0.000000,0.000000,Source: gse20194,0.913043,0.817460,0.926808
ACBD3,0.000000,0.000000,Source: gse20194,0.913043,0.817460,0.926808
KDM5C,0.000000,0.000000,Source: gse20194,0.913043,0.817460,0.926808
ASPHD1,0.000000,0.000000,Source: gse20194,0.913043,0.817460,0.926808
STAC,0.000000,0.000000,Source: gse20194,0.913043,0.817460,0.926808
UNC45A,0.000000,0.000000,Source: gse20194,0.913043,0.817460,0.926808
WDR73,0.000000,0.000000,Source: gse20194,0.913043,0.817460,0.926808
ACSS3,0.000000,0.000000,Source: gse20194,0.913043,0.817460,0.926808
HRAS,0.000000,0.000000,Source: gse20194,0.913043,0.817460,0.926808
YARS2,0.000000,0.000000,Source: gse20194,0.913043,0.817460,0.926808
LHX3,0.000000,0.000000,Source: gse20194,0.913043,0.817460,0.926808
CCDC15,0.000000,0.000000,Source: gse20194,0.913043,0.817460,0.926808
AVPR2,0.000000,0.000000,Source: gse20194,0.913043,0.817460,0.926808
PLA2R1,0.000000,0.000000,Source: gse20194,0.913043,0.817460,0.926808
SUCLG1,0.000000,0.000000,Source: gse20194,0.913043,0.817460,0.926808
CREB3,0.000000,0.000000,Source: gse20194,0.913043,0.817460,0.926808
MANEA,0.000000,0.000000,Source: gse20194,0.913043,0.817460,0.926808
KRT12,0.000000,0.000000,Source: gse20194,0.913043,0.817460,0.926808
GFAP,0.000000,0.000000,Source: gse20194,0.913043,0.817460,0.926808
MTMR12,0.000000,0.000000,Source: gse20194,0.913043,0.817460,0.926808
OLAH,0.000000,0.000000,Source: gse20194,0.913043,0.817460,0.926808
USP48,0.000000,0.000000,Source: gse20194,0.913043,0.817460,0.926808
RASSF9,0.000000,0.000000,Source: gse20194,0.913043,0.817460,0.926808
IQCA1,0.000000,0.000000,Source: gse20194,0.913043,0.817460,0.926808
FARP1,0.000000,0.000000,Source: gse20194,0.913043,0.817460,0.926808
IL37,0.000000,0.000000,Source: gse20194,0.913043,0.817460,0.926808
BMP7,0.000000,0.000000,Source: gse20194,0.913043,0.817460,0.926808
SDCBP,0.000000,0.000000,Source: gse20194,0.913043,0.817460,0.926808
COMMD9,0.000000,0.000000,Source: gse20194,0.913043,0.817460,0.926808
FN1,0.000000,0.000000,Source: gse20194,0.913043,0.817460,0.926808
TSN,0.000000,0.000000,Source: gse20194,0.913043,0.817460,0.926808
CCDC28B,0.000000,0.000000,Source: gse20194,0.913043,0.817460,0.926808
LAMA5,0.000000,0.000000,Source: gse20194,0.913043,0.817460,0.926808
CDC34,0.000000,0.000000,Source: gse20194,0.913043,0.817460,0.926808
DLGAP5,0.000000,0.000000,Source: gse20194,0.913043,0.817460,0.926808
ITFG1,0.000000,0.000000,Source: gse20194,0.913043,0.817460,0.926808
DNAJB5,0.000000,0.000000,Source: gse20194,0.913043,0.817460,0.926808
SNRPC,0.000000,0.000000,Source: gse20194,0.913043,0.817460,0.926808
SRPK3,0.000000,0.000000,Source: gse20194,0.913043,0.817460,0.926808
EIF3D,0.000000,0.000000,Source: gse20194,0.913043,0.817460,0.926808
EXOC1,0.000000,0.000000,Source: gse20194,0.913043,0.817460,0.926808
SLC17A5,0.000000,0.000000,Source: gse20194,0.913043,0.817460,0.926808
CCNB1,0.000000,0.000000,Source: gse20194,0.913043,0.817460,0.926808
DDAH2,0.000000,0.000000,Source: gse20194,0.913043,0.817460,0.926808
DLG4,0.000000,0.000000,Source: gse20194,0.913043,0.817460,0.926808
NOP10,0.000000,0.000000,Source: gse20194,0.913043,0.817460,0.926808
MTHFD2,0.000000,0.000000,Source: gse20194,0.913043,0.817460,0.926808
DNAI1,0.000000,0.000000,Source: gse20194,0.913043,0.817460,0.926808
SPAG1,0.000000,0.000000,Source: gse20194,0.913043,0.817460,0.926808
WWOX,0.000000,0.000000,Source: gse20194,0.913043,0.817460,0.926808
CLU,0.000000,0.000000,Source: gse20194,0.913043,0.817460,0.926808
ECI2,0.000000,0.000000,Source: gse20194,0.913043,0.817460,0.926808
MYL7,0.000000,0.000000,Source: gse20194,0.913043,0.817460,0.926808
DDB2,0.000000,0.000000,Source: gse20194,0.913043,0.817460,0.926808
SLC4A2,0.000000,0.000000,Source: gse20194,0.913043,0.817460,0.926808
YWHAB,0.000000,0.000000,Source: gse20194,0.913043,0.817460,0.926808
SIK2,0.000000,0.000000,Source: gse20194,0.913043,0.817460,0.926808
CDH17,0.000000,0.000000,Source: gse20194,0.913043,0.817460,0.926808
PARP12,0.000000,0.000000,Source: gse20194,0.913043,0.817460,0.926808
FABP7,0.000000,0.000000,Source: gse20194,0.913043,0.817460,0.926808
SPON1,0.000000,0.000000,Source: gse20194,0.913043,0.817460,0.926808
DDT,0.000000,0.000000,Source: gse20194,0.913043,0.817460,0.926808
TNPO1,0.000000,0.000000,Source: gse20194,0.913043,0.817460,0.926808
APOF,0.000000,0.000000,Source: gse20194,0.913043,0.817460,0.926808
PPM1F,0.000000,0.000000,Source: gse20194,0.913043,0.817460,0.926808
SLC39A1,0.000000,0.000000,Source: gse20194,0.913043,0.817460,0.926808
ITGB7,0.000000,0.000000,Source: gse20194,0.913043,0.817460,0.926808
TRIM32,0.000000,0.000000,Source: gse20194,0.913043,0.817460,0.926808
RINT1,0.000000,0.000000,Source: gse20194,0.913043,0.817460,0.926808
ZNF613,0.000000,0.000000,Source: gse20194,0.913043,0.817460,0.926808
DNAH17,0.000000,0.000000,Source: gse20194,0.913043,0.817460,0.926808
DPF3,0.000000,0.000000,Source: gse20194,0.913043,0.817460,0.926808
MMP13,0.000000,0.000000,Source: gse20194,0.913043,0.817460,0.926808
JAKMIP2,0.000000,0.000000,Source: gse20194,0.913043,0.817460,0.926808
ARPC2,0.000000,0.000000,Source: gse20194,0.913043,0.817460,0.926808
SEC14L3,0.000000,0.000000,Source: gse20194,0.913043,0.817460,0.926808
PPEF2,0.000000,0.000000,Source: gse20194,0.913043,0.817460,0.926808
PIGO,0.000000,0.000000,Source: gse20194,0.913043,0.817460,0.926808
SERPINB6,0.000000,0.000000,Source: gse20194,0.913043,0.817460,0.926808
EIF3J,0.000000,0.000000,Source: gse20194,0.913043,0.817460,0.926808
NOX3,0.000000,0.000000,Source: gse20194,0.913043,0.817460,0.926808
VAPA,0.000000,0.000000,Source: gse20194,0.913043,0.817460,0.926808
ZNF415,0.000000,0.000000,Source: gse20194,0.913043,0.817460,0.926808
DCP2,0.000000,0.000000,Source: gse20194,0.913043,0.817460,0.926808
HS3ST3A1,0.000000,0.000000,Source: gse20194,0.913043,0.817460,0.926808
SIAH2,0.000000,0.000000,Source: gse20194,0.913043,0.817460,0.926808
LGALS1,0.000000,0.000000,Source: gse20194,0.913043,0.817460,0.926808
ANKRA2,0.000000,0.000000,Source: gse20194,0.913043,0.817460,0.926808
INPP5A,0.000000,0.000000,Source: gse20194,0.913043,0.817460,0.926808
HPCA,0.000000,0.000000,Source: gse20194,0.913043,0.817460,0.926808
LIF,0.000000,0.000000,Source: gse20194,0.913043,0.817460,0.926808
ATP6V1G2,0.000000,0.000000,Source: gse20194,0.913043,0.817460,0.926808
SCAF4,0.000000,0.000000,Source: gse20194,0.913043,0.817460,0.926808
RAB9A,0.000000,0.000000,Source: gse20194,0.913043,0.817460,0.926808
DCAF16,0.000000,0.000000,Source: gse20194,0.913043,0.817460,0.926808
SLC2A9,0.000000,0.000000,Source: gse20194,0.913043,0.817460,0.926808
CCDC106,0.000000,0.000000,Source: gse20194,0.913043,0.817460,0.926808
PSEN1,0.000000,0.000000,Source: gse20194,0.913043,0.817460,0.926808
FUT8,0.000000,0.000000,Source: gse20194,0.913043,0.817460,0.926808
DNM1,0.000000,0.000000,Source: gse20194,0.913043,0.817460,0.926808
P4HB,0.000000,0.000000,Source: gse20194,0.913043,0.817460,0.926808
PXN,0.000000,0.000000,Source: gse20194,0.913043,0.817460,0.926808
CPA2,0.000000,0.000000,Source: gse20194,0.913043,0.817460,0.926808
SOX17,0.000000,0.000000,Source: gse20194,0.913043,0.817460,0.926808
OXTR,0.000000,0.000000,Source: gse20194,0.913043,0.817460,0.926808
ACSBG2,0.000000,0.000000,Source: gse20194,0.913043,0.817460,0.926808
ACTL7A,0.000000,0.000000,Source: gse20194,0.913043,0.817460,0.926808
KIF17,0.000000,0.000000,Source: gse20194,0.913043,0.817460,0.926808
BTG3,0.000000,0.000000,Source: gse20194,0.913043,0.817460,0.926808
CHI3L1,0.000000,0.000000,Source: gse20194,0.913043,0.817460,0.926808
CDK13,0.000000,0.000000,Source: gse20194,0.913043,0.817460,0.926808
CRYGC,0.000000,0.000000,Source: gse20194,0.913043,0.817460,0.926808
TRIM68,0.000000,0.000000,Source: gse20194,0.913043,0.817460,0.926808
CRYBB1,0.000000,0.000000,Source: gse20194,0.913043,0.817460,0.926808
CYP1A2,0.000000,0.000000,Source: gse20194,0.913043,0.817460,0.926808
PSMC4,0.000000,0.000000,Source: gse20194,0.913043,0.817460,0.926808
MPDU1,0.000000,0.000000,Source: gse20194,0.913043,0.817460,0.926808
GYG1,0.000000,0.000000,Source: gse20194,0.913043,0.817460,0.926808
JPH3,0.000000,0.000000,Source: gse20194,0.913043,0.817460,0.926808
IVNS1ABP,0.000000,0.000000,Source: gse20194,0.913043,0.817460,0.926808
AUTS2,0.000000,0.000000,Source: gse20194,0.913043,0.817460,0.926808
HYAL2,0.000000,0.000000,Source: gse20194,0.913043,0.817460,0.926808
MAP4K4,0.000000,0.000000,Source: gse20194,0.913043,0.817460,0.926808
GANAB,0.000000,0.000000,Source: gse20194,0.913043,0.817460,0.926808
PLXNC1,0.000000,0.000000,Source: gse20194,0.913043,0.817460,0.926808
TRAF6,0.000000,0.000000,Source: gse20194,0.913043,0.817460,0.926808
ITGB8,0.000000,0.000000,Source: gse20194,0.913043,0.817460,0.926808
RIOK2,0.000000,0.000000,Source: gse20194,0.913043,0.817460,0.926808
TTF2,0.000000,0.000000,Source: gse20194,0.913043,0.817460,0.926808
SEL1L3,0.000000,0.000000,Source: gse20194,0.913043,0.817460,0.926808
SPOP,0.000000,0.000000,Source: gse20194,0.913043,0.817460,0.926808
ZNF146,0.000000,0.000000,Source: gse20194,0.913043,0.817460,0.926808
DDX19A,0.000000,0.000000,Source: gse20194,0.913043,0.817460,0.926808
IFNA16,0.000000,0.000000,Source: gse20194,0.913043,0.817460,0.926808
CDH2,0.000000,0.000000,Source: gse20194,0.913043,0.817460,0.926808
DDX51,0.000000,0.000000,Source: gse20194,0.913043,0.817460,0.926808
ERCC1,0.000000,0.000000,Source: gse20194,0.913043,0.817460,0.926808
MORC2,0.000000,0.000000,Source: gse20194,0.913043,0.817460,0.926808
ITGA1,0.000000,0.000000,Source: gse20194,0.913043,0.817460,0.926808
IDH3A,0.000000,0.000000,Source: gse20194,0.913043,0.817460,0.926808
TMEM74B,0.000000,0.000000,Source: gse20194,0.913043,0.817460,0.926808
HLA-A,0.000000,0.000000,Source: gse20194,0.913043,0.817460,0.926808
ZNF587,0.000000,0.000000,Source: gse20194,0.913043,0.817460,0.926808
CMAHP,0.000000,0.000000,Source: gse20194,0.913043,0.817460,0.926808
CACNA1I,0.000000,0.000000,Source: gse20194,0.913043,0.817460,0.926808
NCOR2,0.000000,0.000000,Source: gse20194,0.913043,0.817460,0.926808
SLC34A1,0.000000,0.000000,Source: gse20194,0.913043,0.817460,0.926808
ALDH3B2,0.000000,0.000000,Source: gse20194,0.913043,0.817460,0.926808
KIF4A,0.000000,0.000000,Source: gse20194,0.913043,0.817460,0.926808
PCNT,0.000000,0.000000,Source: gse20194,0.913043,0.817460,0.926808
PTPN7,0.000000,0.000000,Source: gse20194,0.913043,0.817460,0.926808
TIMM10,0.000000,0.000000,Source: gse20194,0.913043,0.817460,0.926808
MCFD2,0.000000,0.000000,Source: gse20194,0.913043,0.817460,0.926808
INS,0.000000,0.000000,Source: gse20194,0.913043,0.817460,0.926808
ALDH9A1,0.000000,0.000000,Source: gse20194,0.913043,0.817460,0.926808
VKORC1,0.000000,0.000000,Source: gse20194,0.913043,0.817460,0.926808
EPS8,0.000000,0.000000,Source: gse20194,0.913043,0.817460,0.926808
PBX2,0.000000,0.000000,Source: gse20194,0.913043,0.817460,0.926808
NDUFV1,0.000000,0.000000,Source: gse20194,0.913043,0.817460,0.926808
RCE1,0.000000,0.000000,Source: gse20194,0.913043,0.817460,0.926808
PARP2,0.000000,0.000000,Source: gse20194,0.913043,0.817460,0.926808
CCK,0.000000,0.000000,Source: gse20194,0.913043,0.817460,0.926808
TAB2,0.000000,0.000000,Source: gse20194,0.913043,0.817460,0.926808
MYOM1,0.000000,0.000000,Source: gse20194,0.913043,0.817460,0.926808
TEX15,0.000000,0.000000,Source: gse20194,0.913043,0.817460,0.926808
UBE4A,0.000000,0.000000,Source: gse20194,0.913043,0.817460,0.926808
NT5C2,0.000000,0.000000,Source: gse20194,0.913043,0.817460,0.926808
PCDH1,0.000000,0.000000,Source: gse20194,0.913043,0.817460,0.926808
KCNC4,0.000000,0.000000,Source: gse20194,0.913043,0.817460,0.926808
GTPBP6,0.000000,0.000000,Source: gse20194,0.913043,0.817460,0.926808
GPR39,0.000000,0.000000,Source: gse20194,0.913043,0.817460,0.926808
TFF1,0.000000,0.000000,Source: gse20194,0.913043,0.817460,0.926808
PREPL,0.000000,0.000000,Source: gse20194,0.913043,0.817460,0.926808
CRADD,0.000000,0.000000,Source: gse20194,0.913043,0.817460,0.926808
RHCE,0.000000,0.000000,Source: gse20194,0.913043,0.817460,0.926808
RHOB,0.000000,0.000000,Source: gse20194,0.913043,0.817460,0.926808
RNF39,0.000000,0.000000,Source: gse20194,0.913043,0.817460,0.926808
CRTAC1,0.000000,0.000000,Source: gse20194,0.913043,0.817460,0.926808
LTBR,0.000000,0.000000,Source: gse20194,0.913043,0.817460,0.926808
OSBPL9,0.000000,0.000000,Source: gse20194,0.913043,0.817460,0.926808
PCSK7,0.000000,0.000000,Source: gse20194,0.913043,0.817460,0.926808
EFS,0.000000,0.000000,Source: gse20194,0.913043,0.817460,0.926808
CDH16,0.000000,0.000000,Source: gse20194,0.913043,0.817460,0.926808
DGCR2,0.000000,0.000000,Source: gse20194,0.913043,0.817460,0.926808
VIP,0.000000,0.000000,Source: gse20194,0.913043,0.817460,0.926808
GRIK4,0.000000,0.000000,Source: gse20194,0.913043,0.817460,0.926808
TTTY14,0.000000,0.000000,Source: gse20194,0.913043,0.817460,0.926808
CCDC25,0.000000,0.000000,Source: gse20194,0.913043,0.817460,0.926808
DCK,0.000000,0.000000,Source: gse20194,0.913043,0.817460,0.926808
LGI2,0.000000,0.000000,Source: gse20194,0.913043,0.817460,0.926808
RNF114,0.000000,0.000000,Source: gse20194,0.913043,0.817460,0.926808
ZNF688,0.000000,0.000000,Source: gse20194,0.913043,0.817460,0.926808
CARHSP1,0.000000,0.000000,Source: gse20194,0.913043,0.817460,0.926808
ZBTB11,0.000000,0.000000,Source: gse20194,0.913043,0.817460,0.926808
PSENEN,0.000000,0.000000,Source: gse20194,0.913043,0.817460,0.926808
ADCY9,0.000000,0.000000,Source: gse20194,0.913043,0.817460,0.926808
NOL8,0.000000,0.000000,Source: gse20194,0.913043,0.817460,0.926808
ING2,0.000000,0.000000,Source: gse20194,0.913043,0.817460,0.926808
THAP3,0.000000,0.000000,Source: gse20194,0.913043,0.817460,0.926808
ZSCAN2,0.000000,0.000000,Source: gse20194,0.913043,0.817460,0.926808
KBTBD2,0.000000,0.000000,Source: gse20194,0.913043,0.817460,0.926808
HIRIP3,0.000000,0.000000,Source: gse20194,0.913043,0.817460,0.926808
PDCD6IP,0.000000,0.000000,Source: gse20194,0.913043,0.817460,0.926808
CTNS,0.000000,0.000000,Source: gse20194,0.913043,0.817460,0.926808
OGN,0.000000,0.000000,Source: gse20194,0.913043,0.817460,0.926808
ZNF395,0.000000,0.000000,Source: gse20194,0.913043,0.817460,0.926808
YTHDF1,0.000000,0.000000,Source: gse20194,0.913043,0.817460,0.926808
OPRK1,0.000000,0.000000,Source: gse20194,0.913043,0.817460,0.926808
GAS7,0.000000,0.000000,Source: gse20194,0.913043,0.817460,0.926808
CEBPD,0.000000,0.000000,Source: gse20194,0.913043,0.817460,0.926808
PSME3,0.000000,0.000000,Source: gse20194,0.913043,0.817460,0.926808
CTRC,0.000000,0.000000,Source: gse20194,0.913043,0.817460,0.926808
OR2B2,0.000000,0.000000,Source: gse20194,0.913043,0.817460,0.926808
TPSG1,0.000000,0.000000,Source: gse20194,0.913043,0.817460,0.926808
IL17B,0.000000,0.000000,Source: gse20194,0.913043,0.817460,0.926808
SMAGP,0.000000,0.000000,Source: gse20194,0.913043,0.817460,0.926808
HMGB2,0.000000,0.000000,Source: gse20194,0.913043,0.817460,0.926808
RAB6A,0.000000,0.000000,Source: gse20194,0.913043,0.817460,0.926808
APBA3,0.000000,0.000000,Source: gse20194,0.913043,0.817460,0.926808
ATOH1,0.000000,0.000000,Source: gse20194,0.913043,0.817460,0.926808
GDAP1,0.000000,0.000000,Source: gse20194,0.913043,0.817460,0.926808
THUMPD2,0.000000,0.000000,Source: gse20194,0.913043,0.817460,0.926808
SLC22A5,0.000000,0.000000,Source: gse20194,0.913043,0.817460,0.926808
BRCC3,0.000000,0.000000,Source: gse20194,0.913043,0.817460,0.926808
DEFA5,0.000000,0.000000,Source: gse20194,0.913043,0.817460,0.926808
SIGLEC5,0.000000,0.000000,Source: gse20194,0.913043,0.817460,0.926808
KLK2,0.000000,0.000000,Source: gse20194,0.913043,0.817460,0.926808
ZNF174,0.000000,0.000000,Source: gse20194,0.913043,0.817460,0.926808
KIF5B,0.000000,0.000000,Source: gse20194,0.913043,0.817460,0.926808
FCRL2,0.000000,0.000000,Source: gse20194,0.913043,0.817460,0.926808
ATP6V0A2,0.000000,0.000000,Source: gse20194,0.913043,0.817460,0.926808
PSEN2,0.000000,0.000000,Source: gse20194,0.913043,0.817460,0.926808
TIMP1,0.000000,0.000000,Source: gse20194,0.913043,0.817460,0.926808
CARD10,0.000000,0.000000,Source: gse20194,0.913043,0.817460,0.926808
KRT38,0.000000,0.000000,Source: gse20194,0.913043,0.817460,0.926808
DNAJB4,0.000000,0.000000,Source: gse20194,0.913043,0.817460,0.926808
ID1,0.000000,0.000000,Source: gse20194,0.913043,0.817460,0.926808
TAF6,0.000000,0.000000,Source: gse20194,0.913043,0.817460,0.926808
GSPT2,0.000000,0.000000,Source: gse20194,0.913043,0.817460,0.926808
ADI1,0.000000,0.000000,Source: gse20194,0.913043,0.817460,0.926808
DNAJC10,0.000000,0.000000,Source: gse20194,0.913043,0.817460,0.926808
PPM1G,0.000000,0.000000,Source: gse20194,0.913043,0.817460,0.926808
RET,0.000000,0.000000,Source: gse20194,0.913043,0.817460,0.926808
ARHGEF10L,0.000000,0.000000,Source: gse20194,0.913043,0.817460,0.926808
PCM1,0.000000,0.000000,Source: gse20194,0.913043,0.817460,0.926808
VPS52,0.000000,0.000000,Source: gse20194,0.913043,0.817460,0.926808
TJAP1,0.000000,0.000000,Source: gse20194,0.913043,0.817460,0.926808
CTSH,0.000000,0.000000,Source: gse20194,0.913043,0.817460,0.926808
CNGA1,0.000000,0.000000,Source: gse20194,0.913043,0.817460,0.926808
BTD,0.000000,0.000000,Source: gse20194,0.913043,0.817460,0.926808
PARP16,0.000000,0.000000,Source: gse20194,0.913043,0.817460,0.926808
PRNP,0.000000,0.000000,Source: gse20194,0.913043,0.817460,0.926808
CHRND,0.000000,0.000000,Source: gse20194,0.913043,0.817460,0.926808
PHB2,0.000000,0.000000,Source: gse20194,0.913043,0.817460,0.926808
C1GALT1C1,0.000000,0.000000,Source: gse20194,0.913043,0.817460,0.926808
STAP2,0.000000,0.000000,Source: gse20194,0.913043,0.817460,0.926808
MYO1F,0.000000,0.000000,Source: gse20194,0.913043,0.817460,0.926808
NONO,0.000000,0.000000,Source: gse20194,0.913043,0.817460,0.926808
TAF2,0.000000,0.000000,Source: gse20194,0.913043,0.817460,0.926808
COLEC12,0.000000,0.000000,Source: gse20194,0.913043,0.817460,0.926808
UCKL1,0.000000,0.000000,Source: gse20194,0.913043,0.817460,0.926808
FANCF,0.000000,0.000000,Source: gse20194,0.913043,0.817460,0.926808
NFIL3,0.000000,0.000000,Source: gse20194,0.913043,0.817460,0.926808
MED12,0.000000,0.000000,Source: gse20194,0.913043,0.817460,0.926808
RAP2C,0.000000,0.000000,Source: gse20194,0.913043,0.817460,0.926808
CTAGE11P,0.000000,0.000000,Source: gse20194,0.913043,0.817460,0.926808
TRAPPC4,0.000000,0.000000,Source: gse20194,0.913043,0.817460,0.926808
RPS6KA4,0.000000,0.000000,Source: gse20194,0.913043,0.817460,0.926808
FUT6,0.000000,0.000000,Source: gse20194,0.913043,0.817460,0.926808
HSPB2,0.000000,0.000000,Source: gse20194,0.913043,0.817460,0.926808
LRP6,0.000000,0.000000,Source: gse20194,0.913043,0.817460,0.926808
THAP11,0.000000,0.000000,Source: gse20194,0.913043,0.817460,0.926808
SLC29A2,0.000000,0.000000,Source: gse20194,0.913043,0.817460,0.926808
CLIP3,0.000000,0.000000,Source: gse20194,0.913043,0.817460,0.926808
RIN3,0.000000,0.000000,Source: gse20194,0.913043,0.817460,0.926808
SHMT1,0.000000,0.000000,Source: gse20194,0.913043,0.817460,0.926808
MTHFR,0.000000,0.000000,Source: gse20194,0.913043,0.817460,0.926808
RCN2,0.000000,0.000000,Source: gse20194,0.913043,0.817460,0.926808
C2orf72,0.000000,0.000000,Source: gse20194,0.913043,0.817460,0.926808
CDKN1C,0.000000,0.000000,Source: gse20194,0.913043,0.817460,0.926808
EXOSC2,0.000000,0.000000,Source: gse20194,0.913043,0.817460,0.926808
FAM171A1,0.000000,0.000000,Source: gse20194,0.913043,0.817460,0.926808
ZFR2,0.000000,0.000000,Source: gse20194,0.913043,0.817460,0.926808
KHSRP,0.000000,0.000000,Source: gse20194,0.913043,0.817460,0.926808
PTS,0.000000,0.000000,Source: gse20194,0.913043,0.817460,0.926808
RHBG,0.000000,0.000000,Source: gse20194,0.913043,0.817460,0.926808
ERAP1,0.000000,0.000000,Source: gse20194,0.913043,0.817460,0.926808
NBEAL2,0.000000,0.000000,Source: gse20194,0.913043,0.817460,0.926808
SHBG,0.000000,0.000000,Source: gse20194,0.913043,0.817460,0.926808
APOBEC3A,0.000000,0.000000,Source: gse20194,0.913043,0.817460,0.926808
LMF1,0.000000,0.000000,Source: gse20194,0.913043,0.817460,0.926808
SSBP3,0.000000,0.000000,Source: gse20194,0.913043,0.817460,0.926808
ADAM21,0.000000,0.000000,Source: gse20194,0.913043,0.817460,0.926808
POLG2,0.000000,0.000000,Source: gse20194,0.913043,0.817460,0.926808
ESRP1,0.000000,0.000000,Source: gse20194,0.913043,0.817460,0.926808
GPR88,0.000000,0.000000,Source: gse20194,0.913043,0.817460,0.926808
LTBP4,0.000000,0.000000,Source: gse20194,0.913043,0.817460,0.926808
PLAU,0.000000,0.000000,Source: gse20194,0.913043,0.817460,0.926808
SDS,0.000000,0.000000,Source: gse20194,0.913043,0.817460,0.926808
HK3,0.000000,0.000000,Source: gse20194,0.913043,0.817460,0.926808
GRK4,0.000000,0.000000,Source: gse20194,0.913043,0.817460,0.926808
CTAG2,0.000000,0.000000,Source: gse20194,0.913043,0.817460,0.926808
HIF1A,0.000000,0.000000,Source: gse20194,0.913043,0.817460,0.926808
PRC1,0.000000,0.000000,Source: gse20194,0.913043,0.817460,0.926808
POLR2C,0.000000,0.000000,Source: gse20194,0.913043,0.817460,0.926808
LRCH1,0.000000,0.000000,Source: gse20194,0.913043,0.817460,0.926808
ZMYM4,0.000000,0.000000,Source: gse20194,0.913043,0.817460,0.926808
APOBEC2,0.000000,0.000000,Source: gse20194,0.913043,0.817460,0.926808
NDUFA8,0.000000,0.000000,Source: gse20194,0.913043,0.817460,0.926808
UNC5C,0.000000,0.000000,Source: gse20194,0.913043,0.817460,0.926808
PRRG3,0.000000,0.000000,Source: gse20194,0.913043,0.817460,0.926808
NXT2,0.000000,0.000000,Source: gse20194,0.913043,0.817460,0.926808
OSGIN1,0.000000,0.000000,Source: gse20194,0.913043,0.817460,0.926808
MPP3,0.000000,0.000000,Source: gse20194,0.913043,0.817460,0.926808
GIMAP6,0.000000,0.000000,Source: gse20194,0.913043,0.817460,0.926808
AKR7A3,0.000000,0.000000,Source: gse20194,0.913043,0.817460,0.926808
BICC1,0.000000,0.000000,Source: gse20194,0.913043,0.817460,0.926808
DTWD1,0.000000,0.000000,Source: gse20194,0.913043,0.817460,0.926808
FMR1,0.000000,0.000000,Source: gse20194,0.913043,0.817460,0.926808
GAB2,0.000000,0.000000,Source: gse20194,0.913043,0.817460,0.926808
PPIP5K1,0.000000,0.000000,Source: gse20194,0.913043,0.817460,0.926808
GCA,0.000000,0.000000,Source: gse20194,0.913043,0.817460,0.926808
PNPLA4,0.000000,0.000000,Source: gse20194,0.913043,0.817460,0.926808
PRRC1,0.000000,0.000000,Source: gse20194,0.913043,0.817460,0.926808
ERMAP,0.000000,0.000000,Source: gse20194,0.913043,0.817460,0.926808
KITLG,0.000000,0.000000,Source: gse20194,0.913043,0.817460,0.926808
DSG1,0.000000,0.000000,Source: gse20194,0.913043,0.817460,0.926808
PMS1,0.000000,0.000000,Source: gse20194,0.913043,0.817460,0.926808
ERC1,0.000000,0.000000,Source: gse20194,0.913043,0.817460,0.926808
ANKLE2,0.000000,0.000000,Source: gse20194,0.913043,0.817460,0.926808
RAB33B,0.000000,0.000000,Source: gse20194,0.913043,0.817460,0.926808
COL13A1,0.000000,0.000000,Source: gse20194,0.913043,0.817460,0.926808
RNFT2,0.000000,0.000000,Source: gse20194,0.913043,0.817460,0.926808
STX10,0.000000,0.000000,Source: gse20194,0.913043,0.817460,0.926808
PHLDA2,0.000000,0.000000,Source: gse20194,0.913043,0.817460,0.926808
SPINK4,0.000000,0.000000,Source: gse20194,0.913043,0.817460,0.926808
ELP4,0.000000,0.000000,Source: gse20194,0.913043,0.817460,0.926808
DPYD,0.000000,0.000000,Source: gse20194,0.913043,0.817460,0.926808
PDS5B,0.000000,0.000000,Source: gse20194,0.913043,0.817460,0.926808
TUBA8,0.000000,0.000000,Source: gse20194,0.913043,0.817460,0.926808
PIGQ,0.000000,0.000000,Source: gse20194,0.913043,0.817460,0.926808
CD2BP2,0.000000,0.000000,Source: gse20194,0.913043,0.817460,0.926808
MRAS,0.000000,0.000000,Source: gse20194,0.913043,0.817460,0.926808
RND1,0.000000,0.000000,Source: gse20194,0.913043,0.817460,0.926808
RXRG,0.000000,0.000000,Source: gse20194,0.913043,0.817460,0.926808
SYNDIG1,0.000000,0.000000,Source: gse20194,0.913043,0.817460,0.926808
PAQR3,0.000000,0.000000,Source: gse20194,0.913043,0.817460,0.926808
NAP1L1,0.000000,0.000000,Source: gse20194,0.913043,0.817460,0.926808
DTX4,0.000000,0.000000,Source: gse20194,0.913043,0.817460,0.926808
NR1H4,0.000000,0.000000,Source: gse20194,0.913043,0.817460,0.926808
DAAM2,0.000000,0.000000,Source: gse20194,0.913043,0.817460,0.926808
GRM3,0.000000,0.000000,Source: gse20194,0.913043,0.817460,0.926808
POMC,0.000000,0.000000,Source: gse20194,0.913043,0.817460,0.926808
CEP68,0.000000,0.000000,Source: gse20194,0.913043,0.817460,0.926808
PDE4D,0.000000,0.000000,Source: gse20194,0.913043,0.817460,0.926808
CRLF2,0.000000,0.000000,Source: gse20194,0.913043,0.817460,0.926808
RAB23,0.000000,0.000000,Source: gse20194,0.913043,0.817460,0.926808
GJA5,0.000000,0.000000,Source: gse20194,0.913043,0.817460,0.926808
NACC2,0.000000,0.000000,Source: gse20194,0.913043,0.817460,0.926808
PLK2,0.000000,0.000000,Source: gse20194,0.913043,0.817460,0.926808
IFT74,0.000000,0.000000,Source: gse20194,0.913043,0.817460,0.926808
ACAP1,0.000000,0.000000,Source: gse20194,0.913043,0.817460,0.926808
POM121L9P,0.000000,0.000000,Source: gse20194,0.913043,0.817460,0.926808
CLDN4,0.000000,0.000000,Source: gse20194,0.913043,0.817460,0.926808
ARFGAP1,0.000000,0.000000,Source: gse20194,0.913043,0.817460,0.926808
ZCCHC2,0.000000,0.000000,Source: gse20194,0.913043,0.817460,0.926808
NUDT15,0.000000,0.000000,Source: gse20194,0.913043,0.817460,0.926808
POLR2H,0.000000,0.000000,Source: gse20194,0.913043,0.817460,0.926808
ESM1,0.000000,0.000000,Source: gse20194,0.913043,0.817460,0.926808
EVI2B,0.000000,0.000000,Source: gse20194,0.913043,0.817460,0.926808
ABHD10,0.000000,0.000000,Source: gse20194,0.913043,0.817460,0.926808
MRPL19,0.000000,0.000000,Source: gse20194,0.913043,0.817460,0.926808
SRPX2,0.000000,0.000000,Source: gse20194,0.913043,0.817460,0.926808
EEF1A2,0.000000,0.000000,Source: gse20194,0.913043,0.817460,0.926808
WASF2,0.000000,0.000000,Source: gse20194,0.913043,0.817460,0.926808
MSX1,0.000000,0.000000,Source: gse20194,0.913043,0.817460,0.926808
SPARCL1,0.000000,0.000000,Source: gse20194,0.913043,0.817460,0.926808
GEMIN7,0.000000,0.000000,Source: gse20194,0.913043,0.817460,0.926808
CEP76,0.000000,0.000000,Source: gse20194,0.913043,0.817460,0.926808
SEC62,0.000000,0.000000,Source: gse20194,0.913043,0.817460,0.926808
CD44,0.000000,0.000000,Source: gse20194,0.913043,0.817460,0.926808
OR7E12P,0.000000,0.000000,Source: gse20194,0.913043,0.817460,0.926808
DOK3,0.000000,0.000000,Source: gse20194,0.913043,0.817460,0.926808
C8orf33,0.000000,0.000000,Source: gse20194,0.913043,0.817460,0.926808
RFC3,0.000000,0.000000,Source: gse20194,0.913043,0.817460,0.926808
METTL4,0.000000,0.000000,Source: gse20194,0.913043,0.817460,0.926808
CPNE3,0.000000,0.000000,Source: gse20194,0.913043,0.817460,0.926808
ALDH18A1,0.000000,0.000000,Source: gse20194,0.913043,0.817460,0.926808
PPFIA2,0.000000,0.000000,Source: gse20194,0.913043,0.817460,0.926808
CDH18,0.000000,0.000000,Source: gse20194,0.913043,0.817460,0.926808
CDH13,0.000000,0.000000,Source: gse20194,0.913043,0.817460,0.926808
GHRH,0.000000,0.000000,Source: gse20194,0.913043,0.817460,0.926808
PTBP3,0.000000,0.000000,Source: gse20194,0.913043,0.817460,0.926808
CDKN2D,0.000000,0.000000,Source: gse20194,0.913043,0.817460,0.926808
MAP3K11,0.000000,0.000000,Source: gse20194,0.913043,0.817460,0.926808
TBX1,0.000000,0.000000,Source: gse20194,0.913043,0.817460,0.926808
HNMT,0.000000,0.000000,Source: gse20194,0.913043,0.817460,0.926808
IPP,0.000000,0.000000,Source: gse20194,0.913043,0.817460,0.926808
MBTPS1,0.000000,0.000000,Source: gse20194,0.913043,0.817460,0.926808
RNF130,0.000000,0.000000,Source: gse20194,0.913043,0.817460,0.926808
SYNGR3,0.000000,0.000000,Source: gse20194,0.913043,0.817460,0.926808
DNMT1,0.000000,0.000000,Source: gse20194,0.913043,0.817460,0.926808
LLGL2,0.000000,0.000000,Source: gse20194,0.913043,0.817460,0.926808
RBM10,0.000000,0.000000,Source: gse20194,0.913043,0.817460,0.926808
TEK,0.000000,0.000000,Source: gse20194,0.913043,0.817460,0.926808
EXD3,0.000000,0.000000,Source: gse20194,0.913043,0.817460,0.926808
FOXN2,0.000000,0.000000,Source: gse20194,0.913043,0.817460,0.926808
CCR5,0.000000,0.000000,Source: gse20194,0.913043,0.817460,0.926808
TLR1,0.000000,0.000000,Source: gse20194,0.913043,0.817460,0.926808
CAMKMT,0.000000,0.000000,Source: gse20194,0.913043,0.817460,0.926808
IL11,0.000000,0.000000,Source: gse20194,0.913043,0.817460,0.926808
NUPR1,0.000000,0.000000,Source: gse20194,0.913043,0.817460,0.926808
NAALADL1,0.000000,0.000000,Source: gse20194,0.913043,0.817460,0.926808
CNDP2,0.000000,0.000000,Source: gse20194,0.913043,0.817460,0.926808
DNAJB6,0.000000,0.000000,Source: gse20194,0.913043,0.817460,0.926808
TPST1,0.000000,0.000000,Source: gse20194,0.913043,0.817460,0.926808
ERCC6L,0.000000,0.000000,Source: gse20194,0.913043,0.817460,0.926808
MAP2K1,0.000000,0.000000,Source: gse20194,0.913043,0.817460,0.926808
M6PR,0.000000,0.000000,Source: gse20194,0.913043,0.817460,0.926808
SEMA4C,0.000000,0.000000,Source: gse20194,0.913043,0.817460,0.926808
TSNAX,0.000000,0.000000,Source: gse20194,0.913043,0.817460,0.926808
PGAP1,0.000000,0.000000,Source: gse20194,0.913043,0.817460,0.926808
RLN2,0.000000,0.000000,Source: gse20194,0.913043,0.817460,0.926808
VTI1B,0.000000,0.000000,Source: gse20194,0.913043,0.817460,0.926808
MICAL2,0.000000,0.000000,Source: gse20194,0.913043,0.817460,0.926808
POU5F1P3,0.000000,0.000000,Source: gse20194,0.913043,0.817460,0.926808
PRMT2,0.000000,0.000000,Source: gse20194,0.913043,0.817460,0.926808
CSTF2T,0.000000,0.000000,Source: gse20194,0.913043,0.817460,0.926808
RRP8,0.000000,0.000000,Source: gse20194,0.913043,0.817460,0.926808
HSPA4L,0.000000,0.000000,Source: gse20194,0.913043,0.817460,0.926808
COTL1,0.000000,0.000000,Source: gse20194,0.913043,0.817460,0.926808
DNMT3A,0.000000,0.000000,Source: gse20194,0.913043,0.817460,0.926808
WIPF1,0.000000,0.000000,Source: gse20194,0.913043,0.817460,0.926808
VPS37B,0.000000,0.000000,Source: gse20194,0.913043,0.817460,0.926808
CWF19L1,0.000000,0.000000,Source: gse20194,0.913043,0.817460,0.926808
SPHK2,0.000000,0.000000,Source: gse20194,0.913043,0.817460,0.926808
TBC1D19,0.000000,0.000000,Source: gse20194,0.913043,0.817460,0.926808
CD151,0.000000,0.000000,Source: gse20194,0.913043,0.817460,0.926808
ABCB9,0.000000,0.000000,Source: gse20194,0.913043,0.817460,0.926808
HECTD3,0.000000,0.000000,Source: gse20194,0.913043,0.817460,0.926808
ARHGEF10,0.000000,0.000000,Source: gse20194,0.913043,0.817460,0.926808
KRT6B,0.000000,0.000000,Source: gse20194,0.913043,0.817460,0.926808
SPAG4,0.000000,0.000000,Source: gse20194,0.913043,0.817460,0.926808
DCUN1D2,0.000000,0.000000,Source: gse20194,0.913043,0.817460,0.926808
PEMT,0.000000,0.000000,Source: gse20194,0.913043,0.817460,0.926808
ARL6IP1,0.000000,0.000000,Source: gse20194,0.913043,0.817460,0.926808
DPEP2,0.000000,0.000000,Source: gse20194,0.913043,0.817460,0.926808
SERPINA3,0.000000,0.000000,Source: gse20194,0.913043,0.817460,0.926808
ZNF629,0.000000,0.000000,Source: gse20194,0.913043,0.817460,0.926808
HAT1,0.000000,0.000000,Source: gse20194,0.913043,0.817460,0.926808
ZFP36,0.000000,0.000000,Source: gse20194,0.913043,0.817460,0.926808
GLMN,0.000000,0.000000,Source: gse20194,0.913043,0.817460,0.926808
MS4A5,0.000000,0.000000,Source: gse20194,0.913043,0.817460,0.926808
RAN,0.000000,0.000000,Source: gse20194,0.913043,0.817460,0.926808
FRS3,0.000000,0.000000,Source: gse20194,0.913043,0.817460,0.926808
DNAH2,0.000000,0.000000,Source: gse20194,0.913043,0.817460,0.926808
RGR,0.000000,0.000000,Source: gse20194,0.913043,0.817460,0.926808
CELA2A,0.000000,0.000000,Source: gse20194,0.913043,0.817460,0.926808
SYNM,0.000000,0.000000,Source: gse20194,0.913043,0.817460,0.926808
TRAF2,0.000000,0.000000,Source: gse20194,0.913043,0.817460,0.926808
RNF2,0.000000,0.000000,Source: gse20194,0.913043,0.817460,0.926808
EGR4,0.000000,0.000000,Source: gse20194,0.913043,0.817460,0.926808
IL10,0.000000,0.000000,Source: gse20194,0.913043,0.817460,0.926808
TM9SF2,0.000000,0.000000,Source: gse20194,0.913043,0.817460,0.926808
FAM53B,0.000000,0.000000,Source: gse20194,0.913043,0.817460,0.926808
ZNF675,0.000000,0.000000,Source: gse20194,0.913043,0.817460,0.926808
TFEB,0.000000,0.000000,Source: gse20194,0.913043,0.817460,0.926808
RLBP1,0.000000,0.000000,Source: gse20194,0.913043,0.817460,0.926808
KCNJ8,0.000000,0.000000,Source: gse20194,0.913043,0.817460,0.926808
INSL3,0.000000,0.000000,Source: gse20194,0.913043,0.817460,0.926808
MPDZ,0.000000,0.000000,Source: gse20194,0.913043,0.817460,0.926808
RRP12,0.000000,0.000000,Source: gse20194,0.913043,0.817460,0.926808
MDH1,0.000000,0.000000,Source: gse20194,0.913043,0.817460,0.926808
NKX2-1,0.000000,0.000000,Source: gse20194,0.913043,0.817460,0.926808
REXO4,0.000000,0.000000,Source: gse20194,0.913043,0.817460,0.926808
INPP5K,0.000000,0.000000,Source: gse20194,0.913043,0.817460,0.926808
INSR,0.000000,0.000000,Source: gse20194,0.913043,0.817460,0.926808
AQR,0.000000,0.000000,Source: gse20194,0.913043,0.817460,0.926808
CHODL,0.000000,0.000000,Source: gse20194,0.913043,0.817460,0.926808
TBC1D13,0.000000,0.000000,Source: gse20194,0.913043,0.817460,0.926808
TXLNA,0.000000,0.000000,Source: gse20194,0.913043,0.817460,0.926808
DHRS7B,0.000000,0.000000,Source: gse20194,0.913043,0.817460,0.926808
CRIM1,0.000000,0.000000,Source: gse20194,0.913043,0.817460,0.926808
TGFB3,0.000000,0.000000,Source: gse20194,0.913043,0.817460,0.926808
POLE2,0.000000,0.000000,Source: gse20194,0.913043,0.817460,0.926808
TXNL1,0.000000,0.000000,Source: gse20194,0.913043,0.817460,0.926808
NAMPT,0.000000,0.000000,Source: gse20194,0.913043,0.817460,0.926808
CENPB,0.000000,0.000000,Source: gse20194,0.913043,0.817460,0.926808
OTUD4,0.000000,0.000000,Source: gse20194,0.913043,0.817460,0.926808
TIMM13,0.000000,0.000000,Source: gse20194,0.913043,0.817460,0.926808
COG5,0.000000,0.000000,Source: gse20194,0.913043,0.817460,0.926808
ACADSB,0.000000,0.000000,Source: gse20194,0.913043,0.817460,0.926808
LGALS8,0.000000,0.000000,Source: gse20194,0.913043,0.817460,0.926808
DYRK1B,0.000000,0.000000,Source: gse20194,0.913043,0.817460,0.926808
BRD3,0.000000,0.000000,Source: gse20194,0.913043,0.817460,0.926808
ALDH1A1,0.000000,0.000000,Source: gse20194,0.913043,0.817460,0.926808
FDXR,0.000000,0.000000,Source: gse20194,0.913043,0.817460,0.926808
GNA14,0.000000,0.000000,Source: gse20194,0.913043,0.817460,0.926808
TOP3A,0.000000,0.000000,Source: gse20194,0.913043,0.817460,0.926808
MSRA,0.000000,0.000000,Source: gse20194,0.913043,0.817460,0.926808
NR2C2,0.000000,0.000000,Source: gse20194,0.913043,0.817460,0.926808
SLC22A3,0.000000,0.000000,Source: gse20194,0.913043,0.817460,0.926808
CNGB1,0.000000,0.000000,Source: gse20194,0.913043,0.817460,0.926808
GSTO1,0.000000,0.000000,Source: gse20194,0.913043,0.817460,0.926808
PHYHIP,0.000000,0.000000,Source: gse20194,0.913043,0.817460,0.926808
UBE2O,0.000000,0.000000,Source: gse20194,0.913043,0.817460,0.926808
LSAMP,0.000000,0.000000,Source: gse20194,0.913043,0.817460,0.926808
CCDC6,0.000000,0.000000,Source: gse20194,0.913043,0.817460,0.926808
OGDHL,0.000000,0.000000,Source: gse20194,0.913043,0.817460,0.926808
NDUFB6,0.000000,0.000000,Source: gse20194,0.913043,0.817460,0.926808
ADCY7,0.000000,0.000000,Source: gse20194,0.913043,0.817460,0.926808
ANKRD26,0.000000,0.000000,Source: gse20194,0.913043,0.817460,0.926808
ARFGAP2,0.000000,0.000000,Source: gse20194,0.913043,0.817460,0.926808
GEMIN8,0.000000,0.000000,Source: gse20194,0.913043,0.817460,0.926808
PSPH,0.000000,0.000000,Source: gse20194,0.913043,0.817460,0.926808
DPH5,0.000000,0.000000,Source: gse20194,0.913043,0.817460,0.926808
S100P,0.000000,0.000000,Source: gse20194,0.913043,0.817460,0.926808
SSX2IP,0.000000,0.000000,Source: gse20194,0.913043,0.817460,0.926808
GPRASP1,0.000000,0.000000,Source: gse20194,0.913043,0.817460,0.926808
TARS2,0.000000,0.000000,Source: gse20194,0.913043,0.817460,0.926808
COPZ1,0.000000,0.000000,Source: gse20194,0.913043,0.817460,0.926808
ZNF200,0.000000,0.000000,Source: gse20194,0.913043,0.817460,0.926808
NIP7,0.000000,0.000000,Source: gse20194,0.913043,0.817460,0.926808
KIF22,0.000000,0.000000,Source: gse20194,0.913043,0.817460,0.926808
MIS12,0.000000,0.000000,Source: gse20194,0.913043,0.817460,0.926808
UTP20,0.000000,0.000000,Source: gse20194,0.913043,0.817460,0.926808
RAPGEF3,0.000000,0.000000,Source: gse20194,0.913043,0.817460,0.926808
SPON2,0.000000,0.000000,Source: gse20194,0.913043,0.817460,0.926808
IFNW1,0.000000,0.000000,Source: gse20194,0.913043,0.817460,0.926808
MYCNOS,0.000000,0.000000,Source: gse20194,0.913043,0.817460,0.926808
PIP4K2A,0.000000,0.000000,Source: gse20194,0.913043,0.817460,0.926808
HLA-G,0.000000,0.000000,Source: gse20194,0.913043,0.817460,0.926808
IL21,0.000000,0.000000,Source: gse20194,0.913043,0.817460,0.926808
EFCAB11,0.000000,0.000000,Source: gse20194,0.913043,0.817460,0.926808
RALY,0.000000,0.000000,Source: gse20194,0.913043,0.817460,0.926808
BTBD3,0.000000,0.000000,Source: gse20194,0.913043,0.817460,0.926808
NPPB,0.000000,0.000000,Source: gse20194,0.913043,0.817460,0.926808
TDRD1,0.000000,0.000000,Source: gse20194,0.913043,0.817460,0.926808
ZC3H4,0.000000,0.000000,Source: gse20194,0.913043,0.817460,0.926808
DGKQ,0.000000,0.000000,Source: gse20194,0.913043,0.817460,0.926808
DOC2B,0.000000,0.000000,Source: gse20194,0.913043,0.817460,0.926808
LHX5,0.000000,0.000000,Source: gse20194,0.913043,0.817460,0.926808
WAS,0.000000,0.000000,Source: gse20194,0.913043,0.817460,0.926808
IFT88,0.000000,0.000000,Source: gse20194,0.913043,0.817460,0.926808
RAB5A,0.000000,0.000000,Source: gse20194,0.913043,0.817460,0.926808
ZMYND8,0.000000,0.000000,Source: gse20194,0.913043,0.817460,0.926808
FBXL18,0.000000,0.000000,Source: gse20194,0.913043,0.817460,0.926808
TMEM135,0.000000,0.000000,Source: gse20194,0.913043,0.817460,0.926808
ZNF302,0.000000,0.000000,Source: gse20194,0.913043,0.817460,0.926808
TMEM59,0.000000,0.000000,Source: gse20194,0.913043,0.817460,0.926808
ACTL7B,0.000000,0.000000,Source: gse20194,0.913043,0.817460,0.926808
SLC47A1,0.000000,0.000000,Source: gse20194,0.913043,0.817460,0.926808
IFT140,0.000000,0.000000,Source: gse20194,0.913043,0.817460,0.926808
RAB11FIP1,0.000000,0.000000,Source: gse20194,0.913043,0.817460,0.926808
HDAC1,0.000000,0.000000,Source: gse20194,0.913043,0.817460,0.926808
PIK3C2B,0.000000,0.000000,Source: gse20194,0.913043,0.817460,0.926808
KLRF1,0.000000,0.000000,Source: gse20194,0.913043,0.817460,0.926808
OR7E24,0.000000,0.000000,Source: gse20194,0.913043,0.817460,0.926808
RGS5,0.000000,0.000000,Source: gse20194,0.913043,0.817460,0.926808
NGF,0.000000,0.000000,Source: gse20194,0.913043,0.817460,0.926808
HEATR1,0.000000,0.000000,Source: gse20194,0.913043,0.817460,0.926808
DPM1,0.000000,0.000000,Source: gse20194,0.913043,0.817460,0.926808
NEDD8,0.000000,0.000000,Source: gse20194,0.913043,0.817460,0.926808
NDRG3,0.000000,0.000000,Source: gse20194,0.913043,0.817460,0.926808
SERPINE2,0.000000,0.000000,Source: gse20194,0.913043,0.817460,0.926808
GPR143,0.000000,0.000000,Source: gse20194,0.913043,0.817460,0.926808
KCNQ3,0.000000,0.000000,Source: gse20194,0.913043,0.817460,0.926808
ACTR3B,0.000000,0.000000,Source: gse20194,0.913043,0.817460,0.926808
CAB39,0.000000,0.000000,Source: gse20194,0.913043,0.817460,0.926808
ERG,0.000000,0.000000,Source: gse20194,0.913043,0.817460,0.926808
TBXA2R,0.000000,0.000000,Source: gse20194,0.913043,0.817460,0.926808
DUSP21,0.000000,0.000000,Source: gse20194,0.913043,0.817460,0.926808
EMID1,0.000000,0.000000,Source: gse20194,0.913043,0.817460,0.926808
ATP7A,0.000000,0.000000,Source: gse20194,0.913043,0.817460,0.926808
SLC4A5,0.000000,0.000000,Source: gse20194,0.913043,0.817460,0.926808
FOXK2,0.000000,0.000000,Source: gse20194,0.913043,0.817460,0.926808
SYNE1,0.000000,0.000000,Source: gse20194,0.913043,0.817460,0.926808
ATG5,0.000000,0.000000,Source: gse20194,0.913043,0.817460,0.926808
UGP2,0.000000,0.000000,Source: gse20194,0.913043,0.817460,0.926808
TSC22D1,0.000000,0.000000,Source: gse20194,0.913043,0.817460,0.926808
ZNF550,0.000000,0.000000,Source: gse20194,0.913043,0.817460,0.926808
PLEKHF2,0.000000,0.000000,Source: gse20194,0.913043,0.817460,0.926808
PRPF38B,0.000000,0.000000,Source: gse20194,0.913043,0.817460,0.926808
PPP4R4,0.000000,0.000000,Source: gse20194,0.913043,0.817460,0.926808
FAM204A,0.000000,0.000000,Source: gse20194,0.913043,0.817460,0.926808
TNFRSF1B,0.000000,0.000000,Source: gse20194,0.913043,0.817460,0.926808
CYSLTR2,0.000000,0.000000,Source: gse20194,0.913043,0.817460,0.926808
URB1,0.000000,0.000000,Source: gse20194,0.913043,0.817460,0.926808
TLK2,0.000000,0.000000,Source: gse20194,0.913043,0.817460,0.926808
ASTE1,0.000000,0.000000,Source: gse20194,0.913043,0.817460,0.926808
ANGPTL3,0.000000,0.000000,Source: gse20194,0.913043,0.817460,0.926808
CCR3,0.000000,0.000000,Source: gse20194,0.913043,0.817460,0.926808
SYNC,0.000000,0.000000,Source: gse20194,0.913043,0.817460,0.926808
AHCTF1,0.000000,0.000000,Source: gse20194,0.913043,0.817460,0.926808
MAGI1,0.000000,0.000000,Source: gse20194,0.913043,0.817460,0.926808
CBLC,0.000000,0.000000,Source: gse20194,0.913043,0.817460,0.926808
TXNRD1,0.000000,0.000000,Source: gse20194,0.913043,0.817460,0.926808
CES2,0.000000,0.000000,Source: gse20194,0.913043,0.817460,0.926808
ATIC,0.000000,0.000000,Source: gse20194,0.913043,0.817460,0.926808
DOK2,0.000000,0.000000,Source: gse20194,0.913043,0.817460,0.926808
CHAF1B,0.000000,0.000000,Source: gse20194,0.913043,0.817460,0.926808
ABCA3,0.000000,0.000000,Source: gse20194,0.913043,0.817460,0.926808
PPEF1,0.000000,0.000000,Source: gse20194,0.913043,0.817460,0.926808
JUND,0.000000,0.000000,Source: gse20194,0.913043,0.817460,0.926808
CYP11A1,0.000000,0.000000,Source: gse20194,0.913043,0.817460,0.926808
CLINT1,0.000000,0.000000,Source: gse20194,0.913043,0.817460,0.926808
RHO,0.000000,0.000000,Source: gse20194,0.913043,0.817460,0.926808
TEF,0.000000,0.000000,Source: gse20194,0.913043,0.817460,0.926808
PPARA,0.000000,0.000000,Source: gse20194,0.913043,0.817460,0.926808
RAB1A,0.000000,0.000000,Source: gse20194,0.913043,0.817460,0.926808
GJC2,0.000000,0.000000,Source: gse20194,0.913043,0.817460,0.926808
RALGPS1,0.000000,0.000000,Source: gse20194,0.913043,0.817460,0.926808
ZPBP,0.000000,0.000000,Source: gse20194,0.913043,0.817460,0.926808
DKK2,0.000000,0.000000,Source: gse20194,0.913043,0.817460,0.926808
JOSD1,0.000000,0.000000,Source: gse20194,0.913043,0.817460,0.926808
AZI2,0.000000,0.000000,Source: gse20194,0.913043,0.817460,0.926808
SLC25A3,0.000000,0.000000,Source: gse20194,0.913043,0.817460,0.926808
TRIM21,0.000000,0.000000,Source: gse20194,0.913043,0.817460,0.926808
MUC7,0.000000,0.000000,Source: gse20194,0.913043,0.817460,0.926808
TCP1,0.000000,0.000000,Source: gse20194,0.913043,0.817460,0.926808
HSPB8,0.000000,0.000000,Source: gse20194,0.913043,0.817460,0.926808
ABCC2,0.000000,0.000000,Source: gse20194,0.913043,0.817460,0.926808
PLCL2,0.000000,0.000000,Source: gse20194,0.913043,0.817460,0.926808
ZNF408,0.000000,0.000000,Source: gse20194,0.913043,0.817460,0.926808
THAP10,0.000000,0.000000,Source: gse20194,0.913043,0.817460,0.926808
FMNL1,0.000000,0.000000,Source: gse20194,0.913043,0.817460,0.926808
SHCBP1,0.000000,0.000000,Source: gse20194,0.913043,0.817460,0.926808
HAS1,0.000000,0.000000,Source: gse20194,0.913043,0.817460,0.926808
RDX,0.000000,0.000000,Source: gse20194,0.913043,0.817460,0.926808
BDKRB2,0.000000,0.000000,Source: gse20194,0.913043,0.817460,0.926808
CEP192,0.000000,0.000000,Source: gse20194,0.913043,0.817460,0.926808
MLST8,0.000000,0.000000,Source: gse20194,0.913043,0.817460,0.926808
SRGAP3,0.000000,0.000000,Source: gse20194,0.913043,0.817460,0.926808
FBXO21,0.000000,0.000000,Source: gse20194,0.913043,0.817460,0.926808
MRPS15,0.000000,0.000000,Source: gse20194,0.913043,0.817460,0.926808
PLSCR4,0.000000,0.000000,Source: gse20194,0.913043,0.817460,0.926808
PRAMEF12,0.000000,0.000000,Source: gse20194,0.913043,0.817460,0.926808
CYP1A1,0.000000,0.000000,Source: gse20194,0.913043,0.817460,0.926808
PGF,0.000000,0.000000,Source: gse20194,0.913043,0.817460,0.926808
IQSEC1,0.000000,0.000000,Source: gse20194,0.913043,0.817460,0.926808
ZNF787,0.000000,0.000000,Source: gse20194,0.913043,0.817460,0.926808
GIMAP4,0.000000,0.000000,Source: gse20194,0.913043,0.817460,0.926808
DLD,0.000000,0.000000,Source: gse20194,0.913043,0.817460,0.926808
NDUFS7,0.000000,0.000000,Source: gse20194,0.913043,0.817460,0.926808
DIXDC1,0.000000,0.000000,Source: gse20194,0.913043,0.817460,0.926808
UBTD1,0.000000,0.000000,Source: gse20194,0.913043,0.817460,0.926808
NPTX1,0.000000,0.000000,Source: gse20194,0.913043,0.817460,0.926808
RPLP2,0.000000,0.000000,Source: gse20194,0.913043,0.817460,0.926808
PSG5,0.000000,0.000000,Source: gse20194,0.913043,0.817460,0.926808
TRIM15,0.000000,0.000000,Source: gse20194,0.913043,0.817460,0.926808
CXCL6,0.000000,0.000000,Source: gse20194,0.913043,0.817460,0.926808
SLN,0.000000,0.000000,Source: gse20194,0.913043,0.817460,0.926808
CEP70,0.000000,0.000000,Source: gse20194,0.913043,0.817460,0.926808
TDP2,0.000000,0.000000,Source: gse20194,0.913043,0.817460,0.926808
KCNN1,0.000000,0.000000,Source: gse20194,0.913043,0.817460,0.926808
ARHGAP19,0.000000,0.000000,Source: gse20194,0.913043,0.817460,0.926808
RPL13,0.000000,0.000000,Source: gse20194,0.913043,0.817460,0.926808
ETV7,0.000000,0.000000,Source: gse20194,0.913043,0.817460,0.926808
SPTBN4,0.000000,0.000000,Source: gse20194,0.913043,0.817460,0.926808
FAM50A,0.000000,0.000000,Source: gse20194,0.913043,0.817460,0.926808
ENY2,0.000000,0.000000,Source: gse20194,0.913043,0.817460,0.926808
FCAR,0.000000,0.000000,Source: gse20194,0.913043,0.817460,0.926808
ZNF74,0.000000,0.000000,Source: gse20194,0.913043,0.817460,0.926808
EPHA5,0.000000,0.000000,Source: gse20194,0.913043,0.817460,0.926808
MAGEA11,0.000000,0.000000,Source: gse20194,0.913043,0.817460,0.926808
SMNDC1,0.000000,0.000000,Source: gse20194,0.913043,0.817460,0.926808
GPR183,0.000000,0.000000,Source: gse20194,0.913043,0.817460,0.926808
DOC2A,0.000000,0.000000,Source: gse20194,0.913043,0.817460,0.926808
CASKIN2,0.000000,0.000000,Source: gse20194,0.913043,0.817460,0.926808
DNM2,0.000000,0.000000,Source: gse20194,0.913043,0.817460,0.926808
IL17RA,0.000000,0.000000,Source: gse20194,0.913043,0.817460,0.926808
RAD54B,0.000000,0.000000,Source: gse20194,0.913043,0.817460,0.926808
FAF1,0.000000,0.000000,Source: gse20194,0.913043,0.817460,0.926808
SERPINI1,0.000000,0.000000,Source: gse20194,0.913043,0.817460,0.926808
PLEKHA1,0.000000,0.000000,Source: gse20194,0.913043,0.817460,0.926808
ZEB2,0.000000,0.000000,Source: gse20194,0.913043,0.817460,0.926808
B4GALT6,0.000000,0.000000,Source: gse20194,0.913043,0.817460,0.926808
TBP,0.000000,0.000000,Source: gse20194,0.913043,0.817460,0.926808
LIG1,0.000000,0.000000,Source: gse20194,0.913043,0.817460,0.926808
MATN3,0.000000,0.000000,Source: gse20194,0.913043,0.817460,0.926808
ZNF764,0.000000,0.000000,Source: gse20194,0.913043,0.817460,0.926808
KCNJ2,0.000000,0.000000,Source: gse20194,0.913043,0.817460,0.926808
C2CD2,0.000000,0.000000,Source: gse20194,0.913043,0.817460,0.926808
PIP4K2C,0.000000,0.000000,Source: gse20194,0.913043,0.817460,0.926808
FLII,0.000000,0.000000,Source: gse20194,0.913043,0.817460,0.926808
GIT2,0.000000,0.000000,Source: gse20194,0.913043,0.817460,0.926808
OGFRL1,0.000000,0.000000,Source: gse20194,0.913043,0.817460,0.926808
SORL1,0.000000,0.000000,Source: gse20194,0.913043,0.817460,0.926808
WDR41,0.000000,0.000000,Source: gse20194,0.913043,0.817460,0.926808
MCF2,0.000000,0.000000,Source: gse20194,0.913043,0.817460,0.926808
BRD2,0.000000,0.000000,Source: gse20194,0.913043,0.817460,0.926808
CARS2,0.000000,0.000000,Source: gse20194,0.913043,0.817460,0.926808
NUSAP1,0.000000,0.000000,Source: gse20194,0.913043,0.817460,0.926808
DACT1,0.000000,0.000000,Source: gse20194,0.913043,0.817460,0.926808
KIF25,0.000000,0.000000,Source: gse20194,0.913043,0.817460,0.926808
OPLAH,0.000000,0.000000,Source: gse20194,0.913043,0.817460,0.926808
TMOD2,0.000000,0.000000,Source: gse20194,0.913043,0.817460,0.926808
KLRG1,0.000000,0.000000,Source: gse20194,0.913043,0.817460,0.926808
CTSF,0.000000,0.000000,Source: gse20194,0.913043,0.817460,0.926808
MEAF6,0.000000,0.000000,Source: gse20194,0.913043,0.817460,0.926808
ENDOU,0.000000,0.000000,Source: gse20194,0.913043,0.817460,0.926808
SLC41A3,0.000000,0.000000,Source: gse20194,0.913043,0.817460,0.926808
ABCC4,0.000000,0.000000,Source: gse20194,0.913043,0.817460,0.926808
MAP4,0.000000,0.000000,Source: gse20194,0.913043,0.817460,0.926808
NDUFB5,0.000000,0.000000,Source: gse20194,0.913043,0.817460,0.926808
DEFB1,0.000000,0.000000,Source: gse20194,0.913043,0.817460,0.926808
EIF2B1,0.000000,0.000000,Source: gse20194,0.913043,0.817460,0.926808
ZNF268,0.000000,0.000000,Source: gse20194,0.913043,0.817460,0.926808
SRP19,0.000000,0.000000,Source: gse20194,0.913043,0.817460,0.926808
MGAT4B,0.000000,0.000000,Source: gse20194,0.913043,0.817460,0.926808
EIF3A,0.000000,0.000000,Source: gse20194,0.913043,0.817460,0.926808
TMPRSS5,0.000000,0.000000,Source: gse20194,0.913043,0.817460,0.926808
LIME1,0.000000,0.000000,Source: gse20194,0.913043,0.817460,0.926808
SLC2A2,0.000000,0.000000,Source: gse20194,0.913043,0.817460,0.926808
UPK1A,0.000000,0.000000,Source: gse20194,0.913043,0.817460,0.926808
AKT1,0.000000,0.000000,Source: gse20194,0.913043,0.817460,0.926808
EIF5B,0.000000,0.000000,Source: gse20194,0.913043,0.817460,0.926808
LGR4,0.000000,0.000000,Source: gse20194,0.913043,0.817460,0.926808
TNNI3,0.000000,0.000000,Source: gse20194,0.913043,0.817460,0.926808
PLXNA3,0.000000,0.000000,Source: gse20194,0.913043,0.817460,0.926808
DEPTOR,0.000000,0.000000,Source: gse20194,0.913043,0.817460,0.926808
PTPRH,0.000000,0.000000,Source: gse20194,0.913043,0.817460,0.926808
CYP11B2,0.000000,0.000000,Source: gse20194,0.913043,0.817460,0.926808
IL13RA1,0.000000,0.000000,Source: gse20194,0.913043,0.817460,0.926808
HTR1D,0.000000,0.000000,Source: gse20194,0.913043,0.817460,0.926808
GCG,0.000000,0.000000,Source: gse20194,0.913043,0.817460,0.926808
RBBP7,0.000000,0.000000,Source: gse20194,0.913043,0.817460,0.926808
GPR75,0.000000,0.000000,Source: gse20194,0.913043,0.817460,0.926808
APOL6,0.000000,0.000000,Source: gse20194,0.913043,0.817460,0.926808
LGSN,0.000000,0.000000,Source: gse20194,0.913043,0.817460,0.926808
SLC10A3,0.000000,0.000000,Source: gse20194,0.913043,0.817460,0.926808
SLC17A7,0.000000,0.000000,Source: gse20194,0.913043,0.817460,0.926808
STON1,0.000000,0.000000,Source: gse20194,0.913043,0.817460,0.926808
TSPO2,0.000000,0.000000,Source: gse20194,0.913043,0.817460,0.926808
ZNF287,0.000000,0.000000,Source: gse20194,0.913043,0.817460,0.926808
HCRTR2,0.000000,0.000000,Source: gse20194,0.913043,0.817460,0.926808
MAPRE2,0.000000,0.000000,Source: gse20194,0.913043,0.817460,0.926808
CDC16,0.000000,0.000000,Source: gse20194,0.913043,0.817460,0.926808
BLK,0.000000,0.000000,Source: gse20194,0.913043,0.817460,0.926808
PSPN,0.000000,0.000000,Source: gse20194,0.913043,0.817460,0.926808
POU4F2,0.000000,0.000000,Source: gse20194,0.913043,0.817460,0.926808
MMP27,0.000000,0.000000,Source: gse20194,0.913043,0.817460,0.926808
SRI,0.000000,0.000000,Source: gse20194,0.913043,0.817460,0.926808
RBPJL,0.000000,0.000000,Source: gse20194,0.913043,0.817460,0.926808
TTLL1,0.000000,0.000000,Source: gse20194,0.913043,0.817460,0.926808
CASP8,0.000000,0.000000,Source: gse20194,0.913043,0.817460,0.926808
NEUROD6,0.000000,0.000000,Source: gse20194,0.913043,0.817460,0.926808
SNAI2,0.000000,0.000000,Source: gse20194,0.913043,0.817460,0.926808
BBS4,0.000000,0.000000,Source: gse20194,0.913043,0.817460,0.926808
MAP1LC3B,0.000000,0.000000,Source: gse20194,0.913043,0.817460,0.926808
LHX2,0.000000,0.000000,Source: gse20194,0.913043,0.817460,0.926808
POF1B,0.000000,0.000000,Source: gse20194,0.913043,0.817460,0.926808
AGMAT,0.000000,0.000000,Source: gse20194,0.913043,0.817460,0.926808
EIF2S2,0.000000,0.000000,Source: gse20194,0.913043,0.817460,0.926808
FRAT1,0.000000,0.000000,Source: gse20194,0.913043,0.817460,0.926808
GLRA3,0.000000,0.000000,Source: gse20194,0.913043,0.817460,0.926808
MAP2K2,0.000000,0.000000,Source: gse20194,0.913043,0.817460,0.926808
BID,0.000000,0.000000,Source: gse20194,0.913043,0.817460,0.926808
PFKFB4,0.000000,0.000000,Source: gse20194,0.913043,0.817460,0.926808
ZNF8,0.000000,0.000000,Source: gse20194,0.913043,0.817460,0.926808
CAPN3,0.000000,0.000000,Source: gse20194,0.913043,0.817460,0.926808
ACHE,0.000000,0.000000,Source: gse20194,0.913043,0.817460,0.926808
VAX2,0.000000,0.000000,Source: gse20194,0.913043,0.817460,0.926808
NRG1,0.000000,0.000000,Source: gse20194,0.913043,0.817460,0.926808
PTGES,0.000000,0.000000,Source: gse20194,0.913043,0.817460,0.926808
HMX1,0.000000,0.000000,Source: gse20194,0.913043,0.817460,0.926808
MTO1,0.000000,0.000000,Source: gse20194,0.913043,0.817460,0.926808
SIM2,0.000000,0.000000,Source: gse20194,0.913043,0.817460,0.926808
ASAP1-IT1,0.000000,0.000000,Source: gse20194,0.913043,0.817460,0.926808
FGFBP1,0.000000,0.000000,Source: gse20194,0.913043,0.817460,0.926808
PARN,0.000000,0.000000,Source: gse20194,0.913043,0.817460,0.926808
RECQL,0.000000,0.000000,Source: gse20194,0.913043,0.817460,0.926808
TACC3,0.000000,0.000000,Source: gse20194,0.913043,0.817460,0.926808
TIMM23,0.000000,0.000000,Source: gse20194,0.913043,0.817460,0.926808
SCTR,0.000000,0.000000,Source: gse20194,0.913043,0.817460,0.926808
PRRC2B,0.000000,0.000000,Source: gse20194,0.913043,0.817460,0.926808
CRTAP,0.000000,0.000000,Source: gse20194,0.913043,0.817460,0.926808
TPR,0.000000,0.000000,Source: gse20194,0.913043,0.817460,0.926808
PYY2,0.000000,0.000000,Source: gse20194,0.913043,0.817460,0.926808
SCCPDH,0.000000,0.000000,Source: gse20194,0.913043,0.817460,0.926808
NCF4,0.000000,0.000000,Source: gse20194,0.913043,0.817460,0.926808
TUBD1,0.000000,0.000000,Source: gse20194,0.913043,0.817460,0.926808
TRIM66,0.000000,0.000000,Source: gse20194,0.913043,0.817460,0.926808
ADORA3,0.000000,0.000000,Source: gse20194,0.913043,0.817460,0.926808
TSPAN5,0.000000,0.000000,Source: gse20194,0.913043,0.817460,0.926808
RBCK1,0.000000,0.000000,Source: gse20194,0.913043,0.817460,0.926808
HSPA2,0.000000,0.000000,Source: gse20194,0.913043,0.817460,0.926808
C9orf40,0.000000,0.000000,Source: gse20194,0.913043,0.817460,0.926808
ZNF45,0.000000,0.000000,Source: gse20194,0.913043,0.817460,0.926808
INTS8,0.000000,0.000000,Source: gse20194,0.913043,0.817460,0.926808
NFATC3,0.000000,0.000000,Source: gse20194,0.913043,0.817460,0.926808
TUBG2,0.000000,0.000000,Source: gse20194,0.913043,0.817460,0.926808
AFM,0.000000,0.000000,Source: gse20194,0.913043,0.817460,0.926808
SNAPC2,0.000000,0.000000,Source: gse20194,0.913043,0.817460,0.926808
SPO11,0.000000,0.000000,Source: gse20194,0.913043,0.817460,0.926808
MGAT3,0.000000,0.000000,Source: gse20194,0.913043,0.817460,0.926808
CYBRD1,0.000000,0.000000,Source: gse20194,0.913043,0.817460,0.926808
CALCR,0.000000,0.000000,Source: gse20194,0.913043,0.817460,0.926808
SLC1A6,0.000000,0.000000,Source: gse20194,0.913043,0.817460,0.926808
SEMA3B,0.000000,0.000000,Source: gse20194,0.913043,0.817460,0.926808
APOL1,0.000000,0.000000,Source: gse20194,0.913043,0.817460,0.926808
PIKFYVE,0.000000,0.000000,Source: gse20194,0.913043,0.817460,0.926808
CABYR,0.000000,0.000000,Source: gse20194,0.913043,0.817460,0.926808
ATP9B,0.000000,0.000000,Source: gse20194,0.913043,0.817460,0.926808
PPP2R2A,0.000000,0.000000,Source: gse20194,0.913043,0.817460,0.926808
EFNB1,0.000000,0.000000,Source: gse20194,0.913043,0.817460,0.926808
SHMT2,0.000000,0.000000,Source: gse20194,0.913043,0.817460,0.926808
YIPF1,0.000000,0.000000,Source: gse20194,0.913043,0.817460,0.926808
TIMM9,0.000000,0.000000,Source: gse20194,0.913043,0.817460,0.926808
METTL1,0.000000,0.000000,Source: gse20194,0.913043,0.817460,0.926808
OR7E14P,0.000000,0.000000,Source: gse20194,0.913043,0.817460,0.926808
PRPH2,0.000000,0.000000,Source: gse20194,0.913043,0.817460,0.926808
ALDH3B1,0.000000,0.000000,Source: gse20194,0.913043,0.817460,0.926808
ZDHHC6,0.000000,0.000000,Source: gse20194,0.913043,0.817460,0.926808
KLK8,0.000000,0.000000,Source: gse20194,0.913043,0.817460,0.926808
NFATC1,0.000000,0.000000,Source: gse20194,0.913043,0.817460,0.926808
DCAF17,0.000000,0.000000,Source: gse20194,0.913043,0.817460,0.926808
ERN1,0.000000,0.000000,Source: gse20194,0.913043,0.817460,0.926808
ADCK2,0.000000,0.000000,Source: gse20194,0.913043,0.817460,0.926808
ANXA10,0.000000,0.000000,Source: gse20194,0.913043,0.817460,0.926808
GNL1,0.000000,0.000000,Source: gse20194,0.913043,0.817460,0.926808
USP11,0.000000,0.000000,Source: gse20194,0.913043,0.817460,0.926808
ERCC6,0.000000,0.000000,Source: gse20194,0.913043,0.817460,0.926808
RAB35,0.000000,0.000000,Source: gse20194,0.913043,0.817460,0.926808
WDR37,0.000000,0.000000,Source: gse20194,0.913043,0.817460,0.926808
RCAN3,0.000000,0.000000,Source: gse20194,0.913043,0.817460,0.926808
KCND3,0.000000,0.000000,Source: gse20194,0.913043,0.817460,0.926808
TSGA10,0.000000,0.000000,Source: gse20194,0.913043,0.817460,0.926808
CYBB,0.000000,0.000000,Source: gse20194,0.913043,0.817460,0.926808
SLC28A2,0.000000,0.000000,Source: gse20194,0.913043,0.817460,0.926808
SOX10,0.000000,0.000000,Source: gse20194,0.913043,0.817460,0.926808
CD3E,0.000000,0.000000,Source: gse20194,0.913043,0.817460,0.926808
NDUFB1,0.000000,0.000000,Source: gse20194,0.913043,0.817460,0.926808
SLC24A3,0.000000,0.000000,Source: gse20194,0.913043,0.817460,0.926808
BLZF1,0.000000,0.000000,Source: gse20194,0.913043,0.817460,0.926808
CNR2,0.000000,0.000000,Source: gse20194,0.913043,0.817460,0.926808
RPS24,0.000000,0.000000,Source: gse20194,0.913043,0.817460,0.926808
PSRC1,0.000000,0.000000,Source: gse20194,0.913043,0.817460,0.926808
SLC15A3,0.000000,0.000000,Source: gse20194,0.913043,0.817460,0.926808
ZMYND10,0.000000,0.000000,Source: gse20194,0.913043,0.817460,0.926808
RPL31,0.000000,0.000000,Source: gse20194,0.913043,0.817460,0.926808
ECEL1,0.000000,0.000000,Source: gse20194,0.913043,0.817460,0.926808
SCGB1D2,0.000000,0.000000,Source: gse20194,0.913043,0.817460,0.926808
GAGE1,0.000000,0.000000,Source: gse20194,0.913043,0.817460,0.926808
NMNAT2,0.000000,0.000000,Source: gse20194,0.913043,0.817460,0.926808
EFCAB6,0.000000,0.000000,Source: gse20194,0.913043,0.817460,0.926808
ADAM9,0.000000,0.000000,Source: gse20194,0.913043,0.817460,0.926808
ARNT2,0.000000,0.000000,Source: gse20194,0.913043,0.817460,0.926808
PIGV,0.000000,0.000000,Source: gse20194,0.913043,0.817460,0.926808
ABCB4,0.000000,0.000000,Source: gse20194,0.913043,0.817460,0.926808
PADI2,0.000000,0.000000,Source: gse20194,0.913043,0.817460,0.926808
TNR,0.000000,0.000000,Source: gse20194,0.913043,0.817460,0.926808
HMGCR,0.000000,0.000000,Source: gse20194,0.913043,0.817460,0.926808
DLG3,0.000000,0.000000,Source: gse20194,0.913043,0.817460,0.926808
DLEC1,0.000000,0.000000,Source: gse20194,0.913043,0.817460,0.926808
FGF8,0.000000,0.000000,Source: gse20194,0.913043,0.817460,0.926808
DHX40,0.000000,0.000000,Source: gse20194,0.913043,0.817460,0.926808
KLHDC3,0.000000,0.000000,Source: gse20194,0.913043,0.817460,0.926808
CD1B,0.000000,0.000000,Source: gse20194,0.913043,0.817460,0.926808
BMP10,0.000000,0.000000,Source: gse20194,0.913043,0.817460,0.926808
CTSO,0.000000,0.000000,Source: gse20194,0.913043,0.817460,0.926808
AFF1,0.000000,0.000000,Source: gse20194,0.913043,0.817460,0.926808
CGGBP1,0.000000,0.000000,Source: gse20194,0.913043,0.817460,0.926808
PQBP1,0.000000,0.000000,Source: gse20194,0.913043,0.817460,0.926808
TPPP3,0.000000,0.000000,Source: gse20194,0.913043,0.817460,0.926808
MMRN1,0.000000,0.000000,Source: gse20194,0.913043,0.817460,0.926808
RGS2,0.000000,0.000000,Source: gse20194,0.913043,0.817460,0.926808
SEMA3G,0.000000,0.000000,Source: gse20194,0.913043,0.817460,0.926808
ITGA9,0.000000,0.000000,Source: gse20194,0.913043,0.817460,0.926808
LRRC42,0.000000,0.000000,Source: gse20194,0.913043,0.817460,0.926808
KDM5B,0.000000,0.000000,Source: gse20194,0.913043,0.817460,0.926808
AKR1C2,0.000000,0.000000,Source: gse20194,0.913043,0.817460,0.926808
TRDN,0.000000,0.000000,Source: gse20194,0.913043,0.817460,0.926808
OR1A1,0.000000,0.000000,Source: gse20194,0.913043,0.817460,0.926808
CRH,0.000000,0.000000,Source: gse20194,0.913043,0.817460,0.926808
ALDH1A2,0.000000,0.000000,Source: gse20194,0.913043,0.817460,0.926808
NR1D2,0.000000,0.000000,Source: gse20194,0.913043,0.817460,0.926808
CETN1,0.000000,0.000000,Source: gse20194,0.913043,0.817460,0.926808
HSPB7,0.000000,0.000000,Source: gse20194,0.913043,0.817460,0.926808
DDX54,0.000000,0.000000,Source: gse20194,0.913043,0.817460,0.926808
NAB1,0.000000,0.000000,Source: gse20194,0.913043,0.817460,0.926808
ELF1,0.000000,0.000000,Source: gse20194,0.913043,0.817460,0.926808
CDT1,0.000000,0.000000,Source: gse20194,0.913043,0.817460,0.926808
RHOT1,0.000000,0.000000,Source: gse20194,0.913043,0.817460,0.926808
ABCB7,0.000000,0.000000,Source: gse20194,0.913043,0.817460,0.926808
RPL28,0.000000,0.000000,Source: gse20194,0.913043,0.817460,0.926808
GPLD1,0.000000,0.000000,Source: gse20194,0.913043,0.817460,0.926808
CSF1R,0.000000,0.000000,Source: gse20194,0.913043,0.817460,0.926808
WDR6,0.000000,0.000000,Source: gse20194,0.913043,0.817460,0.926808
PRPSAP1,0.000000,0.000000,Source: gse20194,0.913043,0.817460,0.926808
HRH2,0.000000,0.000000,Source: gse20194,0.913043,0.817460,0.926808
ELN,0.000000,0.000000,Source: gse20194,0.913043,0.817460,0.926808
MAP1LC3C,0.000000,0.000000,Source: gse20194,0.913043,0.817460,0.926808
RETSAT,0.000000,0.000000,Source: gse20194,0.913043,0.817460,0.926808
C10orf95,0.000000,0.000000,Source: gse20194,0.913043,0.817460,0.926808
SNX16,0.000000,0.000000,Source: gse20194,0.913043,0.817460,0.926808
ITGB6,0.000000,0.000000,Source: gse20194,0.913043,0.817460,0.926808
LEPR,0.000000,0.000000,Source: gse20194,0.913043,0.817460,0.926808
OR2F2,0.000000,0.000000,Source: gse20194,0.913043,0.817460,0.926808
HOXC8,0.000000,0.000000,Source: gse20194,0.913043,0.817460,0.926808
PRKD1,0.000000,0.000000,Source: gse20194,0.913043,0.817460,0.926808
ERVMER34-1,0.000000,0.000000,Source: gse20194,0.913043,0.817460,0.926808
LRRC40,0.000000,0.000000,Source: gse20194,0.913043,0.817460,0.926808
NUAK2,0.000000,0.000000,Source: gse20194,0.913043,0.817460,0.926808
PTPN11,0.000000,0.000000,Source: gse20194,0.913043,0.817460,0.926808
DSC1,0.000000,0.000000,Source: gse20194,0.913043,0.817460,0.926808
GDF2,0.000000,0.000000,Source: gse20194,0.913043,0.817460,0.926808
HEBP2,0.000000,0.000000,Source: gse20194,0.913043,0.817460,0.926808
HAX1,0.000000,0.000000,Source: gse20194,0.913043,0.817460,0.926808
TOP1,0.000000,0.000000,Source: gse20194,0.913043,0.817460,0.926808
APBB3,0.000000,0.000000,Source: gse20194,0.913043,0.817460,0.926808
CEP112,0.000000,0.000000,Source: gse20194,0.913043,0.817460,0.926808
SF3B5,0.000000,0.000000,Source: gse20194,0.913043,0.817460,0.926808
MECP2,0.000000,0.000000,Source: gse20194,0.913043,0.817460,0.926808
PIBF1,0.000000,0.000000,Source: gse20194,0.913043,0.817460,0.926808
PPP6R3,0.000000,0.000000,Source: gse20194,0.913043,0.817460,0.926808
HMGN5,0.000000,0.000000,Source: gse20194,0.913043,0.817460,0.926808
ETNK2,0.000000,0.000000,Source: gse20194,0.913043,0.817460,0.926808
POR,0.000000,0.000000,Source: gse20194,0.913043,0.817460,0.926808
DCTN6,0.000000,0.000000,Source: gse20194,0.913043,0.817460,0.926808
PASK,0.000000,0.000000,Source: gse20194,0.913043,0.817460,0.926808
C8orf44,0.000000,0.000000,Source: gse20194,0.913043,0.817460,0.926808
LLGL1,0.000000,0.000000,Source: gse20194,0.913043,0.817460,0.926808
SNRPF,0.000000,0.000000,Source: gse20194,0.913043,0.817460,0.926808
CRY2,0.000000,0.000000,Source: gse20194,0.913043,0.817460,0.926808
KIF11,0.000000,0.000000,Source: gse20194,0.913043,0.817460,0.926808
RAB6B,0.000000,0.000000,Source: gse20194,0.913043,0.817460,0.926808
EMD,0.000000,0.000000,Source: gse20194,0.913043,0.817460,0.926808
ASAP3,0.000000,0.000000,Source: gse20194,0.913043,0.817460,0.926808
PTH2R,0.000000,0.000000,Source: gse20194,0.913043,0.817460,0.926808
UCN,0.000000,0.000000,Source: gse20194,0.913043,0.817460,0.926808
RBM28,0.000000,0.000000,Source: gse20194,0.913043,0.817460,0.926808
TXNL4A,0.000000,0.000000,Source: gse20194,0.913043,0.817460,0.926808
MMP20,0.000000,0.000000,Source: gse20194,0.913043,0.817460,0.926808
RABEP2,0.000000,0.000000,Source: gse20194,0.913043,0.817460,0.926808
SBNO1,0.000000,0.000000,Source: gse20194,0.913043,0.817460,0.926808
ADH1C,0.000000,0.000000,Source: gse20194,0.913043,0.817460,0.926808
WDR91,0.000000,0.000000,Source: gse20194,0.913043,0.817460,0.926808
EDA,0.000000,0.000000,Source: gse20194,0.913043,0.817460,0.926808
NUDT9,0.000000,0.000000,Source: gse20194,0.913043,0.817460,0.926808
SLC38A6,0.000000,0.000000,Source: gse20194,0.913043,0.817460,0.926808
CPOX,0.000000,0.000000,Source: gse20194,0.913043,0.817460,0.926808
HEY1,0.000000,0.000000,Source: gse20194,0.913043,0.817460,0.926808
RNPEPL1,0.000000,0.000000,Source: gse20194,0.913043,0.817460,0.926808
PDIA4,0.000000,0.000000,Source: gse20194,0.913043,0.817460,0.926808
COPE,0.000000,0.000000,Source: gse20194,0.913043,0.817460,0.926808
ASXL3,0.000000,0.000000,Source: gse20194,0.913043,0.817460,0.926808
KCNG2,0.000000,0.000000,Source: gse20194,0.913043,0.817460,0.926808
SLC25A1,0.000000,0.000000,Source: gse20194,0.913043,0.817460,0.926808
TRHR,0.000000,0.000000,Source: gse20194,0.913043,0.817460,0.926808
PMF1,0.000000,0.000000,Source: gse20194,0.913043,0.817460,0.926808
HYAL1,0.000000,0.000000,Source: gse20194,0.913043,0.817460,0.926808
SGMS1,0.000000,0.000000,Source: gse20194,0.913043,0.817460,0.926808
ZNF514,0.000000,0.000000,Source: gse20194,0.913043,0.817460,0.926808
ARF3,0.000000,0.000000,Source: gse20194,0.913043,0.817460,0.926808
CHRNB4,0.000000,0.000000,Source: gse20194,0.913043,0.817460,0.926808
OS9,0.000000,0.000000,Source: gse20194,0.913043,0.817460,0.926808
PLAUR,0.000000,0.000000,Source: gse20194,0.913043,0.817460,0.926808
POLR2F,0.000000,0.000000,Source: gse20194,0.913043,0.817460,0.926808
BTN3A3,0.000000,0.000000,Source: gse20194,0.913043,0.817460,0.926808
BUD31,0.000000,0.000000,Source: gse20194,0.913043,0.817460,0.926808
PSD,0.000000,0.000000,Source: gse20194,0.913043,0.817460,0.926808
SREK1IP1,0.000000,0.000000,Source: gse20194,0.913043,0.817460,0.926808
MON2,0.000000,0.000000,Source: gse20194,0.913043,0.817460,0.926808
RFX2,0.000000,0.000000,Source: gse20194,0.913043,0.817460,0.926808
CSF2,0.000000,0.000000,Source: gse20194,0.913043,0.817460,0.926808
RABEP1,0.000000,0.000000,Source: gse20194,0.913043,0.817460,0.926808
DDX52,0.000000,0.000000,Source: gse20194,0.913043,0.817460,0.926808
ZNF223,0.000000,0.000000,Source: gse20194,0.913043,0.817460,0.926808
TLL1,0.000000,0.000000,Source: gse20194,0.913043,0.817460,0.926808
TMEM127,0.000000,0.000000,Source: gse20194,0.913043,0.817460,0.926808
PTHLH,0.000000,0.000000,Source: gse20194,0.913043,0.817460,0.926808
MGST3,0.000000,0.000000,Source: gse20194,0.913043,0.817460,0.926808
KIAA1614,0.000000,0.000000,Source: gse20194,0.913043,0.817460,0.926808
AP4M1,0.000000,0.000000,Source: gse20194,0.913043,0.817460,0.926808
ADD1,0.000000,0.000000,Source: gse20194,0.913043,0.817460,0.926808
ZDHHC13,0.000000,0.000000,Source: gse20194,0.913043,0.817460,0.926808
CKAP2,0.000000,0.000000,Source: gse20194,0.913043,0.817460,0.926808
GRM4,0.000000,0.000000,Source: gse20194,0.913043,0.817460,0.926808
LDOC1,0.000000,0.000000,Source: gse20194,0.913043,0.817460,0.926808
STRN3,0.000000,0.000000,Source: gse20194,0.913043,0.817460,0.926808
LZTR1,0.000000,0.000000,Source: gse20194,0.913043,0.817460,0.926808
WNT2,0.000000,0.000000,Source: gse20194,0.913043,0.817460,0.926808
PCDH7,0.000000,0.000000,Source: gse20194,0.913043,0.817460,0.926808
PEG10,0.000000,0.000000,Source: gse20194,0.913043,0.817460,0.926808
ABCG1,0.000000,0.000000,Source: gse20194,0.913043,0.817460,0.926808
G6PC2,0.000000,0.000000,Source: gse20194,0.913043,0.817460,0.926808
DAZAP2,0.000000,0.000000,Source: gse20194,0.913043,0.817460,0.926808
LCN1,0.000000,0.000000,Source: gse20194,0.913043,0.817460,0.926808
OBSL1,0.000000,0.000000,Source: gse20194,0.913043,0.817460,0.926808
CCS,0.000000,0.000000,Source: gse20194,0.913043,0.817460,0.926808
NQO1,0.000000,0.000000,Source: gse20194,0.913043,0.817460,0.926808
LCMT1,0.000000,0.000000,Source: gse20194,0.913043,0.817460,0.926808
IL5RA,0.000000,0.000000,Source: gse20194,0.913043,0.817460,0.926808
STARD13,0.000000,0.000000,Source: gse20194,0.913043,0.817460,0.926808
PSMB8,0.000000,0.000000,Source: gse20194,0.913043,0.817460,0.926808
DLK1,0.000000,0.000000,Source: gse20194,0.913043,0.817460,0.926808
CPVL,0.000000,0.000000,Source: gse20194,0.913043,0.817460,0.926808
EGFL7,0.000000,0.000000,Source: gse20194,0.913043,0.817460,0.926808
PAX2,0.000000,0.000000,Source: gse20194,0.913043,0.817460,0.926808
POU6F1,0.000000,0.000000,Source: gse20194,0.913043,0.817460,0.926808
RAD51,0.000000,0.000000,Source: gse20194,0.913043,0.817460,0.926808
SH3TC1,0.000000,0.000000,Source: gse20194,0.913043,0.817460,0.926808
MFSD9,0.000000,0.000000,Source: gse20194,0.913043,0.817460,0.926808
XYLB,0.000000,0.000000,Source: gse20194,0.913043,0.817460,0.926808
NDOR1,0.000000,0.000000,Source: gse20194,0.913043,0.817460,0.926808
PLP1,0.000000,0.000000,Source: gse20194,0.913043,0.817460,0.926808
PAPPA,0.000000,0.000000,Source: gse20194,0.913043,0.817460,0.926808
PGR,0.000000,0.000000,Source: gse20194,0.913043,0.817460,0.926808
RNF170,0.000000,0.000000,Source: gse20194,0.913043,0.817460,0.926808
CARTPT,0.000000,0.000000,Source: gse20194,0.913043,0.817460,0.926808
HNRNPCL1,0.000000,0.000000,Source: gse20194,0.913043,0.817460,0.926808
COL16A1,0.000000,0.000000,Source: gse20194,0.913043,0.817460,0.926808
ITSN2,0.000000,0.000000,Source: gse20194,0.913043,0.817460,0.926808
MBD2,0.000000,0.000000,Source: gse20194,0.913043,0.817460,0.926808
CTSK,0.000000,0.000000,Source: gse20194,0.913043,0.817460,0.926808
CPQ,0.000000,0.000000,Source: gse20194,0.913043,0.817460,0.926808
POU2F2,0.000000,0.000000,Source: gse20194,0.913043,0.817460,0.926808
NPY5R,0.000000,0.000000,Source: gse20194,0.913043,0.817460,0.926808
DCAF10,0.000000,0.000000,Source: gse20194,0.913043,0.817460,0.926808
GDAP2,0.000000,0.000000,Source: gse20194,0.913043,0.817460,0.926808
EPPK1,0.000000,0.000000,Source: gse20194,0.913043,0.817460,0.926808
NACA,0.000000,0.000000,Source: gse20194,0.913043,0.817460,0.926808
CBR4,0.000000,0.000000,Source: gse20194,0.913043,0.817460,0.926808
ANO10,0.000000,0.000000,Source: gse20194,0.913043,0.817460,0.926808
ANKRD40,0.000000,0.000000,Source: gse20194,0.913043,0.817460,0.926808
CORO2B,0.000000,0.000000,Source: gse20194,0.913043,0.817460,0.926808
ARR3,0.000000,0.000000,Source: gse20194,0.913043,0.817460,0.926808
CNPY2,0.000000,0.000000,Source: gse20194,0.913043,0.817460,0.926808
SELE,0.000000,0.000000,Source: gse20194,0.913043,0.817460,0.926808
COPS3,0.000000,0.000000,Source: gse20194,0.913043,0.817460,0.926808
HIGD1B,0.000000,0.000000,Source: gse20194,0.913043,0.817460,0.926808
PTTG3P,0.000000,0.000000,Source: gse20194,0.913043,0.817460,0.926808
TCEAL4,0.000000,0.000000,Source: gse20194,0.913043,0.817460,0.926808
ARHGEF7,0.000000,0.000000,Source: gse20194,0.913043,0.817460,0.926808
CBFA2T3,0.000000,0.000000,Source: gse20194,0.913043,0.817460,0.926808
SALL1,0.000000,0.000000,Source: gse20194,0.913043,0.817460,0.926808
SP100,0.000000,0.000000,Source: gse20194,0.913043,0.817460,0.926808
TMEM104,0.000000,0.000000,Source: gse20194,0.913043,0.817460,0.926808
DMBT1,0.000000,0.000000,Source: gse20194,0.913043,0.817460,0.926808
STT3A,0.000000,0.000000,Source: gse20194,0.913043,0.817460,0.926808
TMEM231,0.000000,0.000000,Source: gse20194,0.913043,0.817460,0.926808
CYP3A4,0.000000,0.000000,Source: gse20194,0.913043,0.817460,0.926808
SPICE1,0.000000,0.000000,Source: gse20194,0.913043,0.817460,0.926808
R3HCC1,0.000000,0.000000,Source: gse20194,0.913043,0.817460,0.926808
SAP18,0.000000,0.000000,Source: gse20194,0.913043,0.817460,0.926808
LALBA,0.000000,0.000000,Source: gse20194,0.913043,0.817460,0.926808
CHORDC1,0.000000,0.000000,Source: gse20194,0.913043,0.817460,0.926808
CDON,0.000000,0.000000,Source: gse20194,0.913043,0.817460,0.926808
POLE,0.000000,0.000000,Source: gse20194,0.913043,0.817460,0.926808
GSTA1,0.000000,0.000000,Source: gse20194,0.913043,0.817460,0.926808
TTC38,0.000000,0.000000,Source: gse20194,0.913043,0.817460,0.926808
CAPN9,0.000000,0.000000,Source: gse20194,0.913043,0.817460,0.926808
TP53TG5,0.000000,0.000000,Source: gse20194,0.913043,0.817460,0.926808
CEACAM5,0.000000,0.000000,Source: gse20194,0.913043,0.817460,0.926808
SH3GL2,0.000000,0.000000,Source: gse20194,0.913043,0.817460,0.926808
FNDC8,0.000000,0.000000,Source: gse20194,0.913043,0.817460,0.926808
LTA4H,0.000000,0.000000,Source: gse20194,0.913043,0.817460,0.926808
IRX4,0.000000,0.000000,Source: gse20194,0.913043,0.817460,0.926808
RAD52,0.000000,0.000000,Source: gse20194,0.913043,0.817460,0.926808
GSTM5,0.000000,0.000000,Source: gse20194,0.913043,0.817460,0.926808
MFAP1,0.000000,0.000000,Source: gse20194,0.913043,0.817460,0.926808
NAV2,0.000000,0.000000,Source: gse20194,0.913043,0.817460,0.926808
CYC1,0.000000,0.000000,Source: gse20194,0.913043,0.817460,0.926808
ACSBG1,0.000000,0.000000,Source: gse20194,0.913043,0.817460,0.926808
C5orf22,0.000000,0.000000,Source: gse20194,0.913043,0.817460,0.926808
TPSAB1,0.000000,0.000000,Source: gse20194,0.913043,0.817460,0.926808
PRDX1,0.000000,0.000000,Source: gse20194,0.913043,0.817460,0.926808
ACACA,0.000000,0.000000,Source: gse20194,0.913043,0.817460,0.926808
ARHGEF40,0.000000,0.000000,Source: gse20194,0.913043,0.817460,0.926808
ASCC1,0.000000,0.000000,Source: gse20194,0.913043,0.817460,0.926808
USH2A,0.000000,0.000000,Source: gse20194,0.913043,0.817460,0.926808
TNFRSF21,0.000000,0.000000,Source: gse20194,0.913043,0.817460,0.926808
CNNM2,0.000000,0.000000,Source: gse20194,0.913043,0.817460,0.926808
CYB5R3,0.000000,0.000000,Source: gse20194,0.913043,0.817460,0.926808
TMEM9B,0.000000,0.000000,Source: gse20194,0.913043,0.817460,0.926808
ZNF587B,0.000000,0.000000,Source: gse20194,0.913043,0.817460,0.926808
SHANK1,0.000000,0.000000,Source: gse20194,0.913043,0.817460,0.926808
PNLIP,0.000000,0.000000,Source: gse20194,0.913043,0.817460,0.926808
ZFYVE26,0.000000,0.000000,Source: gse20194,0.913043,0.817460,0.926808
PCDHGB5,0.000000,0.000000,Source: gse20194,0.913043,0.817460,0.926808
RALA,0.000000,0.000000,Source: gse20194,0.913043,0.817460,0.926808
SPATS2,0.000000,0.000000,Source: gse20194,0.913043,0.817460,0.926808
DSG2,0.000000,0.000000,Source: gse20194,0.913043,0.817460,0.926808
MAPKBP1,0.000000,0.000000,Source: gse20194,0.913043,0.817460,0.926808
DOLPP1,0.000000,0.000000,Source: gse20194,0.913043,0.817460,0.926808
FABP3,0.000000,0.000000,Source: gse20194,0.913043,0.817460,0.926808
BCOR,0.000000,0.000000,Source: gse20194,0.913043,0.817460,0.926808
PTPN13,0.000000,0.000000,Source: gse20194,0.913043,0.817460,0.926808
UCP2,0.000000,0.000000,Source: gse20194,0.913043,0.817460,0.926808
AMH,0.000000,0.000000,Source: gse20194,0.913043,0.817460,0.926808
KIF1B,0.000000,0.000000,Source: gse20194,0.913043,0.817460,0.926808
TSPAN2,0.000000,0.000000,Source: gse20194,0.913043,0.817460,0.926808
TRAF1,0.000000,0.000000,Source: gse20194,0.913043,0.817460,0.926808
FPGT,0.000000,0.000000,Source: gse20194,0.913043,0.817460,0.926808
HTN1,0.000000,0.000000,Source: gse20194,0.913043,0.817460,0.926808
PRKX,0.000000,0.000000,Source: gse20194,0.913043,0.817460,0.926808
PTGDR,0.000000,0.000000,Source: gse20194,0.913043,0.817460,0.926808
IMPACT,0.000000,0.000000,Source: gse20194,0.913043,0.817460,0.926808
LAT2,0.000000,0.000000,Source: gse20194,0.913043,0.817460,0.926808
RNLS,0.000000,0.000000,Source: gse20194,0.913043,0.817460,0.926808
SOX11,0.000000,0.000000,Source: gse20194,0.913043,0.817460,0.926808
AACS,0.000000,0.000000,Source: gse20194,0.913043,0.817460,0.926808
MBL1P,0.000000,0.000000,Source: gse20194,0.913043,0.817460,0.926808
ARHGEF5,0.000000,0.000000,Source: gse20194,0.913043,0.817460,0.926808
RAB36,0.000000,0.000000,Source: gse20194,0.913043,0.817460,0.926808
USP16,0.000000,0.000000,Source: gse20194,0.913043,0.817460,0.926808
GJB3,0.000000,0.000000,Source: gse20194,0.913043,0.817460,0.926808
IPPK,0.000000,0.000000,Source: gse20194,0.913043,0.817460,0.926808
CNOT2,0.000000,0.000000,Source: gse20194,0.913043,0.817460,0.926808
GABARAPL3,0.000000,0.000000,Source: gse20194,0.913043,0.817460,0.926808
SUPT7L,0.000000,0.000000,Source: gse20194,0.913043,0.817460,0.926808
PDE6B,0.000000,0.000000,Source: gse20194,0.913043,0.817460,0.926808
KCMF1,0.000000,0.000000,Source: gse20194,0.913043,0.817460,0.926808
CCL1,0.000000,0.000000,Source: gse20194,0.913043,0.817460,0.926808
KDM4D,0.000000,0.000000,Source: gse20194,0.913043,0.817460,0.926808
CIAPIN1,0.000000,0.000000,Source: gse20194,0.913043,0.817460,0.926808
SAFB2,0.000000,0.000000,Source: gse20194,0.913043,0.817460,0.926808
MIF,0.000000,0.000000,Source: gse20194,0.913043,0.817460,0.926808
TSPAN12,0.000000,0.000000,Source: gse20194,0.913043,0.817460,0.926808
B9D2,0.000000,0.000000,Source: gse20194,0.913043,0.817460,0.926808
NDUFS3,0.000000,0.000000,Source: gse20194,0.913043,0.817460,0.926808
ALDH3A2,0.000000,0.000000,Source: gse20194,0.913043,0.817460,0.926808
ACTR1A,0.000000,0.000000,Source: gse20194,0.913043,0.817460,0.926808
CCR6,0.000000,0.000000,Source: gse20194,0.913043,0.817460,0.926808
RNGTT,0.000000,0.000000,Source: gse20194,0.913043,0.817460,0.926808
TCTN2,0.000000,0.000000,Source: gse20194,0.913043,0.817460,0.926808
ALPI,0.000000,0.000000,Source: gse20194,0.913043,0.817460,0.926808
SIKE1,0.000000,0.000000,Source: gse20194,0.913043,0.817460,0.926808
TMC6,0.000000,0.000000,Source: gse20194,0.913043,0.817460,0.926808
NIT2,0.000000,0.000000,Source: gse20194,0.913043,0.817460,0.926808
MORC3,0.000000,0.000000,Source: gse20194,0.913043,0.817460,0.926808
AATK,0.000000,0.000000,Source: gse20194,0.913043,0.817460,0.926808
ITPR3,0.000000,0.000000,Source: gse20194,0.913043,0.817460,0.926808
DNMBP,0.000000,0.000000,Source: gse20194,0.913043,0.817460,0.926808
STEAP1,0.000000,0.000000,Source: gse20194,0.913043,0.817460,0.926808
MAPK8,0.000000,0.000000,Source: gse20194,0.913043,0.817460,0.926808
SAR1A,0.000000,0.000000,Source: gse20194,0.913043,0.817460,0.926808
PSMB4,0.000000,0.000000,Source: gse20194,0.913043,0.817460,0.926808
VDR,0.000000,0.000000,Source: gse20194,0.913043,0.817460,0.926808
PRPF39,0.000000,0.000000,Source: gse20194,0.913043,0.817460,0.926808
RGN,0.000000,0.000000,Source: gse20194,0.913043,0.817460,0.926808
ALDH8A1,0.000000,0.000000,Source: gse20194,0.913043,0.817460,0.926808
SLC39A7,0.000000,0.000000,Source: gse20194,0.913043,0.817460,0.926808
HERC4,0.000000,0.000000,Source: gse20194,0.913043,0.817460,0.926808
GRIK1,0.000000,0.000000,Source: gse20194,0.913043,0.817460,0.926808
FICD,0.000000,0.000000,Source: gse20194,0.913043,0.817460,0.926808
FOXL1,0.000000,0.000000,Source: gse20194,0.913043,0.817460,0.926808
SNRPD2,0.000000,0.000000,Source: gse20194,0.913043,0.817460,0.926808
TFCP2L1,0.000000,0.000000,Source: gse20194,0.913043,0.817460,0.926808
P2RX3,0.000000,0.000000,Source: gse20194,0.913043,0.817460,0.926808
FGB,0.000000,0.000000,Source: gse20194,0.913043,0.817460,0.926808
TGM3,0.000000,0.000000,Source: gse20194,0.913043,0.817460,0.926808
SLC38A2,0.000000,0.000000,Source: gse20194,0.913043,0.817460,0.926808
TNNI2,0.000000,0.000000,Source: gse20194,0.913043,0.817460,0.926808
HAUS3,0.000000,0.000000,Source: gse20194,0.913043,0.817460,0.926808
KRT2,0.000000,0.000000,Source: gse20194,0.913043,0.817460,0.926808
RPS3,0.000000,0.000000,Source: gse20194,0.913043,0.817460,0.926808
CKAP4,0.000000,0.000000,Source: gse20194,0.913043,0.817460,0.926808
GRIK2,0.000000,0.000000,Source: gse20194,0.913043,0.817460,0.926808
VEGFB,0.000000,0.000000,Source: gse20194,0.913043,0.817460,0.926808
SMC3,0.000000,0.000000,Source: gse20194,0.913043,0.817460,0.926808
STX16,0.000000,0.000000,Source: gse20194,0.913043,0.817460,0.926808
HLA-DRB6,0.000000,0.000000,Source: gse20194,0.913043,0.817460,0.926808
AMBP,0.000000,0.000000,Source: gse20194,0.913043,0.817460,0.926808
FAM107A,0.000000,0.000000,Source: gse20194,0.913043,0.817460,0.926808
SMTN,0.000000,0.000000,Source: gse20194,0.913043,0.817460,0.926808
EPHA2,0.000000,0.000000,Source: gse20194,0.913043,0.817460,0.926808
MACROD1,0.000000,0.000000,Source: gse20194,0.913043,0.817460,0.926808
CCL5,0.000000,0.000000,Source: gse20194,0.913043,0.817460,0.926808
FTCD,0.000000,0.000000,Source: gse20194,0.913043,0.817460,0.926808
ZC3H13,0.000000,0.000000,Source: gse20194,0.913043,0.817460,0.926808
DUSP2,0.000000,0.000000,Source: gse20194,0.913043,0.817460,0.926808
KANSL1L,0.000000,0.000000,Source: gse20194,0.913043,0.817460,0.926808
PIAS1,0.000000,0.000000,Source: gse20194,0.913043,0.817460,0.926808
TAF1A,0.000000,0.000000,Source: gse20194,0.913043,0.817460,0.926808
SIN3B,0.000000,0.000000,Source: gse20194,0.913043,0.817460,0.926808
DOCK9,0.000000,0.000000,Source: gse20194,0.913043,0.817460,0.926808
DMXL1,0.000000,0.000000,Source: gse20194,0.913043,0.817460,0.926808
GAB1,0.000000,0.000000,Source: gse20194,0.913043,0.817460,0.926808
ANKH,0.000000,0.000000,Source: gse20194,0.913043,0.817460,0.926808
CDH4,0.000000,0.000000,Source: gse20194,0.913043,0.817460,0.926808
GCNT1,0.000000,0.000000,Source: gse20194,0.913043,0.817460,0.926808
FABP1,0.000000,0.000000,Source: gse20194,0.913043,0.817460,0.926808
EBI3,0.000000,0.000000,Source: gse20194,0.913043,0.817460,0.926808
TFPI2,0.000000,0.000000,Source: gse20194,0.913043,0.817460,0.926808
IL4,0.000000,0.000000,Source: gse20194,0.913043,0.817460,0.926808
RPL8,0.000000,0.000000,Source: gse20194,0.913043,0.817460,0.926808
KANK3,0.000000,0.000000,Source: gse20194,0.913043,0.817460,0.926808
PON2,0.000000,0.000000,Source: gse20194,0.913043,0.817460,0.926808
RBL1,0.000000,0.000000,Source: gse20194,0.913043,0.817460,0.926808
STEAP3,0.000000,0.000000,Source: gse20194,0.913043,0.817460,0.926808
THPO,0.000000,0.000000,Source: gse20194,0.913043,0.817460,0.926808
ZER1,0.000000,0.000000,Source: gse20194,0.913043,0.817460,0.926808
ACTN4,0.000000,0.000000,Source: gse20194,0.913043,0.817460,0.926808
STK39,0.000000,0.000000,Source: gse20194,0.913043,0.817460,0.926808
SLC5A6,0.000000,0.000000,Source: gse20194,0.913043,0.817460,0.926808
SLC22A1,0.000000,0.000000,Source: gse20194,0.913043,0.817460,0.926808
SSTR1,0.000000,0.000000,Source: gse20194,0.913043,0.817460,0.926808
ARHGAP10,0.000000,0.000000,Source: gse20194,0.913043,0.817460,0.926808
ZP2,0.000000,0.000000,Source: gse20194,0.913043,0.817460,0.926808
PPP1R11,0.000000,0.000000,Source: gse20194,0.913043,0.817460,0.926808
CGRRF1,0.000000,0.000000,Source: gse20194,0.913043,0.817460,0.926808
NMB,0.000000,0.000000,Source: gse20194,0.913043,0.817460,0.926808
ST8SIA4,0.000000,0.000000,Source: gse20194,0.913043,0.817460,0.926808
CYP2A7,0.000000,0.000000,Source: gse20194,0.913043,0.817460,0.926808
DKKL1,0.000000,0.000000,Source: gse20194,0.913043,0.817460,0.926808
AZGP1P1,0.000000,0.000000,Source: gse20194,0.913043,0.817460,0.926808
UQCRC1,0.000000,0.000000,Source: gse20194,0.913043,0.817460,0.926808
METTL9,0.000000,0.000000,Source: gse20194,0.913043,0.817460,0.926808
TTC1,0.000000,0.000000,Source: gse20194,0.913043,0.817460,0.926808
CDCP1,0.000000,0.000000,Source: gse20194,0.913043,0.817460,0.926808
CRIP2,0.000000,0.000000,Source: gse20194,0.913043,0.817460,0.926808
VPREB3,0.000000,0.000000,Source: gse20194,0.913043,0.817460,0.926808
TAAR2,0.000000,0.000000,Source: gse20194,0.913043,0.817460,0.926808
PPARG,0.000000,0.000000,Source: gse20194,0.913043,0.817460,0.926808
OR12D3,0.000000,0.000000,Source: gse20194,0.913043,0.817460,0.926808
ELK1,0.000000,0.000000,Source: gse20194,0.913043,0.817460,0.926808
GDNF,0.000000,0.000000,Source: gse20194,0.913043,0.817460,0.926808
KCNIP1,0.000000,0.000000,Source: gse20194,0.913043,0.817460,0.926808
FBP2,0.000000,0.000000,Source: gse20194,0.913043,0.817460,0.926808
GMCL1,0.000000,0.000000,Source: gse20194,0.913043,0.817460,0.926808
PTCD3,0.000000,0.000000,Source: gse20194,0.913043,0.817460,0.926808
SHC2,0.000000,0.000000,Source: gse20194,0.913043,0.817460,0.926808
RXFP3,0.000000,0.000000,Source: gse20194,0.913043,0.817460,0.926808
WDR12,0.000000,0.000000,Source: gse20194,0.913043,0.817460,0.926808
TLE4,0.000000,0.000000,Source: gse20194,0.913043,0.817460,0.926808
TSR1,0.000000,0.000000,Source: gse20194,0.913043,0.817460,0.926808
SLC48A1,0.000000,0.000000,Source: gse20194,0.913043,0.817460,0.926808
CYP4B1,0.000000,0.000000,Source: gse20194,0.913043,0.817460,0.926808
CDKN2A,0.000000,0.000000,Source: gse20194,0.913043,0.817460,0.926808
GGA2,0.000000,0.000000,Source: gse20194,0.913043,0.817460,0.926808
SLC25A11,0.000000,0.000000,Source: gse20194,0.913043,0.817460,0.926808
CAMK2N1,0.000000,0.000000,Source: gse20194,0.913043,0.817460,0.926808
DPP3,0.000000,0.000000,Source: gse20194,0.913043,0.817460,0.926808
CDK4,0.000000,0.000000,Source: gse20194,0.913043,0.817460,0.926808
LRFN3,0.000000,0.000000,Source: gse20194,0.913043,0.817460,0.926808
MGLL,0.000000,0.000000,Source: gse20194,0.913043,0.817460,0.926808
DTX3,0.000000,0.000000,Source: gse20194,0.913043,0.817460,0.926808
CYP46A1,0.000000,0.000000,Source: gse20194,0.913043,0.817460,0.926808
FER1L4,0.000000,0.000000,Source: gse20194,0.913043,0.817460,0.926808
PSMB6,0.000000,0.000000,Source: gse20194,0.913043,0.817460,0.926808
IL22,0.000000,0.000000,Source: gse20194,0.913043,0.817460,0.926808
NPC2,0.000000,0.000000,Source: gse20194,0.913043,0.817460,0.926808
RAB3GAP2,0.000000,0.000000,Source: gse20194,0.913043,0.817460,0.926808
TSPAN14,0.000000,0.000000,Source: gse20194,0.913043,0.817460,0.926808
CD244,0.000000,0.000000,Source: gse20194,0.913043,0.817460,0.926808
LPAR3,0.000000,0.000000,Source: gse20194,0.913043,0.817460,0.926808
HPSE2,0.000000,0.000000,Source: gse20194,0.913043,0.817460,0.926808
ICA1,0.000000,0.000000,Source: gse20194,0.913043,0.817460,0.926808
LARP6,0.000000,0.000000,Source: gse20194,0.913043,0.817460,0.926808
PLP2,0.000000,0.000000,Source: gse20194,0.913043,0.817460,0.926808
EN2,0.000000,0.000000,Source: gse20194,0.913043,0.817460,0.926808
COX5A,0.000000,0.000000,Source: gse20194,0.913043,0.817460,0.926808
ARHGAP24,0.000000,0.000000,Source: gse20194,0.913043,0.817460,0.926808
TRIM25,0.000000,0.000000,Source: gse20194,0.913043,0.817460,0.926808
TGM5,0.000000,0.000000,Source: gse20194,0.913043,0.817460,0.926808
ZFHX3,0.000000,0.000000,Source: gse20194,0.913043,0.817460,0.926808
ZNF10,0.000000,0.000000,Source: gse20194,0.913043,0.817460,0.926808
LIMK2,0.000000,0.000000,Source: gse20194,0.913043,0.817460,0.926808
DCTN5,0.000000,0.000000,Source: gse20194,0.913043,0.817460,0.926808
TACO1,0.000000,0.000000,Source: gse20194,0.913043,0.817460,0.926808
GLB1L,0.000000,0.000000,Source: gse20194,0.913043,0.817460,0.926808
FTL,0.000000,0.000000,Source: gse20194,0.913043,0.817460,0.926808
HRG,0.000000,0.000000,Source: gse20194,0.913043,0.817460,0.926808
RPRM,0.000000,0.000000,Source: gse20194,0.913043,0.817460,0.926808
PEPD,0.000000,0.000000,Source: gse20194,0.913043,0.817460,0.926808
ATP2A3,0.000000,0.000000,Source: gse20194,0.913043,0.817460,0.926808
TBKBP1,0.000000,0.000000,Source: gse20194,0.913043,0.817460,0.926808
MYH13,0.000000,0.000000,Source: gse20194,0.913043,0.817460,0.926808
MVP,0.000000,0.000000,Source: gse20194,0.913043,0.817460,0.926808
HSPA14,0.000000,0.000000,Source: gse20194,0.913043,0.817460,0.926808
SENP7,0.000000,0.000000,Source: gse20194,0.913043,0.817460,0.926808
FGF14,0.000000,0.000000,Source: gse20194,0.913043,0.817460,0.926808
ZNF345,0.000000,0.000000,Source: gse20194,0.913043,0.817460,0.926808
THBS4,0.000000,0.000000,Source: gse20194,0.913043,0.817460,0.926808
PHKA1,0.000000,0.000000,Source: gse20194,0.913043,0.817460,0.926808
S100A1,0.000000,0.000000,Source: gse20194,0.913043,0.817460,0.926808
MSC,0.000000,0.000000,Source: gse20194,0.913043,0.817460,0.926808
ZKSCAN4,0.000000,0.000000,Source: gse20194,0.913043,0.817460,0.926808
SERTAD2,0.000000,0.000000,Source: gse20194,0.913043,0.817460,0.926808
NT5E,0.000000,0.000000,Source: gse20194,0.913043,0.817460,0.926808
AIRE,0.000000,0.000000,Source: gse20194,0.913043,0.817460,0.926808
MID1,0.000000,0.000000,Source: gse20194,0.913043,0.817460,0.926808
OSBPL2,0.000000,0.000000,Source: gse20194,0.913043,0.817460,0.926808
CLCN4,0.000000,0.000000,Source: gse20194,0.913043,0.817460,0.926808
ORC2,0.000000,0.000000,Source: gse20194,0.913043,0.817460,0.926808
RBM47,0.000000,0.000000,Source: gse20194,0.913043,0.817460,0.926808
UVRAG,0.000000,0.000000,Source: gse20194,0.913043,0.817460,0.926808
TSPAN1,0.000000,0.000000,Source: gse20194,0.913043,0.817460,0.926808
POU2F3,0.000000,0.000000,Source: gse20194,0.913043,0.817460,0.926808
PUS3,0.000000,0.000000,Source: gse20194,0.913043,0.817460,0.926808
C11orf16,0.000000,0.000000,Source: gse20194,0.913043,0.817460,0.926808
R3HDM1,0.000000,0.000000,Source: gse20194,0.913043,0.817460,0.926808
HSD17B6,0.000000,0.000000,Source: gse20194,0.913043,0.817460,0.926808
CCDC57,0.000000,0.000000,Source: gse20194,0.913043,0.817460,0.926808
RTP4,0.000000,0.000000,Source: gse20194,0.913043,0.817460,0.926808
HSD17B3,0.000000,0.000000,Source: gse20194,0.913043,0.817460,0.926808
MAK,0.000000,0.000000,Source: gse20194,0.913043,0.817460,0.926808
SSTR3,0.000000,0.000000,Source: gse20194,0.913043,0.817460,0.926808
RASGRP3,0.000000,0.000000,Source: gse20194,0.913043,0.817460,0.926808
DAZAP1,0.000000,0.000000,Source: gse20194,0.913043,0.817460,0.926808
EIF2AK1,0.000000,0.000000,Source: gse20194,0.913043,0.817460,0.926808
SLC1A3,0.000000,0.000000,Source: gse20194,0.913043,0.817460,0.926808
TAF4B,0.000000,0.000000,Source: gse20194,0.913043,0.817460,0.926808
MDM4,0.000000,0.000000,Source: gse20194,0.913043,0.817460,0.926808
IFNG,0.000000,0.000000,Source: gse20194,0.913043,0.817460,0.926808
LAMP2,0.000000,0.000000,Source: gse20194,0.913043,0.817460,0.926808
TSPAN7,0.000000,0.000000,Source: gse20194,0.913043,0.817460,0.926808
RAPGEF4,0.000000,0.000000,Source: gse20194,0.913043,0.817460,0.926808
ZSCAN18,0.000000,0.000000,Source: gse20194,0.913043,0.817460,0.926808
ATP2C1,0.000000,0.000000,Source: gse20194,0.913043,0.817460,0.926808
GPAA1,0.000000,0.000000,Source: gse20194,0.913043,0.817460,0.926808
CDS1,0.000000,0.000000,Source: gse20194,0.913043,0.817460,0.926808
GPC4,0.000000,0.000000,Source: gse20194,0.913043,0.817460,0.926808
RALGAPA1,0.000000,0.000000,Source: gse20194,0.913043,0.817460,0.926808
RNF186,0.000000,0.000000,Source: gse20194,0.913043,0.817460,0.926808
RELA,0.000000,0.000000,Source: gse20194,0.913043,0.817460,0.926808
MRPS35,0.000000,0.000000,Source: gse20194,0.913043,0.817460,0.926808
SF3A3,0.000000,0.000000,Source: gse20194,0.913043,0.817460,0.926808
POP5,0.000000,0.000000,Source: gse20194,0.913043,0.817460,0.926808
CLCA4,0.000000,0.000000,Source: gse20194,0.913043,0.817460,0.926808
COL7A1,0.000000,0.000000,Source: gse20194,0.913043,0.817460,0.926808
PTOV1,0.000000,0.000000,Source: gse20194,0.913043,0.817460,0.926808
ARID5A,0.000000,0.000000,Source: gse20194,0.913043,0.817460,0.926808
OPA3,0.000000,0.000000,Source: gse20194,0.913043,0.817460,0.926808
POGLUT1,0.000000,0.000000,Source: gse20194,0.913043,0.817460,0.926808
EBNA1BP2,0.000000,0.000000,Source: gse20194,0.913043,0.817460,0.926808
PPT2,0.000000,0.000000,Source: gse20194,0.913043,0.817460,0.926808
GOLPH3L,0.000000,0.000000,Source: gse20194,0.913043,0.817460,0.926808
ATXN7L1,0.000000,0.000000,Source: gse20194,0.913043,0.817460,0.926808
OR2B6,0.000000,0.000000,Source: gse20194,0.913043,0.817460,0.926808
HIPK1,0.000000,0.000000,Source: gse20194,0.913043,0.817460,0.926808
RIT2,0.000000,0.000000,Source: gse20194,0.913043,0.817460,0.926808
NUP37,0.000000,0.000000,Source: gse20194,0.913043,0.817460,0.926808
MAPK9,0.000000,0.000000,Source: gse20194,0.913043,0.817460,0.926808
KLF13,0.000000,0.000000,Source: gse20194,0.913043,0.817460,0.926808
SLC31A2,0.000000,0.000000,Source: gse20194,0.913043,0.817460,0.926808
PIK3R2,0.000000,0.000000,Source: gse20194,0.913043,0.817460,0.926808
SMPD2,0.000000,0.000000,Source: gse20194,0.913043,0.817460,0.926808
S100A2,0.000000,0.000000,Source: gse20194,0.913043,0.817460,0.926808
LITAF,0.000000,0.000000,Source: gse20194,0.913043,0.817460,0.926808
HCK,0.000000,0.000000,Source: gse20194,0.913043,0.817460,0.926808
FAN1,0.000000,0.000000,Source: gse20194,0.913043,0.817460,0.926808
TFAP4,0.000000,0.000000,Source: gse20194,0.913043,0.817460,0.926808
GTF2H4,0.000000,0.000000,Source: gse20194,0.913043,0.817460,0.926808
PPP1R3A,0.000000,0.000000,Source: gse20194,0.913043,0.817460,0.926808
TST,0.000000,0.000000,Source: gse20194,0.913043,0.817460,0.926808
MON1B,0.000000,0.000000,Source: gse20194,0.913043,0.817460,0.926808
SREBF2,0.000000,0.000000,Source: gse20194,0.913043,0.817460,0.926808
CYP24A1,0.000000,0.000000,Source: gse20194,0.913043,0.817460,0.926808
GABRQ,0.000000,0.000000,Source: gse20194,0.913043,0.817460,0.926808
TPRKB,0.000000,0.000000,Source: gse20194,0.913043,0.817460,0.926808
MPZL1,0.000000,0.000000,Source: gse20194,0.913043,0.817460,0.926808
PLCG2,0.000000,0.000000,Source: gse20194,0.913043,0.817460,0.926808
TBK1,0.000000,0.000000,Source: gse20194,0.913043,0.817460,0.926808
HPS4,0.000000,0.000000,Source: gse20194,0.913043,0.817460,0.926808
AVPI1,0.000000,0.000000,Source: gse20194,0.913043,0.817460,0.926808
TLR5,0.000000,0.000000,Source: gse20194,0.913043,0.817460,0.926808
FAM117A,0.000000,0.000000,Source: gse20194,0.913043,0.817460,0.926808
WDR70,0.000000,0.000000,Source: gse20194,0.913043,0.817460,0.926808
HUS1,0.000000,0.000000,Source: gse20194,0.913043,0.817460,0.926808
KRR1,0.000000,0.000000,Source: gse20194,0.913043,0.817460,0.926808
SIGIRR,0.000000,0.000000,Source: gse20194,0.913043,0.817460,0.926808
TBC1D22B,0.000000,0.000000,Source: gse20194,0.913043,0.817460,0.926808
KDM5A,0.000000,0.000000,Source: gse20194,0.913043,0.817460,0.926808
AURKC,0.000000,0.000000,Source: gse20194,0.913043,0.817460,0.926808
MECR,0.000000,0.000000,Source: gse20194,0.913043,0.817460,0.926808
DUSP14,0.000000,0.000000,Source: gse20194,0.913043,0.817460,0.926808
GCNT2,0.000000,0.000000,Source: gse20194,0.913043,0.817460,0.926808
RBM19,0.000000,0.000000,Source: gse20194,0.913043,0.817460,0.926808
TOM1L1,0.000000,0.000000,Source: gse20194,0.913043,0.817460,0.926808
IMPDH2,0.000000,0.000000,Source: gse20194,0.913043,0.817460,0.926808
MYT1L,0.000000,0.000000,Source: gse20194,0.913043,0.817460,0.926808
PCDHB8,0.000000,0.000000,Source: gse20194,0.913043,0.817460,0.926808
CCDC22,0.000000,0.000000,Source: gse20194,0.913043,0.817460,0.926808
GDE1,0.000000,0.000000,Source: gse20194,0.913043,0.817460,0.926808
NDUFB7,0.000000,0.000000,Source: gse20194,0.913043,0.817460,0.926808
KLHL22,0.000000,0.000000,Source: gse20194,0.913043,0.817460,0.926808
HSPG2,0.000000,0.000000,Source: gse20194,0.913043,0.817460,0.926808
SPAG7,0.000000,0.000000,Source: gse20194,0.913043,0.817460,0.926808
SECTM1,0.000000,0.000000,Source: gse20194,0.913043,0.817460,0.926808
LOC254896,0.000000,0.000000,Source: gse20194,0.913043,0.817460,0.926808
GGPS1,0.000000,0.000000,Source: gse20194,0.913043,0.817460,0.926808
SSX5,0.000000,0.000000,Source: gse20194,0.913043,0.817460,0.926808
FRZB,0.000000,0.000000,Source: gse20194,0.913043,0.817460,0.926808
CEP104,0.000000,0.000000,Source: gse20194,0.913043,0.817460,0.926808
GAL3ST4,0.000000,0.000000,Source: gse20194,0.913043,0.817460,0.926808
EPHB2,0.000000,0.000000,Source: gse20194,0.913043,0.817460,0.926808
LILRA6,0.000000,0.000000,Source: gse20194,0.913043,0.817460,0.926808
SLC9A7,0.000000,0.000000,Source: gse20194,0.913043,0.817460,0.926808
IP6K1,0.000000,0.000000,Source: gse20194,0.913043,0.817460,0.926808
ARID5B,0.000000,0.000000,Source: gse20194,0.913043,0.817460,0.926808
CIDEA,0.000000,0.000000,Source: gse20194,0.913043,0.817460,0.926808
TRIM52,0.000000,0.000000,Source: gse20194,0.913043,0.817460,0.926808
SYT13,0.000000,0.000000,Source: gse20194,0.913043,0.817460,0.926808
ZNF124,0.000000,0.000000,Source: gse20194,0.913043,0.817460,0.926808
OGDH,0.000000,0.000000,Source: gse20194,0.913043,0.817460,0.926808
PDLIM1,0.000000,0.000000,Source: gse20194,0.913043,0.817460,0.926808
ACTR8,0.000000,0.000000,Source: gse20194,0.913043,0.817460,0.926808
LARP4B,0.000000,0.000000,Source: gse20194,0.913043,0.817460,0.926808
DBT,0.000000,0.000000,Source: gse20194,0.913043,0.817460,0.926808
PITPNM3,0.000000,0.000000,Source: gse20194,0.913043,0.817460,0.926808
RBM23,0.000000,0.000000,Source: gse20194,0.913043,0.817460,0.926808
CLDN6,0.000000,0.000000,Source: gse20194,0.913043,0.817460,0.926808
FABP6,0.000000,0.000000,Source: gse20194,0.913043,0.817460,0.926808
CD3G,0.000000,0.000000,Source: gse20194,0.913043,0.817460,0.926808
HPR,0.000000,0.000000,Source: gse20194,0.913043,0.817460,0.926808
KCNAB1,0.000000,0.000000,Source: gse20194,0.913043,0.817460,0.926808
HTT,0.000000,0.000000,Source: gse20194,0.913043,0.817460,0.926808
EPHX3,0.000000,0.000000,Source: gse20194,0.913043,0.817460,0.926808
DOCK5,0.000000,0.000000,Source: gse20194,0.913043,0.817460,0.926808
CHRNA2,0.000000,0.000000,Source: gse20194,0.913043,0.817460,0.926808
SLC25A15,0.000000,0.000000,Source: gse20194,0.913043,0.817460,0.926808
TBX3,0.000000,0.000000,Source: gse20194,0.913043,0.817460,0.926808
CD7,0.000000,0.000000,Source: gse20194,0.913043,0.817460,0.926808
C1orf216,0.000000,0.000000,Source: gse20194,0.913043,0.817460,0.926808
CDC25A,0.000000,0.000000,Source: gse20194,0.913043,0.817460,0.926808
PECR,0.000000,0.000000,Source: gse20194,0.913043,0.817460,0.926808
SRSF4,0.000000,0.000000,Source: gse20194,0.913043,0.817460,0.926808
PCDHB12,0.000000,0.000000,Source: gse20194,0.913043,0.817460,0.926808
SPTA1,0.000000,0.000000,Source: gse20194,0.913043,0.817460,0.926808
ARG2,0.000000,0.000000,Source: gse20194,0.913043,0.817460,0.926808
MAGEL2,0.000000,0.000000,Source: gse20194,0.913043,0.817460,0.926808
HBEGF,0.000000,0.000000,Source: gse20194,0.913043,0.817460,0.926808
ENDOG,0.000000,0.000000,Source: gse20194,0.913043,0.817460,0.926808
ITFG2,0.000000,0.000000,Source: gse20194,0.913043,0.817460,0.926808
CUL1,0.000000,0.000000,Source: gse20194,0.913043,0.817460,0.926808
S1PR4,0.000000,0.000000,Source: gse20194,0.913043,0.817460,0.926808
ITGA5,0.000000,0.000000,Source: gse20194,0.913043,0.817460,0.926808
MAP3K7,0.000000,0.000000,Source: gse20194,0.913043,0.817460,0.926808
SLC16A3,0.000000,0.000000,Source: gse20194,0.913043,0.817460,0.926808
MAN1A2,0.000000,0.000000,Source: gse20194,0.913043,0.817460,0.926808
PRKAB2,0.000000,0.000000,Source: gse20194,0.913043,0.817460,0.926808
ZC3H7B,0.000000,0.000000,Source: gse20194,0.913043,0.817460,0.926808
DHX35,0.000000,0.000000,Source: gse20194,0.913043,0.817460,0.926808
ING1,0.000000,0.000000,Source: gse20194,0.913043,0.817460,0.926808
SARDH,0.000000,0.000000,Source: gse20194,0.913043,0.817460,0.926808
CDKL5,0.000000,0.000000,Source: gse20194,0.913043,0.817460,0.926808
NOTCH2,0.000000,0.000000,Source: gse20194,0.913043,0.817460,0.926808
ZFPL1,0.000000,0.000000,Source: gse20194,0.913043,0.817460,0.926808
CFD,0.000000,0.000000,Source: gse20194,0.913043,0.817460,0.926808
XPO7,0.000000,0.000000,Source: gse20194,0.913043,0.817460,0.926808
SETD6,0.000000,0.000000,Source: gse20194,0.913043,0.817460,0.926808
RABGAP1,0.000000,0.000000,Source: gse20194,0.913043,0.817460,0.926808
NFKBIL1,0.000000,0.000000,Source: gse20194,0.913043,0.817460,0.926808
SIAH1,0.000000,0.000000,Source: gse20194,0.913043,0.817460,0.926808
TCTA,0.000000,0.000000,Source: gse20194,0.913043,0.817460,0.926808
NGB,0.000000,0.000000,Source: gse20194,0.913043,0.817460,0.926808
GCC1,0.000000,0.000000,Source: gse20194,0.913043,0.817460,0.926808
ARHGEF26,0.000000,0.000000,Source: gse20194,0.913043,0.817460,0.926808
MYH3,0.000000,0.000000,Source: gse20194,0.913043,0.817460,0.926808
TAL1,0.000000,0.000000,Source: gse20194,0.913043,0.817460,0.926808
TCP11,0.000000,0.000000,Source: gse20194,0.913043,0.817460,0.926808
IQSEC2,0.000000,0.000000,Source: gse20194,0.913043,0.817460,0.926808
COMMD4,0.000000,0.000000,Source: gse20194,0.913043,0.817460,0.926808
SMAD5,0.000000,0.000000,Source: gse20194,0.913043,0.817460,0.926808
EIF2B2,0.000000,0.000000,Source: gse20194,0.913043,0.817460,0.926808
GTPBP3,0.000000,0.000000,Source: gse20194,0.913043,0.817460,0.926808
ZBTB10,0.000000,0.000000,Source: gse20194,0.913043,0.817460,0.926808
SPIB,0.000000,0.000000,Source: gse20194,0.913043,0.817460,0.926808
ACP5,0.000000,0.000000,Source: gse20194,0.913043,0.817460,0.926808
HDLBP,0.000000,0.000000,Source: gse20194,0.913043,0.817460,0.926808
PCDHGA10,0.000000,0.000000,Source: gse20194,0.913043,0.817460,0.926808
HOXB3,0.000000,0.000000,Source: gse20194,0.913043,0.817460,0.926808
PCBP1,0.000000,0.000000,Source: gse20194,0.913043,0.817460,0.926808
ZNF391,0.000000,0.000000,Source: gse20194,0.913043,0.817460,0.926808
ATP7B,0.000000,0.000000,Source: gse20194,0.913043,0.817460,0.926808
HPCAL1,0.000000,0.000000,Source: gse20194,0.913043,0.817460,0.926808
YY1AP1,0.000000,0.000000,Source: gse20194,0.913043,0.817460,0.926808
AAAS,0.000000,0.000000,Source: gse20194,0.913043,0.817460,0.926808
IL33,0.000000,0.000000,Source: gse20194,0.913043,0.817460,0.926808
HAP1,0.000000,0.000000,Source: gse20194,0.913043,0.817460,0.926808
SPG21,0.000000,0.000000,Source: gse20194,0.913043,0.817460,0.926808
VAPB,0.000000,0.000000,Source: gse20194,0.913043,0.817460,0.926808
ERCC3,0.000000,0.000000,Source: gse20194,0.913043,0.817460,0.926808
HLA-E,0.000000,0.000000,Source: gse20194,0.913043,0.817460,0.926808
DNAJC6,0.000000,0.000000,Source: gse20194,0.913043,0.817460,0.926808
CCT3,0.000000,0.000000,Source: gse20194,0.913043,0.817460,0.926808
DYNC1LI1,0.000000,0.000000,Source: gse20194,0.913043,0.817460,0.926808
MLLT11,0.000000,0.000000,Source: gse20194,0.913043,0.817460,0.926808
GRIN2A,0.000000,0.000000,Source: gse20194,0.913043,0.817460,0.926808
MRC2,0.000000,0.000000,Source: gse20194,0.913043,0.817460,0.926808
ADTRP,0.000000,0.000000,Source: gse20194,0.913043,0.817460,0.926808
TAF1B,0.000000,0.000000,Source: gse20194,0.913043,0.817460,0.926808
TBCC,0.000000,0.000000,Source: gse20194,0.913043,0.817460,0.926808
ATP8B2,0.000000,0.000000,Source: gse20194,0.913043,0.817460,0.926808
LYZ,0.000000,0.000000,Source: gse20194,0.913043,0.817460,0.926808
DPAGT1,0.000000,0.000000,Source: gse20194,0.913043,0.817460,0.926808
TFE3,0.000000,0.000000,Source: gse20194,0.913043,0.817460,0.926808
AXL,0.000000,0.000000,Source: gse20194,0.913043,0.817460,0.926808
CCR2,0.000000,0.000000,Source: gse20194,0.913043,0.817460,0.926808
ICOS,0.000000,0.000000,Source: gse20194,0.913043,0.817460,0.926808
ODF2,0.000000,0.000000,Source: gse20194,0.913043,0.817460,0.926808
DPPA4,0.000000,0.000000,Source: gse20194,0.913043,0.817460,0.926808
CST8,0.000000,0.000000,Source: gse20194,0.913043,0.817460,0.926808
LRRFIP2,0.000000,0.000000,Source: gse20194,0.913043,0.817460,0.926808
BAIAP3,0.000000,0.000000,Source: gse20194,0.913043,0.817460,0.926808
PEX26,0.000000,0.000000,Source: gse20194,0.913043,0.817460,0.926808
NVL,0.000000,0.000000,Source: gse20194,0.913043,0.817460,0.926808
TIMM17A,0.000000,0.000000,Source: gse20194,0.913043,0.817460,0.926808
RPL23,0.000000,0.000000,Source: gse20194,0.913043,0.817460,0.926808
PLOD1,0.000000,0.000000,Source: gse20194,0.913043,0.817460,0.926808
FBL,0.000000,0.000000,Source: gse20194,0.913043,0.817460,0.926808
PSMA2,0.000000,0.000000,Source: gse20194,0.913043,0.817460,0.926808
KIAA0513,0.000000,0.000000,Source: gse20194,0.913043,0.817460,0.926808
INHBA,0.000000,0.000000,Source: gse20194,0.913043,0.817460,0.926808
HLA-DMB,0.000000,0.000000,Source: gse20194,0.913043,0.817460,0.926808
SDHD,0.000000,0.000000,Source: gse20194,0.913043,0.817460,0.926808
NTNG1,0.000000,0.000000,Source: gse20194,0.913043,0.817460,0.926808
CD200,0.000000,0.000000,Source: gse20194,0.913043,0.817460,0.926808
PTBP1,0.000000,0.000000,Source: gse20194,0.913043,0.817460,0.926808
TDO2,0.000000,0.000000,Source: gse20194,0.913043,0.817460,0.926808
OR7A10,0.000000,0.000000,Source: gse20194,0.913043,0.817460,0.926808
TMEM184C,0.000000,0.000000,Source: gse20194,0.913043,0.817460,0.926808
TTC19,0.000000,0.000000,Source: gse20194,0.913043,0.817460,0.926808
ST6GAL1,0.000000,0.000000,Source: gse20194,0.913043,0.817460,0.926808
NR4A3,0.000000,0.000000,Source: gse20194,0.913043,0.817460,0.926808
GZMA,0.000000,0.000000,Source: gse20194,0.913043,0.817460,0.926808
P4HTM,0.000000,0.000000,Source: gse20194,0.913043,0.817460,0.926808
PDCD1LG2,0.000000,0.000000,Source: gse20194,0.913043,0.817460,0.926808
MORC4,0.000000,0.000000,Source: gse20194,0.913043,0.817460,0.926808
APOBEC3C,0.000000,0.000000,Source: gse20194,0.913043,0.817460,0.926808
RBM42,0.000000,0.000000,Source: gse20194,0.913043,0.817460,0.926808
TRRAP,0.000000,0.000000,Source: gse20194,0.913043,0.817460,0.926808
AKIRIN1,0.000000,0.000000,Source: gse20194,0.913043,0.817460,0.926808
CDK6,0.000000,0.000000,Source: gse20194,0.913043,0.817460,0.926808
SH2D4A,0.000000,0.000000,Source: gse20194,0.913043,0.817460,0.926808
PANK3,0.000000,0.000000,Source: gse20194,0.913043,0.817460,0.926808
ZEB1,0.000000,0.000000,Source: gse20194,0.913043,0.817460,0.926808
CEP164,0.000000,0.000000,Source: gse20194,0.913043,0.817460,0.926808
CCDC121,0.000000,0.000000,Source: gse20194,0.913043,0.817460,0.926808
RBMS2,0.000000,0.000000,Source: gse20194,0.913043,0.817460,0.926808
CLCNKB,0.000000,0.000000,Source: gse20194,0.913043,0.817460,0.926808
STAT2,0.000000,0.000000,Source: gse20194,0.913043,0.817460,0.926808
SLC18A1,0.000000,0.000000,Source: gse20194,0.913043,0.817460,0.926808
SV2C,0.000000,0.000000,Source: gse20194,0.913043,0.817460,0.926808
TRIP12,0.000000,0.000000,Source: gse20194,0.913043,0.817460,0.926808
DUSP3,0.000000,0.000000,Source: gse20194,0.913043,0.817460,0.926808
STUB1,0.000000,0.000000,Source: gse20194,0.913043,0.817460,0.926808
ZNF551,0.000000,0.000000,Source: gse20194,0.913043,0.817460,0.926808
CLIC1,0.000000,0.000000,Source: gse20194,0.913043,0.817460,0.926808
GRHL2,0.000000,0.000000,Source: gse20194,0.913043,0.817460,0.926808
CST7,0.000000,0.000000,Source: gse20194,0.913043,0.817460,0.926808
ZNF330,0.000000,0.000000,Source: gse20194,0.913043,0.817460,0.926808
LMAN2L,0.000000,0.000000,Source: gse20194,0.913043,0.817460,0.926808
SCN8A,0.000000,0.000000,Source: gse20194,0.913043,0.817460,0.926808
TAGLN3,0.000000,0.000000,Source: gse20194,0.913043,0.817460,0.926808
SLC29A3,0.000000,0.000000,Source: gse20194,0.913043,0.817460,0.926808
FGF13,0.000000,0.000000,Source: gse20194,0.913043,0.817460,0.926808
EPHA7,0.000000,0.000000,Source: gse20194,0.913043,0.817460,0.926808
NR1D1,0.000000,0.000000,Source: gse20194,0.913043,0.817460,0.926808
SORT1,0.000000,0.000000,Source: gse20194,0.913043,0.817460,0.926808
ENTPD7,0.000000,0.000000,Source: gse20194,0.913043,0.817460,0.926808
BNC2,0.000000,0.000000,Source: gse20194,0.913043,0.817460,0.926808
XPA,0.000000,0.000000,Source: gse20194,0.913043,0.817460,0.926808
RRAS,0.000000,0.000000,Source: gse20194,0.913043,0.817460,0.926808
DLG1,0.000000,0.000000,Source: gse20194,0.913043,0.817460,0.926808
SARM1,0.000000,0.000000,Source: gse20194,0.913043,0.817460,0.926808
MDK,0.000000,0.000000,Source: gse20194,0.913043,0.817460,0.926808
SIX2,0.000000,0.000000,Source: gse20194,0.913043,0.817460,0.926808
PDE6C,0.000000,0.000000,Source: gse20194,0.913043,0.817460,0.926808
AUP1,0.000000,0.000000,Source: gse20194,0.913043,0.817460,0.926808
ARSB,0.000000,0.000000,Source: gse20194,0.913043,0.817460,0.926808
IPO5,0.000000,0.000000,Source: gse20194,0.913043,0.817460,0.926808
SLC22A8,0.000000,0.000000,Source: gse20194,0.913043,0.817460,0.926808
HIP1,0.000000,0.000000,Source: gse20194,0.913043,0.817460,0.926808
MICB,0.000000,0.000000,Source: gse20194,0.913043,0.817460,0.926808
DCTN4,0.000000,0.000000,Source: gse20194,0.913043,0.817460,0.926808
ALPK3,0.000000,0.000000,Source: gse20194,0.913043,0.817460,0.926808
POMGNT1,0.000000,0.000000,Source: gse20194,0.913043,0.817460,0.926808
HRC,0.000000,0.000000,Source: gse20194,0.913043,0.817460,0.926808
ARHGEF6,0.000000,0.000000,Source: gse20194,0.913043,0.817460,0.926808
HMGXB4,0.000000,0.000000,Source: gse20194,0.913043,0.817460,0.926808
UQCR10,0.000000,0.000000,Source: gse20194,0.913043,0.817460,0.926808
AK2,0.000000,0.000000,Source: gse20194,0.913043,0.817460,0.926808
MTHFSD,0.000000,0.000000,Source: gse20194,0.913043,0.817460,0.926808
DAB1,0.000000,0.000000,Source: gse20194,0.913043,0.817460,0.926808
MOSPD3,0.000000,0.000000,Source: gse20194,0.913043,0.817460,0.926808
DDX24,0.000000,0.000000,Source: gse20194,0.913043,0.817460,0.926808
EIF3H,0.000000,0.000000,Source: gse20194,0.913043,0.817460,0.926808
SNIP1,0.000000,0.000000,Source: gse20194,0.913043,0.817460,0.926808
CPA1,0.000000,0.000000,Source: gse20194,0.913043,0.817460,0.926808
EDA2R,0.000000,0.000000,Source: gse20194,0.913043,0.817460,0.926808
HPS1,0.000000,0.000000,Source: gse20194,0.913043,0.817460,0.926808
COBLL1,0.000000,0.000000,Source: gse20194,0.913043,0.817460,0.926808
FXYD6,0.000000,0.000000,Source: gse20194,0.913043,0.817460,0.926808
NOVA1,0.000000,0.000000,Source: gse20194,0.913043,0.817460,0.926808
CHRNA5,0.000000,0.000000,Source: gse20194,0.913043,0.817460,0.926808
EIF4EBP2,0.000000,0.000000,Source: gse20194,0.913043,0.817460,0.926808
NUP62,0.000000,0.000000,Source: gse20194,0.913043,0.817460,0.926808
TRIM10,0.000000,0.000000,Source: gse20194,0.913043,0.817460,0.926808
GCH1,0.000000,0.000000,Source: gse20194,0.913043,0.817460,0.926808
TMEM177,0.000000,0.000000,Source: gse20194,0.913043,0.817460,0.926808
TRAPPC9,0.000000,0.000000,Source: gse20194,0.913043,0.817460,0.926808
VIM,0.000000,0.000000,Source: gse20194,0.913043,0.817460,0.926808
VRK1,0.000000,0.000000,Source: gse20194,0.913043,0.817460,0.926808
PSMD4,0.000000,0.000000,Source: gse20194,0.913043,0.817460,0.926808
HPGDS,0.000000,0.000000,Source: gse20194,0.913043,0.817460,0.926808
NPC1L1,0.000000,0.000000,Source: gse20194,0.913043,0.817460,0.926808
CPNE1,0.000000,0.000000,Source: gse20194,0.913043,0.817460,0.926808
DLX4,0.000000,0.000000,Source: gse20194,0.913043,0.817460,0.926808
ELOVL5,0.000000,0.000000,Source: gse20194,0.913043,0.817460,0.926808
FNBP1,0.000000,0.000000,Source: gse20194,0.913043,0.817460,0.926808
NCAPH,0.000000,0.000000,Source: gse20194,0.913043,0.817460,0.926808
LCMT2,0.000000,0.000000,Source: gse20194,0.913043,0.817460,0.926808
CEL,0.000000,0.000000,Source: gse20194,0.913043,0.817460,0.926808
RBPMS,0.000000,0.000000,Source: gse20194,0.913043,0.817460,0.926808
NPFF,0.000000,0.000000,Source: gse20194,0.913043,0.817460,0.926808
SMCHD1,0.000000,0.000000,Source: gse20194,0.913043,0.817460,0.926808
RHAG,0.000000,0.000000,Source: gse20194,0.913043,0.817460,0.926808
ZNF79,0.000000,0.000000,Source: gse20194,0.913043,0.817460,0.926808
DIDO1,0.000000,0.000000,Source: gse20194,0.913043,0.817460,0.926808
ITIH5,0.000000,0.000000,Source: gse20194,0.913043,0.817460,0.926808
SLC35E3,0.000000,0.000000,Source: gse20194,0.913043,0.817460,0.926808
HCRT,0.000000,0.000000,Source: gse20194,0.913043,0.817460,0.926808
HSPA9,0.000000,0.000000,Source: gse20194,0.913043,0.817460,0.926808
PKP3,0.000000,0.000000,Source: gse20194,0.913043,0.817460,0.926808
PEX6,0.000000,0.000000,Source: gse20194,0.913043,0.817460,0.926808
ABCA7,0.000000,0.000000,Source: gse20194,0.913043,0.817460,0.926808
FDFT1,0.000000,0.000000,Source: gse20194,0.913043,0.817460,0.926808
KANK1,0.000000,0.000000,Source: gse20194,0.913043,0.817460,0.926808
CD83,0.000000,0.000000,Source: gse20194,0.913043,0.817460,0.926808
BFSP1,0.000000,0.000000,Source: gse20194,0.913043,0.817460,0.926808
ABCB11,0.000000,0.000000,Source: gse20194,0.913043,0.817460,0.926808
CLUAP1,0.000000,0.000000,Source: gse20194,0.913043,0.817460,0.926808
ABCA4,0.000000,0.000000,Source: gse20194,0.913043,0.817460,0.926808
CHRNA9,0.000000,0.000000,Source: gse20194,0.913043,0.817460,0.926808
SLC25A12,0.000000,0.000000,Source: gse20194,0.913043,0.817460,0.926808
EXOSC4,0.000000,0.000000,Source: gse20194,0.913043,0.817460,0.926808
WARS2,0.000000,0.000000,Source: gse20194,0.913043,0.817460,0.926808
ART4,0.000000,0.000000,Source: gse20194,0.913043,0.817460,0.926808
SNW1,0.000000,0.000000,Source: gse20194,0.913043,0.817460,0.926808
DDA1,0.000000,0.000000,Source: gse20194,0.913043,0.817460,0.926808
KCNK12,0.000000,0.000000,Source: gse20194,0.913043,0.817460,0.926808
SMPD1,0.000000,0.000000,Source: gse20194,0.913043,0.817460,0.926808
ELF5,0.000000,0.000000,Source: gse20194,0.913043,0.817460,0.926808
HDAC11,0.000000,0.000000,Source: gse20194,0.913043,0.817460,0.926808
CCND3,0.000000,0.000000,Source: gse20194,0.913043,0.817460,0.926808
WDR13,0.000000,0.000000,Source: gse20194,0.913043,0.817460,0.926808
ANP32A-IT1,0.000000,0.000000,Source: gse20194,0.913043,0.817460,0.926808
CSRP1,0.000000,0.000000,Source: gse20194,0.913043,0.817460,0.926808
MAGEB2,0.000000,0.000000,Source: gse20194,0.913043,0.817460,0.926808
ANXA1,0.000000,0.000000,Source: gse20194,0.913043,0.817460,0.926808
WIPF2,0.000000,0.000000,Source: gse20194,0.913043,0.817460,0.926808
BAX,0.000000,0.000000,Source: gse20194,0.913043,0.817460,0.926808
ZSCAN5A,0.000000,0.000000,Source: gse20194,0.913043,0.817460,0.926808
LRRC23,0.000000,0.000000,Source: gse20194,0.913043,0.817460,0.926808
FUT4,0.000000,0.000000,Source: gse20194,0.913043,0.817460,0.926808
PPP2R5C,0.000000,0.000000,Source: gse20194,0.913043,0.817460,0.926808
EXOC3,0.000000,0.000000,Source: gse20194,0.913043,0.817460,0.926808
GINS2,0.000000,0.000000,Source: gse20194,0.913043,0.817460,0.926808
GRIA3,0.000000,0.000000,Source: gse20194,0.913043,0.817460,0.926808
B4GALT4,0.000000,0.000000,Source: gse20194,0.913043,0.817460,0.926808
STX5,0.000000,0.000000,Source: gse20194,0.913043,0.817460,0.926808
SND1,0.000000,0.000000,Source: gse20194,0.913043,0.817460,0.926808
ATAD3A,0.000000,0.000000,Source: gse20194,0.913043,0.817460,0.926808
ADAM18,0.000000,0.000000,Source: gse20194,0.913043,0.817460,0.926808
NFIC,0.000000,0.000000,Source: gse20194,0.913043,0.817460,0.926808
WRAP53,0.000000,0.000000,Source: gse20194,0.913043,0.817460,0.926808
COX5B,0.000000,0.000000,Source: gse20194,0.913043,0.817460,0.926808
FGF6,0.000000,0.000000,Source: gse20194,0.913043,0.817460,0.926808
MYH15,0.000000,0.000000,Source: gse20194,0.913043,0.817460,0.926808
LPIN1,0.000000,0.000000,Source: gse20194,0.913043,0.817460,0.926808
YPEL1,0.000000,0.000000,Source: gse20194,0.913043,0.817460,0.926808
NUFIP1,0.000000,0.000000,Source: gse20194,0.913043,0.817460,0.926808
GGNBP2,0.000000,0.000000,Source: gse20194,0.913043,0.817460,0.926808
SLCO5A1,0.000000,0.000000,Source: gse20194,0.913043,0.817460,0.926808
CLDN8,0.000000,0.000000,Source: gse20194,0.913043,0.817460,0.926808
GNGT1,0.000000,0.000000,Source: gse20194,0.913043,0.817460,0.926808
CHMP1B,0.000000,0.000000,Source: gse20194,0.913043,0.817460,0.926808
ENOX2,0.000000,0.000000,Source: gse20194,0.913043,0.817460,0.926808
MCM10,0.000000,0.000000,Source: gse20194,0.913043,0.817460,0.926808
USP39,0.000000,0.000000,Source: gse20194,0.913043,0.817460,0.926808
ZNF184,0.000000,0.000000,Source: gse20194,0.913043,0.817460,0.926808
COMP,0.000000,0.000000,Source: gse20194,0.913043,0.817460,0.926808
KIR2DL3,0.000000,0.000000,Source: gse20194,0.913043,0.817460,0.926808
APP,0.000000,0.000000,Source: gse20194,0.913043,0.817460,0.926808
NTN3,0.000000,0.000000,Source: gse20194,0.913043,0.817460,0.926808
CXXC1,0.000000,0.000000,Source: gse20194,0.913043,0.817460,0.926808
ARHGAP26,0.000000,0.000000,Source: gse20194,0.913043,0.817460,0.926808
IFNA1,0.000000,0.000000,Source: gse20194,0.913043,0.817460,0.926808
SPIN1,0.000000,0.000000,Source: gse20194,0.913043,0.817460,0.926808
CHST12,0.000000,0.000000,Source: gse20194,0.913043,0.817460,0.926808
DENND4C,0.000000,0.000000,Source: gse20194,0.913043,0.817460,0.926808
TMX1,0.000000,0.000000,Source: gse20194,0.913043,0.817460,0.926808
ACTA2,0.000000,0.000000,Source: gse20194,0.913043,0.817460,0.926808
CBX6,0.000000,0.000000,Source: gse20194,0.913043,0.817460,0.926808
MYO1B,0.000000,0.000000,Source: gse20194,0.913043,0.817460,0.926808
IFNB1,0.000000,0.000000,Source: gse20194,0.913043,0.817460,0.926808
MLYCD,0.000000,0.000000,Source: gse20194,0.913043,0.817460,0.926808
GLI1,0.000000,0.000000,Source: gse20194,0.913043,0.817460,0.926808
POLDIP3,0.000000,0.000000,Source: gse20194,0.913043,0.817460,0.926808
C1QL1,0.000000,0.000000,Source: gse20194,0.913043,0.817460,0.926808
TOPORS,0.000000,0.000000,Source: gse20194,0.913043,0.817460,0.926808
TYMS,0.000000,0.000000,Source: gse20194,0.913043,0.817460,0.926808
NUP107,0.000000,0.000000,Source: gse20194,0.913043,0.817460,0.926808
THG1L,0.000000,0.000000,Source: gse20194,0.913043,0.817460,0.926808
UST,0.000000,0.000000,Source: gse20194,0.913043,0.817460,0.926808
ITM2A,0.000000,0.000000,Source: gse20194,0.913043,0.817460,0.926808
LEP,0.000000,0.000000,Source: gse20194,0.913043,0.817460,0.926808
RNF138,0.000000,0.000000,Source: gse20194,0.913043,0.817460,0.926808
OSBPL8,0.000000,0.000000,Source: gse20194,0.913043,0.817460,0.926808
DNAJA2,0.000000,0.000000,Source: gse20194,0.913043,0.817460,0.926808
CELF1,0.000000,0.000000,Source: gse20194,0.913043,0.817460,0.926808
ANGEL1,0.000000,0.000000,Source: gse20194,0.913043,0.817460,0.926808
CNTN2,0.000000,0.000000,Source: gse20194,0.913043,0.817460,0.926808
HGSNAT,0.000000,0.000000,Source: gse20194,0.913043,0.817460,0.926808
B3GNT2,0.000000,0.000000,Source: gse20194,0.913043,0.817460,0.926808
SLC22A4,0.000000,0.000000,Source: gse20194,0.913043,0.817460,0.926808
LTA,0.000000,0.000000,Source: gse20194,0.913043,0.817460,0.926808
FAF2,0.000000,0.000000,Source: gse20194,0.913043,0.817460,0.926808
ASB1,0.000000,0.000000,Source: gse20194,0.913043,0.817460,0.926808
N4BP1,0.000000,0.000000,Source: gse20194,0.913043,0.817460,0.926808
ACOT7,0.000000,0.000000,Source: gse20194,0.913043,0.817460,0.926808
LONP1,0.000000,0.000000,Source: gse20194,0.913043,0.817460,0.926808
GSTM3,0.000000,0.000000,Source: gse20194,0.913043,0.817460,0.926808
NDUFC2,0.000000,0.000000,Source: gse20194,0.913043,0.817460,0.926808
GRIN2D,0.000000,0.000000,Source: gse20194,0.913043,0.817460,0.926808
LRPAP1,0.000000,0.000000,Source: gse20194,0.913043,0.817460,0.926808
DGKG,0.000000,0.000000,Source: gse20194,0.913043,0.817460,0.926808
STX18,0.000000,0.000000,Source: gse20194,0.913043,0.817460,0.926808
UGT2A3,0.000000,0.000000,Source: gse20194,0.913043,0.817460,0.926808
COPS7B,0.000000,0.000000,Source: gse20194,0.913043,0.817460,0.926808
NANS,0.000000,0.000000,Source: gse20194,0.913043,0.817460,0.926808
SMC6,0.000000,0.000000,Source: gse20194,0.913043,0.817460,0.926808
RNF103,0.000000,0.000000,Source: gse20194,0.913043,0.817460,0.926808
AGPAT4,0.000000,0.000000,Source: gse20194,0.913043,0.817460,0.926808
CISH,0.000000,0.000000,Source: gse20194,0.913043,0.817460,0.926808
RNF126P1,0.000000,0.000000,Source: gse20194,0.913043,0.817460,0.926808
VPS13B,0.000000,0.000000,Source: gse20194,0.913043,0.817460,0.926808
BCHE,0.000000,0.000000,Source: gse20194,0.913043,0.817460,0.926808
UBB,0.000000,0.000000,Source: gse20194,0.913043,0.817460,0.926808
OR2J3,0.000000,0.000000,Source: gse20194,0.913043,0.817460,0.926808
SMPDL3B,0.000000,0.000000,Source: gse20194,0.913043,0.817460,0.926808
FBXW2,0.000000,0.000000,Source: gse20194,0.913043,0.817460,0.926808
GZMM,0.000000,0.000000,Source: gse20194,0.913043,0.817460,0.926808
KLK14,0.000000,0.000000,Source: gse20194,0.913043,0.817460,0.926808
HCN4,0.000000,0.000000,Source: gse20194,0.913043,0.817460,0.926808
PLCE1,0.000000,0.000000,Source: gse20194,0.913043,0.817460,0.926808
RAPGEF2,0.000000,0.000000,Source: gse20194,0.913043,0.817460,0.926808
AGPAT3,0.000000,0.000000,Source: gse20194,0.913043,0.817460,0.926808
MIOS,0.000000,0.000000,Source: gse20194,0.913043,0.817460,0.926808
SEMG2,0.000000,0.000000,Source: gse20194,0.913043,0.817460,0.926808
FGF2,0.000000,0.000000,Source: gse20194,0.913043,0.817460,0.926808
BACH1,0.000000,0.000000,Source: gse20194,0.913043,0.817460,0.926808
FPR1,0.000000,0.000000,Source: gse20194,0.913043,0.817460,0.926808
CYP2C8,0.000000,0.000000,Source: gse20194,0.913043,0.817460,0.926808
KIF13B,0.000000,0.000000,Source: gse20194,0.913043,0.817460,0.926808
SSBP2,0.000000,0.000000,Source: gse20194,0.913043,0.817460,0.926808
PLA2G10,0.000000,0.000000,Source: gse20194,0.913043,0.817460,0.926808
CTSC,0.000000,0.000000,Source: gse20194,0.913043,0.817460,0.926808
MLEC,0.000000,0.000000,Source: gse20194,0.913043,0.817460,0.926808
MRTO4,0.000000,0.000000,Source: gse20194,0.913043,0.817460,0.926808
PRKCA,0.000000,0.000000,Source: gse20194,0.913043,0.817460,0.926808
BCL7A,0.000000,0.000000,Source: gse20194,0.913043,0.817460,0.926808
NPL,0.000000,0.000000,Source: gse20194,0.913043,0.817460,0.926808
IL19,0.000000,0.000000,Source: gse20194,0.913043,0.817460,0.926808
DUSP7,0.000000,0.000000,Source: gse20194,0.913043,0.817460,0.926808
TTK,0.000000,0.000000,Source: gse20194,0.913043,0.817460,0.926808
STMN4,0.000000,0.000000,Source: gse20194,0.913043,0.817460,0.926808
FSHR,0.000000,0.000000,Source: gse20194,0.913043,0.817460,0.926808
PIGB,0.000000,0.000000,Source: gse20194,0.913043,0.817460,0.926808
ZFAND1,0.000000,0.000000,Source: gse20194,0.913043,0.817460,0.926808
FAM89B,0.000000,0.000000,Source: gse20194,0.913043,0.817460,0.926808
APH1A,0.000000,0.000000,Source: gse20194,0.913043,0.817460,0.926808
ADARB1,0.000000,0.000000,Source: gse20194,0.913043,0.817460,0.926808
GNRH2,0.000000,0.000000,Source: gse20194,0.913043,0.817460,0.926808
LYPD1,0.000000,0.000000,Source: gse20194,0.913043,0.817460,0.926808
AHSP,0.000000,0.000000,Source: gse20194,0.913043,0.817460,0.926808
ITGAE,0.000000,0.000000,Source: gse20194,0.913043,0.817460,0.926808
KLHL36,0.000000,0.000000,Source: gse20194,0.913043,0.817460,0.926808
KLHL2,0.000000,0.000000,Source: gse20194,0.913043,0.817460,0.926808
CAPN1,0.000000,0.000000,Source: gse20194,0.913043,0.817460,0.926808
HAUS5,0.000000,0.000000,Source: gse20194,0.913043,0.817460,0.926808
LECT2,0.000000,0.000000,Source: gse20194,0.913043,0.817460,0.926808
GALNS,0.000000,0.000000,Source: gse20194,0.913043,0.817460,0.926808
ALOX12B,0.000000,0.000000,Source: gse20194,0.913043,0.817460,0.926808
LIFR,0.000000,0.000000,Source: gse20194,0.913043,0.817460,0.926808
LAS1L,0.000000,0.000000,Source: gse20194,0.913043,0.817460,0.926808
HERC2,0.000000,0.000000,Source: gse20194,0.913043,0.817460,0.926808
LAIR1,0.000000,0.000000,Source: gse20194,0.913043,0.817460,0.926808
PRF1,0.000000,0.000000,Source: gse20194,0.913043,0.817460,0.926808
INPP1,0.000000,0.000000,Source: gse20194,0.913043,0.817460,0.926808
GPR19,0.000000,0.000000,Source: gse20194,0.913043,0.817460,0.926808
YWHAE,0.000000,0.000000,Source: gse20194,0.913043,0.817460,0.926808
CD53,0.000000,0.000000,Source: gse20194,0.913043,0.817460,0.926808
CPN2,0.000000,0.000000,Source: gse20194,0.913043,0.817460,0.926808
GIPC2,0.000000,0.000000,Source: gse20194,0.913043,0.817460,0.926808
ERC2,0.000000,0.000000,Source: gse20194,0.913043,0.817460,0.926808
NRXN2,0.000000,0.000000,Source: gse20194,0.913043,0.817460,0.926808
SIDT1,0.000000,0.000000,Source: gse20194,0.913043,0.817460,0.926808
ACRV1,0.000000,0.000000,Source: gse20194,0.913043,0.817460,0.926808
AQP1,0.000000,0.000000,Source: gse20194,0.913043,0.817460,0.926808
SLC9A3,0.000000,0.000000,Source: gse20194,0.913043,0.817460,0.926808
GPSM3,0.000000,0.000000,Source: gse20194,0.913043,0.817460,0.926808
UGGT1,0.000000,0.000000,Source: gse20194,0.913043,0.817460,0.926808
PGLYRP1,0.000000,0.000000,Source: gse20194,0.913043,0.817460,0.926808
IFNA21,0.000000,0.000000,Source: gse20194,0.913043,0.817460,0.926808
CYB561D2,0.000000,0.000000,Source: gse20194,0.913043,0.817460,0.926808
KISS1,0.000000,0.000000,Source: gse20194,0.913043,0.817460,0.926808
VEGFC,0.000000,0.000000,Source: gse20194,0.913043,0.817460,0.926808
RGS17,0.000000,0.000000,Source: gse20194,0.913043,0.817460,0.926808
FKBP5,0.000000,0.000000,Source: gse20194,0.913043,0.817460,0.926808
RPS28,0.000000,0.000000,Source: gse20194,0.913043,0.817460,0.926808
APOH,0.000000,0.000000,Source: gse20194,0.913043,0.817460,0.926808
C2orf49,0.000000,0.000000,Source: gse20194,0.913043,0.817460,0.926808
FMO2,0.000000,0.000000,Source: gse20194,0.913043,0.817460,0.926808
KAZN,0.000000,0.000000,Source: gse20194,0.913043,0.817460,0.926808
PLG,0.000000,0.000000,Source: gse20194,0.913043,0.817460,0.926808
TSSC4,0.000000,0.000000,Source: gse20194,0.913043,0.817460,0.926808
AP3D1,0.000000,0.000000,Source: gse20194,0.913043,0.817460,0.926808
LAMC3,0.000000,0.000000,Source: gse20194,0.913043,0.817460,0.926808
DMC1,0.000000,0.000000,Source: gse20194,0.913043,0.817460,0.926808
GAS6,0.000000,0.000000,Source: gse20194,0.913043,0.817460,0.926808
ATP6AP1,0.000000,0.000000,Source: gse20194,0.913043,0.817460,0.926808
PXDN,0.000000,0.000000,Source: gse20194,0.913043,0.817460,0.926808
KRTAP4-7,0.000000,0.000000,Source: gse20194,0.913043,0.817460,0.926808
CTNNA3,0.000000,0.000000,Source: gse20194,0.913043,0.817460,0.926808
FRS2,0.000000,0.000000,Source: gse20194,0.913043,0.817460,0.926808
DKK1,0.000000,0.000000,Source: gse20194,0.913043,0.817460,0.926808
SUGP2,0.000000,0.000000,Source: gse20194,0.913043,0.817460,0.926808
SLK,0.000000,0.000000,Source: gse20194,0.913043,0.817460,0.926808
MAN2B2,0.000000,0.000000,Source: gse20194,0.913043,0.817460,0.926808
CRYGB,0.000000,0.000000,Source: gse20194,0.913043,0.817460,0.926808
IL6,0.000000,0.000000,Source: gse20194,0.913043,0.817460,0.926808
SOX13,0.000000,0.000000,Source: gse20194,0.913043,0.817460,0.926808
CSK,0.000000,0.000000,Source: gse20194,0.913043,0.817460,0.926808
NIPBL,0.000000,0.000000,Source: gse20194,0.913043,0.817460,0.926808
ATP6V0E2,0.000000,0.000000,Source: gse20194,0.913043,0.817460,0.926808
TREM1,0.000000,0.000000,Source: gse20194,0.913043,0.817460,0.926808
MAOB,0.000000,0.000000,Source: gse20194,0.913043,0.817460,0.926808
RCVRN,0.000000,0.000000,Source: gse20194,0.913043,0.817460,0.926808
GH2,0.000000,0.000000,Source: gse20194,0.913043,0.817460,0.926808
GRAMD1C,0.000000,0.000000,Source: gse20194,0.913043,0.817460,0.926808
NAPA,0.000000,0.000000,Source: gse20194,0.913043,0.817460,0.926808
BSN,0.000000,0.000000,Source: gse20194,0.913043,0.817460,0.926808
FUZ,0.000000,0.000000,Source: gse20194,0.913043,0.817460,0.926808
RNF167,0.000000,0.000000,Source: gse20194,0.913043,0.817460,0.926808
ADAM28,0.000000,0.000000,Source: gse20194,0.913043,0.817460,0.926808
ANKHD1,0.000000,0.000000,Source: gse20194,0.913043,0.817460,0.926808
NECAP2,0.000000,0.000000,Source: gse20194,0.913043,0.817460,0.926808
MAGEB4,0.000000,0.000000,Source: gse20194,0.913043,0.817460,0.926808
DAAM1,0.000000,0.000000,Source: gse20194,0.913043,0.817460,0.926808
PAN2,0.000000,0.000000,Source: gse20194,0.913043,0.817460,0.926808
TRMT11,0.000000,0.000000,Source: gse20194,0.913043,0.817460,0.926808
ZNF214,0.000000,0.000000,Source: gse20194,0.913043,0.817460,0.926808
CDH5,0.000000,0.000000,Source: gse20194,0.913043,0.817460,0.926808
SLAMF1,0.000000,0.000000,Source: gse20194,0.913043,0.817460,0.926808
ZNF83,0.000000,0.000000,Source: gse20194,0.913043,0.817460,0.926808
RFXAP,0.000000,0.000000,Source: gse20194,0.913043,0.817460,0.926808
NKTR,0.000000,0.000000,Source: gse20194,0.913043,0.817460,0.926808
GOLT1B,0.000000,0.000000,Source: gse20194,0.913043,0.817460,0.926808
CERS6,0.000000,0.000000,Source: gse20194,0.913043,0.817460,0.926808
TMEM43,0.000000,0.000000,Source: gse20194,0.913043,0.817460,0.926808
CXADR,0.000000,0.000000,Source: gse20194,0.913043,0.817460,0.926808
GABRA3,0.000000,0.000000,Source: gse20194,0.913043,0.817460,0.926808
SOX2,0.000000,0.000000,Source: gse20194,0.913043,0.817460,0.926808
CNNM3,0.000000,0.000000,Source: gse20194,0.913043,0.817460,0.926808
MS4A12,0.000000,0.000000,Source: gse20194,0.913043,0.817460,0.926808
KIAA0319,0.000000,0.000000,Source: gse20194,0.913043,0.817460,0.926808
WNT16,0.000000,0.000000,Source: gse20194,0.913043,0.817460,0.926808
LACTB2,0.000000,0.000000,Source: gse20194,0.913043,0.817460,0.926808
EPHA3,0.000000,0.000000,Source: gse20194,0.913043,0.817460,0.926808
SNX7,0.000000,0.000000,Source: gse20194,0.913043,0.817460,0.926808
EPS15L1,0.000000,0.000000,Source: gse20194,0.913043,0.817460,0.926808
GNPAT,0.000000,0.000000,Source: gse20194,0.913043,0.817460,0.926808
CEND1,0.000000,0.000000,Source: gse20194,0.913043,0.817460,0.926808
RBBP9,0.000000,0.000000,Source: gse20194,0.913043,0.817460,0.926808
DUS4L,0.000000,0.000000,Source: gse20194,0.913043,0.817460,0.926808
CPB2,0.000000,0.000000,Source: gse20194,0.913043,0.817460,0.926808
JMJD4,0.000000,0.000000,Source: gse20194,0.913043,0.817460,0.926808
KCNK2,0.000000,0.000000,Source: gse20194,0.913043,0.817460,0.926808
XRCC4,0.000000,0.000000,Source: gse20194,0.913043,0.817460,0.926808
TAGLN,0.000000,0.000000,Source: gse20194,0.913043,0.817460,0.926808
ZMAT5,0.000000,0.000000,Source: gse20194,0.913043,0.817460,0.926808
PDGFRL,0.000000,0.000000,Source: gse20194,0.913043,0.817460,0.926808
NPPA,0.000000,0.000000,Source: gse20194,0.913043,0.817460,0.926808
SEC63,0.000000,0.000000,Source: gse20194,0.913043,0.817460,0.926808
FGR,0.000000,0.000000,Source: gse20194,0.913043,0.817460,0.926808
CDO1,0.000000,0.000000,Source: gse20194,0.913043,0.817460,0.926808
HNRNPA3,0.000000,0.000000,Source: gse20194,0.913043,0.817460,0.926808
CDV3,0.000000,0.000000,Source: gse20194,0.913043,0.817460,0.926808
SEMA3D,0.000000,0.000000,Source: gse20194,0.913043,0.817460,0.926808
TNFSF8,0.000000,0.000000,Source: gse20194,0.913043,0.817460,0.926808
TDRD7,0.000000,0.000000,Source: gse20194,0.913043,0.817460,0.926808
NCR1,0.000000,0.000000,Source: gse20194,0.913043,0.817460,0.926808
SBNO2,0.000000,0.000000,Source: gse20194,0.913043,0.817460,0.926808
CENPO,0.000000,0.000000,Source: gse20194,0.913043,0.817460,0.926808
MED1,0.000000,0.000000,Source: gse20194,0.913043,0.817460,0.926808
WDFY3,0.000000,0.000000,Source: gse20194,0.913043,0.817460,0.926808
TMOD3,0.000000,0.000000,Source: gse20194,0.913043,0.817460,0.926808
VMP1,0.000000,0.000000,Source: gse20194,0.913043,0.817460,0.926808
NCKIPSD,0.000000,0.000000,Source: gse20194,0.913043,0.817460,0.926808
NUDT3,0.000000,0.000000,Source: gse20194,0.913043,0.817460,0.926808
FGFR3,0.000000,0.000000,Source: gse20194,0.913043,0.817460,0.926808
TULP4,0.000000,0.000000,Source: gse20194,0.913043,0.817460,0.926808
DDX42,0.000000,0.000000,Source: gse20194,0.913043,0.817460,0.926808
CANX,0.000000,0.000000,Source: gse20194,0.913043,0.817460,0.926808
CASP10,0.000000,0.000000,Source: gse20194,0.913043,0.817460,0.926808
SYDE1,0.000000,0.000000,Source: gse20194,0.913043,0.817460,0.926808
SNF8,0.000000,0.000000,Source: gse20194,0.913043,0.817460,0.926808
ARHGAP25,0.000000,0.000000,Source: gse20194,0.913043,0.817460,0.926808
ANKRD10,0.000000,0.000000,Source: gse20194,0.913043,0.817460,0.926808
ZNF780B,0.000000,0.000000,Source: gse20194,0.913043,0.817460,0.926808
ZNF609,0.000000,0.000000,Source: gse20194,0.913043,0.817460,0.926808
CPD,0.000000,0.000000,Source: gse20194,0.913043,0.817460,0.926808
ZNF862,0.000000,0.000000,Source: gse20194,0.913043,0.817460,0.926808
MERTK,0.000000,0.000000,Source: gse20194,0.913043,0.817460,0.926808
TJP1,0.000000,0.000000,Source: gse20194,0.913043,0.817460,0.926808
SLCO3A1,0.000000,0.000000,Source: gse20194,0.913043,0.817460,0.926808
MLNR,0.000000,0.000000,Source: gse20194,0.913043,0.817460,0.926808
CYP2A13,0.000000,0.000000,Source: gse20194,0.913043,0.817460,0.926808
NSUN5P1,0.000000,0.000000,Source: gse20194,0.913043,0.817460,0.926808
NHLH2,0.000000,0.000000,Source: gse20194,0.913043,0.817460,0.926808
UPK2,0.000000,0.000000,Source: gse20194,0.913043,0.817460,0.926808
TYR,0.000000,0.000000,Source: gse20194,0.913043,0.817460,0.926808
SDF2L1,0.000000,0.000000,Source: gse20194,0.913043,0.817460,0.926808
ATXN7,0.000000,0.000000,Source: gse20194,0.913043,0.817460,0.926808
FSD1,0.000000,0.000000,Source: gse20194,0.913043,0.817460,0.926808
RFXANK,0.000000,0.000000,Source: gse20194,0.913043,0.817460,0.926808
ZBTB5,0.000000,0.000000,Source: gse20194,0.913043,0.817460,0.926808
ACADVL,0.000000,0.000000,Source: gse20194,0.913043,0.817460,0.926808
NDP,0.000000,0.000000,Source: gse20194,0.913043,0.817460,0.926808
IL1A,0.000000,0.000000,Source: gse20194,0.913043,0.817460,0.926808
CYP51A1,0.000000,0.000000,Source: gse20194,0.913043,0.817460,0.926808
CTH,0.000000,0.000000,Source: gse20194,0.913043,0.817460,0.926808
HOOK1,0.000000,0.000000,Source: gse20194,0.913043,0.817460,0.926808
FUS,0.000000,0.000000,Source: gse20194,0.913043,0.817460,0.926808
PNPLA2,0.000000,0.000000,Source: gse20194,0.913043,0.817460,0.926808
PGPEP1,0.000000,0.000000,Source: gse20194,0.913043,0.817460,0.926808
SIX5,0.000000,0.000000,Source: gse20194,0.913043,0.817460,0.926808
TFB2M,0.000000,0.000000,Source: gse20194,0.913043,0.817460,0.926808
COL5A2,0.000000,0.000000,Source: gse20194,0.913043,0.817460,0.926808
ADRA1B,0.000000,0.000000,Source: gse20194,0.913043,0.817460,0.926808
NPHP4,0.000000,0.000000,Source: gse20194,0.913043,0.817460,0.926808
MVK,0.000000,0.000000,Source: gse20194,0.913043,0.817460,0.926808
GABRE,0.000000,0.000000,Source: gse20194,0.913043,0.817460,0.926808
TTLL4,0.000000,0.000000,Source: gse20194,0.913043,0.817460,0.926808
ABCB6,0.000000,0.000000,Source: gse20194,0.913043,0.817460,0.926808
ZAP70,0.000000,0.000000,Source: gse20194,0.913043,0.817460,0.926808
NTRK2,0.000000,0.000000,Source: gse20194,0.913043,0.817460,0.926808
TMCO3,0.000000,0.000000,Source: gse20194,0.913043,0.817460,0.926808
HCG4B,0.000000,0.000000,Source: gse20194,0.913043,0.817460,0.926808
ENTPD2,0.000000,0.000000,Source: gse20194,0.913043,0.817460,0.926808
NDUFS4,0.000000,0.000000,Source: gse20194,0.913043,0.817460,0.926808
JAK2,0.000000,0.000000,Source: gse20194,0.913043,0.817460,0.926808
SPAG8,0.000000,0.000000,Source: gse20194,0.913043,0.817460,0.926808
IQGAP1,0.000000,0.000000,Source: gse20194,0.913043,0.817460,0.926808
MAPK4,0.000000,0.000000,Source: gse20194,0.913043,0.817460,0.926808
IL18,0.000000,0.000000,Source: gse20194,0.913043,0.817460,0.926808
LGI1,0.000000,0.000000,Source: gse20194,0.913043,0.817460,0.926808
CCDC134,0.000000,0.000000,Source: gse20194,0.913043,0.817460,0.926808
KLK1,0.000000,0.000000,Source: gse20194,0.913043,0.817460,0.926808
RAB20,0.000000,0.000000,Source: gse20194,0.913043,0.817460,0.926808
GSTP1,0.000000,0.000000,Source: gse20194,0.913043,0.817460,0.926808
YRDC,0.000000,0.000000,Source: gse20194,0.913043,0.817460,0.926808
KHDC1L,0.000000,0.000000,Source: gse20194,0.913043,0.817460,0.926808
SMARCD3,0.000000,0.000000,Source: gse20194,0.913043,0.817460,0.926808
PCDHGA1,0.000000,0.000000,Source: gse20194,0.913043,0.817460,0.926808
GOLGA8A,0.000000,0.000000,Source: gse20194,0.913043,0.817460,0.926808
CORO1B,0.000000,0.000000,Source: gse20194,0.913043,0.817460,0.926808
WDR25,0.000000,0.000000,Source: gse20194,0.913043,0.817460,0.926808
CNTRL,0.000000,0.000000,Source: gse20194,0.913043,0.817460,0.926808
ILK,0.000000,0.000000,Source: gse20194,0.913043,0.817460,0.926808
RNF44,0.000000,0.000000,Source: gse20194,0.913043,0.817460,0.926808
MAGEA1,0.000000,0.000000,Source: gse20194,0.913043,0.817460,0.926808
HIP1R,0.000000,0.000000,Source: gse20194,0.913043,0.817460,0.926808
NCAPD3,0.000000,0.000000,Source: gse20194,0.913043,0.817460,0.926808
PLXDC2,0.000000,0.000000,Source: gse20194,0.913043,0.817460,0.926808
DONSON,0.000000,0.000000,Source: gse20194,0.913043,0.817460,0.926808
GPATCH3,0.000000,0.000000,Source: gse20194,0.913043,0.817460,0.926808
INPP5F,0.000000,0.000000,Source: gse20194,0.913043,0.817460,0.926808
SPRR1B,0.000000,0.000000,Source: gse20194,0.913043,0.817460,0.926808
SRSF7,0.000000,0.000000,Source: gse20194,0.913043,0.817460,0.926808
C8B,0.000000,0.000000,Source: gse20194,0.913043,0.817460,0.926808
CD74,0.000000,0.000000,Source: gse20194,0.913043,0.817460,0.926808
DENND5B,0.000000,0.000000,Source: gse20194,0.913043,0.817460,0.926808
COX8A,0.000000,0.000000,Source: gse20194,0.913043,0.817460,0.926808
SMO,0.000000,0.000000,Source: gse20194,0.913043,0.817460,0.926808
CUX1,0.000000,0.000000,Source: gse20194,0.913043,0.817460,0.926808
RMND5B,0.000000,0.000000,Source: gse20194,0.913043,0.817460,0.926808
RAB26,0.000000,0.000000,Source: gse20194,0.913043,0.817460,0.926808
DPT,0.000000,0.000000,Source: gse20194,0.913043,0.817460,0.926808
WDHD1,0.000000,0.000000,Source: gse20194,0.913043,0.817460,0.926808
ACLY,0.000000,0.000000,Source: gse20194,0.913043,0.817460,0.926808
PTPRG,0.000000,0.000000,Source: gse20194,0.913043,0.817460,0.926808
BCL2A1,0.000000,0.000000,Source: gse20194,0.913043,0.817460,0.926808
CLSTN1,0.000000,0.000000,Source: gse20194,0.913043,0.817460,0.926808
FMO5,0.000000,0.000000,Source: gse20194,0.913043,0.817460,0.926808
PACRG,0.000000,0.000000,Source: gse20194,0.913043,0.817460,0.926808
ZNF254,0.000000,0.000000,Source: gse20194,0.913043,0.817460,0.926808
BIRC5,0.000000,0.000000,Source: gse20194,0.913043,0.817460,0.926808
NXN,0.000000,0.000000,Source: gse20194,0.913043,0.817460,0.926808
PLEK,0.000000,0.000000,Source: gse20194,0.913043,0.817460,0.926808
PTDSS1,0.000000,0.000000,Source: gse20194,0.913043,0.817460,0.926808
ANKRD55,0.000000,0.000000,Source: gse20194,0.913043,0.817460,0.926808
AP1S2,0.000000,0.000000,Source: gse20194,0.913043,0.817460,0.926808
SEC11A,0.000000,0.000000,Source: gse20194,0.913043,0.817460,0.926808
TGIF1,0.000000,0.000000,Source: gse20194,0.913043,0.817460,0.926808
SLC46A3,0.000000,0.000000,Source: gse20194,0.913043,0.817460,0.926808
INTS6,0.000000,0.000000,Source: gse20194,0.913043,0.817460,0.926808
MAN1C1,0.000000,0.000000,Source: gse20194,0.913043,0.817460,0.926808
HLCS,0.000000,0.000000,Source: gse20194,0.913043,0.817460,0.926808
SLC25A38,0.000000,0.000000,Source: gse20194,0.913043,0.817460,0.926808
SERPINA5,0.000000,0.000000,Source: gse20194,0.913043,0.817460,0.926808
APTX,0.000000,0.000000,Source: gse20194,0.913043,0.817460,0.926808
OCRL,0.000000,0.000000,Source: gse20194,0.913043,0.817460,0.926808
RBM15B,0.000000,0.000000,Source: gse20194,0.913043,0.817460,0.926808
OGFOD1,0.000000,0.000000,Source: gse20194,0.913043,0.817460,0.926808
BICD1,0.000000,0.000000,Source: gse20194,0.913043,0.817460,0.926808
G6PC3,0.000000,0.000000,Source: gse20194,0.913043,0.817460,0.926808
PID1,0.000000,0.000000,Source: gse20194,0.913043,0.817460,0.926808
ITGB4,0.000000,0.000000,Source: gse20194,0.913043,0.817460,0.926808
ST3GAL1,0.000000,0.000000,Source: gse20194,0.913043,0.817460,0.926808
RAB8A,0.000000,0.000000,Source: gse20194,0.913043,0.817460,0.926808
VPS26A,0.000000,0.000000,Source: gse20194,0.913043,0.817460,0.926808
BCAP31,0.000000,0.000000,Source: gse20194,0.913043,0.817460,0.926808
EXTL3,0.000000,0.000000,Source: gse20194,0.913043,0.817460,0.926808
ZNF446,0.000000,0.000000,Source: gse20194,0.913043,0.817460,0.926808
STK16,0.000000,0.000000,Source: gse20194,0.913043,0.817460,0.926808
BMP8A,0.000000,0.000000,Source: gse20194,0.913043,0.817460,0.926808
IFNAR1,0.000000,0.000000,Source: gse20194,0.913043,0.817460,0.926808
PKNOX1,0.000000,0.000000,Source: gse20194,0.913043,0.817460,0.926808
IVD,0.000000,0.000000,Source: gse20194,0.913043,0.817460,0.926808
OSBP,0.000000,0.000000,Source: gse20194,0.913043,0.817460,0.926808
STX7,0.000000,0.000000,Source: gse20194,0.913043,0.817460,0.926808
HNRNPM,0.000000,0.000000,Source: gse20194,0.913043,0.817460,0.926808
MEPCE,0.000000,0.000000,Source: gse20194,0.913043,0.817460,0.926808
STOM,0.000000,0.000000,Source: gse20194,0.913043,0.817460,0.926808
UBXN4,0.000000,0.000000,Source: gse20194,0.913043,0.817460,0.926808
NUMA1,0.000000,0.000000,Source: gse20194,0.913043,0.817460,0.926808
NMU,0.000000,0.000000,Source: gse20194,0.913043,0.817460,0.926808
SCAPER,0.000000,0.000000,Source: gse20194,0.913043,0.817460,0.926808
HEXIM1,0.000000,0.000000,Source: gse20194,0.913043,0.817460,0.926808
HTATIP2,0.000000,0.000000,Source: gse20194,0.913043,0.817460,0.926808
POMT1,0.000000,0.000000,Source: gse20194,0.913043,0.817460,0.926808
TTTY15,0.000000,0.000000,Source: gse20194,0.913043,0.817460,0.926808
CAMKV,0.000000,0.000000,Source: gse20194,0.913043,0.817460,0.926808
ACVR2A,0.000000,0.000000,Source: gse20194,0.913043,0.817460,0.926808
HLA-B,0.000000,0.000000,Source: gse20194,0.913043,0.817460,0.926808
HAND2,0.000000,0.000000,Source: gse20194,0.913043,0.817460,0.926808
FBXL4,0.000000,0.000000,Source: gse20194,0.913043,0.817460,0.926808
MFSD12,0.000000,0.000000,Source: gse20194,0.913043,0.817460,0.926808
ABHD8,0.000000,0.000000,Source: gse20194,0.913043,0.817460,0.926808
HBE1,0.000000,0.000000,Source: gse20194,0.913043,0.817460,0.926808
MAP6D1,0.000000,0.000000,Source: gse20194,0.913043,0.817460,0.926808
ZNF91,0.000000,0.000000,Source: gse20194,0.913043,0.817460,0.926808
DOCK10,0.000000,0.000000,Source: gse20194,0.913043,0.817460,0.926808
MATN2,0.000000,0.000000,Source: gse20194,0.913043,0.817460,0.926808
KLHL18,0.000000,0.000000,Source: gse20194,0.913043,0.817460,0.926808
POLL,0.000000,0.000000,Source: gse20194,0.913043,0.817460,0.926808
CDK2AP2,0.000000,0.000000,Source: gse20194,0.913043,0.817460,0.926808
POU4F3,0.000000,0.000000,Source: gse20194,0.913043,0.817460,0.926808
ZNF205,0.000000,0.000000,Source: gse20194,0.913043,0.817460,0.926808
LPAR1,0.000000,0.000000,Source: gse20194,0.913043,0.817460,0.926808
SEC22A,0.000000,0.000000,Source: gse20194,0.913043,0.817460,0.926808
SRSF5,0.000000,0.000000,Source: gse20194,0.913043,0.817460,0.926808
STX11,0.000000,0.000000,Source: gse20194,0.913043,0.817460,0.926808
CAPN11,0.000000,0.000000,Source: gse20194,0.913043,0.817460,0.926808
DOHH,0.000000,0.000000,Source: gse20194,0.913043,0.817460,0.926808
CCT2,0.000000,0.000000,Source: gse20194,0.913043,0.817460,0.926808
GAMT,0.000000,0.000000,Source: gse20194,0.913043,0.817460,0.926808
OSMR,0.000000,0.000000,Source: gse20194,0.913043,0.817460,0.926808
RAB22A,0.000000,0.000000,Source: gse20194,0.913043,0.817460,0.926808
TSC22D3,0.000000,0.000000,Source: gse20194,0.913043,0.817460,0.926808
ACOT8,0.000000,0.000000,Source: gse20194,0.913043,0.817460,0.926808
RS1,0.000000,0.000000,Source: gse20194,0.913043,0.817460,0.926808
IL1RN,0.000000,0.000000,Source: gse20194,0.913043,0.817460,0.926808
BTBD1,0.000000,0.000000,Source: gse20194,0.913043,0.817460,0.926808
ENTPD5,0.000000,0.000000,Source: gse20194,0.913043,0.817460,0.926808
MYF5,0.000000,0.000000,Source: gse20194,0.913043,0.817460,0.926808
TFPT,0.000000,0.000000,Source: gse20194,0.913043,0.817460,0.926808
RREB1,0.000000,0.000000,Source: gse20194,0.913043,0.817460,0.926808
BIN1,0.000000,0.000000,Source: gse20194,0.913043,0.817460,0.926808
GRTP1,0.000000,0.000000,Source: gse20194,0.913043,0.817460,0.926808
LSM5,0.000000,0.000000,Source: gse20194,0.913043,0.817460,0.926808
ARPC1A,0.000000,0.000000,Source: gse20194,0.913043,0.817460,0.926808
MTF1,0.000000,0.000000,Source: gse20194,0.913043,0.817460,0.926808
RECK,0.000000,0.000000,Source: gse20194,0.913043,0.817460,0.926808
RSBN1,0.000000,0.000000,Source: gse20194,0.913043,0.817460,0.926808
RPS6KB2,0.000000,0.000000,Source: gse20194,0.913043,0.817460,0.926808
SMG9,0.000000,0.000000,Source: gse20194,0.913043,0.817460,0.926808
MRPS18C,0.000000,0.000000,Source: gse20194,0.913043,0.817460,0.926808
EPHA1,0.000000,0.000000,Source: gse20194,0.913043,0.817460,0.926808
KRT36,0.000000,0.000000,Source: gse20194,0.913043,0.817460,0.926808
ALPP,0.000000,0.000000,Source: gse20194,0.913043,0.817460,0.926808
ADAMTS8,0.000000,0.000000,Source: gse20194,0.913043,0.817460,0.926808
PINK1,0.000000,0.000000,Source: gse20194,0.913043,0.817460,0.926808
NAT8B,0.000000,0.000000,Source: gse20194,0.913043,0.817460,0.926808
SETD1A,0.000000,0.000000,Source: gse20194,0.913043,0.817460,0.926808
CAPNS1,0.000000,0.000000,Source: gse20194,0.913043,0.817460,0.926808
CEACAM4,0.000000,0.000000,Source: gse20194,0.913043,0.817460,0.926808
FEM1C,0.000000,0.000000,Source: gse20194,0.913043,0.817460,0.926808
RPL22,0.000000,0.000000,Source: gse20194,0.913043,0.817460,0.926808
PNPLA6,0.000000,0.000000,Source: gse20194,0.913043,0.817460,0.926808
KCNH4,0.000000,0.000000,Source: gse20194,0.913043,0.817460,0.926808
SUMO1,0.000000,0.000000,Source: gse20194,0.913043,0.817460,0.926808
MOCOS,0.000000,0.000000,Source: gse20194,0.913043,0.817460,0.926808
MAPK8IP2,0.000000,0.000000,Source: gse20194,0.913043,0.817460,0.926808
COL21A1,0.000000,0.000000,Source: gse20194,0.913043,0.817460,0.926808
LIN7C,0.000000,0.000000,Source: gse20194,0.913043,0.817460,0.926808
DNAJB2,0.000000,0.000000,Source: gse20194,0.913043,0.817460,0.926808
APBA1,0.000000,0.000000,Source: gse20194,0.913043,0.817460,0.926808
PAXIP1,0.000000,0.000000,Source: gse20194,0.913043,0.817460,0.926808
BAZ2A,0.000000,0.000000,Source: gse20194,0.913043,0.817460,0.926808
ATP6V0A1,0.000000,0.000000,Source: gse20194,0.913043,0.817460,0.926808
PTTG1IP,0.000000,0.000000,Source: gse20194,0.913043,0.817460,0.926808
GMDS,0.000000,0.000000,Source: gse20194,0.913043,0.817460,0.926808
ALAD,0.000000,0.000000,Source: gse20194,0.913043,0.817460,0.926808
ATG14,0.000000,0.000000,Source: gse20194,0.913043,0.817460,0.926808
KRCC1,0.000000,0.000000,Source: gse20194,0.913043,0.817460,0.926808
KRT6A,0.000000,0.000000,Source: gse20194,0.913043,0.817460,0.926808
CHMP2A,0.000000,0.000000,Source: gse20194,0.913043,0.817460,0.926808
SERBP1,0.000000,0.000000,Source: gse20194,0.913043,0.817460,0.926808
SLC25A37,0.000000,0.000000,Source: gse20194,0.913043,0.817460,0.926808
SMYD2,0.000000,0.000000,Source: gse20194,0.913043,0.817460,0.926808
CCNB1IP1,0.000000,0.000000,Source: gse20194,0.913043,0.817460,0.926808
CCL18,0.000000,0.000000,Source: gse20194,0.913043,0.817460,0.926808
MSL2,0.000000,0.000000,Source: gse20194,0.913043,0.817460,0.926808
ADH1B,0.000000,0.000000,Source: gse20194,0.913043,0.817460,0.926808
TMCO6,0.000000,0.000000,Source: gse20194,0.913043,0.817460,0.926808
RNF208,0.000000,0.000000,Source: gse20194,0.913043,0.817460,0.926808
HSF1,0.000000,0.000000,Source: gse20194,0.913043,0.817460,0.926808
NASP,0.000000,0.000000,Source: gse20194,0.913043,0.817460,0.926808
FRMD8,0.000000,0.000000,Source: gse20194,0.913043,0.817460,0.926808
ANAPC10,0.000000,0.000000,Source: gse20194,0.913043,0.817460,0.926808
GSTA3,0.000000,0.000000,Source: gse20194,0.913043,0.817460,0.926808
MSX2,0.000000,0.000000,Source: gse20194,0.913043,0.817460,0.926808
TFEC,0.000000,0.000000,Source: gse20194,0.913043,0.817460,0.926808
ACP1,0.000000,0.000000,Source: gse20194,0.913043,0.817460,0.926808
ETV4,0.000000,0.000000,Source: gse20194,0.913043,0.817460,0.926808
HHLA2,0.000000,0.000000,Source: gse20194,0.913043,0.817460,0.926808
DCTN1,0.000000,0.000000,Source: gse20194,0.913043,0.817460,0.926808
SLCO1A2,0.000000,0.000000,Source: gse20194,0.913043,0.817460,0.926808
TRIM3,0.000000,0.000000,Source: gse20194,0.913043,0.817460,0.926808
E4F1,0.000000,0.000000,Source: gse20194,0.913043,0.817460,0.926808
CBFB,0.000000,0.000000,Source: gse20194,0.913043,0.817460,0.926808
NKX2-2,0.000000,0.000000,Source: gse20194,0.913043,0.817460,0.926808
PLA2G7,0.000000,0.000000,Source: gse20194,0.913043,0.817460,0.926808
SLC26A3,0.000000,0.000000,Source: gse20194,0.913043,0.817460,0.926808
SRR,0.000000,0.000000,Source: gse20194,0.913043,0.817460,0.926808
KIAA0586,0.000000,0.000000,Source: gse20194,0.913043,0.817460,0.926808
CAMK1G,0.000000,0.000000,Source: gse20194,0.913043,0.817460,0.926808
DDX4,0.000000,0.000000,Source: gse20194,0.913043,0.817460,0.926808
IHH,0.000000,0.000000,Source: gse20194,0.913043,0.817460,0.926808
EMILIN1,0.000000,0.000000,Source: gse20194,0.913043,0.817460,0.926808
NUBPL,0.000000,0.000000,Source: gse20194,0.913043,0.817460,0.926808
CDK17,0.000000,0.000000,Source: gse20194,0.913043,0.817460,0.926808
PCDH8,0.000000,0.000000,Source: gse20194,0.913043,0.817460,0.926808
CHGB,0.000000,0.000000,Source: gse20194,0.913043,0.817460,0.926808
ZNF768,0.000000,0.000000,Source: gse20194,0.913043,0.817460,0.926808
MAD2L1,0.000000,0.000000,Source: gse20194,0.913043,0.817460,0.926808
UBE2Z,0.000000,0.000000,Source: gse20194,0.913043,0.817460,0.926808
SORBS2,0.000000,0.000000,Source: gse20194,0.913043,0.817460,0.926808
AGRP,0.000000,0.000000,Source: gse20194,0.913043,0.817460,0.926808
WDR83OS,0.000000,0.000000,Source: gse20194,0.913043,0.817460,0.926808
PCMT1,0.000000,0.000000,Source: gse20194,0.913043,0.817460,0.926808
SLC35D1,0.000000,0.000000,Source: gse20194,0.913043,0.817460,0.926808
TRIM28,0.000000,0.000000,Source: gse20194,0.913043,0.817460,0.926808
LOC730101,0.000000,0.000000,Source: gse20194,0.913043,0.817460,0.926808
ZBTB33,0.000000,0.000000,Source: gse20194,0.913043,0.817460,0.926808
SLC17A4,0.000000,0.000000,Source: gse20194,0.913043,0.817460,0.926808
EPS8L3,0.000000,0.000000,Source: gse20194,0.913043,0.817460,0.926808
ACO2,0.000000,0.000000,Source: gse20194,0.913043,0.817460,0.926808
DNASE2B,0.000000,0.000000,Source: gse20194,0.913043,0.817460,0.926808
PPP1R8,0.000000,0.000000,Source: gse20194,0.913043,0.817460,0.926808
PTN,0.000000,0.000000,Source: gse20194,0.913043,0.817460,0.926808
ADAMTS13,0.000000,0.000000,Source: gse20194,0.913043,0.817460,0.926808
PYROXD1,0.000000,0.000000,Source: gse20194,0.913043,0.817460,0.926808
RFC5,0.000000,0.000000,Source: gse20194,0.913043,0.817460,0.926808
DNAH9,0.000000,0.000000,Source: gse20194,0.913043,0.817460,0.926808
CACNA2D2,0.000000,0.000000,Source: gse20194,0.913043,0.817460,0.926808
PRR14,0.000000,0.000000,Source: gse20194,0.913043,0.817460,0.926808
NDUFA1,0.000000,0.000000,Source: gse20194,0.913043,0.817460,0.926808
FEM1B,0.000000,0.000000,Source: gse20194,0.913043,0.817460,0.926808
CD34,0.000000,0.000000,Source: gse20194,0.913043,0.817460,0.926808
CLDN17,0.000000,0.000000,Source: gse20194,0.913043,0.817460,0.926808
PRPF6,0.000000,0.000000,Source: gse20194,0.913043,0.817460,0.926808
ZNF652,0.000000,0.000000,Source: gse20194,0.913043,0.817460,0.926808
SSR4,0.000000,0.000000,Source: gse20194,0.913043,0.817460,0.926808
VAT1,0.000000,0.000000,Source: gse20194,0.913043,0.817460,0.926808
ADORA1,0.000000,0.000000,Source: gse20194,0.913043,0.817460,0.926808
ZNF611,0.000000,0.000000,Source: gse20194,0.913043,0.817460,0.926808
TOE1,0.000000,0.000000,Source: gse20194,0.913043,0.817460,0.926808
FAM169A,0.000000,0.000000,Source: gse20194,0.913043,0.817460,0.926808
GLRA2,0.000000,0.000000,Source: gse20194,0.913043,0.817460,0.926808
STMN1,0.000000,0.000000,Source: gse20194,0.913043,0.817460,0.926808
PARD6B,0.000000,0.000000,Source: gse20194,0.913043,0.817460,0.926808
RNASE3,0.000000,0.000000,Source: gse20194,0.913043,0.817460,0.926808
DYNC2LI1,0.000000,0.000000,Source: gse20194,0.913043,0.817460,0.926808
JTB,0.000000,0.000000,Source: gse20194,0.913043,0.817460,0.926808
JUP,0.000000,0.000000,Source: gse20194,0.913043,0.817460,0.926808
MAGEA8,0.000000,0.000000,Source: gse20194,0.913043,0.817460,0.926808
AQP3,0.000000,0.000000,Source: gse20194,0.913043,0.817460,0.926808
SUB1,0.000000,0.000000,Source: gse20194,0.913043,0.817460,0.926808
MGA,0.000000,0.000000,Source: gse20194,0.913043,0.817460,0.926808
NEU2,0.000000,0.000000,Source: gse20194,0.913043,0.817460,0.926808
FOXRED2,0.000000,0.000000,Source: gse20194,0.913043,0.817460,0.926808
CRISP1,0.000000,0.000000,Source: gse20194,0.913043,0.817460,0.926808
SOX14,0.000000,0.000000,Source: gse20194,0.913043,0.817460,0.926808
RABGGTB,0.000000,0.000000,Source: gse20194,0.913043,0.817460,0.926808
SNUPN,0.000000,0.000000,Source: gse20194,0.913043,0.817460,0.926808
MCM3AP-AS1,0.000000,0.000000,Source: gse20194,0.913043,0.817460,0.926808
LRIG1,0.000000,0.000000,Source: gse20194,0.913043,0.817460,0.926808
MFAP3,0.000000,0.000000,Source: gse20194,0.913043,0.817460,0.926808
CSRP2,0.000000,0.000000,Source: gse20194,0.913043,0.817460,0.926808
ITGA2,0.000000,0.000000,Source: gse20194,0.913043,0.817460,0.926808
PHLDB1,0.000000,0.000000,Source: gse20194,0.913043,0.817460,0.926808
RASSF7,0.000000,0.000000,Source: gse20194,0.913043,0.817460,0.926808
RGS9,0.000000,0.000000,Source: gse20194,0.913043,0.817460,0.926808
IFRD2,0.000000,0.000000,Source: gse20194,0.913043,0.817460,0.926808
FADS2,0.000000,0.000000,Source: gse20194,0.913043,0.817460,0.926808
TOP2A,0.000000,0.000000,Source: gse20194,0.913043,0.817460,0.926808
BBS1,0.000000,0.000000,Source: gse20194,0.913043,0.817460,0.926808
SRP72,0.000000,0.000000,Source: gse20194,0.913043,0.817460,0.926808
ARHGEF18,0.000000,0.000000,Source: gse20194,0.913043,0.817460,0.926808
CCND1,0.000000,0.000000,Source: gse20194,0.913043,0.817460,0.926808
APC,0.000000,0.000000,Source: gse20194,0.913043,0.817460,0.926808
SAMHD1,0.000000,0.000000,Source: gse20194,0.913043,0.817460,0.926808
MAPK3,0.000000,0.000000,Source: gse20194,0.913043,0.817460,0.926808
ZNF195,0.000000,0.000000,Source: gse20194,0.913043,0.817460,0.926808
ACOX3,0.000000,0.000000,Source: gse20194,0.913043,0.817460,0.926808
L1CAM,0.000000,0.000000,Source: gse20194,0.913043,0.817460,0.926808
DLEU1,0.000000,0.000000,Source: gse20194,0.913043,0.817460,0.926808
LMF2,0.000000,0.000000,Source: gse20194,0.913043,0.817460,0.926808
CCL19,0.000000,0.000000,Source: gse20194,0.913043,0.817460,0.926808
ATP2C2,0.000000,0.000000,Source: gse20194,0.913043,0.817460,0.926808
TMEM214,0.000000,0.000000,Source: gse20194,0.913043,0.817460,0.926808
SLC24A1,0.000000,0.000000,Source: gse20194,0.913043,0.817460,0.926808
ETV5,0.000000,0.000000,Source: gse20194,0.913043,0.817460,0.926808
LRP5L,0.000000,0.000000,Source: gse20194,0.913043,0.817460,0.926808
SLCO1C1,0.000000,0.000000,Source: gse20194,0.913043,0.817460,0.926808
BTF3,0.000000,0.000000,Source: gse20194,0.913043,0.817460,0.926808
SLC6A6,0.000000,0.000000,Source: gse20194,0.913043,0.817460,0.926808
AKIP1,0.000000,0.000000,Source: gse20194,0.913043,0.817460,0.926808
CHMP7,0.000000,0.000000,Source: gse20194,0.913043,0.817460,0.926808
ACYP1,0.000000,0.000000,Source: gse20194,0.913043,0.817460,0.926808
MYH2,0.000000,0.000000,Source: gse20194,0.913043,0.817460,0.926808
PMPCB,0.000000,0.000000,Source: gse20194,0.913043,0.817460,0.926808
CNTNAP1,0.000000,0.000000,Source: gse20194,0.913043,0.817460,0.926808
GFRA4,0.000000,0.000000,Source: gse20194,0.913043,0.817460,0.926808
TREH,0.000000,0.000000,Source: gse20194,0.913043,0.817460,0.926808
SRPRB,0.000000,0.000000,Source: gse20194,0.913043,0.817460,0.926808
TEAD3,0.000000,0.000000,Source: gse20194,0.913043,0.817460,0.926808
KAZALD1,0.000000,0.000000,Source: gse20194,0.913043,0.817460,0.926808
DNAJC3,0.000000,0.000000,Source: gse20194,0.913043,0.817460,0.926808
GLS2,0.000000,0.000000,Source: gse20194,0.913043,0.817460,0.926808
EIF4G1,0.000000,0.000000,Source: gse20194,0.913043,0.817460,0.926808
TEX13B,0.000000,0.000000,Source: gse20194,0.913043,0.817460,0.926808
KRT5,0.000000,0.000000,Source: gse20194,0.913043,0.817460,0.926808
CRYZL1,0.000000,0.000000,Source: gse20194,0.913043,0.817460,0.926808
MPP2,0.000000,0.000000,Source: gse20194,0.913043,0.817460,0.926808
CELF3,0.000000,0.000000,Source: gse20194,0.913043,0.817460,0.926808
SCN4A,0.000000,0.000000,Source: gse20194,0.913043,0.817460,0.926808
SPEN,0.000000,0.000000,Source: gse20194,0.913043,0.817460,0.926808
BAAT,0.000000,0.000000,Source: gse20194,0.913043,0.817460,0.926808
SERINC3,0.000000,0.000000,Source: gse20194,0.913043,0.817460,0.926808
NR5A1,0.000000,0.000000,Source: gse20194,0.913043,0.817460,0.926808
ZNF574,0.000000,0.000000,Source: gse20194,0.913043,0.817460,0.926808
ANKRD7,0.000000,0.000000,Source: gse20194,0.913043,0.817460,0.926808
SIGLEC6,0.000000,0.000000,Source: gse20194,0.913043,0.817460,0.926808
ENG,0.000000,0.000000,Source: gse20194,0.913043,0.817460,0.926808
CLIP4,0.000000,0.000000,Source: gse20194,0.913043,0.817460,0.926808
GNB5,0.000000,0.000000,Source: gse20194,0.913043,0.817460,0.926808
HSPB3,0.000000,0.000000,Source: gse20194,0.913043,0.817460,0.926808
STMN2,0.000000,0.000000,Source: gse20194,0.913043,0.817460,0.926808
BLMH,0.000000,0.000000,Source: gse20194,0.913043,0.817460,0.926808
SH2D3A,0.000000,0.000000,Source: gse20194,0.913043,0.817460,0.926808
HMGB3,0.000000,0.000000,Source: gse20194,0.913043,0.817460,0.926808
HR,0.000000,0.000000,Source: gse20194,0.913043,0.817460,0.926808
ITIH2,0.000000,0.000000,Source: gse20194,0.913043,0.817460,0.926808
TLE2,0.000000,0.000000,Source: gse20194,0.913043,0.817460,0.926808
SUPT4H1,0.000000,0.000000,Source: gse20194,0.913043,0.817460,0.926808
CCL7,0.000000,0.000000,Source: gse20194,0.913043,0.817460,0.926808
P2RX1,0.000000,0.000000,Source: gse20194,0.913043,0.817460,0.926808
PRUNE2,0.000000,0.000000,Source: gse20194,0.913043,0.817460,0.926808
SULT1E1,0.000000,0.000000,Source: gse20194,0.913043,0.817460,0.926808
UGCG,0.000000,0.000000,Source: gse20194,0.913043,0.817460,0.926808
HOXA2,0.000000,0.000000,Source: gse20194,0.913043,0.817460,0.926808
KDSR,0.000000,0.000000,Source: gse20194,0.913043,0.817460,0.926808
CCDC86,0.000000,0.000000,Source: gse20194,0.913043,0.817460,0.926808
FBXO38,0.000000,0.000000,Source: gse20194,0.913043,0.817460,0.926808
LRP3,0.000000,0.000000,Source: gse20194,0.913043,0.817460,0.926808
PPP2R5B,0.000000,0.000000,Source: gse20194,0.913043,0.817460,0.926808
DDX31,0.000000,0.000000,Source: gse20194,0.913043,0.817460,0.926808
RBM3,0.000000,0.000000,Source: gse20194,0.913043,0.817460,0.926808
TAF1C,0.000000,0.000000,Source: gse20194,0.913043,0.817460,0.926808
TIMM8A,0.000000,0.000000,Source: gse20194,0.913043,0.817460,0.926808
IMP3,0.000000,0.000000,Source: gse20194,0.913043,0.817460,0.926808
CHTOP,0.000000,0.000000,Source: gse20194,0.913043,0.817460,0.926808
NDST1,0.000000,0.000000,Source: gse20194,0.913043,0.817460,0.926808
CHERP,0.000000,0.000000,Source: gse20194,0.913043,0.817460,0.926808
PIK3CD,0.000000,0.000000,Source: gse20194,0.913043,0.817460,0.926808
SYBU,0.000000,0.000000,Source: gse20194,0.913043,0.817460,0.926808
PLEKHF1,0.000000,0.000000,Source: gse20194,0.913043,0.817460,0.926808
DSG3,0.000000,0.000000,Source: gse20194,0.913043,0.817460,0.926808
TIE1,0.000000,0.000000,Source: gse20194,0.913043,0.817460,0.926808
NUP98,0.000000,0.000000,Source: gse20194,0.913043,0.817460,0.926808
APOL3,0.000000,0.000000,Source: gse20194,0.913043,0.817460,0.926808
CYP39A1,0.000000,0.000000,Source: gse20194,0.913043,0.817460,0.926808
EDF1,0.000000,0.000000,Source: gse20194,0.913043,0.817460,0.926808
INSL6,0.000000,0.000000,Source: gse20194,0.913043,0.817460,0.926808
DGCR8,0.000000,0.000000,Source: gse20194,0.913043,0.817460,0.926808
SRGN,0.000000,0.000000,Source: gse20194,0.913043,0.817460,0.926808
ME1,0.000000,0.000000,Source: gse20194,0.913043,0.817460,0.926808
VIPR2,0.000000,0.000000,Source: gse20194,0.913043,0.817460,0.926808
CLK1,0.000000,0.000000,Source: gse20194,0.913043,0.817460,0.926808
EMG1,0.000000,0.000000,Source: gse20194,0.913043,0.817460,0.926808
OLA1,0.000000,0.000000,Source: gse20194,0.913043,0.817460,0.926808
CA5BP1,0.000000,0.000000,Source: gse20194,0.913043,0.817460,0.926808
HINFP,0.000000,0.000000,Source: gse20194,0.913043,0.817460,0.926808
EDDM3A,0.000000,0.000000,Source: gse20194,0.913043,0.817460,0.926808
ITGA2B,0.000000,0.000000,Source: gse20194,0.913043,0.817460,0.926808
LAPTM5,0.000000,0.000000,Source: gse20194,0.913043,0.817460,0.926808
FOSB,0.000000,0.000000,Source: gse20194,0.913043,0.817460,0.926808
APOL5,0.000000,0.000000,Source: gse20194,0.913043,0.817460,0.926808
EED,0.000000,0.000000,Source: gse20194,0.913043,0.817460,0.926808
ABCC1,0.000000,0.000000,Source: gse20194,0.913043,0.817460,0.926808
PGP,0.000000,0.000000,Source: gse20194,0.913043,0.817460,0.926808
P2RX5,0.000000,0.000000,Source: gse20194,0.913043,0.817460,0.926808
HTR2A,0.000000,0.000000,Source: gse20194,0.913043,0.817460,0.926808
MYO5C,0.000000,0.000000,Source: gse20194,0.913043,0.817460,0.926808
IRF2BP1,0.000000,0.000000,Source: gse20194,0.913043,0.817460,0.926808
WNT1,0.000000,0.000000,Source: gse20194,0.913043,0.817460,0.926808
HAUS7,0.000000,0.000000,Source: gse20194,0.913043,0.817460,0.926808
CXCL13,0.000000,0.000000,Source: gse20194,0.913043,0.817460,0.926808
EIF4G3,0.000000,0.000000,Source: gse20194,0.913043,0.817460,0.926808
WDR76,0.000000,0.000000,Source: gse20194,0.913043,0.817460,0.926808
ITIH3,0.000000,0.000000,Source: gse20194,0.913043,0.817460,0.926808
MRPL2,0.000000,0.000000,Source: gse20194,0.913043,0.817460,0.926808
RORA,0.000000,0.000000,Source: gse20194,0.913043,0.817460,0.926808
CRISPLD2,0.000000,0.000000,Source: gse20194,0.913043,0.817460,0.926808
DCTD,0.000000,0.000000,Source: gse20194,0.913043,0.817460,0.926808
KRT16,0.000000,0.000000,Source: gse20194,0.913043,0.817460,0.926808
TH,0.000000,0.000000,Source: gse20194,0.913043,0.817460,0.926808
A4GALT,0.000000,0.000000,Source: gse20194,0.913043,0.817460,0.926808
POLR1D,0.000000,0.000000,Source: gse20194,0.913043,0.817460,0.926808
PITPNM1,0.000000,0.000000,Source: gse20194,0.913043,0.817460,0.926808
NME5,0.000000,0.000000,Source: gse20194,0.913043,0.817460,0.926808
SREK1,0.000000,0.000000,Source: gse20194,0.913043,0.817460,0.926808
FAM124B,0.000000,0.000000,Source: gse20194,0.913043,0.817460,0.926808
IL36RN,0.000000,0.000000,Source: gse20194,0.913043,0.817460,0.926808
RPL36,0.000000,0.000000,Source: gse20194,0.913043,0.817460,0.926808
NRAP,0.000000,0.000000,Source: gse20194,0.913043,0.817460,0.926808
PLK3,0.000000,0.000000,Source: gse20194,0.913043,0.817460,0.926808
PRSS16,0.000000,0.000000,Source: gse20194,0.913043,0.817460,0.926808
TUBAL3,0.000000,0.000000,Source: gse20194,0.913043,0.817460,0.926808
NEIL1,0.000000,0.000000,Source: gse20194,0.913043,0.817460,0.926808
TUBA1C,0.000000,0.000000,Source: gse20194,0.913043,0.817460,0.926808
ANKRD34C,0.000000,0.000000,Source: gse20194,0.913043,0.817460,0.926808
SCARB2,0.000000,0.000000,Source: gse20194,0.913043,0.817460,0.926808
IMPG2,0.000000,0.000000,Source: gse20194,0.913043,0.817460,0.926808
TYW1,0.000000,0.000000,Source: gse20194,0.913043,0.817460,0.926808
AICDA,0.000000,0.000000,Source: gse20194,0.913043,0.817460,0.926808
PI4K2A,0.000000,0.000000,Source: gse20194,0.913043,0.817460,0.926808
SUCLG2,0.000000,0.000000,Source: gse20194,0.913043,0.817460,0.926808
COCH,0.000000,0.000000,Source: gse20194,0.913043,0.817460,0.926808
BBX,0.000000,0.000000,Source: gse20194,0.913043,0.817460,0.926808
TPP1,0.000000,0.000000,Source: gse20194,0.913043,0.817460,0.926808
S100A12,0.000000,0.000000,Source: gse20194,0.913043,0.817460,0.926808
FGG,0.000000,0.000000,Source: gse20194,0.913043,0.817460,0.926808
E2F1,0.000000,0.000000,Source: gse20194,0.913043,0.817460,0.926808
MFN1,0.000000,0.000000,Source: gse20194,0.913043,0.817460,0.926808
NCOR1,0.000000,0.000000,Source: gse20194,0.913043,0.817460,0.926808
GPD2,0.000000,0.000000,Source: gse20194,0.913043,0.817460,0.926808
ZNF580,0.000000,0.000000,Source: gse20194,0.913043,0.817460,0.926808
KANK2,0.000000,0.000000,Source: gse20194,0.913043,0.817460,0.926808
STAT6,0.000000,0.000000,Source: gse20194,0.913043,0.817460,0.926808
ZNF80,0.000000,0.000000,Source: gse20194,0.913043,0.817460,0.926808
HGC6.3,0.000000,0.000000,Source: gse20194,0.913043,0.817460,0.926808
CLEC5A,0.000000,0.000000,Source: gse20194,0.913043,0.817460,0.926808
NOSIP,0.000000,0.000000,Source: gse20194,0.913043,0.817460,0.926808
SEC14L1,0.000000,0.000000,Source: gse20194,0.913043,0.817460,0.926808
VNN2,0.000000,0.000000,Source: gse20194,0.913043,0.817460,0.926808
KCND1,0.000000,0.000000,Source: gse20194,0.913043,0.817460,0.926808
ATP6V1F,0.000000,0.000000,Source: gse20194,0.913043,0.817460,0.926808
EIF3K,0.000000,0.000000,Source: gse20194,0.913043,0.817460,0.926808
SEC31B,0.000000,0.000000,Source: gse20194,0.913043,0.817460,0.926808
HPGD,0.000000,0.000000,Source: gse20194,0.913043,0.817460,0.926808
TSPYL2,0.000000,0.000000,Source: gse20194,0.913043,0.817460,0.926808
G6PD,0.000000,0.000000,Source: gse20194,0.913043,0.817460,0.926808
F3,0.000000,0.000000,Source: gse20194,0.913043,0.817460,0.926808
SLC2A4,0.000000,0.000000,Source: gse20194,0.913043,0.817460,0.926808
HSPA6,0.000000,0.000000,Source: gse20194,0.913043,0.817460,0.926808
ECHDC2,0.000000,0.000000,Source: gse20194,0.913043,0.817460,0.926808
CA3,0.000000,0.000000,Source: gse20194,0.913043,0.817460,0.926808
LRRC49,0.000000,0.000000,Source: gse20194,0.913043,0.817460,0.926808
DCPS,0.000000,0.000000,Source: gse20194,0.913043,0.817460,0.926808
SERHL2,0.000000,0.000000,Source: gse20194,0.913043,0.817460,0.926808
IGFBP2,0.000000,0.000000,Source: gse20194,0.913043,0.817460,0.926808
C2CD2L,0.000000,0.000000,Source: gse20194,0.913043,0.817460,0.926808
ASB4,0.000000,0.000000,Source: gse20194,0.913043,0.817460,0.926808
NDE1,0.000000,0.000000,Source: gse20194,0.913043,0.817460,0.926808
LRP12,0.000000,0.000000,Source: gse20194,0.913043,0.817460,0.926808
PELP1,0.000000,0.000000,Source: gse20194,0.913043,0.817460,0.926808
CNN2,0.000000,0.000000,Source: gse20194,0.913043,0.817460,0.926808
NYNRIN,0.000000,0.000000,Source: gse20194,0.913043,0.817460,0.926808
HTR1B,0.000000,0.000000,Source: gse20194,0.913043,0.817460,0.926808
PUF60,0.000000,0.000000,Source: gse20194,0.913043,0.817460,0.926808
RPGR,0.000000,0.000000,Source: gse20194,0.913043,0.817460,0.926808
URM1,0.000000,0.000000,Source: gse20194,0.913043,0.817460,0.926808
ZNF816,0.000000,0.000000,Source: gse20194,0.913043,0.817460,0.926808
MSH4,0.000000,0.000000,Source: gse20194,0.913043,0.817460,0.926808
FCHSD2,0.000000,0.000000,Source: gse20194,0.913043,0.817460,0.926808
TMEM8B,0.000000,0.000000,Source: gse20194,0.913043,0.817460,0.926808
PUM1,0.000000,0.000000,Source: gse20194,0.913043,0.817460,0.926808
NCAN,0.000000,0.000000,Source: gse20194,0.913043,0.817460,0.926808
HNRNPU,0.000000,0.000000,Source: gse20194,0.913043,0.817460,0.926808
TMED9,0.000000,0.000000,Source: gse20194,0.913043,0.817460,0.926808
OCA2,0.000000,0.000000,Source: gse20194,0.913043,0.817460,0.926808
CD96,0.000000,0.000000,Source: gse20194,0.913043,0.817460,0.926808
XIAP,0.000000,0.000000,Source: gse20194,0.913043,0.817460,0.926808
COL5A1,0.000000,0.000000,Source: gse20194,0.913043,0.817460,0.926808
PAAF1,0.000000,0.000000,Source: gse20194,0.913043,0.817460,0.926808
SMARCA1,0.000000,0.000000,Source: gse20194,0.913043,0.817460,0.926808
KCNS3,0.000000,0.000000,Source: gse20194,0.913043,0.817460,0.926808
TTC12,0.000000,0.000000,Source: gse20194,0.913043,0.817460,0.926808
TMEM47,0.000000,0.000000,Source: gse20194,0.913043,0.817460,0.926808
HSPA4,0.000000,0.000000,Source: gse20194,0.913043,0.817460,0.926808
MAEA,0.000000,0.000000,Source: gse20194,0.913043,0.817460,0.926808
EGLN1,0.000000,0.000000,Source: gse20194,0.913043,0.817460,0.926808
ADGB,0.000000,0.000000,Source: gse20194,0.913043,0.817460,0.926808
ANO3,0.000000,0.000000,Source: gse20194,0.913043,0.817460,0.926808
FAIM2,0.000000,0.000000,Source: gse20194,0.913043,0.817460,0.926808
RAD21,0.000000,0.000000,Source: gse20194,0.913043,0.817460,0.926808
SCN3B,0.000000,0.000000,Source: gse20194,0.913043,0.817460,0.926808
IRS1,0.000000,0.000000,Source: gse20194,0.913043,0.817460,0.926808
HTR2C,0.000000,0.000000,Source: gse20194,0.913043,0.817460,0.926808
RDH11,0.000000,0.000000,Source: gse20194,0.913043,0.817460,0.926808
KIDINS220,0.000000,0.000000,Source: gse20194,0.913043,0.817460,0.926808
IFI16,0.000000,0.000000,Source: gse20194,0.913043,0.817460,0.926808
IRF9,0.000000,0.000000,Source: gse20194,0.913043,0.817460,0.926808
AKAP6,0.000000,0.000000,Source: gse20194,0.913043,0.817460,0.926808
RCHY1,0.000000,0.000000,Source: gse20194,0.913043,0.817460,0.926808
SLC16A4,0.000000,0.000000,Source: gse20194,0.913043,0.817460,0.926808
SRSF2,0.000000,0.000000,Source: gse20194,0.913043,0.817460,0.926808
HS3ST2,0.000000,0.000000,Source: gse20194,0.913043,0.817460,0.926808
COL11A2,0.000000,0.000000,Source: gse20194,0.913043,0.817460,0.926808
APOD,0.000000,0.000000,Source: gse20194,0.913043,0.817460,0.926808
NFX1,0.000000,0.000000,Source: gse20194,0.913043,0.817460,0.926808
ARHGAP15,0.000000,0.000000,Source: gse20194,0.913043,0.817460,0.926808
SLC2A6,0.000000,0.000000,Source: gse20194,0.913043,0.817460,0.926808
HOXC13,0.000000,0.000000,Source: gse20194,0.913043,0.817460,0.926808
PROP1,0.000000,0.000000,Source: gse20194,0.913043,0.817460,0.926808
PALMD,0.000000,0.000000,Source: gse20194,0.913043,0.817460,0.926808
PIAS4,0.000000,0.000000,Source: gse20194,0.913043,0.817460,0.926808
ARSF,0.000000,0.000000,Source: gse20194,0.913043,0.817460,0.926808
ART1,0.000000,0.000000,Source: gse20194,0.913043,0.817460,0.926808
RP2,0.000000,0.000000,Source: gse20194,0.913043,0.817460,0.926808
SEC24B,0.000000,0.000000,Source: gse20194,0.913043,0.817460,0.926808
PPAN,0.000000,0.000000,Source: gse20194,0.913043,0.817460,0.926808
SATB1,0.000000,0.000000,Source: gse20194,0.913043,0.817460,0.926808
SLC9A1,0.000000,0.000000,Source: gse20194,0.913043,0.817460,0.926808
MAP2K4,0.000000,0.000000,Source: gse20194,0.913043,0.817460,0.926808
HGFAC,0.000000,0.000000,Source: gse20194,0.913043,0.817460,0.926808
SHOC2,0.000000,0.000000,Source: gse20194,0.913043,0.817460,0.926808
KIAA0232,0.000000,0.000000,Source: gse20194,0.913043,0.817460,0.926808
SMYD3,0.000000,0.000000,Source: gse20194,0.913043,0.817460,0.926808
IRAK1,0.000000,0.000000,Source: gse20194,0.913043,0.817460,0.926808
OLFM1,0.000000,0.000000,Source: gse20194,0.913043,0.817460,0.926808
PRB1,0.000000,0.000000,Source: gse20194,0.913043,0.817460,0.926808
ACVR2B,0.000000,0.000000,Source: gse20194,0.913043,0.817460,0.926808
CGA,0.000000,0.000000,Source: gse20194,0.913043,0.817460,0.926808
NCAPD2,0.000000,0.000000,Source: gse20194,0.913043,0.817460,0.926808
NDUFA9,0.000000,0.000000,Source: gse20194,0.913043,0.817460,0.926808
SRD5A2,0.000000,0.000000,Source: gse20194,0.913043,0.817460,0.926808
FBXO5,0.000000,0.000000,Source: gse20194,0.913043,0.817460,0.926808
KCNA5,0.000000,0.000000,Source: gse20194,0.913043,0.817460,0.926808
ATP6V1H,0.000000,0.000000,Source: gse20194,0.913043,0.817460,0.926808
HP,0.000000,0.000000,Source: gse20194,0.913043,0.817460,0.926808
FUT9,0.000000,0.000000,Source: gse20194,0.913043,0.817460,0.926808
KCNN3,0.000000,0.000000,Source: gse20194,0.913043,0.817460,0.926808
ATP8B4,0.000000,0.000000,Source: gse20194,0.913043,0.817460,0.926808
LRRC2,0.000000,0.000000,Source: gse20194,0.913043,0.817460,0.926808
NIPSNAP3B,0.000000,0.000000,Source: gse20194,0.913043,0.817460,0.926808
THUMPD1,0.000000,0.000000,Source: gse20194,0.913043,0.817460,0.926808
MAP3K5,0.000000,0.000000,Source: gse20194,0.913043,0.817460,0.926808
NOP14,0.000000,0.000000,Source: gse20194,0.913043,0.817460,0.926808
PKP4,0.000000,0.000000,Source: gse20194,0.913043,0.817460,0.926808
WDR11,0.000000,0.000000,Source: gse20194,0.913043,0.817460,0.926808
KLF12,0.000000,0.000000,Source: gse20194,0.913043,0.817460,0.926808
PLXNA1,0.000000,0.000000,Source: gse20194,0.913043,0.817460,0.926808
COPS4,0.000000,0.000000,Source: gse20194,0.913043,0.817460,0.926808
EIF4E2,0.000000,0.000000,Source: gse20194,0.913043,0.817460,0.926808
YAF2,0.000000,0.000000,Source: gse20194,0.913043,0.817460,0.926808
DYRK1A,0.000000,0.000000,Source: gse20194,0.913043,0.817460,0.926808
DPF1,0.000000,0.000000,Source: gse20194,0.913043,0.817460,0.926808
TNNT3,0.000000,0.000000,Source: gse20194,0.913043,0.817460,0.926808
DPY19L1,0.000000,0.000000,Source: gse20194,0.913043,0.817460,0.926808
PSMB10,0.000000,0.000000,Source: gse20194,0.913043,0.817460,0.926808
FOLH1,0.000000,0.000000,Source: gse20194,0.913043,0.817460,0.926808
DNAJC22,0.000000,0.000000,Source: gse20194,0.913043,0.817460,0.926808
MDM1,0.000000,0.000000,Source: gse20194,0.913043,0.817460,0.926808
FAIM,0.000000,0.000000,Source: gse20194,0.913043,0.817460,0.926808
PNMA2,0.000000,0.000000,Source: gse20194,0.913043,0.817460,0.926808
S100PBP,0.000000,0.000000,Source: gse20194,0.913043,0.817460,0.926808
KATNB1,0.000000,0.000000,Source: gse20194,0.913043,0.817460,0.926808
FLT4,0.000000,0.000000,Source: gse20194,0.913043,0.817460,0.926808
SFSWAP,0.000000,0.000000,Source: gse20194,0.913043,0.817460,0.926808
SAP30,0.000000,0.000000,Source: gse20194,0.913043,0.817460,0.926808
MYOZ3,0.000000,0.000000,Source: gse20194,0.913043,0.817460,0.926808
TLR3,0.000000,0.000000,Source: gse20194,0.913043,0.817460,0.926808
COL8A1,0.000000,0.000000,Source: gse20194,0.913043,0.817460,0.926808
PPIH,0.000000,0.000000,Source: gse20194,0.913043,0.817460,0.926808
CIC,0.000000,0.000000,Source: gse20194,0.913043,0.817460,0.926808
TAS2R1,0.000000,0.000000,Source: gse20194,0.913043,0.817460,0.926808
HEBP1,0.000000,0.000000,Source: gse20194,0.913043,0.817460,0.926808
LMAN1L,0.000000,0.000000,Source: gse20194,0.913043,0.817460,0.926808
SMARCB1,0.000000,0.000000,Source: gse20194,0.913043,0.817460,0.926808
FRYL,0.000000,0.000000,Source: gse20194,0.913043,0.817460,0.926808
TNNT2,0.000000,0.000000,Source: gse20194,0.913043,0.817460,0.926808
ZMYM2,0.000000,0.000000,Source: gse20194,0.913043,0.817460,0.926808
NR3C2,0.000000,0.000000,Source: gse20194,0.913043,0.817460,0.926808
SAMD4A,0.000000,0.000000,Source: gse20194,0.913043,0.817460,0.926808
STC2,0.000000,0.000000,Source: gse20194,0.913043,0.817460,0.926808
OAZ1,0.000000,0.000000,Source: gse20194,0.913043,0.817460,0.926808
ADAP1,0.000000,0.000000,Source: gse20194,0.913043,0.817460,0.926808
LCP2,0.000000,0.000000,Source: gse20194,0.913043,0.817460,0.926808
DHRS9,0.000000,0.000000,Source: gse20194,0.913043,0.817460,0.926808
PCDHGA11,0.000000,0.000000,Source: gse20194,0.913043,0.817460,0.926808
IDH3G,0.000000,0.000000,Source: gse20194,0.913043,0.817460,0.926808
NR1H2,0.000000,0.000000,Source: gse20194,0.913043,0.817460,0.926808
SKP1,0.000000,0.000000,Source: gse20194,0.913043,0.817460,0.926808
FZD2,0.000000,0.000000,Source: gse20194,0.913043,0.817460,0.926808
ADCY1,0.000000,0.000000,Source: gse20194,0.913043,0.817460,0.926808
MYBPC3,0.000000,0.000000,Source: gse20194,0.913043,0.817460,0.926808
TCEANC2,0.000000,0.000000,Source: gse20194,0.913043,0.817460,0.926808
AIM2,0.000000,0.000000,Source: gse20194,0.913043,0.817460,0.926808
DYRK2,0.000000,0.000000,Source: gse20194,0.913043,0.817460,0.926808
FHOD1,0.000000,0.000000,Source: gse20194,0.913043,0.817460,0.926808
ELOVL4,0.000000,0.000000,Source: gse20194,0.913043,0.817460,0.926808
UBE2E1,0.000000,0.000000,Source: gse20194,0.913043,0.817460,0.926808
DPP4,0.000000,0.000000,Source: gse20194,0.913043,0.817460,0.926808
CRYGA,0.000000,0.000000,Source: gse20194,0.913043,0.817460,0.926808
GFOD1,0.000000,0.000000,Source: gse20194,0.913043,0.817460,0.926808
LRP2BP,0.000000,0.000000,Source: gse20194,0.913043,0.817460,0.926808
CA5A,0.000000,0.000000,Source: gse20194,0.913043,0.817460,0.926808
CHRNA6,0.000000,0.000000,Source: gse20194,0.913043,0.817460,0.926808
PARP11,0.000000,0.000000,Source: gse20194,0.913043,0.817460,0.926808
CCDC70,0.000000,0.000000,Source: gse20194,0.913043,0.817460,0.926808
INO80D,0.000000,0.000000,Source: gse20194,0.913043,0.817460,0.926808
BRCA2,0.000000,0.000000,Source: gse20194,0.913043,0.817460,0.926808
ZNF16,0.000000,0.000000,Source: gse20194,0.913043,0.817460,0.926808
BBS10,0.000000,0.000000,Source: gse20194,0.913043,0.817460,0.926808
PPIL6,0.000000,0.000000,Source: gse20194,0.913043,0.817460,0.926808
E2F4,0.000000,0.000000,Source: gse20194,0.913043,0.817460,0.926808
CD79B,0.000000,0.000000,Source: gse20194,0.913043,0.817460,0.926808
RANGRF,0.000000,0.000000,Source: gse20194,0.913043,0.817460,0.926808
CDC25B,0.000000,0.000000,Source: gse20194,0.913043,0.817460,0.926808
TECPR2,0.000000,0.000000,Source: gse20194,0.913043,0.817460,0.926808
CYP7B1,0.000000,0.000000,Source: gse20194,0.913043,0.817460,0.926808
IFI44L,0.000000,0.000000,Source: gse20194,0.913043,0.817460,0.926808
NDST2,0.000000,0.000000,Source: gse20194,0.913043,0.817460,0.926808
MT3,0.000000,0.000000,Source: gse20194,0.913043,0.817460,0.926808
LGALS2,0.000000,0.000000,Source: gse20194,0.913043,0.817460,0.926808
PCMTD2,0.000000,0.000000,Source: gse20194,0.913043,0.817460,0.926808
GLIPR1,0.000000,0.000000,Source: gse20194,0.913043,0.817460,0.926808
ZNF783,0.000000,0.000000,Source: gse20194,0.913043,0.817460,0.926808
JMJD7,0.000000,0.000000,Source: gse20194,0.913043,0.817460,0.926808
CALCB,0.000000,0.000000,Source: gse20194,0.913043,0.817460,0.926808
CTNNBL1,0.000000,0.000000,Source: gse20194,0.913043,0.817460,0.926808
DYNLT3,0.000000,0.000000,Source: gse20194,0.913043,0.817460,0.926808
IPO13,0.000000,0.000000,Source: gse20194,0.913043,0.817460,0.926808
ZNF592,0.000000,0.000000,Source: gse20194,0.913043,0.817460,0.926808
INA,0.000000,0.000000,Source: gse20194,0.913043,0.817460,0.926808
UGT8,0.000000,0.000000,Source: gse20194,0.913043,0.817460,0.926808
PSG2,0.000000,0.000000,Source: gse20194,0.913043,0.817460,0.926808
MAP3K8,0.000000,0.000000,Source: gse20194,0.913043,0.817460,0.926808
IL12RB2,0.000000,0.000000,Source: gse20194,0.913043,0.817460,0.926808
SNRPA,0.000000,0.000000,Source: gse20194,0.913043,0.817460,0.926808
PRR3,0.000000,0.000000,Source: gse20194,0.913043,0.817460,0.926808
PABPC3,0.000000,0.000000,Source: gse20194,0.913043,0.817460,0.926808
BNIP2,0.000000,0.000000,Source: gse20194,0.913043,0.817460,0.926808
USP27X,0.000000,0.000000,Source: gse20194,0.913043,0.817460,0.926808
CA7,0.000000,0.000000,Source: gse20194,0.913043,0.817460,0.926808
PTGES2,0.000000,0.000000,Source: gse20194,0.913043,0.817460,0.926808
KDR,0.000000,0.000000,Source: gse20194,0.913043,0.817460,0.926808
MMD,0.000000,0.000000,Source: gse20194,0.913043,0.817460,0.926808
BAG6,0.000000,0.000000,Source: gse20194,0.913043,0.817460,0.926808
CPT1A,0.000000,0.000000,Source: gse20194,0.913043,0.817460,0.926808
EPHB3,0.000000,0.000000,Source: gse20194,0.913043,0.817460,0.926808
RAMP1,0.000000,0.000000,Source: gse20194,0.913043,0.817460,0.926808
RAB15,0.000000,0.000000,Source: gse20194,0.913043,0.817460,0.926808
GRK5,0.000000,0.000000,Source: gse20194,0.913043,0.817460,0.926808
ZC3HAV1,0.000000,0.000000,Source: gse20194,0.913043,0.817460,0.926808
KCNN2,0.000000,0.000000,Source: gse20194,0.913043,0.817460,0.926808
PDE10A,0.000000,0.000000,Source: gse20194,0.913043,0.817460,0.926808
LPIN2,0.000000,0.000000,Source: gse20194,0.913043,0.817460,0.926808
LENEP,0.000000,0.000000,Source: gse20194,0.913043,0.817460,0.926808
CETN2,0.000000,0.000000,Source: gse20194,0.913043,0.817460,0.926808
RASL11B,0.000000,0.000000,Source: gse20194,0.913043,0.817460,0.926808
METAP1,0.000000,0.000000,Source: gse20194,0.913043,0.817460,0.926808
MCM3,0.000000,0.000000,Source: gse20194,0.913043,0.817460,0.926808
PDE6A,0.000000,0.000000,Source: gse20194,0.913043,0.817460,0.926808
TRAPPC6A,0.000000,0.000000,Source: gse20194,0.913043,0.817460,0.926808
COPS7A,0.000000,0.000000,Source: gse20194,0.913043,0.817460,0.926808
TP53I3,0.000000,0.000000,Source: gse20194,0.913043,0.817460,0.926808
NDUFA5,0.000000,0.000000,Source: gse20194,0.913043,0.817460,0.926808
ERI3,0.000000,0.000000,Source: gse20194,0.913043,0.817460,0.926808
ERBB2,0.000000,0.000000,Source: gse20194,0.913043,0.817460,0.926808
TRPA1,0.000000,0.000000,Source: gse20194,0.913043,0.817460,0.926808
HAGH,0.000000,0.000000,Source: gse20194,0.913043,0.817460,0.926808
GNS,0.000000,0.000000,Source: gse20194,0.913043,0.817460,0.926808
TTI2,0.000000,0.000000,Source: gse20194,0.913043,0.817460,0.926808
ORC1,0.000000,0.000000,Source: gse20194,0.913043,0.817460,0.926808
POU3F4,0.000000,0.000000,Source: gse20194,0.913043,0.817460,0.926808
RFPL2,0.000000,0.000000,Source: gse20194,0.913043,0.817460,0.926808
DCHS1,0.000000,0.000000,Source: gse20194,0.913043,0.817460,0.926808
S100G,0.000000,0.000000,Source: gse20194,0.913043,0.817460,0.926808
HOXC10,0.000000,0.000000,Source: gse20194,0.913043,0.817460,0.926808
MMP3,0.000000,0.000000,Source: gse20194,0.913043,0.817460,0.926808
PGLYRP4,0.000000,0.000000,Source: gse20194,0.913043,0.817460,0.926808
GLRX2,0.000000,0.000000,Source: gse20194,0.913043,0.817460,0.926808
GSTZ1,0.000000,0.000000,Source: gse20194,0.913043,0.817460,0.926808
SLC14A2,0.000000,0.000000,Source: gse20194,0.913043,0.817460,0.926808
HLA-DPA1,0.000000,0.000000,Source: gse20194,0.913043,0.817460,0.926808
APLP2,0.000000,0.000000,Source: gse20194,0.913043,0.817460,0.926808
AKR1C1,0.000000,0.000000,Source: gse20194,0.913043,0.817460,0.926808
POFUT1,0.000000,0.000000,Source: gse20194,0.913043,0.817460,0.926808
CDHR5,0.000000,0.000000,Source: gse20194,0.913043,0.817460,0.926808
TUFM,0.000000,0.000000,Source: gse20194,0.913043,0.817460,0.926808
CMPK1,0.000000,0.000000,Source: gse20194,0.913043,0.817460,0.926808
C7,0.000000,0.000000,Source: gse20194,0.913043,0.817460,0.926808
CREBZF,0.000000,0.000000,Source: gse20194,0.913043,0.817460,0.926808
SORBS3,0.000000,0.000000,Source: gse20194,0.913043,0.817460,0.926808
IPCEF1,0.000000,0.000000,Source: gse20194,0.913043,0.817460,0.926808
DEF6,0.000000,0.000000,Source: gse20194,0.913043,0.817460,0.926808
FBXL6,0.000000,0.000000,Source: gse20194,0.913043,0.817460,0.926808
ZNF428,0.000000,0.000000,Source: gse20194,0.913043,0.817460,0.926808
ABCG4,0.000000,0.000000,Source: gse20194,0.913043,0.817460,0.926808
CREB5,0.000000,0.000000,Source: gse20194,0.913043,0.817460,0.926808
IL2RA,0.000000,0.000000,Source: gse20194,0.913043,0.817460,0.926808
ADAMTS2,0.000000,0.000000,Source: gse20194,0.913043,0.817460,0.926808
ATP6V1A,0.000000,0.000000,Source: gse20194,0.913043,0.817460,0.926808
ATP1B1,0.000000,0.000000,Source: gse20194,0.913043,0.817460,0.926808
GNG12,0.000000,0.000000,Source: gse20194,0.913043,0.817460,0.926808
TNFRSF12A,0.000000,0.000000,Source: gse20194,0.913043,0.817460,0.926808
ZMYM5,0.000000,0.000000,Source: gse20194,0.913043,0.817460,0.926808
CXCR5,0.000000,0.000000,Source: gse20194,0.913043,0.817460,0.926808
ARNT,0.000000,0.000000,Source: gse20194,0.913043,0.817460,0.926808
PTPRN2,0.000000,0.000000,Source: gse20194,0.913043,0.817460,0.926808
S100A4,0.000000,0.000000,Source: gse20194,0.913043,0.817460,0.926808
TAS2R13,0.000000,0.000000,Source: gse20194,0.913043,0.817460,0.926808
CD247,0.000000,0.000000,Source: gse20194,0.913043,0.817460,0.926808
ATP6V0C,0.000000,0.000000,Source: gse20194,0.913043,0.817460,0.926808
LBX1,0.000000,0.000000,Source: gse20194,0.913043,0.817460,0.926808
ZNF358,0.000000,0.000000,Source: gse20194,0.913043,0.817460,0.926808
CYP4F12,0.000000,0.000000,Source: gse20194,0.913043,0.817460,0.926808
DYNC1H1,0.000000,0.000000,Source: gse20194,0.913043,0.817460,0.926808
CDK5R2,0.000000,0.000000,Source: gse20194,0.913043,0.817460,0.926808
RBKS,0.000000,0.000000,Source: gse20194,0.913043,0.817460,0.926808
IGBP1,0.000000,0.000000,Source: gse20194,0.913043,0.817460,0.926808
HPCAL4,0.000000,0.000000,Source: gse20194,0.913043,0.817460,0.926808
GALR2,0.000000,0.000000,Source: gse20194,0.913043,0.817460,0.926808
GSTK1,0.000000,0.000000,Source: gse20194,0.913043,0.817460,0.926808
PATZ1,0.000000,0.000000,Source: gse20194,0.913043,0.817460,0.926808
HMGB3P1,0.000000,0.000000,Source: gse20194,0.913043,0.817460,0.926808
DTNA,0.000000,0.000000,Source: gse20194,0.913043,0.817460,0.926808
KCNJ12,0.000000,0.000000,Source: gse20194,0.913043,0.817460,0.926808
VPS37C,0.000000,0.000000,Source: gse20194,0.913043,0.817460,0.926808
PDPN,0.000000,0.000000,Source: gse20194,0.913043,0.817460,0.926808
LMNA,0.000000,0.000000,Source: gse20194,0.913043,0.817460,0.926808
SLC25A46,0.000000,0.000000,Source: gse20194,0.913043,0.817460,0.926808
CCL11,0.000000,0.000000,Source: gse20194,0.913043,0.817460,0.926808
CAMSAP1,0.000000,0.000000,Source: gse20194,0.913043,0.817460,0.926808
A4GNT,0.000000,0.000000,Source: gse20194,0.913043,0.817460,0.926808
CASP6,0.000000,0.000000,Source: gse20194,0.913043,0.817460,0.926808
GALNT2,0.000000,0.000000,Source: gse20194,0.913043,0.817460,0.926808
PECAM1,0.000000,0.000000,Source: gse20194,0.913043,0.817460,0.926808
PBRM1,0.000000,0.000000,Source: gse20194,0.913043,0.817460,0.926808
PYCARD,0.000000,0.000000,Source: gse20194,0.913043,0.817460,0.926808
MS4A4A,0.000000,0.000000,Source: gse20194,0.913043,0.817460,0.926808
SLC10A2,0.000000,0.000000,Source: gse20194,0.913043,0.817460,0.926808
SIPA1,0.000000,0.000000,Source: gse20194,0.913043,0.817460,0.926808
GMIP,0.000000,0.000000,Source: gse20194,0.913043,0.817460,0.926808
SCML1,0.000000,0.000000,Source: gse20194,0.913043,0.817460,0.926808
CDC25C,0.000000,0.000000,Source: gse20194,0.913043,0.817460,0.926808
AHI1,0.000000,0.000000,Source: gse20194,0.913043,0.817460,0.926808
DET1,0.000000,0.000000,Source: gse20194,0.913043,0.817460,0.926808
MRPL46,0.000000,0.000000,Source: gse20194,0.913043,0.817460,0.926808
DDIT4,0.000000,0.000000,Source: gse20194,0.913043,0.817460,0.926808
ROBO1,0.000000,0.000000,Source: gse20194,0.913043,0.817460,0.926808
TNFRSF10D,0.000000,0.000000,Source: gse20194,0.913043,0.817460,0.926808
RUNDC3B,0.000000,0.000000,Source: gse20194,0.913043,0.817460,0.926808
KLHL9,0.000000,0.000000,Source: gse20194,0.913043,0.817460,0.926808
KRTAP1-1,0.000000,0.000000,Source: gse20194,0.913043,0.817460,0.926808
GPR153,0.000000,0.000000,Source: gse20194,0.913043,0.817460,0.926808
ACTL6B,0.000000,0.000000,Source: gse20194,0.913043,0.817460,0.926808
VBP1,0.000000,0.000000,Source: gse20194,0.913043,0.817460,0.926808
GRAP2,0.000000,0.000000,Source: gse20194,0.913043,0.817460,0.926808
ASB7,0.000000,0.000000,Source: gse20194,0.913043,0.817460,0.926808
TMSB15A,0.000000,0.000000,Source: gse20194,0.913043,0.817460,0.926808
FOXG1,0.000000,0.000000,Source: gse20194,0.913043,0.817460,0.926808
NENF,0.000000,0.000000,Source: gse20194,0.913043,0.817460,0.926808
IMPG1,0.000000,0.000000,Source: gse20194,0.913043,0.817460,0.926808
WWC1,0.000000,0.000000,Source: gse20194,0.913043,0.817460,0.926808
PTGER3,0.000000,0.000000,Source: gse20194,0.913043,0.817460,0.926808
WASF1,0.000000,0.000000,Source: gse20194,0.913043,0.817460,0.926808
BCL3,0.000000,0.000000,Source: gse20194,0.913043,0.817460,0.926808
C11orf58,0.000000,0.000000,Source: gse20194,0.913043,0.817460,0.926808
EXT1,0.000000,0.000000,Source: gse20194,0.913043,0.817460,0.926808
GABRB2,0.000000,0.000000,Source: gse20194,0.913043,0.817460,0.926808
RND3,0.000000,0.000000,Source: gse20194,0.913043,0.817460,0.926808
SLC16A6,0.000000,0.000000,Source: gse20194,0.913043,0.817460,0.926808
ATP9A,0.000000,0.000000,Source: gse20194,0.913043,0.817460,0.926808
LAMB3,0.000000,0.000000,Source: gse20194,0.913043,0.817460,0.926808
CHRM2,0.000000,0.000000,Source: gse20194,0.913043,0.817460,0.926808
TMEM212,0.000000,0.000000,Source: gse20194,0.913043,0.817460,0.926808
FAM149B1,0.000000,0.000000,Source: gse20194,0.913043,0.817460,0.926808
KLF11,0.000000,0.000000,Source: gse20194,0.913043,0.817460,0.926808
CHN2,0.000000,0.000000,Source: gse20194,0.913043,0.817460,0.926808
SNX13,0.000000,0.000000,Source: gse20194,0.913043,0.817460,0.926808
PDZK1IP1,0.000000,0.000000,Source: gse20194,0.913043,0.817460,0.926808
CHAD,0.000000,0.000000,Source: gse20194,0.913043,0.817460,0.926808
CD5L,0.000000,0.000000,Source: gse20194,0.913043,0.817460,0.926808
SLCO1B1,0.000000,0.000000,Source: gse20194,0.913043,0.817460,0.926808
VN1R1,0.000000,0.000000,Source: gse20194,0.913043,0.817460,0.926808
EDIL3,0.000000,0.000000,Source: gse20194,0.913043,0.817460,0.926808
SLC7A8,0.000000,0.000000,Source: gse20194,0.913043,0.817460,0.926808
LMX1B,0.000000,0.000000,Source: gse20194,0.913043,0.817460,0.926808
COPB2,0.000000,0.000000,Source: gse20194,0.913043,0.817460,0.926808
OSM,0.000000,0.000000,Source: gse20194,0.913043,0.817460,0.926808
AP3M2,0.000000,0.000000,Source: gse20194,0.913043,0.817460,0.926808
PLCD1,0.000000,0.000000,Source: gse20194,0.913043,0.817460,0.926808
BAG3,0.000000,0.000000,Source: gse20194,0.913043,0.817460,0.926808
CLK2,0.000000,0.000000,Source: gse20194,0.913043,0.817460,0.926808
CACNA1F,0.000000,0.000000,Source: gse20194,0.913043,0.817460,0.926808
RAP2B,0.000000,0.000000,Source: gse20194,0.913043,0.817460,0.926808
PJA1,0.000000,0.000000,Source: gse20194,0.913043,0.817460,0.926808
CD86,0.000000,0.000000,Source: gse20194,0.913043,0.817460,0.926808
BDNF,0.000000,0.000000,Source: gse20194,0.913043,0.817460,0.926808
ZNHIT1,0.000000,0.000000,Source: gse20194,0.913043,0.817460,0.926808
RC3H2,0.000000,0.000000,Source: gse20194,0.913043,0.817460,0.926808
ZBTB7B,0.000000,0.000000,Source: gse20194,0.913043,0.817460,0.926808
DOCK1,0.000000,0.000000,Source: gse20194,0.913043,0.817460,0.926808
KLHDC4,0.000000,0.000000,Source: gse20194,0.913043,0.817460,0.926808
PRX,0.000000,0.000000,Source: gse20194,0.913043,0.817460,0.926808
PABPC4,0.000000,0.000000,Source: gse20194,0.913043,0.817460,0.926808
PAX7,0.000000,0.000000,Source: gse20194,0.913043,0.817460,0.926808
TNFSF9,0.000000,0.000000,Source: gse20194,0.913043,0.817460,0.926808
PPIC,0.000000,0.000000,Source: gse20194,0.913043,0.817460,0.926808
CPE,0.000000,0.000000,Source: gse20194,0.913043,0.817460,0.926808
DCC,0.000000,0.000000,Source: gse20194,0.913043,0.817460,0.926808
ZNF571,0.000000,0.000000,Source: gse20194,0.913043,0.817460,0.926808
RPH3A,0.000000,0.000000,Source: gse20194,0.913043,0.817460,0.926808
FPR2,0.000000,0.000000,Source: gse20194,0.913043,0.817460,0.926808
IRS4,0.000000,0.000000,Source: gse20194,0.913043,0.817460,0.926808
DYRK3,0.000000,0.000000,Source: gse20194,0.913043,0.817460,0.926808
NT5C,0.000000,0.000000,Source: gse20194,0.913043,0.817460,0.926808
OR11A1,0.000000,0.000000,Source: gse20194,0.913043,0.817460,0.926808
KCNH6,0.000000,0.000000,Source: gse20194,0.913043,0.817460,0.926808
SEC31A,0.000000,0.000000,Source: gse20194,0.913043,0.817460,0.926808
IL4R,0.000000,0.000000,Source: gse20194,0.913043,0.817460,0.926808
UROS,0.000000,0.000000,Source: gse20194,0.913043,0.817460,0.926808
IL3,0.000000,0.000000,Source: gse20194,0.913043,0.817460,0.926808
PRPS1,0.000000,0.000000,Source: gse20194,0.913043,0.817460,0.926808
IGFBP5,0.000000,0.000000,Source: gse20194,0.913043,0.817460,0.926808
PURA,0.000000,0.000000,Source: gse20194,0.913043,0.817460,0.926808
LGALS4,0.000000,0.000000,Source: gse20194,0.913043,0.817460,0.926808
WNT5A,0.000000,0.000000,Source: gse20194,0.913043,0.817460,0.926808
CASD1,0.000000,0.000000,Source: gse20194,0.913043,0.817460,0.926808
CDKL1,0.000000,0.000000,Source: gse20194,0.913043,0.817460,0.926808
TGFA,0.000000,0.000000,Source: gse20194,0.913043,0.817460,0.926808
SURF1,0.000000,0.000000,Source: gse20194,0.913043,0.817460,0.926808
ECT2,0.000000,0.000000,Source: gse20194,0.913043,0.817460,0.926808
PSD3,0.000000,0.000000,Source: gse20194,0.913043,0.817460,0.926808
FBXW4P1,0.000000,0.000000,Source: gse20194,0.913043,0.817460,0.926808
TBPL1,0.000000,0.000000,Source: gse20194,0.913043,0.817460,0.926808
LEFTY2,0.000000,0.000000,Source: gse20194,0.913043,0.817460,0.926808
PCDH17,0.000000,0.000000,Source: gse20194,0.913043,0.817460,0.926808
CUL9,0.000000,0.000000,Source: gse20194,0.913043,0.817460,0.926808
PWWP2A,0.000000,0.000000,Source: gse20194,0.913043,0.817460,0.926808
SCARA3,0.000000,0.000000,Source: gse20194,0.913043,0.817460,0.926808
SOX21,0.000000,0.000000,Source: gse20194,0.913043,0.817460,0.926808
CD4,0.000000,0.000000,Source: gse20194,0.913043,0.817460,0.926808
ZNF133,0.000000,0.000000,Source: gse20194,0.913043,0.817460,0.926808
PRPH,0.000000,0.000000,Source: gse20194,0.913043,0.817460,0.926808
TAC1,0.000000,0.000000,Source: gse20194,0.913043,0.817460,0.926808
SUOX,0.000000,0.000000,Source: gse20194,0.913043,0.817460,0.926808
CAMTA1,0.000000,0.000000,Source: gse20194,0.913043,0.817460,0.926808
NXF3,0.000000,0.000000,Source: gse20194,0.913043,0.817460,0.926808
ANGPT4,0.000000,0.000000,Source: gse20194,0.913043,0.817460,0.926808
TAF5L,0.000000,0.000000,Source: gse20194,0.913043,0.817460,0.926808
ZNF667,0.000000,0.000000,Source: gse20194,0.913043,0.817460,0.926808
ZFP30,0.000000,0.000000,Source: gse20194,0.913043,0.817460,0.926808
L2HGDH,0.000000,0.000000,Source: gse20194,0.913043,0.817460,0.926808
UBE2D4,0.000000,0.000000,Source: gse20194,0.913043,0.817460,0.926808
CMA1,0.000000,0.000000,Source: gse20194,0.913043,0.817460,0.926808
ADRM1,0.000000,0.000000,Source: gse20194,0.913043,0.817460,0.926808
C1QTNF3,0.000000,0.000000,Source: gse20194,0.913043,0.817460,0.926808
CYTL1,0.000000,0.000000,Source: gse20194,0.913043,0.817460,0.926808
GALK1,0.000000,0.000000,Source: gse20194,0.913043,0.817460,0.926808
MAPT,0.000000,0.000000,Source: gse20194,0.913043,0.817460,0.926808
KDM4A,0.000000,0.000000,Source: gse20194,0.913043,0.817460,0.926808
ZNF234,0.000000,0.000000,Source: gse20194,0.913043,0.817460,0.926808
GLCE,0.000000,0.000000,Source: gse20194,0.913043,0.817460,0.926808
PDE8A,0.000000,0.000000,Source: gse20194,0.913043,0.817460,0.926808
TOX,0.000000,0.000000,Source: gse20194,0.913043,0.817460,0.926808
DNAJC7,0.000000,0.000000,Source: gse20194,0.913043,0.817460,0.926808
THAP1,0.000000,0.000000,Source: gse20194,0.913043,0.817460,0.926808
CHRD,0.000000,0.000000,Source: gse20194,0.913043,0.817460,0.926808
SPINK1,0.000000,0.000000,Source: gse20194,0.913043,0.817460,0.926808
SCYL2,0.000000,0.000000,Source: gse20194,0.913043,0.817460,0.926808
PSG4,0.000000,0.000000,Source: gse20194,0.913043,0.817460,0.926808
ARAF,0.000000,0.000000,Source: gse20194,0.913043,0.817460,0.926808
MMP19,0.000000,0.000000,Source: gse20194,0.913043,0.817460,0.926808
GRB7,0.000000,0.000000,Source: gse20194,0.913043,0.817460,0.926808
OLFML2B,0.000000,0.000000,Source: gse20194,0.913043,0.817460,0.926808
SNAPC1,0.000000,0.000000,Source: gse20194,0.913043,0.817460,0.926808
RAB40C,0.000000,0.000000,Source: gse20194,0.913043,0.817460,0.926808
SNX4,0.000000,0.000000,Source: gse20194,0.913043,0.817460,0.926808
ZNF778,0.000000,0.000000,Source: gse20194,0.913043,0.817460,0.926808
LSM7,0.000000,0.000000,Source: gse20194,0.913043,0.817460,0.926808
MARCO,0.000000,0.000000,Source: gse20194,0.913043,0.817460,0.926808
EIF4EBP1,0.000000,0.000000,Source: gse20194,0.913043,0.817460,0.926808
GGTLC1,0.000000,0.000000,Source: gse20194,0.913043,0.817460,0.926808
MICAL1,0.000000,0.000000,Source: gse20194,0.913043,0.817460,0.926808
POFUT2,0.000000,0.000000,Source: gse20194,0.913043,0.817460,0.926808
LRIG2,0.000000,0.000000,Source: gse20194,0.913043,0.817460,0.926808
KANSL2,0.000000,0.000000,Source: gse20194,0.913043,0.817460,0.926808
TMEM38B,0.000000,0.000000,Source: gse20194,0.913043,0.817460,0.926808
ZNF43,0.000000,0.000000,Source: gse20194,0.913043,0.817460,0.926808
BTBD7,0.000000,0.000000,Source: gse20194,0.913043,0.817460,0.926808
HLA-DQB2,0.000000,0.000000,Source: gse20194,0.913043,0.817460,0.926808
MRPL39,0.000000,0.000000,Source: gse20194,0.913043,0.817460,0.926808
FAM149A,0.000000,0.000000,Source: gse20194,0.913043,0.817460,0.926808
RBM22,0.000000,0.000000,Source: gse20194,0.913043,0.817460,0.926808
CALCOCO2,0.000000,0.000000,Source: gse20194,0.913043,0.817460,0.926808
ARFIP2,0.000000,0.000000,Source: gse20194,0.913043,0.817460,0.926808
PLTP,0.000000,0.000000,Source: gse20194,0.913043,0.817460,0.926808
TBC1D22A,0.000000,0.000000,Source: gse20194,0.913043,0.817460,0.926808
UGT1A8,0.000000,0.000000,Source: gse20194,0.913043,0.817460,0.926808
MYBPH,0.000000,0.000000,Source: gse20194,0.913043,0.817460,0.926808
EPHX2,0.000000,0.000000,Source: gse20194,0.913043,0.817460,0.926808
KRT35,0.000000,0.000000,Source: gse20194,0.913043,0.817460,0.926808
PDGFRA,0.000000,0.000000,Source: gse20194,0.913043,0.817460,0.926808
CALR,0.000000,0.000000,Source: gse20194,0.913043,0.817460,0.926808
TUBBP5,0.000000,0.000000,Source: gse20194,0.913043,0.817460,0.926808
TGM2,0.000000,0.000000,Source: gse20194,0.913043,0.817460,0.926808
CDHR1,0.000000,0.000000,Source: gse20194,0.913043,0.817460,0.926808
ZNF385D,0.000000,0.000000,Source: gse20194,0.913043,0.817460,0.926808
ABCC8,0.000000,0.000000,Source: gse20194,0.913043,0.817460,0.926808
ONECUT1,0.000000,0.000000,Source: gse20194,0.913043,0.817460,0.926808
ECD,0.000000,0.000000,Source: gse20194,0.913043,0.817460,0.926808
PDLIM5,0.000000,0.000000,Source: gse20194,0.913043,0.817460,0.926808
MANF,0.000000,0.000000,Source: gse20194,0.913043,0.817460,0.926808
INHBE,0.000000,0.000000,Source: gse20194,0.913043,0.817460,0.926808
BECN1,0.000000,0.000000,Source: gse20194,0.913043,0.817460,0.926808
PLAGL1,0.000000,0.000000,Source: gse20194,0.913043,0.817460,0.926808
IDO1,0.000000,0.000000,Source: gse20194,0.913043,0.817460,0.926808
CHST15,0.000000,0.000000,Source: gse20194,0.913043,0.817460,0.926808
SUV39H1,0.000000,0.000000,Source: gse20194,0.913043,0.817460,0.926808
GPM6B,0.000000,0.000000,Source: gse20194,0.913043,0.817460,0.926808
NLRP2,0.000000,0.000000,Source: gse20194,0.913043,0.817460,0.926808
UGT2B4,0.000000,0.000000,Source: gse20194,0.913043,0.817460,0.926808
BRD9,0.000000,0.000000,Source: gse20194,0.913043,0.817460,0.926808
CLSTN3,0.000000,0.000000,Source: gse20194,0.913043,0.817460,0.926808
ARL3,0.000000,0.000000,Source: gse20194,0.913043,0.817460,0.926808
PRSS12,0.000000,0.000000,Source: gse20194,0.913043,0.817460,0.926808
PIGH,0.000000,0.000000,Source: gse20194,0.913043,0.817460,0.926808
MYF6,0.000000,0.000000,Source: gse20194,0.913043,0.817460,0.926808
ATP11A,0.000000,0.000000,Source: gse20194,0.913043,0.817460,0.926808
GLT8D2,0.000000,0.000000,Source: gse20194,0.913043,0.817460,0.926808
CDH1,0.000000,0.000000,Source: gse20194,0.913043,0.817460,0.926808
GDF7,0.000000,0.000000,Source: gse20194,0.913043,0.817460,0.926808
FXR1,0.000000,0.000000,Source: gse20194,0.913043,0.817460,0.926808
NGLY1,0.000000,0.000000,Source: gse20194,0.913043,0.817460,0.926808
PBXIP1,0.000000,0.000000,Source: gse20194,0.913043,0.817460,0.926808
PHACTR4,0.000000,0.000000,Source: gse20194,0.913043,0.817460,0.926808
UCHL3,0.000000,0.000000,Source: gse20194,0.913043,0.817460,0.926808
PHOX2B,0.000000,0.000000,Source: gse20194,0.913043,0.817460,0.926808
RGP1,0.000000,0.000000,Source: gse20194,0.913043,0.817460,0.926808
MAFF,0.000000,0.000000,Source: gse20194,0.913043,0.817460,0.926808
GRINA,0.000000,0.000000,Source: gse20194,0.913043,0.817460,0.926808
VAV1,0.000000,0.000000,Source: gse20194,0.913043,0.817460,0.926808
RIT1,0.000000,0.000000,Source: gse20194,0.913043,0.817460,0.926808
CLMN,0.000000,0.000000,Source: gse20194,0.913043,0.817460,0.926808
FRMD1,0.000000,0.000000,Source: gse20194,0.913043,0.817460,0.926808
RAB3B,0.000000,0.000000,Source: gse20194,0.913043,0.817460,0.926808
APPL1,0.000000,0.000000,Source: gse20194,0.913043,0.817460,0.926808
DSTNP2,0.000000,0.000000,Source: gse20194,0.913043,0.817460,0.926808
MXD1,0.000000,0.000000,Source: gse20194,0.913043,0.817460,0.926808
PPP2R5D,0.000000,0.000000,Source: gse20194,0.913043,0.817460,0.926808
FBN1,0.000000,0.000000,Source: gse20194,0.913043,0.817460,0.926808
PDCD2,0.000000,0.000000,Source: gse20194,0.913043,0.817460,0.926808
EPS15,0.000000,0.000000,Source: gse20194,0.913043,0.817460,0.926808
MOS,0.000000,0.000000,Source: gse20194,0.913043,0.817460,0.926808
BUB3,0.000000,0.000000,Source: gse20194,0.913043,0.817460,0.926808
BSDC1,0.000000,0.000000,Source: gse20194,0.913043,0.817460,0.926808
FES,0.000000,0.000000,Source: gse20194,0.913043,0.817460,0.926808
CLEC4M,0.000000,0.000000,Source: gse20194,0.913043,0.817460,0.926808
MYLK3,0.000000,0.000000,Source: gse20194,0.913043,0.817460,0.926808
UBA7,0.000000,0.000000,Source: gse20194,0.913043,0.817460,0.926808
SNX24,0.000000,0.000000,Source: gse20194,0.913043,0.817460,0.926808
APOA2,0.000000,0.000000,Source: gse20194,0.913043,0.817460,0.926808
DOK4,0.000000,0.000000,Source: gse20194,0.913043,0.817460,0.926808
LEFTY1,0.000000,0.000000,Source: gse20194,0.913043,0.817460,0.926808
DUSP6,0.000000,0.000000,Source: gse20194,0.913043,0.817460,0.926808
SLC4A8,0.000000,0.000000,Source: gse20194,0.913043,0.817460,0.926808
POU3F3,0.000000,0.000000,Source: gse20194,0.913043,0.817460,0.926808
KHK,0.000000,0.000000,Source: gse20194,0.913043,0.817460,0.926808
OR2F1,0.000000,0.000000,Source: gse20194,0.913043,0.817460,0.926808
CNOT8,0.000000,0.000000,Source: gse20194,0.913043,0.817460,0.926808
FAM174B,0.000000,0.000000,Source: gse20194,0.913043,0.817460,0.926808
POLM,0.000000,0.000000,Source: gse20194,0.913043,0.817460,0.926808
SCEL,0.000000,0.000000,Source: gse20194,0.913043,0.817460,0.926808
RFX7,0.000000,0.000000,Source: gse20194,0.913043,0.817460,0.926808
SLC3A2,0.000000,0.000000,Source: gse20194,0.913043,0.817460,0.926808
CHST8,0.000000,0.000000,Source: gse20194,0.913043,0.817460,0.926808
TPP2,0.000000,0.000000,Source: gse20194,0.913043,0.817460,0.926808
ZDHHC4,0.000000,0.000000,Source: gse20194,0.913043,0.817460,0.926808
SPEF1,0.000000,0.000000,Source: gse20194,0.913043,0.817460,0.926808
FKBP1B,0.000000,0.000000,Source: gse20194,0.913043,0.817460,0.926808
CUBN,0.000000,0.000000,Source: gse20194,0.913043,0.817460,0.926808
CLDN18,0.000000,0.000000,Source: gse20194,0.913043,0.817460,0.926808
DNAJB12,0.000000,0.000000,Source: gse20194,0.913043,0.817460,0.926808
NRXN3,0.000000,0.000000,Source: gse20194,0.913043,0.817460,0.926808
COL4A2,0.000000,0.000000,Source: gse20194,0.913043,0.817460,0.926808
USF2,0.000000,0.000000,Source: gse20194,0.913043,0.817460,0.926808
DRG2,0.000000,0.000000,Source: gse20194,0.913043,0.817460,0.926808
MTRF1,0.000000,0.000000,Source: gse20194,0.913043,0.817460,0.926808
TRAPPC2,0.000000,0.000000,Source: gse20194,0.913043,0.817460,0.926808
YOD1,0.000000,0.000000,Source: gse20194,0.913043,0.817460,0.926808
ARMC9,0.000000,0.000000,Source: gse20194,0.913043,0.817460,0.926808
OXA1L,0.000000,0.000000,Source: gse20194,0.913043,0.817460,0.926808
CRYBB2P1,0.000000,0.000000,Source: gse20194,0.913043,0.817460,0.926808
EWSR1,0.000000,0.000000,Source: gse20194,0.913043,0.817460,0.926808
ARG1,0.000000,0.000000,Source: gse20194,0.913043,0.817460,0.926808
PSMD2,0.000000,0.000000,Source: gse20194,0.913043,0.817460,0.926808
SDF4,0.000000,0.000000,Source: gse20194,0.913043,0.817460,0.926808
RNASE4,0.000000,0.000000,Source: gse20194,0.913043,0.817460,0.926808
PITPNC1,0.000000,0.000000,Source: gse20194,0.913043,0.817460,0.926808
REPIN1,0.000000,0.000000,Source: gse20194,0.913043,0.817460,0.926808
MBD3,0.000000,0.000000,Source: gse20194,0.913043,0.817460,0.926808
RNF17,0.000000,0.000000,Source: gse20194,0.913043,0.817460,0.926808
CAMK1D,0.000000,0.000000,Source: gse20194,0.913043,0.817460,0.926808
MFAP5,0.000000,0.000000,Source: gse20194,0.913043,0.817460,0.926808
LY96,0.000000,0.000000,Source: gse20194,0.913043,0.817460,0.926808
SIK3,0.000000,0.000000,Source: gse20194,0.913043,0.817460,0.926808
PCDHB1,0.000000,0.000000,Source: gse20194,0.913043,0.817460,0.926808
DUSP4,0.000000,0.000000,Source: gse20194,0.913043,0.817460,0.926808
TRPM6,0.000000,0.000000,Source: gse20194,0.913043,0.817460,0.926808
GNA12,0.000000,0.000000,Source: gse20194,0.913043,0.817460,0.926808
AIMP2,0.000000,0.000000,Source: gse20194,0.913043,0.817460,0.926808
FGGY,0.000000,0.000000,Source: gse20194,0.913043,0.817460,0.926808
PRG2,0.000000,0.000000,Source: gse20194,0.913043,0.817460,0.926808
ERAL1,0.000000,0.000000,Source: gse20194,0.913043,0.817460,0.926808
NAE1,0.000000,0.000000,Source: gse20194,0.913043,0.817460,0.926808
BAP1,0.000000,0.000000,Source: gse20194,0.913043,0.817460,0.926808
COPA,0.000000,0.000000,Source: gse20194,0.913043,0.817460,0.926808
NQO2,0.000000,0.000000,Source: gse20194,0.913043,0.817460,0.926808
FBP1,0.000000,0.000000,Source: gse20194,0.913043,0.817460,0.926808
ASH1L,0.000000,0.000000,Source: gse20194,0.913043,0.817460,0.926808
MNX1,0.000000,0.000000,Source: gse20194,0.913043,0.817460,0.926808
TRIM22,0.000000,0.000000,Source: gse20194,0.913043,0.817460,0.926808
DEDD,0.000000,0.000000,Source: gse20194,0.913043,0.817460,0.926808
MIS18BP1,0.000000,0.000000,Source: gse20194,0.913043,0.817460,0.926808
GABRA5,0.000000,0.000000,Source: gse20194,0.913043,0.817460,0.926808
LRP10,0.000000,0.000000,Source: gse20194,0.913043,0.817460,0.926808
GPATCH8,0.000000,0.000000,Source: gse20194,0.913043,0.817460,0.926808
MPPED1,0.000000,0.000000,Source: gse20194,0.913043,0.817460,0.926808
CSRNP3,0.000000,0.000000,Source: gse20194,0.913043,0.817460,0.926808
GTF2A2,0.000000,0.000000,Source: gse20194,0.913043,0.817460,0.926808
ZC2HC1C,0.000000,0.000000,Source: gse20194,0.913043,0.817460,0.926808
GPNMB,0.000000,0.000000,Source: gse20194,0.913043,0.817460,0.926808
RPS17,0.000000,0.000000,Source: gse20194,0.913043,0.817460,0.926808
SCGN,0.000000,0.000000,Source: gse20194,0.913043,0.817460,0.926808
PAFAH2,0.000000,0.000000,Source: gse20194,0.913043,0.817460,0.926808
CLDN9,0.000000,0.000000,Source: gse20194,0.913043,0.817460,0.926808
NEUROG1,0.000000,0.000000,Source: gse20194,0.913043,0.817460,0.926808
RBM7,0.000000,0.000000,Source: gse20194,0.913043,0.817460,0.926808
WASL,0.000000,0.000000,Source: gse20194,0.913043,0.817460,0.926808
RNASE1,0.000000,0.000000,Source: gse20194,0.913043,0.817460,0.926808
ESRRG,0.000000,0.000000,Source: gse20194,0.913043,0.817460,0.926808
TFAP2B,0.000000,0.000000,Source: gse20194,0.913043,0.817460,0.926808
TIMM8B,0.000000,0.000000,Source: gse20194,0.913043,0.817460,0.926808
CYP2A6,0.000000,0.000000,Source: gse20194,0.913043,0.817460,0.926808
BIN3,0.000000,0.000000,Source: gse20194,0.913043,0.817460,0.926808
SUV39H2,0.000000,0.000000,Source: gse20194,0.913043,0.817460,0.926808
POLR2G,0.000000,0.000000,Source: gse20194,0.913043,0.817460,0.926808
PSMB2,0.000000,0.000000,Source: gse20194,0.913043,0.817460,0.926808
STAU2,0.000000,0.000000,Source: gse20194,0.913043,0.817460,0.926808
GPRC5A,0.000000,0.000000,Source: gse20194,0.913043,0.817460,0.926808
PMEL,0.000000,0.000000,Source: gse20194,0.913043,0.817460,0.926808
ARMCX5,0.000000,0.000000,Source: gse20194,0.913043,0.817460,0.926808
EBLN2,0.000000,0.000000,Source: gse20194,0.913043,0.817460,0.926808
IPO9,0.000000,0.000000,Source: gse20194,0.913043,0.817460,0.926808
HGS,0.000000,0.000000,Source: gse20194,0.913043,0.817460,0.926808
ORAI3,0.000000,0.000000,Source: gse20194,0.913043,0.817460,0.926808
CDK12,0.000000,0.000000,Source: gse20194,0.913043,0.817460,0.926808
KIF1A,0.000000,0.000000,Source: gse20194,0.913043,0.817460,0.926808
ZBTB25,0.000000,0.000000,Source: gse20194,0.913043,0.817460,0.926808
MTMR6,0.000000,0.000000,Source: gse20194,0.913043,0.817460,0.926808
TANC2,0.000000,0.000000,Source: gse20194,0.913043,0.817460,0.926808
SMYD5,0.000000,0.000000,Source: gse20194,0.913043,0.817460,0.926808
VAMP1,0.000000,0.000000,Source: gse20194,0.913043,0.817460,0.926808
SEMA3E,0.000000,0.000000,Source: gse20194,0.913043,0.817460,0.926808
CTSG,0.000000,0.000000,Source: gse20194,0.913043,0.817460,0.926808
ZHX3,0.000000,0.000000,Source: gse20194,0.913043,0.817460,0.926808
PRDM2,0.000000,0.000000,Source: gse20194,0.913043,0.817460,0.926808
AMN,0.000000,0.000000,Source: gse20194,0.913043,0.817460,0.926808
B3GALT1,0.000000,0.000000,Source: gse20194,0.913043,0.817460,0.926808
TXNIP,0.000000,0.000000,Source: gse20194,0.913043,0.817460,0.926808
ALAS1,0.000000,0.000000,Source: gse20194,0.913043,0.817460,0.926808
XPOT,0.000000,0.000000,Source: gse20194,0.913043,0.817460,0.926808
SLC5A3,0.000000,0.000000,Source: gse20194,0.913043,0.817460,0.926808
TEX261,0.000000,0.000000,Source: gse20194,0.913043,0.817460,0.926808
TMEM120B,0.000000,0.000000,Source: gse20194,0.913043,0.817460,0.926808
CCDC93,0.000000,0.000000,Source: gse20194,0.913043,0.817460,0.926808
KIAA0753,0.000000,0.000000,Source: gse20194,0.913043,0.817460,0.926808
NEFH,0.000000,0.000000,Source: gse20194,0.913043,0.817460,0.926808
CYTH2,0.000000,0.000000,Source: gse20194,0.913043,0.817460,0.926808
CEP41,0.000000,0.000000,Source: gse20194,0.913043,0.817460,0.926808
KCTD17,0.000000,0.000000,Source: gse20194,0.913043,0.817460,0.926808
MYH4,0.000000,0.000000,Source: gse20194,0.913043,0.817460,0.926808
HSD17B8,0.000000,0.000000,Source: gse20194,0.913043,0.817460,0.926808
GPR65,0.000000,0.000000,Source: gse20194,0.913043,0.817460,0.926808
CWH43,0.000000,0.000000,Source: gse20194,0.913043,0.817460,0.926808
GNAI3,0.000000,0.000000,Source: gse20194,0.913043,0.817460,0.926808
GIPR,0.000000,0.000000,Source: gse20194,0.913043,0.817460,0.926808
HYI,0.000000,0.000000,Source: gse20194,0.913043,0.817460,0.926808
IVL,0.000000,0.000000,Source: gse20194,0.913043,0.817460,0.926808
AADAC,0.000000,0.000000,Source: gse20194,0.913043,0.817460,0.926808
TPST2,0.000000,0.000000,Source: gse20194,0.913043,0.817460,0.926808
SCT,0.000000,0.000000,Source: gse20194,0.913043,0.817460,0.926808
PHYH,0.000000,0.000000,Source: gse20194,0.913043,0.817460,0.926808
NOVA2,0.000000,0.000000,Source: gse20194,0.913043,0.817460,0.926808
ITGB2,0.000000,0.000000,Source: gse20194,0.913043,0.817460,0.926808
NLGN1,0.000000,0.000000,Source: gse20194,0.913043,0.817460,0.926808
ATP6V0D1,0.000000,0.000000,Source: gse20194,0.913043,0.817460,0.926808
DDX18,0.000000,0.000000,Source: gse20194,0.913043,0.817460,0.926808
EDC4,0.000000,0.000000,Source: gse20194,0.913043,0.817460,0.926808
UGT2B15,0.000000,0.000000,Source: gse20194,0.913043,0.817460,0.926808
XAB2,0.000000,0.000000,Source: gse20194,0.913043,0.817460,0.926808
ANKRD17,0.000000,0.000000,Source: gse20194,0.913043,0.817460,0.926808
HNRNPAB,0.000000,0.000000,Source: gse20194,0.913043,0.817460,0.926808
LRFN4,0.000000,0.000000,Source: gse20194,0.913043,0.817460,0.926808
VCPIP1,0.000000,0.000000,Source: gse20194,0.913043,0.817460,0.926808
DDB1,0.000000,0.000000,Source: gse20194,0.913043,0.817460,0.926808
POLDIP2,0.000000,0.000000,Source: gse20194,0.913043,0.817460,0.926808
UBE2J1,0.000000,0.000000,Source: gse20194,0.913043,0.817460,0.926808
CEP250,0.000000,0.000000,Source: gse20194,0.913043,0.817460,0.926808
HSP90AA1,0.000000,0.000000,Source: gse20194,0.913043,0.817460,0.926808
GABRP,0.000000,0.000000,Source: gse20194,0.913043,0.817460,0.926808
DSC2,0.000000,0.000000,Source: gse20194,0.913043,0.817460,0.926808
TIMELESS,0.000000,0.000000,Source: gse20194,0.913043,0.817460,0.926808
NEK11,0.000000,0.000000,Source: gse20194,0.913043,0.817460,0.926808
NSUN3,0.000000,0.000000,Source: gse20194,0.913043,0.817460,0.926808
MUTYH,0.000000,0.000000,Source: gse20194,0.913043,0.817460,0.926808
GPX7,0.000000,0.000000,Source: gse20194,0.913043,0.817460,0.926808
POLR2I,0.000000,0.000000,Source: gse20194,0.913043,0.817460,0.926808
RPA1,0.000000,0.000000,Source: gse20194,0.913043,0.817460,0.926808
TMEM50B,0.000000,0.000000,Source: gse20194,0.913043,0.817460,0.926808
MMP16,0.000000,0.000000,Source: gse20194,0.913043,0.817460,0.926808
SERPINF2,0.000000,0.000000,Source: gse20194,0.913043,0.817460,0.926808
PSME1,0.000000,0.000000,Source: gse20194,0.913043,0.817460,0.926808
CST2,0.000000,0.000000,Source: gse20194,0.913043,0.817460,0.926808
NHLH1,0.000000,0.000000,Source: gse20194,0.913043,0.817460,0.926808
USP32,0.000000,0.000000,Source: gse20194,0.913043,0.817460,0.926808
MEN1,0.000000,0.000000,Source: gse20194,0.913043,0.817460,0.926808
B3GAT1,0.000000,0.000000,Source: gse20194,0.913043,0.817460,0.926808
FOXA1,0.000000,0.000000,Source: gse20194,0.913043,0.817460,0.926808
C11orf68,0.000000,0.000000,Source: gse20194,0.913043,0.817460,0.926808
ADIPOR1,0.000000,0.000000,Source: gse20194,0.913043,0.817460,0.926808
FBXO11,0.000000,0.000000,Source: gse20194,0.913043,0.817460,0.926808
FRK,0.000000,0.000000,Source: gse20194,0.913043,0.817460,0.926808
SLC6A1,0.000000,0.000000,Source: gse20194,0.913043,0.817460,0.926808
TPM3,0.000000,0.000000,Source: gse20194,0.913043,0.817460,0.926808
EIF2B5,0.000000,0.000000,Source: gse20194,0.913043,0.817460,0.926808
PCF11,0.000000,0.000000,Source: gse20194,0.913043,0.817460,0.926808
RPE65,0.000000,0.000000,Source: gse20194,0.913043,0.817460,0.926808
SNAP29,0.000000,0.000000,Source: gse20194,0.913043,0.817460,0.926808
CD177,0.000000,0.000000,Source: gse20194,0.913043,0.817460,0.926808
BACH2,0.000000,0.000000,Source: gse20194,0.913043,0.817460,0.926808
ZNF235,0.000000,0.000000,Source: gse20194,0.913043,0.817460,0.926808
RRAS2,0.000000,0.000000,Source: gse20194,0.913043,0.817460,0.926808
OR3A3,0.000000,0.000000,Source: gse20194,0.913043,0.817460,0.926808
ANO2,0.000000,0.000000,Source: gse20194,0.913043,0.817460,0.926808
IFI6,0.000000,0.000000,Source: gse20194,0.913043,0.817460,0.926808
PPP1R16B,0.000000,0.000000,Source: gse20194,0.913043,0.817460,0.926808
TNFRSF10C,0.000000,0.000000,Source: gse20194,0.913043,0.817460,0.926808
MCPH1,0.000000,0.000000,Source: gse20194,0.913043,0.817460,0.926808
CDCA3,0.000000,0.000000,Source: gse20194,0.913043,0.817460,0.926808
GFER,0.000000,0.000000,Source: gse20194,0.913043,0.817460,0.926808
FAM135A,0.000000,0.000000,Source: gse20194,0.913043,0.817460,0.926808
PRKACA,0.000000,0.000000,Source: gse20194,0.913043,0.817460,0.926808
MRPS33,0.000000,0.000000,Source: gse20194,0.913043,0.817460,0.926808
CD248,0.000000,0.000000,Source: gse20194,0.913043,0.817460,0.926808
SERPINA4,0.000000,0.000000,Source: gse20194,0.913043,0.817460,0.926808
SGSM3,0.000000,0.000000,Source: gse20194,0.913043,0.817460,0.926808
SNTG2,0.000000,0.000000,Source: gse20194,0.913043,0.817460,0.926808
ZNF674,0.000000,0.000000,Source: gse20194,0.913043,0.817460,0.926808
C2,0.000000,0.000000,Source: gse20194,0.913043,0.817460,0.926808
SLC6A7,0.000000,0.000000,Source: gse20194,0.913043,0.817460,0.926808
CCDC40,0.000000,0.000000,Source: gse20194,0.913043,0.817460,0.926808
RAB21,0.000000,0.000000,Source: gse20194,0.913043,0.817460,0.926808
TAF13,0.000000,0.000000,Source: gse20194,0.913043,0.817460,0.926808
FZD3,0.000000,0.000000,Source: gse20194,0.913043,0.817460,0.926808
KRT17,0.000000,0.000000,Source: gse20194,0.913043,0.817460,0.926808
DIP2C,0.000000,0.000000,Source: gse20194,0.913043,0.817460,0.926808
LCN2,0.000000,0.000000,Source: gse20194,0.913043,0.817460,0.926808
UBR7,0.000000,0.000000,Source: gse20194,0.913043,0.817460,0.926808
CH25H,0.000000,0.000000,Source: gse20194,0.913043,0.817460,0.926808
MRPL34,0.000000,0.000000,Source: gse20194,0.913043,0.817460,0.926808
UBE2A,0.000000,0.000000,Source: gse20194,0.913043,0.817460,0.926808
TUBGCP3,0.000000,0.000000,Source: gse20194,0.913043,0.817460,0.926808
TULP1,0.000000,0.000000,Source: gse20194,0.913043,0.817460,0.926808
RRP15,0.000000,0.000000,Source: gse20194,0.913043,0.817460,0.926808
MAFG,0.000000,0.000000,Source: gse20194,0.913043,0.817460,0.926808
RPF1,0.000000,0.000000,Source: gse20194,0.913043,0.817460,0.926808
IGSF3,0.000000,0.000000,Source: gse20194,0.913043,0.817460,0.926808
SLC26A1,0.000000,0.000000,Source: gse20194,0.913043,0.817460,0.926808
AP4E1,0.000000,0.000000,Source: gse20194,0.913043,0.817460,0.926808
MAPKAPK2,0.000000,0.000000,Source: gse20194,0.913043,0.817460,0.926808
SH3GL1,0.000000,0.000000,Source: gse20194,0.913043,0.817460,0.926808
SNAP23,0.000000,0.000000,Source: gse20194,0.913043,0.817460,0.926808
ALDH6A1,0.000000,0.000000,Source: gse20194,0.913043,0.817460,0.926808
EPB42,0.000000,0.000000,Source: gse20194,0.913043,0.817460,0.926808
NKRF,0.000000,0.000000,Source: gse20194,0.913043,0.817460,0.926808
IGFLR1,0.000000,0.000000,Source: gse20194,0.913043,0.817460,0.926808
MLH3,0.000000,0.000000,Source: gse20194,0.913043,0.817460,0.926808
CXCL11,0.000000,0.000000,Source: gse20194,0.913043,0.817460,0.926808
CYP17A1,0.000000,0.000000,Source: gse20194,0.913043,0.817460,0.926808
MRM1,0.000000,0.000000,Source: gse20194,0.913043,0.817460,0.926808
GYPA,0.000000,0.000000,Source: gse20194,0.913043,0.817460,0.926808
CNKSR1,0.000000,0.000000,Source: gse20194,0.913043,0.817460,0.926808
MMP26,0.000000,0.000000,Source: gse20194,0.913043,0.817460,0.926808
ALK,0.000000,0.000000,Source: gse20194,0.913043,0.817460,0.926808
PHF8,0.000000,0.000000,Source: gse20194,0.913043,0.817460,0.926808
SLC18A2,0.000000,0.000000,Source: gse20194,0.913043,0.817460,0.926808
MAP4K3,0.000000,0.000000,Source: gse20194,0.913043,0.817460,0.926808
CLPX,0.000000,0.000000,Source: gse20194,0.913043,0.817460,0.926808
KHDRBS2,0.000000,0.000000,Source: gse20194,0.913043,0.817460,0.926808
MARK3,0.000000,0.000000,Source: gse20194,0.913043,0.817460,0.926808
ABT1,0.000000,0.000000,Source: gse20194,0.913043,0.817460,0.926808
DHRS7,0.000000,0.000000,Source: gse20194,0.913043,0.817460,0.926808
PRKCG,0.000000,0.000000,Source: gse20194,0.913043,0.817460,0.926808
GALNT14,0.000000,0.000000,Source: gse20194,0.913043,0.817460,0.926808
GCDH,0.000000,0.000000,Source: gse20194,0.913043,0.817460,0.926808
HHAT,0.000000,0.000000,Source: gse20194,0.913043,0.817460,0.926808
CYP26A1,0.000000,0.000000,Source: gse20194,0.913043,0.817460,0.926808
TRANK1,0.000000,0.000000,Source: gse20194,0.913043,0.817460,0.926808
MYO1E,0.000000,0.000000,Source: gse20194,0.913043,0.817460,0.926808
STK32B,0.000000,0.000000,Source: gse20194,0.913043,0.817460,0.926808
SLC17A9,0.000000,0.000000,Source: gse20194,0.913043,0.817460,0.926808
GTPBP8,0.000000,0.000000,Source: gse20194,0.913043,0.817460,0.926808
COX6B1,0.000000,0.000000,Source: gse20194,0.913043,0.817460,0.926808
PCYT2,0.000000,0.000000,Source: gse20194,0.913043,0.817460,0.926808
MARCKSL1,0.000000,0.000000,Source: gse20194,0.913043,0.817460,0.926808
PDLIM7,0.000000,0.000000,Source: gse20194,0.913043,0.817460,0.926808
PCK2,0.000000,0.000000,Source: gse20194,0.913043,0.817460,0.926808
C1orf174,0.000000,0.000000,Source: gse20194,0.913043,0.817460,0.926808
PSMB3,0.000000,0.000000,Source: gse20194,0.913043,0.817460,0.926808
TMEM156,0.000000,0.000000,Source: gse20194,0.913043,0.817460,0.926808
RRP1B,0.000000,0.000000,Source: gse20194,0.913043,0.817460,0.926808
TRMT61A,0.000000,0.000000,Source: gse20194,0.913043,0.817460,0.926808
ACADL,0.000000,0.000000,Source: gse20194,0.913043,0.817460,0.926808
OTUD3,0.000000,0.000000,Source: gse20194,0.913043,0.817460,0.926808
JAG2,0.000000,0.000000,Source: gse20194,0.913043,0.817460,0.926808
ETV1,0.000000,0.000000,Source: gse20194,0.913043,0.817460,0.926808
CROCCP2,0.000000,0.000000,Source: gse20194,0.913043,0.817460,0.926808
LYRM4,0.000000,0.000000,Source: gse20194,0.913043,0.817460,0.926808
SLC4A4,0.000000,0.000000,Source: gse20194,0.913043,0.817460,0.926808
GMPPA,0.000000,0.000000,Source: gse20194,0.913043,0.817460,0.926808
STIL,0.000000,0.000000,Source: gse20194,0.913043,0.817460,0.926808
DHPS,0.000000,0.000000,Source: gse20194,0.913043,0.817460,0.926808
PLXNB2,0.000000,0.000000,Source: gse20194,0.913043,0.817460,0.926808
RWDD2B,0.000000,0.000000,Source: gse20194,0.913043,0.817460,0.926808
HMOX1,0.000000,0.000000,Source: gse20194,0.913043,0.817460,0.926808
ANXA13,0.000000,0.000000,Source: gse20194,0.913043,0.817460,0.926808
PLCB2,0.000000,0.000000,Source: gse20194,0.913043,0.817460,0.926808
ZBTB17,0.000000,0.000000,Source: gse20194,0.913043,0.817460,0.926808
STAP1,0.000000,0.000000,Source: gse20194,0.913043,0.817460,0.926808
OAZ3,0.000000,0.000000,Source: gse20194,0.913043,0.817460,0.926808
TWIST1,0.000000,0.000000,Source: gse20194,0.913043,0.817460,0.926808
ALOX15B,0.000000,0.000000,Source: gse20194,0.913043,0.817460,0.926808
CHST3,0.000000,0.000000,Source: gse20194,0.913043,0.817460,0.926808
METRN,0.000000,0.000000,Source: gse20194,0.913043,0.817460,0.926808
PTPRU,0.000000,0.000000,Source: gse20194,0.913043,0.817460,0.926808
GRIA1,0.000000,0.000000,Source: gse20194,0.913043,0.817460,0.926808
TSKS,0.000000,0.000000,Source: gse20194,0.913043,0.817460,0.926808
AOAH,0.000000,0.000000,Source: gse20194,0.913043,0.817460,0.926808
IER5,0.000000,0.000000,Source: gse20194,0.913043,0.817460,0.926808
PARVA,0.000000,0.000000,Source: gse20194,0.913043,0.817460,0.926808
CMAS,0.000000,0.000000,Source: gse20194,0.913043,0.817460,0.926808
TRIM56,0.000000,0.000000,Source: gse20194,0.913043,0.817460,0.926808
ZNF239,0.000000,0.000000,Source: gse20194,0.913043,0.817460,0.926808
LARP4,0.000000,0.000000,Source: gse20194,0.913043,0.817460,0.926808
POU4F1,0.000000,0.000000,Source: gse20194,0.913043,0.817460,0.926808
PTPN3,0.000000,0.000000,Source: gse20194,0.913043,0.817460,0.926808
SUPT3H,0.000000,0.000000,Source: gse20194,0.913043,0.817460,0.926808
MAPRE3,0.000000,0.000000,Source: gse20194,0.913043,0.817460,0.926808
MTA1,0.000000,0.000000,Source: gse20194,0.913043,0.817460,0.926808
EXOC7,0.000000,0.000000,Source: gse20194,0.913043,0.817460,0.926808
FAM193A,0.000000,0.000000,Source: gse20194,0.913043,0.817460,0.926808
STMN3,0.000000,0.000000,Source: gse20194,0.913043,0.817460,0.926808
SF3A2,0.000000,0.000000,Source: gse20194,0.913043,0.817460,0.926808
QPCT,0.000000,0.000000,Source: gse20194,0.913043,0.817460,0.926808
SCFD1,0.000000,0.000000,Source: gse20194,0.913043,0.817460,0.926808
WRAP73,0.000000,0.000000,Source: gse20194,0.913043,0.817460,0.926808
DHX16,0.000000,0.000000,Source: gse20194,0.913043,0.817460,0.926808
CELSR1,0.000000,0.000000,Source: gse20194,0.913043,0.817460,0.926808
ARL2,0.000000,0.000000,Source: gse20194,0.913043,0.817460,0.926808
KPNA6,0.000000,0.000000,Source: gse20194,0.913043,0.817460,0.926808
REM1,0.000000,0.000000,Source: gse20194,0.913043,0.817460,0.926808
CLP1,0.000000,0.000000,Source: gse20194,0.913043,0.817460,0.926808
XPNPEP2,0.000000,0.000000,Source: gse20194,0.913043,0.817460,0.926808
MEX3D,0.000000,0.000000,Source: gse20194,0.913043,0.817460,0.926808
MUC1,0.000000,0.000000,Source: gse20194,0.913043,0.817460,0.926808
AK1,0.000000,0.000000,Source: gse20194,0.913043,0.817460,0.926808
NSD1,0.000000,0.000000,Source: gse20194,0.913043,0.817460,0.926808
SPP2,0.000000,0.000000,Source: gse20194,0.913043,0.817460,0.926808
DIO3,0.000000,0.000000,Source: gse20194,0.913043,0.817460,0.926808
ACSM3,0.000000,0.000000,Source: gse20194,0.913043,0.817460,0.926808
SLC1A1,0.000000,0.000000,Source: gse20194,0.913043,0.817460,0.926808
DRD1,0.000000,0.000000,Source: gse20194,0.913043,0.817460,0.926808
NAP1L4,0.000000,0.000000,Source: gse20194,0.913043,0.817460,0.926808
AMD1,0.000000,0.000000,Source: gse20194,0.913043,0.817460,0.926808
TYRP1,0.000000,0.000000,Source: gse20194,0.913043,0.817460,0.926808
AGER,0.000000,0.000000,Source: gse20194,0.913043,0.817460,0.926808
GTPBP2,0.000000,0.000000,Source: gse20194,0.913043,0.817460,0.926808
PPT1,0.000000,0.000000,Source: gse20194,0.913043,0.817460,0.926808
TNFRSF10B,0.000000,0.000000,Source: gse20194,0.913043,0.817460,0.926808
BCAT1,0.000000,0.000000,Source: gse20194,0.913043,0.817460,0.926808
PSMD13,0.000000,0.000000,Source: gse20194,0.913043,0.817460,0.926808
TNFSF18,0.000000,0.000000,Source: gse20194,0.913043,0.817460,0.926808
EFNA5,0.000000,0.000000,Source: gse20194,0.913043,0.817460,0.926808
GPATCH2,0.000000,0.000000,Source: gse20194,0.913043,0.817460,0.926808
ACTG2,0.000000,0.000000,Source: gse20194,0.913043,0.817460,0.926808
TACSTD2,0.000000,0.000000,Source: gse20194,0.913043,0.817460,0.926808
CANT1,0.000000,0.000000,Source: gse20194,0.913043,0.817460,0.926808
PROC,0.000000,0.000000,Source: gse20194,0.913043,0.817460,0.926808
CHI3L2,0.000000,0.000000,Source: gse20194,0.913043,0.817460,0.926808
HDC,0.000000,0.000000,Source: gse20194,0.913043,0.817460,0.926808
MYBL1,0.000000,0.000000,Source: gse20194,0.913043,0.817460,0.926808
BAZ1A,0.000000,0.000000,Source: gse20194,0.913043,0.817460,0.926808
ILKAP,0.000000,0.000000,Source: gse20194,0.913043,0.817460,0.926808
NDUFC1,0.000000,0.000000,Source: gse20194,0.913043,0.817460,0.926808
PPP4C,0.000000,0.000000,Source: gse20194,0.913043,0.817460,0.926808
UBXN7,0.000000,0.000000,Source: gse20194,0.913043,0.817460,0.926808
HS3ST3B1,0.000000,0.000000,Source: gse20194,0.913043,0.817460,0.926808
CCR7,0.000000,0.000000,Source: gse20194,0.913043,0.817460,0.926808
HTR3A,0.000000,0.000000,Source: gse20194,0.913043,0.817460,0.926808
CCNG2,0.000000,0.000000,Source: gse20194,0.913043,0.817460,0.926808
SPTAN1,0.000000,0.000000,Source: gse20194,0.913043,0.817460,0.926808
SNCAIP,0.000000,0.000000,Source: gse20194,0.913043,0.817460,0.926808
WRNIP1,0.000000,0.000000,Source: gse20194,0.913043,0.817460,0.926808
CSF3,0.000000,0.000000,Source: gse20194,0.913043,0.817460,0.926808
SQLE,0.000000,0.000000,Source: gse20194,0.913043,0.817460,0.926808
ANO1,0.000000,0.000000,Source: gse20194,0.913043,0.817460,0.926808
ASCL3,0.000000,0.000000,Source: gse20194,0.913043,0.817460,0.926808
PARVB,0.000000,0.000000,Source: gse20194,0.913043,0.817460,0.926808
ITGA8,0.000000,0.000000,Source: gse20194,0.913043,0.817460,0.926808
JRKL,0.000000,0.000000,Source: gse20194,0.913043,0.817460,0.926808
GRAMD1B,0.000000,0.000000,Source: gse20194,0.913043,0.817460,0.926808
CAV1,0.000000,0.000000,Source: gse20194,0.913043,0.817460,0.926808
SMR3A,0.000000,0.000000,Source: gse20194,0.913043,0.817460,0.926808
IL32,0.000000,0.000000,Source: gse20194,0.913043,0.817460,0.926808
ZNF202,0.000000,0.000000,Source: gse20194,0.913043,0.817460,0.926808
FOXJ1,0.000000,0.000000,Source: gse20194,0.913043,0.817460,0.926808
CAMSAP2,0.000000,0.000000,Source: gse20194,0.913043,0.817460,0.926808
YLPM1,0.000000,0.000000,Source: gse20194,0.913043,0.817460,0.926808
ETV6,0.000000,0.000000,Source: gse20194,0.913043,0.817460,0.926808
SF3B2,0.000000,0.000000,Source: gse20194,0.913043,0.817460,0.926808
LPCAT4,0.000000,0.000000,Source: gse20194,0.913043,0.817460,0.926808
LRRC19,0.000000,0.000000,Source: gse20194,0.913043,0.817460,0.926808
HSD17B1,0.000000,0.000000,Source: gse20194,0.913043,0.817460,0.926808
NADSYN1,0.000000,0.000000,Source: gse20194,0.913043,0.817460,0.926808
HERC1,0.000000,0.000000,Source: gse20194,0.913043,0.817460,0.926808
TMPRSS6,0.000000,0.000000,Source: gse20194,0.913043,0.817460,0.926808
ZBED5,0.000000,0.000000,Source: gse20194,0.913043,0.817460,0.926808
STK10,0.000000,0.000000,Source: gse20194,0.913043,0.817460,0.926808
NMUR1,0.000000,0.000000,Source: gse20194,0.913043,0.817460,0.926808
MPZL2,0.000000,0.000000,Source: gse20194,0.913043,0.817460,0.926808
ANGPTL7,0.000000,0.000000,Source: gse20194,0.913043,0.817460,0.926808
AP1B1,0.000000,0.000000,Source: gse20194,0.913043,0.817460,0.926808
HERC6,0.000000,0.000000,Source: gse20194,0.913043,0.817460,0.926808
SNTB1,0.000000,0.000000,Source: gse20194,0.913043,0.817460,0.926808
BBOX1,0.000000,0.000000,Source: gse20194,0.913043,0.817460,0.926808
LY6G5C,0.000000,0.000000,Source: gse20194,0.913043,0.817460,0.926808
TUBB2A,0.000000,0.000000,Source: gse20194,0.913043,0.817460,0.926808
LEPROT,0.000000,0.000000,Source: gse20194,0.913043,0.817460,0.926808
CTLA4,0.000000,0.000000,Source: gse20194,0.913043,0.817460,0.926808
PITX1,0.000000,0.000000,Source: gse20194,0.913043,0.817460,0.926808
SLC25A32,0.000000,0.000000,Source: gse20194,0.913043,0.817460,0.926808
SERPINF1,0.000000,0.000000,Source: gse20194,0.913043,0.817460,0.926808
NUDT4,0.000000,0.000000,Source: gse20194,0.913043,0.817460,0.926808
NFS1,0.000000,0.000000,Source: gse20194,0.913043,0.817460,0.926808
SLC3A1,0.000000,0.000000,Source: gse20194,0.913043,0.817460,0.926808
SLC7A7,0.000000,0.000000,Source: gse20194,0.913043,0.817460,0.926808
MLC1,0.000000,0.000000,Source: gse20194,0.913043,0.817460,0.926808
TM2D1,0.000000,0.000000,Source: gse20194,0.913043,0.817460,0.926808
PAX9,0.000000,0.000000,Source: gse20194,0.913043,0.817460,0.926808
RBBP8,0.000000,0.000000,Source: gse20194,0.913043,0.817460,0.926808
DDX17,0.000000,0.000000,Source: gse20194,0.913043,0.817460,0.926808
NKIRAS2,0.000000,0.000000,Source: gse20194,0.913043,0.817460,0.926808
TNFRSF1A,0.000000,0.000000,Source: gse20194,0.913043,0.817460,0.926808
HPN,0.000000,0.000000,Source: gse20194,0.913043,0.817460,0.926808
NPC1,0.000000,0.000000,Source: gse20194,0.913043,0.817460,0.926808
TRPM8,0.000000,0.000000,Source: gse20194,0.913043,0.817460,0.926808
PARM1,0.000000,0.000000,Source: gse20194,0.913043,0.817460,0.926808
CORIN,0.000000,0.000000,Source: gse20194,0.913043,0.817460,0.926808
HOXA6,0.000000,0.000000,Source: gse20194,0.913043,0.817460,0.926808
PAFAH1B3,0.000000,0.000000,Source: gse20194,0.913043,0.817460,0.926808
CD27,0.000000,0.000000,Source: gse20194,0.913043,0.817460,0.926808
ADCY10,0.000000,0.000000,Source: gse20194,0.913043,0.817460,0.926808
WNT3,0.000000,0.000000,Source: gse20194,0.913043,0.817460,0.926808
CPNE6,0.000000,0.000000,Source: gse20194,0.913043,0.817460,0.926808
LINC00260,0.000000,0.000000,Source: gse20194,0.913043,0.817460,0.926808
KPNA5,0.000000,0.000000,Source: gse20194,0.913043,0.817460,0.926808
RTN3,0.000000,0.000000,Source: gse20194,0.913043,0.817460,0.926808
HIVEP1,0.000000,0.000000,Source: gse20194,0.913043,0.817460,0.926808
ID2,0.000000,0.000000,Source: gse20194,0.913043,0.817460,0.926808
SCAMP2,0.000000,0.000000,Source: gse20194,0.913043,0.817460,0.926808
ARHGEF17,0.000000,0.000000,Source: gse20194,0.913043,0.817460,0.926808
DUSP12,0.000000,0.000000,Source: gse20194,0.913043,0.817460,0.926808
TMEM87A,0.000000,0.000000,Source: gse20194,0.913043,0.817460,0.926808
GDF11,0.000000,0.000000,Source: gse20194,0.913043,0.817460,0.926808
NFATC2IP,0.000000,0.000000,Source: gse20194,0.913043,0.817460,0.926808
TRAF4,0.000000,0.000000,Source: gse20194,0.913043,0.817460,0.926808
HEPH,0.000000,0.000000,Source: gse20194,0.913043,0.817460,0.926808
ZNF556,0.000000,0.000000,Source: gse20194,0.913043,0.817460,0.926808
LBR,0.000000,0.000000,Source: gse20194,0.913043,0.817460,0.926808
BFAR,0.000000,0.000000,Source: gse20194,0.913043,0.817460,0.926808
CKS2,0.000000,0.000000,Source: gse20194,0.913043,0.817460,0.926808
NUCB2,0.000000,0.000000,Source: gse20194,0.913043,0.817460,0.926808
LIN28A,0.000000,0.000000,Source: gse20194,0.913043,0.817460,0.926808
RCBTB1,0.000000,0.000000,Source: gse20194,0.913043,0.817460,0.926808
SEMA5A,0.000000,0.000000,Source: gse20194,0.913043,0.817460,0.926808
RPA4,0.000000,0.000000,Source: gse20194,0.913043,0.817460,0.926808
AHNAK2,0.000000,0.000000,Source: gse20194,0.913043,0.817460,0.926808
CYP2C9,0.000000,0.000000,Source: gse20194,0.913043,0.817460,0.926808
C14orf93,0.000000,0.000000,Source: gse20194,0.913043,0.817460,0.926808
GRB2,0.000000,0.000000,Source: gse20194,0.913043,0.817460,0.926808
DNTTIP2,0.000000,0.000000,Source: gse20194,0.913043,0.817460,0.926808
FAM120C,0.000000,0.000000,Source: gse20194,0.913043,0.817460,0.926808
ANP32A,0.000000,0.000000,Source: gse20194,0.913043,0.817460,0.926808
RGS1,0.000000,0.000000,Source: gse20194,0.913043,0.817460,0.926808
TP53I11,0.000000,0.000000,Source: gse20194,0.913043,0.817460,0.926808
PARP6,0.000000,0.000000,Source: gse20194,0.913043,0.817460,0.926808
CYP4F3,0.000000,0.000000,Source: gse20194,0.913043,0.817460,0.926808
MYL12A,0.000000,0.000000,Source: gse20194,0.913043,0.817460,0.926808
MTAP,0.000000,0.000000,Source: gse20194,0.913043,0.817460,0.926808
SLC45A2,0.000000,0.000000,Source: gse20194,0.913043,0.817460,0.926808
KCNJ6,0.000000,0.000000,Source: gse20194,0.913043,0.817460,0.926808
ASIP,0.000000,0.000000,Source: gse20194,0.913043,0.817460,0.926808
TSR2,0.000000,0.000000,Source: gse20194,0.913043,0.817460,0.926808
PDE3A,0.000000,0.000000,Source: gse20194,0.913043,0.817460,0.926808
S100A11,0.000000,0.000000,Source: gse20194,0.913043,0.817460,0.926808
C1QTNF1,0.000000,0.000000,Source: gse20194,0.913043,0.817460,0.926808
ARL6IP4,0.000000,0.000000,Source: gse20194,0.913043,0.817460,0.926808
VPS53,0.000000,0.000000,Source: gse20194,0.913043,0.817460,0.926808
SSTR2,0.000000,0.000000,Source: gse20194,0.913043,0.817460,0.926808
PARPBP,0.000000,0.000000,Source: gse20194,0.913043,0.817460,0.926808
CDYL,0.000000,0.000000,Source: gse20194,0.913043,0.817460,0.926808
CDKAL1,0.000000,0.000000,Source: gse20194,0.913043,0.817460,0.926808
SSR3,0.000000,0.000000,Source: gse20194,0.913043,0.817460,0.926808
KCNQ2,0.000000,0.000000,Source: gse20194,0.913043,0.817460,0.926808
EXOC6B,0.000000,0.000000,Source: gse20194,0.913043,0.817460,0.926808
CREG1,0.000000,0.000000,Source: gse20194,0.913043,0.817460,0.926808
MTMR4,0.000000,0.000000,Source: gse20194,0.913043,0.817460,0.926808
NR4A1,0.000000,0.000000,Source: gse20194,0.913043,0.817460,0.926808
GRSF1,0.000000,0.000000,Source: gse20194,0.913043,0.817460,0.926808
CD82,0.000000,0.000000,Source: gse20194,0.913043,0.817460,0.926808
FBXL12,0.000000,0.000000,Source: gse20194,0.913043,0.817460,0.926808
YKT6,0.000000,0.000000,Source: gse20194,0.913043,0.817460,0.926808
SCN11A,0.000000,0.000000,Source: gse20194,0.913043,0.817460,0.926808
CDK1,0.000000,0.000000,Source: gse20194,0.913043,0.817460,0.926808
CHST7,0.000000,0.000000,Source: gse20194,0.913043,0.817460,0.926808
PXDC1,0.000000,0.000000,Source: gse20194,0.913043,0.817460,0.926808
CD1A,0.000000,0.000000,Source: gse20194,0.913043,0.817460,0.926808
ITGA4,0.000000,0.000000,Source: gse20194,0.913043,0.817460,0.926808
NIT1,0.000000,0.000000,Source: gse20194,0.913043,0.817460,0.926808
EML4,0.000000,0.000000,Source: gse20194,0.913043,0.817460,0.926808
SERP1,0.000000,0.000000,Source: gse20194,0.913043,0.817460,0.926808
SCN5A,0.000000,0.000000,Source: gse20194,0.913043,0.817460,0.926808
GBP1,0.000000,0.000000,Source: gse20194,0.913043,0.817460,0.926808
LANCL1,0.000000,0.000000,Source: gse20194,0.913043,0.817460,0.926808
TRDMT1,0.000000,0.000000,Source: gse20194,0.913043,0.817460,0.926808
TRPC3,0.000000,0.000000,Source: gse20194,0.913043,0.817460,0.926808
SAMD9,0.000000,0.000000,Source: gse20194,0.913043,0.817460,0.926808
PSMB1,0.000000,0.000000,Source: gse20194,0.913043,0.817460,0.926808
SCAF11,0.000000,0.000000,Source: gse20194,0.913043,0.817460,0.926808
HEXB,0.000000,0.000000,Source: gse20194,0.913043,0.817460,0.926808
EFNA4,0.000000,0.000000,Source: gse20194,0.913043,0.817460,0.926808
SPEG,0.000000,0.000000,Source: gse20194,0.913043,0.817460,0.926808
TP53TG1,0.000000,0.000000,Source: gse20194,0.913043,0.817460,0.926808
PTGS1,0.000000,0.000000,Source: gse20194,0.913043,0.817460,0.926808
IL22RA1,0.000000,0.000000,Source: gse20194,0.913043,0.817460,0.926808
TIMM50,0.000000,0.000000,Source: gse20194,0.913043,0.817460,0.926808
COQ7,0.000000,0.000000,Source: gse20194,0.913043,0.817460,0.926808
ZNF189,0.000000,0.000000,Source: gse20194,0.913043,0.817460,0.926808
RPRD1A,0.000000,0.000000,Source: gse20194,0.913043,0.817460,0.926808
ZHX2,0.000000,0.000000,Source: gse20194,0.913043,0.817460,0.926808
GALK2,0.000000,0.000000,Source: gse20194,0.913043,0.817460,0.926808
GULP1,0.000000,0.000000,Source: gse20194,0.913043,0.817460,0.926808
IL1RAPL2,0.000000,0.000000,Source: gse20194,0.913043,0.817460,0.926808
TIMP4,0.000000,0.000000,Source: gse20194,0.913043,0.817460,0.926808
KCNJ10,0.000000,0.000000,Source: gse20194,0.913043,0.817460,0.926808
UNC5B,0.000000,0.000000,Source: gse20194,0.913043,0.817460,0.926808
SWAP70,0.000000,0.000000,Source: gse20194,0.913043,0.817460,0.926808
GRB10,0.000000,0.000000,Source: gse20194,0.913043,0.817460,0.926808
VSIG4,0.000000,0.000000,Source: gse20194,0.913043,0.817460,0.926808
YAP1,0.000000,0.000000,Source: gse20194,0.913043,0.817460,0.926808
SEC23A,0.000000,0.000000,Source: gse20194,0.913043,0.817460,0.926808
MYH6,0.000000,0.000000,Source: gse20194,0.913043,0.817460,0.926808
ENO2,0.000000,0.000000,Source: gse20194,0.913043,0.817460,0.926808
MYO10,0.000000,0.000000,Source: gse20194,0.913043,0.817460,0.926808
SH2B2,0.000000,0.000000,Source: gse20194,0.913043,0.817460,0.926808
CDC42EP3,0.000000,0.000000,Source: gse20194,0.913043,0.817460,0.926808
SLFN12,0.000000,0.000000,Source: gse20194,0.913043,0.817460,0.926808
TNF,0.000000,0.000000,Source: gse20194,0.913043,0.817460,0.926808
TTYH1,0.000000,0.000000,Source: gse20194,0.913043,0.817460,0.926808
GOT1,0.000000,0.000000,Source: gse20194,0.913043,0.817460,0.926808
RUVBL2,0.000000,0.000000,Source: gse20194,0.913043,0.817460,0.926808
ZNF430,0.000000,0.000000,Source: gse20194,0.913043,0.817460,0.926808
HOXD11,0.000000,0.000000,Source: gse20194,0.913043,0.817460,0.926808
B3GNT3,0.000000,0.000000,Source: gse20194,0.913043,0.817460,0.926808
CEP63,0.000000,0.000000,Source: gse20194,0.913043,0.817460,0.926808
SLC19A2,0.000000,0.000000,Source: gse20194,0.913043,0.817460,0.926808
ANKRD12,0.000000,0.000000,Source: gse20194,0.913043,0.817460,0.926808
LRBA,0.000000,0.000000,Source: gse20194,0.913043,0.817460,0.926808
S100A13,0.000000,0.000000,Source: gse20194,0.913043,0.817460,0.926808
GEMIN4,0.000000,0.000000,Source: gse20194,0.913043,0.817460,0.926808
MVD,0.000000,0.000000,Source: gse20194,0.913043,0.817460,0.926808
CCNH,0.000000,0.000000,Source: gse20194,0.913043,0.817460,0.926808
DUSP10,0.000000,0.000000,Source: gse20194,0.913043,0.817460,0.926808
CHMP6,0.000000,0.000000,Source: gse20194,0.913043,0.817460,0.926808
HAND1,0.000000,0.000000,Source: gse20194,0.913043,0.817460,0.926808
PSMD5,0.000000,0.000000,Source: gse20194,0.913043,0.817460,0.926808
CEACAM3,0.000000,0.000000,Source: gse20194,0.913043,0.817460,0.926808
HBG2,0.000000,0.000000,Source: gse20194,0.913043,0.817460,0.926808
CD84,0.000000,0.000000,Source: gse20194,0.913043,0.817460,0.926808
NCKAP1,0.000000,0.000000,Source: gse20194,0.913043,0.817460,0.926808
CA9,0.000000,0.000000,Source: gse20194,0.913043,0.817460,0.926808
GTF2I,0.000000,0.000000,Source: gse20194,0.913043,0.817460,0.926808
DPY19L1P1,0.000000,0.000000,Source: gse20194,0.913043,0.817460,0.926808
CADPS2,0.000000,0.000000,Source: gse20194,0.913043,0.817460,0.926808
FOSL1,0.000000,0.000000,Source: gse20194,0.913043,0.817460,0.926808
ABR,0.000000,0.000000,Source: gse20194,0.913043,0.817460,0.926808
GATA1,0.000000,0.000000,Source: gse20194,0.913043,0.817460,0.926808
IL1RL1,0.000000,0.000000,Source: gse20194,0.913043,0.817460,0.926808
NFYC,0.000000,0.000000,Source: gse20194,0.913043,0.817460,0.926808
RIMBP2,0.000000,0.000000,Source: gse20194,0.913043,0.817460,0.926808
TRIM24,0.000000,0.000000,Source: gse20194,0.913043,0.817460,0.926808
SERPINB5,0.000000,0.000000,Source: gse20194,0.913043,0.817460,0.926808
MCC,0.000000,0.000000,Source: gse20194,0.913043,0.817460,0.926808
PILRA,0.000000,0.000000,Source: gse20194,0.913043,0.817460,0.926808
USP25,0.000000,0.000000,Source: gse20194,0.913043,0.817460,0.926808
CDSN,0.000000,0.000000,Source: gse20194,0.913043,0.817460,0.926808
NUP50,0.000000,0.000000,Source: gse20194,0.913043,0.817460,0.926808
ZCCHC24,0.000000,0.000000,Source: gse20194,0.913043,0.817460,0.926808
HOXA1,0.000000,0.000000,Source: gse20194,0.913043,0.817460,0.926808
QRICH1,0.000000,0.000000,Source: gse20194,0.913043,0.817460,0.926808
RERGL,0.000000,0.000000,Source: gse20194,0.913043,0.817460,0.926808
RAD51B,0.000000,0.000000,Source: gse20194,0.913043,0.817460,0.926808
MAGEH1,0.000000,0.000000,Source: gse20194,0.913043,0.817460,0.926808
IPO4,0.000000,0.000000,Source: gse20194,0.913043,0.817460,0.926808
CCL22,0.000000,0.000000,Source: gse20194,0.913043,0.817460,0.926808
ACVR1,0.000000,0.000000,Source: gse20194,0.913043,0.817460,0.926808
SS18,0.000000,0.000000,Source: gse20194,0.913043,0.817460,0.926808
SFTPD,0.000000,0.000000,Source: gse20194,0.913043,0.817460,0.926808
CENPN,0.000000,0.000000,Source: gse20194,0.913043,0.817460,0.926808
TRAF3,0.000000,0.000000,Source: gse20194,0.913043,0.817460,0.926808
HECA,0.000000,0.000000,Source: gse20194,0.913043,0.817460,0.926808
FAM98A,0.000000,0.000000,Source: gse20194,0.913043,0.817460,0.926808
TRIB3,0.000000,0.000000,Source: gse20194,0.913043,0.817460,0.926808
SCNN1A,0.000000,0.000000,Source: gse20194,0.913043,0.817460,0.926808
CAMK2A,0.000000,0.000000,Source: gse20194,0.913043,0.817460,0.926808
TBL1Y,0.000000,0.000000,Source: gse20194,0.913043,0.817460,0.926808
SNRNP35,0.000000,0.000000,Source: gse20194,0.913043,0.817460,0.926808
CCDC85C,0.000000,0.000000,Source: gse20194,0.913043,0.817460,0.926808
GRM5,0.000000,0.000000,Source: gse20194,0.913043,0.817460,0.926808
HOXD10,0.000000,0.000000,Source: gse20194,0.913043,0.817460,0.926808
DNASE1L2,0.000000,0.000000,Source: gse20194,0.913043,0.817460,0.926808
LGALS9,0.000000,0.000000,Source: gse20194,0.913043,0.817460,0.926808
ASB6,0.000000,0.000000,Source: gse20194,0.913043,0.817460,0.926808
RAB3D,0.000000,0.000000,Source: gse20194,0.913043,0.817460,0.926808
DAP3,0.000000,0.000000,Source: gse20194,0.913043,0.817460,0.926808
KRT19P2,0.000000,0.000000,Source: gse20194,0.913043,0.817460,0.926808
SLITRK3,0.000000,0.000000,Source: gse20194,0.913043,0.817460,0.926808
EPAS1,0.000000,0.000000,Source: gse20194,0.913043,0.817460,0.926808
PDIA6,0.000000,0.000000,Source: gse20194,0.913043,0.817460,0.926808
SEMA6D,0.000000,0.000000,Source: gse20194,0.913043,0.817460,0.926808
EP400,0.000000,0.000000,Source: gse20194,0.913043,0.817460,0.926808
ABCB8,0.000000,0.000000,Source: gse20194,0.913043,0.817460,0.926808
VAMP8,0.000000,0.000000,Source: gse20194,0.913043,0.817460,0.926808
LAMA3,0.000000,0.000000,Source: gse20194,0.913043,0.817460,0.926808
ASCL2,0.000000,0.000000,Source: gse20194,0.913043,0.817460,0.926808
IFIT1,0.000000,0.000000,Source: gse20194,0.913043,0.817460,0.926808
MCM7,0.000000,0.000000,Source: gse20194,0.913043,0.817460,0.926808
POU2AF1,0.000000,0.000000,Source: gse20194,0.913043,0.817460,0.926808
SRP9,0.000000,0.000000,Source: gse20194,0.913043,0.817460,0.926808
E2F2,0.000000,0.000000,Source: gse20194,0.913043,0.817460,0.926808
TPBG,0.000000,0.000000,Source: gse20194,0.913043,0.817460,0.926808
EDAR,0.000000,0.000000,Source: gse20194,0.913043,0.817460,0.926808
MAP7D1,0.000000,0.000000,Source: gse20194,0.913043,0.817460,0.926808
DVL3,0.000000,0.000000,Source: gse20194,0.913043,0.817460,0.926808
CD93,0.000000,0.000000,Source: gse20194,0.913043,0.817460,0.926808
FDPS,0.000000,0.000000,Source: gse20194,0.913043,0.817460,0.926808
MCM2,0.000000,0.000000,Source: gse20194,0.913043,0.817460,0.926808
KIR2DL1,0.000000,0.000000,Source: gse20194,0.913043,0.817460,0.926808
SAP30BP,0.000000,0.000000,Source: gse20194,0.913043,0.817460,0.926808
EGOT,0.000000,0.000000,Source: gse20194,0.913043,0.817460,0.926808
MAP4K2,0.000000,0.000000,Source: gse20194,0.913043,0.817460,0.926808
POU3F2,0.000000,0.000000,Source: gse20194,0.913043,0.817460,0.926808
C4BPA,0.000000,0.000000,Source: gse20194,0.913043,0.817460,0.926808
NLGN4Y,0.000000,0.000000,Source: gse20194,0.913043,0.817460,0.926808
SPATS2L,0.000000,0.000000,Source: gse20194,0.913043,0.817460,0.926808
DKK4,0.000000,0.000000,Source: gse20194,0.913043,0.817460,0.926808
GAPVD1,0.000000,0.000000,Source: gse20194,0.913043,0.817460,0.926808
ATXN2L,0.000000,0.000000,Source: gse20194,0.913043,0.817460,0.926808
TMEM51,0.000000,0.000000,Source: gse20194,0.913043,0.817460,0.926808
HIPK3,0.000000,0.000000,Source: gse20194,0.913043,0.817460,0.926808
EPM2A,0.000000,0.000000,Source: gse20194,0.913043,0.817460,0.926808
GUCY1A2,0.000000,0.000000,Source: gse20194,0.913043,0.817460,0.926808
DAP,0.000000,0.000000,Source: gse20194,0.913043,0.817460,0.926808
MCM4,0.000000,0.000000,Source: gse20194,0.913043,0.817460,0.926808
ADCY6,0.000000,0.000000,Source: gse20194,0.913043,0.817460,0.926808
PRKCB,0.000000,0.000000,Source: gse20194,0.913043,0.817460,0.926808
GAN,0.000000,0.000000,Source: gse20194,0.913043,0.817460,0.926808
PRRG1,0.000000,0.000000,Source: gse20194,0.913043,0.817460,0.926808
APOLD1,0.000000,0.000000,Source: gse20194,0.913043,0.817460,0.926808
KRT37,0.000000,0.000000,Source: gse20194,0.913043,0.817460,0.926808
EHF,0.000000,0.000000,Source: gse20194,0.913043,0.817460,0.926808
GPR107,0.000000,0.000000,Source: gse20194,0.913043,0.817460,0.926808
RAD51C,0.000000,0.000000,Source: gse20194,0.913043,0.817460,0.926808
SPTSSA,0.000000,0.000000,Source: gse20194,0.913043,0.817460,0.926808
PRKCI,0.000000,0.000000,Source: gse20194,0.913043,0.817460,0.926808
SIRT5,0.000000,0.000000,Source: gse20194,0.913043,0.817460,0.926808
CAMP,0.000000,0.000000,Source: gse20194,0.913043,0.817460,0.926808
PPARD,0.000000,0.000000,Source: gse20194,0.913043,0.817460,0.926808
TET3,0.000000,0.000000,Source: gse20194,0.913043,0.817460,0.926808
NLGN3,0.000000,0.000000,Source: gse20194,0.913043,0.817460,0.926808
ABLIM1,0.000000,0.000000,Source: gse20194,0.913043,0.817460,0.926808
IDUA,0.000000,0.000000,Source: gse20194,0.913043,0.817460,0.926808
KAT2A,0.000000,0.000000,Source: gse20194,0.913043,0.817460,0.926808
HAUS4,0.000000,0.000000,Source: gse20194,0.913043,0.817460,0.926808
CST4,0.000000,0.000000,Source: gse20194,0.913043,0.817460,0.926808
F10,0.000000,0.000000,Source: gse20194,0.913043,0.817460,0.926808
YEATS2,0.000000,0.000000,Source: gse20194,0.913043,0.817460,0.926808
CCT5,0.000000,0.000000,Source: gse20194,0.913043,0.817460,0.926808
CSH1,0.000000,0.000000,Source: gse20194,0.913043,0.817460,0.926808
ZDHHC3,0.000000,0.000000,Source: gse20194,0.913043,0.817460,0.926808
ILF3,0.000000,0.000000,Source: gse20194,0.913043,0.817460,0.926808
DMWD,0.000000,0.000000,Source: gse20194,0.913043,0.817460,0.926808
WDR59,0.000000,0.000000,Source: gse20194,0.913043,0.817460,0.926808
MRPS12,0.000000,0.000000,Source: gse20194,0.913043,0.817460,0.926808
ARFGEF1,0.000000,0.000000,Source: gse20194,0.913043,0.817460,0.926808
FBXO2,0.000000,0.000000,Source: gse20194,0.913043,0.817460,0.926808
TYMP,0.000000,0.000000,Source: gse20194,0.913043,0.817460,0.926808
PIGT,0.000000,0.000000,Source: gse20194,0.913043,0.817460,0.926808
NHEJ1,0.000000,0.000000,Source: gse20194,0.913043,0.817460,0.926808
DPF2,0.000000,0.000000,Source: gse20194,0.913043,0.817460,0.926808
GNL3L,0.000000,0.000000,Source: gse20194,0.913043,0.817460,0.926808
GREM2,0.000000,0.000000,Source: gse20194,0.913043,0.817460,0.926808
ACTG1,0.000000,0.000000,Source: gse20194,0.913043,0.817460,0.926808
PPIB,0.000000,0.000000,Source: gse20194,0.913043,0.817460,0.926808
FANCG,0.000000,0.000000,Source: gse20194,0.913043,0.817460,0.926808
DENND1B,0.000000,0.000000,Source: gse20194,0.913043,0.817460,0.926808
SPR,0.000000,0.000000,Source: gse20194,0.913043,0.817460,0.926808
CA10,0.000000,0.000000,Source: gse20194,0.913043,0.817460,0.926808
TEX2,0.000000,0.000000,Source: gse20194,0.913043,0.817460,0.926808
ARAP1,0.000000,0.000000,Source: gse20194,0.913043,0.817460,0.926808
SDC2,0.000000,0.000000,Source: gse20194,0.913043,0.817460,0.926808
MRPL12,0.000000,0.000000,Source: gse20194,0.913043,0.817460,0.926808
IL15,0.000000,0.000000,Source: gse20194,0.913043,0.817460,0.926808
RRAGC,0.000000,0.000000,Source: gse20194,0.913043,0.817460,0.926808
FRAS1,0.000000,0.000000,Source: gse20194,0.913043,0.817460,0.926808
PRSS1,0.000000,0.000000,Source: gse20194,0.913043,0.817460,0.926808
PCDHGB6,0.000000,0.000000,Source: gse20194,0.913043,0.817460,0.926808
ADAM2,0.000000,0.000000,Source: gse20194,0.913043,0.817460,0.926808
PFKM,0.000000,0.000000,Source: gse20194,0.913043,0.817460,0.926808
PRKD2,0.000000,0.000000,Source: gse20194,0.913043,0.817460,0.926808
IQCH,0.000000,0.000000,Source: gse20194,0.913043,0.817460,0.926808
CRISP2,0.000000,0.000000,Source: gse20194,0.913043,0.817460,0.926808
SNX3,0.000000,0.000000,Source: gse20194,0.913043,0.817460,0.926808
PHKG1,0.000000,0.000000,Source: gse20194,0.913043,0.817460,0.926808
GPR12,0.000000,0.000000,Source: gse20194,0.913043,0.817460,0.926808
SPG11,0.000000,0.000000,Source: gse20194,0.913043,0.817460,0.926808
ZNF665,0.000000,0.000000,Source: gse20194,0.913043,0.817460,0.926808
MYH8,0.000000,0.000000,Source: gse20194,0.913043,0.817460,0.926808
ZMIZ2,0.000000,0.000000,Source: gse20194,0.913043,0.817460,0.926808
MED4,0.000000,0.000000,Source: gse20194,0.913043,0.817460,0.926808
DZANK1,0.000000,0.000000,Source: gse20194,0.913043,0.817460,0.926808
NPRL3,0.000000,0.000000,Source: gse20194,0.913043,0.817460,0.926808
MAOA,0.000000,0.000000,Source: gse20194,0.913043,0.817460,0.926808
WDR48,0.000000,0.000000,Source: gse20194,0.913043,0.817460,0.926808
COL6A3,0.000000,0.000000,Source: gse20194,0.913043,0.817460,0.926808
SIDT2,0.000000,0.000000,Source: gse20194,0.913043,0.817460,0.926808
CCT4,0.000000,0.000000,Source: gse20194,0.913043,0.817460,0.926808
NID1,0.000000,0.000000,Source: gse20194,0.913043,0.817460,0.926808
HSDL2,0.000000,0.000000,Source: gse20194,0.913043,0.817460,0.926808
MPHOSPH6,0.000000,0.000000,Source: gse20194,0.913043,0.817460,0.926808
RFTN1,0.000000,0.000000,Source: gse20194,0.913043,0.817460,0.926808
NYX,0.000000,0.000000,Source: gse20194,0.913043,0.817460,0.926808
HMG20A,0.000000,0.000000,Source: gse20194,0.913043,0.817460,0.926808
SOX15,0.000000,0.000000,Source: gse20194,0.913043,0.817460,0.926808
KIAA0930,0.000000,0.000000,Source: gse20194,0.913043,0.817460,0.926808
SP1,0.000000,0.000000,Source: gse20194,0.913043,0.817460,0.926808
PTPRM,0.000000,0.000000,Source: gse20194,0.913043,0.817460,0.926808
RNF11,0.000000,0.000000,Source: gse20194,0.913043,0.817460,0.926808
CALD1,0.000000,0.000000,Source: gse20194,0.913043,0.817460,0.926808
PTX3,0.000000,0.000000,Source: gse20194,0.913043,0.817460,0.926808
RRH,0.000000,0.000000,Source: gse20194,0.913043,0.817460,0.926808
PAICS,0.000000,0.000000,Source: gse20194,0.913043,0.817460,0.926808
TPD52L1,0.000000,0.000000,Source: gse20194,0.913043,0.817460,0.926808
PMFBP1,0.000000,0.000000,Source: gse20194,0.913043,0.817460,0.926808
MAST2,0.000000,0.000000,Source: gse20194,0.913043,0.817460,0.926808
PIGF,0.000000,0.000000,Source: gse20194,0.913043,0.817460,0.926808
RBL2,0.000000,0.000000,Source: gse20194,0.913043,0.817460,0.926808
FOLR2,0.000000,0.000000,Source: gse20194,0.913043,0.817460,0.926808
FAM50B,0.000000,0.000000,Source: gse20194,0.913043,0.817460,0.926808
VWA1,0.000000,0.000000,Source: gse20194,0.913043,0.817460,0.926808
NUDT2,0.000000,0.000000,Source: gse20194,0.913043,0.817460,0.926808
MAGEC2,0.000000,0.000000,Source: gse20194,0.913043,0.817460,0.926808
MTCH1,0.000000,0.000000,Source: gse20194,0.913043,0.817460,0.926808
RRAGA,0.000000,0.000000,Source: gse20194,0.913043,0.817460,0.926808
PYGO1,0.000000,0.000000,Source: gse20194,0.913043,0.817460,0.926808
POLR2B,0.000000,0.000000,Source: gse20194,0.913043,0.817460,0.926808
PPIP5K2,0.000000,0.000000,Source: gse20194,0.913043,0.817460,0.926808
ROS1,0.000000,0.000000,Source: gse20194,0.913043,0.817460,0.926808
CERS2,0.000000,0.000000,Source: gse20194,0.913043,0.817460,0.926808
AQP8,0.000000,0.000000,Source: gse20194,0.913043,0.817460,0.926808
SST,0.000000,0.000000,Source: gse20194,0.913043,0.817460,0.926808
GNLY,0.000000,0.000000,Source: gse20194,0.913043,0.817460,0.926808
IL20RA,0.000000,0.000000,Source: gse20194,0.913043,0.817460,0.926808
SEMA6C,0.000000,0.000000,Source: gse20194,0.913043,0.817460,0.926808
CSN2,0.000000,0.000000,Source: gse20194,0.913043,0.817460,0.926808
CCDC28A,0.000000,0.000000,Source: gse20194,0.913043,0.817460,0.926808
FASTKD1,0.000000,0.000000,Source: gse20194,0.913043,0.817460,0.926808
SH3PXD2A,0.000000,0.000000,Source: gse20194,0.913043,0.817460,0.926808
ORM2,0.000000,0.000000,Source: gse20194,0.913043,0.817460,0.926808
SSX3,0.000000,0.000000,Source: gse20194,0.913043,0.817460,0.926808
HPRT1,0.000000,0.000000,Source: gse20194,0.913043,0.817460,0.926808
MELK,0.000000,0.000000,Source: gse20194,0.913043,0.817460,0.926808
FCN1,0.000000,0.000000,Source: gse20194,0.913043,0.817460,0.926808
ZWILCH,0.000000,0.000000,Source: gse20194,0.913043,0.817460,0.926808
PLA2G2E,0.000000,0.000000,Source: gse20194,0.913043,0.817460,0.926808
TXNRD3,0.000000,0.000000,Source: gse20194,0.913043,0.817460,0.926808
SNRNP40,0.000000,0.000000,Source: gse20194,0.913043,0.817460,0.926808
RRAGD,0.000000,0.000000,Source: gse20194,0.913043,0.817460,0.926808
THBS1,0.000000,0.000000,Source: gse20194,0.913043,0.817460,0.926808
GPBP1L1,0.000000,0.000000,Source: gse20194,0.913043,0.817460,0.926808
CHRNE,0.000000,0.000000,Source: gse20194,0.913043,0.817460,0.926808
GRP,0.000000,0.000000,Source: gse20194,0.913043,0.817460,0.926808
ITIH4,0.000000,0.000000,Source: gse20194,0.913043,0.817460,0.926808
AP2B1,0.000000,0.000000,Source: gse20194,0.913043,0.817460,0.926808
LMO7,0.000000,0.000000,Source: gse20194,0.913043,0.817460,0.926808
CLDN10,0.000000,0.000000,Source: gse20194,0.913043,0.817460,0.926808
GPR31,0.000000,0.000000,Source: gse20194,0.913043,0.817460,0.926808
TYK2,0.000000,0.000000,Source: gse20194,0.913043,0.817460,0.926808
EPHX1,0.000000,0.000000,Source: gse20194,0.913043,0.817460,0.926808
IER3,0.000000,0.000000,Source: gse20194,0.913043,0.817460,0.926808
MEPE,0.000000,0.000000,Source: gse20194,0.913043,0.817460,0.926808
YIPF4,0.000000,0.000000,Source: gse20194,0.913043,0.817460,0.926808
UTS2,0.000000,0.000000,Source: gse20194,0.913043,0.817460,0.926808
SPTLC1,0.000000,0.000000,Source: gse20194,0.913043,0.817460,0.926808
RASSF2,0.000000,0.000000,Source: gse20194,0.913043,0.817460,0.926808
GABRA6,0.000000,0.000000,Source: gse20194,0.913043,0.817460,0.926808
ST20,0.000000,0.000000,Source: gse20194,0.913043,0.817460,0.926808
SPSB1,0.000000,0.000000,Source: gse20194,0.913043,0.817460,0.926808
CLK3,0.000000,0.000000,Source: gse20194,0.913043,0.817460,0.926808
SEC23IP,0.000000,0.000000,Source: gse20194,0.913043,0.817460,0.926808
ATP6V1B1,0.000000,0.000000,Source: gse20194,0.913043,0.817460,0.926808
TSFM,0.000000,0.000000,Source: gse20194,0.913043,0.817460,0.926808
NOP2,0.000000,0.000000,Source: gse20194,0.913043,0.817460,0.926808
EIF3B,0.000000,0.000000,Source: gse20194,0.913043,0.817460,0.926808
STEAP4,0.000000,0.000000,Source: gse20194,0.913043,0.817460,0.926808
MYOD1,0.000000,0.000000,Source: gse20194,0.913043,0.817460,0.926808
PEF1,0.000000,0.000000,Source: gse20194,0.913043,0.817460,0.926808
MYT1,0.000000,0.000000,Source: gse20194,0.913043,0.817460,0.926808
TSPAN32,0.000000,0.000000,Source: gse20194,0.913043,0.817460,0.926808
KCNS1,0.000000,0.000000,Source: gse20194,0.913043,0.817460,0.926808
S100A8,0.000000,0.000000,Source: gse20194,0.913043,0.817460,0.926808
TPT1,0.000000,0.000000,Source: gse20194,0.913043,0.817460,0.926808
HTN3,0.000000,0.000000,Source: gse20194,0.913043,0.817460,0.926808
MSMO1,0.000000,0.000000,Source: gse20194,0.913043,0.817460,0.926808
MAPKAPK3,0.000000,0.000000,Source: gse20194,0.913043,0.817460,0.926808
RSF1,0.000000,0.000000,Source: gse20194,0.913043,0.817460,0.926808
ASPN,0.000000,0.000000,Source: gse20194,0.913043,0.817460,0.926808
LTF,0.000000,0.000000,Source: gse20194,0.913043,0.817460,0.926808
MUC4,0.000000,0.000000,Source: gse20194,0.913043,0.817460,0.926808
CDKL3,0.000000,0.000000,Source: gse20194,0.913043,0.817460,0.926808
RAPGEFL1,0.000000,0.000000,Source: gse20194,0.913043,0.817460,0.926808
WDR43,0.000000,0.000000,Source: gse20194,0.913043,0.817460,0.926808
INPP5D,0.000000,0.000000,Source: gse20194,0.913043,0.817460,0.926808
SELPLG,0.000000,0.000000,Source: gse20194,0.913043,0.817460,0.926808
RHOC,0.000000,0.000000,Source: gse20194,0.913043,0.817460,0.926808
IL1R1,0.000000,0.000000,Source: gse20194,0.913043,0.817460,0.926808
PKD2L2,0.000000,0.000000,Source: gse20194,0.913043,0.817460,0.926808
TPH1,0.000000,0.000000,Source: gse20194,0.913043,0.817460,0.926808
MGAT1,0.000000,0.000000,Source: gse20194,0.913043,0.817460,0.926808
FYN,0.000000,0.000000,Source: gse20194,0.913043,0.817460,0.926808
TLX1,0.000000,0.000000,Source: gse20194,0.913043,0.817460,0.926808
MIIP,0.000000,0.000000,Source: gse20194,0.913043,0.817460,0.926808
HSBP1,0.000000,0.000000,Source: gse20194,0.913043,0.817460,0.926808
ANPEP,0.000000,0.000000,Source: gse20194,0.913043,0.817460,0.926808
KATNA1,0.000000,0.000000,Source: gse20194,0.913043,0.817460,0.926808
TP53,0.000000,0.000000,Source: gse20194,0.913043,0.817460,0.926808
MAGOHB,0.000000,0.000000,Source: gse20194,0.913043,0.817460,0.926808
TRAM2,0.000000,0.000000,Source: gse20194,0.913043,0.817460,0.926808
CMKLR1,0.000000,0.000000,Source: gse20194,0.913043,0.817460,0.926808
TRHDE,0.000000,0.000000,Source: gse20194,0.913043,0.817460,0.926808
SRRD,0.000000,0.000000,Source: gse20194,0.913043,0.817460,0.926808
FASTK,0.000000,0.000000,Source: gse20194,0.913043,0.817460,0.926808
TWSG1,0.000000,0.000000,Source: gse20194,0.913043,0.817460,0.926808
MTCH2,0.000000,0.000000,Source: gse20194,0.913043,0.817460,0.926808
CP,0.000000,0.000000,Source: gse20194,0.913043,0.817460,0.926808
RERE,0.000000,0.000000,Source: gse20194,0.913043,0.817460,0.926808
PDZD2,0.000000,0.000000,Source: gse20194,0.913043,0.817460,0.926808
APCS,0.000000,0.000000,Source: gse20194,0.913043,0.817460,0.926808
NEK1,0.000000,0.000000,Source: gse20194,0.913043,0.817460,0.926808
ITGA10,0.000000,0.000000,Source: gse20194,0.913043,0.817460,0.926808
PIN1,0.000000,0.000000,Source: gse20194,0.913043,0.817460,0.926808
PRAF2,0.000000,0.000000,Source: gse20194,0.913043,0.817460,0.926808
GBP2,0.000000,0.000000,Source: gse20194,0.913043,0.817460,0.926808
SATB2,0.000000,0.000000,Source: gse20194,0.913043,0.817460,0.926808
DNAAF2,0.000000,0.000000,Source: gse20194,0.913043,0.817460,0.926808
RNF187,0.000000,0.000000,Source: gse20194,0.913043,0.817460,0.926808
ABCA5,0.000000,0.000000,Source: gse20194,0.913043,0.817460,0.926808
SNAP91,0.000000,0.000000,Source: gse20194,0.913043,0.817460,0.926808
ERI2,0.000000,0.000000,Source: gse20194,0.913043,0.817460,0.926808
NDUFS2,0.000000,0.000000,Source: gse20194,0.913043,0.817460,0.926808
UBXN6,0.000000,0.000000,Source: gse20194,0.913043,0.817460,0.926808
CROCCP3,0.000000,0.000000,Source: gse20194,0.913043,0.817460,0.926808
WDR45,0.000000,0.000000,Source: gse20194,0.913043,0.817460,0.926808
NCK2,0.000000,0.000000,Source: gse20194,0.913043,0.817460,0.926808
ZNF335,0.000000,0.000000,Source: gse20194,0.913043,0.817460,0.926808
CRYAB,0.000000,0.000000,Source: gse20194,0.913043,0.817460,0.926808
ENSA,0.000000,0.000000,Source: gse20194,0.913043,0.817460,0.926808
ST6GALNAC2,0.000000,0.000000,Source: gse20194,0.913043,0.817460,0.926808
NAT9,0.000000,0.000000,Source: gse20194,0.913043,0.817460,0.926808
TUBB2B,0.000000,0.000000,Source: gse20194,0.913043,0.817460,0.926808
AOX1,0.000000,0.000000,Source: gse20194,0.913043,0.817460,0.926808
VAMP3,0.000000,0.000000,Source: gse20194,0.913043,0.817460,0.926808
HIRA,0.000000,0.000000,Source: gse20194,0.913043,0.817460,0.926808
SNRPB2,0.000000,0.000000,Source: gse20194,0.913043,0.817460,0.926808
POSTN,0.000000,0.000000,Source: gse20194,0.913043,0.817460,0.926808
TERF2IP,0.000000,0.000000,Source: gse20194,0.913043,0.817460,0.926808
STX8,0.000000,0.000000,Source: gse20194,0.913043,0.817460,0.926808
RPS14,0.000000,0.000000,Source: gse20194,0.913043,0.817460,0.926808
EPB41L2,0.000000,0.000000,Source: gse20194,0.913043,0.817460,0.926808
DOCK2,0.000000,0.000000,Source: gse20194,0.913043,0.817460,0.926808
S1PR5,0.000000,0.000000,Source: gse20194,0.913043,0.817460,0.926808
SRSF10,0.000000,0.000000,Source: gse20194,0.913043,0.817460,0.926808
TOMM22,0.000000,0.000000,Source: gse20194,0.913043,0.817460,0.926808
ZIC1,0.000000,0.000000,Source: gse20194,0.913043,0.817460,0.926808
HGD,0.000000,0.000000,Source: gse20194,0.913043,0.817460,0.926808
CRELD1,0.000000,0.000000,Source: gse20194,0.913043,0.817460,0.926808
NOL4,0.000000,0.000000,Source: gse20194,0.913043,0.817460,0.926808
ARHGAP32,0.000000,0.000000,Source: gse20194,0.913043,0.817460,0.926808
PDE1A,0.000000,0.000000,Source: gse20194,0.913043,0.817460,0.926808
CHFR,0.000000,0.000000,Source: gse20194,0.913043,0.817460,0.926808
CTSE,0.000000,0.000000,Source: gse20194,0.913043,0.817460,0.926808
EHHADH,0.000000,0.000000,Source: gse20194,0.913043,0.817460,0.926808
RDH8,0.000000,0.000000,Source: gse20194,0.913043,0.817460,0.926808
PEX1,0.000000,0.000000,Source: gse20194,0.913043,0.817460,0.926808
STAG1,0.000000,0.000000,Source: gse20194,0.913043,0.817460,0.926808
C1QB,0.000000,0.000000,Source: gse20194,0.913043,0.817460,0.926808
UBA3,0.000000,0.000000,Source: gse20194,0.913043,0.817460,0.926808
EAF2,0.000000,0.000000,Source: gse20194,0.913043,0.817460,0.926808
NES,0.000000,0.000000,Source: gse20194,0.913043,0.817460,0.926808
NCALD,0.000000,0.000000,Source: gse20194,0.913043,0.817460,0.926808
FAHD2A,0.000000,0.000000,Source: gse20194,0.913043,0.817460,0.926808
FZD9,0.000000,0.000000,Source: gse20194,0.913043,0.817460,0.926808
MAN1A1,0.000000,0.000000,Source: gse20194,0.913043,0.817460,0.926808
OR2C1,0.000000,0.000000,Source: gse20194,0.913043,0.817460,0.926808
STX3,0.000000,0.000000,Source: gse20194,0.913043,0.817460,0.926808
BBIP1,0.000000,0.000000,Source: gse20194,0.913043,0.817460,0.926808
ASB13,0.000000,0.000000,Source: gse20194,0.913043,0.817460,0.926808
DHX57,0.000000,0.000000,Source: gse20194,0.913043,0.817460,0.926808
PRDX6,0.000000,0.000000,Source: gse20194,0.913043,0.817460,0.926808
B3GAT3,0.000000,0.000000,Source: gse20194,0.913043,0.817460,0.926808
ST3GAL5,0.000000,0.000000,Source: gse20194,0.913043,0.817460,0.926808
B4GALT2,0.000000,0.000000,Source: gse20194,0.913043,0.817460,0.926808
CROCC,0.000000,0.000000,Source: gse20194,0.913043,0.817460,0.926808
TEX14,0.000000,0.000000,Source: gse20194,0.913043,0.817460,0.926808
FKBP10,0.000000,0.000000,Source: gse20194,0.913043,0.817460,0.926808
CHPF2,0.000000,0.000000,Source: gse20194,0.913043,0.817460,0.926808
SPATA6,0.000000,0.000000,Source: gse20194,0.913043,0.817460,0.926808
PLEKHB2,0.000000,0.000000,Source: gse20194,0.913043,0.817460,0.926808
KIF1C,0.000000,0.000000,Source: gse20194,0.913043,0.817460,0.926808
RBM41,0.000000,0.000000,Source: gse20194,0.913043,0.817460,0.926808
FCGRT,0.000000,0.000000,Source: gse20194,0.913043,0.817460,0.926808
GAP43,0.000000,0.000000,Source: gse20194,0.913043,0.817460,0.926808
NAGPA,0.000000,0.000000,Source: gse20194,0.913043,0.817460,0.926808
VPS4A,0.000000,0.000000,Source: gse20194,0.913043,0.817460,0.926808
PPIE,0.000000,0.000000,Source: gse20194,0.913043,0.817460,0.926808
LILRB2,0.000000,0.000000,Source: gse20194,0.913043,0.817460,0.926808
TOM1L2,0.000000,0.000000,Source: gse20194,0.913043,0.817460,0.926808
DDX23,0.000000,0.000000,Source: gse20194,0.913043,0.817460,0.926808
MED17,0.000000,0.000000,Source: gse20194,0.913043,0.817460,0.926808
SLC15A2,0.000000,0.000000,Source: gse20194,0.913043,0.817460,0.926808
GFI1B,0.000000,0.000000,Source: gse20194,0.913043,0.817460,0.926808
ARID1A,0.000000,0.000000,Source: gse20194,0.913043,0.817460,0.926808
ABCC6,0.000000,0.000000,Source: gse20194,0.913043,0.817460,0.926808
TRAPPC12,0.000000,0.000000,Source: gse20194,0.913043,0.817460,0.926808
KSR1,0.000000,0.000000,Source: gse20194,0.913043,0.817460,0.926808
B4GALT1,0.000000,0.000000,Source: gse20194,0.913043,0.817460,0.926808
AIFM1,0.000000,0.000000,Source: gse20194,0.913043,0.817460,0.926808
FGF12,0.000000,0.000000,Source: gse20194,0.913043,0.817460,0.926808
CELF2,0.000000,0.000000,Source: gse20194,0.913043,0.817460,0.926808
NAT10,0.000000,0.000000,Source: gse20194,0.913043,0.817460,0.926808
FGF20,0.000000,0.000000,Source: gse20194,0.913043,0.817460,0.926808
PRPSAP2,0.000000,0.000000,Source: gse20194,0.913043,0.817460,0.926808
ONECUT2,0.000000,0.000000,Source: gse20194,0.913043,0.817460,0.926808
ISOC2,0.000000,0.000000,Source: gse20194,0.913043,0.817460,0.926808
HNRNPA0,0.000000,0.000000,Source: gse20194,0.913043,0.817460,0.926808
CLUL1,0.000000,0.000000,Source: gse20194,0.913043,0.817460,0.926808
HSD17B10,0.000000,0.000000,Source: gse20194,0.913043,0.817460,0.926808
GINS4,0.000000,0.000000,Source: gse20194,0.913043,0.817460,0.926808
CLC,0.000000,0.000000,Source: gse20194,0.913043,0.817460,0.926808
NAGK,0.000000,0.000000,Source: gse20194,0.913043,0.817460,0.926808
FOXF2,0.000000,0.000000,Source: gse20194,0.913043,0.817460,0.926808
GMPR,0.000000,0.000000,Source: gse20194,0.913043,0.817460,0.926808
GRIA2,0.000000,0.000000,Source: gse20194,0.913043,0.817460,0.926808
PPCDC,0.000000,0.000000,Source: gse20194,0.913043,0.817460,0.926808
LDLR,0.000000,0.000000,Source: gse20194,0.913043,0.817460,0.926808
PIP4K2B,0.000000,0.000000,Source: gse20194,0.913043,0.817460,0.926808
GNE,0.000000,0.000000,Source: gse20194,0.913043,0.817460,0.926808
NOS2,0.000000,0.000000,Source: gse20194,0.913043,0.817460,0.926808
ALDOC,0.000000,0.000000,Source: gse20194,0.913043,0.817460,0.926808
CAMK2G,0.000000,0.000000,Source: gse20194,0.913043,0.817460,0.926808
DUSP26,0.000000,0.000000,Source: gse20194,0.913043,0.817460,0.926808
HERC3,0.000000,0.000000,Source: gse20194,0.913043,0.817460,0.926808
AMPD3,0.000000,0.000000,Source: gse20194,0.913043,0.817460,0.926808
TXNDC9,0.000000,0.000000,Source: gse20194,0.913043,0.817460,0.926808
LUZP2,0.000000,0.000000,Source: gse20194,0.913043,0.817460,0.926808
USP9X,0.000000,0.000000,Source: gse20194,0.913043,0.817460,0.926808
C1orf56,0.000000,0.000000,Source: gse20194,0.913043,0.817460,0.926808
PDE11A,0.000000,0.000000,Source: gse20194,0.913043,0.817460,0.926808
PHEX,0.000000,0.000000,Source: gse20194,0.913043,0.817460,0.926808
PJA2,0.000000,0.000000,Source: gse20194,0.913043,0.817460,0.926808
THOC2,0.000000,0.000000,Source: gse20194,0.913043,0.817460,0.926808
GREB1L,0.000000,0.000000,Source: gse20194,0.913043,0.817460,0.926808
F2,0.000000,0.000000,Source: gse20194,0.913043,0.817460,0.926808
VRTN,0.000000,0.000000,Source: gse20194,0.913043,0.817460,0.926808
C3,0.000000,0.000000,Source: gse20194,0.913043,0.817460,0.926808
RBBP5,0.000000,0.000000,Source: gse20194,0.913043,0.817460,0.926808
FKBP8,0.000000,0.000000,Source: gse20194,0.913043,0.817460,0.926808
DLG2,0.000000,0.000000,Source: gse20194,0.913043,0.817460,0.926808
FURIN,0.000000,0.000000,Source: gse20194,0.913043,0.817460,0.926808
FAM83E,0.000000,0.000000,Source: gse20194,0.913043,0.817460,0.926808
ANKS1B,0.000000,0.000000,Source: gse20194,0.913043,0.817460,0.926808
PHF14,0.000000,0.000000,Source: gse20194,0.913043,0.817460,0.926808
ZNF250,0.000000,0.000000,Source: gse20194,0.913043,0.817460,0.926808
NT5DC2,0.000000,0.000000,Source: gse20194,0.913043,0.817460,0.926808
TM4SF20,0.000000,0.000000,Source: gse20194,0.913043,0.817460,0.926808
VGLL3,0.000000,0.000000,Source: gse20194,0.913043,0.817460,0.926808
CCKAR,0.000000,0.000000,Source: gse20194,0.913043,0.817460,0.926808
ZNF695,0.000000,0.000000,Source: gse20194,0.913043,0.817460,0.926808
HPS6,0.000000,0.000000,Source: gse20194,0.913043,0.817460,0.926808
RAD21L1,0.000000,0.000000,Source: gse20194,0.913043,0.817460,0.926808
RPAP3,0.000000,0.000000,Source: gse20194,0.913043,0.817460,0.926808
TNFRSF4,0.000000,0.000000,Source: gse20194,0.913043,0.817460,0.926808
SPCS1,0.000000,0.000000,Source: gse20194,0.913043,0.817460,0.926808
PTPRE,0.000000,0.000000,Source: gse20194,0.913043,0.817460,0.926808
MOGS,0.000000,0.000000,Source: gse20194,0.913043,0.817460,0.926808
DNAJC13,0.000000,0.000000,Source: gse20194,0.913043,0.817460,0.926808
NTHL1,0.000000,0.000000,Source: gse20194,0.913043,0.817460,0.926808
PDCD1,0.000000,0.000000,Source: gse20194,0.913043,0.817460,0.926808
ZXDC,0.000000,0.000000,Source: gse20194,0.913043,0.817460,0.926808
LANCL2,0.000000,0.000000,Source: gse20194,0.913043,0.817460,0.926808
TTN,0.000000,0.000000,Source: gse20194,0.913043,0.817460,0.926808
GPD1,0.000000,0.000000,Source: gse20194,0.913043,0.817460,0.926808
MIA3,0.000000,0.000000,Source: gse20194,0.913043,0.817460,0.926808
PAPPA2,0.000000,0.000000,Source: gse20194,0.913043,0.817460,0.926808
TOMM6,0.000000,0.000000,Source: gse20194,0.913043,0.817460,0.926808
CELA2B,0.000000,0.000000,Source: gse20194,0.913043,0.817460,0.926808
BTN3A2,0.000000,0.000000,Source: gse20194,0.913043,0.817460,0.926808
ASNSD1,0.000000,0.000000,Source: gse20194,0.913043,0.817460,0.926808
CRY1,0.000000,0.000000,Source: gse20194,0.913043,0.817460,0.926808
BCKDHB,0.000000,0.000000,Source: gse20194,0.913043,0.817460,0.926808
FAM168B,0.000000,0.000000,Source: gse20194,0.913043,0.817460,0.926808
NME6,0.000000,0.000000,Source: gse20194,0.913043,0.817460,0.926808
WASF3,0.000000,0.000000,Source: gse20194,0.913043,0.817460,0.926808
CSDE1,0.000000,0.000000,Source: gse20194,0.913043,0.817460,0.926808
ALG13,0.000000,0.000000,Source: gse20194,0.913043,0.817460,0.926808
POLR1C,0.000000,0.000000,Source: gse20194,0.913043,0.817460,0.926808
ACO1,0.000000,0.000000,Source: gse20194,0.913043,0.817460,0.926808
ACSF2,0.000000,0.000000,Source: gse20194,0.913043,0.817460,0.926808
TMEM45A,0.000000,0.000000,Source: gse20194,0.913043,0.817460,0.926808
BACE2,0.000000,0.000000,Source: gse20194,0.913043,0.817460,0.926808
DENND4A,0.000000,0.000000,Source: gse20194,0.913043,0.817460,0.926808
IDH2,0.000000,0.000000,Source: gse20194,0.913043,0.817460,0.926808
LCOR,0.000000,0.000000,Source: gse20194,0.913043,0.817460,0.926808
ACADS,0.000000,0.000000,Source: gse20194,0.913043,0.817460,0.926808
GJA8,0.000000,0.000000,Source: gse20194,0.913043,0.817460,0.926808
FBXO31,0.000000,0.000000,Source: gse20194,0.913043,0.817460,0.926808
SESN1,0.000000,0.000000,Source: gse20194,0.913043,0.817460,0.926808
HSPA5,0.000000,0.000000,Source: gse20194,0.913043,0.817460,0.926808
EXT2,0.000000,0.000000,Source: gse20194,0.913043,0.817460,0.926808
TPSD1,0.000000,0.000000,Source: gse20194,0.913043,0.817460,0.926808
COX7C,0.000000,0.000000,Source: gse20194,0.913043,0.817460,0.926808
EBP,0.000000,0.000000,Source: gse20194,0.913043,0.817460,0.926808
HMHB1,0.000000,0.000000,Source: gse20194,0.913043,0.817460,0.926808
FMO1,0.000000,0.000000,Source: gse20194,0.913043,0.817460,0.926808
MYRIP,0.000000,0.000000,Source: gse20194,0.913043,0.817460,0.926808
ADO,0.000000,0.000000,Source: gse20194,0.913043,0.817460,0.926808
DDHD2,0.000000,0.000000,Source: gse20194,0.913043,0.817460,0.926808
AKAP8L,0.000000,0.000000,Source: gse20194,0.913043,0.817460,0.926808
HMGCL,0.000000,0.000000,Source: gse20194,0.913043,0.817460,0.926808
CSH2,0.000000,0.000000,Source: gse20194,0.913043,0.817460,0.926808
PAFAH1B2,0.000000,0.000000,Source: gse20194,0.913043,0.817460,0.926808
MEF2A,0.000000,0.000000,Source: gse20194,0.913043,0.817460,0.926808
PMVK,0.000000,0.000000,Source: gse20194,0.913043,0.817460,0.926808
PPY,0.000000,0.000000,Source: gse20194,0.913043,0.817460,0.926808
CASZ1,0.000000,0.000000,Source: gse20194,0.913043,0.817460,0.926808
NUDT11,0.000000,0.000000,Source: gse20194,0.913043,0.817460,0.926808
PGK2,0.000000,0.000000,Source: gse20194,0.913043,0.817460,0.926808
TMEM106C,0.000000,0.000000,Source: gse20194,0.913043,0.817460,0.926808
FAM90A1,0.000000,0.000000,Source: gse20194,0.913043,0.817460,0.926808
COX6C,0.000000,0.000000,Source: gse20194,0.913043,0.817460,0.926808
CPLX2,0.000000,0.000000,Source: gse20194,0.913043,0.817460,0.926808
NR2C1,0.000000,0.000000,Source: gse20194,0.913043,0.817460,0.926808
PDCL,0.000000,0.000000,Source: gse20194,0.913043,0.817460,0.926808
PPME1,0.000000,0.000000,Source: gse20194,0.913043,0.817460,0.926808
ASMTL,0.000000,0.000000,Source: gse20194,0.913043,0.817460,0.926808
ENOPH1,0.000000,0.000000,Source: gse20194,0.913043,0.817460,0.926808
HAAO,0.000000,0.000000,Source: gse20194,0.913043,0.817460,0.926808
TOR1AIP1,0.000000,0.000000,Source: gse20194,0.913043,0.817460,0.926808
TFR2,0.000000,0.000000,Source: gse20194,0.913043,0.817460,0.926808
ZNF536,0.000000,0.000000,Source: gse20194,0.913043,0.817460,0.926808
HSD11B2,0.000000,0.000000,Source: gse20194,0.913043,0.817460,0.926808
IGF1R,0.000000,0.000000,Source: gse20194,0.913043,0.817460,0.926808
LAG3,0.000000,0.000000,Source: gse20194,0.913043,0.817460,0.926808
LCK,0.000000,0.000000,Source: gse20194,0.913043,0.817460,0.926808
PERP,0.000000,0.000000,Source: gse20194,0.913043,0.817460,0.926808
LSM2,0.000000,0.000000,Source: gse20194,0.913043,0.817460,0.926808
NUCB1,0.000000,0.000000,Source: gse20194,0.913043,0.817460,0.926808
LILRB4,0.000000,0.000000,Source: gse20194,0.913043,0.817460,0.926808
PCGF1,0.000000,0.000000,Source: gse20194,0.913043,0.817460,0.926808
NEK9,0.000000,0.000000,Source: gse20194,0.913043,0.817460,0.926808
CAB39L,0.000000,0.000000,Source: gse20194,0.913043,0.817460,0.926808
MAP1S,0.000000,0.000000,Source: gse20194,0.913043,0.817460,0.926808
PHF7,0.000000,0.000000,Source: gse20194,0.913043,0.817460,0.926808
ZCCHC8,0.000000,0.000000,Source: gse20194,0.913043,0.817460,0.926808
GAPDHS,0.000000,0.000000,Source: gse20194,0.913043,0.817460,0.926808
AGBL5,0.000000,0.000000,Source: gse20194,0.913043,0.817460,0.926808
LRP1,0.000000,0.000000,Source: gse20194,0.913043,0.817460,0.926808
FILIP1L,0.000000,0.000000,Source: gse20194,0.913043,0.817460,0.926808
PRKACG,0.000000,0.000000,Source: gse20194,0.913043,0.817460,0.926808
CFB,0.000000,0.000000,Source: gse20194,0.913043,0.817460,0.926808
SLC25A13,0.000000,0.000000,Source: gse20194,0.913043,0.817460,0.926808
NEO1,0.000000,0.000000,Source: gse20194,0.913043,0.817460,0.926808
LIPF,0.000000,0.000000,Source: gse20194,0.913043,0.817460,0.926808
MYO1A,0.000000,0.000000,Source: gse20194,0.913043,0.817460,0.926808
MAP3K9,0.000000,0.000000,Source: gse20194,0.913043,0.817460,0.926808
WDR19,0.000000,0.000000,Source: gse20194,0.913043,0.817460,0.926808
CBY1,0.000000,0.000000,Source: gse20194,0.913043,0.817460,0.926808
CSTA,0.000000,0.000000,Source: gse20194,0.913043,0.817460,0.926808
PARK7,0.000000,0.000000,Source: gse20194,0.913043,0.817460,0.926808
ENTPD4,0.000000,0.000000,Source: gse20194,0.913043,0.817460,0.926808
RPL39L,0.000000,0.000000,Source: gse20194,0.913043,0.817460,0.926808
RBM34,0.000000,0.000000,Source: gse20194,0.913043,0.817460,0.926808
BLNK,0.000000,0.000000,Source: gse20194,0.913043,0.817460,0.926808
CCNF,0.000000,0.000000,Source: gse20194,0.913043,0.817460,0.926808
SOX5,0.000000,0.000000,Source: gse20194,0.913043,0.817460,0.926808
NEFM,0.000000,0.000000,Source: gse20194,0.913043,0.817460,0.926808
INPP4B,0.000000,0.000000,Source: gse20194,0.913043,0.817460,0.926808
GTF3A,0.000000,0.000000,Source: gse20194,0.913043,0.817460,0.926808
TPCN1,0.000000,0.000000,Source: gse20194,0.913043,0.817460,0.926808
ARHGAP44,0.000000,0.000000,Source: gse20194,0.913043,0.817460,0.926808
MRPL17,0.000000,0.000000,Source: gse20194,0.913043,0.817460,0.926808
GIPC1,0.000000,0.000000,Source: gse20194,0.913043,0.817460,0.926808
PTPRB,0.000000,0.000000,Source: gse20194,0.913043,0.817460,0.926808
NMT1,0.000000,0.000000,Source: gse20194,0.913043,0.817460,0.926808
DEF8,0.000000,0.000000,Source: gse20194,0.913043,0.817460,0.926808
RTN2,0.000000,0.000000,Source: gse20194,0.913043,0.817460,0.926808
CALCA,0.000000,0.000000,Source: gse20194,0.913043,0.817460,0.926808
FH,0.000000,0.000000,Source: gse20194,0.913043,0.817460,0.926808
MRPL23,0.000000,0.000000,Source: gse20194,0.913043,0.817460,0.926808
NPRL2,0.000000,0.000000,Source: gse20194,0.913043,0.817460,0.926808
CXCL1,0.000000,0.000000,Source: gse20194,0.913043,0.817460,0.926808
ULK4,0.000000,0.000000,Source: gse20194,0.913043,0.817460,0.926808
KLK7,0.000000,0.000000,Source: gse20194,0.913043,0.817460,0.926808
MYCT1,0.000000,0.000000,Source: gse20194,0.913043,0.817460,0.926808
MC1R,0.000000,0.000000,Source: gse20194,0.913043,0.817460,0.926808
VCAM1,0.000000,0.000000,Source: gse20194,0.913043,0.817460,0.926808
TNS1,0.000000,0.000000,Source: gse20194,0.913043,0.817460,0.926808
PURG,0.000000,0.000000,Source: gse20194,0.913043,0.817460,0.926808
CAST,0.000000,0.000000,Source: gse20194,0.913043,0.817460,0.926808
TTC27,0.000000,0.000000,Source: gse20194,0.913043,0.817460,0.926808
CNN1,0.000000,0.000000,Source: gse20194,0.913043,0.817460,0.926808
HFE,0.000000,0.000000,Source: gse20194,0.913043,0.817460,0.926808
ARID3A,0.000000,0.000000,Source: gse20194,0.913043,0.817460,0.926808
TMEM126B,0.000000,0.000000,Source: gse20194,0.913043,0.817460,0.926808
RAB8B,0.000000,0.000000,Source: gse20194,0.913043,0.817460,0.926808
EDDM3B,0.000000,0.000000,Source: gse20194,0.913043,0.817460,0.926808
RCC1,0.000000,0.000000,Source: gse20194,0.913043,0.817460,0.926808
RAB14,0.000000,0.000000,Source: gse20194,0.913043,0.817460,0.926808
SPAST,0.000000,0.000000,Source: gse20194,0.913043,0.817460,0.926808
ACTA1,0.000000,0.000000,Source: gse20194,0.913043,0.817460,0.926808
RASA3,0.000000,0.000000,Source: gse20194,0.913043,0.817460,0.926808
APBB2,0.000000,0.000000,Source: gse20194,0.913043,0.817460,0.926808
SCARB1,0.000000,0.000000,Source: gse20194,0.913043,0.817460,0.926808
CTR9,0.000000,0.000000,Source: gse20194,0.913043,0.817460,0.926808
PLIN2,0.000000,0.000000,Source: gse20194,0.913043,0.817460,0.926808
SNED1,0.000000,0.000000,Source: gse20194,0.913043,0.817460,0.926808
NKX6-1,0.000000,0.000000,Source: gse20194,0.913043,0.817460,0.926808
GTF2E2,0.000000,0.000000,Source: gse20194,0.913043,0.817460,0.926808
NOC3L,0.000000,0.000000,Source: gse20194,0.913043,0.817460,0.926808
MAPK1,0.000000,0.000000,Source: gse20194,0.913043,0.817460,0.926808
CSNK2A1,0.000000,0.000000,Source: gse20194,0.913043,0.817460,0.926808
BRAP,0.000000,0.000000,Source: gse20194,0.913043,0.817460,0.926808
SLC12A3,0.000000,0.000000,Source: gse20194,0.913043,0.817460,0.926808
LIMS2,0.000000,0.000000,Source: gse20194,0.913043,0.817460,0.926808
SLC16A10,0.000000,0.000000,Source: gse20194,0.913043,0.817460,0.926808
NRL,0.000000,0.000000,Source: gse20194,0.913043,0.817460,0.926808
SYNPO,0.000000,0.000000,Source: gse20194,0.913043,0.817460,0.926808
ACYP2,0.000000,0.000000,Source: gse20194,0.913043,0.817460,0.926808
STK11,0.000000,0.000000,Source: gse20194,0.913043,0.817460,0.926808
DGCR5,0.000000,0.000000,Source: gse20194,0.913043,0.817460,0.926808
IL6ST,0.000000,0.000000,Source: gse20194,0.913043,0.817460,0.926808
SKA1,0.000000,0.000000,Source: gse20194,0.913043,0.817460,0.926808
CCT8,0.000000,0.000000,Source: gse20194,0.913043,0.817460,0.926808
ZNF227,0.000000,0.000000,Source: gse20194,0.913043,0.817460,0.926808
SIT1,0.000000,0.000000,Source: gse20194,0.913043,0.817460,0.926808
ERCC2,0.000000,0.000000,Source: gse20194,0.913043,0.817460,0.926808
MADD,0.000000,0.000000,Source: gse20194,0.913043,0.817460,0.926808
F8,0.000000,0.000000,Source: gse20194,0.913043,0.817460,0.926808
RAB7A,0.000000,0.000000,Source: gse20194,0.913043,0.817460,0.926808
UBASH3A,0.000000,0.000000,Source: gse20194,0.913043,0.817460,0.926808
PZP,0.000000,0.000000,Source: gse20194,0.913043,0.817460,0.926808
SLC6A8,0.000000,0.000000,Source: gse20194,0.913043,0.817460,0.926808
USP4,0.000000,0.000000,Source: gse20194,0.913043,0.817460,0.926808
KCTD7,0.000000,0.000000,Source: gse20194,0.913043,0.817460,0.926808
NAV3,0.000000,0.000000,Source: gse20194,0.913043,0.817460,0.926808
PKD2,0.000000,0.000000,Source: gse20194,0.913043,0.817460,0.926808
P2RX6,0.000000,0.000000,Source: gse20194,0.913043,0.817460,0.926808
FKBP14,0.000000,0.000000,Source: gse20194,0.913043,0.817460,0.926808
ZNF76,0.000000,0.000000,Source: gse20194,0.913043,0.817460,0.926808
NEU1,0.000000,0.000000,Source: gse20194,0.913043,0.817460,0.926808
C6,0.000000,0.000000,Source: gse20194,0.913043,0.817460,0.926808
AVPR1A,0.000000,0.000000,Source: gse20194,0.913043,0.817460,0.926808
TADA3,0.000000,0.000000,Source: gse20194,0.913043,0.817460,0.926808
DAZL,0.000000,0.000000,Source: gse20194,0.913043,0.817460,0.926808
FLOT1,0.000000,0.000000,Source: gse20194,0.913043,0.817460,0.926808
SH3BP5,0.000000,0.000000,Source: gse20194,0.913043,0.817460,0.926808
RNMT,0.000000,0.000000,Source: gse20194,0.913043,0.817460,0.926808
ERMP1,0.000000,0.000000,Source: gse20194,0.913043,0.817460,0.926808
INHBB,0.000000,0.000000,Source: gse20194,0.913043,0.817460,0.926808
MTMR11,0.000000,0.000000,Source: gse20194,0.913043,0.817460,0.926808
RHOF,0.000000,0.000000,Source: gse20194,0.913043,0.817460,0.926808
HES1,0.000000,0.000000,Source: gse20194,0.913043,0.817460,0.926808
COL11A1,0.000000,0.000000,Source: gse20194,0.913043,0.817460,0.926808
RNF14,0.000000,0.000000,Source: gse20194,0.913043,0.817460,0.926808
CRIP1,0.000000,0.000000,Source: gse20194,0.913043,0.817460,0.926808
IFI30,0.000000,0.000000,Source: gse20194,0.913043,0.817460,0.926808
ST8SIA3,0.000000,0.000000,Source: gse20194,0.913043,0.817460,0.926808
WBP2,0.000000,0.000000,Source: gse20194,0.913043,0.817460,0.926808
F5,0.000000,0.000000,Source: gse20194,0.913043,0.817460,0.926808
ISG15,0.000000,0.000000,Source: gse20194,0.913043,0.817460,0.926808
SOX18,0.000000,0.000000,Source: gse20194,0.913043,0.817460,0.926808
PRDM16,0.000000,0.000000,Source: gse20194,0.913043,0.817460,0.926808
USP8,0.000000,0.000000,Source: gse20194,0.913043,0.817460,0.926808
HIBCH,0.000000,0.000000,Source: gse20194,0.913043,0.817460,0.926808
SYT11,0.000000,0.000000,Source: gse20194,0.913043,0.817460,0.926808
REPS2,0.000000,0.000000,Source: gse20194,0.913043,0.817460,0.926808
PHTF1,0.000000,0.000000,Source: gse20194,0.913043,0.817460,0.926808
GABRR1,0.000000,0.000000,Source: gse20194,0.913043,0.817460,0.926808
RSL1D1,0.000000,0.000000,Source: gse20194,0.913043,0.817460,0.926808
COL9A3,0.000000,0.000000,Source: gse20194,0.913043,0.817460,0.926808
SLC4A1,0.000000,0.000000,Source: gse20194,0.913043,0.817460,0.926808
IL18RAP,0.000000,0.000000,Source: gse20194,0.913043,0.817460,0.926808
KIF21B,0.000000,0.000000,Source: gse20194,0.913043,0.817460,0.926808
MRPS14,0.000000,0.000000,Source: gse20194,0.913043,0.817460,0.926808
KIN,0.000000,0.000000,Source: gse20194,0.913043,0.817460,0.926808
NSFL1C,0.000000,0.000000,Source: gse20194,0.913043,0.817460,0.926808
SPAG11B,0.000000,0.000000,Source: gse20194,0.913043,0.817460,0.926808
RAP1GAP2,0.000000,0.000000,Source: gse20194,0.913043,0.817460,0.926808
CISD1,0.000000,0.000000,Source: gse20194,0.913043,0.817460,0.926808
HMGCS1,0.000000,0.000000,Source: gse20194,0.913043,0.817460,0.926808
RNPEP,0.000000,0.000000,Source: gse20194,0.913043,0.817460,0.926808
CTSB,0.000000,0.000000,Source: gse20194,0.913043,0.817460,0.926808
ITGAL,0.000000,0.000000,Source: gse20194,0.913043,0.817460,0.926808
FBXO22,0.000000,0.000000,Source: gse20194,0.913043,0.817460,0.926808
AGGF1,0.000000,0.000000,Source: gse20194,0.913043,0.817460,0.926808
FADS1,0.000000,0.000000,Source: gse20194,0.913043,0.817460,0.926808
MAN1B1,0.000000,0.000000,Source: gse20194,0.913043,0.817460,0.926808
PI15,0.000000,0.000000,Source: gse20194,0.913043,0.817460,0.926808
ATP10A,0.000000,0.000000,Source: gse20194,0.913043,0.817460,0.926808
GOLGA3,0.000000,0.000000,Source: gse20194,0.913043,0.817460,0.926808
TXNDC16,0.000000,0.000000,Source: gse20194,0.913043,0.817460,0.926808
CPS1-IT1,0.000000,0.000000,Source: gse20194,0.913043,0.817460,0.926808
INSRR,0.000000,0.000000,Source: gse20194,0.913043,0.817460,0.926808
RGS19,0.000000,0.000000,Source: gse20194,0.913043,0.817460,0.926808
SP140L,0.000000,0.000000,Source: gse20194,0.913043,0.817460,0.926808
VENTX,0.000000,0.000000,Source: gse20194,0.913043,0.817460,0.926808
ANP32D,0.000000,0.000000,Source: gse20194,0.913043,0.817460,0.926808
KLHL21,0.000000,0.000000,Source: gse20194,0.913043,0.817460,0.926808
OR10H1,0.000000,0.000000,Source: gse20194,0.913043,0.817460,0.926808
APOM,0.000000,0.000000,Source: gse20194,0.913043,0.817460,0.926808
PTPN12,0.000000,0.000000,Source: gse20194,0.913043,0.817460,0.926808
IMPA2,0.000000,0.000000,Source: gse20194,0.913043,0.817460,0.926808
DHX8,0.000000,0.000000,Source: gse20194,0.913043,0.817460,0.926808
NAB2,0.000000,0.000000,Source: gse20194,0.913043,0.817460,0.926808
SCN2A,0.000000,0.000000,Source: gse20194,0.913043,0.817460,0.926808
OAS3,0.000000,0.000000,Source: gse20194,0.913043,0.817460,0.926808
STK17A,0.000000,0.000000,Source: gse20194,0.913043,0.817460,0.926808
ANXA2,0.000000,0.000000,Source: gse20194,0.913043,0.817460,0.926808
TAOK2,0.000000,0.000000,Source: gse20194,0.913043,0.817460,0.926808
FZR1,0.000000,0.000000,Source: gse20194,0.913043,0.817460,0.926808
GABRA1,0.000000,0.000000,Source: gse20194,0.913043,0.817460,0.926808
CTC1,0.000000,0.000000,Source: gse20194,0.913043,0.817460,0.926808
IFT20,0.000000,0.000000,Source: gse20194,0.913043,0.817460,0.926808
ASAP1,0.000000,0.000000,Source: gse20194,0.913043,0.817460,0.926808
SLC6A15,0.000000,0.000000,Source: gse20194,0.913043,0.817460,0.926808
KDM6A,0.000000,0.000000,Source: gse20194,0.913043,0.817460,0.926808
STAR,0.000000,0.000000,Source: gse20194,0.913043,0.817460,0.926808
CALU,0.000000,0.000000,Source: gse20194,0.913043,0.817460,0.926808
PPID,0.000000,0.000000,Source: gse20194,0.913043,0.817460,0.926808
PRAMEF11,0.000000,0.000000,Source: gse20194,0.913043,0.817460,0.926808
TMEM185B,0.000000,0.000000,Source: gse20194,0.913043,0.817460,0.926808
KRT81,0.000000,0.000000,Source: gse20194,0.913043,0.817460,0.926808
AKAP7,0.000000,0.000000,Source: gse20194,0.913043,0.817460,0.926808
FOXE3,0.000000,0.000000,Source: gse20194,0.913043,0.817460,0.926808
ASGR2,0.000000,0.000000,Source: gse20194,0.913043,0.817460,0.926808
SKAP2,0.000000,0.000000,Source: gse20194,0.913043,0.817460,0.926808
AVL9,0.000000,0.000000,Source: gse20194,0.913043,0.817460,0.926808
EPM2AIP1,0.000000,0.000000,Source: gse20194,0.913043,0.817460,0.926808
FAM182B,0.000000,0.000000,Source: gse20194,0.913043,0.817460,0.926808
KCNK15,0.000000,0.000000,Source: gse20194,0.913043,0.817460,0.926808
VEGFA,0.000000,0.000000,Source: gse20194,0.913043,0.817460,0.926808
TBL1X,0.000000,0.000000,Source: gse20194,0.913043,0.817460,0.926808
SLC25A40,0.000000,0.000000,Source: gse20194,0.913043,0.817460,0.926808
NFRKB,0.000000,0.000000,Source: gse20194,0.913043,0.817460,0.926808
ZNF835,0.000000,0.000000,Source: gse20194,0.913043,0.817460,0.926808
PYHIN1,0.000000,0.000000,Source: gse20194,0.913043,0.817460,0.926808
NGRN,0.000000,0.000000,Source: gse20194,0.913043,0.817460,0.926808
YWHAZ,0.000000,0.000000,Source: gse20194,0.913043,0.817460,0.926808
GPC3,0.000000,0.000000,Source: gse20194,0.913043,0.817460,0.926808
CRTAM,0.000000,0.000000,Source: gse20194,0.913043,0.817460,0.926808
COQ10B,0.000000,0.000000,Source: gse20194,0.913043,0.817460,0.926808
CDK7,0.000000,0.000000,Source: gse20194,0.913043,0.817460,0.926808
MLANA,0.000000,0.000000,Source: gse20194,0.913043,0.817460,0.926808
NMD3,0.000000,0.000000,Source: gse20194,0.913043,0.817460,0.926808
SLC26A4,0.000000,0.000000,Source: gse20194,0.913043,0.817460,0.926808
MAX,0.000000,0.000000,Source: gse20194,0.913043,0.817460,0.926808
MGST2,0.000000,0.000000,Source: gse20194,0.913043,0.817460,0.926808
NAPG,0.000000,0.000000,Source: gse20194,0.913043,0.817460,0.926808
ADAR,0.000000,0.000000,Source: gse20194,0.913043,0.817460,0.926808
CCDC81,0.000000,0.000000,Source: gse20194,0.913043,0.817460,0.926808
CCL20,0.000000,0.000000,Source: gse20194,0.913043,0.817460,0.926808
MAVS,0.000000,0.000000,Source: gse20194,0.913043,0.817460,0.926808
PLCG1,0.000000,0.000000,Source: gse20194,0.913043,0.817460,0.926808
REV3L,0.000000,0.000000,Source: gse20194,0.913043,0.817460,0.926808
BCAS4,0.000000,0.000000,Source: gse20194,0.913043,0.817460,0.926808
OR1G1,0.000000,0.000000,Source: gse20194,0.913043,0.817460,0.926808
KCNB2,0.000000,0.000000,Source: gse20194,0.913043,0.817460,0.926808
SLC12A8,0.000000,0.000000,Source: gse20194,0.913043,0.817460,0.926808
KIF18A,0.000000,0.000000,Source: gse20194,0.913043,0.817460,0.926808
ATF6,0.000000,0.000000,Source: gse20194,0.913043,0.817460,0.926808
ENTPD6,0.000000,0.000000,Source: gse20194,0.913043,0.817460,0.926808
WDR62,0.000000,0.000000,Source: gse20194,0.913043,0.817460,0.926808
PTPRZ1,0.000000,0.000000,Source: gse20194,0.913043,0.817460,0.926808
UBE2H,0.000000,0.000000,Source: gse20194,0.913043,0.817460,0.926808
MS4A6A,0.000000,0.000000,Source: gse20194,0.913043,0.817460,0.926808
PPP3CC,0.000000,0.000000,Source: gse20194,0.913043,0.817460,0.926808
KCNB1,0.000000,0.000000,Source: gse20194,0.913043,0.817460,0.926808
CDK5RAP1,0.000000,0.000000,Source: gse20194,0.913043,0.817460,0.926808
NRCAM,0.000000,0.000000,Source: gse20194,0.913043,0.817460,0.926808
CHST11,0.000000,0.000000,Source: gse20194,0.913043,0.817460,0.926808
ABCA11P,0.000000,0.000000,Source: gse20194,0.913043,0.817460,0.926808
GABARAPL1,0.000000,0.000000,Source: gse20194,0.913043,0.817460,0.926808
TTF1,0.000000,0.000000,Source: gse20194,0.913043,0.817460,0.926808
REXO2,0.000000,0.000000,Source: gse20194,0.913043,0.817460,0.926808
COQ3,0.000000,0.000000,Source: gse20194,0.913043,0.817460,0.926808
NUP205,0.000000,0.000000,Source: gse20194,0.913043,0.817460,0.926808
NPHS2,0.000000,0.000000,Source: gse20194,0.913043,0.817460,0.926808
ZNF329,0.000000,0.000000,Source: gse20194,0.913043,0.817460,0.926808
PSMB5,0.000000,0.000000,Source: gse20194,0.913043,0.817460,0.926808
SOS1,0.000000,0.000000,Source: gse20194,0.913043,0.817460,0.926808
TRMT61B,0.000000,0.000000,Source: gse20194,0.913043,0.817460,0.926808
NINJ1,0.000000,0.000000,Source: gse20194,0.913043,0.817460,0.926808
DPM3,0.000000,0.000000,Source: gse20194,0.913043,0.817460,0.926808
RPL10,0.000000,0.000000,Source: gse20194,0.913043,0.817460,0.926808
TGM4,0.000000,0.000000,Source: gse20194,0.913043,0.817460,0.926808
FBXL8,0.000000,0.000000,Source: gse20194,0.913043,0.817460,0.926808
GLP2R,0.000000,0.000000,Source: gse20194,0.913043,0.817460,0.926808
USP15,0.000000,0.000000,Source: gse20194,0.913043,0.817460,0.926808
ELF2,0.000000,0.000000,Source: gse20194,0.913043,0.817460,0.926808
PSMD10,0.000000,0.000000,Source: gse20194,0.913043,0.817460,0.926808
RNASE6,0.000000,0.000000,Source: gse20194,0.913043,0.817460,0.926808
NRGN,0.000000,0.000000,Source: gse20194,0.913043,0.817460,0.926808
ARSD,0.000000,0.000000,Source: gse20194,0.913043,0.817460,0.926808
HLA-F,0.000000,0.000000,Source: gse20194,0.913043,0.817460,0.926808
GLUL,0.000000,0.000000,Source: gse20194,0.913043,0.817460,0.926808
DNAJC8,0.000000,0.000000,Source: gse20194,0.913043,0.817460,0.926808
MYH7,0.000000,0.000000,Source: gse20194,0.913043,0.817460,0.926808
RHBDD3,0.000000,0.000000,Source: gse20194,0.913043,0.817460,0.926808
A2M,0.000000,0.000000,Source: gse20194,0.913043,0.817460,0.926808
PITPNA,0.000000,0.000000,Source: gse20194,0.913043,0.817460,0.926808
GLA,0.000000,0.000000,Source: gse20194,0.913043,0.817460,0.926808
RAB33A,0.000000,0.000000,Source: gse20194,0.913043,0.817460,0.926808
USP20,0.000000,0.000000,Source: gse20194,0.913043,0.817460,0.926808
COX7A1,0.000000,0.000000,Source: gse20194,0.913043,0.817460,0.926808
TERF2,0.000000,0.000000,Source: gse20194,0.913043,0.817460,0.926808
HCCS,0.000000,0.000000,Source: gse20194,0.913043,0.817460,0.926808
ADAM23,0.000000,0.000000,Source: gse20194,0.913043,0.817460,0.926808
KDM5D,0.000000,0.000000,Source: gse20194,0.913043,0.817460,0.926808
PDE2A,0.000000,0.000000,Source: gse20194,0.913043,0.817460,0.926808
CCNL2,0.000000,0.000000,Source: gse20194,0.913043,0.817460,0.926808
DCAKD,0.000000,0.000000,Source: gse20194,0.913043,0.817460,0.926808
EZH1,0.000000,0.000000,Source: gse20194,0.913043,0.817460,0.926808
PLEKHA2,0.000000,0.000000,Source: gse20194,0.913043,0.817460,0.926808
TMEM97,0.000000,0.000000,Source: gse20194,0.913043,0.817460,0.926808
TBC1D8B,0.000000,0.000000,Source: gse20194,0.913043,0.817460,0.926808
MORC1,0.000000,0.000000,Source: gse20194,0.913043,0.817460,0.926808
CSAD,0.000000,0.000000,Source: gse20194,0.913043,0.817460,0.926808
GTPBP1,0.000000,0.000000,Source: gse20194,0.913043,0.817460,0.926808
MRPL42,0.000000,0.000000,Source: gse20194,0.913043,0.817460,0.926808
GBF1,0.000000,0.000000,Source: gse20194,0.913043,0.817460,0.926808
MFSD5,0.000000,0.000000,Source: gse20194,0.913043,0.817460,0.926808
MTRF1L,0.000000,0.000000,Source: gse20194,0.913043,0.817460,0.926808
THOC5,0.000000,0.000000,Source: gse20194,0.913043,0.817460,0.926808
PMS2P1,0.000000,0.000000,Source: gse20194,0.913043,0.817460,0.926808
GHSR,0.000000,0.000000,Source: gse20194,0.913043,0.817460,0.926808
KLRB1,0.000000,0.000000,Source: gse20194,0.913043,0.817460,0.926808
PTGES3,0.000000,0.000000,Source: gse20194,0.913043,0.817460,0.926808
PDHA1,0.000000,0.000000,Source: gse20194,0.913043,0.817460,0.926808
PRRG4,0.000000,0.000000,Source: gse20194,0.913043,0.817460,0.926808
PPBP,0.000000,0.000000,Source: gse20194,0.913043,0.817460,0.926808
RAC2,0.000000,0.000000,Source: gse20194,0.913043,0.817460,0.926808
NAA40,0.000000,0.000000,Source: gse20194,0.913043,0.817460,0.926808
GOLGA2,0.000000,0.000000,Source: gse20194,0.913043,0.817460,0.926808
AKAP12,0.000000,0.000000,Source: gse20194,0.913043,0.817460,0.926808
ORAI2,0.000000,0.000000,Source: gse20194,0.913043,0.817460,0.926808
TAF4,0.000000,0.000000,Source: gse20194,0.913043,0.817460,0.926808
ADARB2,0.000000,0.000000,Source: gse20194,0.913043,0.817460,0.926808
TREML2,0.000000,0.000000,Source: gse20194,0.913043,0.817460,0.926808
AVIL,0.000000,0.000000,Source: gse20194,0.913043,0.817460,0.926808
PAMR1,0.000000,0.000000,Source: gse20194,0.913043,0.817460,0.926808
REV1,0.000000,0.000000,Source: gse20194,0.913043,0.817460,0.926808
ACAD8,0.000000,0.000000,Source: gse20194,0.913043,0.817460,0.926808
APBB1IP,0.000000,0.000000,Source: gse20194,0.913043,0.817460,0.926808
CBR1,0.000000,0.000000,Source: gse20194,0.913043,0.817460,0.926808
PDCD10,0.000000,0.000000,Source: gse20194,0.913043,0.817460,0.926808
ROCK2,0.000000,0.000000,Source: gse20194,0.913043,0.817460,0.926808
NKX3-2,0.000000,0.000000,Source: gse20194,0.913043,0.817460,0.926808
TYRO3,0.000000,0.000000,Source: gse20194,0.913043,0.817460,0.926808
CTNNA2,0.000000,0.000000,Source: gse20194,0.913043,0.817460,0.926808
SEMA6A,0.000000,0.000000,Source: gse20194,0.913043,0.817460,0.926808
CALML5,0.000000,0.000000,Source: gse20194,0.913043,0.817460,0.926808
LIMS1,0.000000,0.000000,Source: gse20194,0.913043,0.817460,0.926808
TP63,0.000000,0.000000,Source: gse20194,0.913043,0.817460,0.926808
METTL18,0.000000,0.000000,Source: gse20194,0.913043,0.817460,0.926808
CXXC4,0.000000,0.000000,Source: gse20194,0.913043,0.817460,0.926808
SAC3D1,0.000000,0.000000,Source: gse20194,0.913043,0.817460,0.926808
PES1,0.000000,0.000000,Source: gse20194,0.913043,0.817460,0.926808
ARSA,0.000000,0.000000,Source: gse20194,0.913043,0.817460,0.926808
NOP14-AS1,0.000000,0.000000,Source: gse20194,0.913043,0.817460,0.926808
SMG5,0.000000,0.000000,Source: gse20194,0.913043,0.817460,0.926808
ADCYAP1,0.000000,0.000000,Source: gse20194,0.913043,0.817460,0.926808
HEG1,0.000000,0.000000,Source: gse20194,0.913043,0.817460,0.926808
CNKSR2,0.000000,0.000000,Source: gse20194,0.913043,0.817460,0.926808
ABHD11,0.000000,0.000000,Source: gse20194,0.913043,0.817460,0.926808
KCNV1,0.000000,0.000000,Source: gse20194,0.913043,0.817460,0.926808
ACSL5,0.000000,0.000000,Source: gse20194,0.913043,0.817460,0.926808
UPB1,0.000000,0.000000,Source: gse20194,0.913043,0.817460,0.926808
HADHB,0.000000,0.000000,Source: gse20194,0.913043,0.817460,0.926808
PPM1D,0.000000,0.000000,Source: gse20194,0.913043,0.817460,0.926808
RSPH6A,0.000000,0.000000,Source: gse20194,0.913043,0.817460,0.926808
ODAM,0.000000,0.000000,Source: gse20194,0.913043,0.817460,0.926808
POLR2L,0.000000,0.000000,Source: gse20194,0.913043,0.817460,0.926808
UBE2G2,0.000000,0.000000,Source: gse20194,0.913043,0.817460,0.926808
ALMS1,0.000000,0.000000,Source: gse20194,0.913043,0.817460,0.926808
PCTP,0.000000,0.000000,Source: gse20194,0.913043,0.817460,0.926808
TBX10,0.000000,0.000000,Source: gse20194,0.913043,0.817460,0.926808
FNDC3A,0.000000,0.000000,Source: gse20194,0.913043,0.817460,0.926808
UBE2B,0.000000,0.000000,Source: gse20194,0.913043,0.817460,0.926808
POU5F1P4,0.000000,0.000000,Source: gse20194,0.913043,0.817460,0.926808
IFNAR2,0.000000,0.000000,Source: gse20194,0.913043,0.817460,0.926808
LIMCH1,0.000000,0.000000,Source: gse20194,0.913043,0.817460,0.926808
SPRR2C,0.000000,0.000000,Source: gse20194,0.913043,0.817460,0.926808
PPM1A,0.000000,0.000000,Source: gse20194,0.913043,0.817460,0.926808
MED6,0.000000,0.000000,Source: gse20194,0.913043,0.817460,0.926808
IGLL3P,0.000000,0.000000,Source: gse20194,0.913043,0.817460,0.926808
CYP4F2,0.000000,0.000000,Source: gse20194,0.913043,0.817460,0.926808
CXCR2,0.000000,0.000000,Source: gse20194,0.913043,0.817460,0.926808
OPTN,0.000000,0.000000,Source: gse20194,0.913043,0.817460,0.926808
CENPM,0.000000,0.000000,Source: gse20194,0.913043,0.817460,0.926808
ATAT1,0.000000,0.000000,Source: gse20194,0.913043,0.817460,0.926808
IQCG,0.000000,0.000000,Source: gse20194,0.913043,0.817460,0.926808
TAF1,0.000000,0.000000,Source: gse20194,0.913043,0.817460,0.926808
ABCA12,0.000000,0.000000,Source: gse20194,0.913043,0.817460,0.926808
MST1,0.000000,0.000000,Source: gse20194,0.913043,0.817460,0.926808
RPL10L,0.000000,0.000000,Source: gse20194,0.913043,0.817460,0.926808
OGFR,0.000000,0.000000,Source: gse20194,0.913043,0.817460,0.926808
KIT,0.000000,0.000000,Source: gse20194,0.913043,0.817460,0.926808
ABAT,0.000000,0.000000,Source: gse20194,0.913043,0.817460,0.926808
TMEM80,0.000000,0.000000,Source: gse20194,0.913043,0.817460,0.926808
TLR6,0.000000,0.000000,Source: gse20194,0.913043,0.817460,0.926808
TSPO,0.000000,0.000000,Source: gse20194,0.913043,0.817460,0.926808
ITGA6,0.000000,0.000000,Source: gse20194,0.913043,0.817460,0.926808
TMEM176A,0.000000,0.000000,Source: gse20194,0.913043,0.817460,0.926808
MYO3A,0.000000,0.000000,Source: gse20194,0.913043,0.817460,0.926808
CLGN,0.000000,0.000000,Source: gse20194,0.913043,0.817460,0.926808
ARHGAP29,0.000000,0.000000,Source: gse20194,0.913043,0.817460,0.926808
ZNF217,0.000000,0.000000,Source: gse20194,0.913043,0.817460,0.926808
RSU1,0.000000,0.000000,Source: gse20194,0.913043,0.817460,0.926808
SPINT1,0.000000,0.000000,Source: gse20194,0.913043,0.817460,0.926808
KRT86,0.000000,0.000000,Source: gse20194,0.913043,0.817460,0.926808
ZBBX,0.000000,0.000000,Source: gse20194,0.913043,0.817460,0.926808
LMO3,0.000000,0.000000,Source: gse20194,0.913043,0.817460,0.926808
PPP2CB,0.000000,0.000000,Source: gse20194,0.913043,0.817460,0.926808
FBXL7,0.000000,0.000000,Source: gse20194,0.913043,0.817460,0.926808
HMGA1,0.000000,0.000000,Source: gse20194,0.913043,0.817460,0.926808
RLN1,0.000000,0.000000,Source: gse20194,0.913043,0.817460,0.926808
NIPAL2,0.000000,0.000000,Source: gse20194,0.913043,0.817460,0.926808
PLA2G5,0.000000,0.000000,Source: gse20194,0.913043,0.817460,0.926808
USP14,0.000000,0.000000,Source: gse20194,0.913043,0.817460,0.926808
SNRNP25,0.000000,0.000000,Source: gse20194,0.913043,0.817460,0.926808
LPXN,0.000000,0.000000,Source: gse20194,0.913043,0.817460,0.926808
TAF6L,0.000000,0.000000,Source: gse20194,0.913043,0.817460,0.926808
TSPAN15,0.000000,0.000000,Source: gse20194,0.913043,0.817460,0.926808
DSCR4,0.000000,0.000000,Source: gse20194,0.913043,0.817460,0.926808
SLC39A6,0.000000,0.000000,Source: gse20194,0.913043,0.817460,0.926808
ADAMTS6,0.000000,0.000000,Source: gse20194,0.913043,0.817460,0.926808
C1QBP,0.000000,0.000000,Source: gse20194,0.913043,0.817460,0.926808
NDC80,0.000000,0.000000,Source: gse20194,0.913043,0.817460,0.926808
PEX2,0.000000,0.000000,Source: gse20194,0.913043,0.817460,0.926808
CDK2AP1,0.000000,0.000000,Source: gse20194,0.913043,0.817460,0.926808
FYCO1,0.000000,0.000000,Source: gse20194,0.913043,0.817460,0.926808
TNFAIP6,0.000000,0.000000,Source: gse20194,0.913043,0.817460,0.926808
EIF1AY,0.000000,0.000000,Source: gse20194,0.913043,0.817460,0.926808
SPOCK3,0.000000,0.000000,Source: gse20194,0.913043,0.817460,0.926808
KRT76,0.000000,0.000000,Source: gse20194,0.913043,0.817460,0.926808
METTL3,0.000000,0.000000,Source: gse20194,0.913043,0.817460,0.926808
OASL,0.000000,0.000000,Source: gse20194,0.913043,0.817460,0.926808
IL36G,0.000000,0.000000,Source: gse20194,0.913043,0.817460,0.926808
PXMP4,0.000000,0.000000,Source: gse20194,0.913043,0.817460,0.926808
MGP,0.000000,0.000000,Source: gse20194,0.913043,0.817460,0.926808
KCTD3,0.000000,0.000000,Source: gse20194,0.913043,0.817460,0.926808
DFFB,0.000000,0.000000,Source: gse20194,0.913043,0.817460,0.926808
MXD4,0.000000,0.000000,Source: gse20194,0.913043,0.817460,0.926808
CACNA1E,0.000000,0.000000,Source: gse20194,0.913043,0.817460,0.926808
CNTLN,0.000000,0.000000,Source: gse20194,0.913043,0.817460,0.926808
CNGB3,0.000000,0.000000,Source: gse20194,0.913043,0.817460,0.926808
LOXL1,0.000000,0.000000,Source: gse20194,0.913043,0.817460,0.926808
ESF1,0.000000,0.000000,Source: gse20194,0.913043,0.817460,0.926808
OSTF1,0.000000,0.000000,Source: gse20194,0.913043,0.817460,0.926808
CYP4F8,0.000000,0.000000,Source: gse20194,0.913043,0.817460,0.926808
GPM6A,0.000000,0.000000,Source: gse20194,0.913043,0.817460,0.926808
PCID2,0.000000,0.000000,Source: gse20194,0.913043,0.817460,0.926808
CRYZ,0.000000,0.000000,Source: gse20194,0.913043,0.817460,0.926808
SSTR5,0.000000,0.000000,Source: gse20194,0.913043,0.817460,0.926808
RBM38,0.000000,0.000000,Source: gse20194,0.913043,0.817460,0.926808
GML,0.000000,0.000000,Source: gse20194,0.913043,0.817460,0.926808
CNOT4,0.000000,0.000000,Source: gse20194,0.913043,0.817460,0.926808
MNT,0.000000,0.000000,Source: gse20194,0.913043,0.817460,0.926808
DDX41,0.000000,0.000000,Source: gse20194,0.913043,0.817460,0.926808
PADI3,0.000000,0.000000,Source: gse20194,0.913043,0.817460,0.926808
DIAPH1,0.000000,0.000000,Source: gse20194,0.913043,0.817460,0.926808
GPATCH1,0.000000,0.000000,Source: gse20194,0.913043,0.817460,0.926808
TKT,0.000000,0.000000,Source: gse20194,0.913043,0.817460,0.926808
MTUS1,0.000000,0.000000,Source: gse20194,0.913043,0.817460,0.926808
IAPP,0.000000,0.000000,Source: gse20194,0.913043,0.817460,0.926808
CLCN3,0.000000,0.000000,Source: gse20194,0.913043,0.817460,0.926808
BCAS2,0.000000,0.000000,Source: gse20194,0.913043,0.817460,0.926808
AIPL1,0.000000,0.000000,Source: gse20194,0.913043,0.817460,0.926808
RFPL1,0.000000,0.000000,Source: gse20194,0.913043,0.817460,0.926808
KRTAP2-4,0.000000,0.000000,Source: gse20194,0.913043,0.817460,0.926808
TCN1,0.000000,0.000000,Source: gse20194,0.913043,0.817460,0.926808
NXPH3,0.000000,0.000000,Source: gse20194,0.913043,0.817460,0.926808
THBS2,0.000000,0.000000,Source: gse20194,0.913043,0.817460,0.926808
USP5,0.000000,0.000000,Source: gse20194,0.913043,0.817460,0.926808
POLR2K,0.000000,0.000000,Source: gse20194,0.913043,0.817460,0.926808
CUL5,0.000000,0.000000,Source: gse20194,0.913043,0.817460,0.926808
POGK,0.000000,0.000000,Source: gse20194,0.913043,0.817460,0.926808
RACGAP1,0.000000,0.000000,Source: gse20194,0.913043,0.817460,0.926808
SLC37A1,0.000000,0.000000,Source: gse20194,0.913043,0.817460,0.926808
GMFG,0.000000,0.000000,Source: gse20194,0.913043,0.817460,0.926808
TMPRSS2,0.000000,0.000000,Source: gse20194,0.913043,0.817460,0.926808
USP29,0.000000,0.000000,Source: gse20194,0.913043,0.817460,0.926808
SLC1A4,0.000000,0.000000,Source: gse20194,0.913043,0.817460,0.926808
TRPC4AP,0.000000,0.000000,Source: gse20194,0.913043,0.817460,0.926808
DHTKD1,0.000000,0.000000,Source: gse20194,0.913043,0.817460,0.926808
SEMA4A,0.000000,0.000000,Source: gse20194,0.913043,0.817460,0.926808
ZNF14,0.000000,0.000000,Source: gse20194,0.913043,0.817460,0.926808
VTCN1,0.000000,0.000000,Source: gse20194,0.913043,0.817460,0.926808
SOD1,0.000000,0.000000,Source: gse20194,0.913043,0.817460,0.926808
CSTB,0.000000,0.000000,Source: gse20194,0.913043,0.817460,0.926808
CRAT,0.000000,0.000000,Source: gse20194,0.913043,0.817460,0.926808
SOS2,0.000000,0.000000,Source: gse20194,0.913043,0.817460,0.926808
CHST5,0.000000,0.000000,Source: gse20194,0.913043,0.817460,0.926808
MYOZ2,0.000000,0.000000,Source: gse20194,0.913043,0.817460,0.926808
PTGS2,0.000000,0.000000,Source: gse20194,0.913043,0.817460,0.926808
NPY6R,0.000000,0.000000,Source: gse20194,0.913043,0.817460,0.926808
PIN1P1,0.000000,0.000000,Source: gse20194,0.913043,0.817460,0.926808
DBF4B,0.000000,0.000000,Source: gse20194,0.913043,0.817460,0.926808
IRF6,0.000000,0.000000,Source: gse20194,0.913043,0.817460,0.926808
BMS1,0.000000,0.000000,Source: gse20194,0.913043,0.817460,0.926808
COLEC10,0.000000,0.000000,Source: gse20194,0.913043,0.817460,0.926808
PHC2,0.000000,0.000000,Source: gse20194,0.913043,0.817460,0.926808
PSIP1,0.000000,0.000000,Source: gse20194,0.913043,0.817460,0.926808
PPP1CA,0.000000,0.000000,Source: gse20194,0.913043,0.817460,0.926808
TMEM121,0.000000,0.000000,Source: gse20194,0.913043,0.817460,0.926808
ECHDC1,0.000000,0.000000,Source: gse20194,0.913043,0.817460,0.926808
GAL,0.000000,0.000000,Source: gse20194,0.913043,0.817460,0.926808
ITGB3BP,0.000000,0.000000,Source: gse20194,0.913043,0.817460,0.926808
PHF1,0.000000,0.000000,Source: gse20194,0.913043,0.817460,0.926808
IQCE,0.000000,0.000000,Source: gse20194,0.913043,0.817460,0.926808
CXCL2,0.000000,0.000000,Source: gse20194,0.913043,0.817460,0.926808
FBXO7,0.000000,0.000000,Source: gse20194,0.913043,0.817460,0.926808
TF,0.000000,0.000000,Source: gse20194,0.913043,0.817460,0.926808
TLN2,0.000000,0.000000,Source: gse20194,0.913043,0.817460,0.926808
KAT5,0.000000,0.000000,Source: gse20194,0.913043,0.817460,0.926808
ARHGAP6,0.000000,0.000000,Source: gse20194,0.913043,0.817460,0.926808
MKNK2,0.000000,0.000000,Source: gse20194,0.913043,0.817460,0.926808
CYP7A1,0.000000,0.000000,Source: gse20194,0.913043,0.817460,0.926808
ALS2CL,0.000000,0.000000,Source: gse20194,0.913043,0.817460,0.926808
COX6A2,0.000000,0.000000,Source: gse20194,0.913043,0.817460,0.926808
ADM,0.000000,0.000000,Source: gse20194,0.913043,0.817460,0.926808
PRDM12,0.000000,0.000000,Source: gse20194,0.913043,0.817460,0.926808
CHGA,0.000000,0.000000,Source: gse20194,0.913043,0.817460,0.926808
OXR1,0.000000,0.000000,Source: gse20194,0.913043,0.817460,0.926808
ZNF471,0.000000,0.000000,Source: gse20194,0.913043,0.817460,0.926808
EXOG,0.000000,0.000000,Source: gse20194,0.913043,0.817460,0.926808
FGF16,0.000000,0.000000,Source: gse20194,0.913043,0.817460,0.926808
CHSY1,0.000000,0.000000,Source: gse20194,0.913043,0.817460,0.926808
SMARCC1,0.000000,0.000000,Source: gse20194,0.913043,0.817460,0.926808
EPB41L1,0.000000,0.000000,Source: gse20194,0.913043,0.817460,0.926808
TLE6,0.000000,0.000000,Source: gse20194,0.913043,0.817460,0.926808
NAA11,0.000000,0.000000,Source: gse20194,0.913043,0.817460,0.926808
SLC14A1,0.000000,0.000000,Source: gse20194,0.913043,0.817460,0.926808
TBC1D5,0.000000,0.000000,Source: gse20194,0.913043,0.817460,0.926808
MITF,0.000000,0.000000,Source: gse20194,0.913043,0.817460,0.926808
CLEC16A,0.000000,0.000000,Source: gse20194,0.913043,0.817460,0.926808
IQCK,0.000000,0.000000,Source: gse20194,0.913043,0.817460,0.926808
FBRS,0.000000,0.000000,Source: gse20194,0.913043,0.817460,0.926808
EFEMP2,0.000000,0.000000,Source: gse20194,0.913043,0.817460,0.926808
SYCP2,0.000000,0.000000,Source: gse20194,0.913043,0.817460,0.926808
SELL,0.000000,0.000000,Source: gse20194,0.913043,0.817460,0.926808
DSTN,0.000000,0.000000,Source: gse20194,0.913043,0.817460,0.926808
HLTF,0.000000,0.000000,Source: gse20194,0.913043,0.817460,0.926808
RASAL2,0.000000,0.000000,Source: gse20194,0.913043,0.817460,0.926808
SLC16A1,0.000000,0.000000,Source: gse20194,0.913043,0.817460,0.926808
PEX11B,0.000000,0.000000,Source: gse20194,0.913043,0.817460,0.926808
DEK,0.000000,0.000000,Source: gse20194,0.913043,0.817460,0.926808
AP2S1,0.000000,0.000000,Source: gse20194,0.913043,0.817460,0.926808
OR1A2,0.000000,0.000000,Source: gse20194,0.913043,0.817460,0.926808
UBA2,0.000000,0.000000,Source: gse20194,0.913043,0.817460,0.926808
ELOVL2,0.000000,0.000000,Source: gse20194,0.913043,0.817460,0.926808
GNG4,0.000000,0.000000,Source: gse20194,0.913043,0.817460,0.926808
ISG20,0.000000,0.000000,Source: gse20194,0.913043,0.817460,0.926808
BMP2K,0.000000,0.000000,Source: gse20194,0.913043,0.817460,0.926808
IDI1,0.000000,0.000000,Source: gse20194,0.913043,0.817460,0.926808
VPREB1,0.000000,0.000000,Source: gse20194,0.913043,0.817460,0.926808
ITGAV,0.000000,0.000000,Source: gse20194,0.913043,0.817460,0.926808
SAT1,0.000000,0.000000,Source: gse20194,0.913043,0.817460,0.926808
CD6,0.000000,0.000000,Source: gse20194,0.913043,0.817460,0.926808
STK38L,0.000000,0.000000,Source: gse20194,0.913043,0.817460,0.926808
ZNF85,0.000000,0.000000,Source: gse20194,0.913043,0.817460,0.926808
MT1X,0.000000,0.000000,Source: gse20194,0.913043,0.817460,0.926808
ASF1A,0.000000,0.000000,Source: gse20194,0.913043,0.817460,0.926808
HAMP,0.000000,0.000000,Source: gse20194,0.913043,0.817460,0.926808
PNP,0.000000,0.000000,Source: gse20194,0.913043,0.817460,0.926808
MMACHC,0.000000,0.000000,Source: gse20194,0.913043,0.817460,0.926808
GJD2,0.000000,0.000000,Source: gse20194,0.913043,0.817460,0.926808
ITGAX,0.000000,0.000000,Source: gse20194,0.913043,0.817460,0.926808
MTMR10,0.000000,0.000000,Source: gse20194,0.913043,0.817460,0.926808
ST6GALNAC5,0.000000,0.000000,Source: gse20194,0.913043,0.817460,0.926808
DGKI,0.000000,0.000000,Source: gse20194,0.913043,0.817460,0.926808
EXOSC5,0.000000,0.000000,Source: gse20194,0.913043,0.817460,0.926808
RHOT2,0.000000,0.000000,Source: gse20194,0.913043,0.817460,0.926808
RHD,0.000000,0.000000,Source: gse20194,0.913043,0.817460,0.926808
P2RY4,0.000000,0.000000,Source: gse20194,0.913043,0.817460,0.926808
FARS2,0.000000,0.000000,Source: gse20194,0.913043,0.817460,0.926808
BMP15,0.000000,0.000000,Source: gse20194,0.913043,0.817460,0.926808
DMP1,0.000000,0.000000,Source: gse20194,0.913043,0.817460,0.926808
RBFA,0.000000,0.000000,Source: gse20194,0.913043,0.817460,0.926808
TMEM223,0.000000,0.000000,Source: gse20194,0.913043,0.817460,0.926808
AKAP10,0.000000,0.000000,Source: gse20194,0.913043,0.817460,0.926808
CYB5A,0.000000,0.000000,Source: gse20194,0.913043,0.817460,0.926808
IGLL1,0.000000,0.000000,Source: gse20194,0.913043,0.817460,0.926808
KIFC1,0.000000,0.000000,Source: gse20194,0.913043,0.817460,0.926808
ZNF821,0.000000,0.000000,Source: gse20194,0.913043,0.817460,0.926808
PTPN2,0.000000,0.000000,Source: gse20194,0.913043,0.817460,0.926808
B3GALT5,0.000000,0.000000,Source: gse20194,0.913043,0.817460,0.926808
WBP4,0.000000,0.000000,Source: gse20194,0.913043,0.817460,0.926808
ZNF154,0.000000,0.000000,Source: gse20194,0.913043,0.817460,0.926808
GUF1,0.000000,0.000000,Source: gse20194,0.913043,0.817460,0.926808
ATP8A2,0.000000,0.000000,Source: gse20194,0.913043,0.817460,0.926808
SMARCA2,0.000000,0.000000,Source: gse20194,0.913043,0.817460,0.926808
GYS2,0.000000,0.000000,Source: gse20194,0.913043,0.817460,0.926808
RNH1,0.000000,0.000000,Source: gse20194,0.913043,0.817460,0.926808
WFS1,0.000000,0.000000,Source: gse20194,0.913043,0.817460,0.926808
NFYB,0.000000,0.000000,Source: gse20194,0.913043,0.817460,0.926808
INSIG2,0.000000,0.000000,Source: gse20194,0.913043,0.817460,0.926808
NSMAF,0.000000,0.000000,Source: gse20194,0.913043,0.817460,0.926808
ZDHHC7,0.000000,0.000000,Source: gse20194,0.913043,0.817460,0.926808
LY6G6C,0.000000,0.000000,Source: gse20194,0.913043,0.817460,0.926808
ZNF350,0.000000,0.000000,Source: gse20194,0.913043,0.817460,0.926808
MYEF2,0.000000,0.000000,Source: gse20194,0.913043,0.817460,0.926808
DTX2P1-UPK3BP1-PMS2P11,0.000000,0.000000,Source: gse20194,0.913043,0.817460,0.926808
ADAM3A,0.000000,0.000000,Source: gse20194,0.913043,0.817460,0.926808
DNAL4,0.000000,0.000000,Source: gse20194,0.913043,0.817460,0.926808
ZNF544,0.000000,0.000000,Source: gse20194,0.913043,0.817460,0.926808
STAT4,0.000000,0.000000,Source: gse20194,0.913043,0.817460,0.926808
ITCH,0.000000,0.000000,Source: gse20194,0.913043,0.817460,0.926808
PFN2,0.000000,0.000000,Source: gse20194,0.913043,0.817460,0.926808
GOLGA1,0.000000,0.000000,Source: gse20194,0.913043,0.817460,0.926808
PCDHB6,0.000000,0.000000,Source: gse20194,0.913043,0.817460,0.926808
LSR,0.000000,0.000000,Source: gse20194,0.913043,0.817460,0.926808
MOBP,0.000000,0.000000,Source: gse20194,0.913043,0.817460,0.926808
SYP,0.000000,0.000000,Source: gse20194,0.913043,0.817460,0.926808
GNRHR,0.000000,0.000000,Source: gse20194,0.913043,0.817460,0.926808
ENTPD1,0.000000,0.000000,Source: gse20194,0.913043,0.817460,0.926808
TCL6,0.000000,0.000000,Source: gse20194,0.913043,0.817460,0.926808
DZIP3,0.000000,0.000000,Source: gse20194,0.913043,0.817460,0.926808
PNISR,0.000000,0.000000,Source: gse20194,0.913043,0.817460,0.926808
ARSJ,0.000000,0.000000,Source: gse20194,0.913043,0.817460,0.926808
NUP188,0.000000,0.000000,Source: gse20194,0.913043,0.817460,0.926808
PIEZO1,0.000000,0.000000,Source: gse20194,0.913043,0.817460,0.926808
SH3TC2,0.000000,0.000000,Source: gse20194,0.913043,0.817460,0.926808
ABLIM3,0.000000,0.000000,Source: gse20194,0.913043,0.817460,0.926808
HCG26,0.000000,0.000000,Source: gse20194,0.913043,0.817460,0.926808
TOP2B,0.000000,0.000000,Source: gse20194,0.913043,0.817460,0.926808
FKBPL,0.000000,0.000000,Source: gse20194,0.913043,0.817460,0.926808
BATF,0.000000,0.000000,Source: gse20194,0.913043,0.817460,0.926808
ATF2,0.000000,0.000000,Source: gse20194,0.913043,0.817460,0.926808
CST3,0.000000,0.000000,Source: gse20194,0.913043,0.817460,0.926808
KRT31,0.000000,0.000000,Source: gse20194,0.913043,0.817460,0.926808
DVL1,0.000000,0.000000,Source: gse20194,0.913043,0.817460,0.926808
VIPR1,0.000000,0.000000,Source: gse20194,0.913043,0.817460,0.926808
KLK6,0.000000,0.000000,Source: gse20194,0.913043,0.817460,0.926808
POMT2,0.000000,0.000000,Source: gse20194,0.913043,0.817460,0.926808
YIF1A,0.000000,0.000000,Source: gse20194,0.913043,0.817460,0.926808
FLVCR2,0.000000,0.000000,Source: gse20194,0.913043,0.817460,0.926808
CABP2,0.000000,0.000000,Source: gse20194,0.913043,0.817460,0.926808
NPHS1,0.000000,0.000000,Source: gse20194,0.913043,0.817460,0.926808
UPF3B,0.000000,0.000000,Source: gse20194,0.913043,0.817460,0.926808
KLHL12,0.000000,0.000000,Source: gse20194,0.913043,0.817460,0.926808
SFRP1,0.000000,0.000000,Source: gse20194,0.913043,0.817460,0.926808
SLC17A1,0.000000,0.000000,Source: gse20194,0.913043,0.817460,0.926808
ZNF334,0.000000,0.000000,Source: gse20194,0.913043,0.817460,0.926808
MINK1,0.000000,0.000000,Source: gse20194,0.913043,0.817460,0.926808
CA1,0.000000,0.000000,Source: gse20194,0.913043,0.817460,0.926808
SEMA3F,0.000000,0.000000,Source: gse20194,0.913043,0.817460,0.926808
LIPC,0.000000,0.000000,Source: gse20194,0.913043,0.817460,0.926808
TIMP2,0.000000,0.000000,Source: gse20194,0.913043,0.817460,0.926808
OR12D2,0.000000,0.000000,Source: gse20194,0.913043,0.817460,0.926808
RSL24D1,0.000000,0.000000,Source: gse20194,0.913043,0.817460,0.926808
SERPINI2,0.000000,0.000000,Source: gse20194,0.913043,0.817460,0.926808
TSC22D4,0.000000,0.000000,Source: gse20194,0.913043,0.817460,0.926808
CACNA1D,0.000000,0.000000,Source: gse20194,0.913043,0.817460,0.926808
SAP30L,0.000000,0.000000,Source: gse20194,0.913043,0.817460,0.926808
RAB40B,0.000000,0.000000,Source: gse20194,0.913043,0.817460,0.926808
TAP1,0.000000,0.000000,Source: gse20194,0.913043,0.817460,0.926808
PIGP,0.000000,0.000000,Source: gse20194,0.913043,0.817460,0.926808
SLC16A5,0.000000,0.000000,Source: gse20194,0.913043,0.817460,0.926808
PRKACB,0.000000,0.000000,Source: gse20194,0.913043,0.817460,0.926808
SNRPB,0.000000,0.000000,Source: gse20194,0.913043,0.817460,0.926808
KRT13,0.000000,0.000000,Source: gse20194,0.913043,0.817460,0.926808
GJA1,0.000000,0.000000,Source: gse20194,0.913043,0.817460,0.926808
STAG3L4,0.000000,0.000000,Source: gse20194,0.913043,0.817460,0.926808
CRYBB2,0.000000,0.000000,Source: gse20194,0.913043,0.817460,0.926808
NT5DC3,0.000000,0.000000,Source: gse20194,0.913043,0.817460,0.926808
TYROBP,0.000000,0.000000,Source: gse20194,0.913043,0.817460,0.926808
KAT8,0.000000,0.000000,Source: gse20194,0.913043,0.817460,0.926808
ALG9,0.000000,0.000000,Source: gse20194,0.913043,0.817460,0.926808
RNF141,0.000000,0.000000,Source: gse20194,0.913043,0.817460,0.926808
RAC3,0.000000,0.000000,Source: gse20194,0.913043,0.817460,0.926808
ERGIC3,0.000000,0.000000,Source: gse20194,0.913043,0.817460,0.926808
MAGED2,0.000000,0.000000,Source: gse20194,0.913043,0.817460,0.926808
RNASEH2A,0.000000,0.000000,Source: gse20194,0.913043,0.817460,0.926808
TBCE,0.000000,0.000000,Source: gse20194,0.913043,0.817460,0.926808
CSN3,0.000000,0.000000,Source: gse20194,0.913043,0.817460,0.926808
ENTPD3,0.000000,0.000000,Source: gse20194,0.913043,0.817460,0.926808
PPP6R1,0.000000,0.000000,Source: gse20194,0.913043,0.817460,0.926808
PVR,0.000000,0.000000,Source: gse20194,0.913043,0.817460,0.926808
SULT2B1,0.000000,0.000000,Source: gse20194,0.913043,0.817460,0.926808
KLC2,0.000000,0.000000,Source: gse20194,0.913043,0.817460,0.926808
GIGYF2,0.000000,0.000000,Source: gse20194,0.913043,0.817460,0.926808
PPP2R3A,0.000000,0.000000,Source: gse20194,0.913043,0.817460,0.926808
CDCA4,0.000000,0.000000,Source: gse20194,0.913043,0.817460,0.926808
ARMC1,0.000000,0.000000,Source: gse20194,0.913043,0.817460,0.926808
FOXN3,0.000000,0.000000,Source: gse20194,0.913043,0.817460,0.926808
PMP22,0.000000,0.000000,Source: gse20194,0.913043,0.817460,0.926808
MYOF,0.000000,0.000000,Source: gse20194,0.913043,0.817460,0.926808
RPN2,0.000000,0.000000,Source: gse20194,0.913043,0.817460,0.926808
TNFRSF17,0.000000,0.000000,Source: gse20194,0.913043,0.817460,0.926808
HSPA1A,0.000000,0.000000,Source: gse20194,0.913043,0.817460,0.926808
CDK16,0.000000,0.000000,Source: gse20194,0.913043,0.817460,0.926808
PRKAR1B,0.000000,0.000000,Source: gse20194,0.913043,0.817460,0.926808
ARPC5L,0.000000,0.000000,Source: gse20194,0.913043,0.817460,0.926808
USP2,0.000000,0.000000,Source: gse20194,0.913043,0.817460,0.926808
KLF5,0.000000,0.000000,Source: gse20194,0.913043,0.817460,0.926808
CDK5R1,0.000000,0.000000,Source: gse20194,0.913043,0.817460,0.926808
PTPRD,0.000000,0.000000,Source: gse20194,0.913043,0.817460,0.926808
HNF1A,0.000000,0.000000,Source: gse20194,0.913043,0.817460,0.926808
SCAMP1,0.000000,0.000000,Source: gse20194,0.913043,0.817460,0.926808
KLHL25,0.000000,0.000000,Source: gse20194,0.913043,0.817460,0.926808
CSF3R,0.000000,0.000000,Source: gse20194,0.913043,0.817460,0.926808
SLC30A4,0.000000,0.000000,Source: gse20194,0.913043,0.817460,0.926808
SIRPB1,0.000000,0.000000,Source: gse20194,0.913043,0.817460,0.926808
ZNF180,0.000000,0.000000,Source: gse20194,0.913043,0.817460,0.926808
MLLT10,0.000000,0.000000,Source: gse20194,0.913043,0.817460,0.926808
EIF4A3,0.000000,0.000000,Source: gse20194,0.913043,0.817460,0.926808
RPRD2,0.000000,0.000000,Source: gse20194,0.913043,0.817460,0.926808
PSMG2,0.000000,0.000000,Source: gse20194,0.913043,0.817460,0.926808
ADAM29,0.000000,0.000000,Source: gse20194,0.913043,0.817460,0.926808
NAP1L2,0.000000,0.000000,Source: gse20194,0.913043,0.817460,0.926808
XPC,0.000000,0.000000,Source: gse20194,0.913043,0.817460,0.926808
RUFY1,0.000000,0.000000,Source: gse20194,0.913043,0.817460,0.926808
TMEM11,0.000000,0.000000,Source: gse20194,0.913043,0.817460,0.926808
ATXN10,0.000000,0.000000,Source: gse20194,0.913043,0.817460,0.926808
CRHBP,0.000000,0.000000,Source: gse20194,0.913043,0.817460,0.926808
GLYR1,0.000000,0.000000,Source: gse20194,0.913043,0.817460,0.926808
HNRNPH1,0.000000,0.000000,Source: gse20194,0.913043,0.817460,0.926808
GPD1L,0.000000,0.000000,Source: gse20194,0.913043,0.817460,0.926808
MCCC2,0.000000,0.000000,Source: gse20194,0.913043,0.817460,0.926808
DUSP8,0.000000,0.000000,Source: gse20194,0.913043,0.817460,0.926808
LILRP2,0.000000,0.000000,Source: gse20194,0.913043,0.817460,0.926808
MEGF8,0.000000,0.000000,Source: gse20194,0.913043,0.817460,0.926808
ZNF710,0.000000,0.000000,Source: gse20194,0.913043,0.817460,0.926808
REG1A,0.000000,0.000000,Source: gse20194,0.913043,0.817460,0.926808
KLK5,0.000000,0.000000,Source: gse20194,0.913043,0.817460,0.926808
SPATA20,0.000000,0.000000,Source: gse20194,0.913043,0.817460,0.926808
IGF2R,0.000000,0.000000,Source: gse20194,0.913043,0.817460,0.926808
PPOX,0.000000,0.000000,Source: gse20194,0.913043,0.817460,0.926808
TRIB2,0.000000,0.000000,Source: gse20194,0.913043,0.817460,0.926808
COX4I1,0.000000,0.000000,Source: gse20194,0.913043,0.817460,0.926808
HCLS1,0.000000,0.000000,Source: gse20194,0.913043,0.817460,0.926808
POLR1B,0.000000,0.000000,Source: gse20194,0.913043,0.817460,0.926808
AHCYL1,0.000000,0.000000,Source: gse20194,0.913043,0.817460,0.926808
CDX2,0.000000,0.000000,Source: gse20194,0.913043,0.817460,0.926808
GPR137,0.000000,0.000000,Source: gse20194,0.913043,0.817460,0.926808
PLXNA2,0.000000,0.000000,Source: gse20194,0.913043,0.817460,0.926808
ALG12,0.000000,0.000000,Source: gse20194,0.913043,0.817460,0.926808
CLSTN2,0.000000,0.000000,Source: gse20194,0.913043,0.817460,0.926808
PLAA,0.000000,0.000000,Source: gse20194,0.913043,0.817460,0.926808
PRTN3,0.000000,0.000000,Source: gse20194,0.913043,0.817460,0.926808
RPS11,0.000000,0.000000,Source: gse20194,0.913043,0.817460,0.926808
EYA2,0.000000,0.000000,Source: gse20194,0.913043,0.817460,0.926808
RHOD,0.000000,0.000000,Source: gse20194,0.913043,0.817460,0.926808
HNRNPH3,0.000000,0.000000,Source: gse20194,0.913043,0.817460,0.926808
CDHR2,0.000000,0.000000,Source: gse20194,0.913043,0.817460,0.926808
DGCR11,0.000000,0.000000,Source: gse20194,0.913043,0.817460,0.926808
NETO2,0.000000,0.000000,Source: gse20194,0.913043,0.817460,0.926808
SLC2A3,0.000000,0.000000,Source: gse20194,0.913043,0.817460,0.926808
KPNA3,0.000000,0.000000,Source: gse20194,0.913043,0.817460,0.926808
MCAM,0.000000,0.000000,Source: gse20194,0.913043,0.817460,0.926808
TRAF5,0.000000,0.000000,Source: gse20194,0.913043,0.817460,0.926808
RFX3,0.000000,0.000000,Source: gse20194,0.913043,0.817460,0.926808
MED22,0.000000,0.000000,Source: gse20194,0.913043,0.817460,0.926808
ATP2B1,0.000000,0.000000,Source: gse20194,0.913043,0.817460,0.926808
SIX1,0.000000,0.000000,Source: gse20194,0.913043,0.817460,0.926808
SPINT2,0.000000,0.000000,Source: gse20194,0.913043,0.817460,0.926808
HS2ST1,0.000000,0.000000,Source: gse20194,0.913043,0.817460,0.926808
TNNT1,0.000000,0.000000,Source: gse20194,0.913043,0.817460,0.926808
GSPT1,0.000000,0.000000,Source: gse20194,0.913043,0.817460,0.926808
TRO,0.000000,0.000000,Source: gse20194,0.913043,0.817460,0.926808
NRBP1,0.000000,0.000000,Source: gse20194,0.913043,0.817460,0.926808
ZNF84,0.000000,0.000000,Source: gse20194,0.913043,0.817460,0.926808
PPFIA3,0.000000,0.000000,Source: gse20194,0.913043,0.817460,0.926808
NRF1,0.000000,0.000000,Source: gse20194,0.913043,0.817460,0.926808
ALG3,0.000000,0.000000,Source: gse20194,0.913043,0.817460,0.926808
CELSR3,0.000000,0.000000,Source: gse20194,0.913043,0.817460,0.926808
NR1I2,0.000000,0.000000,Source: gse20194,0.913043,0.817460,0.926808
NPLOC4,0.000000,0.000000,Source: gse20194,0.913043,0.817460,0.926808
ZNF696,0.000000,0.000000,Source: gse20194,0.913043,0.817460,0.926808
NPR1,0.000000,0.000000,Source: gse20194,0.913043,0.817460,0.926808
SLC36A1,0.000000,0.000000,Source: gse20194,0.913043,0.817460,0.926808
PDCD6,0.000000,0.000000,Source: gse20194,0.913043,0.817460,0.926808
NHP2,0.000000,0.000000,Source: gse20194,0.913043,0.817460,0.926808
NUDT18,0.000000,0.000000,Source: gse20194,0.913043,0.817460,0.926808
KRT15,0.000000,0.000000,Source: gse20194,0.913043,0.817460,0.926808
ATF1,0.000000,0.000000,Source: gse20194,0.913043,0.817460,0.926808
GRIN2B,0.000000,0.000000,Source: gse20194,0.913043,0.817460,0.926808
DUSP9,0.000000,0.000000,Source: gse20194,0.913043,0.817460,0.926808
SNTG1,0.000000,0.000000,Source: gse20194,0.913043,0.817460,0.926808
AZIN1,0.000000,0.000000,Source: gse20194,0.913043,0.817460,0.926808
NLRP3,0.000000,0.000000,Source: gse20194,0.913043,0.817460,0.926808
SMARCD1,0.000000,0.000000,Source: gse20194,0.913043,0.817460,0.926808
ST3GAL2,0.000000,0.000000,Source: gse20194,0.913043,0.817460,0.926808
GRN,0.000000,0.000000,Source: gse20194,0.913043,0.817460,0.926808
PORCN,0.000000,0.000000,Source: gse20194,0.913043,0.817460,0.926808
SLC35A5,0.000000,0.000000,Source: gse20194,0.913043,0.817460,0.926808
MYO5A,0.000000,0.000000,Source: gse20194,0.913043,0.817460,0.926808
ORC6,0.000000,0.000000,Source: gse20194,0.913043,0.817460,0.926808
ZCCHC10,0.000000,0.000000,Source: gse20194,0.913043,0.817460,0.926808
ADD3,0.000000,0.000000,Source: gse20194,0.913043,0.817460,0.926808
TMCC2,0.000000,0.000000,Source: gse20194,0.913043,0.817460,0.926808
TOX4,0.000000,0.000000,Source: gse20194,0.913043,0.817460,0.926808
CHL1,0.000000,0.000000,Source: gse20194,0.913043,0.817460,0.926808
KLF7,0.000000,0.000000,Source: gse20194,0.913043,0.817460,0.926808
CASQ1,0.000000,0.000000,Source: gse20194,0.913043,0.817460,0.926808
LAMTOR3,0.000000,0.000000,Source: gse20194,0.913043,0.817460,0.926808
GLS,0.000000,0.000000,Source: gse20194,0.913043,0.817460,0.926808
DMPK,0.000000,0.000000,Source: gse20194,0.913043,0.817460,0.926808
GSTA4,0.000000,0.000000,Source: gse20194,0.913043,0.817460,0.926808
PMP2,0.000000,0.000000,Source: gse20194,0.913043,0.817460,0.926808
CHIC2,0.000000,0.000000,Source: gse20194,0.913043,0.817460,0.926808
UBE2K,0.000000,0.000000,Source: gse20194,0.913043,0.817460,0.926808
PSMC3,0.000000,0.000000,Source: gse20194,0.913043,0.817460,0.926808
TSG101,0.000000,0.000000,Source: gse20194,0.913043,0.817460,0.926808
ADAMTS1,0.000000,0.000000,Source: gse20194,0.913043,0.817460,0.926808
PCDH11Y,0.000000,0.000000,Source: gse20194,0.913043,0.817460,0.926808
CYB5R1,0.000000,0.000000,Source: gse20194,0.913043,0.817460,0.926808
LSP1,0.000000,0.000000,Source: gse20194,0.913043,0.817460,0.926808
S100A3,0.000000,0.000000,Source: gse20194,0.913043,0.817460,0.926808
ZNF589,0.000000,0.000000,Source: gse20194,0.913043,0.817460,0.926808
RUNX2,0.000000,0.000000,Source: gse20194,0.913043,0.817460,0.926808
SHC1,0.000000,0.000000,Source: gse20194,0.913043,0.817460,0.926808
MSL3,0.000000,0.000000,Source: gse20194,0.913043,0.817460,0.926808
FOXO4,0.000000,0.000000,Source: gse20194,0.913043,0.817460,0.926808
AK5,0.000000,0.000000,Source: gse20194,0.913043,0.817460,0.926808
ZNF41,0.000000,0.000000,Source: gse20194,0.913043,0.817460,0.926808
TEFM,0.000000,0.000000,Source: gse20194,0.913043,0.817460,0.926808
RIC3,0.000000,0.000000,Source: gse20194,0.913043,0.817460,0.926808
ADNP2,0.000000,0.000000,Source: gse20194,0.913043,0.817460,0.926808
PITRM1,0.000000,0.000000,Source: gse20194,0.913043,0.817460,0.926808
GALC,0.000000,0.000000,Source: gse20194,0.913043,0.817460,0.926808
RUSC1,0.000000,0.000000,Source: gse20194,0.913043,0.817460,0.926808
SOX9,0.000000,0.000000,Source: gse20194,0.913043,0.817460,0.926808
GTF2H1,0.000000,0.000000,Source: gse20194,0.913043,0.817460,0.926808
KIR3DX1,0.000000,0.000000,Source: gse20194,0.913043,0.817460,0.926808
RAB2A,0.000000,0.000000,Source: gse20194,0.913043,0.817460,0.926808
RAPGEF1,0.000000,0.000000,Source: gse20194,0.913043,0.817460,0.926808
SAP130,0.000000,0.000000,Source: gse20194,0.913043,0.817460,0.926808
ZW10,0.000000,0.000000,Source: gse20194,0.913043,0.817460,0.926808
SMCP,0.000000,0.000000,Source: gse20194,0.913043,0.817460,0.926808
PKMYT1,0.000000,0.000000,Source: gse20194,0.913043,0.817460,0.926808
CNR1,0.000000,0.000000,Source: gse20194,0.913043,0.817460,0.926808
CRBN,0.000000,0.000000,Source: gse20194,0.913043,0.817460,0.926808
NAT8,0.000000,0.000000,Source: gse20194,0.913043,0.817460,0.926808
CCDC47,0.000000,0.000000,Source: gse20194,0.913043,0.817460,0.926808
RPAP1,0.000000,0.000000,Source: gse20194,0.913043,0.817460,0.926808
TBC1D1,0.000000,0.000000,Source: gse20194,0.913043,0.817460,0.926808
WFDC1,0.000000,0.000000,Source: gse20194,0.913043,0.817460,0.926808
GP2,0.000000,0.000000,Source: gse20194,0.913043,0.817460,0.926808
PTK2,0.000000,0.000000,Source: gse20194,0.913043,0.817460,0.926808
SPINK5,0.000000,0.000000,Source: gse20194,0.913043,0.817460,0.926808
GATM,0.000000,0.000000,Source: gse20194,0.913043,0.817460,0.926808
IER2,0.000000,0.000000,Source: gse20194,0.913043,0.817460,0.926808
COL18A1,0.000000,0.000000,Source: gse20194,0.913043,0.817460,0.926808
ABCC9,0.000000,0.000000,Source: gse20194,0.913043,0.817460,0.926808
CTNNA1,0.000000,0.000000,Source: gse20194,0.913043,0.817460,0.926808
GP9,0.000000,0.000000,Source: gse20194,0.913043,0.817460,0.926808
PFDN4,0.000000,0.000000,Source: gse20194,0.913043,0.817460,0.926808
GNG11,0.000000,0.000000,Source: gse20194,0.913043,0.817460,0.926808
CRABP2,0.000000,0.000000,Source: gse20194,0.913043,0.817460,0.926808
POU6F2,0.000000,0.000000,Source: gse20194,0.913043,0.817460,0.926808
ZMAT4,0.000000,0.000000,Source: gse20194,0.913043,0.817460,0.926808
GPRC5D,0.000000,0.000000,Source: gse20194,0.913043,0.817460,0.926808
MAS1,0.000000,0.000000,Source: gse20194,0.913043,0.817460,0.926808
USO1,0.000000,0.000000,Source: gse20194,0.913043,0.817460,0.926808
CSPP1,0.000000,0.000000,Source: gse20194,0.913043,0.817460,0.926808
DLST,0.000000,0.000000,Source: gse20194,0.913043,0.817460,0.926808
CYLD,0.000000,0.000000,Source: gse20194,0.913043,0.817460,0.926808
TMEM183A,0.000000,0.000000,Source: gse20194,0.913043,0.817460,0.926808
TRPC1,0.000000,0.000000,Source: gse20194,0.913043,0.817460,0.926808
HSD3B2,0.000000,0.000000,Source: gse20194,0.913043,0.817460,0.926808
TRIM48,0.000000,0.000000,Source: gse20194,0.913043,0.817460,0.926808
PGAP2,0.000000,0.000000,Source: gse20194,0.913043,0.817460,0.926808
ARPP19,0.000000,0.000000,Source: gse20194,0.913043,0.817460,0.926808
SIRT3,0.000000,0.000000,Source: gse20194,0.913043,0.817460,0.926808
C6orf15,0.000000,0.000000,Source: gse20194,0.913043,0.817460,0.926808
AP1S1,0.000000,0.000000,Source: gse20194,0.913043,0.817460,0.926808
RRN3,0.000000,0.000000,Source: gse20194,0.913043,0.817460,0.926808
CD70,0.000000,0.000000,Source: gse20194,0.913043,0.817460,0.926808
NOL9,0.000000,0.000000,Source: gse20194,0.913043,0.817460,0.926808
FRY,0.000000,0.000000,Source: gse20194,0.913043,0.817460,0.926808
UIMC1,0.000000,0.000000,Source: gse20194,0.913043,0.817460,0.926808
PCSK6,0.000000,0.000000,Source: gse20194,0.913043,0.817460,0.926808
PTCH1,0.000000,0.000000,Source: gse20194,0.913043,0.817460,0.926808
C1orf50,0.000000,0.000000,Source: gse20194,0.913043,0.817460,0.926808
PTPRN,0.000000,0.000000,Source: gse20194,0.913043,0.817460,0.926808
SETD1B,0.000000,0.000000,Source: gse20194,0.913043,0.817460,0.926808
CEACAM21,0.000000,0.000000,Source: gse20194,0.913043,0.817460,0.926808
RIPK4,0.000000,0.000000,Source: gse20194,0.913043,0.817460,0.926808
FOXH1,0.000000,0.000000,Source: gse20194,0.913043,0.817460,0.926808
CUTC,0.000000,0.000000,Source: gse20194,0.913043,0.817460,0.926808
LRRC41,0.000000,0.000000,Source: gse20194,0.913043,0.817460,0.926808
FNDC3B,0.000000,0.000000,Source: gse20194,0.913043,0.817460,0.926808
DAB2,0.000000,0.000000,Source: gse20194,0.913043,0.817460,0.926808
OPRD1,0.000000,0.000000,Source: gse20194,0.913043,0.817460,0.926808
PRMT7,0.000000,0.000000,Source: gse20194,0.913043,0.817460,0.926808
RBMY2FP,0.000000,0.000000,Source: gse20194,0.913043,0.817460,0.926808
RFX5,0.000000,0.000000,Source: gse20194,0.913043,0.817460,0.926808
IRF3,0.000000,0.000000,Source: gse20194,0.913043,0.817460,0.926808
MOCS3,0.000000,0.000000,Source: gse20194,0.913043,0.817460,0.926808
WNT7A,0.000000,0.000000,Source: gse20194,0.913043,0.817460,0.926808
IGF1,0.000000,0.000000,Source: gse20194,0.913043,0.817460,0.926808
PHGDH,0.000000,0.000000,Source: gse20194,0.913043,0.817460,0.926808
TNK1,0.000000,0.000000,Source: gse20194,0.913043,0.817460,0.926808
FTSJ1,0.000000,0.000000,Source: gse20194,0.913043,0.817460,0.926808
SIX6,0.000000,0.000000,Source: gse20194,0.913043,0.817460,0.926808
MAPKAP1,0.000000,0.000000,Source: gse20194,0.913043,0.817460,0.926808
CREB3L1,0.000000,0.000000,Source: gse20194,0.913043,0.817460,0.926808
BST2,0.000000,0.000000,Source: gse20194,0.913043,0.817460,0.926808
RNF40,0.000000,0.000000,Source: gse20194,0.913043,0.817460,0.926808
EVL,0.000000,0.000000,Source: gse20194,0.913043,0.817460,0.926808
RRBP1,0.000000,0.000000,Source: gse20194,0.913043,0.817460,0.926808
CDKN1A,0.000000,0.000000,Source: gse20194,0.913043,0.817460,0.926808
WTAP,0.000000,0.000000,Source: gse20194,0.913043,0.817460,0.926808
FBLN2,0.000000,0.000000,Source: gse20194,0.913043,0.817460,0.926808
RSRC1,0.000000,0.000000,Source: gse20194,0.913043,0.817460,0.926808
ARL2BP,0.000000,0.000000,Source: gse20194,0.913043,0.817460,0.926808
UCP3,0.000000,0.000000,Source: gse20194,0.913043,0.817460,0.926808
TRPM1,0.000000,0.000000,Source: gse20194,0.913043,0.817460,0.926808
MED25,0.000000,0.000000,Source: gse20194,0.913043,0.817460,0.926808
PDK3,0.000000,0.000000,Source: gse20194,0.913043,0.817460,0.926808
TRPC7,0.000000,0.000000,Source: gse20194,0.913043,0.817460,0.926808
ANKZF1,0.000000,0.000000,Source: gse20194,0.913043,0.817460,0.926808
CTSZ,0.000000,0.000000,Source: gse20194,0.913043,0.817460,0.926808
UQCRB,0.000000,0.000000,Source: gse20194,0.913043,0.817460,0.926808
NCBP1,0.000000,0.000000,Source: gse20194,0.913043,0.817460,0.926808
ST3GAL6,0.000000,0.000000,Source: gse20194,0.913043,0.817460,0.926808
UCHL1,0.000000,0.000000,Source: gse20194,0.913043,0.817460,0.926808
SOCS2,0.000000,0.000000,Source: gse20194,0.913043,0.817460,0.926808
CD8B,0.000000,0.000000,Source: gse20194,0.913043,0.817460,0.926808
EIF3G,0.000000,0.000000,Source: gse20194,0.913043,0.817460,0.926808
CHPT1,0.000000,0.000000,Source: gse20194,0.913043,0.817460,0.926808
CD180,0.000000,0.000000,Source: gse20194,0.913043,0.817460,0.926808
SLC25A17,0.000000,0.000000,Source: gse20194,0.913043,0.817460,0.926808
BCORL1,0.000000,0.000000,Source: gse20194,0.913043,0.817460,0.926808
GADD45GIP1,0.000000,0.000000,Source: gse20194,0.913043,0.817460,0.926808
FGFR1,0.000000,0.000000,Source: gse20194,0.913043,0.817460,0.926808
ADH1A,0.000000,0.000000,Source: gse20194,0.913043,0.817460,0.926808
ARPP21,0.000000,0.000000,Source: gse20194,0.913043,0.817460,0.926808
TCF12,0.000000,0.000000,Source: gse20194,0.913043,0.817460,0.926808
PRDM13,0.000000,0.000000,Source: gse20194,0.913043,0.817460,0.926808
KCNAB3,0.000000,0.000000,Source: gse20194,0.913043,0.817460,0.926808
MTDH,0.000000,0.000000,Source: gse20194,0.913043,0.817460,0.926808
CD207,0.000000,0.000000,Source: gse20194,0.913043,0.817460,0.926808
MIR22HG,0.000000,0.000000,Source: gse20194,0.913043,0.817460,0.926808
NSDHL,0.000000,0.000000,Source: gse20194,0.913043,0.817460,0.926808
SYNJ1,0.000000,0.000000,Source: gse20194,0.913043,0.817460,0.926808
COX7A2L,0.000000,0.000000,Source: gse20194,0.913043,0.817460,0.926808
TSKU,0.000000,0.000000,Source: gse20194,0.913043,0.817460,0.926808
