metric,iteration,classifier,adjuster,dataset,column,value
roc_auc_score,0,RandomForest,combat,gse20194,meta_batch,0.799788
roc_auc_score,1,RandomForest,combat,gse20194,meta_batch,0.769217
roc_auc_score,2,RandomForest,combat,gse20194,meta_batch,0.835245
roc_auc_score,3,RandomForest,combat,gse20194,meta_batch,0.800801
roc_auc_score,4,RandomForest,combat,gse20194,meta_batch,0.775347
roc_auc_score,5,RandomForest,combat,gse20194,meta_batch,0.817787
roc_auc_score,6,RandomForest,combat,gse20194,meta_batch,0.837901
roc_auc_score,7,RandomForest,combat,gse20194,meta_batch,0.796932
roc_auc_score,8,RandomForest,combat,gse20194,meta_batch,0.776578
roc_auc_score,9,RandomForest,combat,gse20194,meta_batch,0.826466
mutual_info_score,0,RandomForest,combat,gse20194,meta_batch,0.083018
mutual_info_score,1,RandomForest,combat,gse20194,meta_batch,0.113992
mutual_info_score,2,RandomForest,combat,gse20194,meta_batch,0.180246
mutual_info_score,3,RandomForest,combat,gse20194,meta_batch,0.133479
mutual_info_score,4,RandomForest,combat,gse20194,meta_batch,0.12449
mutual_info_score,5,RandomForest,combat,gse20194,meta_batch,0.152027
mutual_info_score,6,RandomForest,combat,gse20194,meta_batch,0.122694
mutual_info_score,7,RandomForest,combat,gse20194,meta_batch,0.096036
mutual_info_score,8,RandomForest,combat,gse20194,meta_batch,0.095728
mutual_info_score,9,RandomForest,combat,gse20194,meta_batch,0.170177
mutual_info_proba_classif,0,RandomForest,combat,gse20194,meta_batch,0.306667
mutual_info_proba_classif,1,RandomForest,combat,gse20194,meta_batch,0.273324
mutual_info_proba_classif,2,RandomForest,combat,gse20194,meta_batch,0.299723
mutual_info_proba_classif,3,RandomForest,combat,gse20194,meta_batch,0.261756
mutual_info_proba_classif,4,RandomForest,combat,gse20194,meta_batch,0.238423
mutual_info_proba_classif,5,RandomForest,combat,gse20194,meta_batch,0.30271
mutual_info_proba_classif,6,RandomForest,combat,gse20194,meta_batch,0.25532
mutual_info_proba_classif,7,RandomForest,combat,gse20194,meta_batch,0.224857
mutual_info_proba_classif,8,RandomForest,combat,gse20194,meta_batch,0.222953
mutual_info_proba_classif,9,RandomForest,combat,gse20194,meta_batch,0.252448
mutual_info_proba_sum,0,RandomForest,combat,gse20194,meta_batch,0.005008
mutual_info_proba_sum,1,RandomForest,combat,gse20194,meta_batch,0.00473
mutual_info_proba_sum,2,RandomForest,combat,gse20194,meta_batch,0.006874
mutual_info_proba_sum,3,RandomForest,combat,gse20194,meta_batch,0.005463
mutual_info_proba_sum,4,RandomForest,combat,gse20194,meta_batch,0.00473
mutual_info_proba_sum,5,RandomForest,combat,gse20194,meta_batch,0.006291
mutual_info_proba_sum,6,RandomForest,combat,gse20194,meta_batch,0.007859
mutual_info_proba_sum,7,RandomForest,combat,gse20194,meta_batch,0.005063
mutual_info_proba_sum,8,RandomForest,combat,gse20194,meta_batch,0.005619
mutual_info_proba_sum,9,RandomForest,combat,gse20194,meta_batch,0.006129
determinant_based_mutual_information,0,RandomForest,combat,gse20194,meta_batch,0.078927
determinant_based_mutual_information,1,RandomForest,combat,gse20194,meta_batch,0.07776
determinant_based_mutual_information,2,RandomForest,combat,gse20194,meta_batch,0.095422
determinant_based_mutual_information,3,RandomForest,combat,gse20194,meta_batch,0.085072
determinant_based_mutual_information,4,RandomForest,combat,gse20194,meta_batch,0.074254
determinant_based_mutual_information,5,RandomForest,combat,gse20194,meta_batch,0.091532
determinant_based_mutual_information,6,RandomForest,combat,gse20194,meta_batch,0.101652
determinant_based_mutual_information,7,RandomForest,combat,gse20194,meta_batch,0.08069
determinant_based_mutual_information,8,RandomForest,combat,gse20194,meta_batch,0.08641
determinant_based_mutual_information,9,RandomForest,combat,gse20194,meta_batch,0.090425
accuracy_score,0,RandomForest,combat,gse20194,meta_batch,0.666667
accuracy_score,1,RandomForest,combat,gse20194,meta_batch,0.684211
accuracy_score,2,RandomForest,combat,gse20194,meta_batch,0.736842
accuracy_score,3,RandomForest,combat,gse20194,meta_batch,0.701754
accuracy_score,4,RandomForest,combat,gse20194,meta_batch,0.679825
accuracy_score,5,RandomForest,combat,gse20194,meta_batch,0.714912
accuracy_score,6,RandomForest,combat,gse20194,meta_batch,0.701754
accuracy_score,7,RandomForest,combat,gse20194,meta_batch,0.679825
accuracy_score,8,RandomForest,combat,gse20194,meta_batch,0.684211
accuracy_score,9,RandomForest,combat,gse20194,meta_batch,0.732456
log_loss,0,RandomForest,combat,gse20194,meta_batch,0.384946
log_loss,1,RandomForest,combat,gse20194,meta_batch,0.381316
log_loss,2,RandomForest,combat,gse20194,meta_batch,0.400799
log_loss,3,RandomForest,combat,gse20194,meta_batch,0.390409
log_loss,4,RandomForest,combat,gse20194,meta_batch,0.379241
log_loss,5,RandomForest,combat,gse20194,meta_batch,0.396842
log_loss,6,RandomForest,combat,gse20194,meta_batch,0.40553
log_loss,7,RandomForest,combat,gse20194,meta_batch,0.386011
log_loss,8,RandomForest,combat,gse20194,meta_batch,0.389592
log_loss,9,RandomForest,combat,gse20194,meta_batch,0.396222
roc_auc_score,0,HistGradientBoosting,combat,gse20194,meta_batch,0.972439
roc_auc_score,1,HistGradientBoosting,combat,gse20194,meta_batch,0.960706
roc_auc_score,2,HistGradientBoosting,combat,gse20194,meta_batch,0.96875
roc_auc_score,3,HistGradientBoosting,combat,gse20194,meta_batch,0.970824
roc_auc_score,4,HistGradientBoosting,combat,gse20194,meta_batch,0.959664
roc_auc_score,5,HistGradientBoosting,combat,gse20194,meta_batch,0.964924
roc_auc_score,6,HistGradientBoosting,combat,gse20194,meta_batch,0.958737
roc_auc_score,7,HistGradientBoosting,combat,gse20194,meta_batch,0.958766
roc_auc_score,8,HistGradientBoosting,combat,gse20194,meta_batch,0.974076
roc_auc_score,9,HistGradientBoosting,combat,gse20194,meta_batch,0.979519
mutual_info_score,0,HistGradientBoosting,combat,gse20194,meta_batch,0.629154
mutual_info_score,1,HistGradientBoosting,combat,gse20194,meta_batch,0.560633
mutual_info_score,2,HistGradientBoosting,combat,gse20194,meta_batch,0.629783
mutual_info_score,3,HistGradientBoosting,combat,gse20194,meta_batch,0.576967
mutual_info_score,4,HistGradientBoosting,combat,gse20194,meta_batch,0.45899
mutual_info_score,5,HistGradientBoosting,combat,gse20194,meta_batch,0.597957
mutual_info_score,6,HistGradientBoosting,combat,gse20194,meta_batch,0.564386
mutual_info_score,7,HistGradientBoosting,combat,gse20194,meta_batch,0.528343
mutual_info_score,8,HistGradientBoosting,combat,gse20194,meta_batch,0.548402
mutual_info_score,9,HistGradientBoosting,combat,gse20194,meta_batch,0.60485
mutual_info_proba_classif,0,HistGradientBoosting,combat,gse20194,meta_batch,0.699396
mutual_info_proba_classif,1,HistGradientBoosting,combat,gse20194,meta_batch,0.687098
mutual_info_proba_classif,2,HistGradientBoosting,combat,gse20194,meta_batch,0.7149
mutual_info_proba_classif,3,HistGradientBoosting,combat,gse20194,meta_batch,0.683421
mutual_info_proba_classif,4,HistGradientBoosting,combat,gse20194,meta_batch,0.614025
mutual_info_proba_classif,5,HistGradientBoosting,combat,gse20194,meta_batch,0.678998
mutual_info_proba_classif,6,HistGradientBoosting,combat,gse20194,meta_batch,0.622134
mutual_info_proba_classif,7,HistGradientBoosting,combat,gse20194,meta_batch,0.630082
mutual_info_proba_classif,8,HistGradientBoosting,combat,gse20194,meta_batch,0.745516
mutual_info_proba_classif,9,HistGradientBoosting,combat,gse20194,meta_batch,0.681772
mutual_info_proba_sum,0,HistGradientBoosting,combat,gse20194,meta_batch,0.324743
mutual_info_proba_sum,1,HistGradientBoosting,combat,gse20194,meta_batch,0.331533
mutual_info_proba_sum,2,HistGradientBoosting,combat,gse20194,meta_batch,0.331038
mutual_info_proba_sum,3,HistGradientBoosting,combat,gse20194,meta_batch,0.317469
mutual_info_proba_sum,4,HistGradientBoosting,combat,gse20194,meta_batch,0.280209
mutual_info_proba_sum,5,HistGradientBoosting,combat,gse20194,meta_batch,0.329358
mutual_info_proba_sum,6,HistGradientBoosting,combat,gse20194,meta_batch,0.30799
mutual_info_proba_sum,7,HistGradientBoosting,combat,gse20194,meta_batch,0.320527
mutual_info_proba_sum,8,HistGradientBoosting,combat,gse20194,meta_batch,0.343614
mutual_info_proba_sum,9,HistGradientBoosting,combat,gse20194,meta_batch,0.358136
determinant_based_mutual_information,0,HistGradientBoosting,combat,gse20194,meta_batch,0.620107
determinant_based_mutual_information,1,HistGradientBoosting,combat,gse20194,meta_batch,0.636713
determinant_based_mutual_information,2,HistGradientBoosting,combat,gse20194,meta_batch,0.635624
determinant_based_mutual_information,3,HistGradientBoosting,combat,gse20194,meta_batch,0.622162
determinant_based_mutual_information,4,HistGradientBoosting,combat,gse20194,meta_batch,0.578605
determinant_based_mutual_information,5,HistGradientBoosting,combat,gse20194,meta_batch,0.631274
determinant_based_mutual_information,6,HistGradientBoosting,combat,gse20194,meta_batch,0.61394
determinant_based_mutual_information,7,HistGradientBoosting,combat,gse20194,meta_batch,0.628461
determinant_based_mutual_information,8,HistGradientBoosting,combat,gse20194,meta_batch,0.64561
determinant_based_mutual_information,9,HistGradientBoosting,combat,gse20194,meta_batch,0.661434
accuracy_score,0,HistGradientBoosting,combat,gse20194,meta_batch,0.921053
accuracy_score,1,HistGradientBoosting,combat,gse20194,meta_batch,0.907895
accuracy_score,2,HistGradientBoosting,combat,gse20194,meta_batch,0.929825
accuracy_score,3,HistGradientBoosting,combat,gse20194,meta_batch,0.912281
accuracy_score,4,HistGradientBoosting,combat,gse20194,meta_batch,0.868421
accuracy_score,5,HistGradientBoosting,combat,gse20194,meta_batch,0.916667
accuracy_score,6,HistGradientBoosting,combat,gse20194,meta_batch,0.912281
accuracy_score,7,HistGradientBoosting,combat,gse20194,meta_batch,0.899123
accuracy_score,8,HistGradientBoosting,combat,gse20194,meta_batch,0.903509
accuracy_score,9,HistGradientBoosting,combat,gse20194,meta_batch,0.921053
log_loss,0,HistGradientBoosting,combat,gse20194,meta_batch,0.744818
log_loss,1,HistGradientBoosting,combat,gse20194,meta_batch,0.752115
log_loss,2,HistGradientBoosting,combat,gse20194,meta_batch,0.756453
log_loss,3,HistGradientBoosting,combat,gse20194,meta_batch,0.754846
log_loss,4,HistGradientBoosting,combat,gse20194,meta_batch,0.711203
log_loss,5,HistGradientBoosting,combat,gse20194,meta_batch,0.750865
log_loss,6,HistGradientBoosting,combat,gse20194,meta_batch,0.735962
log_loss,7,HistGradientBoosting,combat,gse20194,meta_batch,0.740019
log_loss,8,HistGradientBoosting,combat,gse20194,meta_batch,0.767784
log_loss,9,HistGradientBoosting,combat,gse20194,meta_batch,0.786342
roc_auc_score,0,RandomForest,combat_target,gse20194,meta_batch,0.812619
roc_auc_score,1,RandomForest,combat_target,gse20194,meta_batch,0.825722
roc_auc_score,2,RandomForest,combat_target,gse20194,meta_batch,0.857108
roc_auc_score,3,RandomForest,combat_target,gse20194,meta_batch,0.850692
roc_auc_score,4,RandomForest,combat_target,gse20194,meta_batch,0.842847
roc_auc_score,5,RandomForest,combat_target,gse20194,meta_batch,0.876601
roc_auc_score,6,RandomForest,combat_target,gse20194,meta_batch,0.869281
roc_auc_score,7,RandomForest,combat_target,gse20194,meta_batch,0.822778
roc_auc_score,8,RandomForest,combat_target,gse20194,meta_batch,0.840135
roc_auc_score,9,RandomForest,combat_target,gse20194,meta_batch,0.887837
mutual_info_score,0,RandomForest,combat_target,gse20194,meta_batch,0.1099
mutual_info_score,1,RandomForest,combat_target,gse20194,meta_batch,0.111147
mutual_info_score,2,RandomForest,combat_target,gse20194,meta_batch,0.1494
mutual_info_score,3,RandomForest,combat_target,gse20194,meta_batch,0.138175
mutual_info_score,4,RandomForest,combat_target,gse20194,meta_batch,0.213512
mutual_info_score,5,RandomForest,combat_target,gse20194,meta_batch,0.200572
mutual_info_score,6,RandomForest,combat_target,gse20194,meta_batch,0.187144
mutual_info_score,7,RandomForest,combat_target,gse20194,meta_batch,0.125726
mutual_info_score,8,RandomForest,combat_target,gse20194,meta_batch,0.213631
mutual_info_score,9,RandomForest,combat_target,gse20194,meta_batch,0.212812
mutual_info_proba_classif,0,RandomForest,combat_target,gse20194,meta_batch,0.223517
mutual_info_proba_classif,1,RandomForest,combat_target,gse20194,meta_batch,0.297058
mutual_info_proba_classif,2,RandomForest,combat_target,gse20194,meta_batch,0.321728
mutual_info_proba_classif,3,RandomForest,combat_target,gse20194,meta_batch,0.322972
mutual_info_proba_classif,4,RandomForest,combat_target,gse20194,meta_batch,0.426733
mutual_info_proba_classif,5,RandomForest,combat_target,gse20194,meta_batch,0.389895
mutual_info_proba_classif,6,RandomForest,combat_target,gse20194,meta_batch,0.366548
mutual_info_proba_classif,7,RandomForest,combat_target,gse20194,meta_batch,0.269947
mutual_info_proba_classif,8,RandomForest,combat_target,gse20194,meta_batch,0.331565
mutual_info_proba_classif,9,RandomForest,combat_target,gse20194,meta_batch,0.425346
mutual_info_proba_sum,0,RandomForest,combat_target,gse20194,meta_batch,0.005902
mutual_info_proba_sum,1,RandomForest,combat_target,gse20194,meta_batch,0.007384
mutual_info_proba_sum,2,RandomForest,combat_target,gse20194,meta_batch,0.00822
mutual_info_proba_sum,3,RandomForest,combat_target,gse20194,meta_batch,0.009501
mutual_info_proba_sum,4,RandomForest,combat_target,gse20194,meta_batch,0.008352
mutual_info_proba_sum,5,RandomForest,combat_target,gse20194,meta_batch,0.009435
mutual_info_proba_sum,6,RandomForest,combat_target,gse20194,meta_batch,0.0116
mutual_info_proba_sum,7,RandomForest,combat_target,gse20194,meta_batch,0.006168
mutual_info_proba_sum,8,RandomForest,combat_target,gse20194,meta_batch,0.009556
mutual_info_proba_sum,9,RandomForest,combat_target,gse20194,meta_batch,0.0095
determinant_based_mutual_information,0,RandomForest,combat_target,gse20194,meta_batch,0.088927
determinant_based_mutual_information,1,RandomForest,combat_target,gse20194,meta_batch,0.096588
determinant_based_mutual_information,2,RandomForest,combat_target,gse20194,meta_batch,0.103766
determinant_based_mutual_information,3,RandomForest,combat_target,gse20194,meta_batch,0.111512
determinant_based_mutual_information,4,RandomForest,combat_target,gse20194,meta_batch,0.103975
determinant_based_mutual_information,5,RandomForest,combat_target,gse20194,meta_batch,0.11147
determinant_based_mutual_information,6,RandomForest,combat_target,gse20194,meta_batch,0.123272
determinant_based_mutual_information,7,RandomForest,combat_target,gse20194,meta_batch,0.090159
determinant_based_mutual_information,8,RandomForest,combat_target,gse20194,meta_batch,0.112673
determinant_based_mutual_information,9,RandomForest,combat_target,gse20194,meta_batch,0.111863
accuracy_score,0,RandomForest,combat_target,gse20194,meta_batch,0.697368
accuracy_score,1,RandomForest,combat_target,gse20194,meta_batch,0.692982
accuracy_score,2,RandomForest,combat_target,gse20194,meta_batch,0.719298
accuracy_score,3,RandomForest,combat_target,gse20194,meta_batch,0.714912
accuracy_score,4,RandomForest,combat_target,gse20194,meta_batch,0.754386
accuracy_score,5,RandomForest,combat_target,gse20194,meta_batch,0.741228
accuracy_score,6,RandomForest,combat_target,gse20194,meta_batch,0.741228
accuracy_score,7,RandomForest,combat_target,gse20194,meta_batch,0.70614
accuracy_score,8,RandomForest,combat_target,gse20194,meta_batch,0.75
accuracy_score,9,RandomForest,combat_target,gse20194,meta_batch,0.745614
log_loss,0,RandomForest,combat_target,gse20194,meta_batch,0.392606
log_loss,1,RandomForest,combat_target,gse20194,meta_batch,0.399134
log_loss,2,RandomForest,combat_target,gse20194,meta_batch,0.407862
log_loss,3,RandomForest,combat_target,gse20194,meta_batch,0.413726
log_loss,4,RandomForest,combat_target,gse20194,meta_batch,0.407178
log_loss,5,RandomForest,combat_target,gse20194,meta_batch,0.416237
log_loss,6,RandomForest,combat_target,gse20194,meta_batch,0.424685
log_loss,7,RandomForest,combat_target,gse20194,meta_batch,0.395709
log_loss,8,RandomForest,combat_target,gse20194,meta_batch,0.414967
log_loss,9,RandomForest,combat_target,gse20194,meta_batch,0.417119
roc_auc_score,0,HistGradientBoosting,combat_target,gse20194,meta_batch,0.965133
roc_auc_score,1,HistGradientBoosting,combat_target,gse20194,meta_batch,0.974821
roc_auc_score,2,HistGradientBoosting,combat_target,gse20194,meta_batch,0.962613
roc_auc_score,3,HistGradientBoosting,combat_target,gse20194,meta_batch,0.969879
roc_auc_score,4,HistGradientBoosting,combat_target,gse20194,meta_batch,0.95162
roc_auc_score,5,HistGradientBoosting,combat_target,gse20194,meta_batch,0.978266
roc_auc_score,6,HistGradientBoosting,combat_target,gse20194,meta_batch,0.953323
roc_auc_score,7,HistGradientBoosting,combat_target,gse20194,meta_batch,0.968433
roc_auc_score,8,HistGradientBoosting,combat_target,gse20194,meta_batch,0.96922
roc_auc_score,9,HistGradientBoosting,combat_target,gse20194,meta_batch,0.965614
mutual_info_score,0,HistGradientBoosting,combat_target,gse20194,meta_batch,0.60369
mutual_info_score,1,HistGradientBoosting,combat_target,gse20194,meta_batch,0.517358
mutual_info_score,2,HistGradientBoosting,combat_target,gse20194,meta_batch,0.628835
mutual_info_score,3,HistGradientBoosting,combat_target,gse20194,meta_batch,0.663861
mutual_info_score,4,HistGradientBoosting,combat_target,gse20194,meta_batch,0.509364
mutual_info_score,5,HistGradientBoosting,combat_target,gse20194,meta_batch,0.65208
mutual_info_score,6,HistGradientBoosting,combat_target,gse20194,meta_batch,0.53283
mutual_info_score,7,HistGradientBoosting,combat_target,gse20194,meta_batch,0.581135
mutual_info_score,8,HistGradientBoosting,combat_target,gse20194,meta_batch,0.628063
mutual_info_score,9,HistGradientBoosting,combat_target,gse20194,meta_batch,0.602648
mutual_info_proba_classif,0,HistGradientBoosting,combat_target,gse20194,meta_batch,0.663525
mutual_info_proba_classif,1,HistGradientBoosting,combat_target,gse20194,meta_batch,0.677442
mutual_info_proba_classif,2,HistGradientBoosting,combat_target,gse20194,meta_batch,0.721804
mutual_info_proba_classif,3,HistGradientBoosting,combat_target,gse20194,meta_batch,0.680962
mutual_info_proba_classif,4,HistGradientBoosting,combat_target,gse20194,meta_batch,0.672421
mutual_info_proba_classif,5,HistGradientBoosting,combat_target,gse20194,meta_batch,0.770408
mutual_info_proba_classif,6,HistGradientBoosting,combat_target,gse20194,meta_batch,0.586642
mutual_info_proba_classif,7,HistGradientBoosting,combat_target,gse20194,meta_batch,0.66967
mutual_info_proba_classif,8,HistGradientBoosting,combat_target,gse20194,meta_batch,0.71134
mutual_info_proba_classif,9,HistGradientBoosting,combat_target,gse20194,meta_batch,0.735647
mutual_info_proba_sum,0,HistGradientBoosting,combat_target,gse20194,meta_batch,0.300942
mutual_info_proba_sum,1,HistGradientBoosting,combat_target,gse20194,meta_batch,0.282724
mutual_info_proba_sum,2,HistGradientBoosting,combat_target,gse20194,meta_batch,0.321378
mutual_info_proba_sum,3,HistGradientBoosting,combat_target,gse20194,meta_batch,0.335186
mutual_info_proba_sum,4,HistGradientBoosting,combat_target,gse20194,meta_batch,0.263987
mutual_info_proba_sum,5,HistGradientBoosting,combat_target,gse20194,meta_batch,0.333545
mutual_info_proba_sum,6,HistGradientBoosting,combat_target,gse20194,meta_batch,0.28111
mutual_info_proba_sum,7,HistGradientBoosting,combat_target,gse20194,meta_batch,0.321931
mutual_info_proba_sum,8,HistGradientBoosting,combat_target,gse20194,meta_batch,0.351517
mutual_info_proba_sum,9,HistGradientBoosting,combat_target,gse20194,meta_batch,0.33535
determinant_based_mutual_information,0,HistGradientBoosting,combat_target,gse20194,meta_batch,0.609459
determinant_based_mutual_information,1,HistGradientBoosting,combat_target,gse20194,meta_batch,0.593167
determinant_based_mutual_information,2,HistGradientBoosting,combat_target,gse20194,meta_batch,0.625117
determinant_based_mutual_information,3,HistGradientBoosting,combat_target,gse20194,meta_batch,0.637502
determinant_based_mutual_information,4,HistGradientBoosting,combat_target,gse20194,meta_batch,0.572858
determinant_based_mutual_information,5,HistGradientBoosting,combat_target,gse20194,meta_batch,0.633279
determinant_based_mutual_information,6,HistGradientBoosting,combat_target,gse20194,meta_batch,0.593145
determinant_based_mutual_information,7,HistGradientBoosting,combat_target,gse20194,meta_batch,0.630911
determinant_based_mutual_information,8,HistGradientBoosting,combat_target,gse20194,meta_batch,0.653475
determinant_based_mutual_information,9,HistGradientBoosting,combat_target,gse20194,meta_batch,0.638036
accuracy_score,0,HistGradientBoosting,combat_target,gse20194,meta_batch,0.921053
accuracy_score,1,HistGradientBoosting,combat_target,gse20194,meta_batch,0.899123
accuracy_score,2,HistGradientBoosting,combat_target,gse20194,meta_batch,0.916667
accuracy_score,3,HistGradientBoosting,combat_target,gse20194,meta_batch,0.938596
accuracy_score,4,HistGradientBoosting,combat_target,gse20194,meta_batch,0.890351
accuracy_score,5,HistGradientBoosting,combat_target,gse20194,meta_batch,0.934211
accuracy_score,6,HistGradientBoosting,combat_target,gse20194,meta_batch,0.899123
accuracy_score,7,HistGradientBoosting,combat_target,gse20194,meta_batch,0.916667
accuracy_score,8,HistGradientBoosting,combat_target,gse20194,meta_batch,0.921053
accuracy_score,9,HistGradientBoosting,combat_target,gse20194,meta_batch,0.916667
log_loss,0,HistGradientBoosting,combat_target,gse20194,meta_batch,0.744648
log_loss,1,HistGradientBoosting,combat_target,gse20194,meta_batch,0.74603
log_loss,2,HistGradientBoosting,combat_target,gse20194,meta_batch,0.729772
log_loss,3,HistGradientBoosting,combat_target,gse20194,meta_batch,0.761393
log_loss,4,HistGradientBoosting,combat_target,gse20194,meta_batch,0.713122
log_loss,5,HistGradientBoosting,combat_target,gse20194,meta_batch,0.765996
log_loss,6,HistGradientBoosting,combat_target,gse20194,meta_batch,0.717581
log_loss,7,HistGradientBoosting,combat_target,gse20194,meta_batch,0.756034
log_loss,8,HistGradientBoosting,combat_target,gse20194,meta_batch,0.761764
log_loss,9,HistGradientBoosting,combat_target,gse20194,meta_batch,0.756557
roc_auc_score,0,RandomForest,limma,gse20194,meta_batch,0.999295
roc_auc_score,1,RandomForest,limma,gse20194,meta_batch,0.999648
roc_auc_score,2,RandomForest,limma,gse20194,meta_batch,1.0
roc_auc_score,3,RandomForest,limma,gse20194,meta_batch,0.999882
roc_auc_score,4,RandomForest,limma,gse20194,meta_batch,0.999413
roc_auc_score,5,RandomForest,limma,gse20194,meta_batch,1.0
roc_auc_score,6,RandomForest,limma,gse20194,meta_batch,0.999883
roc_auc_score,7,RandomForest,limma,gse20194,meta_batch,0.999883
roc_auc_score,8,RandomForest,limma,gse20194,meta_batch,1.0
roc_auc_score,9,RandomForest,limma,gse20194,meta_batch,1.0
mutual_info_score,0,RandomForest,limma,gse20194,meta_batch,0.847011
mutual_info_score,1,RandomForest,limma,gse20194,meta_batch,0.816952
mutual_info_score,2,RandomForest,limma,gse20194,meta_batch,0.92523
mutual_info_score,3,RandomForest,limma,gse20194,meta_batch,0.915035
mutual_info_score,4,RandomForest,limma,gse20194,meta_batch,0.801482
mutual_info_score,5,RandomForest,limma,gse20194,meta_batch,0.881802
mutual_info_score,6,RandomForest,limma,gse20194,meta_batch,0.793089
mutual_info_score,7,RandomForest,limma,gse20194,meta_batch,0.847296
mutual_info_score,8,RandomForest,limma,gse20194,meta_batch,0.95543
mutual_info_score,9,RandomForest,limma,gse20194,meta_batch,0.933858
mutual_info_proba_classif,0,RandomForest,limma,gse20194,meta_batch,0.939317
mutual_info_proba_classif,1,RandomForest,limma,gse20194,meta_batch,0.959987
mutual_info_proba_classif,2,RandomForest,limma,gse20194,meta_batch,0.975668
mutual_info_proba_classif,3,RandomForest,limma,gse20194,meta_batch,0.982932
mutual_info_proba_classif,4,RandomForest,limma,gse20194,meta_batch,0.943886
mutual_info_proba_classif,5,RandomForest,limma,gse20194,meta_batch,0.97801
mutual_info_proba_classif,6,RandomForest,limma,gse20194,meta_batch,0.975244
mutual_info_proba_classif,7,RandomForest,limma,gse20194,meta_batch,0.967722
mutual_info_proba_classif,8,RandomForest,limma,gse20194,meta_batch,0.995186
mutual_info_proba_classif,9,RandomForest,limma,gse20194,meta_batch,0.987804
mutual_info_proba_sum,0,RandomForest,limma,gse20194,meta_batch,0.081543
mutual_info_proba_sum,1,RandomForest,limma,gse20194,meta_batch,0.073206
mutual_info_proba_sum,2,RandomForest,limma,gse20194,meta_batch,0.087799
mutual_info_proba_sum,3,RandomForest,limma,gse20194,meta_batch,0.092551
mutual_info_proba_sum,4,RandomForest,limma,gse20194,meta_batch,0.086191
mutual_info_proba_sum,5,RandomForest,limma,gse20194,meta_batch,0.08261
mutual_info_proba_sum,6,RandomForest,limma,gse20194,meta_batch,0.080563
mutual_info_proba_sum,7,RandomForest,limma,gse20194,meta_batch,0.081934
mutual_info_proba_sum,8,RandomForest,limma,gse20194,meta_batch,0.092341
mutual_info_proba_sum,9,RandomForest,limma,gse20194,meta_batch,0.08863
determinant_based_mutual_information,0,RandomForest,limma,gse20194,meta_batch,0.327026
determinant_based_mutual_information,1,RandomForest,limma,gse20194,meta_batch,0.311056
determinant_based_mutual_information,2,RandomForest,limma,gse20194,meta_batch,0.340287
determinant_based_mutual_information,3,RandomForest,limma,gse20194,meta_batch,0.349259
determinant_based_mutual_information,4,RandomForest,limma,gse20194,meta_batch,0.336774
determinant_based_mutual_information,5,RandomForest,limma,gse20194,meta_batch,0.329276
determinant_based_mutual_information,6,RandomForest,limma,gse20194,meta_batch,0.325421
determinant_based_mutual_information,7,RandomForest,limma,gse20194,meta_batch,0.328554
determinant_based_mutual_information,8,RandomForest,limma,gse20194,meta_batch,0.348648
determinant_based_mutual_information,9,RandomForest,limma,gse20194,meta_batch,0.341811
accuracy_score,0,RandomForest,limma,gse20194,meta_batch,0.973684
accuracy_score,1,RandomForest,limma,gse20194,meta_batch,0.969298
accuracy_score,2,RandomForest,limma,gse20194,meta_batch,0.991228
accuracy_score,3,RandomForest,limma,gse20194,meta_batch,0.986842
accuracy_score,4,RandomForest,limma,gse20194,meta_batch,0.964912
accuracy_score,5,RandomForest,limma,gse20194,meta_batch,0.982456
accuracy_score,6,RandomForest,limma,gse20194,meta_batch,0.964912
accuracy_score,7,RandomForest,limma,gse20194,meta_batch,0.973684
accuracy_score,8,RandomForest,limma,gse20194,meta_batch,0.995614
accuracy_score,9,RandomForest,limma,gse20194,meta_batch,0.991228
log_loss,0,RandomForest,limma,gse20194,meta_batch,0.594922
log_loss,1,RandomForest,limma,gse20194,meta_batch,0.582155
log_loss,2,RandomForest,limma,gse20194,meta_batch,0.606061
log_loss,3,RandomForest,limma,gse20194,meta_batch,0.612122
log_loss,4,RandomForest,limma,gse20194,meta_batch,0.602216
log_loss,5,RandomForest,limma,gse20194,meta_batch,0.598954
log_loss,6,RandomForest,limma,gse20194,meta_batch,0.595633
log_loss,7,RandomForest,limma,gse20194,meta_batch,0.596137
log_loss,8,RandomForest,limma,gse20194,meta_batch,0.6118
log_loss,9,RandomForest,limma,gse20194,meta_batch,0.606838
roc_auc_score,0,HistGradientBoosting,limma,gse20194,meta_batch,0.998119
roc_auc_score,1,HistGradientBoosting,limma,gse20194,meta_batch,0.996229
roc_auc_score,2,HistGradientBoosting,limma,gse20194,meta_batch,0.997886
roc_auc_score,3,HistGradientBoosting,limma,gse20194,meta_batch,0.995513
roc_auc_score,4,HistGradientBoosting,limma,gse20194,meta_batch,0.996218
roc_auc_score,5,HistGradientBoosting,limma,gse20194,meta_batch,1.0
roc_auc_score,6,HistGradientBoosting,limma,gse20194,meta_batch,0.998121
roc_auc_score,7,HistGradientBoosting,limma,gse20194,meta_batch,0.999765
roc_auc_score,8,HistGradientBoosting,limma,gse20194,meta_batch,0.994597
roc_auc_score,9,HistGradientBoosting,limma,gse20194,meta_batch,0.997414
mutual_info_score,0,HistGradientBoosting,limma,gse20194,meta_batch,0.879242
mutual_info_score,1,HistGradientBoosting,limma,gse20194,meta_batch,0.876956
mutual_info_score,2,HistGradientBoosting,limma,gse20194,meta_batch,0.80235
mutual_info_score,3,HistGradientBoosting,limma,gse20194,meta_batch,0.761718
mutual_info_score,4,HistGradientBoosting,limma,gse20194,meta_batch,0.850555
mutual_info_score,5,HistGradientBoosting,limma,gse20194,meta_batch,0.898528
mutual_info_score,6,HistGradientBoosting,limma,gse20194,meta_batch,0.906922
mutual_info_score,7,HistGradientBoosting,limma,gse20194,meta_batch,0.879092
mutual_info_score,8,HistGradientBoosting,limma,gse20194,meta_batch,0.734622
mutual_info_score,9,HistGradientBoosting,limma,gse20194,meta_batch,0.748197
mutual_info_proba_classif,0,HistGradientBoosting,limma,gse20194,meta_batch,0.936023
mutual_info_proba_classif,1,HistGradientBoosting,limma,gse20194,meta_batch,0.90467
mutual_info_proba_classif,2,HistGradientBoosting,limma,gse20194,meta_batch,0.864125
mutual_info_proba_classif,3,HistGradientBoosting,limma,gse20194,meta_batch,0.871015
mutual_info_proba_classif,4,HistGradientBoosting,limma,gse20194,meta_batch,0.89636
mutual_info_proba_classif,5,HistGradientBoosting,limma,gse20194,meta_batch,0.949016
mutual_info_proba_classif,6,HistGradientBoosting,limma,gse20194,meta_batch,0.920751
mutual_info_proba_classif,7,HistGradientBoosting,limma,gse20194,meta_batch,0.926558
mutual_info_proba_classif,8,HistGradientBoosting,limma,gse20194,meta_batch,0.917272
mutual_info_proba_classif,9,HistGradientBoosting,limma,gse20194,meta_batch,0.872347
mutual_info_proba_sum,0,HistGradientBoosting,limma,gse20194,meta_batch,0.692111
mutual_info_proba_sum,1,HistGradientBoosting,limma,gse20194,meta_batch,0.677517
mutual_info_proba_sum,2,HistGradientBoosting,limma,gse20194,meta_batch,0.659018
mutual_info_proba_sum,3,HistGradientBoosting,limma,gse20194,meta_batch,0.607838
mutual_info_proba_sum,4,HistGradientBoosting,limma,gse20194,meta_batch,0.644547
mutual_info_proba_sum,5,HistGradientBoosting,limma,gse20194,meta_batch,0.706485
mutual_info_proba_sum,6,HistGradientBoosting,limma,gse20194,meta_batch,0.670506
mutual_info_proba_sum,7,HistGradientBoosting,limma,gse20194,meta_batch,0.707761
mutual_info_proba_sum,8,HistGradientBoosting,limma,gse20194,meta_batch,0.634547
mutual_info_proba_sum,9,HistGradientBoosting,limma,gse20194,meta_batch,0.66162
determinant_based_mutual_information,0,HistGradientBoosting,limma,gse20194,meta_batch,0.874487
determinant_based_mutual_information,1,HistGradientBoosting,limma,gse20194,meta_batch,0.868242
determinant_based_mutual_information,2,HistGradientBoosting,limma,gse20194,meta_batch,0.858968
determinant_based_mutual_information,3,HistGradientBoosting,limma,gse20194,meta_batch,0.833083
determinant_based_mutual_information,4,HistGradientBoosting,limma,gse20194,meta_batch,0.850064
determinant_based_mutual_information,5,HistGradientBoosting,limma,gse20194,meta_batch,0.881813
determinant_based_mutual_information,6,HistGradientBoosting,limma,gse20194,meta_batch,0.866361
determinant_based_mutual_information,7,HistGradientBoosting,limma,gse20194,meta_batch,0.8833
determinant_based_mutual_information,8,HistGradientBoosting,limma,gse20194,meta_batch,0.840696
determinant_based_mutual_information,9,HistGradientBoosting,limma,gse20194,meta_batch,0.859743
accuracy_score,0,HistGradientBoosting,limma,gse20194,meta_batch,0.982456
accuracy_score,1,HistGradientBoosting,limma,gse20194,meta_batch,0.982456
accuracy_score,2,HistGradientBoosting,limma,gse20194,meta_batch,0.969298
accuracy_score,3,HistGradientBoosting,limma,gse20194,meta_batch,0.960526
accuracy_score,4,HistGradientBoosting,limma,gse20194,meta_batch,0.969298
accuracy_score,5,HistGradientBoosting,limma,gse20194,meta_batch,0.986842
accuracy_score,6,HistGradientBoosting,limma,gse20194,meta_batch,0.986842
accuracy_score,7,HistGradientBoosting,limma,gse20194,meta_batch,0.982456
accuracy_score,8,HistGradientBoosting,limma,gse20194,meta_batch,0.942982
accuracy_score,9,HistGradientBoosting,limma,gse20194,meta_batch,0.95614
log_loss,0,HistGradientBoosting,limma,gse20194,meta_batch,0.934005
log_loss,1,HistGradientBoosting,limma,gse20194,meta_batch,0.921753
log_loss,2,HistGradientBoosting,limma,gse20194,meta_batch,0.918751
log_loss,3,HistGradientBoosting,limma,gse20194,meta_batch,0.895059
log_loss,4,HistGradientBoosting,limma,gse20194,meta_batch,0.900474
log_loss,5,HistGradientBoosting,limma,gse20194,meta_batch,0.941545
log_loss,6,HistGradientBoosting,limma,gse20194,meta_batch,0.928989
log_loss,7,HistGradientBoosting,limma,gse20194,meta_batch,0.938409
log_loss,8,HistGradientBoosting,limma,gse20194,meta_batch,0.901061
log_loss,9,HistGradientBoosting,limma,gse20194,meta_batch,0.910943
roc_auc_score,0,RandomForest,limma_target,gse20194,meta_batch,1.0
roc_auc_score,1,RandomForest,limma_target,gse20194,meta_batch,0.999765
roc_auc_score,2,RandomForest,limma_target,gse20194,meta_batch,0.999763
roc_auc_score,3,RandomForest,limma_target,gse20194,meta_batch,0.999763
roc_auc_score,4,RandomForest,limma_target,gse20194,meta_batch,0.999056
roc_auc_score,5,RandomForest,limma_target,gse20194,meta_batch,0.999883
roc_auc_score,6,RandomForest,limma_target,gse20194,meta_batch,0.999883
roc_auc_score,7,RandomForest,limma_target,gse20194,meta_batch,1.0
roc_auc_score,8,RandomForest,limma_target,gse20194,meta_batch,1.0
roc_auc_score,9,RandomForest,limma_target,gse20194,meta_batch,1.0
mutual_info_score,0,RandomForest,limma_target,gse20194,meta_batch,0.915457
mutual_info_score,1,RandomForest,limma_target,gse20194,meta_batch,0.838175
mutual_info_score,2,RandomForest,limma_target,gse20194,meta_batch,0.894886
mutual_info_score,3,RandomForest,limma_target,gse20194,meta_batch,0.933574
mutual_info_score,4,RandomForest,limma_target,gse20194,meta_batch,0.884835
mutual_info_score,5,RandomForest,limma_target,gse20194,meta_batch,0.925086
mutual_info_score,6,RandomForest,limma_target,gse20194,meta_batch,0.844861
mutual_info_score,7,RandomForest,limma_target,gse20194,meta_batch,0.863685
mutual_info_score,8,RandomForest,limma_target,gse20194,meta_batch,0.8332
mutual_info_score,9,RandomForest,limma_target,gse20194,meta_batch,0.8634
mutual_info_proba_classif,0,RandomForest,limma_target,gse20194,meta_batch,0.990229
mutual_info_proba_classif,1,RandomForest,limma_target,gse20194,meta_batch,0.9618
mutual_info_proba_classif,2,RandomForest,limma_target,gse20194,meta_batch,0.974086
mutual_info_proba_classif,3,RandomForest,limma_target,gse20194,meta_batch,0.977514
mutual_info_proba_classif,4,RandomForest,limma_target,gse20194,meta_batch,0.954409
mutual_info_proba_classif,5,RandomForest,limma_target,gse20194,meta_batch,0.979816
mutual_info_proba_classif,6,RandomForest,limma_target,gse20194,meta_batch,0.976758
mutual_info_proba_classif,7,RandomForest,limma_target,gse20194,meta_batch,0.971148
mutual_info_proba_classif,8,RandomForest,limma_target,gse20194,meta_batch,0.96579
mutual_info_proba_classif,9,RandomForest,limma_target,gse20194,meta_batch,0.986749
mutual_info_proba_sum,0,RandomForest,limma_target,gse20194,meta_batch,0.081425
mutual_info_proba_sum,1,RandomForest,limma_target,gse20194,meta_batch,0.075492
mutual_info_proba_sum,2,RandomForest,limma_target,gse20194,meta_batch,0.083513
mutual_info_proba_sum,3,RandomForest,limma_target,gse20194,meta_batch,0.084625
mutual_info_proba_sum,4,RandomForest,limma_target,gse20194,meta_batch,0.076741
mutual_info_proba_sum,5,RandomForest,limma_target,gse20194,meta_batch,0.081454
mutual_info_proba_sum,6,RandomForest,limma_target,gse20194,meta_batch,0.082122
mutual_info_proba_sum,7,RandomForest,limma_target,gse20194,meta_batch,0.078249
mutual_info_proba_sum,8,RandomForest,limma_target,gse20194,meta_batch,0.075655
mutual_info_proba_sum,9,RandomForest,limma_target,gse20194,meta_batch,0.081131
determinant_based_mutual_information,0,RandomForest,limma_target,gse20194,meta_batch,0.327518
determinant_based_mutual_information,1,RandomForest,limma_target,gse20194,meta_batch,0.315467
determinant_based_mutual_information,2,RandomForest,limma_target,gse20194,meta_batch,0.332145
determinant_based_mutual_information,3,RandomForest,limma_target,gse20194,meta_batch,0.334022
determinant_based_mutual_information,4,RandomForest,limma_target,gse20194,meta_batch,0.318468
determinant_based_mutual_information,5,RandomForest,limma_target,gse20194,meta_batch,0.327404
determinant_based_mutual_information,6,RandomForest,limma_target,gse20194,meta_batch,0.328384
determinant_based_mutual_information,7,RandomForest,limma_target,gse20194,meta_batch,0.321184
determinant_based_mutual_information,8,RandomForest,limma_target,gse20194,meta_batch,0.316003
determinant_based_mutual_information,9,RandomForest,limma_target,gse20194,meta_batch,0.326898
accuracy_score,0,RandomForest,limma_target,gse20194,meta_batch,0.986842
accuracy_score,1,RandomForest,limma_target,gse20194,meta_batch,0.973684
accuracy_score,2,RandomForest,limma_target,gse20194,meta_batch,0.986842
accuracy_score,3,RandomForest,limma_target,gse20194,meta_batch,0.991228
accuracy_score,4,RandomForest,limma_target,gse20194,meta_batch,0.982456
accuracy_score,5,RandomForest,limma_target,gse20194,meta_batch,0.991228
accuracy_score,6,RandomForest,limma_target,gse20194,meta_batch,0.973684
accuracy_score,7,RandomForest,limma_target,gse20194,meta_batch,0.97807
accuracy_score,8,RandomForest,limma_target,gse20194,meta_batch,0.973684
accuracy_score,9,RandomForest,limma_target,gse20194,meta_batch,0.97807
log_loss,0,RandomForest,limma_target,gse20194,meta_batch,0.597272
log_loss,1,RandomForest,limma_target,gse20194,meta_batch,0.585389
log_loss,2,RandomForest,limma_target,gse20194,meta_batch,0.599497
log_loss,3,RandomForest,limma_target,gse20194,meta_batch,0.60159
log_loss,4,RandomForest,limma_target,gse20194,meta_batch,0.588948
log_loss,5,RandomForest,limma_target,gse20194,meta_batch,0.597039
log_loss,6,RandomForest,limma_target,gse20194,meta_batch,0.59813
log_loss,7,RandomForest,limma_target,gse20194,meta_batch,0.590575
log_loss,8,RandomForest,limma_target,gse20194,meta_batch,0.587934
log_loss,9,RandomForest,limma_target,gse20194,meta_batch,0.596733
roc_auc_score,0,HistGradientBoosting,limma_target,gse20194,meta_batch,0.996232
roc_auc_score,1,HistGradientBoosting,limma_target,gse20194,meta_batch,0.999295
roc_auc_score,2,HistGradientBoosting,limma_target,gse20194,meta_batch,0.997179
roc_auc_score,3,HistGradientBoosting,limma_target,gse20194,meta_batch,0.994575
roc_auc_score,4,HistGradientBoosting,limma_target,gse20194,meta_batch,0.997886
roc_auc_score,5,HistGradientBoosting,limma_target,gse20194,meta_batch,0.998121
roc_auc_score,6,HistGradientBoosting,limma_target,gse20194,meta_batch,0.998356
roc_auc_score,7,HistGradientBoosting,limma_target,gse20194,meta_batch,0.997886
roc_auc_score,8,HistGradientBoosting,limma_target,gse20194,meta_batch,0.996711
roc_auc_score,9,HistGradientBoosting,limma_target,gse20194,meta_batch,0.998121
mutual_info_score,0,HistGradientBoosting,limma_target,gse20194,meta_batch,0.81904
mutual_info_score,1,HistGradientBoosting,limma_target,gse20194,meta_batch,0.898528
mutual_info_score,2,HistGradientBoosting,limma_target,gse20194,meta_batch,0.812297
mutual_info_score,3,HistGradientBoosting,limma_target,gse20194,meta_batch,0.84776
mutual_info_score,4,HistGradientBoosting,limma_target,gse20194,meta_batch,0.801059
mutual_info_score,5,HistGradientBoosting,limma_target,gse20194,meta_batch,0.828151
mutual_info_score,6,HistGradientBoosting,limma_target,gse20194,meta_batch,0.878567
mutual_info_score,7,HistGradientBoosting,limma_target,gse20194,meta_batch,0.905434
mutual_info_score,8,HistGradientBoosting,limma_target,gse20194,meta_batch,0.807739
mutual_info_score,9,HistGradientBoosting,limma_target,gse20194,meta_batch,0.782725
mutual_info_proba_classif,0,HistGradientBoosting,limma_target,gse20194,meta_batch,0.859777
mutual_info_proba_classif,1,HistGradientBoosting,limma_target,gse20194,meta_batch,0.922988
mutual_info_proba_classif,2,HistGradientBoosting,limma_target,gse20194,meta_batch,0.887716
mutual_info_proba_classif,3,HistGradientBoosting,limma_target,gse20194,meta_batch,0.889578
mutual_info_proba_classif,4,HistGradientBoosting,limma_target,gse20194,meta_batch,0.907665
mutual_info_proba_classif,5,HistGradientBoosting,limma_target,gse20194,meta_batch,0.899355
mutual_info_proba_classif,6,HistGradientBoosting,limma_target,gse20194,meta_batch,0.911023
mutual_info_proba_classif,7,HistGradientBoosting,limma_target,gse20194,meta_batch,0.94674
mutual_info_proba_classif,8,HistGradientBoosting,limma_target,gse20194,meta_batch,0.917713
mutual_info_proba_classif,9,HistGradientBoosting,limma_target,gse20194,meta_batch,0.870456
mutual_info_proba_sum,0,HistGradientBoosting,limma_target,gse20194,meta_batch,0.641054
mutual_info_proba_sum,1,HistGradientBoosting,limma_target,gse20194,meta_batch,0.6841
mutual_info_proba_sum,2,HistGradientBoosting,limma_target,gse20194,meta_batch,0.620748
mutual_info_proba_sum,3,HistGradientBoosting,limma_target,gse20194,meta_batch,0.591315
mutual_info_proba_sum,4,HistGradientBoosting,limma_target,gse20194,meta_batch,0.645125
mutual_info_proba_sum,5,HistGradientBoosting,limma_target,gse20194,meta_batch,0.660653
mutual_info_proba_sum,6,HistGradientBoosting,limma_target,gse20194,meta_batch,0.65303
mutual_info_proba_sum,7,HistGradientBoosting,limma_target,gse20194,meta_batch,0.679416
mutual_info_proba_sum,8,HistGradientBoosting,limma_target,gse20194,meta_batch,0.640527
mutual_info_proba_sum,9,HistGradientBoosting,limma_target,gse20194,meta_batch,0.63958
determinant_based_mutual_information,0,HistGradientBoosting,limma_target,gse20194,meta_batch,0.847569
determinant_based_mutual_information,1,HistGradientBoosting,limma_target,gse20194,meta_batch,0.871145
determinant_based_mutual_information,2,HistGradientBoosting,limma_target,gse20194,meta_batch,0.839601
determinant_based_mutual_information,3,HistGradientBoosting,limma_target,gse20194,meta_batch,0.821817
determinant_based_mutual_information,4,HistGradientBoosting,limma_target,gse20194,meta_batch,0.853036
determinant_based_mutual_information,5,HistGradientBoosting,limma_target,gse20194,meta_batch,0.85901
determinant_based_mutual_information,6,HistGradientBoosting,limma_target,gse20194,meta_batch,0.856827
determinant_based_mutual_information,7,HistGradientBoosting,limma_target,gse20194,meta_batch,0.868396
determinant_based_mutual_information,8,HistGradientBoosting,limma_target,gse20194,meta_batch,0.847201
determinant_based_mutual_information,9,HistGradientBoosting,limma_target,gse20194,meta_batch,0.849358
accuracy_score,0,HistGradientBoosting,limma_target,gse20194,meta_batch,0.973684
accuracy_score,1,HistGradientBoosting,limma_target,gse20194,meta_batch,0.986842
accuracy_score,2,HistGradientBoosting,limma_target,gse20194,meta_batch,0.969298
accuracy_score,3,HistGradientBoosting,limma_target,gse20194,meta_batch,0.973684
accuracy_score,4,HistGradientBoosting,limma_target,gse20194,meta_batch,0.969298
accuracy_score,5,HistGradientBoosting,limma_target,gse20194,meta_batch,0.973684
accuracy_score,6,HistGradientBoosting,limma_target,gse20194,meta_batch,0.982456
accuracy_score,7,HistGradientBoosting,limma_target,gse20194,meta_batch,0.982456
accuracy_score,8,HistGradientBoosting,limma_target,gse20194,meta_batch,0.964912
accuracy_score,9,HistGradientBoosting,limma_target,gse20194,meta_batch,0.964912
log_loss,0,HistGradientBoosting,limma_target,gse20194,meta_batch,0.90915
log_loss,1,HistGradientBoosting,limma_target,gse20194,meta_batch,0.933648
log_loss,2,HistGradientBoosting,limma_target,gse20194,meta_batch,0.907828
log_loss,3,HistGradientBoosting,limma_target,gse20194,meta_batch,0.88584
log_loss,4,HistGradientBoosting,limma_target,gse20194,meta_batch,0.915097
log_loss,5,HistGradientBoosting,limma_target,gse20194,meta_batch,0.917712
log_loss,6,HistGradientBoosting,limma_target,gse20194,meta_batch,0.922339
log_loss,7,HistGradientBoosting,limma_target,gse20194,meta_batch,0.921816
log_loss,8,HistGradientBoosting,limma_target,gse20194,meta_batch,0.909257
log_loss,9,HistGradientBoosting,limma_target,gse20194,meta_batch,0.914932
roc_auc_score,0,RandomForest,unadjusted,gse20194,meta_batch,0.98085
roc_auc_score,1,RandomForest,unadjusted,gse20194,meta_batch,0.982852
roc_auc_score,2,RandomForest,unadjusted,gse20194,meta_batch,0.98566
roc_auc_score,3,RandomForest,unadjusted,gse20194,meta_batch,0.984325
roc_auc_score,4,RandomForest,unadjusted,gse20194,meta_batch,0.981176
roc_auc_score,5,RandomForest,unadjusted,gse20194,meta_batch,0.984574
roc_auc_score,6,RandomForest,unadjusted,gse20194,meta_batch,0.985461
roc_auc_score,7,RandomForest,unadjusted,gse20194,meta_batch,0.979488
roc_auc_score,8,RandomForest,unadjusted,gse20194,meta_batch,0.984699
roc_auc_score,9,RandomForest,unadjusted,gse20194,meta_batch,0.98788
mutual_info_score,0,RandomForest,unadjusted,gse20194,meta_batch,0.63707
mutual_info_score,1,RandomForest,unadjusted,gse20194,meta_batch,0.724027
mutual_info_score,2,RandomForest,unadjusted,gse20194,meta_batch,0.760656
mutual_info_score,3,RandomForest,unadjusted,gse20194,meta_batch,0.62279
mutual_info_score,4,RandomForest,unadjusted,gse20194,meta_batch,0.666978
mutual_info_score,5,RandomForest,unadjusted,gse20194,meta_batch,0.719152
mutual_info_score,6,RandomForest,unadjusted,gse20194,meta_batch,0.647709
mutual_info_score,7,RandomForest,unadjusted,gse20194,meta_batch,0.66463
mutual_info_score,8,RandomForest,unadjusted,gse20194,meta_batch,0.677806
mutual_info_score,9,RandomForest,unadjusted,gse20194,meta_batch,0.707538
mutual_info_proba_classif,0,RandomForest,unadjusted,gse20194,meta_batch,0.801822
mutual_info_proba_classif,1,RandomForest,unadjusted,gse20194,meta_batch,0.79975
mutual_info_proba_classif,2,RandomForest,unadjusted,gse20194,meta_batch,0.819085
mutual_info_proba_classif,3,RandomForest,unadjusted,gse20194,meta_batch,0.775393
mutual_info_proba_classif,4,RandomForest,unadjusted,gse20194,meta_batch,0.785741
mutual_info_proba_classif,5,RandomForest,unadjusted,gse20194,meta_batch,0.814745
mutual_info_proba_classif,6,RandomForest,unadjusted,gse20194,meta_batch,0.832786
mutual_info_proba_classif,7,RandomForest,unadjusted,gse20194,meta_batch,0.792367
mutual_info_proba_classif,8,RandomForest,unadjusted,gse20194,meta_batch,0.798002
mutual_info_proba_classif,9,RandomForest,unadjusted,gse20194,meta_batch,0.80688
mutual_info_proba_sum,0,RandomForest,unadjusted,gse20194,meta_batch,0.210486
mutual_info_proba_sum,1,RandomForest,unadjusted,gse20194,meta_batch,0.214922
mutual_info_proba_sum,2,RandomForest,unadjusted,gse20194,meta_batch,0.218702
mutual_info_proba_sum,3,RandomForest,unadjusted,gse20194,meta_batch,0.223048
mutual_info_proba_sum,4,RandomForest,unadjusted,gse20194,meta_batch,0.205507
mutual_info_proba_sum,5,RandomForest,unadjusted,gse20194,meta_batch,0.220901
mutual_info_proba_sum,6,RandomForest,unadjusted,gse20194,meta_batch,0.222385
mutual_info_proba_sum,7,RandomForest,unadjusted,gse20194,meta_batch,0.21016
mutual_info_proba_sum,8,RandomForest,unadjusted,gse20194,meta_batch,0.217343
mutual_info_proba_sum,9,RandomForest,unadjusted,gse20194,meta_batch,0.217246
determinant_based_mutual_information,0,RandomForest,unadjusted,gse20194,meta_batch,0.518378
determinant_based_mutual_information,1,RandomForest,unadjusted,gse20194,meta_batch,0.522131
determinant_based_mutual_information,2,RandomForest,unadjusted,gse20194,meta_batch,0.52755
determinant_based_mutual_information,3,RandomForest,unadjusted,gse20194,meta_batch,0.531928
determinant_based_mutual_information,4,RandomForest,unadjusted,gse20194,meta_batch,0.511675
determinant_based_mutual_information,5,RandomForest,unadjusted,gse20194,meta_batch,0.530121
determinant_based_mutual_information,6,RandomForest,unadjusted,gse20194,meta_batch,0.531326
determinant_based_mutual_information,7,RandomForest,unadjusted,gse20194,meta_batch,0.518113
determinant_based_mutual_information,8,RandomForest,unadjusted,gse20194,meta_batch,0.526168
determinant_based_mutual_information,9,RandomForest,unadjusted,gse20194,meta_batch,0.525803
accuracy_score,0,RandomForest,unadjusted,gse20194,meta_batch,0.929825
accuracy_score,1,RandomForest,unadjusted,gse20194,meta_batch,0.951754
accuracy_score,2,RandomForest,unadjusted,gse20194,meta_batch,0.960526
accuracy_score,3,RandomForest,unadjusted,gse20194,meta_batch,0.925439
accuracy_score,4,RandomForest,unadjusted,gse20194,meta_batch,0.938596
accuracy_score,5,RandomForest,unadjusted,gse20194,meta_batch,0.951754
accuracy_score,6,RandomForest,unadjusted,gse20194,meta_batch,0.929825
accuracy_score,7,RandomForest,unadjusted,gse20194,meta_batch,0.934211
accuracy_score,8,RandomForest,unadjusted,gse20194,meta_batch,0.942982
accuracy_score,9,RandomForest,unadjusted,gse20194,meta_batch,0.947368
log_loss,0,RandomForest,unadjusted,gse20194,meta_batch,0.711179
log_loss,1,RandomForest,unadjusted,gse20194,meta_batch,0.71421
log_loss,2,RandomForest,unadjusted,gse20194,meta_batch,0.717198
log_loss,3,RandomForest,unadjusted,gse20194,meta_batch,0.7196
log_loss,4,RandomForest,unadjusted,gse20194,meta_batch,0.705014
log_loss,5,RandomForest,unadjusted,gse20194,meta_batch,0.721419
log_loss,6,RandomForest,unadjusted,gse20194,meta_batch,0.71981
log_loss,7,RandomForest,unadjusted,gse20194,meta_batch,0.706178
log_loss,8,RandomForest,unadjusted,gse20194,meta_batch,0.71646
log_loss,9,RandomForest,unadjusted,gse20194,meta_batch,0.717286
roc_auc_score,0,HistGradientBoosting,unadjusted,gse20194,meta_batch,0.981905
roc_auc_score,1,HistGradientBoosting,unadjusted,gse20194,meta_batch,0.982615
roc_auc_score,2,HistGradientBoosting,unadjusted,gse20194,meta_batch,0.98448
roc_auc_score,3,HistGradientBoosting,unadjusted,gse20194,meta_batch,0.984661
roc_auc_score,4,HistGradientBoosting,unadjusted,gse20194,meta_batch,0.982824
roc_auc_score,5,HistGradientBoosting,unadjusted,gse20194,meta_batch,0.986117
roc_auc_score,6,HistGradientBoosting,unadjusted,gse20194,meta_batch,0.98113
roc_auc_score,7,HistGradientBoosting,unadjusted,gse20194,meta_batch,0.980479
roc_auc_score,8,HistGradientBoosting,unadjusted,gse20194,meta_batch,0.98093
roc_auc_score,9,HistGradientBoosting,unadjusted,gse20194,meta_batch,0.98191
mutual_info_score,0,HistGradientBoosting,unadjusted,gse20194,meta_batch,0.623379
mutual_info_score,1,HistGradientBoosting,unadjusted,gse20194,meta_batch,0.701027
mutual_info_score,2,HistGradientBoosting,unadjusted,gse20194,meta_batch,0.759009
mutual_info_score,3,HistGradientBoosting,unadjusted,gse20194,meta_batch,0.712446
mutual_info_score,4,HistGradientBoosting,unadjusted,gse20194,meta_batch,0.664557
mutual_info_score,5,HistGradientBoosting,unadjusted,gse20194,meta_batch,0.701096
mutual_info_score,6,HistGradientBoosting,unadjusted,gse20194,meta_batch,0.613522
mutual_info_score,7,HistGradientBoosting,unadjusted,gse20194,meta_batch,0.63196
mutual_info_score,8,HistGradientBoosting,unadjusted,gse20194,meta_batch,0.645946
mutual_info_score,9,HistGradientBoosting,unadjusted,gse20194,meta_batch,0.702232
mutual_info_proba_classif,0,HistGradientBoosting,unadjusted,gse20194,meta_batch,0.753107
mutual_info_proba_classif,1,HistGradientBoosting,unadjusted,gse20194,meta_batch,0.825135
mutual_info_proba_classif,2,HistGradientBoosting,unadjusted,gse20194,meta_batch,0.852574
mutual_info_proba_classif,3,HistGradientBoosting,unadjusted,gse20194,meta_batch,0.795468
mutual_info_proba_classif,4,HistGradientBoosting,unadjusted,gse20194,meta_batch,0.733328
mutual_info_proba_classif,5,HistGradientBoosting,unadjusted,gse20194,meta_batch,0.760072
mutual_info_proba_classif,6,HistGradientBoosting,unadjusted,gse20194,meta_batch,0.744353
mutual_info_proba_classif,7,HistGradientBoosting,unadjusted,gse20194,meta_batch,0.756358
mutual_info_proba_classif,8,HistGradientBoosting,unadjusted,gse20194,meta_batch,0.766264
mutual_info_proba_classif,9,HistGradientBoosting,unadjusted,gse20194,meta_batch,0.801065
mutual_info_proba_sum,0,HistGradientBoosting,unadjusted,gse20194,meta_batch,0.486329
mutual_info_proba_sum,1,HistGradientBoosting,unadjusted,gse20194,meta_batch,0.527767
mutual_info_proba_sum,2,HistGradientBoosting,unadjusted,gse20194,meta_batch,0.568281
mutual_info_proba_sum,3,HistGradientBoosting,unadjusted,gse20194,meta_batch,0.538758
mutual_info_proba_sum,4,HistGradientBoosting,unadjusted,gse20194,meta_batch,0.503174
mutual_info_proba_sum,5,HistGradientBoosting,unadjusted,gse20194,meta_batch,0.529
mutual_info_proba_sum,6,HistGradientBoosting,unadjusted,gse20194,meta_batch,0.51699
mutual_info_proba_sum,7,HistGradientBoosting,unadjusted,gse20194,meta_batch,0.498178
mutual_info_proba_sum,8,HistGradientBoosting,unadjusted,gse20194,meta_batch,0.510102
mutual_info_proba_sum,9,HistGradientBoosting,unadjusted,gse20194,meta_batch,0.542035
determinant_based_mutual_information,0,HistGradientBoosting,unadjusted,gse20194,meta_batch,0.7532
determinant_based_mutual_information,1,HistGradientBoosting,unadjusted,gse20194,meta_batch,0.782839
determinant_based_mutual_information,2,HistGradientBoosting,unadjusted,gse20194,meta_batch,0.807583
determinant_based_mutual_information,3,HistGradientBoosting,unadjusted,gse20194,meta_batch,0.790277
determinant_based_mutual_information,4,HistGradientBoosting,unadjusted,gse20194,meta_batch,0.767447
determinant_based_mutual_information,5,HistGradientBoosting,unadjusted,gse20194,meta_batch,0.784454
determinant_based_mutual_information,6,HistGradientBoosting,unadjusted,gse20194,meta_batch,0.773218
determinant_based_mutual_information,7,HistGradientBoosting,unadjusted,gse20194,meta_batch,0.759662
determinant_based_mutual_information,8,HistGradientBoosting,unadjusted,gse20194,meta_batch,0.770978
determinant_based_mutual_information,9,HistGradientBoosting,unadjusted,gse20194,meta_batch,0.788348
accuracy_score,0,HistGradientBoosting,unadjusted,gse20194,meta_batch,0.921053
accuracy_score,1,HistGradientBoosting,unadjusted,gse20194,meta_batch,0.947368
accuracy_score,2,HistGradientBoosting,unadjusted,gse20194,meta_batch,0.960526
accuracy_score,3,HistGradientBoosting,unadjusted,gse20194,meta_batch,0.951754
accuracy_score,4,HistGradientBoosting,unadjusted,gse20194,meta_batch,0.938596
accuracy_score,5,HistGradientBoosting,unadjusted,gse20194,meta_batch,0.947368
accuracy_score,6,HistGradientBoosting,unadjusted,gse20194,meta_batch,0.925439
accuracy_score,7,HistGradientBoosting,unadjusted,gse20194,meta_batch,0.929825
accuracy_score,8,HistGradientBoosting,unadjusted,gse20194,meta_batch,0.925439
accuracy_score,9,HistGradientBoosting,unadjusted,gse20194,meta_batch,0.942982
log_loss,0,HistGradientBoosting,unadjusted,gse20194,meta_batch,0.813089
log_loss,1,HistGradientBoosting,unadjusted,gse20194,meta_batch,0.845627
log_loss,2,HistGradientBoosting,unadjusted,gse20194,meta_batch,0.864693
log_loss,3,HistGradientBoosting,unadjusted,gse20194,meta_batch,0.852726
log_loss,4,HistGradientBoosting,unadjusted,gse20194,meta_batch,0.825191
log_loss,5,HistGradientBoosting,unadjusted,gse20194,meta_batch,0.846784
log_loss,6,HistGradientBoosting,unadjusted,gse20194,meta_batch,0.828024
log_loss,7,HistGradientBoosting,unadjusted,gse20194,meta_batch,0.834513
log_loss,8,HistGradientBoosting,unadjusted,gse20194,meta_batch,0.829505
log_loss,9,HistGradientBoosting,unadjusted,gse20194,meta_batch,0.847156
roc_auc_score,0,RandomForest,tampor,gse20194,meta_batch,0.9902
roc_auc_score,1,RandomForest,tampor,gse20194,meta_batch,0.990929
roc_auc_score,2,RandomForest,tampor,gse20194,meta_batch,0.985197
roc_auc_score,3,RandomForest,tampor,gse20194,meta_batch,0.992325
roc_auc_score,4,RandomForest,tampor,gse20194,meta_batch,0.984521
roc_auc_score,5,RandomForest,tampor,gse20194,meta_batch,0.994456
roc_auc_score,6,RandomForest,tampor,gse20194,meta_batch,0.992712
roc_auc_score,7,RandomForest,tampor,gse20194,meta_batch,0.98471
roc_auc_score,8,RandomForest,tampor,gse20194,meta_batch,0.992701
roc_auc_score,9,RandomForest,tampor,gse20194,meta_batch,0.991415
mutual_info_score,0,RandomForest,tampor,gse20194,meta_batch,0.761969
mutual_info_score,1,RandomForest,tampor,gse20194,meta_batch,0.702552
mutual_info_score,2,RandomForest,tampor,gse20194,meta_batch,0.653921
mutual_info_score,3,RandomForest,tampor,gse20194,meta_batch,0.656546
mutual_info_score,4,RandomForest,tampor,gse20194,meta_batch,0.70525
mutual_info_score,5,RandomForest,tampor,gse20194,meta_batch,0.714713
mutual_info_score,6,RandomForest,tampor,gse20194,meta_batch,0.723206
mutual_info_score,7,RandomForest,tampor,gse20194,meta_batch,0.67453
mutual_info_score,8,RandomForest,tampor,gse20194,meta_batch,0.608507
mutual_info_score,9,RandomForest,tampor,gse20194,meta_batch,0.723415
mutual_info_proba_classif,0,RandomForest,tampor,gse20194,meta_batch,0.846347
mutual_info_proba_classif,1,RandomForest,tampor,gse20194,meta_batch,0.812006
mutual_info_proba_classif,2,RandomForest,tampor,gse20194,meta_batch,0.811515
mutual_info_proba_classif,3,RandomForest,tampor,gse20194,meta_batch,0.855634
mutual_info_proba_classif,4,RandomForest,tampor,gse20194,meta_batch,0.846749
mutual_info_proba_classif,5,RandomForest,tampor,gse20194,meta_batch,0.90003
mutual_info_proba_classif,6,RandomForest,tampor,gse20194,meta_batch,0.847128
mutual_info_proba_classif,7,RandomForest,tampor,gse20194,meta_batch,0.791799
mutual_info_proba_classif,8,RandomForest,tampor,gse20194,meta_batch,0.847412
mutual_info_proba_classif,9,RandomForest,tampor,gse20194,meta_batch,0.848944
mutual_info_proba_sum,0,RandomForest,tampor,gse20194,meta_batch,0.04724
mutual_info_proba_sum,1,RandomForest,tampor,gse20194,meta_batch,0.043379
mutual_info_proba_sum,2,RandomForest,tampor,gse20194,meta_batch,0.044745
mutual_info_proba_sum,3,RandomForest,tampor,gse20194,meta_batch,0.044582
mutual_info_proba_sum,4,RandomForest,tampor,gse20194,meta_batch,0.044883
mutual_info_proba_sum,5,RandomForest,tampor,gse20194,meta_batch,0.043187
mutual_info_proba_sum,6,RandomForest,tampor,gse20194,meta_batch,0.045086
mutual_info_proba_sum,7,RandomForest,tampor,gse20194,meta_batch,0.03673
mutual_info_proba_sum,8,RandomForest,tampor,gse20194,meta_batch,0.046221
mutual_info_proba_sum,9,RandomForest,tampor,gse20194,meta_batch,0.043883
determinant_based_mutual_information,0,RandomForest,tampor,gse20194,meta_batch,0.250463
determinant_based_mutual_information,1,RandomForest,tampor,gse20194,meta_batch,0.240534
determinant_based_mutual_information,2,RandomForest,tampor,gse20194,meta_batch,0.243995
determinant_based_mutual_information,3,RandomForest,tampor,gse20194,meta_batch,0.243838
determinant_based_mutual_information,4,RandomForest,tampor,gse20194,meta_batch,0.243018
determinant_based_mutual_information,5,RandomForest,tampor,gse20194,meta_batch,0.239132
determinant_based_mutual_information,6,RandomForest,tampor,gse20194,meta_batch,0.244342
determinant_based_mutual_information,7,RandomForest,tampor,gse20194,meta_batch,0.220656
determinant_based_mutual_information,8,RandomForest,tampor,gse20194,meta_batch,0.247374
determinant_based_mutual_information,9,RandomForest,tampor,gse20194,meta_batch,0.241775
accuracy_score,0,RandomForest,tampor,gse20194,meta_batch,0.960526
accuracy_score,1,RandomForest,tampor,gse20194,meta_batch,0.947368
accuracy_score,2,RandomForest,tampor,gse20194,meta_batch,0.929825
accuracy_score,3,RandomForest,tampor,gse20194,meta_batch,0.934211
accuracy_score,4,RandomForest,tampor,gse20194,meta_batch,0.947368
accuracy_score,5,RandomForest,tampor,gse20194,meta_batch,0.938596
accuracy_score,6,RandomForest,tampor,gse20194,meta_batch,0.942982
accuracy_score,7,RandomForest,tampor,gse20194,meta_batch,0.925439
accuracy_score,8,RandomForest,tampor,gse20194,meta_batch,0.921053
accuracy_score,9,RandomForest,tampor,gse20194,meta_batch,0.947368
log_loss,0,RandomForest,tampor,gse20194,meta_batch,0.534144
log_loss,1,RandomForest,tampor,gse20194,meta_batch,0.524187
log_loss,2,RandomForest,tampor,gse20194,meta_batch,0.528782
log_loss,3,RandomForest,tampor,gse20194,meta_batch,0.528374
log_loss,4,RandomForest,tampor,gse20194,meta_batch,0.528409
log_loss,5,RandomForest,tampor,gse20194,meta_batch,0.527238
log_loss,6,RandomForest,tampor,gse20194,meta_batch,0.530653
log_loss,7,RandomForest,tampor,gse20194,meta_batch,0.510441
log_loss,8,RandomForest,tampor,gse20194,meta_batch,0.532674
log_loss,9,RandomForest,tampor,gse20194,meta_batch,0.526869
roc_auc_score,0,HistGradientBoosting,tampor,gse20194,meta_batch,0.984432
roc_auc_score,1,HistGradientBoosting,tampor,gse20194,meta_batch,0.991534
roc_auc_score,2,HistGradientBoosting,tampor,gse20194,meta_batch,0.970104
roc_auc_score,3,HistGradientBoosting,tampor,gse20194,meta_batch,0.992004
roc_auc_score,4,HistGradientBoosting,tampor,gse20194,meta_batch,0.945105
roc_auc_score,5,HistGradientBoosting,tampor,gse20194,meta_batch,0.978346
roc_auc_score,6,HistGradientBoosting,tampor,gse20194,meta_batch,0.985669
roc_auc_score,7,HistGradientBoosting,tampor,gse20194,meta_batch,0.97076
roc_auc_score,8,HistGradientBoosting,tampor,gse20194,meta_batch,0.96164
roc_auc_score,9,HistGradientBoosting,tampor,gse20194,meta_batch,0.976208
mutual_info_score,0,HistGradientBoosting,tampor,gse20194,meta_batch,0.636081
mutual_info_score,1,HistGradientBoosting,tampor,gse20194,meta_batch,0.724528
mutual_info_score,2,HistGradientBoosting,tampor,gse20194,meta_batch,0.644905
mutual_info_score,3,HistGradientBoosting,tampor,gse20194,meta_batch,0.770914
mutual_info_score,4,HistGradientBoosting,tampor,gse20194,meta_batch,0.487737
mutual_info_score,5,HistGradientBoosting,tampor,gse20194,meta_batch,0.542185
mutual_info_score,6,HistGradientBoosting,tampor,gse20194,meta_batch,0.766349
mutual_info_score,7,HistGradientBoosting,tampor,gse20194,meta_batch,0.546267
mutual_info_score,8,HistGradientBoosting,tampor,gse20194,meta_batch,0.42254
mutual_info_score,9,HistGradientBoosting,tampor,gse20194,meta_batch,0.597243
mutual_info_proba_classif,0,HistGradientBoosting,tampor,gse20194,meta_batch,0.743328
mutual_info_proba_classif,1,HistGradientBoosting,tampor,gse20194,meta_batch,0.811412
mutual_info_proba_classif,2,HistGradientBoosting,tampor,gse20194,meta_batch,0.686767
mutual_info_proba_classif,3,HistGradientBoosting,tampor,gse20194,meta_batch,0.837036
mutual_info_proba_classif,4,HistGradientBoosting,tampor,gse20194,meta_batch,0.531487
mutual_info_proba_classif,5,HistGradientBoosting,tampor,gse20194,meta_batch,0.726781
mutual_info_proba_classif,6,HistGradientBoosting,tampor,gse20194,meta_batch,0.833082
mutual_info_proba_classif,7,HistGradientBoosting,tampor,gse20194,meta_batch,0.705372
mutual_info_proba_classif,8,HistGradientBoosting,tampor,gse20194,meta_batch,0.57852
mutual_info_proba_classif,9,HistGradientBoosting,tampor,gse20194,meta_batch,0.756175
mutual_info_proba_sum,0,HistGradientBoosting,tampor,gse20194,meta_batch,0.376138
mutual_info_proba_sum,1,HistGradientBoosting,tampor,gse20194,meta_batch,0.372869
mutual_info_proba_sum,2,HistGradientBoosting,tampor,gse20194,meta_batch,0.348132
mutual_info_proba_sum,3,HistGradientBoosting,tampor,gse20194,meta_batch,0.403106
mutual_info_proba_sum,4,HistGradientBoosting,tampor,gse20194,meta_batch,0.292264
mutual_info_proba_sum,5,HistGradientBoosting,tampor,gse20194,meta_batch,0.334846
mutual_info_proba_sum,6,HistGradientBoosting,tampor,gse20194,meta_batch,0.431737
mutual_info_proba_sum,7,HistGradientBoosting,tampor,gse20194,meta_batch,0.304815
mutual_info_proba_sum,8,HistGradientBoosting,tampor,gse20194,meta_batch,0.301934
mutual_info_proba_sum,9,HistGradientBoosting,tampor,gse20194,meta_batch,0.334825
determinant_based_mutual_information,0,HistGradientBoosting,tampor,gse20194,meta_batch,0.679469
determinant_based_mutual_information,1,HistGradientBoosting,tampor,gse20194,meta_batch,0.672728
determinant_based_mutual_information,2,HistGradientBoosting,tampor,gse20194,meta_batch,0.650764
determinant_based_mutual_information,3,HistGradientBoosting,tampor,gse20194,meta_batch,0.695096
determinant_based_mutual_information,4,HistGradientBoosting,tampor,gse20194,meta_batch,0.599925
determinant_based_mutual_information,5,HistGradientBoosting,tampor,gse20194,meta_batch,0.639051
determinant_based_mutual_information,6,HistGradientBoosting,tampor,gse20194,meta_batch,0.715949
determinant_based_mutual_information,7,HistGradientBoosting,tampor,gse20194,meta_batch,0.618366
determinant_based_mutual_information,8,HistGradientBoosting,tampor,gse20194,meta_batch,0.612363
determinant_based_mutual_information,9,HistGradientBoosting,tampor,gse20194,meta_batch,0.644551
accuracy_score,0,HistGradientBoosting,tampor,gse20194,meta_batch,0.929825
accuracy_score,1,HistGradientBoosting,tampor,gse20194,meta_batch,0.947368
accuracy_score,2,HistGradientBoosting,tampor,gse20194,meta_batch,0.929825
accuracy_score,3,HistGradientBoosting,tampor,gse20194,meta_batch,0.960526
accuracy_score,4,HistGradientBoosting,tampor,gse20194,meta_batch,0.885965
accuracy_score,5,HistGradientBoosting,tampor,gse20194,meta_batch,0.894737
accuracy_score,6,HistGradientBoosting,tampor,gse20194,meta_batch,0.95614
accuracy_score,7,HistGradientBoosting,tampor,gse20194,meta_batch,0.903509
accuracy_score,8,HistGradientBoosting,tampor,gse20194,meta_batch,0.864035
accuracy_score,9,HistGradientBoosting,tampor,gse20194,meta_batch,0.921053
log_loss,0,HistGradientBoosting,tampor,gse20194,meta_batch,0.796657
log_loss,1,HistGradientBoosting,tampor,gse20194,meta_batch,0.80575
log_loss,2,HistGradientBoosting,tampor,gse20194,meta_batch,0.765897
log_loss,3,HistGradientBoosting,tampor,gse20194,meta_batch,0.823823
log_loss,4,HistGradientBoosting,tampor,gse20194,meta_batch,0.69296
log_loss,5,HistGradientBoosting,tampor,gse20194,meta_batch,0.765197
log_loss,6,HistGradientBoosting,tampor,gse20194,meta_batch,0.826269
log_loss,7,HistGradientBoosting,tampor,gse20194,meta_batch,0.754055
log_loss,8,HistGradientBoosting,tampor,gse20194,meta_batch,0.727713
log_loss,9,HistGradientBoosting,tampor,gse20194,meta_batch,0.768949
roc_auc_score,0,RandomForest,quantile,gse20194,meta_batch,0.981084
roc_auc_score,1,RandomForest,quantile,gse20194,meta_batch,0.983204
roc_auc_score,2,RandomForest,quantile,gse20194,meta_batch,0.985777
roc_auc_score,3,RandomForest,quantile,gse20194,meta_batch,0.983735
roc_auc_score,4,RandomForest,quantile,gse20194,meta_batch,0.981059
roc_auc_score,5,RandomForest,quantile,gse20194,meta_batch,0.984456
roc_auc_score,6,RandomForest,quantile,gse20194,meta_batch,0.984756
roc_auc_score,7,RandomForest,quantile,gse20194,meta_batch,0.978543
roc_auc_score,8,RandomForest,quantile,gse20194,meta_batch,0.985523
roc_auc_score,9,RandomForest,quantile,gse20194,meta_batch,0.988234
mutual_info_score,0,RandomForest,quantile,gse20194,meta_batch,0.673324
mutual_info_score,1,RandomForest,quantile,gse20194,meta_batch,0.702315
mutual_info_score,2,RandomForest,quantile,gse20194,meta_batch,0.760656
mutual_info_score,3,RandomForest,quantile,gse20194,meta_batch,0.609718
mutual_info_score,4,RandomForest,quantile,gse20194,meta_batch,0.653906
mutual_info_score,5,RandomForest,quantile,gse20194,meta_batch,0.719152
mutual_info_score,6,RandomForest,quantile,gse20194,meta_batch,0.66767
mutual_info_score,7,RandomForest,quantile,gse20194,meta_batch,0.624114
mutual_info_score,8,RandomForest,quantile,gse20194,meta_batch,0.663583
mutual_info_score,9,RandomForest,quantile,gse20194,meta_batch,0.707538
mutual_info_proba_classif,0,RandomForest,quantile,gse20194,meta_batch,0.792954
mutual_info_proba_classif,1,RandomForest,quantile,gse20194,meta_batch,0.79834
mutual_info_proba_classif,2,RandomForest,quantile,gse20194,meta_batch,0.803143
mutual_info_proba_classif,3,RandomForest,quantile,gse20194,meta_batch,0.780518
mutual_info_proba_classif,4,RandomForest,quantile,gse20194,meta_batch,0.783342
mutual_info_proba_classif,5,RandomForest,quantile,gse20194,meta_batch,0.824595
mutual_info_proba_classif,6,RandomForest,quantile,gse20194,meta_batch,0.84201
mutual_info_proba_classif,7,RandomForest,quantile,gse20194,meta_batch,0.780262
mutual_info_proba_classif,8,RandomForest,quantile,gse20194,meta_batch,0.779091
mutual_info_proba_classif,9,RandomForest,quantile,gse20194,meta_batch,0.797366
mutual_info_proba_sum,0,RandomForest,quantile,gse20194,meta_batch,0.209735
mutual_info_proba_sum,1,RandomForest,quantile,gse20194,meta_batch,0.21497
mutual_info_proba_sum,2,RandomForest,quantile,gse20194,meta_batch,0.21958
mutual_info_proba_sum,3,RandomForest,quantile,gse20194,meta_batch,0.222305
mutual_info_proba_sum,4,RandomForest,quantile,gse20194,meta_batch,0.204965
mutual_info_proba_sum,5,RandomForest,quantile,gse20194,meta_batch,0.221809
mutual_info_proba_sum,6,RandomForest,quantile,gse20194,meta_batch,0.222267
mutual_info_proba_sum,7,RandomForest,quantile,gse20194,meta_batch,0.21011
mutual_info_proba_sum,8,RandomForest,quantile,gse20194,meta_batch,0.217845
mutual_info_proba_sum,9,RandomForest,quantile,gse20194,meta_batch,0.217642
determinant_based_mutual_information,0,RandomForest,quantile,gse20194,meta_batch,0.51756
determinant_based_mutual_information,1,RandomForest,quantile,gse20194,meta_batch,0.522013
determinant_based_mutual_information,2,RandomForest,quantile,gse20194,meta_batch,0.528498
determinant_based_mutual_information,3,RandomForest,quantile,gse20194,meta_batch,0.531182
determinant_based_mutual_information,4,RandomForest,quantile,gse20194,meta_batch,0.510918
determinant_based_mutual_information,5,RandomForest,quantile,gse20194,meta_batch,0.531102
determinant_based_mutual_information,6,RandomForest,quantile,gse20194,meta_batch,0.531265
determinant_based_mutual_information,7,RandomForest,quantile,gse20194,meta_batch,0.518007
determinant_based_mutual_information,8,RandomForest,quantile,gse20194,meta_batch,0.526734
determinant_based_mutual_information,9,RandomForest,quantile,gse20194,meta_batch,0.526163
accuracy_score,0,RandomForest,quantile,gse20194,meta_batch,0.938596
accuracy_score,1,RandomForest,quantile,gse20194,meta_batch,0.947368
accuracy_score,2,RandomForest,quantile,gse20194,meta_batch,0.960526
accuracy_score,3,RandomForest,quantile,gse20194,meta_batch,0.921053
accuracy_score,4,RandomForest,quantile,gse20194,meta_batch,0.934211
accuracy_score,5,RandomForest,quantile,gse20194,meta_batch,0.951754
accuracy_score,6,RandomForest,quantile,gse20194,meta_batch,0.934211
accuracy_score,7,RandomForest,quantile,gse20194,meta_batch,0.925439
accuracy_score,8,RandomForest,quantile,gse20194,meta_batch,0.938596
accuracy_score,9,RandomForest,quantile,gse20194,meta_batch,0.947368
log_loss,0,RandomForest,quantile,gse20194,meta_batch,0.710158
log_loss,1,RandomForest,quantile,gse20194,meta_batch,0.713626
log_loss,2,RandomForest,quantile,gse20194,meta_batch,0.717694
log_loss,3,RandomForest,quantile,gse20194,meta_batch,0.719043
log_loss,4,RandomForest,quantile,gse20194,meta_batch,0.70441
log_loss,5,RandomForest,quantile,gse20194,meta_batch,0.721761
log_loss,6,RandomForest,quantile,gse20194,meta_batch,0.719676
log_loss,7,RandomForest,quantile,gse20194,meta_batch,0.705641
log_loss,8,RandomForest,quantile,gse20194,meta_batch,0.716803
log_loss,9,RandomForest,quantile,gse20194,meta_batch,0.717391
roc_auc_score,0,HistGradientBoosting,quantile,gse20194,meta_batch,0.981435
roc_auc_score,1,HistGradientBoosting,quantile,gse20194,meta_batch,0.982848
roc_auc_score,2,HistGradientBoosting,quantile,gse20194,meta_batch,0.984715
roc_auc_score,3,HistGradientBoosting,quantile,gse20194,meta_batch,0.984434
roc_auc_score,4,HistGradientBoosting,quantile,gse20194,meta_batch,0.983292
roc_auc_score,5,HistGradientBoosting,quantile,gse20194,meta_batch,0.98588
roc_auc_score,6,HistGradientBoosting,quantile,gse20194,meta_batch,0.982305
roc_auc_score,7,HistGradientBoosting,quantile,gse20194,meta_batch,0.980479
roc_auc_score,8,HistGradientBoosting,quantile,gse20194,meta_batch,0.981872
roc_auc_score,9,HistGradientBoosting,quantile,gse20194,meta_batch,0.98238
mutual_info_score,0,HistGradientBoosting,quantile,gse20194,meta_batch,0.623379
mutual_info_score,1,HistGradientBoosting,quantile,gse20194,meta_batch,0.701027
mutual_info_score,2,HistGradientBoosting,quantile,gse20194,meta_batch,0.759009
mutual_info_score,3,HistGradientBoosting,quantile,gse20194,meta_batch,0.693502
mutual_info_score,4,HistGradientBoosting,quantile,gse20194,meta_batch,0.664557
mutual_info_score,5,HistGradientBoosting,quantile,gse20194,meta_batch,0.701096
mutual_info_score,6,HistGradientBoosting,quantile,gse20194,meta_batch,0.613522
mutual_info_score,7,HistGradientBoosting,quantile,gse20194,meta_batch,0.645385
mutual_info_score,8,HistGradientBoosting,quantile,gse20194,meta_batch,0.660871
mutual_info_score,9,HistGradientBoosting,quantile,gse20194,meta_batch,0.716911
mutual_info_proba_classif,0,HistGradientBoosting,quantile,gse20194,meta_batch,0.753536
mutual_info_proba_classif,1,HistGradientBoosting,quantile,gse20194,meta_batch,0.822664
mutual_info_proba_classif,2,HistGradientBoosting,quantile,gse20194,meta_batch,0.851004
mutual_info_proba_classif,3,HistGradientBoosting,quantile,gse20194,meta_batch,0.77518
mutual_info_proba_classif,4,HistGradientBoosting,quantile,gse20194,meta_batch,0.737578
mutual_info_proba_classif,5,HistGradientBoosting,quantile,gse20194,meta_batch,0.76348
mutual_info_proba_classif,6,HistGradientBoosting,quantile,gse20194,meta_batch,0.771423
mutual_info_proba_classif,7,HistGradientBoosting,quantile,gse20194,meta_batch,0.758151
mutual_info_proba_classif,8,HistGradientBoosting,quantile,gse20194,meta_batch,0.772774
mutual_info_proba_classif,9,HistGradientBoosting,quantile,gse20194,meta_batch,0.800968
mutual_info_proba_sum,0,HistGradientBoosting,quantile,gse20194,meta_batch,0.484185
mutual_info_proba_sum,1,HistGradientBoosting,quantile,gse20194,meta_batch,0.529741
mutual_info_proba_sum,2,HistGradientBoosting,quantile,gse20194,meta_batch,0.568572
mutual_info_proba_sum,3,HistGradientBoosting,quantile,gse20194,meta_batch,0.536697
mutual_info_proba_sum,4,HistGradientBoosting,quantile,gse20194,meta_batch,0.505025
mutual_info_proba_sum,5,HistGradientBoosting,quantile,gse20194,meta_batch,0.531659
mutual_info_proba_sum,6,HistGradientBoosting,quantile,gse20194,meta_batch,0.520769
mutual_info_proba_sum,7,HistGradientBoosting,quantile,gse20194,meta_batch,0.497679
mutual_info_proba_sum,8,HistGradientBoosting,quantile,gse20194,meta_batch,0.513671
mutual_info_proba_sum,9,HistGradientBoosting,quantile,gse20194,meta_batch,0.541306
determinant_based_mutual_information,0,HistGradientBoosting,quantile,gse20194,meta_batch,0.751989
determinant_based_mutual_information,1,HistGradientBoosting,quantile,gse20194,meta_batch,0.784218
determinant_based_mutual_information,2,HistGradientBoosting,quantile,gse20194,meta_batch,0.807678
determinant_based_mutual_information,3,HistGradientBoosting,quantile,gse20194,meta_batch,0.788916
determinant_based_mutual_information,4,HistGradientBoosting,quantile,gse20194,meta_batch,0.768979
determinant_based_mutual_information,5,HistGradientBoosting,quantile,gse20194,meta_batch,0.786134
determinant_based_mutual_information,6,HistGradientBoosting,quantile,gse20194,meta_batch,0.775836
determinant_based_mutual_information,7,HistGradientBoosting,quantile,gse20194,meta_batch,0.759957
determinant_based_mutual_information,8,HistGradientBoosting,quantile,gse20194,meta_batch,0.773079
determinant_based_mutual_information,9,HistGradientBoosting,quantile,gse20194,meta_batch,0.7885
accuracy_score,0,HistGradientBoosting,quantile,gse20194,meta_batch,0.921053
accuracy_score,1,HistGradientBoosting,quantile,gse20194,meta_batch,0.947368
accuracy_score,2,HistGradientBoosting,quantile,gse20194,meta_batch,0.960526
accuracy_score,3,HistGradientBoosting,quantile,gse20194,meta_batch,0.947368
accuracy_score,4,HistGradientBoosting,quantile,gse20194,meta_batch,0.938596
accuracy_score,5,HistGradientBoosting,quantile,gse20194,meta_batch,0.947368
accuracy_score,6,HistGradientBoosting,quantile,gse20194,meta_batch,0.925439
accuracy_score,7,HistGradientBoosting,quantile,gse20194,meta_batch,0.934211
accuracy_score,8,HistGradientBoosting,quantile,gse20194,meta_batch,0.929825
accuracy_score,9,HistGradientBoosting,quantile,gse20194,meta_batch,0.947368
log_loss,0,HistGradientBoosting,quantile,gse20194,meta_batch,0.811152
log_loss,1,HistGradientBoosting,quantile,gse20194,meta_batch,0.846144
log_loss,2,HistGradientBoosting,quantile,gse20194,meta_batch,0.865137
log_loss,3,HistGradientBoosting,quantile,gse20194,meta_batch,0.850789
log_loss,4,HistGradientBoosting,quantile,gse20194,meta_batch,0.825913
log_loss,5,HistGradientBoosting,quantile,gse20194,meta_batch,0.847661
log_loss,6,HistGradientBoosting,quantile,gse20194,meta_batch,0.831013
log_loss,7,HistGradientBoosting,quantile,gse20194,meta_batch,0.834289
log_loss,8,HistGradientBoosting,quantile,gse20194,meta_batch,0.831565
log_loss,9,HistGradientBoosting,quantile,gse20194,meta_batch,0.847296
roc_auc_score,0,RandomForest,combat,gse24080,meta_batch,0.675275
roc_auc_score,1,RandomForest,combat,gse24080,meta_batch,0.742624
roc_auc_score,2,RandomForest,combat,gse24080,meta_batch,0.716346
roc_auc_score,3,RandomForest,combat,gse24080,meta_batch,0.698995
roc_auc_score,4,RandomForest,combat,gse24080,meta_batch,0.701877
roc_auc_score,5,RandomForest,combat,gse24080,meta_batch,0.727367
roc_auc_score,6,RandomForest,combat,gse24080,meta_batch,0.724738
roc_auc_score,7,RandomForest,combat,gse24080,meta_batch,0.686042
roc_auc_score,8,RandomForest,combat,gse24080,meta_batch,0.734485
roc_auc_score,9,RandomForest,combat,gse24080,meta_batch,0.700296
mutual_info_score,0,RandomForest,combat,gse24080,meta_batch,0.029313
mutual_info_score,1,RandomForest,combat,gse24080,meta_batch,0.079499
mutual_info_score,2,RandomForest,combat,gse24080,meta_batch,0.063316
mutual_info_score,3,RandomForest,combat,gse24080,meta_batch,0.03767
mutual_info_score,4,RandomForest,combat,gse24080,meta_batch,0.061483
mutual_info_score,5,RandomForest,combat,gse24080,meta_batch,0.069237
mutual_info_score,6,RandomForest,combat,gse24080,meta_batch,0.050167
mutual_info_score,7,RandomForest,combat,gse24080,meta_batch,0.046964
mutual_info_score,8,RandomForest,combat,gse24080,meta_batch,0.052643
mutual_info_score,9,RandomForest,combat,gse24080,meta_batch,0.02518
mutual_info_proba_classif,0,RandomForest,combat,gse24080,meta_batch,0.075515
mutual_info_proba_classif,1,RandomForest,combat,gse24080,meta_batch,0.132591
mutual_info_proba_classif,2,RandomForest,combat,gse24080,meta_batch,0.091138
mutual_info_proba_classif,3,RandomForest,combat,gse24080,meta_batch,0.139756
mutual_info_proba_classif,4,RandomForest,combat,gse24080,meta_batch,0.11742
mutual_info_proba_classif,5,RandomForest,combat,gse24080,meta_batch,0.131316
mutual_info_proba_classif,6,RandomForest,combat,gse24080,meta_batch,0.075711
mutual_info_proba_classif,7,RandomForest,combat,gse24080,meta_batch,0.069626
mutual_info_proba_classif,8,RandomForest,combat,gse24080,meta_batch,0.127077
mutual_info_proba_classif,9,RandomForest,combat,gse24080,meta_batch,0.108324
mutual_info_proba_sum,0,RandomForest,combat,gse24080,meta_batch,0.00205
mutual_info_proba_sum,1,RandomForest,combat,gse24080,meta_batch,0.003651
mutual_info_proba_sum,2,RandomForest,combat,gse24080,meta_batch,0.002759
mutual_info_proba_sum,3,RandomForest,combat,gse24080,meta_batch,0.002009
mutual_info_proba_sum,4,RandomForest,combat,gse24080,meta_batch,0.002187
mutual_info_proba_sum,5,RandomForest,combat,gse24080,meta_batch,0.003198
mutual_info_proba_sum,6,RandomForest,combat,gse24080,meta_batch,0.002956
mutual_info_proba_sum,7,RandomForest,combat,gse24080,meta_batch,0.002034
mutual_info_proba_sum,8,RandomForest,combat,gse24080,meta_batch,0.003144
mutual_info_proba_sum,9,RandomForest,combat,gse24080,meta_batch,0.002113
determinant_based_mutual_information,0,RandomForest,combat,gse24080,meta_batch,0.050805
determinant_based_mutual_information,1,RandomForest,combat,gse24080,meta_batch,0.067656
determinant_based_mutual_information,2,RandomForest,combat,gse24080,meta_batch,0.058402
determinant_based_mutual_information,3,RandomForest,combat,gse24080,meta_batch,0.050146
determinant_based_mutual_information,4,RandomForest,combat,gse24080,meta_batch,0.052128
determinant_based_mutual_information,5,RandomForest,combat,gse24080,meta_batch,0.063188
determinant_based_mutual_information,6,RandomForest,combat,gse24080,meta_batch,0.060741
determinant_based_mutual_information,7,RandomForest,combat,gse24080,meta_batch,0.050608
determinant_based_mutual_information,8,RandomForest,combat,gse24080,meta_batch,0.062479
determinant_based_mutual_information,9,RandomForest,combat,gse24080,meta_batch,0.051089
accuracy_score,0,RandomForest,combat,gse24080,meta_batch,0.649197
accuracy_score,1,RandomForest,combat,gse24080,meta_batch,0.689003
accuracy_score,2,RandomForest,combat,gse24080,meta_batch,0.669056
accuracy_score,3,RandomForest,combat,gse24080,meta_batch,0.651009
accuracy_score,4,RandomForest,combat,gse24080,meta_batch,0.67451
accuracy_score,5,RandomForest,combat,gse24080,meta_batch,0.681727
accuracy_score,6,RandomForest,combat,gse24080,meta_batch,0.66366
accuracy_score,7,RandomForest,combat,gse24080,meta_batch,0.661908
accuracy_score,8,RandomForest,combat,gse24080,meta_batch,0.669056
accuracy_score,9,RandomForest,combat,gse24080,meta_batch,0.645574
log_loss,0,RandomForest,combat,gse24080,meta_batch,0.371504
log_loss,1,RandomForest,combat,gse24080,meta_batch,0.387847
log_loss,2,RandomForest,combat,gse24080,meta_batch,0.380593
log_loss,3,RandomForest,combat,gse24080,meta_batch,0.373699
log_loss,4,RandomForest,combat,gse24080,meta_batch,0.374698
log_loss,5,RandomForest,combat,gse24080,meta_batch,0.384398
log_loss,6,RandomForest,combat,gse24080,meta_batch,0.383259
log_loss,7,RandomForest,combat,gse24080,meta_batch,0.372222
log_loss,8,RandomForest,combat,gse24080,meta_batch,0.384063
log_loss,9,RandomForest,combat,gse24080,meta_batch,0.373415
roc_auc_score,0,HistGradientBoosting,combat,gse24080,meta_batch,0.926188
roc_auc_score,1,HistGradientBoosting,combat,gse24080,meta_batch,0.915382
roc_auc_score,2,HistGradientBoosting,combat,gse24080,meta_batch,0.91927
roc_auc_score,3,HistGradientBoosting,combat,gse24080,meta_batch,0.885938
roc_auc_score,4,HistGradientBoosting,combat,gse24080,meta_batch,0.909578
roc_auc_score,5,HistGradientBoosting,combat,gse24080,meta_batch,0.900678
roc_auc_score,6,HistGradientBoosting,combat,gse24080,meta_batch,0.890175
roc_auc_score,7,HistGradientBoosting,combat,gse24080,meta_batch,0.901453
roc_auc_score,8,HistGradientBoosting,combat,gse24080,meta_batch,0.893383
roc_auc_score,9,HistGradientBoosting,combat,gse24080,meta_batch,0.885026
mutual_info_score,0,HistGradientBoosting,combat,gse24080,meta_batch,0.315352
mutual_info_score,1,HistGradientBoosting,combat,gse24080,meta_batch,0.288785
mutual_info_score,2,HistGradientBoosting,combat,gse24080,meta_batch,0.282435
mutual_info_score,3,HistGradientBoosting,combat,gse24080,meta_batch,0.268824
mutual_info_score,4,HistGradientBoosting,combat,gse24080,meta_batch,0.273629
mutual_info_score,5,HistGradientBoosting,combat,gse24080,meta_batch,0.299848
mutual_info_score,6,HistGradientBoosting,combat,gse24080,meta_batch,0.255807
mutual_info_score,7,HistGradientBoosting,combat,gse24080,meta_batch,0.257581
mutual_info_score,8,HistGradientBoosting,combat,gse24080,meta_batch,0.260588
mutual_info_score,9,HistGradientBoosting,combat,gse24080,meta_batch,0.282791
mutual_info_proba_classif,0,HistGradientBoosting,combat,gse24080,meta_batch,0.485359
mutual_info_proba_classif,1,HistGradientBoosting,combat,gse24080,meta_batch,0.440429
mutual_info_proba_classif,2,HistGradientBoosting,combat,gse24080,meta_batch,0.469881
mutual_info_proba_classif,3,HistGradientBoosting,combat,gse24080,meta_batch,0.355324
mutual_info_proba_classif,4,HistGradientBoosting,combat,gse24080,meta_batch,0.421884
mutual_info_proba_classif,5,HistGradientBoosting,combat,gse24080,meta_batch,0.382001
mutual_info_proba_classif,6,HistGradientBoosting,combat,gse24080,meta_batch,0.391957
mutual_info_proba_classif,7,HistGradientBoosting,combat,gse24080,meta_batch,0.39549
mutual_info_proba_classif,8,HistGradientBoosting,combat,gse24080,meta_batch,0.392633
mutual_info_proba_classif,9,HistGradientBoosting,combat,gse24080,meta_batch,0.39634
mutual_info_proba_sum,0,HistGradientBoosting,combat,gse24080,meta_batch,0.148265
mutual_info_proba_sum,1,HistGradientBoosting,combat,gse24080,meta_batch,0.147939
mutual_info_proba_sum,2,HistGradientBoosting,combat,gse24080,meta_batch,0.144013
mutual_info_proba_sum,3,HistGradientBoosting,combat,gse24080,meta_batch,0.119613
mutual_info_proba_sum,4,HistGradientBoosting,combat,gse24080,meta_batch,0.136569
mutual_info_proba_sum,5,HistGradientBoosting,combat,gse24080,meta_batch,0.141577
mutual_info_proba_sum,6,HistGradientBoosting,combat,gse24080,meta_batch,0.127954
mutual_info_proba_sum,7,HistGradientBoosting,combat,gse24080,meta_batch,0.130282
mutual_info_proba_sum,8,HistGradientBoosting,combat,gse24080,meta_batch,0.137054
mutual_info_proba_sum,9,HistGradientBoosting,combat,gse24080,meta_batch,0.132283
determinant_based_mutual_information,0,HistGradientBoosting,combat,gse24080,meta_batch,0.418697
determinant_based_mutual_information,1,HistGradientBoosting,combat,gse24080,meta_batch,0.416938
determinant_based_mutual_information,2,HistGradientBoosting,combat,gse24080,meta_batch,0.408239
determinant_based_mutual_information,3,HistGradientBoosting,combat,gse24080,meta_batch,0.373479
determinant_based_mutual_information,4,HistGradientBoosting,combat,gse24080,meta_batch,0.397315
determinant_based_mutual_information,5,HistGradientBoosting,combat,gse24080,meta_batch,0.407038
determinant_based_mutual_information,6,HistGradientBoosting,combat,gse24080,meta_batch,0.386417
determinant_based_mutual_information,7,HistGradientBoosting,combat,gse24080,meta_batch,0.389989
determinant_based_mutual_information,8,HistGradientBoosting,combat,gse24080,meta_batch,0.401971
determinant_based_mutual_information,9,HistGradientBoosting,combat,gse24080,meta_batch,0.396913
accuracy_score,0,HistGradientBoosting,combat,gse24080,meta_batch,0.831796
accuracy_score,1,HistGradientBoosting,combat,gse24080,meta_batch,0.821024
accuracy_score,2,HistGradientBoosting,combat,gse24080,meta_batch,0.817382
accuracy_score,3,HistGradientBoosting,combat,gse24080,meta_batch,0.810174
accuracy_score,4,HistGradientBoosting,combat,gse24080,meta_batch,0.811966
accuracy_score,5,HistGradientBoosting,combat,gse24080,meta_batch,0.822758
accuracy_score,6,HistGradientBoosting,combat,gse24080,meta_batch,0.802977
accuracy_score,7,HistGradientBoosting,combat,gse24080,meta_batch,0.80471
accuracy_score,8,HistGradientBoosting,combat,gse24080,meta_batch,0.806443
accuracy_score,9,HistGradientBoosting,combat,gse24080,meta_batch,0.819164
log_loss,0,HistGradientBoosting,combat,gse24080,meta_batch,0.635836
log_loss,1,HistGradientBoosting,combat,gse24080,meta_batch,0.622666
log_loss,2,HistGradientBoosting,combat,gse24080,meta_batch,0.622783
log_loss,3,HistGradientBoosting,combat,gse24080,meta_batch,0.574934
log_loss,4,HistGradientBoosting,combat,gse24080,meta_batch,0.602712
log_loss,5,HistGradientBoosting,combat,gse24080,meta_batch,0.601009
log_loss,6,HistGradientBoosting,combat,gse24080,meta_batch,0.589169
log_loss,7,HistGradientBoosting,combat,gse24080,meta_batch,0.59759
log_loss,8,HistGradientBoosting,combat,gse24080,meta_batch,0.598106
log_loss,9,HistGradientBoosting,combat,gse24080,meta_batch,0.588809
roc_auc_score,0,RandomForest,combat_target,gse24080,meta_batch,0.689473
roc_auc_score,1,RandomForest,combat_target,gse24080,meta_batch,0.737995
roc_auc_score,2,RandomForest,combat_target,gse24080,meta_batch,0.713024
roc_auc_score,3,RandomForest,combat_target,gse24080,meta_batch,0.73062
roc_auc_score,4,RandomForest,combat_target,gse24080,meta_batch,0.721234
roc_auc_score,5,RandomForest,combat_target,gse24080,meta_batch,0.735594
roc_auc_score,6,RandomForest,combat_target,gse24080,meta_batch,0.709421
roc_auc_score,7,RandomForest,combat_target,gse24080,meta_batch,0.709656
roc_auc_score,8,RandomForest,combat_target,gse24080,meta_batch,0.743858
roc_auc_score,9,RandomForest,combat_target,gse24080,meta_batch,0.74019
mutual_info_score,0,RandomForest,combat_target,gse24080,meta_batch,0.037874
mutual_info_score,1,RandomForest,combat_target,gse24080,meta_batch,0.068979
mutual_info_score,2,RandomForest,combat_target,gse24080,meta_batch,0.03658
mutual_info_score,3,RandomForest,combat_target,gse24080,meta_batch,0.039059
mutual_info_score,4,RandomForest,combat_target,gse24080,meta_batch,0.047052
mutual_info_score,5,RandomForest,combat_target,gse24080,meta_batch,0.06598
mutual_info_score,6,RandomForest,combat_target,gse24080,meta_batch,0.033217
mutual_info_score,7,RandomForest,combat_target,gse24080,meta_batch,0.035847
mutual_info_score,8,RandomForest,combat_target,gse24080,meta_batch,0.051769
mutual_info_score,9,RandomForest,combat_target,gse24080,meta_batch,0.048729
mutual_info_proba_classif,0,RandomForest,combat_target,gse24080,meta_batch,0.101253
mutual_info_proba_classif,1,RandomForest,combat_target,gse24080,meta_batch,0.110998
mutual_info_proba_classif,2,RandomForest,combat_target,gse24080,meta_batch,0.111706
mutual_info_proba_classif,3,RandomForest,combat_target,gse24080,meta_batch,0.076218
mutual_info_proba_classif,4,RandomForest,combat_target,gse24080,meta_batch,0.097053
mutual_info_proba_classif,5,RandomForest,combat_target,gse24080,meta_batch,0.161473
mutual_info_proba_classif,6,RandomForest,combat_target,gse24080,meta_batch,0.118112
mutual_info_proba_classif,7,RandomForest,combat_target,gse24080,meta_batch,0.109907
mutual_info_proba_classif,8,RandomForest,combat_target,gse24080,meta_batch,0.1338
mutual_info_proba_classif,9,RandomForest,combat_target,gse24080,meta_batch,0.165364
mutual_info_proba_sum,0,RandomForest,combat_target,gse24080,meta_batch,0.00218
mutual_info_proba_sum,1,RandomForest,combat_target,gse24080,meta_batch,0.002985
mutual_info_proba_sum,2,RandomForest,combat_target,gse24080,meta_batch,0.002543
mutual_info_proba_sum,3,RandomForest,combat_target,gse24080,meta_batch,0.002558
mutual_info_proba_sum,4,RandomForest,combat_target,gse24080,meta_batch,0.0024
mutual_info_proba_sum,5,RandomForest,combat_target,gse24080,meta_batch,0.00313
mutual_info_proba_sum,6,RandomForest,combat_target,gse24080,meta_batch,0.002517
mutual_info_proba_sum,7,RandomForest,combat_target,gse24080,meta_batch,0.00249
mutual_info_proba_sum,8,RandomForest,combat_target,gse24080,meta_batch,0.003341
mutual_info_proba_sum,9,RandomForest,combat_target,gse24080,meta_batch,0.003051
determinant_based_mutual_information,0,RandomForest,combat_target,gse24080,meta_batch,0.05218
determinant_based_mutual_information,1,RandomForest,combat_target,gse24080,meta_batch,0.06108
determinant_based_mutual_information,2,RandomForest,combat_target,gse24080,meta_batch,0.055864
determinant_based_mutual_information,3,RandomForest,combat_target,gse24080,meta_batch,0.056517
determinant_based_mutual_information,4,RandomForest,combat_target,gse24080,meta_batch,0.054541
determinant_based_mutual_information,5,RandomForest,combat_target,gse24080,meta_batch,0.062156
determinant_based_mutual_information,6,RandomForest,combat_target,gse24080,meta_batch,0.056287
determinant_based_mutual_information,7,RandomForest,combat_target,gse24080,meta_batch,0.055539
determinant_based_mutual_information,8,RandomForest,combat_target,gse24080,meta_batch,0.064255
determinant_based_mutual_information,9,RandomForest,combat_target,gse24080,meta_batch,0.061717
accuracy_score,0,RandomForest,combat_target,gse24080,meta_batch,0.658245
accuracy_score,1,RandomForest,combat_target,gse24080,meta_batch,0.679975
accuracy_score,2,RandomForest,combat_target,gse24080,meta_batch,0.654602
accuracy_score,3,RandomForest,combat_target,gse24080,meta_batch,0.656424
accuracy_score,4,RandomForest,combat_target,gse24080,meta_batch,0.656414
accuracy_score,5,RandomForest,combat_target,gse24080,meta_batch,0.672669
accuracy_score,6,RandomForest,combat_target,gse24080,meta_batch,0.652781
accuracy_score,7,RandomForest,combat_target,gse24080,meta_batch,0.649256
accuracy_score,8,RandomForest,combat_target,gse24080,meta_batch,0.667254
accuracy_score,9,RandomForest,combat_target,gse24080,meta_batch,0.665472
log_loss,0,RandomForest,combat_target,gse24080,meta_batch,0.373146
log_loss,1,RandomForest,combat_target,gse24080,meta_batch,0.382847
log_loss,2,RandomForest,combat_target,gse24080,meta_batch,0.379003
log_loss,3,RandomForest,combat_target,gse24080,meta_batch,0.380873
log_loss,4,RandomForest,combat_target,gse24080,meta_batch,0.378168
log_loss,5,RandomForest,combat_target,gse24080,meta_batch,0.384302
log_loss,6,RandomForest,combat_target,gse24080,meta_batch,0.3784
log_loss,7,RandomForest,combat_target,gse24080,meta_batch,0.37726
log_loss,8,RandomForest,combat_target,gse24080,meta_batch,0.386836
log_loss,9,RandomForest,combat_target,gse24080,meta_batch,0.384491
roc_auc_score,0,HistGradientBoosting,combat_target,gse24080,meta_batch,0.918099
roc_auc_score,1,HistGradientBoosting,combat_target,gse24080,meta_batch,0.909762
roc_auc_score,2,HistGradientBoosting,combat_target,gse24080,meta_batch,0.896963
roc_auc_score,3,HistGradientBoosting,combat_target,gse24080,meta_batch,0.892991
roc_auc_score,4,HistGradientBoosting,combat_target,gse24080,meta_batch,0.906297
roc_auc_score,5,HistGradientBoosting,combat_target,gse24080,meta_batch,0.901852
roc_auc_score,6,HistGradientBoosting,combat_target,gse24080,meta_batch,0.890509
roc_auc_score,7,HistGradientBoosting,combat_target,gse24080,meta_batch,0.891699
roc_auc_score,8,HistGradientBoosting,combat_target,gse24080,meta_batch,0.888731
roc_auc_score,9,HistGradientBoosting,combat_target,gse24080,meta_batch,0.895337
mutual_info_score,0,HistGradientBoosting,combat_target,gse24080,meta_batch,0.339489
mutual_info_score,1,HistGradientBoosting,combat_target,gse24080,meta_batch,0.288404
mutual_info_score,2,HistGradientBoosting,combat_target,gse24080,meta_batch,0.240035
mutual_info_score,3,HistGradientBoosting,combat_target,gse24080,meta_batch,0.245101
mutual_info_score,4,HistGradientBoosting,combat_target,gse24080,meta_batch,0.301921
mutual_info_score,5,HistGradientBoosting,combat_target,gse24080,meta_batch,0.262849
mutual_info_score,6,HistGradientBoosting,combat_target,gse24080,meta_batch,0.251456
mutual_info_score,7,HistGradientBoosting,combat_target,gse24080,meta_batch,0.309934
mutual_info_score,8,HistGradientBoosting,combat_target,gse24080,meta_batch,0.233651
mutual_info_score,9,HistGradientBoosting,combat_target,gse24080,meta_batch,0.285694
mutual_info_proba_classif,0,HistGradientBoosting,combat_target,gse24080,meta_batch,0.439175
mutual_info_proba_classif,1,HistGradientBoosting,combat_target,gse24080,meta_batch,0.45508
mutual_info_proba_classif,2,HistGradientBoosting,combat_target,gse24080,meta_batch,0.404128
mutual_info_proba_classif,3,HistGradientBoosting,combat_target,gse24080,meta_batch,0.367549
mutual_info_proba_classif,4,HistGradientBoosting,combat_target,gse24080,meta_batch,0.406313
mutual_info_proba_classif,5,HistGradientBoosting,combat_target,gse24080,meta_batch,0.399837
mutual_info_proba_classif,6,HistGradientBoosting,combat_target,gse24080,meta_batch,0.415881
mutual_info_proba_classif,7,HistGradientBoosting,combat_target,gse24080,meta_batch,0.42572
mutual_info_proba_classif,8,HistGradientBoosting,combat_target,gse24080,meta_batch,0.402536
mutual_info_proba_classif,9,HistGradientBoosting,combat_target,gse24080,meta_batch,0.386161
mutual_info_proba_sum,0,HistGradientBoosting,combat_target,gse24080,meta_batch,0.143445
mutual_info_proba_sum,1,HistGradientBoosting,combat_target,gse24080,meta_batch,0.136786
mutual_info_proba_sum,2,HistGradientBoosting,combat_target,gse24080,meta_batch,0.130065
mutual_info_proba_sum,3,HistGradientBoosting,combat_target,gse24080,meta_batch,0.113748
mutual_info_proba_sum,4,HistGradientBoosting,combat_target,gse24080,meta_batch,0.130914
mutual_info_proba_sum,5,HistGradientBoosting,combat_target,gse24080,meta_batch,0.137526
mutual_info_proba_sum,6,HistGradientBoosting,combat_target,gse24080,meta_batch,0.120253
mutual_info_proba_sum,7,HistGradientBoosting,combat_target,gse24080,meta_batch,0.125232
mutual_info_proba_sum,8,HistGradientBoosting,combat_target,gse24080,meta_batch,0.11785
mutual_info_proba_sum,9,HistGradientBoosting,combat_target,gse24080,meta_batch,0.135298
determinant_based_mutual_information,0,HistGradientBoosting,combat_target,gse24080,meta_batch,0.41262
determinant_based_mutual_information,1,HistGradientBoosting,combat_target,gse24080,meta_batch,0.39999
determinant_based_mutual_information,2,HistGradientBoosting,combat_target,gse24080,meta_batch,0.387735
determinant_based_mutual_information,3,HistGradientBoosting,combat_target,gse24080,meta_batch,0.363616
determinant_based_mutual_information,4,HistGradientBoosting,combat_target,gse24080,meta_batch,0.39255
determinant_based_mutual_information,5,HistGradientBoosting,combat_target,gse24080,meta_batch,0.402971
determinant_based_mutual_information,6,HistGradientBoosting,combat_target,gse24080,meta_batch,0.376404
determinant_based_mutual_information,7,HistGradientBoosting,combat_target,gse24080,meta_batch,0.383417
determinant_based_mutual_information,8,HistGradientBoosting,combat_target,gse24080,meta_batch,0.37069
determinant_based_mutual_information,9,HistGradientBoosting,combat_target,gse24080,meta_batch,0.400316
accuracy_score,0,HistGradientBoosting,combat_target,gse24080,meta_batch,0.839091
accuracy_score,1,HistGradientBoosting,combat_target,gse24080,meta_batch,0.821014
accuracy_score,2,HistGradientBoosting,combat_target,gse24080,meta_batch,0.797513
accuracy_score,3,HistGradientBoosting,combat_target,gse24080,meta_batch,0.797493
accuracy_score,4,HistGradientBoosting,combat_target,gse24080,meta_batch,0.82642
accuracy_score,5,HistGradientBoosting,combat_target,gse24080,meta_batch,0.808333
accuracy_score,6,HistGradientBoosting,combat_target,gse24080,meta_batch,0.8047
accuracy_score,7,HistGradientBoosting,combat_target,gse24080,meta_batch,0.826332
accuracy_score,8,HistGradientBoosting,combat_target,gse24080,meta_batch,0.793811
accuracy_score,9,HistGradientBoosting,combat_target,gse24080,meta_batch,0.819213
log_loss,0,HistGradientBoosting,combat_target,gse24080,meta_batch,0.626718
log_loss,1,HistGradientBoosting,combat_target,gse24080,meta_batch,0.611049
log_loss,2,HistGradientBoosting,combat_target,gse24080,meta_batch,0.597243
log_loss,3,HistGradientBoosting,combat_target,gse24080,meta_batch,0.579175
log_loss,4,HistGradientBoosting,combat_target,gse24080,meta_batch,0.605701
log_loss,5,HistGradientBoosting,combat_target,gse24080,meta_batch,0.599411
log_loss,6,HistGradientBoosting,combat_target,gse24080,meta_batch,0.58406
log_loss,7,HistGradientBoosting,combat_target,gse24080,meta_batch,0.587929
log_loss,8,HistGradientBoosting,combat_target,gse24080,meta_batch,0.580718
log_loss,9,HistGradientBoosting,combat_target,gse24080,meta_batch,0.59307
roc_auc_score,0,RandomForest,limma,gse24080,meta_batch,0.968715
roc_auc_score,1,RandomForest,limma,gse24080,meta_batch,0.972825
roc_auc_score,2,RandomForest,limma,gse24080,meta_batch,0.969353
roc_auc_score,3,RandomForest,limma,gse24080,meta_batch,0.973383
roc_auc_score,4,RandomForest,limma,gse24080,meta_batch,0.977316
roc_auc_score,5,RandomForest,limma,gse24080,meta_batch,0.980265
roc_auc_score,6,RandomForest,limma,gse24080,meta_batch,0.977902
roc_auc_score,7,RandomForest,limma,gse24080,meta_batch,0.967498
roc_auc_score,8,RandomForest,limma,gse24080,meta_batch,0.972479
roc_auc_score,9,RandomForest,limma,gse24080,meta_batch,0.974862
mutual_info_score,0,RandomForest,limma,gse24080,meta_batch,0.422633
mutual_info_score,1,RandomForest,limma,gse24080,meta_batch,0.483286
mutual_info_score,2,RandomForest,limma,gse24080,meta_batch,0.433278
mutual_info_score,3,RandomForest,limma,gse24080,meta_batch,0.506879
mutual_info_score,4,RandomForest,limma,gse24080,meta_batch,0.486136
mutual_info_score,5,RandomForest,limma,gse24080,meta_batch,0.531766
mutual_info_score,6,RandomForest,limma,gse24080,meta_batch,0.463662
mutual_info_score,7,RandomForest,limma,gse24080,meta_batch,0.45315
mutual_info_score,8,RandomForest,limma,gse24080,meta_batch,0.47868
mutual_info_score,9,RandomForest,limma,gse24080,meta_batch,0.48034
mutual_info_proba_classif,0,RandomForest,limma,gse24080,meta_batch,0.674611
mutual_info_proba_classif,1,RandomForest,limma,gse24080,meta_batch,0.683743
mutual_info_proba_classif,2,RandomForest,limma,gse24080,meta_batch,0.644463
mutual_info_proba_classif,3,RandomForest,limma,gse24080,meta_batch,0.680295
mutual_info_proba_classif,4,RandomForest,limma,gse24080,meta_batch,0.67776
mutual_info_proba_classif,5,RandomForest,limma,gse24080,meta_batch,0.732275
mutual_info_proba_classif,6,RandomForest,limma,gse24080,meta_batch,0.695862
mutual_info_proba_classif,7,RandomForest,limma,gse24080,meta_batch,0.657652
mutual_info_proba_classif,8,RandomForest,limma,gse24080,meta_batch,0.662332
mutual_info_proba_classif,9,RandomForest,limma,gse24080,meta_batch,0.683338
mutual_info_proba_sum,0,RandomForest,limma,gse24080,meta_batch,0.059875
mutual_info_proba_sum,1,RandomForest,limma,gse24080,meta_batch,0.064857
mutual_info_proba_sum,2,RandomForest,limma,gse24080,meta_batch,0.059571
mutual_info_proba_sum,3,RandomForest,limma,gse24080,meta_batch,0.063203
mutual_info_proba_sum,4,RandomForest,limma,gse24080,meta_batch,0.067259
mutual_info_proba_sum,5,RandomForest,limma,gse24080,meta_batch,0.064942
mutual_info_proba_sum,6,RandomForest,limma,gse24080,meta_batch,0.067935
mutual_info_proba_sum,7,RandomForest,limma,gse24080,meta_batch,0.064683
mutual_info_proba_sum,8,RandomForest,limma,gse24080,meta_batch,0.066591
mutual_info_proba_sum,9,RandomForest,limma,gse24080,meta_batch,0.064814
determinant_based_mutual_information,0,RandomForest,limma,gse24080,meta_batch,0.274625
determinant_based_mutual_information,1,RandomForest,limma,gse24080,meta_batch,0.286188
determinant_based_mutual_information,2,RandomForest,limma,gse24080,meta_batch,0.273658
determinant_based_mutual_information,3,RandomForest,limma,gse24080,meta_batch,0.281608
determinant_based_mutual_information,4,RandomForest,limma,gse24080,meta_batch,0.290086
determinant_based_mutual_information,5,RandomForest,limma,gse24080,meta_batch,0.285769
determinant_based_mutual_information,6,RandomForest,limma,gse24080,meta_batch,0.292012
determinant_based_mutual_information,7,RandomForest,limma,gse24080,meta_batch,0.285051
determinant_based_mutual_information,8,RandomForest,limma,gse24080,meta_batch,0.289649
determinant_based_mutual_information,9,RandomForest,limma,gse24080,meta_batch,0.285967
accuracy_score,0,RandomForest,limma,gse24080,meta_batch,0.867989
accuracy_score,1,RandomForest,limma,gse24080,meta_batch,0.891549
accuracy_score,2,RandomForest,limma,gse24080,meta_batch,0.871622
accuracy_score,3,RandomForest,limma,gse24080,meta_batch,0.895143
accuracy_score,4,RandomForest,limma,gse24080,meta_batch,0.889708
accuracy_score,5,RandomForest,limma,gse24080,meta_batch,0.902331
accuracy_score,6,RandomForest,limma,gse24080,meta_batch,0.882481
accuracy_score,7,RandomForest,limma,gse24080,meta_batch,0.877056
accuracy_score,8,RandomForest,limma,gse24080,meta_batch,0.889659
accuracy_score,9,RandomForest,limma,gse24080,meta_batch,0.886105
log_loss,0,RandomForest,limma,gse24080,meta_batch,0.565324
log_loss,1,RandomForest,limma,gse24080,meta_batch,0.574017
log_loss,2,RandomForest,limma,gse24080,meta_batch,0.565559
log_loss,3,RandomForest,limma,gse24080,meta_batch,0.572519
log_loss,4,RandomForest,limma,gse24080,meta_batch,0.578512
log_loss,5,RandomForest,limma,gse24080,meta_batch,0.576476
log_loss,6,RandomForest,limma,gse24080,meta_batch,0.580467
log_loss,7,RandomForest,limma,gse24080,meta_batch,0.572836
log_loss,8,RandomForest,limma,gse24080,meta_batch,0.576978
log_loss,9,RandomForest,limma,gse24080,meta_batch,0.57455
roc_auc_score,0,HistGradientBoosting,limma,gse24080,meta_batch,0.986468
roc_auc_score,1,HistGradientBoosting,limma,gse24080,meta_batch,0.991252
roc_auc_score,2,HistGradientBoosting,limma,gse24080,meta_batch,0.992923
roc_auc_score,3,HistGradientBoosting,limma,gse24080,meta_batch,0.990434
roc_auc_score,4,HistGradientBoosting,limma,gse24080,meta_batch,0.991227
roc_auc_score,5,HistGradientBoosting,limma,gse24080,meta_batch,0.992497
roc_auc_score,6,HistGradientBoosting,limma,gse24080,meta_batch,0.988902
roc_auc_score,7,HistGradientBoosting,limma,gse24080,meta_batch,0.987358
roc_auc_score,8,HistGradientBoosting,limma,gse24080,meta_batch,0.992336
roc_auc_score,9,HistGradientBoosting,limma,gse24080,meta_batch,0.993921
mutual_info_score,0,HistGradientBoosting,limma,gse24080,meta_batch,0.683127
mutual_info_score,1,HistGradientBoosting,limma,gse24080,meta_batch,0.673516
mutual_info_score,2,HistGradientBoosting,limma,gse24080,meta_batch,0.734937
mutual_info_score,3,HistGradientBoosting,limma,gse24080,meta_batch,0.690772
mutual_info_score,4,HistGradientBoosting,limma,gse24080,meta_batch,0.672819
mutual_info_score,5,HistGradientBoosting,limma,gse24080,meta_batch,0.696556
mutual_info_score,6,HistGradientBoosting,limma,gse24080,meta_batch,0.687081
mutual_info_score,7,HistGradientBoosting,limma,gse24080,meta_batch,0.661828
mutual_info_score,8,HistGradientBoosting,limma,gse24080,meta_batch,0.712012
mutual_info_score,9,HistGradientBoosting,limma,gse24080,meta_batch,0.689364
mutual_info_proba_classif,0,HistGradientBoosting,limma,gse24080,meta_batch,0.751813
mutual_info_proba_classif,1,HistGradientBoosting,limma,gse24080,meta_batch,0.797587
mutual_info_proba_classif,2,HistGradientBoosting,limma,gse24080,meta_batch,0.804036
mutual_info_proba_classif,3,HistGradientBoosting,limma,gse24080,meta_batch,0.750666
mutual_info_proba_classif,4,HistGradientBoosting,limma,gse24080,meta_batch,0.795788
mutual_info_proba_classif,5,HistGradientBoosting,limma,gse24080,meta_batch,0.770957
mutual_info_proba_classif,6,HistGradientBoosting,limma,gse24080,meta_batch,0.771764
mutual_info_proba_classif,7,HistGradientBoosting,limma,gse24080,meta_batch,0.745294
mutual_info_proba_classif,8,HistGradientBoosting,limma,gse24080,meta_batch,0.794912
mutual_info_proba_classif,9,HistGradientBoosting,limma,gse24080,meta_batch,0.80681
mutual_info_proba_sum,0,HistGradientBoosting,limma,gse24080,meta_batch,0.515445
mutual_info_proba_sum,1,HistGradientBoosting,limma,gse24080,meta_batch,0.544079
mutual_info_proba_sum,2,HistGradientBoosting,limma,gse24080,meta_batch,0.541214
mutual_info_proba_sum,3,HistGradientBoosting,limma,gse24080,meta_batch,0.531831
mutual_info_proba_sum,4,HistGradientBoosting,limma,gse24080,meta_batch,0.535564
mutual_info_proba_sum,5,HistGradientBoosting,limma,gse24080,meta_batch,0.538064
mutual_info_proba_sum,6,HistGradientBoosting,limma,gse24080,meta_batch,0.518907
mutual_info_proba_sum,7,HistGradientBoosting,limma,gse24080,meta_batch,0.510794
mutual_info_proba_sum,8,HistGradientBoosting,limma,gse24080,meta_batch,0.547661
mutual_info_proba_sum,9,HistGradientBoosting,limma,gse24080,meta_batch,0.526801
determinant_based_mutual_information,0,HistGradientBoosting,limma,gse24080,meta_batch,0.750286
determinant_based_mutual_information,1,HistGradientBoosting,limma,gse24080,meta_batch,0.770407
determinant_based_mutual_information,2,HistGradientBoosting,limma,gse24080,meta_batch,0.766109
determinant_based_mutual_information,3,HistGradientBoosting,limma,gse24080,meta_batch,0.759932
determinant_based_mutual_information,4,HistGradientBoosting,limma,gse24080,meta_batch,0.76011
determinant_based_mutual_information,5,HistGradientBoosting,limma,gse24080,meta_batch,0.763745
determinant_based_mutual_information,6,HistGradientBoosting,limma,gse24080,meta_batch,0.755318
determinant_based_mutual_information,7,HistGradientBoosting,limma,gse24080,meta_batch,0.745417
determinant_based_mutual_information,8,HistGradientBoosting,limma,gse24080,meta_batch,0.770799
determinant_based_mutual_information,9,HistGradientBoosting,limma,gse24080,meta_batch,0.756946
accuracy_score,0,HistGradientBoosting,limma,gse24080,meta_batch,0.949373
accuracy_score,1,HistGradientBoosting,limma,gse24080,meta_batch,0.947523
accuracy_score,2,HistGradientBoosting,limma,gse24080,meta_batch,0.962005
accuracy_score,3,HistGradientBoosting,limma,gse24080,meta_batch,0.951214
accuracy_score,4,HistGradientBoosting,limma,gse24080,meta_batch,0.947562
accuracy_score,5,HistGradientBoosting,limma,gse24080,meta_batch,0.952967
accuracy_score,6,HistGradientBoosting,limma,gse24080,meta_batch,0.951165
accuracy_score,7,HistGradientBoosting,limma,gse24080,meta_batch,0.943909
accuracy_score,8,HistGradientBoosting,limma,gse24080,meta_batch,0.95659
accuracy_score,9,HistGradientBoosting,limma,gse24080,meta_batch,0.951146
log_loss,0,HistGradientBoosting,limma,gse24080,meta_batch,0.850968
log_loss,1,HistGradientBoosting,limma,gse24080,meta_batch,0.87305
log_loss,2,HistGradientBoosting,limma,gse24080,meta_batch,0.876296
log_loss,3,HistGradientBoosting,limma,gse24080,meta_batch,0.860523
log_loss,4,HistGradientBoosting,limma,gse24080,meta_batch,0.862619
log_loss,5,HistGradientBoosting,limma,gse24080,meta_batch,0.869675
log_loss,6,HistGradientBoosting,limma,gse24080,meta_batch,0.857132
log_loss,7,HistGradientBoosting,limma,gse24080,meta_batch,0.844592
log_loss,8,HistGradientBoosting,limma,gse24080,meta_batch,0.875514
log_loss,9,HistGradientBoosting,limma,gse24080,meta_batch,0.871235
roc_auc_score,0,RandomForest,limma_target,gse24080,meta_batch,0.972566
roc_auc_score,1,RandomForest,limma_target,gse24080,meta_batch,0.975041
roc_auc_score,2,RandomForest,limma_target,gse24080,meta_batch,0.981682
roc_auc_score,3,RandomForest,limma_target,gse24080,meta_batch,0.982617
roc_auc_score,4,RandomForest,limma_target,gse24080,meta_batch,0.983452
roc_auc_score,5,RandomForest,limma_target,gse24080,meta_batch,0.982747
roc_auc_score,6,RandomForest,limma_target,gse24080,meta_batch,0.982051
roc_auc_score,7,RandomForest,limma_target,gse24080,meta_batch,0.968299
roc_auc_score,8,RandomForest,limma_target,gse24080,meta_batch,0.974044
roc_auc_score,9,RandomForest,limma_target,gse24080,meta_batch,0.979558
mutual_info_score,0,RandomForest,limma_target,gse24080,meta_batch,0.411674
mutual_info_score,1,RandomForest,limma_target,gse24080,meta_batch,0.464113
mutual_info_score,2,RandomForest,limma_target,gse24080,meta_batch,0.508256
mutual_info_score,3,RandomForest,limma_target,gse24080,meta_batch,0.518423
mutual_info_score,4,RandomForest,limma_target,gse24080,meta_batch,0.508523
mutual_info_score,5,RandomForest,limma_target,gse24080,meta_batch,0.502847
mutual_info_score,6,RandomForest,limma_target,gse24080,meta_batch,0.519465
mutual_info_score,7,RandomForest,limma_target,gse24080,meta_batch,0.448211
mutual_info_score,8,RandomForest,limma_target,gse24080,meta_batch,0.462303
mutual_info_score,9,RandomForest,limma_target,gse24080,meta_batch,0.470636
mutual_info_proba_classif,0,RandomForest,limma_target,gse24080,meta_batch,0.685462
mutual_info_proba_classif,1,RandomForest,limma_target,gse24080,meta_batch,0.68753
mutual_info_proba_classif,2,RandomForest,limma_target,gse24080,meta_batch,0.717819
mutual_info_proba_classif,3,RandomForest,limma_target,gse24080,meta_batch,0.738336
mutual_info_proba_classif,4,RandomForest,limma_target,gse24080,meta_batch,0.733098
mutual_info_proba_classif,5,RandomForest,limma_target,gse24080,meta_batch,0.734478
mutual_info_proba_classif,6,RandomForest,limma_target,gse24080,meta_batch,0.731245
mutual_info_proba_classif,7,RandomForest,limma_target,gse24080,meta_batch,0.659566
mutual_info_proba_classif,8,RandomForest,limma_target,gse24080,meta_batch,0.65979
mutual_info_proba_classif,9,RandomForest,limma_target,gse24080,meta_batch,0.687716
mutual_info_proba_sum,0,RandomForest,limma_target,gse24080,meta_batch,0.058747
mutual_info_proba_sum,1,RandomForest,limma_target,gse24080,meta_batch,0.065994
mutual_info_proba_sum,2,RandomForest,limma_target,gse24080,meta_batch,0.061645
mutual_info_proba_sum,3,RandomForest,limma_target,gse24080,meta_batch,0.063041
mutual_info_proba_sum,4,RandomForest,limma_target,gse24080,meta_batch,0.070673
mutual_info_proba_sum,5,RandomForest,limma_target,gse24080,meta_batch,0.066149
mutual_info_proba_sum,6,RandomForest,limma_target,gse24080,meta_batch,0.069
mutual_info_proba_sum,7,RandomForest,limma_target,gse24080,meta_batch,0.059732
mutual_info_proba_sum,8,RandomForest,limma_target,gse24080,meta_batch,0.068816
mutual_info_proba_sum,9,RandomForest,limma_target,gse24080,meta_batch,0.066552
determinant_based_mutual_information,0,RandomForest,limma_target,gse24080,meta_batch,0.272052
determinant_based_mutual_information,1,RandomForest,limma_target,gse24080,meta_batch,0.288618
determinant_based_mutual_information,2,RandomForest,limma_target,gse24080,meta_batch,0.278617
determinant_based_mutual_information,3,RandomForest,limma_target,gse24080,meta_batch,0.281664
determinant_based_mutual_information,4,RandomForest,limma_target,gse24080,meta_batch,0.297172
determinant_based_mutual_information,5,RandomForest,limma_target,gse24080,meta_batch,0.288208
determinant_based_mutual_information,6,RandomForest,limma_target,gse24080,meta_batch,0.294444
determinant_based_mutual_information,7,RandomForest,limma_target,gse24080,meta_batch,0.273591
determinant_based_mutual_information,8,RandomForest,limma_target,gse24080,meta_batch,0.294077
determinant_based_mutual_information,9,RandomForest,limma_target,gse24080,meta_batch,0.289333
accuracy_score,0,RandomForest,limma_target,gse24080,meta_batch,0.862613
accuracy_score,1,RandomForest,limma_target,gse24080,meta_batch,0.886085
accuracy_score,2,RandomForest,limma_target,gse24080,meta_batch,0.889738
accuracy_score,3,RandomForest,limma_target,gse24080,meta_batch,0.898747
accuracy_score,4,RandomForest,limma_target,gse24080,meta_batch,0.893341
accuracy_score,5,RandomForest,limma_target,gse24080,meta_batch,0.887808
accuracy_score,6,RandomForest,limma_target,gse24080,meta_batch,0.900607
accuracy_score,7,RandomForest,limma_target,gse24080,meta_batch,0.875245
accuracy_score,8,RandomForest,limma_target,gse24080,meta_batch,0.886065
accuracy_score,9,RandomForest,limma_target,gse24080,meta_batch,0.882481
log_loss,0,RandomForest,limma_target,gse24080,meta_batch,0.564384
log_loss,1,RandomForest,limma_target,gse24080,meta_batch,0.576367
log_loss,2,RandomForest,limma_target,gse24080,meta_batch,0.571341
log_loss,3,RandomForest,limma_target,gse24080,meta_batch,0.574064
log_loss,4,RandomForest,limma_target,gse24080,meta_batch,0.584939
log_loss,5,RandomForest,limma_target,gse24080,meta_batch,0.578549
log_loss,6,RandomForest,limma_target,gse24080,meta_batch,0.583082
log_loss,7,RandomForest,limma_target,gse24080,meta_batch,0.565879
log_loss,8,RandomForest,limma_target,gse24080,meta_batch,0.581019
log_loss,9,RandomForest,limma_target,gse24080,meta_batch,0.57875
roc_auc_score,0,HistGradientBoosting,limma_target,gse24080,meta_batch,0.990037
roc_auc_score,1,HistGradientBoosting,limma_target,gse24080,meta_batch,0.991843
roc_auc_score,2,HistGradientBoosting,limma_target,gse24080,meta_batch,0.987231
roc_auc_score,3,HistGradientBoosting,limma_target,gse24080,meta_batch,0.989299
roc_auc_score,4,HistGradientBoosting,limma_target,gse24080,meta_batch,0.990847
roc_auc_score,5,HistGradientBoosting,limma_target,gse24080,meta_batch,0.992702
roc_auc_score,6,HistGradientBoosting,limma_target,gse24080,meta_batch,0.989194
roc_auc_score,7,HistGradientBoosting,limma_target,gse24080,meta_batch,0.98484
roc_auc_score,8,HistGradientBoosting,limma_target,gse24080,meta_batch,0.992493
roc_auc_score,9,HistGradientBoosting,limma_target,gse24080,meta_batch,0.994831
mutual_info_score,0,HistGradientBoosting,limma_target,gse24080,meta_batch,0.697853
mutual_info_score,1,HistGradientBoosting,limma_target,gse24080,meta_batch,0.711005
mutual_info_score,2,HistGradientBoosting,limma_target,gse24080,meta_batch,0.684518
mutual_info_score,3,HistGradientBoosting,limma_target,gse24080,meta_batch,0.737038
mutual_info_score,4,HistGradientBoosting,limma_target,gse24080,meta_batch,0.728729
mutual_info_score,5,HistGradientBoosting,limma_target,gse24080,meta_batch,0.721264
mutual_info_score,6,HistGradientBoosting,limma_target,gse24080,meta_batch,0.695127
mutual_info_score,7,HistGradientBoosting,limma_target,gse24080,meta_batch,0.669182
mutual_info_score,8,HistGradientBoosting,limma_target,gse24080,meta_batch,0.710345
mutual_info_score,9,HistGradientBoosting,limma_target,gse24080,meta_batch,0.686803
mutual_info_proba_classif,0,HistGradientBoosting,limma_target,gse24080,meta_batch,0.795679
mutual_info_proba_classif,1,HistGradientBoosting,limma_target,gse24080,meta_batch,0.79284
mutual_info_proba_classif,2,HistGradientBoosting,limma_target,gse24080,meta_batch,0.752802
mutual_info_proba_classif,3,HistGradientBoosting,limma_target,gse24080,meta_batch,0.777844
mutual_info_proba_classif,4,HistGradientBoosting,limma_target,gse24080,meta_batch,0.819821
mutual_info_proba_classif,5,HistGradientBoosting,limma_target,gse24080,meta_batch,0.811989
mutual_info_proba_classif,6,HistGradientBoosting,limma_target,gse24080,meta_batch,0.78315
mutual_info_proba_classif,7,HistGradientBoosting,limma_target,gse24080,meta_batch,0.743998
mutual_info_proba_classif,8,HistGradientBoosting,limma_target,gse24080,meta_batch,0.806593
mutual_info_proba_classif,9,HistGradientBoosting,limma_target,gse24080,meta_batch,0.815994
mutual_info_proba_sum,0,HistGradientBoosting,limma_target,gse24080,meta_batch,0.531732
mutual_info_proba_sum,1,HistGradientBoosting,limma_target,gse24080,meta_batch,0.551947
mutual_info_proba_sum,2,HistGradientBoosting,limma_target,gse24080,meta_batch,0.528167
mutual_info_proba_sum,3,HistGradientBoosting,limma_target,gse24080,meta_batch,0.536102
mutual_info_proba_sum,4,HistGradientBoosting,limma_target,gse24080,meta_batch,0.537986
mutual_info_proba_sum,5,HistGradientBoosting,limma_target,gse24080,meta_batch,0.566711
mutual_info_proba_sum,6,HistGradientBoosting,limma_target,gse24080,meta_batch,0.530323
mutual_info_proba_sum,7,HistGradientBoosting,limma_target,gse24080,meta_batch,0.514582
mutual_info_proba_sum,8,HistGradientBoosting,limma_target,gse24080,meta_batch,0.54747
mutual_info_proba_sum,9,HistGradientBoosting,limma_target,gse24080,meta_batch,0.535453
determinant_based_mutual_information,0,HistGradientBoosting,limma_target,gse24080,meta_batch,0.75961
determinant_based_mutual_information,1,HistGradientBoosting,limma_target,gse24080,meta_batch,0.775172
determinant_based_mutual_information,2,HistGradientBoosting,limma_target,gse24080,meta_batch,0.758719
determinant_based_mutual_information,3,HistGradientBoosting,limma_target,gse24080,meta_batch,0.761596
determinant_based_mutual_information,4,HistGradientBoosting,limma_target,gse24080,meta_batch,0.760169
determinant_based_mutual_information,5,HistGradientBoosting,limma_target,gse24080,meta_batch,0.779635
determinant_based_mutual_information,6,HistGradientBoosting,limma_target,gse24080,meta_batch,0.760879
determinant_based_mutual_information,7,HistGradientBoosting,limma_target,gse24080,meta_batch,0.749768
determinant_based_mutual_information,8,HistGradientBoosting,limma_target,gse24080,meta_batch,0.769391
determinant_based_mutual_information,9,HistGradientBoosting,limma_target,gse24080,meta_batch,0.760819
accuracy_score,0,HistGradientBoosting,limma_target,gse24080,meta_batch,0.953016
accuracy_score,1,HistGradientBoosting,limma_target,gse24080,meta_batch,0.95658
accuracy_score,2,HistGradientBoosting,limma_target,gse24080,meta_batch,0.951165
accuracy_score,3,HistGradientBoosting,limma_target,gse24080,meta_batch,0.962035
accuracy_score,4,HistGradientBoosting,limma_target,gse24080,meta_batch,0.95658
accuracy_score,5,HistGradientBoosting,limma_target,gse24080,meta_batch,0.956571
accuracy_score,6,HistGradientBoosting,limma_target,gse24080,meta_batch,0.951175
accuracy_score,7,HistGradientBoosting,limma_target,gse24080,meta_batch,0.94574
accuracy_score,8,HistGradientBoosting,limma_target,gse24080,meta_batch,0.954759
accuracy_score,9,HistGradientBoosting,limma_target,gse24080,meta_batch,0.949373
log_loss,0,HistGradientBoosting,limma_target,gse24080,meta_batch,0.865384
log_loss,1,HistGradientBoosting,limma_target,gse24080,meta_batch,0.874957
log_loss,2,HistGradientBoosting,limma_target,gse24080,meta_batch,0.85777
log_loss,3,HistGradientBoosting,limma_target,gse24080,meta_batch,0.86462
log_loss,4,HistGradientBoosting,limma_target,gse24080,meta_batch,0.864973
log_loss,5,HistGradientBoosting,limma_target,gse24080,meta_batch,0.881579
log_loss,6,HistGradientBoosting,limma_target,gse24080,meta_batch,0.860126
log_loss,7,HistGradientBoosting,limma_target,gse24080,meta_batch,0.843834
log_loss,8,HistGradientBoosting,limma_target,gse24080,meta_batch,0.873991
log_loss,9,HistGradientBoosting,limma_target,gse24080,meta_batch,0.877622
roc_auc_score,0,RandomForest,unadjusted,gse24080,meta_batch,0.974297
roc_auc_score,1,RandomForest,unadjusted,gse24080,meta_batch,0.971418
roc_auc_score,2,RandomForest,unadjusted,gse24080,meta_batch,0.97711
roc_auc_score,3,RandomForest,unadjusted,gse24080,meta_batch,0.974597
roc_auc_score,4,RandomForest,unadjusted,gse24080,meta_batch,0.974951
roc_auc_score,5,RandomForest,unadjusted,gse24080,meta_batch,0.975929
roc_auc_score,6,RandomForest,unadjusted,gse24080,meta_batch,0.976561
roc_auc_score,7,RandomForest,unadjusted,gse24080,meta_batch,0.974514
roc_auc_score,8,RandomForest,unadjusted,gse24080,meta_batch,0.972083
roc_auc_score,9,RandomForest,unadjusted,gse24080,meta_batch,0.975921
mutual_info_score,0,RandomForest,unadjusted,gse24080,meta_batch,0.548669
mutual_info_score,1,RandomForest,unadjusted,gse24080,meta_batch,0.538367
mutual_info_score,2,RandomForest,unadjusted,gse24080,meta_batch,0.562085
mutual_info_score,3,RandomForest,unadjusted,gse24080,meta_batch,0.555879
mutual_info_score,4,RandomForest,unadjusted,gse24080,meta_batch,0.55082
mutual_info_score,5,RandomForest,unadjusted,gse24080,meta_batch,0.52281
mutual_info_score,6,RandomForest,unadjusted,gse24080,meta_batch,0.543379
mutual_info_score,7,RandomForest,unadjusted,gse24080,meta_batch,0.563156
mutual_info_score,8,RandomForest,unadjusted,gse24080,meta_batch,0.51926
mutual_info_score,9,RandomForest,unadjusted,gse24080,meta_batch,0.559582
mutual_info_proba_classif,0,RandomForest,unadjusted,gse24080,meta_batch,0.663776
mutual_info_proba_classif,1,RandomForest,unadjusted,gse24080,meta_batch,0.665183
mutual_info_proba_classif,2,RandomForest,unadjusted,gse24080,meta_batch,0.680185
mutual_info_proba_classif,3,RandomForest,unadjusted,gse24080,meta_batch,0.680702
mutual_info_proba_classif,4,RandomForest,unadjusted,gse24080,meta_batch,0.661096
mutual_info_proba_classif,5,RandomForest,unadjusted,gse24080,meta_batch,0.673512
mutual_info_proba_classif,6,RandomForest,unadjusted,gse24080,meta_batch,0.702136
mutual_info_proba_classif,7,RandomForest,unadjusted,gse24080,meta_batch,0.68903
mutual_info_proba_classif,8,RandomForest,unadjusted,gse24080,meta_batch,0.667625
mutual_info_proba_classif,9,RandomForest,unadjusted,gse24080,meta_batch,0.697918
mutual_info_proba_sum,0,RandomForest,unadjusted,gse24080,meta_batch,0.193715
mutual_info_proba_sum,1,RandomForest,unadjusted,gse24080,meta_batch,0.193978
mutual_info_proba_sum,2,RandomForest,unadjusted,gse24080,meta_batch,0.194355
mutual_info_proba_sum,3,RandomForest,unadjusted,gse24080,meta_batch,0.190724
mutual_info_proba_sum,4,RandomForest,unadjusted,gse24080,meta_batch,0.194866
mutual_info_proba_sum,5,RandomForest,unadjusted,gse24080,meta_batch,0.192877
mutual_info_proba_sum,6,RandomForest,unadjusted,gse24080,meta_batch,0.192927
mutual_info_proba_sum,7,RandomForest,unadjusted,gse24080,meta_batch,0.19745
mutual_info_proba_sum,8,RandomForest,unadjusted,gse24080,meta_batch,0.185422
mutual_info_proba_sum,9,RandomForest,unadjusted,gse24080,meta_batch,0.194145
determinant_based_mutual_information,0,RandomForest,unadjusted,gse24080,meta_batch,0.484596
determinant_based_mutual_information,1,RandomForest,unadjusted,gse24080,meta_batch,0.486057
determinant_based_mutual_information,2,RandomForest,unadjusted,gse24080,meta_batch,0.485146
determinant_based_mutual_information,3,RandomForest,unadjusted,gse24080,meta_batch,0.481019
determinant_based_mutual_information,4,RandomForest,unadjusted,gse24080,meta_batch,0.486234
determinant_based_mutual_information,5,RandomForest,unadjusted,gse24080,meta_batch,0.483688
determinant_based_mutual_information,6,RandomForest,unadjusted,gse24080,meta_batch,0.483484
determinant_based_mutual_information,7,RandomForest,unadjusted,gse24080,meta_batch,0.489704
determinant_based_mutual_information,8,RandomForest,unadjusted,gse24080,meta_batch,0.474453
determinant_based_mutual_information,9,RandomForest,unadjusted,gse24080,meta_batch,0.485119
accuracy_score,0,RandomForest,unadjusted,gse24080,meta_batch,0.915002
accuracy_score,1,RandomForest,unadjusted,gse24080,meta_batch,0.909557
accuracy_score,2,RandomForest,unadjusted,gse24080,meta_batch,0.918586
accuracy_score,3,RandomForest,unadjusted,gse24080,meta_batch,0.916814
accuracy_score,4,RandomForest,unadjusted,gse24080,meta_batch,0.915012
accuracy_score,5,RandomForest,unadjusted,gse24080,meta_batch,0.907785
accuracy_score,6,RandomForest,unadjusted,gse24080,meta_batch,0.91319
accuracy_score,7,RandomForest,unadjusted,gse24080,meta_batch,0.918635
accuracy_score,8,RandomForest,unadjusted,gse24080,meta_batch,0.905954
accuracy_score,9,RandomForest,unadjusted,gse24080,meta_batch,0.9132
log_loss,0,RandomForest,unadjusted,gse24080,meta_batch,0.705463
log_loss,1,RandomForest,unadjusted,gse24080,meta_batch,0.704468
log_loss,2,RandomForest,unadjusted,gse24080,meta_batch,0.708117
log_loss,3,RandomForest,unadjusted,gse24080,meta_batch,0.70396
log_loss,4,RandomForest,unadjusted,gse24080,meta_batch,0.706993
log_loss,5,RandomForest,unadjusted,gse24080,meta_batch,0.70621
log_loss,6,RandomForest,unadjusted,gse24080,meta_batch,0.70543
log_loss,7,RandomForest,unadjusted,gse24080,meta_batch,0.708778
log_loss,8,RandomForest,unadjusted,gse24080,meta_batch,0.698304
log_loss,9,RandomForest,unadjusted,gse24080,meta_batch,0.705099
roc_auc_score,0,HistGradientBoosting,unadjusted,gse24080,meta_batch,0.993073
roc_auc_score,1,HistGradientBoosting,unadjusted,gse24080,meta_batch,0.994613
roc_auc_score,2,HistGradientBoosting,unadjusted,gse24080,meta_batch,0.994196
roc_auc_score,3,HistGradientBoosting,unadjusted,gse24080,meta_batch,0.994534
roc_auc_score,4,HistGradientBoosting,unadjusted,gse24080,meta_batch,0.992691
roc_auc_score,5,HistGradientBoosting,unadjusted,gse24080,meta_batch,0.995924
roc_auc_score,6,HistGradientBoosting,unadjusted,gse24080,meta_batch,0.994827
roc_auc_score,7,HistGradientBoosting,unadjusted,gse24080,meta_batch,0.992989
roc_auc_score,8,HistGradientBoosting,unadjusted,gse24080,meta_batch,0.994337
roc_auc_score,9,HistGradientBoosting,unadjusted,gse24080,meta_batch,0.995076
mutual_info_score,0,HistGradientBoosting,unadjusted,gse24080,meta_batch,0.766093
mutual_info_score,1,HistGradientBoosting,unadjusted,gse24080,meta_batch,0.78635
mutual_info_score,2,HistGradientBoosting,unadjusted,gse24080,meta_batch,0.726854
mutual_info_score,3,HistGradientBoosting,unadjusted,gse24080,meta_batch,0.694265
mutual_info_score,4,HistGradientBoosting,unadjusted,gse24080,meta_batch,0.716741
mutual_info_score,5,HistGradientBoosting,unadjusted,gse24080,meta_batch,0.750568
mutual_info_score,6,HistGradientBoosting,unadjusted,gse24080,meta_batch,0.732181
mutual_info_score,7,HistGradientBoosting,unadjusted,gse24080,meta_batch,0.717871
mutual_info_score,8,HistGradientBoosting,unadjusted,gse24080,meta_batch,0.711081
mutual_info_score,9,HistGradientBoosting,unadjusted,gse24080,meta_batch,0.754153
mutual_info_proba_classif,0,HistGradientBoosting,unadjusted,gse24080,meta_batch,0.803992
mutual_info_proba_classif,1,HistGradientBoosting,unadjusted,gse24080,meta_batch,0.840076
mutual_info_proba_classif,2,HistGradientBoosting,unadjusted,gse24080,meta_batch,0.813282
mutual_info_proba_classif,3,HistGradientBoosting,unadjusted,gse24080,meta_batch,0.811044
mutual_info_proba_classif,4,HistGradientBoosting,unadjusted,gse24080,meta_batch,0.776781
mutual_info_proba_classif,5,HistGradientBoosting,unadjusted,gse24080,meta_batch,0.828224
mutual_info_proba_classif,6,HistGradientBoosting,unadjusted,gse24080,meta_batch,0.80296
mutual_info_proba_classif,7,HistGradientBoosting,unadjusted,gse24080,meta_batch,0.805318
mutual_info_proba_classif,8,HistGradientBoosting,unadjusted,gse24080,meta_batch,0.830443
mutual_info_proba_classif,9,HistGradientBoosting,unadjusted,gse24080,meta_batch,0.84161
mutual_info_proba_sum,0,HistGradientBoosting,unadjusted,gse24080,meta_batch,0.59738
mutual_info_proba_sum,1,HistGradientBoosting,unadjusted,gse24080,meta_batch,0.614454
mutual_info_proba_sum,2,HistGradientBoosting,unadjusted,gse24080,meta_batch,0.589812
mutual_info_proba_sum,3,HistGradientBoosting,unadjusted,gse24080,meta_batch,0.598085
mutual_info_proba_sum,4,HistGradientBoosting,unadjusted,gse24080,meta_batch,0.587305
mutual_info_proba_sum,5,HistGradientBoosting,unadjusted,gse24080,meta_batch,0.611465
mutual_info_proba_sum,6,HistGradientBoosting,unadjusted,gse24080,meta_batch,0.598572
mutual_info_proba_sum,7,HistGradientBoosting,unadjusted,gse24080,meta_batch,0.592459
mutual_info_proba_sum,8,HistGradientBoosting,unadjusted,gse24080,meta_batch,0.583444
mutual_info_proba_sum,9,HistGradientBoosting,unadjusted,gse24080,meta_batch,0.613637
determinant_based_mutual_information,0,HistGradientBoosting,unadjusted,gse24080,meta_batch,0.803312
determinant_based_mutual_information,1,HistGradientBoosting,unadjusted,gse24080,meta_batch,0.812658
determinant_based_mutual_information,2,HistGradientBoosting,unadjusted,gse24080,meta_batch,0.794947
determinant_based_mutual_information,3,HistGradientBoosting,unadjusted,gse24080,meta_batch,0.804856
determinant_based_mutual_information,4,HistGradientBoosting,unadjusted,gse24080,meta_batch,0.796699
determinant_based_mutual_information,5,HistGradientBoosting,unadjusted,gse24080,meta_batch,0.811278
determinant_based_mutual_information,6,HistGradientBoosting,unadjusted,gse24080,meta_batch,0.803866
determinant_based_mutual_information,7,HistGradientBoosting,unadjusted,gse24080,meta_batch,0.79966
determinant_based_mutual_information,8,HistGradientBoosting,unadjusted,gse24080,meta_batch,0.795227
determinant_based_mutual_information,9,HistGradientBoosting,unadjusted,gse24080,meta_batch,0.811858
accuracy_score,0,HistGradientBoosting,unadjusted,gse24080,meta_batch,0.967411
accuracy_score,1,HistGradientBoosting,unadjusted,gse24080,meta_batch,0.972875
accuracy_score,2,HistGradientBoosting,unadjusted,gse24080,meta_batch,0.958382
accuracy_score,3,HistGradientBoosting,unadjusted,gse24080,meta_batch,0.952967
accuracy_score,4,HistGradientBoosting,unadjusted,gse24080,meta_batch,0.958431
accuracy_score,5,HistGradientBoosting,unadjusted,gse24080,meta_batch,0.965648
accuracy_score,6,HistGradientBoosting,unadjusted,gse24080,meta_batch,0.962015
accuracy_score,7,HistGradientBoosting,unadjusted,gse24080,meta_batch,0.958421
accuracy_score,8,HistGradientBoosting,unadjusted,gse24080,meta_batch,0.95662
accuracy_score,9,HistGradientBoosting,unadjusted,gse24080,meta_batch,0.965648
log_loss,0,HistGradientBoosting,unadjusted,gse24080,meta_batch,0.893906
log_loss,1,HistGradientBoosting,unadjusted,gse24080,meta_batch,0.902821
log_loss,2,HistGradientBoosting,unadjusted,gse24080,meta_batch,0.886065
log_loss,3,HistGradientBoosting,unadjusted,gse24080,meta_batch,0.89555
log_loss,4,HistGradientBoosting,unadjusted,gse24080,meta_batch,0.886296
log_loss,5,HistGradientBoosting,unadjusted,gse24080,meta_batch,0.904993
log_loss,6,HistGradientBoosting,unadjusted,gse24080,meta_batch,0.897082
log_loss,7,HistGradientBoosting,unadjusted,gse24080,meta_batch,0.889987
log_loss,8,HistGradientBoosting,unadjusted,gse24080,meta_batch,0.890459
log_loss,9,HistGradientBoosting,unadjusted,gse24080,meta_batch,0.904667
roc_auc_score,0,RandomForest,tampor,gse24080,meta_batch,0.976896
roc_auc_score,1,RandomForest,tampor,gse24080,meta_batch,0.972498
roc_auc_score,2,RandomForest,tampor,gse24080,meta_batch,0.981478
roc_auc_score,3,RandomForest,tampor,gse24080,meta_batch,0.978769
roc_auc_score,4,RandomForest,tampor,gse24080,meta_batch,0.975829
roc_auc_score,5,RandomForest,tampor,gse24080,meta_batch,0.976038
roc_auc_score,6,RandomForest,tampor,gse24080,meta_batch,0.976146
roc_auc_score,7,RandomForest,tampor,gse24080,meta_batch,0.96737
roc_auc_score,8,RandomForest,tampor,gse24080,meta_batch,0.981538
roc_auc_score,9,RandomForest,tampor,gse24080,meta_batch,0.979013
mutual_info_score,0,RandomForest,tampor,gse24080,meta_batch,0.541101
mutual_info_score,1,RandomForest,tampor,gse24080,meta_batch,0.585773
mutual_info_score,2,RandomForest,tampor,gse24080,meta_batch,0.540863
mutual_info_score,3,RandomForest,tampor,gse24080,meta_batch,0.550616
mutual_info_score,4,RandomForest,tampor,gse24080,meta_batch,0.567915
mutual_info_score,5,RandomForest,tampor,gse24080,meta_batch,0.496322
mutual_info_score,6,RandomForest,tampor,gse24080,meta_batch,0.500025
mutual_info_score,7,RandomForest,tampor,gse24080,meta_batch,0.477347
mutual_info_score,8,RandomForest,tampor,gse24080,meta_batch,0.586484
mutual_info_score,9,RandomForest,tampor,gse24080,meta_batch,0.569751
mutual_info_proba_classif,0,RandomForest,tampor,gse24080,meta_batch,0.717913
mutual_info_proba_classif,1,RandomForest,tampor,gse24080,meta_batch,0.683892
mutual_info_proba_classif,2,RandomForest,tampor,gse24080,meta_batch,0.738063
mutual_info_proba_classif,3,RandomForest,tampor,gse24080,meta_batch,0.743589
mutual_info_proba_classif,4,RandomForest,tampor,gse24080,meta_batch,0.716786
mutual_info_proba_classif,5,RandomForest,tampor,gse24080,meta_batch,0.721046
mutual_info_proba_classif,6,RandomForest,tampor,gse24080,meta_batch,0.702926
mutual_info_proba_classif,7,RandomForest,tampor,gse24080,meta_batch,0.668028
mutual_info_proba_classif,8,RandomForest,tampor,gse24080,meta_batch,0.762148
mutual_info_proba_classif,9,RandomForest,tampor,gse24080,meta_batch,0.714242
mutual_info_proba_sum,0,RandomForest,tampor,gse24080,meta_batch,0.063849
mutual_info_proba_sum,1,RandomForest,tampor,gse24080,meta_batch,0.068646
mutual_info_proba_sum,2,RandomForest,tampor,gse24080,meta_batch,0.062727
mutual_info_proba_sum,3,RandomForest,tampor,gse24080,meta_batch,0.066724
mutual_info_proba_sum,4,RandomForest,tampor,gse24080,meta_batch,0.064253
mutual_info_proba_sum,5,RandomForest,tampor,gse24080,meta_batch,0.067648
mutual_info_proba_sum,6,RandomForest,tampor,gse24080,meta_batch,0.063837
mutual_info_proba_sum,7,RandomForest,tampor,gse24080,meta_batch,0.064601
mutual_info_proba_sum,8,RandomForest,tampor,gse24080,meta_batch,0.069503
mutual_info_proba_sum,9,RandomForest,tampor,gse24080,meta_batch,0.06999
determinant_based_mutual_information,0,RandomForest,tampor,gse24080,meta_batch,0.283573
determinant_based_mutual_information,1,RandomForest,tampor,gse24080,meta_batch,0.29462
determinant_based_mutual_information,2,RandomForest,tampor,gse24080,meta_batch,0.281134
determinant_based_mutual_information,3,RandomForest,tampor,gse24080,meta_batch,0.289582
determinant_based_mutual_information,4,RandomForest,tampor,gse24080,meta_batch,0.284133
determinant_based_mutual_information,5,RandomForest,tampor,gse24080,meta_batch,0.291963
determinant_based_mutual_information,6,RandomForest,tampor,gse24080,meta_batch,0.284018
determinant_based_mutual_information,7,RandomForest,tampor,gse24080,meta_batch,0.284821
determinant_based_mutual_information,8,RandomForest,tampor,gse24080,meta_batch,0.29621
determinant_based_mutual_information,9,RandomForest,tampor,gse24080,meta_batch,0.297619
accuracy_score,0,RandomForest,tampor,gse24080,meta_batch,0.905924
accuracy_score,1,RandomForest,tampor,gse24080,meta_batch,0.918586
accuracy_score,2,RandomForest,tampor,gse24080,meta_batch,0.900558
accuracy_score,3,RandomForest,tampor,gse24080,meta_batch,0.907834
accuracy_score,4,RandomForest,tampor,gse24080,meta_batch,0.909646
accuracy_score,5,RandomForest,tampor,gse24080,meta_batch,0.893302
accuracy_score,6,RandomForest,tampor,gse24080,meta_batch,0.895143
accuracy_score,7,RandomForest,tampor,gse24080,meta_batch,0.884254
accuracy_score,8,RandomForest,tampor,gse24080,meta_batch,0.918615
accuracy_score,9,RandomForest,tampor,gse24080,meta_batch,0.915031
log_loss,0,RandomForest,tampor,gse24080,meta_batch,0.573623
log_loss,1,RandomForest,tampor,gse24080,meta_batch,0.579459
log_loss,2,RandomForest,tampor,gse24080,meta_batch,0.573127
log_loss,3,RandomForest,tampor,gse24080,meta_batch,0.578743
log_loss,4,RandomForest,tampor,gse24080,meta_batch,0.573491
log_loss,5,RandomForest,tampor,gse24080,meta_batch,0.579121
log_loss,6,RandomForest,tampor,gse24080,meta_batch,0.573072
log_loss,7,RandomForest,tampor,gse24080,meta_batch,0.57245
log_loss,8,RandomForest,tampor,gse24080,meta_batch,0.583551
log_loss,9,RandomForest,tampor,gse24080,meta_batch,0.583347
roc_auc_score,0,HistGradientBoosting,tampor,gse24080,meta_batch,0.992111
roc_auc_score,1,HistGradientBoosting,tampor,gse24080,meta_batch,0.988052
roc_auc_score,2,HistGradientBoosting,tampor,gse24080,meta_batch,0.991983
roc_auc_score,3,HistGradientBoosting,tampor,gse24080,meta_batch,0.98757
roc_auc_score,4,HistGradientBoosting,tampor,gse24080,meta_batch,0.986849
roc_auc_score,5,HistGradientBoosting,tampor,gse24080,meta_batch,0.989648
roc_auc_score,6,HistGradientBoosting,tampor,gse24080,meta_batch,0.987583
roc_auc_score,7,HistGradientBoosting,tampor,gse24080,meta_batch,0.987558
roc_auc_score,8,HistGradientBoosting,tampor,gse24080,meta_batch,0.989064
roc_auc_score,9,HistGradientBoosting,tampor,gse24080,meta_batch,0.992602
mutual_info_score,0,HistGradientBoosting,tampor,gse24080,meta_batch,0.721855
mutual_info_score,1,HistGradientBoosting,tampor,gse24080,meta_batch,0.67842
mutual_info_score,2,HistGradientBoosting,tampor,gse24080,meta_batch,0.73493
mutual_info_score,3,HistGradientBoosting,tampor,gse24080,meta_batch,0.672496
mutual_info_score,4,HistGradientBoosting,tampor,gse24080,meta_batch,0.7341
mutual_info_score,5,HistGradientBoosting,tampor,gse24080,meta_batch,0.713104
mutual_info_score,6,HistGradientBoosting,tampor,gse24080,meta_batch,0.759646
mutual_info_score,7,HistGradientBoosting,tampor,gse24080,meta_batch,0.67047
mutual_info_score,8,HistGradientBoosting,tampor,gse24080,meta_batch,0.75514
mutual_info_score,9,HistGradientBoosting,tampor,gse24080,meta_batch,0.75597
mutual_info_proba_classif,0,HistGradientBoosting,tampor,gse24080,meta_batch,0.846393
mutual_info_proba_classif,1,HistGradientBoosting,tampor,gse24080,meta_batch,0.803946
mutual_info_proba_classif,2,HistGradientBoosting,tampor,gse24080,meta_batch,0.845309
mutual_info_proba_classif,3,HistGradientBoosting,tampor,gse24080,meta_batch,0.818289
mutual_info_proba_classif,4,HistGradientBoosting,tampor,gse24080,meta_batch,0.844095
mutual_info_proba_classif,5,HistGradientBoosting,tampor,gse24080,meta_batch,0.82515
mutual_info_proba_classif,6,HistGradientBoosting,tampor,gse24080,meta_batch,0.838664
mutual_info_proba_classif,7,HistGradientBoosting,tampor,gse24080,meta_batch,0.795304
mutual_info_proba_classif,8,HistGradientBoosting,tampor,gse24080,meta_batch,0.85534
mutual_info_proba_classif,9,HistGradientBoosting,tampor,gse24080,meta_batch,0.827724
mutual_info_proba_sum,0,HistGradientBoosting,tampor,gse24080,meta_batch,0.573983
mutual_info_proba_sum,1,HistGradientBoosting,tampor,gse24080,meta_batch,0.548252
mutual_info_proba_sum,2,HistGradientBoosting,tampor,gse24080,meta_batch,0.572298
mutual_info_proba_sum,3,HistGradientBoosting,tampor,gse24080,meta_batch,0.545266
mutual_info_proba_sum,4,HistGradientBoosting,tampor,gse24080,meta_batch,0.563556
mutual_info_proba_sum,5,HistGradientBoosting,tampor,gse24080,meta_batch,0.553489
mutual_info_proba_sum,6,HistGradientBoosting,tampor,gse24080,meta_batch,0.569917
mutual_info_proba_sum,7,HistGradientBoosting,tampor,gse24080,meta_batch,0.528746
mutual_info_proba_sum,8,HistGradientBoosting,tampor,gse24080,meta_batch,0.584231
mutual_info_proba_sum,9,HistGradientBoosting,tampor,gse24080,meta_batch,0.567747
determinant_based_mutual_information,0,HistGradientBoosting,tampor,gse24080,meta_batch,0.778525
determinant_based_mutual_information,1,HistGradientBoosting,tampor,gse24080,meta_batch,0.761608
determinant_based_mutual_information,2,HistGradientBoosting,tampor,gse24080,meta_batch,0.776506
determinant_based_mutual_information,3,HistGradientBoosting,tampor,gse24080,meta_batch,0.760047
determinant_based_mutual_information,4,HistGradientBoosting,tampor,gse24080,meta_batch,0.775459
determinant_based_mutual_information,5,HistGradientBoosting,tampor,gse24080,meta_batch,0.767054
determinant_based_mutual_information,6,HistGradientBoosting,tampor,gse24080,meta_batch,0.778808
determinant_based_mutual_information,7,HistGradientBoosting,tampor,gse24080,meta_batch,0.748422
determinant_based_mutual_information,8,HistGradientBoosting,tampor,gse24080,meta_batch,0.787019
determinant_based_mutual_information,9,HistGradientBoosting,tampor,gse24080,meta_batch,0.777763
accuracy_score,0,HistGradientBoosting,tampor,gse24080,meta_batch,0.95658
accuracy_score,1,HistGradientBoosting,tampor,gse24080,meta_batch,0.943909
accuracy_score,2,HistGradientBoosting,tampor,gse24080,meta_batch,0.960223
accuracy_score,3,HistGradientBoosting,tampor,gse24080,meta_batch,0.943987
accuracy_score,4,HistGradientBoosting,tampor,gse24080,meta_batch,0.960223
accuracy_score,5,HistGradientBoosting,tampor,gse24080,meta_batch,0.954798
accuracy_score,6,HistGradientBoosting,tampor,gse24080,meta_batch,0.965619
accuracy_score,7,HistGradientBoosting,tampor,gse24080,meta_batch,0.942098
accuracy_score,8,HistGradientBoosting,tampor,gse24080,meta_batch,0.963807
accuracy_score,9,HistGradientBoosting,tampor,gse24080,meta_batch,0.963856
log_loss,0,HistGradientBoosting,tampor,gse24080,meta_batch,0.874707
log_loss,1,HistGradientBoosting,tampor,gse24080,meta_batch,0.850642
log_loss,2,HistGradientBoosting,tampor,gse24080,meta_batch,0.876253
log_loss,3,HistGradientBoosting,tampor,gse24080,meta_batch,0.851308
log_loss,4,HistGradientBoosting,tampor,gse24080,meta_batch,0.868355
log_loss,5,HistGradientBoosting,tampor,gse24080,meta_batch,0.862953
log_loss,6,HistGradientBoosting,tampor,gse24080,meta_batch,0.871215
log_loss,7,HistGradientBoosting,tampor,gse24080,meta_batch,0.846385
log_loss,8,HistGradientBoosting,tampor,gse24080,meta_batch,0.880151
log_loss,9,HistGradientBoosting,tampor,gse24080,meta_batch,0.876298
roc_auc_score,0,RandomForest,quantile,gse24080,meta_batch,0.974299
roc_auc_score,1,RandomForest,quantile,gse24080,meta_batch,0.971813
roc_auc_score,2,RandomForest,quantile,gse24080,meta_batch,0.976861
roc_auc_score,3,RandomForest,quantile,gse24080,meta_batch,0.974306
roc_auc_score,4,RandomForest,quantile,gse24080,meta_batch,0.975117
roc_auc_score,5,RandomForest,quantile,gse24080,meta_batch,0.976097
roc_auc_score,6,RandomForest,quantile,gse24080,meta_batch,0.97654
roc_auc_score,7,RandomForest,quantile,gse24080,meta_batch,0.974122
roc_auc_score,8,RandomForest,quantile,gse24080,meta_batch,0.972185
roc_auc_score,9,RandomForest,quantile,gse24080,meta_batch,0.975669
mutual_info_score,0,RandomForest,quantile,gse24080,meta_batch,0.536353
mutual_info_score,1,RandomForest,quantile,gse24080,meta_batch,0.544437
mutual_info_score,2,RandomForest,quantile,gse24080,meta_batch,0.562085
mutual_info_score,3,RandomForest,quantile,gse24080,meta_batch,0.569938
mutual_info_score,4,RandomForest,quantile,gse24080,meta_batch,0.548182
mutual_info_score,5,RandomForest,quantile,gse24080,meta_batch,0.516902
mutual_info_score,6,RandomForest,quantile,gse24080,meta_batch,0.532843
mutual_info_score,7,RandomForest,quantile,gse24080,meta_batch,0.551301
mutual_info_score,8,RandomForest,quantile,gse24080,meta_batch,0.51926
mutual_info_score,9,RandomForest,quantile,gse24080,meta_batch,0.553839
mutual_info_proba_classif,0,RandomForest,quantile,gse24080,meta_batch,0.672033
mutual_info_proba_classif,1,RandomForest,quantile,gse24080,meta_batch,0.659079
mutual_info_proba_classif,2,RandomForest,quantile,gse24080,meta_batch,0.683843
mutual_info_proba_classif,3,RandomForest,quantile,gse24080,meta_batch,0.686238
mutual_info_proba_classif,4,RandomForest,quantile,gse24080,meta_batch,0.659821
mutual_info_proba_classif,5,RandomForest,quantile,gse24080,meta_batch,0.662707
mutual_info_proba_classif,6,RandomForest,quantile,gse24080,meta_batch,0.699625
mutual_info_proba_classif,7,RandomForest,quantile,gse24080,meta_batch,0.685337
mutual_info_proba_classif,8,RandomForest,quantile,gse24080,meta_batch,0.679587
mutual_info_proba_classif,9,RandomForest,quantile,gse24080,meta_batch,0.690647
mutual_info_proba_sum,0,RandomForest,quantile,gse24080,meta_batch,0.193919
mutual_info_proba_sum,1,RandomForest,quantile,gse24080,meta_batch,0.194642
mutual_info_proba_sum,2,RandomForest,quantile,gse24080,meta_batch,0.194741
mutual_info_proba_sum,3,RandomForest,quantile,gse24080,meta_batch,0.191053
mutual_info_proba_sum,4,RandomForest,quantile,gse24080,meta_batch,0.195565
mutual_info_proba_sum,5,RandomForest,quantile,gse24080,meta_batch,0.193211
mutual_info_proba_sum,6,RandomForest,quantile,gse24080,meta_batch,0.193141
mutual_info_proba_sum,7,RandomForest,quantile,gse24080,meta_batch,0.19751
mutual_info_proba_sum,8,RandomForest,quantile,gse24080,meta_batch,0.185831
mutual_info_proba_sum,9,RandomForest,quantile,gse24080,meta_batch,0.193905
determinant_based_mutual_information,0,RandomForest,quantile,gse24080,meta_batch,0.484793
determinant_based_mutual_information,1,RandomForest,quantile,gse24080,meta_batch,0.486752
determinant_based_mutual_information,2,RandomForest,quantile,gse24080,meta_batch,0.485609
determinant_based_mutual_information,3,RandomForest,quantile,gse24080,meta_batch,0.48135
determinant_based_mutual_information,4,RandomForest,quantile,gse24080,meta_batch,0.487148
determinant_based_mutual_information,5,RandomForest,quantile,gse24080,meta_batch,0.484089
determinant_based_mutual_information,6,RandomForest,quantile,gse24080,meta_batch,0.483591
determinant_based_mutual_information,7,RandomForest,quantile,gse24080,meta_batch,0.489719
determinant_based_mutual_information,8,RandomForest,quantile,gse24080,meta_batch,0.474933
determinant_based_mutual_information,9,RandomForest,quantile,gse24080,meta_batch,0.484779
accuracy_score,0,RandomForest,quantile,gse24080,meta_batch,0.911398
accuracy_score,1,RandomForest,quantile,gse24080,meta_batch,0.911359
accuracy_score,2,RandomForest,quantile,gse24080,meta_batch,0.918586
accuracy_score,3,RandomForest,quantile,gse24080,meta_batch,0.920417
accuracy_score,4,RandomForest,quantile,gse24080,meta_batch,0.915012
accuracy_score,5,RandomForest,quantile,gse24080,meta_batch,0.905973
accuracy_score,6,RandomForest,quantile,gse24080,meta_batch,0.909577
accuracy_score,7,RandomForest,quantile,gse24080,meta_batch,0.915031
accuracy_score,8,RandomForest,quantile,gse24080,meta_batch,0.905954
accuracy_score,9,RandomForest,quantile,gse24080,meta_batch,0.911398
log_loss,0,RandomForest,quantile,gse24080,meta_batch,0.705565
log_loss,1,RandomForest,quantile,gse24080,meta_batch,0.704919
log_loss,2,RandomForest,quantile,gse24080,meta_batch,0.708211
log_loss,3,RandomForest,quantile,gse24080,meta_batch,0.704175
log_loss,4,RandomForest,quantile,gse24080,meta_batch,0.707515
log_loss,5,RandomForest,quantile,gse24080,meta_batch,0.706471
log_loss,6,RandomForest,quantile,gse24080,meta_batch,0.705557
log_loss,7,RandomForest,quantile,gse24080,meta_batch,0.708561
log_loss,8,RandomForest,quantile,gse24080,meta_batch,0.698652
log_loss,9,RandomForest,quantile,gse24080,meta_batch,0.704902
roc_auc_score,0,HistGradientBoosting,quantile,gse24080,meta_batch,0.993073
roc_auc_score,1,HistGradientBoosting,quantile,gse24080,meta_batch,0.994197
roc_auc_score,2,HistGradientBoosting,quantile,gse24080,meta_batch,0.994153
roc_auc_score,3,HistGradientBoosting,quantile,gse24080,meta_batch,0.994493
roc_auc_score,4,HistGradientBoosting,quantile,gse24080,meta_batch,0.992607
roc_auc_score,5,HistGradientBoosting,quantile,gse24080,meta_batch,0.995966
roc_auc_score,6,HistGradientBoosting,quantile,gse24080,meta_batch,0.994951
roc_auc_score,7,HistGradientBoosting,quantile,gse24080,meta_batch,0.992657
roc_auc_score,8,HistGradientBoosting,quantile,gse24080,meta_batch,0.994296
roc_auc_score,9,HistGradientBoosting,quantile,gse24080,meta_batch,0.994994
mutual_info_score,0,HistGradientBoosting,quantile,gse24080,meta_batch,0.757661
mutual_info_score,1,HistGradientBoosting,quantile,gse24080,meta_batch,0.78635
mutual_info_score,2,HistGradientBoosting,quantile,gse24080,meta_batch,0.726854
mutual_info_score,3,HistGradientBoosting,quantile,gse24080,meta_batch,0.694265
mutual_info_score,4,HistGradientBoosting,quantile,gse24080,meta_batch,0.716741
mutual_info_score,5,HistGradientBoosting,quantile,gse24080,meta_batch,0.750568
mutual_info_score,6,HistGradientBoosting,quantile,gse24080,meta_batch,0.732181
mutual_info_score,7,HistGradientBoosting,quantile,gse24080,meta_batch,0.717871
mutual_info_score,8,HistGradientBoosting,quantile,gse24080,meta_batch,0.702406
mutual_info_score,9,HistGradientBoosting,quantile,gse24080,meta_batch,0.754153
mutual_info_proba_classif,0,HistGradientBoosting,quantile,gse24080,meta_batch,0.803281
mutual_info_proba_classif,1,HistGradientBoosting,quantile,gse24080,meta_batch,0.838331
mutual_info_proba_classif,2,HistGradientBoosting,quantile,gse24080,meta_batch,0.81652
mutual_info_proba_classif,3,HistGradientBoosting,quantile,gse24080,meta_batch,0.8078
mutual_info_proba_classif,4,HistGradientBoosting,quantile,gse24080,meta_batch,0.776139
mutual_info_proba_classif,5,HistGradientBoosting,quantile,gse24080,meta_batch,0.83387
mutual_info_proba_classif,6,HistGradientBoosting,quantile,gse24080,meta_batch,0.805605
mutual_info_proba_classif,7,HistGradientBoosting,quantile,gse24080,meta_batch,0.807773
mutual_info_proba_classif,8,HistGradientBoosting,quantile,gse24080,meta_batch,0.82873
mutual_info_proba_classif,9,HistGradientBoosting,quantile,gse24080,meta_batch,0.83709
mutual_info_proba_sum,0,HistGradientBoosting,quantile,gse24080,meta_batch,0.594821
mutual_info_proba_sum,1,HistGradientBoosting,quantile,gse24080,meta_batch,0.612299
mutual_info_proba_sum,2,HistGradientBoosting,quantile,gse24080,meta_batch,0.589605
mutual_info_proba_sum,3,HistGradientBoosting,quantile,gse24080,meta_batch,0.597491
mutual_info_proba_sum,4,HistGradientBoosting,quantile,gse24080,meta_batch,0.586393
mutual_info_proba_sum,5,HistGradientBoosting,quantile,gse24080,meta_batch,0.610467
mutual_info_proba_sum,6,HistGradientBoosting,quantile,gse24080,meta_batch,0.598127
mutual_info_proba_sum,7,HistGradientBoosting,quantile,gse24080,meta_batch,0.595601
mutual_info_proba_sum,8,HistGradientBoosting,quantile,gse24080,meta_batch,0.583599
mutual_info_proba_sum,9,HistGradientBoosting,quantile,gse24080,meta_batch,0.612884
determinant_based_mutual_information,0,HistGradientBoosting,quantile,gse24080,meta_batch,0.80184
determinant_based_mutual_information,1,HistGradientBoosting,quantile,gse24080,meta_batch,0.811578
determinant_based_mutual_information,2,HistGradientBoosting,quantile,gse24080,meta_batch,0.794779
determinant_based_mutual_information,3,HistGradientBoosting,quantile,gse24080,meta_batch,0.804624
determinant_based_mutual_information,4,HistGradientBoosting,quantile,gse24080,meta_batch,0.796349
determinant_based_mutual_information,5,HistGradientBoosting,quantile,gse24080,meta_batch,0.810721
determinant_based_mutual_information,6,HistGradientBoosting,quantile,gse24080,meta_batch,0.803337
determinant_based_mutual_information,7,HistGradientBoosting,quantile,gse24080,meta_batch,0.800959
determinant_based_mutual_information,8,HistGradientBoosting,quantile,gse24080,meta_batch,0.795159
determinant_based_mutual_information,9,HistGradientBoosting,quantile,gse24080,meta_batch,0.811307
accuracy_score,0,HistGradientBoosting,quantile,gse24080,meta_batch,0.965599
accuracy_score,1,HistGradientBoosting,quantile,gse24080,meta_batch,0.972875
accuracy_score,2,HistGradientBoosting,quantile,gse24080,meta_batch,0.958382
accuracy_score,3,HistGradientBoosting,quantile,gse24080,meta_batch,0.952967
accuracy_score,4,HistGradientBoosting,quantile,gse24080,meta_batch,0.958431
accuracy_score,5,HistGradientBoosting,quantile,gse24080,meta_batch,0.965648
accuracy_score,6,HistGradientBoosting,quantile,gse24080,meta_batch,0.962015
accuracy_score,7,HistGradientBoosting,quantile,gse24080,meta_batch,0.958421
accuracy_score,8,HistGradientBoosting,quantile,gse24080,meta_batch,0.954808
accuracy_score,9,HistGradientBoosting,quantile,gse24080,meta_batch,0.965648
log_loss,0,HistGradientBoosting,quantile,gse24080,meta_batch,0.892702
log_loss,1,HistGradientBoosting,quantile,gse24080,meta_batch,0.900685
log_loss,2,HistGradientBoosting,quantile,gse24080,meta_batch,0.885129
log_loss,3,HistGradientBoosting,quantile,gse24080,meta_batch,0.895377
log_loss,4,HistGradientBoosting,quantile,gse24080,meta_batch,0.885886
log_loss,5,HistGradientBoosting,quantile,gse24080,meta_batch,0.90454
log_loss,6,HistGradientBoosting,quantile,gse24080,meta_batch,0.8971
log_loss,7,HistGradientBoosting,quantile,gse24080,meta_batch,0.889835
log_loss,8,HistGradientBoosting,quantile,gse24080,meta_batch,0.88996
log_loss,9,HistGradientBoosting,quantile,gse24080,meta_batch,0.904218
roc_auc_score,0,RandomForest,combat,gse49711,meta_Class,1.0
roc_auc_score,1,RandomForest,combat,gse49711,meta_Class,1.0
roc_auc_score,2,RandomForest,combat,gse49711,meta_Class,1.0
roc_auc_score,3,RandomForest,combat,gse49711,meta_Class,1.0
roc_auc_score,4,RandomForest,combat,gse49711,meta_Class,1.0
roc_auc_score,5,RandomForest,combat,gse49711,meta_Class,1.0
roc_auc_score,6,RandomForest,combat,gse49711,meta_Class,1.0
roc_auc_score,7,RandomForest,combat,gse49711,meta_Class,1.0
roc_auc_score,8,RandomForest,combat,gse49711,meta_Class,1.0
roc_auc_score,9,RandomForest,combat,gse49711,meta_Class,1.0
mutual_info_score,0,RandomForest,combat,gse49711,meta_Class,0.919444
mutual_info_score,1,RandomForest,combat,gse49711,meta_Class,0.919444
mutual_info_score,2,RandomForest,combat,gse49711,meta_Class,0.919444
mutual_info_score,3,RandomForest,combat,gse49711,meta_Class,0.919444
mutual_info_score,4,RandomForest,combat,gse49711,meta_Class,0.919444
mutual_info_score,5,RandomForest,combat,gse49711,meta_Class,0.919444
mutual_info_score,6,RandomForest,combat,gse49711,meta_Class,0.919444
mutual_info_score,7,RandomForest,combat,gse49711,meta_Class,0.919444
mutual_info_score,8,RandomForest,combat,gse49711,meta_Class,0.919444
mutual_info_score,9,RandomForest,combat,gse49711,meta_Class,0.919444
mutual_info_proba_classif,0,RandomForest,combat,gse49711,meta_Class,0.927452
mutual_info_proba_classif,1,RandomForest,combat,gse49711,meta_Class,0.927452
mutual_info_proba_classif,2,RandomForest,combat,gse49711,meta_Class,0.927452
mutual_info_proba_classif,3,RandomForest,combat,gse49711,meta_Class,0.927452
mutual_info_proba_classif,4,RandomForest,combat,gse49711,meta_Class,0.927452
mutual_info_proba_classif,5,RandomForest,combat,gse49711,meta_Class,0.927452
mutual_info_proba_classif,6,RandomForest,combat,gse49711,meta_Class,0.927452
mutual_info_proba_classif,7,RandomForest,combat,gse49711,meta_Class,0.927452
mutual_info_proba_classif,8,RandomForest,combat,gse49711,meta_Class,0.927452
mutual_info_proba_classif,9,RandomForest,combat,gse49711,meta_Class,0.927452
mutual_info_proba_sum,0,RandomForest,combat,gse49711,meta_Class,0.3739
mutual_info_proba_sum,1,RandomForest,combat,gse49711,meta_Class,0.393983
mutual_info_proba_sum,2,RandomForest,combat,gse49711,meta_Class,0.399934
mutual_info_proba_sum,3,RandomForest,combat,gse49711,meta_Class,0.37832
mutual_info_proba_sum,4,RandomForest,combat,gse49711,meta_Class,0.406201
mutual_info_proba_sum,5,RandomForest,combat,gse49711,meta_Class,0.393182
mutual_info_proba_sum,6,RandomForest,combat,gse49711,meta_Class,0.387804
mutual_info_proba_sum,7,RandomForest,combat,gse49711,meta_Class,0.390151
mutual_info_proba_sum,8,RandomForest,combat,gse49711,meta_Class,0.358299
mutual_info_proba_sum,9,RandomForest,combat,gse49711,meta_Class,0.370865
determinant_based_mutual_information,0,RandomForest,combat,gse49711,meta_Class,0.62842
determinant_based_mutual_information,1,RandomForest,combat,gse49711,meta_Class,0.642725
determinant_based_mutual_information,2,RandomForest,combat,gse49711,meta_Class,0.646198
determinant_based_mutual_information,3,RandomForest,combat,gse49711,meta_Class,0.631374
determinant_based_mutual_information,4,RandomForest,combat,gse49711,meta_Class,0.650762
determinant_based_mutual_information,5,RandomForest,combat,gse49711,meta_Class,0.641536
determinant_based_mutual_information,6,RandomForest,combat,gse49711,meta_Class,0.638162
determinant_based_mutual_information,7,RandomForest,combat,gse49711,meta_Class,0.640761
determinant_based_mutual_information,8,RandomForest,combat,gse49711,meta_Class,0.616801
determinant_based_mutual_information,9,RandomForest,combat,gse49711,meta_Class,0.625701
accuracy_score,0,RandomForest,combat,gse49711,meta_Class,1.0
accuracy_score,1,RandomForest,combat,gse49711,meta_Class,1.0
accuracy_score,2,RandomForest,combat,gse49711,meta_Class,1.0
accuracy_score,3,RandomForest,combat,gse49711,meta_Class,1.0
accuracy_score,4,RandomForest,combat,gse49711,meta_Class,1.0
accuracy_score,5,RandomForest,combat,gse49711,meta_Class,1.0
accuracy_score,6,RandomForest,combat,gse49711,meta_Class,1.0
accuracy_score,7,RandomForest,combat,gse49711,meta_Class,1.0
accuracy_score,8,RandomForest,combat,gse49711,meta_Class,1.0
accuracy_score,9,RandomForest,combat,gse49711,meta_Class,1.0
log_loss,0,RandomForest,combat,gse49711,meta_Class,0.857368
log_loss,1,RandomForest,combat,gse49711,meta_Class,0.866839
log_loss,2,RandomForest,combat,gse49711,meta_Class,0.869225
log_loss,3,RandomForest,combat,gse49711,meta_Class,0.860093
log_loss,4,RandomForest,combat,gse49711,meta_Class,0.871914
log_loss,5,RandomForest,combat,gse49711,meta_Class,0.866421
log_loss,6,RandomForest,combat,gse49711,meta_Class,0.863747
log_loss,7,RandomForest,combat,gse49711,meta_Class,0.864857
log_loss,8,RandomForest,combat,gse49711,meta_Class,0.850596
log_loss,9,RandomForest,combat,gse49711,meta_Class,0.856887
roc_auc_score,0,HistGradientBoosting,combat,gse49711,meta_Class,0.973118
roc_auc_score,1,HistGradientBoosting,combat,gse49711,meta_Class,1.0
roc_auc_score,2,HistGradientBoosting,combat,gse49711,meta_Class,1.0
roc_auc_score,3,HistGradientBoosting,combat,gse49711,meta_Class,1.0
roc_auc_score,4,HistGradientBoosting,combat,gse49711,meta_Class,0.973118
roc_auc_score,5,HistGradientBoosting,combat,gse49711,meta_Class,1.0
roc_auc_score,6,HistGradientBoosting,combat,gse49711,meta_Class,1.0
roc_auc_score,7,HistGradientBoosting,combat,gse49711,meta_Class,1.0
roc_auc_score,8,HistGradientBoosting,combat,gse49711,meta_Class,1.0
roc_auc_score,9,HistGradientBoosting,combat,gse49711,meta_Class,1.0
mutual_info_score,0,HistGradientBoosting,combat,gse49711,meta_Class,0.826291
mutual_info_score,1,HistGradientBoosting,combat,gse49711,meta_Class,0.865214
mutual_info_score,2,HistGradientBoosting,combat,gse49711,meta_Class,0.892179
mutual_info_score,3,HistGradientBoosting,combat,gse49711,meta_Class,0.892479
mutual_info_score,4,HistGradientBoosting,combat,gse49711,meta_Class,0.826291
mutual_info_score,5,HistGradientBoosting,combat,gse49711,meta_Class,0.892479
mutual_info_score,6,HistGradientBoosting,combat,gse49711,meta_Class,0.872753
mutual_info_score,7,HistGradientBoosting,combat,gse49711,meta_Class,0.892479
mutual_info_score,8,HistGradientBoosting,combat,gse49711,meta_Class,0.892179
mutual_info_score,9,HistGradientBoosting,combat,gse49711,meta_Class,0.892179
mutual_info_proba_classif,0,HistGradientBoosting,combat,gse49711,meta_Class,0.826324
mutual_info_proba_classif,1,HistGradientBoosting,combat,gse49711,meta_Class,0.910476
mutual_info_proba_classif,2,HistGradientBoosting,combat,gse49711,meta_Class,0.923266
mutual_info_proba_classif,3,HistGradientBoosting,combat,gse49711,meta_Class,0.910476
mutual_info_proba_classif,4,HistGradientBoosting,combat,gse49711,meta_Class,0.826274
mutual_info_proba_classif,5,HistGradientBoosting,combat,gse49711,meta_Class,0.910476
mutual_info_proba_classif,6,HistGradientBoosting,combat,gse49711,meta_Class,0.893499
mutual_info_proba_classif,7,HistGradientBoosting,combat,gse49711,meta_Class,0.910476
mutual_info_proba_classif,8,HistGradientBoosting,combat,gse49711,meta_Class,0.910287
mutual_info_proba_classif,9,HistGradientBoosting,combat,gse49711,meta_Class,0.910287
mutual_info_proba_sum,0,HistGradientBoosting,combat,gse49711,meta_Class,0.77246
mutual_info_proba_sum,1,HistGradientBoosting,combat,gse49711,meta_Class,0.802769
mutual_info_proba_sum,2,HistGradientBoosting,combat,gse49711,meta_Class,0.813512
mutual_info_proba_sum,3,HistGradientBoosting,combat,gse49711,meta_Class,0.80768
mutual_info_proba_sum,4,HistGradientBoosting,combat,gse49711,meta_Class,0.76691
mutual_info_proba_sum,5,HistGradientBoosting,combat,gse49711,meta_Class,0.819952
mutual_info_proba_sum,6,HistGradientBoosting,combat,gse49711,meta_Class,0.800254
mutual_info_proba_sum,7,HistGradientBoosting,combat,gse49711,meta_Class,0.804142
mutual_info_proba_sum,8,HistGradientBoosting,combat,gse49711,meta_Class,0.796786
mutual_info_proba_sum,9,HistGradientBoosting,combat,gse49711,meta_Class,0.805558
determinant_based_mutual_information,0,HistGradientBoosting,combat,gse49711,meta_Class,0.828015
determinant_based_mutual_information,1,HistGradientBoosting,combat,gse49711,meta_Class,0.852283
determinant_based_mutual_information,2,HistGradientBoosting,combat,gse49711,meta_Class,0.85778
determinant_based_mutual_information,3,HistGradientBoosting,combat,gse49711,meta_Class,0.855559
determinant_based_mutual_information,4,HistGradientBoosting,combat,gse49711,meta_Class,0.826432
determinant_based_mutual_information,5,HistGradientBoosting,combat,gse49711,meta_Class,0.860987
determinant_based_mutual_information,6,HistGradientBoosting,combat,gse49711,meta_Class,0.850954
determinant_based_mutual_information,7,HistGradientBoosting,combat,gse49711,meta_Class,0.851539
determinant_based_mutual_information,8,HistGradientBoosting,combat,gse49711,meta_Class,0.848498
determinant_based_mutual_information,9,HistGradientBoosting,combat,gse49711,meta_Class,0.853889
accuracy_score,0,HistGradientBoosting,combat,gse49711,meta_Class,0.981685
accuracy_score,1,HistGradientBoosting,combat,gse49711,meta_Class,0.992633
accuracy_score,2,HistGradientBoosting,combat,gse49711,meta_Class,0.996296
accuracy_score,3,HistGradientBoosting,combat,gse49711,meta_Class,0.996337
accuracy_score,4,HistGradientBoosting,combat,gse49711,meta_Class,0.981685
accuracy_score,5,HistGradientBoosting,combat,gse49711,meta_Class,0.996337
accuracy_score,6,HistGradientBoosting,combat,gse49711,meta_Class,0.992674
accuracy_score,7,HistGradientBoosting,combat,gse49711,meta_Class,0.996337
accuracy_score,8,HistGradientBoosting,combat,gse49711,meta_Class,0.996296
accuracy_score,9,HistGradientBoosting,combat,gse49711,meta_Class,0.996296
log_loss,0,HistGradientBoosting,combat,gse49711,meta_Class,0.880871
log_loss,1,HistGradientBoosting,combat,gse49711,meta_Class,0.979704
log_loss,2,HistGradientBoosting,combat,gse49711,meta_Class,0.983529
log_loss,3,HistGradientBoosting,combat,gse49711,meta_Class,0.981444
log_loss,4,HistGradientBoosting,combat,gse49711,meta_Class,0.880036
log_loss,5,HistGradientBoosting,combat,gse49711,meta_Class,0.985424
log_loss,6,HistGradientBoosting,combat,gse49711,meta_Class,0.976728
log_loss,7,HistGradientBoosting,combat,gse49711,meta_Class,0.977134
log_loss,8,HistGradientBoosting,combat,gse49711,meta_Class,0.979557
log_loss,9,HistGradientBoosting,combat,gse49711,meta_Class,0.981729
roc_auc_score,0,RandomForest,combat_target,gse49711,meta_Class,1.0
roc_auc_score,1,RandomForest,combat_target,gse49711,meta_Class,1.0
roc_auc_score,2,RandomForest,combat_target,gse49711,meta_Class,1.0
roc_auc_score,3,RandomForest,combat_target,gse49711,meta_Class,1.0
roc_auc_score,4,RandomForest,combat_target,gse49711,meta_Class,1.0
roc_auc_score,5,RandomForest,combat_target,gse49711,meta_Class,1.0
roc_auc_score,6,RandomForest,combat_target,gse49711,meta_Class,1.0
roc_auc_score,7,RandomForest,combat_target,gse49711,meta_Class,1.0
roc_auc_score,8,RandomForest,combat_target,gse49711,meta_Class,1.0
roc_auc_score,9,RandomForest,combat_target,gse49711,meta_Class,1.0
mutual_info_score,0,RandomForest,combat_target,gse49711,meta_Class,0.919444
mutual_info_score,1,RandomForest,combat_target,gse49711,meta_Class,0.919444
mutual_info_score,2,RandomForest,combat_target,gse49711,meta_Class,0.919444
mutual_info_score,3,RandomForest,combat_target,gse49711,meta_Class,0.919444
mutual_info_score,4,RandomForest,combat_target,gse49711,meta_Class,0.919444
mutual_info_score,5,RandomForest,combat_target,gse49711,meta_Class,0.919444
mutual_info_score,6,RandomForest,combat_target,gse49711,meta_Class,0.919444
mutual_info_score,7,RandomForest,combat_target,gse49711,meta_Class,0.892479
mutual_info_score,8,RandomForest,combat_target,gse49711,meta_Class,0.919444
mutual_info_score,9,RandomForest,combat_target,gse49711,meta_Class,0.919444
mutual_info_proba_classif,0,RandomForest,combat_target,gse49711,meta_Class,0.927452
mutual_info_proba_classif,1,RandomForest,combat_target,gse49711,meta_Class,0.927452
mutual_info_proba_classif,2,RandomForest,combat_target,gse49711,meta_Class,0.927452
mutual_info_proba_classif,3,RandomForest,combat_target,gse49711,meta_Class,0.927452
mutual_info_proba_classif,4,RandomForest,combat_target,gse49711,meta_Class,0.927452
mutual_info_proba_classif,5,RandomForest,combat_target,gse49711,meta_Class,0.927452
mutual_info_proba_classif,6,RandomForest,combat_target,gse49711,meta_Class,0.927452
mutual_info_proba_classif,7,RandomForest,combat_target,gse49711,meta_Class,0.927452
mutual_info_proba_classif,8,RandomForest,combat_target,gse49711,meta_Class,0.927452
mutual_info_proba_classif,9,RandomForest,combat_target,gse49711,meta_Class,0.927452
mutual_info_proba_sum,0,RandomForest,combat_target,gse49711,meta_Class,0.333949
mutual_info_proba_sum,1,RandomForest,combat_target,gse49711,meta_Class,0.362599
mutual_info_proba_sum,2,RandomForest,combat_target,gse49711,meta_Class,0.349765
mutual_info_proba_sum,3,RandomForest,combat_target,gse49711,meta_Class,0.356109
mutual_info_proba_sum,4,RandomForest,combat_target,gse49711,meta_Class,0.363462
mutual_info_proba_sum,5,RandomForest,combat_target,gse49711,meta_Class,0.355588
mutual_info_proba_sum,6,RandomForest,combat_target,gse49711,meta_Class,0.352896
mutual_info_proba_sum,7,RandomForest,combat_target,gse49711,meta_Class,0.353848
mutual_info_proba_sum,8,RandomForest,combat_target,gse49711,meta_Class,0.344727
mutual_info_proba_sum,9,RandomForest,combat_target,gse49711,meta_Class,0.353149
determinant_based_mutual_information,0,RandomForest,combat_target,gse49711,meta_Class,0.596036
determinant_based_mutual_information,1,RandomForest,combat_target,gse49711,meta_Class,0.619637
determinant_based_mutual_information,2,RandomForest,combat_target,gse49711,meta_Class,0.608149
determinant_based_mutual_information,3,RandomForest,combat_target,gse49711,meta_Class,0.61332
determinant_based_mutual_information,4,RandomForest,combat_target,gse49711,meta_Class,0.620742
determinant_based_mutual_information,5,RandomForest,combat_target,gse49711,meta_Class,0.612339
determinant_based_mutual_information,6,RandomForest,combat_target,gse49711,meta_Class,0.611693
determinant_based_mutual_information,7,RandomForest,combat_target,gse49711,meta_Class,0.613288
determinant_based_mutual_information,8,RandomForest,combat_target,gse49711,meta_Class,0.606796
determinant_based_mutual_information,9,RandomForest,combat_target,gse49711,meta_Class,0.611127
accuracy_score,0,RandomForest,combat_target,gse49711,meta_Class,1.0
accuracy_score,1,RandomForest,combat_target,gse49711,meta_Class,1.0
accuracy_score,2,RandomForest,combat_target,gse49711,meta_Class,1.0
accuracy_score,3,RandomForest,combat_target,gse49711,meta_Class,1.0
accuracy_score,4,RandomForest,combat_target,gse49711,meta_Class,1.0
accuracy_score,5,RandomForest,combat_target,gse49711,meta_Class,1.0
accuracy_score,6,RandomForest,combat_target,gse49711,meta_Class,1.0
accuracy_score,7,RandomForest,combat_target,gse49711,meta_Class,0.996337
accuracy_score,8,RandomForest,combat_target,gse49711,meta_Class,1.0
accuracy_score,9,RandomForest,combat_target,gse49711,meta_Class,1.0
log_loss,0,RandomForest,combat_target,gse49711,meta_Class,0.836883
log_loss,1,RandomForest,combat_target,gse49711,meta_Class,0.851394
log_loss,2,RandomForest,combat_target,gse49711,meta_Class,0.844226
log_loss,3,RandomForest,combat_target,gse49711,meta_Class,0.848037
log_loss,4,RandomForest,combat_target,gse49711,meta_Class,0.851108
log_loss,5,RandomForest,combat_target,gse49711,meta_Class,0.847842
log_loss,6,RandomForest,combat_target,gse49711,meta_Class,0.845896
log_loss,7,RandomForest,combat_target,gse49711,meta_Class,0.846302
log_loss,8,RandomForest,combat_target,gse49711,meta_Class,0.841415
log_loss,9,RandomForest,combat_target,gse49711,meta_Class,0.846504
roc_auc_score,0,HistGradientBoosting,combat_target,gse49711,meta_Class,0.973118
roc_auc_score,1,HistGradientBoosting,combat_target,gse49711,meta_Class,1.0
roc_auc_score,2,HistGradientBoosting,combat_target,gse49711,meta_Class,1.0
roc_auc_score,3,HistGradientBoosting,combat_target,gse49711,meta_Class,1.0
roc_auc_score,4,HistGradientBoosting,combat_target,gse49711,meta_Class,0.973118
roc_auc_score,5,HistGradientBoosting,combat_target,gse49711,meta_Class,1.0
roc_auc_score,6,HistGradientBoosting,combat_target,gse49711,meta_Class,1.0
roc_auc_score,7,HistGradientBoosting,combat_target,gse49711,meta_Class,1.0
roc_auc_score,8,HistGradientBoosting,combat_target,gse49711,meta_Class,1.0
roc_auc_score,9,HistGradientBoosting,combat_target,gse49711,meta_Class,1.0
mutual_info_score,0,HistGradientBoosting,combat_target,gse49711,meta_Class,0.826291
mutual_info_score,1,HistGradientBoosting,combat_target,gse49711,meta_Class,0.872234
mutual_info_score,2,HistGradientBoosting,combat_target,gse49711,meta_Class,0.919444
mutual_info_score,3,HistGradientBoosting,combat_target,gse49711,meta_Class,0.919444
mutual_info_score,4,HistGradientBoosting,combat_target,gse49711,meta_Class,0.826291
mutual_info_score,5,HistGradientBoosting,combat_target,gse49711,meta_Class,0.919444
mutual_info_score,6,HistGradientBoosting,combat_target,gse49711,meta_Class,0.919444
mutual_info_score,7,HistGradientBoosting,combat_target,gse49711,meta_Class,0.892179
mutual_info_score,8,HistGradientBoosting,combat_target,gse49711,meta_Class,0.919444
mutual_info_score,9,HistGradientBoosting,combat_target,gse49711,meta_Class,0.892179
mutual_info_proba_classif,0,HistGradientBoosting,combat_target,gse49711,meta_Class,0.826324
mutual_info_proba_classif,1,HistGradientBoosting,combat_target,gse49711,meta_Class,0.893122
mutual_info_proba_classif,2,HistGradientBoosting,combat_target,gse49711,meta_Class,0.927452
mutual_info_proba_classif,3,HistGradientBoosting,combat_target,gse49711,meta_Class,0.927452
mutual_info_proba_classif,4,HistGradientBoosting,combat_target,gse49711,meta_Class,0.826274
mutual_info_proba_classif,5,HistGradientBoosting,combat_target,gse49711,meta_Class,0.927452
mutual_info_proba_classif,6,HistGradientBoosting,combat_target,gse49711,meta_Class,0.927452
mutual_info_proba_classif,7,HistGradientBoosting,combat_target,gse49711,meta_Class,0.910287
mutual_info_proba_classif,8,HistGradientBoosting,combat_target,gse49711,meta_Class,0.927452
mutual_info_proba_classif,9,HistGradientBoosting,combat_target,gse49711,meta_Class,0.910287
mutual_info_proba_sum,0,HistGradientBoosting,combat_target,gse49711,meta_Class,0.780945
mutual_info_proba_sum,1,HistGradientBoosting,combat_target,gse49711,meta_Class,0.817844
mutual_info_proba_sum,2,HistGradientBoosting,combat_target,gse49711,meta_Class,0.822777
mutual_info_proba_sum,3,HistGradientBoosting,combat_target,gse49711,meta_Class,0.8029
mutual_info_proba_sum,4,HistGradientBoosting,combat_target,gse49711,meta_Class,0.779179
mutual_info_proba_sum,5,HistGradientBoosting,combat_target,gse49711,meta_Class,0.816107
mutual_info_proba_sum,6,HistGradientBoosting,combat_target,gse49711,meta_Class,0.816315
mutual_info_proba_sum,7,HistGradientBoosting,combat_target,gse49711,meta_Class,0.804738
mutual_info_proba_sum,8,HistGradientBoosting,combat_target,gse49711,meta_Class,0.816203
mutual_info_proba_sum,9,HistGradientBoosting,combat_target,gse49711,meta_Class,0.814369
determinant_based_mutual_information,0,HistGradientBoosting,combat_target,gse49711,meta_Class,0.831801
determinant_based_mutual_information,1,HistGradientBoosting,combat_target,gse49711,meta_Class,0.859736
determinant_based_mutual_information,2,HistGradientBoosting,combat_target,gse49711,meta_Class,0.863298
determinant_based_mutual_information,3,HistGradientBoosting,combat_target,gse49711,meta_Class,0.855719
determinant_based_mutual_information,4,HistGradientBoosting,combat_target,gse49711,meta_Class,0.831499
determinant_based_mutual_information,5,HistGradientBoosting,combat_target,gse49711,meta_Class,0.861702
determinant_based_mutual_information,6,HistGradientBoosting,combat_target,gse49711,meta_Class,0.860185
determinant_based_mutual_information,7,HistGradientBoosting,combat_target,gse49711,meta_Class,0.854808
determinant_based_mutual_information,8,HistGradientBoosting,combat_target,gse49711,meta_Class,0.860143
determinant_based_mutual_information,9,HistGradientBoosting,combat_target,gse49711,meta_Class,0.85916
accuracy_score,0,HistGradientBoosting,combat_target,gse49711,meta_Class,0.981685
accuracy_score,1,HistGradientBoosting,combat_target,gse49711,meta_Class,0.992593
accuracy_score,2,HistGradientBoosting,combat_target,gse49711,meta_Class,1.0
accuracy_score,3,HistGradientBoosting,combat_target,gse49711,meta_Class,1.0
accuracy_score,4,HistGradientBoosting,combat_target,gse49711,meta_Class,0.981685
accuracy_score,5,HistGradientBoosting,combat_target,gse49711,meta_Class,1.0
accuracy_score,6,HistGradientBoosting,combat_target,gse49711,meta_Class,1.0
accuracy_score,7,HistGradientBoosting,combat_target,gse49711,meta_Class,0.996296
accuracy_score,8,HistGradientBoosting,combat_target,gse49711,meta_Class,1.0
accuracy_score,9,HistGradientBoosting,combat_target,gse49711,meta_Class,0.996296
log_loss,0,HistGradientBoosting,combat_target,gse49711,meta_Class,0.882047
log_loss,1,HistGradientBoosting,combat_target,gse49711,meta_Class,0.983692
log_loss,2,HistGradientBoosting,combat_target,gse49711,meta_Class,0.986212
log_loss,3,HistGradientBoosting,combat_target,gse49711,meta_Class,0.982203
log_loss,4,HistGradientBoosting,combat_target,gse49711,meta_Class,0.881769
log_loss,5,HistGradientBoosting,combat_target,gse49711,meta_Class,0.98505
log_loss,6,HistGradientBoosting,combat_target,gse49711,meta_Class,0.985003
log_loss,7,HistGradientBoosting,combat_target,gse49711,meta_Class,0.98194
log_loss,8,HistGradientBoosting,combat_target,gse49711,meta_Class,0.984561
log_loss,9,HistGradientBoosting,combat_target,gse49711,meta_Class,0.984263
roc_auc_score,0,RandomForest,limma,gse49711,meta_Class,1.0
roc_auc_score,1,RandomForest,limma,gse49711,meta_Class,1.0
roc_auc_score,2,RandomForest,limma,gse49711,meta_Class,1.0
roc_auc_score,3,RandomForest,limma,gse49711,meta_Class,1.0
roc_auc_score,4,RandomForest,limma,gse49711,meta_Class,1.0
roc_auc_score,5,RandomForest,limma,gse49711,meta_Class,1.0
roc_auc_score,6,RandomForest,limma,gse49711,meta_Class,1.0
roc_auc_score,7,RandomForest,limma,gse49711,meta_Class,1.0
roc_auc_score,8,RandomForest,limma,gse49711,meta_Class,1.0
roc_auc_score,9,RandomForest,limma,gse49711,meta_Class,1.0
mutual_info_score,0,RandomForest,limma,gse49711,meta_Class,0.919444
mutual_info_score,1,RandomForest,limma,gse49711,meta_Class,0.919444
mutual_info_score,2,RandomForest,limma,gse49711,meta_Class,0.919444
mutual_info_score,3,RandomForest,limma,gse49711,meta_Class,0.919444
mutual_info_score,4,RandomForest,limma,gse49711,meta_Class,0.919444
mutual_info_score,5,RandomForest,limma,gse49711,meta_Class,0.919444
mutual_info_score,6,RandomForest,limma,gse49711,meta_Class,0.919444
mutual_info_score,7,RandomForest,limma,gse49711,meta_Class,0.919444
mutual_info_score,8,RandomForest,limma,gse49711,meta_Class,0.919444
mutual_info_score,9,RandomForest,limma,gse49711,meta_Class,0.919444
mutual_info_proba_classif,0,RandomForest,limma,gse49711,meta_Class,0.927452
mutual_info_proba_classif,1,RandomForest,limma,gse49711,meta_Class,0.927452
mutual_info_proba_classif,2,RandomForest,limma,gse49711,meta_Class,0.927452
mutual_info_proba_classif,3,RandomForest,limma,gse49711,meta_Class,0.927452
mutual_info_proba_classif,4,RandomForest,limma,gse49711,meta_Class,0.927452
mutual_info_proba_classif,5,RandomForest,limma,gse49711,meta_Class,0.927452
mutual_info_proba_classif,6,RandomForest,limma,gse49711,meta_Class,0.927452
mutual_info_proba_classif,7,RandomForest,limma,gse49711,meta_Class,0.927452
mutual_info_proba_classif,8,RandomForest,limma,gse49711,meta_Class,0.927452
mutual_info_proba_classif,9,RandomForest,limma,gse49711,meta_Class,0.927452
mutual_info_proba_sum,0,RandomForest,limma,gse49711,meta_Class,0.391407
mutual_info_proba_sum,1,RandomForest,limma,gse49711,meta_Class,0.403284
mutual_info_proba_sum,2,RandomForest,limma,gse49711,meta_Class,0.407821
mutual_info_proba_sum,3,RandomForest,limma,gse49711,meta_Class,0.395326
mutual_info_proba_sum,4,RandomForest,limma,gse49711,meta_Class,0.397686
mutual_info_proba_sum,5,RandomForest,limma,gse49711,meta_Class,0.38881
mutual_info_proba_sum,6,RandomForest,limma,gse49711,meta_Class,0.405486
mutual_info_proba_sum,7,RandomForest,limma,gse49711,meta_Class,0.409361
mutual_info_proba_sum,8,RandomForest,limma,gse49711,meta_Class,0.397306
mutual_info_proba_sum,9,RandomForest,limma,gse49711,meta_Class,0.401666
determinant_based_mutual_information,0,RandomForest,limma,gse49711,meta_Class,0.636042
determinant_based_mutual_information,1,RandomForest,limma,gse49711,meta_Class,0.644348
determinant_based_mutual_information,2,RandomForest,limma,gse49711,meta_Class,0.648981
determinant_based_mutual_information,3,RandomForest,limma,gse49711,meta_Class,0.638726
determinant_based_mutual_information,4,RandomForest,limma,gse49711,meta_Class,0.639812
determinant_based_mutual_information,5,RandomForest,limma,gse49711,meta_Class,0.634406
determinant_based_mutual_information,6,RandomForest,limma,gse49711,meta_Class,0.647091
determinant_based_mutual_information,7,RandomForest,limma,gse49711,meta_Class,0.650448
determinant_based_mutual_information,8,RandomForest,limma,gse49711,meta_Class,0.641119
determinant_based_mutual_information,9,RandomForest,limma,gse49711,meta_Class,0.643033
accuracy_score,0,RandomForest,limma,gse49711,meta_Class,1.0
accuracy_score,1,RandomForest,limma,gse49711,meta_Class,1.0
accuracy_score,2,RandomForest,limma,gse49711,meta_Class,1.0
accuracy_score,3,RandomForest,limma,gse49711,meta_Class,1.0
accuracy_score,4,RandomForest,limma,gse49711,meta_Class,1.0
accuracy_score,5,RandomForest,limma,gse49711,meta_Class,1.0
accuracy_score,6,RandomForest,limma,gse49711,meta_Class,1.0
accuracy_score,7,RandomForest,limma,gse49711,meta_Class,1.0
accuracy_score,8,RandomForest,limma,gse49711,meta_Class,1.0
accuracy_score,9,RandomForest,limma,gse49711,meta_Class,1.0
log_loss,0,RandomForest,limma,gse49711,meta_Class,0.866155
log_loss,1,RandomForest,limma,gse49711,meta_Class,0.871496
log_loss,2,RandomForest,limma,gse49711,meta_Class,0.873113
log_loss,3,RandomForest,limma,gse49711,meta_Class,0.868115
log_loss,4,RandomForest,limma,gse49711,meta_Class,0.868809
log_loss,5,RandomForest,limma,gse49711,meta_Class,0.865083
log_loss,6,RandomForest,limma,gse49711,meta_Class,0.872083
log_loss,7,RandomForest,limma,gse49711,meta_Class,0.87341
log_loss,8,RandomForest,limma,gse49711,meta_Class,0.868792
log_loss,9,RandomForest,limma,gse49711,meta_Class,0.870608
roc_auc_score,0,HistGradientBoosting,limma,gse49711,meta_Class,0.973118
roc_auc_score,1,HistGradientBoosting,limma,gse49711,meta_Class,1.0
roc_auc_score,2,HistGradientBoosting,limma,gse49711,meta_Class,1.0
roc_auc_score,3,HistGradientBoosting,limma,gse49711,meta_Class,1.0
roc_auc_score,4,HistGradientBoosting,limma,gse49711,meta_Class,0.973118
roc_auc_score,5,HistGradientBoosting,limma,gse49711,meta_Class,1.0
roc_auc_score,6,HistGradientBoosting,limma,gse49711,meta_Class,1.0
roc_auc_score,7,HistGradientBoosting,limma,gse49711,meta_Class,1.0
roc_auc_score,8,HistGradientBoosting,limma,gse49711,meta_Class,1.0
roc_auc_score,9,HistGradientBoosting,limma,gse49711,meta_Class,1.0
mutual_info_score,0,HistGradientBoosting,limma,gse49711,meta_Class,0.826291
mutual_info_score,1,HistGradientBoosting,limma,gse49711,meta_Class,0.845269
mutual_info_score,2,HistGradientBoosting,limma,gse49711,meta_Class,0.892392
mutual_info_score,3,HistGradientBoosting,limma,gse49711,meta_Class,0.892479
mutual_info_score,4,HistGradientBoosting,limma,gse49711,meta_Class,0.826291
mutual_info_score,5,HistGradientBoosting,limma,gse49711,meta_Class,0.919444
mutual_info_score,6,HistGradientBoosting,limma,gse49711,meta_Class,0.919444
mutual_info_score,7,HistGradientBoosting,limma,gse49711,meta_Class,0.892479
mutual_info_score,8,HistGradientBoosting,limma,gse49711,meta_Class,0.865127
mutual_info_score,9,HistGradientBoosting,limma,gse49711,meta_Class,0.892179
mutual_info_proba_classif,0,HistGradientBoosting,limma,gse49711,meta_Class,0.826324
mutual_info_proba_classif,1,HistGradientBoosting,limma,gse49711,meta_Class,0.876146
mutual_info_proba_classif,2,HistGradientBoosting,limma,gse49711,meta_Class,0.910392
mutual_info_proba_classif,3,HistGradientBoosting,limma,gse49711,meta_Class,0.910476
mutual_info_proba_classif,4,HistGradientBoosting,limma,gse49711,meta_Class,0.826274
mutual_info_proba_classif,5,HistGradientBoosting,limma,gse49711,meta_Class,0.927452
mutual_info_proba_classif,6,HistGradientBoosting,limma,gse49711,meta_Class,0.927452
mutual_info_proba_classif,7,HistGradientBoosting,limma,gse49711,meta_Class,0.927452
mutual_info_proba_classif,8,HistGradientBoosting,limma,gse49711,meta_Class,0.893227
mutual_info_proba_classif,9,HistGradientBoosting,limma,gse49711,meta_Class,0.910287
mutual_info_proba_sum,0,HistGradientBoosting,limma,gse49711,meta_Class,0.770875
mutual_info_proba_sum,1,HistGradientBoosting,limma,gse49711,meta_Class,0.794812
mutual_info_proba_sum,2,HistGradientBoosting,limma,gse49711,meta_Class,0.814169
mutual_info_proba_sum,3,HistGradientBoosting,limma,gse49711,meta_Class,0.820938
mutual_info_proba_sum,4,HistGradientBoosting,limma,gse49711,meta_Class,0.758612
mutual_info_proba_sum,5,HistGradientBoosting,limma,gse49711,meta_Class,0.829575
mutual_info_proba_sum,6,HistGradientBoosting,limma,gse49711,meta_Class,0.806872
mutual_info_proba_sum,7,HistGradientBoosting,limma,gse49711,meta_Class,0.820573
mutual_info_proba_sum,8,HistGradientBoosting,limma,gse49711,meta_Class,0.773299
mutual_info_proba_sum,9,HistGradientBoosting,limma,gse49711,meta_Class,0.821933
determinant_based_mutual_information,0,HistGradientBoosting,limma,gse49711,meta_Class,0.827368
determinant_based_mutual_information,1,HistGradientBoosting,limma,gse49711,meta_Class,0.847261
determinant_based_mutual_information,2,HistGradientBoosting,limma,gse49711,meta_Class,0.857551
determinant_based_mutual_information,3,HistGradientBoosting,limma,gse49711,meta_Class,0.860585
determinant_based_mutual_information,4,HistGradientBoosting,limma,gse49711,meta_Class,0.822319
determinant_based_mutual_information,5,HistGradientBoosting,limma,gse49711,meta_Class,0.865185
determinant_based_mutual_information,6,HistGradientBoosting,limma,gse49711,meta_Class,0.854693
determinant_based_mutual_information,7,HistGradientBoosting,limma,gse49711,meta_Class,0.85967
determinant_based_mutual_information,8,HistGradientBoosting,limma,gse49711,meta_Class,0.838403
determinant_based_mutual_information,9,HistGradientBoosting,limma,gse49711,meta_Class,0.860636
accuracy_score,0,HistGradientBoosting,limma,gse49711,meta_Class,0.981685
accuracy_score,1,HistGradientBoosting,limma,gse49711,meta_Class,0.98893
accuracy_score,2,HistGradientBoosting,limma,gse49711,meta_Class,0.996337
accuracy_score,3,HistGradientBoosting,limma,gse49711,meta_Class,0.996337
accuracy_score,4,HistGradientBoosting,limma,gse49711,meta_Class,0.981685
accuracy_score,5,HistGradientBoosting,limma,gse49711,meta_Class,1.0
accuracy_score,6,HistGradientBoosting,limma,gse49711,meta_Class,1.0
accuracy_score,7,HistGradientBoosting,limma,gse49711,meta_Class,0.996337
accuracy_score,8,HistGradientBoosting,limma,gse49711,meta_Class,0.992633
accuracy_score,9,HistGradientBoosting,limma,gse49711,meta_Class,0.996296
log_loss,0,HistGradientBoosting,limma,gse49711,meta_Class,0.88069
log_loss,1,HistGradientBoosting,limma,gse49711,meta_Class,0.976571
log_loss,2,HistGradientBoosting,limma,gse49711,meta_Class,0.983537
log_loss,3,HistGradientBoosting,limma,gse49711,meta_Class,0.984613
log_loss,4,HistGradientBoosting,limma,gse49711,meta_Class,0.878286
log_loss,5,HistGradientBoosting,limma,gse49711,meta_Class,0.987908
log_loss,6,HistGradientBoosting,limma,gse49711,meta_Class,0.983583
log_loss,7,HistGradientBoosting,limma,gse49711,meta_Class,0.985188
log_loss,8,HistGradientBoosting,limma,gse49711,meta_Class,0.972797
log_loss,9,HistGradientBoosting,limma,gse49711,meta_Class,0.985326
roc_auc_score,0,RandomForest,limma_target,gse49711,meta_Class,1.0
roc_auc_score,1,RandomForest,limma_target,gse49711,meta_Class,1.0
roc_auc_score,2,RandomForest,limma_target,gse49711,meta_Class,1.0
roc_auc_score,3,RandomForest,limma_target,gse49711,meta_Class,1.0
roc_auc_score,4,RandomForest,limma_target,gse49711,meta_Class,1.0
roc_auc_score,5,RandomForest,limma_target,gse49711,meta_Class,1.0
roc_auc_score,6,RandomForest,limma_target,gse49711,meta_Class,1.0
roc_auc_score,7,RandomForest,limma_target,gse49711,meta_Class,1.0
roc_auc_score,8,RandomForest,limma_target,gse49711,meta_Class,1.0
roc_auc_score,9,RandomForest,limma_target,gse49711,meta_Class,1.0
mutual_info_score,0,RandomForest,limma_target,gse49711,meta_Class,0.919444
mutual_info_score,1,RandomForest,limma_target,gse49711,meta_Class,0.919444
mutual_info_score,2,RandomForest,limma_target,gse49711,meta_Class,0.919444
mutual_info_score,3,RandomForest,limma_target,gse49711,meta_Class,0.919444
mutual_info_score,4,RandomForest,limma_target,gse49711,meta_Class,0.919444
mutual_info_score,5,RandomForest,limma_target,gse49711,meta_Class,0.919444
mutual_info_score,6,RandomForest,limma_target,gse49711,meta_Class,0.919444
mutual_info_score,7,RandomForest,limma_target,gse49711,meta_Class,0.919444
mutual_info_score,8,RandomForest,limma_target,gse49711,meta_Class,0.919444
mutual_info_score,9,RandomForest,limma_target,gse49711,meta_Class,0.919444
mutual_info_proba_classif,0,RandomForest,limma_target,gse49711,meta_Class,0.927452
mutual_info_proba_classif,1,RandomForest,limma_target,gse49711,meta_Class,0.927452
mutual_info_proba_classif,2,RandomForest,limma_target,gse49711,meta_Class,0.927452
mutual_info_proba_classif,3,RandomForest,limma_target,gse49711,meta_Class,0.927452
mutual_info_proba_classif,4,RandomForest,limma_target,gse49711,meta_Class,0.927452
mutual_info_proba_classif,5,RandomForest,limma_target,gse49711,meta_Class,0.927452
mutual_info_proba_classif,6,RandomForest,limma_target,gse49711,meta_Class,0.927452
mutual_info_proba_classif,7,RandomForest,limma_target,gse49711,meta_Class,0.927452
mutual_info_proba_classif,8,RandomForest,limma_target,gse49711,meta_Class,0.927452
mutual_info_proba_classif,9,RandomForest,limma_target,gse49711,meta_Class,0.927452
mutual_info_proba_sum,0,RandomForest,limma_target,gse49711,meta_Class,0.398884
mutual_info_proba_sum,1,RandomForest,limma_target,gse49711,meta_Class,0.409139
mutual_info_proba_sum,2,RandomForest,limma_target,gse49711,meta_Class,0.400279
mutual_info_proba_sum,3,RandomForest,limma_target,gse49711,meta_Class,0.414766
mutual_info_proba_sum,4,RandomForest,limma_target,gse49711,meta_Class,0.42504
mutual_info_proba_sum,5,RandomForest,limma_target,gse49711,meta_Class,0.420899
mutual_info_proba_sum,6,RandomForest,limma_target,gse49711,meta_Class,0.403615
mutual_info_proba_sum,7,RandomForest,limma_target,gse49711,meta_Class,0.414201
mutual_info_proba_sum,8,RandomForest,limma_target,gse49711,meta_Class,0.406969
mutual_info_proba_sum,9,RandomForest,limma_target,gse49711,meta_Class,0.410134
determinant_based_mutual_information,0,RandomForest,limma_target,gse49711,meta_Class,0.643024
determinant_based_mutual_information,1,RandomForest,limma_target,gse49711,meta_Class,0.650638
determinant_based_mutual_information,2,RandomForest,limma_target,gse49711,meta_Class,0.64482
determinant_based_mutual_information,3,RandomForest,limma_target,gse49711,meta_Class,0.653724
determinant_based_mutual_information,4,RandomForest,limma_target,gse49711,meta_Class,0.661806
determinant_based_mutual_information,5,RandomForest,limma_target,gse49711,meta_Class,0.657949
determinant_based_mutual_information,6,RandomForest,limma_target,gse49711,meta_Class,0.645999
determinant_based_mutual_information,7,RandomForest,limma_target,gse49711,meta_Class,0.655375
determinant_based_mutual_information,8,RandomForest,limma_target,gse49711,meta_Class,0.649229
determinant_based_mutual_information,9,RandomForest,limma_target,gse49711,meta_Class,0.651258
accuracy_score,0,RandomForest,limma_target,gse49711,meta_Class,1.0
accuracy_score,1,RandomForest,limma_target,gse49711,meta_Class,1.0
accuracy_score,2,RandomForest,limma_target,gse49711,meta_Class,1.0
accuracy_score,3,RandomForest,limma_target,gse49711,meta_Class,1.0
accuracy_score,4,RandomForest,limma_target,gse49711,meta_Class,1.0
accuracy_score,5,RandomForest,limma_target,gse49711,meta_Class,1.0
accuracy_score,6,RandomForest,limma_target,gse49711,meta_Class,1.0
accuracy_score,7,RandomForest,limma_target,gse49711,meta_Class,1.0
accuracy_score,8,RandomForest,limma_target,gse49711,meta_Class,1.0
accuracy_score,9,RandomForest,limma_target,gse49711,meta_Class,1.0
log_loss,0,RandomForest,limma_target,gse49711,meta_Class,0.868856
log_loss,1,RandomForest,limma_target,gse49711,meta_Class,0.873001
log_loss,2,RandomForest,limma_target,gse49711,meta_Class,0.868899
log_loss,3,RandomForest,limma_target,gse49711,meta_Class,0.875653
log_loss,4,RandomForest,limma_target,gse49711,meta_Class,0.879812
log_loss,5,RandomForest,limma_target,gse49711,meta_Class,0.878199
log_loss,6,RandomForest,limma_target,gse49711,meta_Class,0.870641
log_loss,7,RandomForest,limma_target,gse49711,meta_Class,0.87469
log_loss,8,RandomForest,limma_target,gse49711,meta_Class,0.872353
log_loss,9,RandomForest,limma_target,gse49711,meta_Class,0.873654
roc_auc_score,0,HistGradientBoosting,limma_target,gse49711,meta_Class,0.973118
roc_auc_score,1,HistGradientBoosting,limma_target,gse49711,meta_Class,1.0
roc_auc_score,2,HistGradientBoosting,limma_target,gse49711,meta_Class,1.0
roc_auc_score,3,HistGradientBoosting,limma_target,gse49711,meta_Class,1.0
roc_auc_score,4,HistGradientBoosting,limma_target,gse49711,meta_Class,0.973118
roc_auc_score,5,HistGradientBoosting,limma_target,gse49711,meta_Class,1.0
roc_auc_score,6,HistGradientBoosting,limma_target,gse49711,meta_Class,1.0
roc_auc_score,7,HistGradientBoosting,limma_target,gse49711,meta_Class,1.0
roc_auc_score,8,HistGradientBoosting,limma_target,gse49711,meta_Class,1.0
roc_auc_score,9,HistGradientBoosting,limma_target,gse49711,meta_Class,1.0
mutual_info_score,0,HistGradientBoosting,limma_target,gse49711,meta_Class,0.826291
mutual_info_score,1,HistGradientBoosting,limma_target,gse49711,meta_Class,0.919444
mutual_info_score,2,HistGradientBoosting,limma_target,gse49711,meta_Class,0.919444
mutual_info_score,3,HistGradientBoosting,limma_target,gse49711,meta_Class,0.919444
mutual_info_score,4,HistGradientBoosting,limma_target,gse49711,meta_Class,0.826291
mutual_info_score,5,HistGradientBoosting,limma_target,gse49711,meta_Class,0.919444
mutual_info_score,6,HistGradientBoosting,limma_target,gse49711,meta_Class,0.919444
mutual_info_score,7,HistGradientBoosting,limma_target,gse49711,meta_Class,0.919444
mutual_info_score,8,HistGradientBoosting,limma_target,gse49711,meta_Class,0.919444
mutual_info_score,9,HistGradientBoosting,limma_target,gse49711,meta_Class,0.919444
mutual_info_proba_classif,0,HistGradientBoosting,limma_target,gse49711,meta_Class,0.826324
mutual_info_proba_classif,1,HistGradientBoosting,limma_target,gse49711,meta_Class,0.927452
mutual_info_proba_classif,2,HistGradientBoosting,limma_target,gse49711,meta_Class,0.927452
mutual_info_proba_classif,3,HistGradientBoosting,limma_target,gse49711,meta_Class,0.927452
mutual_info_proba_classif,4,HistGradientBoosting,limma_target,gse49711,meta_Class,0.826274
mutual_info_proba_classif,5,HistGradientBoosting,limma_target,gse49711,meta_Class,0.927452
mutual_info_proba_classif,6,HistGradientBoosting,limma_target,gse49711,meta_Class,0.927452
mutual_info_proba_classif,7,HistGradientBoosting,limma_target,gse49711,meta_Class,0.927452
mutual_info_proba_classif,8,HistGradientBoosting,limma_target,gse49711,meta_Class,0.927452
mutual_info_proba_classif,9,HistGradientBoosting,limma_target,gse49711,meta_Class,0.927452
mutual_info_proba_sum,0,HistGradientBoosting,limma_target,gse49711,meta_Class,0.779652
mutual_info_proba_sum,1,HistGradientBoosting,limma_target,gse49711,meta_Class,0.830955
mutual_info_proba_sum,2,HistGradientBoosting,limma_target,gse49711,meta_Class,0.828016
mutual_info_proba_sum,3,HistGradientBoosting,limma_target,gse49711,meta_Class,0.830461
mutual_info_proba_sum,4,HistGradientBoosting,limma_target,gse49711,meta_Class,0.775138
mutual_info_proba_sum,5,HistGradientBoosting,limma_target,gse49711,meta_Class,0.833993
mutual_info_proba_sum,6,HistGradientBoosting,limma_target,gse49711,meta_Class,0.823902
mutual_info_proba_sum,7,HistGradientBoosting,limma_target,gse49711,meta_Class,0.788609
mutual_info_proba_sum,8,HistGradientBoosting,limma_target,gse49711,meta_Class,0.826771
mutual_info_proba_sum,9,HistGradientBoosting,limma_target,gse49711,meta_Class,0.827961
determinant_based_mutual_information,0,HistGradientBoosting,limma_target,gse49711,meta_Class,0.830574
determinant_based_mutual_information,1,HistGradientBoosting,limma_target,gse49711,meta_Class,0.865215
determinant_based_mutual_information,2,HistGradientBoosting,limma_target,gse49711,meta_Class,0.86489
determinant_based_mutual_information,3,HistGradientBoosting,limma_target,gse49711,meta_Class,0.866429
determinant_based_mutual_information,4,HistGradientBoosting,limma_target,gse49711,meta_Class,0.829807
determinant_based_mutual_information,5,HistGradientBoosting,limma_target,gse49711,meta_Class,0.867969
determinant_based_mutual_information,6,HistGradientBoosting,limma_target,gse49711,meta_Class,0.86341
determinant_based_mutual_information,7,HistGradientBoosting,limma_target,gse49711,meta_Class,0.847614
determinant_based_mutual_information,8,HistGradientBoosting,limma_target,gse49711,meta_Class,0.863918
determinant_based_mutual_information,9,HistGradientBoosting,limma_target,gse49711,meta_Class,0.864565
accuracy_score,0,HistGradientBoosting,limma_target,gse49711,meta_Class,0.981685
accuracy_score,1,HistGradientBoosting,limma_target,gse49711,meta_Class,1.0
accuracy_score,2,HistGradientBoosting,limma_target,gse49711,meta_Class,1.0
accuracy_score,3,HistGradientBoosting,limma_target,gse49711,meta_Class,1.0
accuracy_score,4,HistGradientBoosting,limma_target,gse49711,meta_Class,0.981685
accuracy_score,5,HistGradientBoosting,limma_target,gse49711,meta_Class,1.0
accuracy_score,6,HistGradientBoosting,limma_target,gse49711,meta_Class,1.0
accuracy_score,7,HistGradientBoosting,limma_target,gse49711,meta_Class,1.0
accuracy_score,8,HistGradientBoosting,limma_target,gse49711,meta_Class,1.0
accuracy_score,9,HistGradientBoosting,limma_target,gse49711,meta_Class,1.0
log_loss,0,HistGradientBoosting,limma_target,gse49711,meta_Class,0.882043
log_loss,1,HistGradientBoosting,limma_target,gse49711,meta_Class,0.987984
log_loss,2,HistGradientBoosting,limma_target,gse49711,meta_Class,0.987636
log_loss,3,HistGradientBoosting,limma_target,gse49711,meta_Class,0.988072
log_loss,4,HistGradientBoosting,limma_target,gse49711,meta_Class,0.881337
log_loss,5,HistGradientBoosting,limma_target,gse49711,meta_Class,0.988834
log_loss,6,HistGradientBoosting,limma_target,gse49711,meta_Class,0.987014
log_loss,7,HistGradientBoosting,limma_target,gse49711,meta_Class,0.97955
log_loss,8,HistGradientBoosting,limma_target,gse49711,meta_Class,0.98748
log_loss,9,HistGradientBoosting,limma_target,gse49711,meta_Class,0.987832
roc_auc_score,0,RandomForest,unadjusted,gse49711,meta_Class,0.989931
roc_auc_score,1,RandomForest,unadjusted,gse49711,meta_Class,0.989052
roc_auc_score,2,RandomForest,unadjusted,gse49711,meta_Class,0.985956
roc_auc_score,3,RandomForest,unadjusted,gse49711,meta_Class,0.988249
roc_auc_score,4,RandomForest,unadjusted,gse49711,meta_Class,0.990058
roc_auc_score,5,RandomForest,unadjusted,gse49711,meta_Class,0.991362
roc_auc_score,6,RandomForest,unadjusted,gse49711,meta_Class,0.989529
roc_auc_score,7,RandomForest,unadjusted,gse49711,meta_Class,0.986639
roc_auc_score,8,RandomForest,unadjusted,gse49711,meta_Class,0.987811
roc_auc_score,9,RandomForest,unadjusted,gse49711,meta_Class,0.990538
mutual_info_score,0,RandomForest,unadjusted,gse49711,meta_Class,0.693734
mutual_info_score,1,RandomForest,unadjusted,gse49711,meta_Class,0.677589
mutual_info_score,2,RandomForest,unadjusted,gse49711,meta_Class,0.609694
mutual_info_score,3,RandomForest,unadjusted,gse49711,meta_Class,0.659271
mutual_info_score,4,RandomForest,unadjusted,gse49711,meta_Class,0.687782
mutual_info_score,5,RandomForest,unadjusted,gse49711,meta_Class,0.746581
mutual_info_score,6,RandomForest,unadjusted,gse49711,meta_Class,0.646736
mutual_info_score,7,RandomForest,unadjusted,gse49711,meta_Class,0.668165
mutual_info_score,8,RandomForest,unadjusted,gse49711,meta_Class,0.621898
mutual_info_score,9,RandomForest,unadjusted,gse49711,meta_Class,0.711711
mutual_info_proba_classif,0,RandomForest,unadjusted,gse49711,meta_Class,0.776712
mutual_info_proba_classif,1,RandomForest,unadjusted,gse49711,meta_Class,0.76336
mutual_info_proba_classif,2,RandomForest,unadjusted,gse49711,meta_Class,0.709365
mutual_info_proba_classif,3,RandomForest,unadjusted,gse49711,meta_Class,0.737276
mutual_info_proba_classif,4,RandomForest,unadjusted,gse49711,meta_Class,0.760375
mutual_info_proba_classif,5,RandomForest,unadjusted,gse49711,meta_Class,0.781326
mutual_info_proba_classif,6,RandomForest,unadjusted,gse49711,meta_Class,0.771465
mutual_info_proba_classif,7,RandomForest,unadjusted,gse49711,meta_Class,0.761987
mutual_info_proba_classif,8,RandomForest,unadjusted,gse49711,meta_Class,0.730746
mutual_info_proba_classif,9,RandomForest,unadjusted,gse49711,meta_Class,0.767943
mutual_info_proba_sum,0,RandomForest,unadjusted,gse49711,meta_Class,0.331169
mutual_info_proba_sum,1,RandomForest,unadjusted,gse49711,meta_Class,0.329712
mutual_info_proba_sum,2,RandomForest,unadjusted,gse49711,meta_Class,0.310001
mutual_info_proba_sum,3,RandomForest,unadjusted,gse49711,meta_Class,0.309288
mutual_info_proba_sum,4,RandomForest,unadjusted,gse49711,meta_Class,0.333932
mutual_info_proba_sum,5,RandomForest,unadjusted,gse49711,meta_Class,0.337237
mutual_info_proba_sum,6,RandomForest,unadjusted,gse49711,meta_Class,0.334822
mutual_info_proba_sum,7,RandomForest,unadjusted,gse49711,meta_Class,0.334746
mutual_info_proba_sum,8,RandomForest,unadjusted,gse49711,meta_Class,0.315104
mutual_info_proba_sum,9,RandomForest,unadjusted,gse49711,meta_Class,0.330725
determinant_based_mutual_information,0,RandomForest,unadjusted,gse49711,meta_Class,0.592397
determinant_based_mutual_information,1,RandomForest,unadjusted,gse49711,meta_Class,0.592204
determinant_based_mutual_information,2,RandomForest,unadjusted,gse49711,meta_Class,0.572625
determinant_based_mutual_information,3,RandomForest,unadjusted,gse49711,meta_Class,0.574644
determinant_based_mutual_information,4,RandomForest,unadjusted,gse49711,meta_Class,0.596736
determinant_based_mutual_information,5,RandomForest,unadjusted,gse49711,meta_Class,0.596283
determinant_based_mutual_information,6,RandomForest,unadjusted,gse49711,meta_Class,0.595677
determinant_based_mutual_information,7,RandomForest,unadjusted,gse49711,meta_Class,0.595433
determinant_based_mutual_information,8,RandomForest,unadjusted,gse49711,meta_Class,0.580793
determinant_based_mutual_information,9,RandomForest,unadjusted,gse49711,meta_Class,0.590218
accuracy_score,0,RandomForest,unadjusted,gse49711,meta_Class,0.959626
accuracy_score,1,RandomForest,unadjusted,gse49711,meta_Class,0.9558
accuracy_score,2,RandomForest,unadjusted,gse49711,meta_Class,0.941107
accuracy_score,3,RandomForest,unadjusted,gse49711,meta_Class,0.952137
accuracy_score,4,RandomForest,unadjusted,gse49711,meta_Class,0.959503
accuracy_score,5,RandomForest,unadjusted,gse49711,meta_Class,0.966992
accuracy_score,6,RandomForest,unadjusted,gse49711,meta_Class,0.948596
accuracy_score,7,RandomForest,unadjusted,gse49711,meta_Class,0.955963
accuracy_score,8,RandomForest,unadjusted,gse49711,meta_Class,0.944851
accuracy_score,9,RandomForest,unadjusted,gse49711,meta_Class,0.963248
log_loss,0,RandomForest,unadjusted,gse49711,meta_Class,0.814938
log_loss,1,RandomForest,unadjusted,gse49711,meta_Class,0.811706
log_loss,2,RandomForest,unadjusted,gse49711,meta_Class,0.800389
log_loss,3,RandomForest,unadjusted,gse49711,meta_Class,0.801432
log_loss,4,RandomForest,unadjusted,gse49711,meta_Class,0.815298
log_loss,5,RandomForest,unadjusted,gse49711,meta_Class,0.817576
log_loss,6,RandomForest,unadjusted,gse49711,meta_Class,0.816177
log_loss,7,RandomForest,unadjusted,gse49711,meta_Class,0.808426
log_loss,8,RandomForest,unadjusted,gse49711,meta_Class,0.803413
log_loss,9,RandomForest,unadjusted,gse49711,meta_Class,0.813102
roc_auc_score,0,HistGradientBoosting,unadjusted,gse49711,meta_Class,0.991677
roc_auc_score,1,HistGradientBoosting,unadjusted,gse49711,meta_Class,0.983776
roc_auc_score,2,HistGradientBoosting,unadjusted,gse49711,meta_Class,0.984343
roc_auc_score,3,HistGradientBoosting,unadjusted,gse49711,meta_Class,0.976378
roc_auc_score,4,HistGradientBoosting,unadjusted,gse49711,meta_Class,0.991111
roc_auc_score,5,HistGradientBoosting,unadjusted,gse49711,meta_Class,0.982659
roc_auc_score,6,HistGradientBoosting,unadjusted,gse49711,meta_Class,0.987938
roc_auc_score,7,HistGradientBoosting,unadjusted,gse49711,meta_Class,0.980733
roc_auc_score,8,HistGradientBoosting,unadjusted,gse49711,meta_Class,0.98771
roc_auc_score,9,HistGradientBoosting,unadjusted,gse49711,meta_Class,0.991001
mutual_info_score,0,HistGradientBoosting,unadjusted,gse49711,meta_Class,0.709403
mutual_info_score,1,HistGradientBoosting,unadjusted,gse49711,meta_Class,0.646499
mutual_info_score,2,HistGradientBoosting,unadjusted,gse49711,meta_Class,0.612097
mutual_info_score,3,HistGradientBoosting,unadjusted,gse49711,meta_Class,0.599576
mutual_info_score,4,HistGradientBoosting,unadjusted,gse49711,meta_Class,0.732798
mutual_info_score,5,HistGradientBoosting,unadjusted,gse49711,meta_Class,0.668122
mutual_info_score,6,HistGradientBoosting,unadjusted,gse49711,meta_Class,0.699884
mutual_info_score,7,HistGradientBoosting,unadjusted,gse49711,meta_Class,0.657644
mutual_info_score,8,HistGradientBoosting,unadjusted,gse49711,meta_Class,0.690934
mutual_info_score,9,HistGradientBoosting,unadjusted,gse49711,meta_Class,0.668341
mutual_info_proba_classif,0,HistGradientBoosting,unadjusted,gse49711,meta_Class,0.753639
mutual_info_proba_classif,1,HistGradientBoosting,unadjusted,gse49711,meta_Class,0.682315
mutual_info_proba_classif,2,HistGradientBoosting,unadjusted,gse49711,meta_Class,0.712897
mutual_info_proba_classif,3,HistGradientBoosting,unadjusted,gse49711,meta_Class,0.691564
mutual_info_proba_classif,4,HistGradientBoosting,unadjusted,gse49711,meta_Class,0.76289
mutual_info_proba_classif,5,HistGradientBoosting,unadjusted,gse49711,meta_Class,0.71828
mutual_info_proba_classif,6,HistGradientBoosting,unadjusted,gse49711,meta_Class,0.718834
mutual_info_proba_classif,7,HistGradientBoosting,unadjusted,gse49711,meta_Class,0.679521
mutual_info_proba_classif,8,HistGradientBoosting,unadjusted,gse49711,meta_Class,0.745493
mutual_info_proba_classif,9,HistGradientBoosting,unadjusted,gse49711,meta_Class,0.711256
mutual_info_proba_sum,0,HistGradientBoosting,unadjusted,gse49711,meta_Class,0.573196
mutual_info_proba_sum,1,HistGradientBoosting,unadjusted,gse49711,meta_Class,0.534253
mutual_info_proba_sum,2,HistGradientBoosting,unadjusted,gse49711,meta_Class,0.524481
mutual_info_proba_sum,3,HistGradientBoosting,unadjusted,gse49711,meta_Class,0.524444
mutual_info_proba_sum,4,HistGradientBoosting,unadjusted,gse49711,meta_Class,0.585999
mutual_info_proba_sum,5,HistGradientBoosting,unadjusted,gse49711,meta_Class,0.550988
mutual_info_proba_sum,6,HistGradientBoosting,unadjusted,gse49711,meta_Class,0.561434
mutual_info_proba_sum,7,HistGradientBoosting,unadjusted,gse49711,meta_Class,0.558146
mutual_info_proba_sum,8,HistGradientBoosting,unadjusted,gse49711,meta_Class,0.550288
mutual_info_proba_sum,9,HistGradientBoosting,unadjusted,gse49711,meta_Class,0.563897
determinant_based_mutual_information,0,HistGradientBoosting,unadjusted,gse49711,meta_Class,0.745372
determinant_based_mutual_information,1,HistGradientBoosting,unadjusted,gse49711,meta_Class,0.723643
determinant_based_mutual_information,2,HistGradientBoosting,unadjusted,gse49711,meta_Class,0.708011
determinant_based_mutual_information,3,HistGradientBoosting,unadjusted,gse49711,meta_Class,0.713494
determinant_based_mutual_information,4,HistGradientBoosting,unadjusted,gse49711,meta_Class,0.757846
determinant_based_mutual_information,5,HistGradientBoosting,unadjusted,gse49711,meta_Class,0.731319
determinant_based_mutual_information,6,HistGradientBoosting,unadjusted,gse49711,meta_Class,0.742551
determinant_based_mutual_information,7,HistGradientBoosting,unadjusted,gse49711,meta_Class,0.737762
determinant_based_mutual_information,8,HistGradientBoosting,unadjusted,gse49711,meta_Class,0.740688
determinant_based_mutual_information,9,HistGradientBoosting,unadjusted,gse49711,meta_Class,0.729874
accuracy_score,0,HistGradientBoosting,unadjusted,gse49711,meta_Class,0.963289
accuracy_score,1,HistGradientBoosting,unadjusted,gse49711,meta_Class,0.948433
accuracy_score,2,HistGradientBoosting,unadjusted,gse49711,meta_Class,0.937648
accuracy_score,3,HistGradientBoosting,unadjusted,gse49711,meta_Class,0.941148
accuracy_score,4,HistGradientBoosting,unadjusted,gse49711,meta_Class,0.970574
accuracy_score,5,HistGradientBoosting,unadjusted,gse49711,meta_Class,0.952259
accuracy_score,6,HistGradientBoosting,unadjusted,gse49711,meta_Class,0.959544
accuracy_score,7,HistGradientBoosting,unadjusted,gse49711,meta_Class,0.952259
accuracy_score,8,HistGradientBoosting,unadjusted,gse49711,meta_Class,0.955922
accuracy_score,9,HistGradientBoosting,unadjusted,gse49711,meta_Class,0.9523
log_loss,0,HistGradientBoosting,unadjusted,gse49711,meta_Class,0.883213
log_loss,1,HistGradientBoosting,unadjusted,gse49711,meta_Class,0.844886
log_loss,2,HistGradientBoosting,unadjusted,gse49711,meta_Class,0.849476
log_loss,3,HistGradientBoosting,unadjusted,gse49711,meta_Class,0.829416
log_loss,4,HistGradientBoosting,unadjusted,gse49711,meta_Class,0.887652
log_loss,5,HistGradientBoosting,unadjusted,gse49711,meta_Class,0.84522
log_loss,6,HistGradientBoosting,unadjusted,gse49711,meta_Class,0.877922
log_loss,7,HistGradientBoosting,unadjusted,gse49711,meta_Class,0.849061
log_loss,8,HistGradientBoosting,unadjusted,gse49711,meta_Class,0.866523
log_loss,9,HistGradientBoosting,unadjusted,gse49711,meta_Class,0.864023
roc_auc_score,0,RandomForest,tampor,gse49711,meta_Class,0.653176
roc_auc_score,1,RandomForest,tampor,gse49711,meta_Class,0.6783
roc_auc_score,2,RandomForest,tampor,gse49711,meta_Class,0.644021
roc_auc_score,3,RandomForest,tampor,gse49711,meta_Class,0.667373
roc_auc_score,4,RandomForest,tampor,gse49711,meta_Class,0.690588
roc_auc_score,5,RandomForest,tampor,gse49711,meta_Class,0.667691
roc_auc_score,6,RandomForest,tampor,gse49711,meta_Class,0.65083
roc_auc_score,7,RandomForest,tampor,gse49711,meta_Class,0.7019
roc_auc_score,8,RandomForest,tampor,gse49711,meta_Class,0.690291
roc_auc_score,9,RandomForest,tampor,gse49711,meta_Class,0.660107
mutual_info_score,0,RandomForest,tampor,gse49711,meta_Class,0.016371
mutual_info_score,1,RandomForest,tampor,gse49711,meta_Class,0.028138
mutual_info_score,2,RandomForest,tampor,gse49711,meta_Class,0.022131
mutual_info_score,3,RandomForest,tampor,gse49711,meta_Class,0.04428
mutual_info_score,4,RandomForest,tampor,gse49711,meta_Class,0.028573
mutual_info_score,5,RandomForest,tampor,gse49711,meta_Class,0.034205
mutual_info_score,6,RandomForest,tampor,gse49711,meta_Class,0.035109
mutual_info_score,7,RandomForest,tampor,gse49711,meta_Class,0.03099
mutual_info_score,8,RandomForest,tampor,gse49711,meta_Class,0.026217
mutual_info_score,9,RandomForest,tampor,gse49711,meta_Class,0.011749
mutual_info_proba_classif,0,RandomForest,tampor,gse49711,meta_Class,0.06832
mutual_info_proba_classif,1,RandomForest,tampor,gse49711,meta_Class,0.073128
mutual_info_proba_classif,2,RandomForest,tampor,gse49711,meta_Class,0.040977
mutual_info_proba_classif,3,RandomForest,tampor,gse49711,meta_Class,0.049615
mutual_info_proba_classif,4,RandomForest,tampor,gse49711,meta_Class,0.030344
mutual_info_proba_classif,5,RandomForest,tampor,gse49711,meta_Class,0.040536
mutual_info_proba_classif,6,RandomForest,tampor,gse49711,meta_Class,0.083369
mutual_info_proba_classif,7,RandomForest,tampor,gse49711,meta_Class,0.118283
mutual_info_proba_classif,8,RandomForest,tampor,gse49711,meta_Class,0.154796
mutual_info_proba_classif,9,RandomForest,tampor,gse49711,meta_Class,0.044779
mutual_info_proba_sum,0,RandomForest,tampor,gse49711,meta_Class,0.002537
mutual_info_proba_sum,1,RandomForest,tampor,gse49711,meta_Class,0.003298
mutual_info_proba_sum,2,RandomForest,tampor,gse49711,meta_Class,0.002483
mutual_info_proba_sum,3,RandomForest,tampor,gse49711,meta_Class,0.003291
mutual_info_proba_sum,4,RandomForest,tampor,gse49711,meta_Class,0.003422
mutual_info_proba_sum,5,RandomForest,tampor,gse49711,meta_Class,0.003168
mutual_info_proba_sum,6,RandomForest,tampor,gse49711,meta_Class,0.002925
mutual_info_proba_sum,7,RandomForest,tampor,gse49711,meta_Class,0.004343
mutual_info_proba_sum,8,RandomForest,tampor,gse49711,meta_Class,0.004001
mutual_info_proba_sum,9,RandomForest,tampor,gse49711,meta_Class,0.003148
determinant_based_mutual_information,0,RandomForest,tampor,gse49711,meta_Class,0.053296
determinant_based_mutual_information,1,RandomForest,tampor,gse49711,meta_Class,0.059881
determinant_based_mutual_information,2,RandomForest,tampor,gse49711,meta_Class,0.049104
determinant_based_mutual_information,3,RandomForest,tampor,gse49711,meta_Class,0.06116
determinant_based_mutual_information,4,RandomForest,tampor,gse49711,meta_Class,0.062273
determinant_based_mutual_information,5,RandomForest,tampor,gse49711,meta_Class,0.059884
determinant_based_mutual_information,6,RandomForest,tampor,gse49711,meta_Class,0.052669
determinant_based_mutual_information,7,RandomForest,tampor,gse49711,meta_Class,0.069745
determinant_based_mutual_information,8,RandomForest,tampor,gse49711,meta_Class,0.066282
determinant_based_mutual_information,9,RandomForest,tampor,gse49711,meta_Class,0.059488
accuracy_score,0,RandomForest,tampor,gse49711,meta_Class,0.661905
accuracy_score,1,RandomForest,tampor,gse49711,meta_Class,0.683923
accuracy_score,2,RandomForest,tampor,gse49711,meta_Class,0.672812
accuracy_score,3,RandomForest,tampor,gse49711,meta_Class,0.694953
accuracy_score,4,RandomForest,tampor,gse49711,meta_Class,0.687586
accuracy_score,5,RandomForest,tampor,gse49711,meta_Class,0.683842
accuracy_score,6,RandomForest,tampor,gse49711,meta_Class,0.687586
accuracy_score,7,RandomForest,tampor,gse49711,meta_Class,0.691127
accuracy_score,8,RandomForest,tampor,gse49711,meta_Class,0.680016
accuracy_score,9,RandomForest,tampor,gse49711,meta_Class,0.665527
log_loss,0,RandomForest,tampor,gse49711,meta_Class,0.396242
log_loss,1,RandomForest,tampor,gse49711,meta_Class,0.403102
log_loss,2,RandomForest,tampor,gse49711,meta_Class,0.39004
log_loss,3,RandomForest,tampor,gse49711,meta_Class,0.402998
log_loss,4,RandomForest,tampor,gse49711,meta_Class,0.407875
log_loss,5,RandomForest,tampor,gse49711,meta_Class,0.402939
log_loss,6,RandomForest,tampor,gse49711,meta_Class,0.393775
log_loss,7,RandomForest,tampor,gse49711,meta_Class,0.411146
log_loss,8,RandomForest,tampor,gse49711,meta_Class,0.408297
log_loss,9,RandomForest,tampor,gse49711,meta_Class,0.39939
roc_auc_score,0,HistGradientBoosting,tampor,gse49711,meta_Class,0.922411
roc_auc_score,1,HistGradientBoosting,tampor,gse49711,meta_Class,0.932923
roc_auc_score,2,HistGradientBoosting,tampor,gse49711,meta_Class,0.92313
roc_auc_score,3,HistGradientBoosting,tampor,gse49711,meta_Class,0.917804
roc_auc_score,4,HistGradientBoosting,tampor,gse49711,meta_Class,0.943324
roc_auc_score,5,HistGradientBoosting,tampor,gse49711,meta_Class,0.930736
roc_auc_score,6,HistGradientBoosting,tampor,gse49711,meta_Class,0.937331
roc_auc_score,7,HistGradientBoosting,tampor,gse49711,meta_Class,0.93577
roc_auc_score,8,HistGradientBoosting,tampor,gse49711,meta_Class,0.93651
roc_auc_score,9,HistGradientBoosting,tampor,gse49711,meta_Class,0.938494
mutual_info_score,0,HistGradientBoosting,tampor,gse49711,meta_Class,0.359838
mutual_info_score,1,HistGradientBoosting,tampor,gse49711,meta_Class,0.399218
mutual_info_score,2,HistGradientBoosting,tampor,gse49711,meta_Class,0.433259
mutual_info_score,3,HistGradientBoosting,tampor,gse49711,meta_Class,0.368295
mutual_info_score,4,HistGradientBoosting,tampor,gse49711,meta_Class,0.446366
mutual_info_score,5,HistGradientBoosting,tampor,gse49711,meta_Class,0.411289
mutual_info_score,6,HistGradientBoosting,tampor,gse49711,meta_Class,0.408962
mutual_info_score,7,HistGradientBoosting,tampor,gse49711,meta_Class,0.433775
mutual_info_score,8,HistGradientBoosting,tampor,gse49711,meta_Class,0.439989
mutual_info_score,9,HistGradientBoosting,tampor,gse49711,meta_Class,0.45161
mutual_info_proba_classif,0,HistGradientBoosting,tampor,gse49711,meta_Class,0.451172
mutual_info_proba_classif,1,HistGradientBoosting,tampor,gse49711,meta_Class,0.52818
mutual_info_proba_classif,2,HistGradientBoosting,tampor,gse49711,meta_Class,0.528107
mutual_info_proba_classif,3,HistGradientBoosting,tampor,gse49711,meta_Class,0.481533
mutual_info_proba_classif,4,HistGradientBoosting,tampor,gse49711,meta_Class,0.520682
mutual_info_proba_classif,5,HistGradientBoosting,tampor,gse49711,meta_Class,0.526263
mutual_info_proba_classif,6,HistGradientBoosting,tampor,gse49711,meta_Class,0.550077
mutual_info_proba_classif,7,HistGradientBoosting,tampor,gse49711,meta_Class,0.541634
mutual_info_proba_classif,8,HistGradientBoosting,tampor,gse49711,meta_Class,0.583452
mutual_info_proba_classif,9,HistGradientBoosting,tampor,gse49711,meta_Class,0.521371
mutual_info_proba_sum,0,HistGradientBoosting,tampor,gse49711,meta_Class,0.286384
mutual_info_proba_sum,1,HistGradientBoosting,tampor,gse49711,meta_Class,0.301899
mutual_info_proba_sum,2,HistGradientBoosting,tampor,gse49711,meta_Class,0.307995
mutual_info_proba_sum,3,HistGradientBoosting,tampor,gse49711,meta_Class,0.307551
mutual_info_proba_sum,4,HistGradientBoosting,tampor,gse49711,meta_Class,0.313837
mutual_info_proba_sum,5,HistGradientBoosting,tampor,gse49711,meta_Class,0.303631
mutual_info_proba_sum,6,HistGradientBoosting,tampor,gse49711,meta_Class,0.323482
mutual_info_proba_sum,7,HistGradientBoosting,tampor,gse49711,meta_Class,0.31685
mutual_info_proba_sum,8,HistGradientBoosting,tampor,gse49711,meta_Class,0.296939
mutual_info_proba_sum,9,HistGradientBoosting,tampor,gse49711,meta_Class,0.32363
determinant_based_mutual_information,0,HistGradientBoosting,tampor,gse49711,meta_Class,0.544358
determinant_based_mutual_information,1,HistGradientBoosting,tampor,gse49711,meta_Class,0.551665
determinant_based_mutual_information,2,HistGradientBoosting,tampor,gse49711,meta_Class,0.564457
determinant_based_mutual_information,3,HistGradientBoosting,tampor,gse49711,meta_Class,0.559197
determinant_based_mutual_information,4,HistGradientBoosting,tampor,gse49711,meta_Class,0.568654
determinant_based_mutual_information,5,HistGradientBoosting,tampor,gse49711,meta_Class,0.558758
determinant_based_mutual_information,6,HistGradientBoosting,tampor,gse49711,meta_Class,0.574512
determinant_based_mutual_information,7,HistGradientBoosting,tampor,gse49711,meta_Class,0.570172
determinant_based_mutual_information,8,HistGradientBoosting,tampor,gse49711,meta_Class,0.549922
determinant_based_mutual_information,9,HistGradientBoosting,tampor,gse49711,meta_Class,0.577304
accuracy_score,0,HistGradientBoosting,tampor,gse49711,meta_Class,0.867684
accuracy_score,1,HistGradientBoosting,tampor,gse49711,meta_Class,0.874725
accuracy_score,2,HistGradientBoosting,tampor,gse49711,meta_Class,0.889703
accuracy_score,3,HistGradientBoosting,tampor,gse49711,meta_Class,0.867603
accuracy_score,4,HistGradientBoosting,tampor,gse49711,meta_Class,0.89711
accuracy_score,5,HistGradientBoosting,tampor,gse49711,meta_Class,0.885999
accuracy_score,6,HistGradientBoosting,tampor,gse49711,meta_Class,0.885999
accuracy_score,7,HistGradientBoosting,tampor,gse49711,meta_Class,0.893366
accuracy_score,8,HistGradientBoosting,tampor,gse49711,meta_Class,0.889662
accuracy_score,9,HistGradientBoosting,tampor,gse49711,meta_Class,0.897151
log_loss,0,HistGradientBoosting,tampor,gse49711,meta_Class,0.668702
log_loss,1,HistGradientBoosting,tampor,gse49711,meta_Class,0.703961
log_loss,2,HistGradientBoosting,tampor,gse49711,meta_Class,0.679186
log_loss,3,HistGradientBoosting,tampor,gse49711,meta_Class,0.684665
log_loss,4,HistGradientBoosting,tampor,gse49711,meta_Class,0.727362
log_loss,5,HistGradientBoosting,tampor,gse49711,meta_Class,0.703592
log_loss,6,HistGradientBoosting,tampor,gse49711,meta_Class,0.72803
log_loss,7,HistGradientBoosting,tampor,gse49711,meta_Class,0.727091
log_loss,8,HistGradientBoosting,tampor,gse49711,meta_Class,0.705532
log_loss,9,HistGradientBoosting,tampor,gse49711,meta_Class,0.724252
roc_auc_score,0,RandomForest,quantile,gse49711,meta_Class,0.989011
roc_auc_score,1,RandomForest,quantile,gse49711,meta_Class,0.988221
roc_auc_score,2,RandomForest,quantile,gse49711,meta_Class,0.986052
roc_auc_score,3,RandomForest,quantile,gse49711,meta_Class,0.987973
roc_auc_score,4,RandomForest,quantile,gse49711,meta_Class,0.990327
roc_auc_score,5,RandomForest,quantile,gse49711,meta_Class,0.991273
roc_auc_score,6,RandomForest,quantile,gse49711,meta_Class,0.989439
roc_auc_score,7,RandomForest,quantile,gse49711,meta_Class,0.98691
roc_auc_score,8,RandomForest,quantile,gse49711,meta_Class,0.987993
roc_auc_score,9,RandomForest,quantile,gse49711,meta_Class,0.990628
mutual_info_score,0,RandomForest,quantile,gse49711,meta_Class,0.676498
mutual_info_score,1,RandomForest,quantile,gse49711,meta_Class,0.677589
mutual_info_score,2,RandomForest,quantile,gse49711,meta_Class,0.622374
mutual_info_score,3,RandomForest,quantile,gse49711,meta_Class,0.659271
mutual_info_score,4,RandomForest,quantile,gse49711,meta_Class,0.687782
mutual_info_score,5,RandomForest,quantile,gse49711,meta_Class,0.723244
mutual_info_score,6,RandomForest,quantile,gse49711,meta_Class,0.646736
mutual_info_score,7,RandomForest,quantile,gse49711,meta_Class,0.668165
mutual_info_score,8,RandomForest,quantile,gse49711,meta_Class,0.638487
mutual_info_score,9,RandomForest,quantile,gse49711,meta_Class,0.711711
mutual_info_proba_classif,0,RandomForest,quantile,gse49711,meta_Class,0.777383
mutual_info_proba_classif,1,RandomForest,quantile,gse49711,meta_Class,0.767166
mutual_info_proba_classif,2,RandomForest,quantile,gse49711,meta_Class,0.712947
mutual_info_proba_classif,3,RandomForest,quantile,gse49711,meta_Class,0.739902
mutual_info_proba_classif,4,RandomForest,quantile,gse49711,meta_Class,0.757616
mutual_info_proba_classif,5,RandomForest,quantile,gse49711,meta_Class,0.787501
mutual_info_proba_classif,6,RandomForest,quantile,gse49711,meta_Class,0.773641
mutual_info_proba_classif,7,RandomForest,quantile,gse49711,meta_Class,0.760679
mutual_info_proba_classif,8,RandomForest,quantile,gse49711,meta_Class,0.737128
mutual_info_proba_classif,9,RandomForest,quantile,gse49711,meta_Class,0.772896
mutual_info_proba_sum,0,RandomForest,quantile,gse49711,meta_Class,0.329027
mutual_info_proba_sum,1,RandomForest,quantile,gse49711,meta_Class,0.329975
mutual_info_proba_sum,2,RandomForest,quantile,gse49711,meta_Class,0.312665
mutual_info_proba_sum,3,RandomForest,quantile,gse49711,meta_Class,0.310417
mutual_info_proba_sum,4,RandomForest,quantile,gse49711,meta_Class,0.334832
mutual_info_proba_sum,5,RandomForest,quantile,gse49711,meta_Class,0.33699
mutual_info_proba_sum,6,RandomForest,quantile,gse49711,meta_Class,0.334495
mutual_info_proba_sum,7,RandomForest,quantile,gse49711,meta_Class,0.335107
mutual_info_proba_sum,8,RandomForest,quantile,gse49711,meta_Class,0.314084
mutual_info_proba_sum,9,RandomForest,quantile,gse49711,meta_Class,0.331057
determinant_based_mutual_information,0,RandomForest,quantile,gse49711,meta_Class,0.590793
determinant_based_mutual_information,1,RandomForest,quantile,gse49711,meta_Class,0.59229
determinant_based_mutual_information,2,RandomForest,quantile,gse49711,meta_Class,0.574842
determinant_based_mutual_information,3,RandomForest,quantile,gse49711,meta_Class,0.575649
determinant_based_mutual_information,4,RandomForest,quantile,gse49711,meta_Class,0.59742
determinant_based_mutual_information,5,RandomForest,quantile,gse49711,meta_Class,0.596115
determinant_based_mutual_information,6,RandomForest,quantile,gse49711,meta_Class,0.595195
determinant_based_mutual_information,7,RandomForest,quantile,gse49711,meta_Class,0.595383
determinant_based_mutual_information,8,RandomForest,quantile,gse49711,meta_Class,0.579722
determinant_based_mutual_information,9,RandomForest,quantile,gse49711,meta_Class,0.590439
accuracy_score,0,RandomForest,quantile,gse49711,meta_Class,0.955922
accuracy_score,1,RandomForest,quantile,gse49711,meta_Class,0.9558
accuracy_score,2,RandomForest,quantile,gse49711,meta_Class,0.944811
accuracy_score,3,RandomForest,quantile,gse49711,meta_Class,0.952137
accuracy_score,4,RandomForest,quantile,gse49711,meta_Class,0.959503
accuracy_score,5,RandomForest,quantile,gse49711,meta_Class,0.963289
accuracy_score,6,RandomForest,quantile,gse49711,meta_Class,0.948596
accuracy_score,7,RandomForest,quantile,gse49711,meta_Class,0.955963
accuracy_score,8,RandomForest,quantile,gse49711,meta_Class,0.948514
accuracy_score,9,RandomForest,quantile,gse49711,meta_Class,0.963248
log_loss,0,RandomForest,quantile,gse49711,meta_Class,0.813426
log_loss,1,RandomForest,quantile,gse49711,meta_Class,0.811412
log_loss,2,RandomForest,quantile,gse49711,meta_Class,0.801828
log_loss,3,RandomForest,quantile,gse49711,meta_Class,0.801845
log_loss,4,RandomForest,quantile,gse49711,meta_Class,0.815946
log_loss,5,RandomForest,quantile,gse49711,meta_Class,0.817195
log_loss,6,RandomForest,quantile,gse49711,meta_Class,0.81588
log_loss,7,RandomForest,quantile,gse49711,meta_Class,0.809023
log_loss,8,RandomForest,quantile,gse49711,meta_Class,0.802676
log_loss,9,RandomForest,quantile,gse49711,meta_Class,0.813325
roc_auc_score,0,HistGradientBoosting,quantile,gse49711,meta_Class,0.991865
roc_auc_score,1,HistGradientBoosting,quantile,gse49711,meta_Class,0.982492
roc_auc_score,2,HistGradientBoosting,quantile,gse49711,meta_Class,0.984522
roc_auc_score,3,HistGradientBoosting,quantile,gse49711,meta_Class,0.976199
roc_auc_score,4,HistGradientBoosting,quantile,gse49711,meta_Class,0.990574
roc_auc_score,5,HistGradientBoosting,quantile,gse49711,meta_Class,0.982121
roc_auc_score,6,HistGradientBoosting,quantile,gse49711,meta_Class,0.987574
roc_auc_score,7,HistGradientBoosting,quantile,gse49711,meta_Class,0.980721
roc_auc_score,8,HistGradientBoosting,quantile,gse49711,meta_Class,0.987525
roc_auc_score,9,HistGradientBoosting,quantile,gse49711,meta_Class,0.990819
mutual_info_score,0,HistGradientBoosting,quantile,gse49711,meta_Class,0.709403
mutual_info_score,1,HistGradientBoosting,quantile,gse49711,meta_Class,0.646499
mutual_info_score,2,HistGradientBoosting,quantile,gse49711,meta_Class,0.612097
mutual_info_score,3,HistGradientBoosting,quantile,gse49711,meta_Class,0.599576
mutual_info_score,4,HistGradientBoosting,quantile,gse49711,meta_Class,0.693025
mutual_info_score,5,HistGradientBoosting,quantile,gse49711,meta_Class,0.668122
mutual_info_score,6,HistGradientBoosting,quantile,gse49711,meta_Class,0.663054
mutual_info_score,7,HistGradientBoosting,quantile,gse49711,meta_Class,0.657644
mutual_info_score,8,HistGradientBoosting,quantile,gse49711,meta_Class,0.690934
mutual_info_score,9,HistGradientBoosting,quantile,gse49711,meta_Class,0.680635
mutual_info_proba_classif,0,HistGradientBoosting,quantile,gse49711,meta_Class,0.753981
mutual_info_proba_classif,1,HistGradientBoosting,quantile,gse49711,meta_Class,0.680911
mutual_info_proba_classif,2,HistGradientBoosting,quantile,gse49711,meta_Class,0.720364
mutual_info_proba_classif,3,HistGradientBoosting,quantile,gse49711,meta_Class,0.686916
mutual_info_proba_classif,4,HistGradientBoosting,quantile,gse49711,meta_Class,0.753306
mutual_info_proba_classif,5,HistGradientBoosting,quantile,gse49711,meta_Class,0.713041
mutual_info_proba_classif,6,HistGradientBoosting,quantile,gse49711,meta_Class,0.702556
mutual_info_proba_classif,7,HistGradientBoosting,quantile,gse49711,meta_Class,0.682813
mutual_info_proba_classif,8,HistGradientBoosting,quantile,gse49711,meta_Class,0.750338
mutual_info_proba_classif,9,HistGradientBoosting,quantile,gse49711,meta_Class,0.712552
mutual_info_proba_sum,0,HistGradientBoosting,quantile,gse49711,meta_Class,0.571752
mutual_info_proba_sum,1,HistGradientBoosting,quantile,gse49711,meta_Class,0.532876
mutual_info_proba_sum,2,HistGradientBoosting,quantile,gse49711,meta_Class,0.52552
mutual_info_proba_sum,3,HistGradientBoosting,quantile,gse49711,meta_Class,0.521534
mutual_info_proba_sum,4,HistGradientBoosting,quantile,gse49711,meta_Class,0.580996
mutual_info_proba_sum,5,HistGradientBoosting,quantile,gse49711,meta_Class,0.548573
mutual_info_proba_sum,6,HistGradientBoosting,quantile,gse49711,meta_Class,0.556775
mutual_info_proba_sum,7,HistGradientBoosting,quantile,gse49711,meta_Class,0.552016
mutual_info_proba_sum,8,HistGradientBoosting,quantile,gse49711,meta_Class,0.549159
mutual_info_proba_sum,9,HistGradientBoosting,quantile,gse49711,meta_Class,0.564596
determinant_based_mutual_information,0,HistGradientBoosting,quantile,gse49711,meta_Class,0.744701
determinant_based_mutual_information,1,HistGradientBoosting,quantile,gse49711,meta_Class,0.722614
determinant_based_mutual_information,2,HistGradientBoosting,quantile,gse49711,meta_Class,0.707781
determinant_based_mutual_information,3,HistGradientBoosting,quantile,gse49711,meta_Class,0.711537
determinant_based_mutual_information,4,HistGradientBoosting,quantile,gse49711,meta_Class,0.755313
determinant_based_mutual_information,5,HistGradientBoosting,quantile,gse49711,meta_Class,0.72967
determinant_based_mutual_information,6,HistGradientBoosting,quantile,gse49711,meta_Class,0.740871
determinant_based_mutual_information,7,HistGradientBoosting,quantile,gse49711,meta_Class,0.734009
determinant_based_mutual_information,8,HistGradientBoosting,quantile,gse49711,meta_Class,0.74016
determinant_based_mutual_information,9,HistGradientBoosting,quantile,gse49711,meta_Class,0.730714
accuracy_score,0,HistGradientBoosting,quantile,gse49711,meta_Class,0.963289
accuracy_score,1,HistGradientBoosting,quantile,gse49711,meta_Class,0.948433
accuracy_score,2,HistGradientBoosting,quantile,gse49711,meta_Class,0.937648
accuracy_score,3,HistGradientBoosting,quantile,gse49711,meta_Class,0.941148
accuracy_score,4,HistGradientBoosting,quantile,gse49711,meta_Class,0.963248
accuracy_score,5,HistGradientBoosting,quantile,gse49711,meta_Class,0.952259
accuracy_score,6,HistGradientBoosting,quantile,gse49711,meta_Class,0.952218
accuracy_score,7,HistGradientBoosting,quantile,gse49711,meta_Class,0.952259
accuracy_score,8,HistGradientBoosting,quantile,gse49711,meta_Class,0.955922
accuracy_score,9,HistGradientBoosting,quantile,gse49711,meta_Class,0.955963
log_loss,0,HistGradientBoosting,quantile,gse49711,meta_Class,0.883478
log_loss,1,HistGradientBoosting,quantile,gse49711,meta_Class,0.848061
log_loss,2,HistGradientBoosting,quantile,gse49711,meta_Class,0.848857
log_loss,3,HistGradientBoosting,quantile,gse49711,meta_Class,0.825219
log_loss,4,HistGradientBoosting,quantile,gse49711,meta_Class,0.884784
log_loss,5,HistGradientBoosting,quantile,gse49711,meta_Class,0.842749
log_loss,6,HistGradientBoosting,quantile,gse49711,meta_Class,0.874942
log_loss,7,HistGradientBoosting,quantile,gse49711,meta_Class,0.845134
log_loss,8,HistGradientBoosting,quantile,gse49711,meta_Class,0.865836
log_loss,9,HistGradientBoosting,quantile,gse49711,meta_Class,0.864241
roc_auc_score,0,RandomForest,icvae,gse24080,meta_batch,0.503959
roc_auc_score,1,RandomForest,icvae,gse24080,meta_batch,0.514525
roc_auc_score,2,RandomForest,icvae,gse24080,meta_batch,0.495349
roc_auc_score,3,RandomForest,icvae,gse24080,meta_batch,0.528312
roc_auc_score,4,RandomForest,icvae,gse24080,meta_batch,0.47923
roc_auc_score,5,RandomForest,icvae,gse24080,meta_batch,0.508849
roc_auc_score,6,RandomForest,icvae,gse24080,meta_batch,0.465541
roc_auc_score,7,RandomForest,icvae,gse24080,meta_batch,0.464309
roc_auc_score,8,RandomForest,icvae,gse24080,meta_batch,0.512936
roc_auc_score,9,RandomForest,icvae,gse24080,meta_batch,0.522084
mutual_info_score,0,RandomForest,icvae,gse24080,meta_batch,0.000101
mutual_info_score,1,RandomForest,icvae,gse24080,meta_batch,0.001494
mutual_info_score,2,RandomForest,icvae,gse24080,meta_batch,0.002405
mutual_info_score,3,RandomForest,icvae,gse24080,meta_batch,0.003768
mutual_info_score,4,RandomForest,icvae,gse24080,meta_batch,0.003638
mutual_info_score,5,RandomForest,icvae,gse24080,meta_batch,0.004934
mutual_info_score,6,RandomForest,icvae,gse24080,meta_batch,0.000704
mutual_info_score,7,RandomForest,icvae,gse24080,meta_batch,0.005705
mutual_info_score,8,RandomForest,icvae,gse24080,meta_batch,0.002794
mutual_info_score,9,RandomForest,icvae,gse24080,meta_batch,0.000389
mutual_info_proba_classif,0,RandomForest,icvae,gse24080,meta_batch,0.032559
mutual_info_proba_classif,1,RandomForest,icvae,gse24080,meta_batch,0.0
mutual_info_proba_classif,2,RandomForest,icvae,gse24080,meta_batch,0.054435
mutual_info_proba_classif,3,RandomForest,icvae,gse24080,meta_batch,0.002096
mutual_info_proba_classif,4,RandomForest,icvae,gse24080,meta_batch,0.041047
mutual_info_proba_classif,5,RandomForest,icvae,gse24080,meta_batch,0.059136
mutual_info_proba_classif,6,RandomForest,icvae,gse24080,meta_batch,0.002995
mutual_info_proba_classif,7,RandomForest,icvae,gse24080,meta_batch,0.033284
mutual_info_proba_classif,8,RandomForest,icvae,gse24080,meta_batch,0.001941
mutual_info_proba_classif,9,RandomForest,icvae,gse24080,meta_batch,0.03805
mutual_info_proba_sum,0,RandomForest,icvae,gse24080,meta_batch,2.3e-05
mutual_info_proba_sum,1,RandomForest,icvae,gse24080,meta_batch,2.2e-05
mutual_info_proba_sum,2,RandomForest,icvae,gse24080,meta_batch,2.4e-05
mutual_info_proba_sum,3,RandomForest,icvae,gse24080,meta_batch,8.5e-05
mutual_info_proba_sum,4,RandomForest,icvae,gse24080,meta_batch,0.000134
mutual_info_proba_sum,5,RandomForest,icvae,gse24080,meta_batch,0.000124
mutual_info_proba_sum,6,RandomForest,icvae,gse24080,meta_batch,5.8e-05
mutual_info_proba_sum,7,RandomForest,icvae,gse24080,meta_batch,7.8e-05
mutual_info_proba_sum,8,RandomForest,icvae,gse24080,meta_batch,1.2e-05
mutual_info_proba_sum,9,RandomForest,icvae,gse24080,meta_batch,3.1e-05
determinant_based_mutual_information,0,RandomForest,icvae,gse24080,meta_batch,0.004771
determinant_based_mutual_information,1,RandomForest,icvae,gse24080,meta_batch,0.004468
determinant_based_mutual_information,2,RandomForest,icvae,gse24080,meta_batch,0.004853
determinant_based_mutual_information,3,RandomForest,icvae,gse24080,meta_batch,0.008403
determinant_based_mutual_information,4,RandomForest,icvae,gse24080,meta_batch,0.00922
determinant_based_mutual_information,5,RandomForest,icvae,gse24080,meta_batch,0.010882
determinant_based_mutual_information,6,RandomForest,icvae,gse24080,meta_batch,0.007783
determinant_based_mutual_information,7,RandomForest,icvae,gse24080,meta_batch,0.009468
determinant_based_mutual_information,8,RandomForest,icvae,gse24080,meta_batch,0.002512
determinant_based_mutual_information,9,RandomForest,icvae,gse24080,meta_batch,0.0044
accuracy_score,0,RandomForest,icvae,gse24080,meta_batch,0.589532
accuracy_score,1,RandomForest,icvae,gse24080,meta_batch,0.591304
accuracy_score,2,RandomForest,icvae,gse24080,meta_batch,0.598531
accuracy_score,3,RandomForest,icvae,gse24080,meta_batch,0.578633
accuracy_score,4,RandomForest,icvae,gse24080,meta_batch,0.580454
accuracy_score,5,RandomForest,icvae,gse24080,meta_batch,0.578731
accuracy_score,6,RandomForest,icvae,gse24080,meta_batch,0.584087
accuracy_score,7,RandomForest,icvae,gse24080,meta_batch,0.560605
accuracy_score,8,RandomForest,icvae,gse24080,meta_batch,0.587681
accuracy_score,9,RandomForest,icvae,gse24080,meta_batch,0.587711
log_loss,0,RandomForest,icvae,gse24080,meta_batch,0.319376
log_loss,1,RandomForest,icvae,gse24080,meta_batch,0.324871
log_loss,2,RandomForest,icvae,gse24080,meta_batch,0.318267
log_loss,3,RandomForest,icvae,gse24080,meta_batch,0.326015
log_loss,4,RandomForest,icvae,gse24080,meta_batch,0.313313
log_loss,5,RandomForest,icvae,gse24080,meta_batch,0.320415
log_loss,6,RandomForest,icvae,gse24080,meta_batch,0.3112
log_loss,7,RandomForest,icvae,gse24080,meta_batch,0.306737
log_loss,8,RandomForest,icvae,gse24080,meta_batch,0.322399
log_loss,9,RandomForest,icvae,gse24080,meta_batch,0.322313
roc_auc_score,0,HistGradientBoosting,icvae,gse24080,meta_batch,0.509723
roc_auc_score,1,HistGradientBoosting,icvae,gse24080,meta_batch,0.4981
roc_auc_score,2,HistGradientBoosting,icvae,gse24080,meta_batch,0.500699
roc_auc_score,3,HistGradientBoosting,icvae,gse24080,meta_batch,0.505874
roc_auc_score,4,HistGradientBoosting,icvae,gse24080,meta_batch,0.462778
roc_auc_score,5,HistGradientBoosting,icvae,gse24080,meta_batch,0.501147
roc_auc_score,6,HistGradientBoosting,icvae,gse24080,meta_batch,0.441779
roc_auc_score,7,HistGradientBoosting,icvae,gse24080,meta_batch,0.467987
roc_auc_score,8,HistGradientBoosting,icvae,gse24080,meta_batch,0.494394
roc_auc_score,9,HistGradientBoosting,icvae,gse24080,meta_batch,0.510834
mutual_info_score,0,HistGradientBoosting,icvae,gse24080,meta_batch,0.000621
mutual_info_score,1,HistGradientBoosting,icvae,gse24080,meta_batch,0.006379
mutual_info_score,2,HistGradientBoosting,icvae,gse24080,meta_batch,0.001082
mutual_info_score,3,HistGradientBoosting,icvae,gse24080,meta_batch,0.011715
mutual_info_score,4,HistGradientBoosting,icvae,gse24080,meta_batch,0.007117
mutual_info_score,5,HistGradientBoosting,icvae,gse24080,meta_batch,0.001954
mutual_info_score,6,HistGradientBoosting,icvae,gse24080,meta_batch,0.007225
mutual_info_score,7,HistGradientBoosting,icvae,gse24080,meta_batch,0.00338
mutual_info_score,8,HistGradientBoosting,icvae,gse24080,meta_batch,0.000425
mutual_info_score,9,HistGradientBoosting,icvae,gse24080,meta_batch,0.003131
mutual_info_proba_classif,0,HistGradientBoosting,icvae,gse24080,meta_batch,0.012369
mutual_info_proba_classif,1,HistGradientBoosting,icvae,gse24080,meta_batch,0.008791
mutual_info_proba_classif,2,HistGradientBoosting,icvae,gse24080,meta_batch,0.0
mutual_info_proba_classif,3,HistGradientBoosting,icvae,gse24080,meta_batch,0.021007
mutual_info_proba_classif,4,HistGradientBoosting,icvae,gse24080,meta_batch,0.016727
mutual_info_proba_classif,5,HistGradientBoosting,icvae,gse24080,meta_batch,0.009305
mutual_info_proba_classif,6,HistGradientBoosting,icvae,gse24080,meta_batch,0.008013
mutual_info_proba_classif,7,HistGradientBoosting,icvae,gse24080,meta_batch,0.013184
mutual_info_proba_classif,8,HistGradientBoosting,icvae,gse24080,meta_batch,0.027176
mutual_info_proba_classif,9,HistGradientBoosting,icvae,gse24080,meta_batch,0.059011
mutual_info_proba_sum,0,HistGradientBoosting,icvae,gse24080,meta_batch,0.000172
mutual_info_proba_sum,1,HistGradientBoosting,icvae,gse24080,meta_batch,0.000275
mutual_info_proba_sum,2,HistGradientBoosting,icvae,gse24080,meta_batch,0.000296
mutual_info_proba_sum,3,HistGradientBoosting,icvae,gse24080,meta_batch,0.000877
mutual_info_proba_sum,4,HistGradientBoosting,icvae,gse24080,meta_batch,0.001638
mutual_info_proba_sum,5,HistGradientBoosting,icvae,gse24080,meta_batch,0.000218
mutual_info_proba_sum,6,HistGradientBoosting,icvae,gse24080,meta_batch,0.001965
mutual_info_proba_sum,7,HistGradientBoosting,icvae,gse24080,meta_batch,0.00099
mutual_info_proba_sum,8,HistGradientBoosting,icvae,gse24080,meta_batch,0.000368
mutual_info_proba_sum,9,HistGradientBoosting,icvae,gse24080,meta_batch,0.000664
determinant_based_mutual_information,0,HistGradientBoosting,icvae,gse24080,meta_batch,0.014033
determinant_based_mutual_information,1,HistGradientBoosting,icvae,gse24080,meta_batch,0.01422
determinant_based_mutual_information,2,HistGradientBoosting,icvae,gse24080,meta_batch,0.015988
determinant_based_mutual_information,3,HistGradientBoosting,icvae,gse24080,meta_batch,0.030769
determinant_based_mutual_information,4,HistGradientBoosting,icvae,gse24080,meta_batch,0.031232
determinant_based_mutual_information,5,HistGradientBoosting,icvae,gse24080,meta_batch,0.010826
determinant_based_mutual_information,6,HistGradientBoosting,icvae,gse24080,meta_batch,0.046776
determinant_based_mutual_information,7,HistGradientBoosting,icvae,gse24080,meta_batch,0.029266
determinant_based_mutual_information,8,HistGradientBoosting,icvae,gse24080,meta_batch,0.017808
determinant_based_mutual_information,9,HistGradientBoosting,icvae,gse24080,meta_batch,0.02389
accuracy_score,0,HistGradientBoosting,icvae,gse24080,meta_batch,0.573247
accuracy_score,1,HistGradientBoosting,icvae,gse24080,meta_batch,0.549814
accuracy_score,2,HistGradientBoosting,icvae,gse24080,meta_batch,0.564189
accuracy_score,3,HistGradientBoosting,icvae,gse24080,meta_batch,0.546201
accuracy_score,4,HistGradientBoosting,icvae,gse24080,meta_batch,0.549706
accuracy_score,5,HistGradientBoosting,icvae,gse24080,meta_batch,0.557021
accuracy_score,6,HistGradientBoosting,icvae,gse24080,meta_batch,0.52263
accuracy_score,7,HistGradientBoosting,icvae,gse24080,meta_batch,0.537015
accuracy_score,8,HistGradientBoosting,icvae,gse24080,meta_batch,0.569653
accuracy_score,9,HistGradientBoosting,icvae,gse24080,meta_batch,0.575078
log_loss,0,HistGradientBoosting,icvae,gse24080,meta_batch,0.175245
log_loss,1,HistGradientBoosting,icvae,gse24080,meta_batch,0.148064
log_loss,2,HistGradientBoosting,icvae,gse24080,meta_batch,0.152802
log_loss,3,HistGradientBoosting,icvae,gse24080,meta_batch,0.178063
log_loss,4,HistGradientBoosting,icvae,gse24080,meta_batch,0.139081
log_loss,5,HistGradientBoosting,icvae,gse24080,meta_batch,0.151651
log_loss,6,HistGradientBoosting,icvae,gse24080,meta_batch,0.106081
log_loss,7,HistGradientBoosting,icvae,gse24080,meta_batch,0.116278
log_loss,8,HistGradientBoosting,icvae,gse24080,meta_batch,0.165019
log_loss,9,HistGradientBoosting,icvae,gse24080,meta_batch,0.178921
roc_auc_score,0,RandomForest,vfae,gse20194,meta_batch,0.532141
roc_auc_score,1,RandomForest,vfae,gse20194,meta_batch,0.505062
roc_auc_score,2,RandomForest,vfae,gse20194,meta_batch,0.524996
roc_auc_score,3,RandomForest,vfae,gse20194,meta_batch,0.484061
roc_auc_score,4,RandomForest,vfae,gse20194,meta_batch,0.476195
roc_auc_score,5,RandomForest,vfae,gse20194,meta_batch,0.495806
roc_auc_score,6,RandomForest,vfae,gse20194,meta_batch,0.50846
roc_auc_score,7,RandomForest,vfae,gse20194,meta_batch,0.484622
roc_auc_score,8,RandomForest,vfae,gse20194,meta_batch,0.487943
roc_auc_score,9,RandomForest,vfae,gse20194,meta_batch,0.528175
mutual_info_score,0,RandomForest,vfae,gse20194,meta_batch,0.001617
mutual_info_score,1,RandomForest,vfae,gse20194,meta_batch,0.009389
mutual_info_score,2,RandomForest,vfae,gse20194,meta_batch,0.004248
mutual_info_score,3,RandomForest,vfae,gse20194,meta_batch,0.009958
mutual_info_score,4,RandomForest,vfae,gse20194,meta_batch,0.022015
mutual_info_score,5,RandomForest,vfae,gse20194,meta_batch,0.012892
mutual_info_score,6,RandomForest,vfae,gse20194,meta_batch,0.011017
mutual_info_score,7,RandomForest,vfae,gse20194,meta_batch,0.002211
mutual_info_score,8,RandomForest,vfae,gse20194,meta_batch,0.003433
mutual_info_score,9,RandomForest,vfae,gse20194,meta_batch,0.013957
mutual_info_proba_classif,0,RandomForest,vfae,gse20194,meta_batch,0.033661
mutual_info_proba_classif,1,RandomForest,vfae,gse20194,meta_batch,0.011743
mutual_info_proba_classif,2,RandomForest,vfae,gse20194,meta_batch,0.033812
mutual_info_proba_classif,3,RandomForest,vfae,gse20194,meta_batch,0.019029
mutual_info_proba_classif,4,RandomForest,vfae,gse20194,meta_batch,0.027046
mutual_info_proba_classif,5,RandomForest,vfae,gse20194,meta_batch,0.082265
mutual_info_proba_classif,6,RandomForest,vfae,gse20194,meta_batch,0.062244
mutual_info_proba_classif,7,RandomForest,vfae,gse20194,meta_batch,0.010431
mutual_info_proba_classif,8,RandomForest,vfae,gse20194,meta_batch,0.060394
mutual_info_proba_classif,9,RandomForest,vfae,gse20194,meta_batch,0.107073
mutual_info_proba_sum,0,RandomForest,vfae,gse20194,meta_batch,9.7e-05
mutual_info_proba_sum,1,RandomForest,vfae,gse20194,meta_batch,0.000221
mutual_info_proba_sum,2,RandomForest,vfae,gse20194,meta_batch,5.9e-05
mutual_info_proba_sum,3,RandomForest,vfae,gse20194,meta_batch,0.000146
mutual_info_proba_sum,4,RandomForest,vfae,gse20194,meta_batch,0.000224
mutual_info_proba_sum,5,RandomForest,vfae,gse20194,meta_batch,9.2e-05
mutual_info_proba_sum,6,RandomForest,vfae,gse20194,meta_batch,2.7e-05
mutual_info_proba_sum,7,RandomForest,vfae,gse20194,meta_batch,3.6e-05
mutual_info_proba_sum,8,RandomForest,vfae,gse20194,meta_batch,1e-05
mutual_info_proba_sum,9,RandomForest,vfae,gse20194,meta_batch,4.3e-05
determinant_based_mutual_information,0,RandomForest,vfae,gse20194,meta_batch,0.011168
determinant_based_mutual_information,1,RandomForest,vfae,gse20194,meta_batch,0.014265
determinant_based_mutual_information,2,RandomForest,vfae,gse20194,meta_batch,0.007768
determinant_based_mutual_information,3,RandomForest,vfae,gse20194,meta_batch,0.013324
determinant_based_mutual_information,4,RandomForest,vfae,gse20194,meta_batch,0.012742
determinant_based_mutual_information,5,RandomForest,vfae,gse20194,meta_batch,0.009025
determinant_based_mutual_information,6,RandomForest,vfae,gse20194,meta_batch,0.00602
determinant_based_mutual_information,7,RandomForest,vfae,gse20194,meta_batch,0.00687
determinant_based_mutual_information,8,RandomForest,vfae,gse20194,meta_batch,0.003112
determinant_based_mutual_information,9,RandomForest,vfae,gse20194,meta_batch,0.006245
accuracy_score,0,RandomForest,vfae,gse20194,meta_batch,0.548246
accuracy_score,1,RandomForest,vfae,gse20194,meta_batch,0.513158
accuracy_score,2,RandomForest,vfae,gse20194,meta_batch,0.535088
accuracy_score,3,RandomForest,vfae,gse20194,meta_batch,0.557018
accuracy_score,4,RandomForest,vfae,gse20194,meta_batch,0.517544
accuracy_score,5,RandomForest,vfae,gse20194,meta_batch,0.526316
accuracy_score,6,RandomForest,vfae,gse20194,meta_batch,0.491228
accuracy_score,7,RandomForest,vfae,gse20194,meta_batch,0.54386
accuracy_score,8,RandomForest,vfae,gse20194,meta_batch,0.54386
accuracy_score,9,RandomForest,vfae,gse20194,meta_batch,0.583333
log_loss,0,RandomForest,vfae,gse20194,meta_batch,0.305981
log_loss,1,RandomForest,vfae,gse20194,meta_batch,0.298916
log_loss,2,RandomForest,vfae,gse20194,meta_batch,0.310736
log_loss,3,RandomForest,vfae,gse20194,meta_batch,0.293231
log_loss,4,RandomForest,vfae,gse20194,meta_batch,0.295658
log_loss,5,RandomForest,vfae,gse20194,meta_batch,0.300429
log_loss,6,RandomForest,vfae,gse20194,meta_batch,0.303571
log_loss,7,RandomForest,vfae,gse20194,meta_batch,0.299376
log_loss,8,RandomForest,vfae,gse20194,meta_batch,0.303866
log_loss,9,RandomForest,vfae,gse20194,meta_batch,0.310388
roc_auc_score,0,HistGradientBoosting,vfae,gse20194,meta_batch,0.539028
roc_auc_score,1,HistGradientBoosting,vfae,gse20194,meta_batch,0.518945
roc_auc_score,2,HistGradientBoosting,vfae,gse20194,meta_batch,0.562792
roc_auc_score,3,HistGradientBoosting,vfae,gse20194,meta_batch,0.477489
roc_auc_score,4,HistGradientBoosting,vfae,gse20194,meta_batch,0.517899
roc_auc_score,5,HistGradientBoosting,vfae,gse20194,meta_batch,0.487185
roc_auc_score,6,HistGradientBoosting,vfae,gse20194,meta_batch,0.537851
roc_auc_score,7,HistGradientBoosting,vfae,gse20194,meta_batch,0.512419
roc_auc_score,8,HistGradientBoosting,vfae,gse20194,meta_batch,0.503107
roc_auc_score,9,HistGradientBoosting,vfae,gse20194,meta_batch,0.550859
mutual_info_score,0,HistGradientBoosting,vfae,gse20194,meta_batch,0.009011
mutual_info_score,1,HistGradientBoosting,vfae,gse20194,meta_batch,0.007637
mutual_info_score,2,HistGradientBoosting,vfae,gse20194,meta_batch,0.004076
mutual_info_score,3,HistGradientBoosting,vfae,gse20194,meta_batch,0.005653
mutual_info_score,4,HistGradientBoosting,vfae,gse20194,meta_batch,0.019192
mutual_info_score,5,HistGradientBoosting,vfae,gse20194,meta_batch,0.023512
mutual_info_score,6,HistGradientBoosting,vfae,gse20194,meta_batch,0.006872
mutual_info_score,7,HistGradientBoosting,vfae,gse20194,meta_batch,0.000942
mutual_info_score,8,HistGradientBoosting,vfae,gse20194,meta_batch,0.004261
mutual_info_score,9,HistGradientBoosting,vfae,gse20194,meta_batch,0.003527
mutual_info_proba_classif,0,HistGradientBoosting,vfae,gse20194,meta_batch,0.074501
mutual_info_proba_classif,1,HistGradientBoosting,vfae,gse20194,meta_batch,0.021861
mutual_info_proba_classif,2,HistGradientBoosting,vfae,gse20194,meta_batch,0.102041
mutual_info_proba_classif,3,HistGradientBoosting,vfae,gse20194,meta_batch,0.027249
mutual_info_proba_classif,4,HistGradientBoosting,vfae,gse20194,meta_batch,0.07363
mutual_info_proba_classif,5,HistGradientBoosting,vfae,gse20194,meta_batch,0.0
mutual_info_proba_classif,6,HistGradientBoosting,vfae,gse20194,meta_batch,0.007342
mutual_info_proba_classif,7,HistGradientBoosting,vfae,gse20194,meta_batch,0.018671
mutual_info_proba_classif,8,HistGradientBoosting,vfae,gse20194,meta_batch,0.026557
mutual_info_proba_classif,9,HistGradientBoosting,vfae,gse20194,meta_batch,0.0
mutual_info_proba_sum,0,HistGradientBoosting,vfae,gse20194,meta_batch,0.000919
mutual_info_proba_sum,1,HistGradientBoosting,vfae,gse20194,meta_batch,0.001504
mutual_info_proba_sum,2,HistGradientBoosting,vfae,gse20194,meta_batch,0.002843
mutual_info_proba_sum,3,HistGradientBoosting,vfae,gse20194,meta_batch,0.001738
mutual_info_proba_sum,4,HistGradientBoosting,vfae,gse20194,meta_batch,0.003972
mutual_info_proba_sum,5,HistGradientBoosting,vfae,gse20194,meta_batch,0.004769
mutual_info_proba_sum,6,HistGradientBoosting,vfae,gse20194,meta_batch,0.002078
mutual_info_proba_sum,7,HistGradientBoosting,vfae,gse20194,meta_batch,0.00032
mutual_info_proba_sum,8,HistGradientBoosting,vfae,gse20194,meta_batch,0.000377
mutual_info_proba_sum,9,HistGradientBoosting,vfae,gse20194,meta_batch,0.002565
determinant_based_mutual_information,0,HistGradientBoosting,vfae,gse20194,meta_batch,0.020666
determinant_based_mutual_information,1,HistGradientBoosting,vfae,gse20194,meta_batch,0.040911
determinant_based_mutual_information,2,HistGradientBoosting,vfae,gse20194,meta_batch,0.050701
determinant_based_mutual_information,3,HistGradientBoosting,vfae,gse20194,meta_batch,0.038483
determinant_based_mutual_information,4,HistGradientBoosting,vfae,gse20194,meta_batch,0.052648
determinant_based_mutual_information,5,HistGradientBoosting,vfae,gse20194,meta_batch,0.066256
determinant_based_mutual_information,6,HistGradientBoosting,vfae,gse20194,meta_batch,0.038003
determinant_based_mutual_information,7,HistGradientBoosting,vfae,gse20194,meta_batch,0.01562
determinant_based_mutual_information,8,HistGradientBoosting,vfae,gse20194,meta_batch,0.021655
determinant_based_mutual_information,9,HistGradientBoosting,vfae,gse20194,meta_batch,0.052331
accuracy_score,0,HistGradientBoosting,vfae,gse20194,meta_batch,0.574561
accuracy_score,1,HistGradientBoosting,vfae,gse20194,meta_batch,0.513158
accuracy_score,2,HistGradientBoosting,vfae,gse20194,meta_batch,0.539474
accuracy_score,3,HistGradientBoosting,vfae,gse20194,meta_batch,0.508772
accuracy_score,4,HistGradientBoosting,vfae,gse20194,meta_batch,0.557018
accuracy_score,5,HistGradientBoosting,vfae,gse20194,meta_batch,0.482456
accuracy_score,6,HistGradientBoosting,vfae,gse20194,meta_batch,0.54386
accuracy_score,7,HistGradientBoosting,vfae,gse20194,meta_batch,0.513158
accuracy_score,8,HistGradientBoosting,vfae,gse20194,meta_batch,0.548246
accuracy_score,9,HistGradientBoosting,vfae,gse20194,meta_batch,0.548246
log_loss,0,HistGradientBoosting,vfae,gse20194,meta_batch,0.113282
log_loss,1,HistGradientBoosting,vfae,gse20194,meta_batch,0.078676
log_loss,2,HistGradientBoosting,vfae,gse20194,meta_batch,0.203039
log_loss,3,HistGradientBoosting,vfae,gse20194,meta_batch,0.033698
log_loss,4,HistGradientBoosting,vfae,gse20194,meta_batch,0.106013
log_loss,5,HistGradientBoosting,vfae,gse20194,meta_batch,0.07301
log_loss,6,HistGradientBoosting,vfae,gse20194,meta_batch,0.164376
log_loss,7,HistGradientBoosting,vfae,gse20194,meta_batch,0.114977
log_loss,8,HistGradientBoosting,vfae,gse20194,meta_batch,0.111222
log_loss,9,HistGradientBoosting,vfae,gse20194,meta_batch,0.170335
roc_auc_score,0,RandomForest,icvae,gse20194,meta_batch,0.552901
roc_auc_score,1,RandomForest,icvae,gse20194,meta_batch,0.480045
roc_auc_score,2,RandomForest,icvae,gse20194,meta_batch,0.53228
roc_auc_score,3,RandomForest,icvae,gse20194,meta_batch,0.544975
roc_auc_score,4,RandomForest,icvae,gse20194,meta_batch,0.537413
roc_auc_score,5,RandomForest,icvae,gse20194,meta_batch,0.507091
roc_auc_score,6,RandomForest,icvae,gse20194,meta_batch,0.522236
roc_auc_score,7,RandomForest,icvae,gse20194,meta_batch,0.561904
roc_auc_score,8,RandomForest,icvae,gse20194,meta_batch,0.536381
roc_auc_score,9,RandomForest,icvae,gse20194,meta_batch,0.507332
mutual_info_score,0,RandomForest,icvae,gse20194,meta_batch,0.012386
mutual_info_score,1,RandomForest,icvae,gse20194,meta_batch,0.004287
mutual_info_score,2,RandomForest,icvae,gse20194,meta_batch,0.002385
mutual_info_score,3,RandomForest,icvae,gse20194,meta_batch,0.009572
mutual_info_score,4,RandomForest,icvae,gse20194,meta_batch,0.014294
mutual_info_score,5,RandomForest,icvae,gse20194,meta_batch,0.01577
mutual_info_score,6,RandomForest,icvae,gse20194,meta_batch,0.00447
mutual_info_score,7,RandomForest,icvae,gse20194,meta_batch,0.015644
mutual_info_score,8,RandomForest,icvae,gse20194,meta_batch,0.010441
mutual_info_score,9,RandomForest,icvae,gse20194,meta_batch,0.003921
mutual_info_proba_classif,0,RandomForest,icvae,gse20194,meta_batch,0.0
mutual_info_proba_classif,1,RandomForest,icvae,gse20194,meta_batch,0.074329
mutual_info_proba_classif,2,RandomForest,icvae,gse20194,meta_batch,0.016492
mutual_info_proba_classif,3,RandomForest,icvae,gse20194,meta_batch,0.016092
mutual_info_proba_classif,4,RandomForest,icvae,gse20194,meta_batch,0.083951
mutual_info_proba_classif,5,RandomForest,icvae,gse20194,meta_batch,0.02966
mutual_info_proba_classif,6,RandomForest,icvae,gse20194,meta_batch,0.019031
mutual_info_proba_classif,7,RandomForest,icvae,gse20194,meta_batch,0.044065
mutual_info_proba_classif,8,RandomForest,icvae,gse20194,meta_batch,0.025803
mutual_info_proba_classif,9,RandomForest,icvae,gse20194,meta_batch,0.049294
mutual_info_proba_sum,0,RandomForest,icvae,gse20194,meta_batch,0.000114
mutual_info_proba_sum,1,RandomForest,icvae,gse20194,meta_batch,0.00016
mutual_info_proba_sum,2,RandomForest,icvae,gse20194,meta_batch,0.000289
mutual_info_proba_sum,3,RandomForest,icvae,gse20194,meta_batch,0.000152
mutual_info_proba_sum,4,RandomForest,icvae,gse20194,meta_batch,0.000129
mutual_info_proba_sum,5,RandomForest,icvae,gse20194,meta_batch,0.000277
mutual_info_proba_sum,6,RandomForest,icvae,gse20194,meta_batch,7e-05
mutual_info_proba_sum,7,RandomForest,icvae,gse20194,meta_batch,0.000377
mutual_info_proba_sum,8,RandomForest,icvae,gse20194,meta_batch,0.000201
mutual_info_proba_sum,9,RandomForest,icvae,gse20194,meta_batch,0.000131
determinant_based_mutual_information,0,RandomForest,icvae,gse20194,meta_batch,0.011926
determinant_based_mutual_information,1,RandomForest,icvae,gse20194,meta_batch,0.014524
determinant_based_mutual_information,2,RandomForest,icvae,gse20194,meta_batch,0.018001
determinant_based_mutual_information,3,RandomForest,icvae,gse20194,meta_batch,0.011184
determinant_based_mutual_information,4,RandomForest,icvae,gse20194,meta_batch,0.013098
determinant_based_mutual_information,5,RandomForest,icvae,gse20194,meta_batch,0.018289
determinant_based_mutual_information,6,RandomForest,icvae,gse20194,meta_batch,0.007884
determinant_based_mutual_information,7,RandomForest,icvae,gse20194,meta_batch,0.021909
determinant_based_mutual_information,8,RandomForest,icvae,gse20194,meta_batch,0.014827
determinant_based_mutual_information,9,RandomForest,icvae,gse20194,meta_batch,0.012363
accuracy_score,0,RandomForest,icvae,gse20194,meta_batch,0.583333
accuracy_score,1,RandomForest,icvae,gse20194,meta_batch,0.495614
accuracy_score,2,RandomForest,icvae,gse20194,meta_batch,0.535088
accuracy_score,3,RandomForest,icvae,gse20194,meta_batch,0.565789
accuracy_score,4,RandomForest,icvae,gse20194,meta_batch,0.561404
accuracy_score,5,RandomForest,icvae,gse20194,meta_batch,0.5
accuracy_score,6,RandomForest,icvae,gse20194,meta_batch,0.557018
accuracy_score,7,RandomForest,icvae,gse20194,meta_batch,0.583333
accuracy_score,8,RandomForest,icvae,gse20194,meta_batch,0.565789
accuracy_score,9,RandomForest,icvae,gse20194,meta_batch,0.508772
log_loss,0,RandomForest,icvae,gse20194,meta_batch,0.310058
log_loss,1,RandomForest,icvae,gse20194,meta_batch,0.286248
log_loss,2,RandomForest,icvae,gse20194,meta_batch,0.305708
log_loss,3,RandomForest,icvae,gse20194,meta_batch,0.304526
log_loss,4,RandomForest,icvae,gse20194,meta_batch,0.298816
log_loss,5,RandomForest,icvae,gse20194,meta_batch,0.299395
log_loss,6,RandomForest,icvae,gse20194,meta_batch,0.303262
log_loss,7,RandomForest,icvae,gse20194,meta_batch,0.315972
log_loss,8,RandomForest,icvae,gse20194,meta_batch,0.304007
log_loss,9,RandomForest,icvae,gse20194,meta_batch,0.297052
roc_auc_score,0,HistGradientBoosting,icvae,gse20194,meta_batch,0.51014
roc_auc_score,1,HistGradientBoosting,icvae,gse20194,meta_batch,0.500332
roc_auc_score,2,HistGradientBoosting,icvae,gse20194,meta_batch,0.468998
roc_auc_score,3,HistGradientBoosting,icvae,gse20194,meta_batch,0.540074
roc_auc_score,4,HistGradientBoosting,icvae,gse20194,meta_batch,0.474324
roc_auc_score,5,HistGradientBoosting,icvae,gse20194,meta_batch,0.516666
roc_auc_score,6,HistGradientBoosting,icvae,gse20194,meta_batch,0.523311
roc_auc_score,7,HistGradientBoosting,icvae,gse20194,meta_batch,0.550507
roc_auc_score,8,HistGradientBoosting,icvae,gse20194,meta_batch,0.530503
roc_auc_score,9,HistGradientBoosting,icvae,gse20194,meta_batch,0.48191
mutual_info_score,0,HistGradientBoosting,icvae,gse20194,meta_batch,0.007005
mutual_info_score,1,HistGradientBoosting,icvae,gse20194,meta_batch,0.00526
mutual_info_score,2,HistGradientBoosting,icvae,gse20194,meta_batch,0.000521
mutual_info_score,3,HistGradientBoosting,icvae,gse20194,meta_batch,0.004165
mutual_info_score,4,HistGradientBoosting,icvae,gse20194,meta_batch,0.003815
mutual_info_score,5,HistGradientBoosting,icvae,gse20194,meta_batch,0.008813
mutual_info_score,6,HistGradientBoosting,icvae,gse20194,meta_batch,0.00294
mutual_info_score,7,HistGradientBoosting,icvae,gse20194,meta_batch,0.006886
mutual_info_score,8,HistGradientBoosting,icvae,gse20194,meta_batch,0.005328
mutual_info_score,9,HistGradientBoosting,icvae,gse20194,meta_batch,0.010555
mutual_info_proba_classif,0,HistGradientBoosting,icvae,gse20194,meta_batch,0.025997
mutual_info_proba_classif,1,HistGradientBoosting,icvae,gse20194,meta_batch,0.022153
mutual_info_proba_classif,2,HistGradientBoosting,icvae,gse20194,meta_batch,0.035797
mutual_info_proba_classif,3,HistGradientBoosting,icvae,gse20194,meta_batch,0.033092
mutual_info_proba_classif,4,HistGradientBoosting,icvae,gse20194,meta_batch,0.094944
mutual_info_proba_classif,5,HistGradientBoosting,icvae,gse20194,meta_batch,0.0
mutual_info_proba_classif,6,HistGradientBoosting,icvae,gse20194,meta_batch,0.0
mutual_info_proba_classif,7,HistGradientBoosting,icvae,gse20194,meta_batch,0.001571
mutual_info_proba_classif,8,HistGradientBoosting,icvae,gse20194,meta_batch,0.0
mutual_info_proba_classif,9,HistGradientBoosting,icvae,gse20194,meta_batch,0.018285
mutual_info_proba_sum,0,HistGradientBoosting,icvae,gse20194,meta_batch,0.000193
mutual_info_proba_sum,1,HistGradientBoosting,icvae,gse20194,meta_batch,0.000922
mutual_info_proba_sum,2,HistGradientBoosting,icvae,gse20194,meta_batch,0.000674
mutual_info_proba_sum,3,HistGradientBoosting,icvae,gse20194,meta_batch,0.000526
mutual_info_proba_sum,4,HistGradientBoosting,icvae,gse20194,meta_batch,0.000894
mutual_info_proba_sum,5,HistGradientBoosting,icvae,gse20194,meta_batch,0.001402
mutual_info_proba_sum,6,HistGradientBoosting,icvae,gse20194,meta_batch,0.000319
mutual_info_proba_sum,7,HistGradientBoosting,icvae,gse20194,meta_batch,0.002797
mutual_info_proba_sum,8,HistGradientBoosting,icvae,gse20194,meta_batch,0.0011
mutual_info_proba_sum,9,HistGradientBoosting,icvae,gse20194,meta_batch,0.002069
determinant_based_mutual_information,0,HistGradientBoosting,icvae,gse20194,meta_batch,0.015546
determinant_based_mutual_information,1,HistGradientBoosting,icvae,gse20194,meta_batch,0.028298
determinant_based_mutual_information,2,HistGradientBoosting,icvae,gse20194,meta_batch,0.024383
determinant_based_mutual_information,3,HistGradientBoosting,icvae,gse20194,meta_batch,0.02507
determinant_based_mutual_information,4,HistGradientBoosting,icvae,gse20194,meta_batch,0.028053
determinant_based_mutual_information,5,HistGradientBoosting,icvae,gse20194,meta_batch,0.035804
determinant_based_mutual_information,6,HistGradientBoosting,icvae,gse20194,meta_batch,0.016441
determinant_based_mutual_information,7,HistGradientBoosting,icvae,gse20194,meta_batch,0.051776
determinant_based_mutual_information,8,HistGradientBoosting,icvae,gse20194,meta_batch,0.03377
determinant_based_mutual_information,9,HistGradientBoosting,icvae,gse20194,meta_batch,0.039534
accuracy_score,0,HistGradientBoosting,icvae,gse20194,meta_batch,0.565789
accuracy_score,1,HistGradientBoosting,icvae,gse20194,meta_batch,0.517544
accuracy_score,2,HistGradientBoosting,icvae,gse20194,meta_batch,0.508772
accuracy_score,3,HistGradientBoosting,icvae,gse20194,meta_batch,0.539474
accuracy_score,4,HistGradientBoosting,icvae,gse20194,meta_batch,0.504386
accuracy_score,5,HistGradientBoosting,icvae,gse20194,meta_batch,0.539474
accuracy_score,6,HistGradientBoosting,icvae,gse20194,meta_batch,0.530702
accuracy_score,7,HistGradientBoosting,icvae,gse20194,meta_batch,0.561404
accuracy_score,8,HistGradientBoosting,icvae,gse20194,meta_batch,0.54386
accuracy_score,9,HistGradientBoosting,icvae,gse20194,meta_batch,0.526316
log_loss,0,HistGradientBoosting,icvae,gse20194,meta_batch,0.154802
log_loss,1,HistGradientBoosting,icvae,gse20194,meta_batch,0.123553
log_loss,2,HistGradientBoosting,icvae,gse20194,meta_batch,0.044915
log_loss,3,HistGradientBoosting,icvae,gse20194,meta_batch,0.159174
log_loss,4,HistGradientBoosting,icvae,gse20194,meta_batch,0.098147
log_loss,5,HistGradientBoosting,icvae,gse20194,meta_batch,0.150908
log_loss,6,HistGradientBoosting,icvae,gse20194,meta_batch,0.148935
log_loss,7,HistGradientBoosting,icvae,gse20194,meta_batch,0.195122
log_loss,8,HistGradientBoosting,icvae,gse20194,meta_batch,0.131916
log_loss,9,HistGradientBoosting,icvae,gse20194,meta_batch,0.053187
roc_auc_score,0,RandomForest,icvae,gse49711,meta_Class,0.599656
roc_auc_score,1,RandomForest,icvae,gse49711,meta_Class,0.596812
roc_auc_score,2,RandomForest,icvae,gse49711,meta_Class,0.573421
roc_auc_score,3,RandomForest,icvae,gse49711,meta_Class,0.613577
roc_auc_score,4,RandomForest,icvae,gse49711,meta_Class,0.630143
roc_auc_score,5,RandomForest,icvae,gse49711,meta_Class,0.623403
roc_auc_score,6,RandomForest,icvae,gse49711,meta_Class,0.59615
roc_auc_score,7,RandomForest,icvae,gse49711,meta_Class,0.605926
roc_auc_score,8,RandomForest,icvae,gse49711,meta_Class,0.593402
roc_auc_score,9,RandomForest,icvae,gse49711,meta_Class,0.583795
mutual_info_score,0,RandomForest,icvae,gse49711,meta_Class,0.011801
mutual_info_score,1,RandomForest,icvae,gse49711,meta_Class,0.023544
mutual_info_score,2,RandomForest,icvae,gse49711,meta_Class,0.01327
mutual_info_score,3,RandomForest,icvae,gse49711,meta_Class,0.016602
mutual_info_score,4,RandomForest,icvae,gse49711,meta_Class,0.027151
mutual_info_score,5,RandomForest,icvae,gse49711,meta_Class,0.048854
mutual_info_score,6,RandomForest,icvae,gse49711,meta_Class,0.030416
mutual_info_score,7,RandomForest,icvae,gse49711,meta_Class,0.020642
mutual_info_score,8,RandomForest,icvae,gse49711,meta_Class,0.021162
mutual_info_score,9,RandomForest,icvae,gse49711,meta_Class,0.022063
mutual_info_proba_classif,0,RandomForest,icvae,gse49711,meta_Class,0.078629
mutual_info_proba_classif,1,RandomForest,icvae,gse49711,meta_Class,0.042064
mutual_info_proba_classif,2,RandomForest,icvae,gse49711,meta_Class,0.024761
mutual_info_proba_classif,3,RandomForest,icvae,gse49711,meta_Class,0.115048
mutual_info_proba_classif,4,RandomForest,icvae,gse49711,meta_Class,0.094246
mutual_info_proba_classif,5,RandomForest,icvae,gse49711,meta_Class,0.009317
mutual_info_proba_classif,6,RandomForest,icvae,gse49711,meta_Class,0.053563
mutual_info_proba_classif,7,RandomForest,icvae,gse49711,meta_Class,0.047486
mutual_info_proba_classif,8,RandomForest,icvae,gse49711,meta_Class,0.0
mutual_info_proba_classif,9,RandomForest,icvae,gse49711,meta_Class,0.073478
mutual_info_proba_sum,0,RandomForest,icvae,gse49711,meta_Class,0.001249
mutual_info_proba_sum,1,RandomForest,icvae,gse49711,meta_Class,0.001299
mutual_info_proba_sum,2,RandomForest,icvae,gse49711,meta_Class,0.000608
mutual_info_proba_sum,3,RandomForest,icvae,gse49711,meta_Class,0.001469
mutual_info_proba_sum,4,RandomForest,icvae,gse49711,meta_Class,0.002021
mutual_info_proba_sum,5,RandomForest,icvae,gse49711,meta_Class,0.001716
mutual_info_proba_sum,6,RandomForest,icvae,gse49711,meta_Class,0.001285
mutual_info_proba_sum,7,RandomForest,icvae,gse49711,meta_Class,0.001297
mutual_info_proba_sum,8,RandomForest,icvae,gse49711,meta_Class,0.00098
mutual_info_proba_sum,9,RandomForest,icvae,gse49711,meta_Class,0.001553
determinant_based_mutual_information,0,RandomForest,icvae,gse49711,meta_Class,0.037183
determinant_based_mutual_information,1,RandomForest,icvae,gse49711,meta_Class,0.0365
determinant_based_mutual_information,2,RandomForest,icvae,gse49711,meta_Class,0.024539
determinant_based_mutual_information,3,RandomForest,icvae,gse49711,meta_Class,0.037044
determinant_based_mutual_information,4,RandomForest,icvae,gse49711,meta_Class,0.047725
determinant_based_mutual_information,5,RandomForest,icvae,gse49711,meta_Class,0.042734
determinant_based_mutual_information,6,RandomForest,icvae,gse49711,meta_Class,0.034878
determinant_based_mutual_information,7,RandomForest,icvae,gse49711,meta_Class,0.035914
determinant_based_mutual_information,8,RandomForest,icvae,gse49711,meta_Class,0.032376
determinant_based_mutual_information,9,RandomForest,icvae,gse49711,meta_Class,0.035663
accuracy_score,0,RandomForest,icvae,gse49711,meta_Class,0.665446
accuracy_score,1,RandomForest,icvae,gse49711,meta_Class,0.672934
accuracy_score,2,RandomForest,icvae,gse49711,meta_Class,0.661823
accuracy_score,3,RandomForest,icvae,gse49711,meta_Class,0.67269
accuracy_score,4,RandomForest,icvae,gse49711,meta_Class,0.676516
accuracy_score,5,RandomForest,icvae,gse49711,meta_Class,0.694912
accuracy_score,6,RandomForest,icvae,gse49711,meta_Class,0.672894
accuracy_score,7,RandomForest,icvae,gse49711,meta_Class,0.680098
accuracy_score,8,RandomForest,icvae,gse49711,meta_Class,0.676557
accuracy_score,9,RandomForest,icvae,gse49711,meta_Class,0.676353
log_loss,0,RandomForest,icvae,gse49711,meta_Class,0.375523
log_loss,1,RandomForest,icvae,gse49711,meta_Class,0.374568
log_loss,2,RandomForest,icvae,gse49711,meta_Class,0.361245
log_loss,3,RandomForest,icvae,gse49711,meta_Class,0.37892
log_loss,4,RandomForest,icvae,gse49711,meta_Class,0.387016
log_loss,5,RandomForest,icvae,gse49711,meta_Class,0.385935
log_loss,6,RandomForest,icvae,gse49711,meta_Class,0.373321
log_loss,7,RandomForest,icvae,gse49711,meta_Class,0.374801
log_loss,8,RandomForest,icvae,gse49711,meta_Class,0.371636
log_loss,9,RandomForest,icvae,gse49711,meta_Class,0.374888
roc_auc_score,0,HistGradientBoosting,icvae,gse49711,meta_Class,0.920154
roc_auc_score,1,HistGradientBoosting,icvae,gse49711,meta_Class,0.941322
roc_auc_score,2,HistGradientBoosting,icvae,gse49711,meta_Class,0.924222
roc_auc_score,3,HistGradientBoosting,icvae,gse49711,meta_Class,0.921052
roc_auc_score,4,HistGradientBoosting,icvae,gse49711,meta_Class,0.93184
roc_auc_score,5,HistGradientBoosting,icvae,gse49711,meta_Class,0.928684
roc_auc_score,6,HistGradientBoosting,icvae,gse49711,meta_Class,0.930379
roc_auc_score,7,HistGradientBoosting,icvae,gse49711,meta_Class,0.92409
roc_auc_score,8,HistGradientBoosting,icvae,gse49711,meta_Class,0.940154
roc_auc_score,9,HistGradientBoosting,icvae,gse49711,meta_Class,0.931579
mutual_info_score,0,HistGradientBoosting,icvae,gse49711,meta_Class,0.452384
mutual_info_score,1,HistGradientBoosting,icvae,gse49711,meta_Class,0.459936
mutual_info_score,2,HistGradientBoosting,icvae,gse49711,meta_Class,0.441603
mutual_info_score,3,HistGradientBoosting,icvae,gse49711,meta_Class,0.429723
mutual_info_score,4,HistGradientBoosting,icvae,gse49711,meta_Class,0.444334
mutual_info_score,5,HistGradientBoosting,icvae,gse49711,meta_Class,0.495563
mutual_info_score,6,HistGradientBoosting,icvae,gse49711,meta_Class,0.467297
mutual_info_score,7,HistGradientBoosting,icvae,gse49711,meta_Class,0.458101
mutual_info_score,8,HistGradientBoosting,icvae,gse49711,meta_Class,0.398259
mutual_info_score,9,HistGradientBoosting,icvae,gse49711,meta_Class,0.392588
mutual_info_proba_classif,0,HistGradientBoosting,icvae,gse49711,meta_Class,0.497354
mutual_info_proba_classif,1,HistGradientBoosting,icvae,gse49711,meta_Class,0.517786
mutual_info_proba_classif,2,HistGradientBoosting,icvae,gse49711,meta_Class,0.492747
mutual_info_proba_classif,3,HistGradientBoosting,icvae,gse49711,meta_Class,0.457666
mutual_info_proba_classif,4,HistGradientBoosting,icvae,gse49711,meta_Class,0.502294
mutual_info_proba_classif,5,HistGradientBoosting,icvae,gse49711,meta_Class,0.520069
mutual_info_proba_classif,6,HistGradientBoosting,icvae,gse49711,meta_Class,0.515408
mutual_info_proba_classif,7,HistGradientBoosting,icvae,gse49711,meta_Class,0.501669
mutual_info_proba_classif,8,HistGradientBoosting,icvae,gse49711,meta_Class,0.528334
mutual_info_proba_classif,9,HistGradientBoosting,icvae,gse49711,meta_Class,0.531083
mutual_info_proba_sum,0,HistGradientBoosting,icvae,gse49711,meta_Class,0.333118
mutual_info_proba_sum,1,HistGradientBoosting,icvae,gse49711,meta_Class,0.317584
mutual_info_proba_sum,2,HistGradientBoosting,icvae,gse49711,meta_Class,0.309692
mutual_info_proba_sum,3,HistGradientBoosting,icvae,gse49711,meta_Class,0.321779
mutual_info_proba_sum,4,HistGradientBoosting,icvae,gse49711,meta_Class,0.330886
mutual_info_proba_sum,5,HistGradientBoosting,icvae,gse49711,meta_Class,0.334985
mutual_info_proba_sum,6,HistGradientBoosting,icvae,gse49711,meta_Class,0.343582
mutual_info_proba_sum,7,HistGradientBoosting,icvae,gse49711,meta_Class,0.328609
mutual_info_proba_sum,8,HistGradientBoosting,icvae,gse49711,meta_Class,0.305681
mutual_info_proba_sum,9,HistGradientBoosting,icvae,gse49711,meta_Class,0.308436
determinant_based_mutual_information,0,HistGradientBoosting,icvae,gse49711,meta_Class,0.588428
determinant_based_mutual_information,1,HistGradientBoosting,icvae,gse49711,meta_Class,0.575331
determinant_based_mutual_information,2,HistGradientBoosting,icvae,gse49711,meta_Class,0.568294
determinant_based_mutual_information,3,HistGradientBoosting,icvae,gse49711,meta_Class,0.575134
determinant_based_mutual_information,4,HistGradientBoosting,icvae,gse49711,meta_Class,0.58107
determinant_based_mutual_information,5,HistGradientBoosting,icvae,gse49711,meta_Class,0.587884
determinant_based_mutual_information,6,HistGradientBoosting,icvae,gse49711,meta_Class,0.599427
determinant_based_mutual_information,7,HistGradientBoosting,icvae,gse49711,meta_Class,0.582807
determinant_based_mutual_information,8,HistGradientBoosting,icvae,gse49711,meta_Class,0.551189
determinant_based_mutual_information,9,HistGradientBoosting,icvae,gse49711,meta_Class,0.562641
accuracy_score,0,HistGradientBoosting,icvae,gse49711,meta_Class,0.89711
accuracy_score,1,HistGradientBoosting,icvae,gse49711,meta_Class,0.900692
accuracy_score,2,HistGradientBoosting,icvae,gse49711,meta_Class,0.893447
accuracy_score,3,HistGradientBoosting,icvae,gse49711,meta_Class,0.889662
accuracy_score,4,HistGradientBoosting,icvae,gse49711,meta_Class,0.893488
accuracy_score,5,HistGradientBoosting,icvae,gse49711,meta_Class,0.911803
accuracy_score,6,HistGradientBoosting,icvae,gse49711,meta_Class,0.904436
accuracy_score,7,HistGradientBoosting,icvae,gse49711,meta_Class,0.897029
accuracy_score,8,HistGradientBoosting,icvae,gse49711,meta_Class,0.875051
accuracy_score,9,HistGradientBoosting,icvae,gse49711,meta_Class,0.874969
log_loss,0,HistGradientBoosting,icvae,gse49711,meta_Class,0.695295
log_loss,1,HistGradientBoosting,icvae,gse49711,meta_Class,0.723671
log_loss,2,HistGradientBoosting,icvae,gse49711,meta_Class,0.690989
log_loss,3,HistGradientBoosting,icvae,gse49711,meta_Class,0.695158
log_loss,4,HistGradientBoosting,icvae,gse49711,meta_Class,0.707977
log_loss,5,HistGradientBoosting,icvae,gse49711,meta_Class,0.707552
log_loss,6,HistGradientBoosting,icvae,gse49711,meta_Class,0.730315
log_loss,7,HistGradientBoosting,icvae,gse49711,meta_Class,0.70328
log_loss,8,HistGradientBoosting,icvae,gse49711,meta_Class,0.678001
log_loss,9,HistGradientBoosting,icvae,gse49711,meta_Class,0.704215
roc_auc_score,0,RandomForest,autoclass,gse20194,meta_batch,0.804854
roc_auc_score,1,RandomForest,autoclass,gse20194,meta_batch,0.799386
roc_auc_score,2,RandomForest,autoclass,gse20194,meta_batch,0.780971
roc_auc_score,3,RandomForest,autoclass,gse20194,meta_batch,0.807241
roc_auc_score,4,RandomForest,autoclass,gse20194,meta_batch,0.80682
roc_auc_score,5,RandomForest,autoclass,gse20194,meta_batch,0.78677
roc_auc_score,6,RandomForest,autoclass,gse20194,meta_batch,0.800914
roc_auc_score,7,RandomForest,autoclass,gse20194,meta_batch,0.769755
roc_auc_score,8,RandomForest,autoclass,gse20194,meta_batch,0.774326
roc_auc_score,9,RandomForest,autoclass,gse20194,meta_batch,0.816407
mutual_info_score,0,RandomForest,autoclass,gse20194,meta_batch,0.128974
mutual_info_score,1,RandomForest,autoclass,gse20194,meta_batch,0.119771
mutual_info_score,2,RandomForest,autoclass,gse20194,meta_batch,0.077009
mutual_info_score,3,RandomForest,autoclass,gse20194,meta_batch,0.149481
mutual_info_score,4,RandomForest,autoclass,gse20194,meta_batch,0.137967
mutual_info_score,5,RandomForest,autoclass,gse20194,meta_batch,0.111997
mutual_info_score,6,RandomForest,autoclass,gse20194,meta_batch,0.171153
mutual_info_score,7,RandomForest,autoclass,gse20194,meta_batch,0.116413
mutual_info_score,8,RandomForest,autoclass,gse20194,meta_batch,0.106726
mutual_info_score,9,RandomForest,autoclass,gse20194,meta_batch,0.130669
mutual_info_proba_classif,0,RandomForest,autoclass,gse20194,meta_batch,0.241029
mutual_info_proba_classif,1,RandomForest,autoclass,gse20194,meta_batch,0.274718
mutual_info_proba_classif,2,RandomForest,autoclass,gse20194,meta_batch,0.223436
mutual_info_proba_classif,3,RandomForest,autoclass,gse20194,meta_batch,0.167757
mutual_info_proba_classif,4,RandomForest,autoclass,gse20194,meta_batch,0.250619
mutual_info_proba_classif,5,RandomForest,autoclass,gse20194,meta_batch,0.22989
mutual_info_proba_classif,6,RandomForest,autoclass,gse20194,meta_batch,0.301251
mutual_info_proba_classif,7,RandomForest,autoclass,gse20194,meta_batch,0.160357
mutual_info_proba_classif,8,RandomForest,autoclass,gse20194,meta_batch,0.17779
mutual_info_proba_classif,9,RandomForest,autoclass,gse20194,meta_batch,0.188755
mutual_info_proba_sum,0,RandomForest,autoclass,gse20194,meta_batch,0.058478
mutual_info_proba_sum,1,RandomForest,autoclass,gse20194,meta_batch,0.056333
mutual_info_proba_sum,2,RandomForest,autoclass,gse20194,meta_batch,0.04821
mutual_info_proba_sum,3,RandomForest,autoclass,gse20194,meta_batch,0.062974
mutual_info_proba_sum,4,RandomForest,autoclass,gse20194,meta_batch,0.062715
mutual_info_proba_sum,5,RandomForest,autoclass,gse20194,meta_batch,0.058707
mutual_info_proba_sum,6,RandomForest,autoclass,gse20194,meta_batch,0.062537
mutual_info_proba_sum,7,RandomForest,autoclass,gse20194,meta_batch,0.047949
mutual_info_proba_sum,8,RandomForest,autoclass,gse20194,meta_batch,0.044099
mutual_info_proba_sum,9,RandomForest,autoclass,gse20194,meta_batch,0.06133
determinant_based_mutual_information,0,RandomForest,autoclass,gse20194,meta_batch,0.27672
determinant_based_mutual_information,1,RandomForest,autoclass,gse20194,meta_batch,0.272739
determinant_based_mutual_information,2,RandomForest,autoclass,gse20194,meta_batch,0.250556
determinant_based_mutual_information,3,RandomForest,autoclass,gse20194,meta_batch,0.28726
determinant_based_mutual_information,4,RandomForest,autoclass,gse20194,meta_batch,0.287614
determinant_based_mutual_information,5,RandomForest,autoclass,gse20194,meta_batch,0.27851
determinant_based_mutual_information,6,RandomForest,autoclass,gse20194,meta_batch,0.287122
determinant_based_mutual_information,7,RandomForest,autoclass,gse20194,meta_batch,0.252442
determinant_based_mutual_information,8,RandomForest,autoclass,gse20194,meta_batch,0.241407
determinant_based_mutual_information,9,RandomForest,autoclass,gse20194,meta_batch,0.283578
accuracy_score,0,RandomForest,autoclass,gse20194,meta_batch,0.710526
accuracy_score,1,RandomForest,autoclass,gse20194,meta_batch,0.70614
accuracy_score,2,RandomForest,autoclass,gse20194,meta_batch,0.666667
accuracy_score,3,RandomForest,autoclass,gse20194,meta_batch,0.719298
accuracy_score,4,RandomForest,autoclass,gse20194,meta_batch,0.719298
accuracy_score,5,RandomForest,autoclass,gse20194,meta_batch,0.692982
accuracy_score,6,RandomForest,autoclass,gse20194,meta_batch,0.741228
accuracy_score,7,RandomForest,autoclass,gse20194,meta_batch,0.697368
accuracy_score,8,RandomForest,autoclass,gse20194,meta_batch,0.692982
accuracy_score,9,RandomForest,autoclass,gse20194,meta_batch,0.714912
log_loss,0,RandomForest,autoclass,gse20194,meta_batch,0.465772
log_loss,1,RandomForest,autoclass,gse20194,meta_batch,0.447706
log_loss,2,RandomForest,autoclass,gse20194,meta_batch,0.44732
log_loss,3,RandomForest,autoclass,gse20194,meta_batch,0.465391
log_loss,4,RandomForest,autoclass,gse20194,meta_batch,0.446384
log_loss,5,RandomForest,autoclass,gse20194,meta_batch,0.443165
log_loss,6,RandomForest,autoclass,gse20194,meta_batch,0.466084
log_loss,7,RandomForest,autoclass,gse20194,meta_batch,0.419935
log_loss,8,RandomForest,autoclass,gse20194,meta_batch,0.409575
log_loss,9,RandomForest,autoclass,gse20194,meta_batch,0.475505
roc_auc_score,0,HistGradientBoosting,autoclass,gse20194,meta_batch,0.87707
roc_auc_score,1,HistGradientBoosting,autoclass,gse20194,meta_batch,0.843122
roc_auc_score,2,HistGradientBoosting,autoclass,gse20194,meta_batch,0.84306
roc_auc_score,3,HistGradientBoosting,autoclass,gse20194,meta_batch,0.893082
roc_auc_score,4,HistGradientBoosting,autoclass,gse20194,meta_batch,0.881175
roc_auc_score,5,HistGradientBoosting,autoclass,gse20194,meta_batch,0.886131
roc_auc_score,6,HistGradientBoosting,autoclass,gse20194,meta_batch,0.866459
roc_auc_score,7,HistGradientBoosting,autoclass,gse20194,meta_batch,0.841988
roc_auc_score,8,HistGradientBoosting,autoclass,gse20194,meta_batch,0.850287
roc_auc_score,9,HistGradientBoosting,autoclass,gse20194,meta_batch,0.867879
mutual_info_score,0,HistGradientBoosting,autoclass,gse20194,meta_batch,0.256493
mutual_info_score,1,HistGradientBoosting,autoclass,gse20194,meta_batch,0.206624
mutual_info_score,2,HistGradientBoosting,autoclass,gse20194,meta_batch,0.229479
mutual_info_score,3,HistGradientBoosting,autoclass,gse20194,meta_batch,0.268682
mutual_info_score,4,HistGradientBoosting,autoclass,gse20194,meta_batch,0.290654
mutual_info_score,5,HistGradientBoosting,autoclass,gse20194,meta_batch,0.267666
mutual_info_score,6,HistGradientBoosting,autoclass,gse20194,meta_batch,0.291572
mutual_info_score,7,HistGradientBoosting,autoclass,gse20194,meta_batch,0.201777
mutual_info_score,8,HistGradientBoosting,autoclass,gse20194,meta_batch,0.255803
mutual_info_score,9,HistGradientBoosting,autoclass,gse20194,meta_batch,0.268748
mutual_info_proba_classif,0,HistGradientBoosting,autoclass,gse20194,meta_batch,0.282731
mutual_info_proba_classif,1,HistGradientBoosting,autoclass,gse20194,meta_batch,0.279142
mutual_info_proba_classif,2,HistGradientBoosting,autoclass,gse20194,meta_batch,0.288511
mutual_info_proba_classif,3,HistGradientBoosting,autoclass,gse20194,meta_batch,0.392007
mutual_info_proba_classif,4,HistGradientBoosting,autoclass,gse20194,meta_batch,0.368285
mutual_info_proba_classif,5,HistGradientBoosting,autoclass,gse20194,meta_batch,0.334486
mutual_info_proba_classif,6,HistGradientBoosting,autoclass,gse20194,meta_batch,0.247021
mutual_info_proba_classif,7,HistGradientBoosting,autoclass,gse20194,meta_batch,0.295322
mutual_info_proba_classif,8,HistGradientBoosting,autoclass,gse20194,meta_batch,0.367086
mutual_info_proba_classif,9,HistGradientBoosting,autoclass,gse20194,meta_batch,0.357896
mutual_info_proba_sum,0,HistGradientBoosting,autoclass,gse20194,meta_batch,0.185274
mutual_info_proba_sum,1,HistGradientBoosting,autoclass,gse20194,meta_batch,0.142863
mutual_info_proba_sum,2,HistGradientBoosting,autoclass,gse20194,meta_batch,0.146588
mutual_info_proba_sum,3,HistGradientBoosting,autoclass,gse20194,meta_batch,0.195061
mutual_info_proba_sum,4,HistGradientBoosting,autoclass,gse20194,meta_batch,0.189895
mutual_info_proba_sum,5,HistGradientBoosting,autoclass,gse20194,meta_batch,0.174678
mutual_info_proba_sum,6,HistGradientBoosting,autoclass,gse20194,meta_batch,0.173438
mutual_info_proba_sum,7,HistGradientBoosting,autoclass,gse20194,meta_batch,0.147085
mutual_info_proba_sum,8,HistGradientBoosting,autoclass,gse20194,meta_batch,0.161924
mutual_info_proba_sum,9,HistGradientBoosting,autoclass,gse20194,meta_batch,0.167789
determinant_based_mutual_information,0,HistGradientBoosting,autoclass,gse20194,meta_batch,0.484139
determinant_based_mutual_information,1,HistGradientBoosting,autoclass,gse20194,meta_batch,0.42867
determinant_based_mutual_information,2,HistGradientBoosting,autoclass,gse20194,meta_batch,0.424639
determinant_based_mutual_information,3,HistGradientBoosting,autoclass,gse20194,meta_batch,0.494237
determinant_based_mutual_information,4,HistGradientBoosting,autoclass,gse20194,meta_batch,0.491954
determinant_based_mutual_information,5,HistGradientBoosting,autoclass,gse20194,meta_batch,0.470583
determinant_based_mutual_information,6,HistGradientBoosting,autoclass,gse20194,meta_batch,0.473291
determinant_based_mutual_information,7,HistGradientBoosting,autoclass,gse20194,meta_batch,0.43153
determinant_based_mutual_information,8,HistGradientBoosting,autoclass,gse20194,meta_batch,0.455577
determinant_based_mutual_information,9,HistGradientBoosting,autoclass,gse20194,meta_batch,0.462219
accuracy_score,0,HistGradientBoosting,autoclass,gse20194,meta_batch,0.79386
accuracy_score,1,HistGradientBoosting,autoclass,gse20194,meta_batch,0.767544
accuracy_score,2,HistGradientBoosting,autoclass,gse20194,meta_batch,0.767544
accuracy_score,3,HistGradientBoosting,autoclass,gse20194,meta_batch,0.798246
accuracy_score,4,HistGradientBoosting,autoclass,gse20194,meta_batch,0.807018
accuracy_score,5,HistGradientBoosting,autoclass,gse20194,meta_batch,0.79386
accuracy_score,6,HistGradientBoosting,autoclass,gse20194,meta_batch,0.807018
accuracy_score,7,HistGradientBoosting,autoclass,gse20194,meta_batch,0.754386
accuracy_score,8,HistGradientBoosting,autoclass,gse20194,meta_batch,0.79386
accuracy_score,9,HistGradientBoosting,autoclass,gse20194,meta_batch,0.798246
log_loss,0,HistGradientBoosting,autoclass,gse20194,meta_batch,0.538127
log_loss,1,HistGradientBoosting,autoclass,gse20194,meta_batch,0.477105
log_loss,2,HistGradientBoosting,autoclass,gse20194,meta_batch,0.479376
log_loss,3,HistGradientBoosting,autoclass,gse20194,meta_batch,0.553256
log_loss,4,HistGradientBoosting,autoclass,gse20194,meta_batch,0.532699
log_loss,5,HistGradientBoosting,autoclass,gse20194,meta_batch,0.543971
log_loss,6,HistGradientBoosting,autoclass,gse20194,meta_batch,0.518269
log_loss,7,HistGradientBoosting,autoclass,gse20194,meta_batch,0.45148
log_loss,8,HistGradientBoosting,autoclass,gse20194,meta_batch,0.484311
log_loss,9,HistGradientBoosting,autoclass,gse20194,meta_batch,0.515934
roc_auc_score,0,RandomForest,autoclass,gse24080,meta_batch,0.902486
roc_auc_score,1,RandomForest,autoclass,gse24080,meta_batch,0.897478
roc_auc_score,2,RandomForest,autoclass,gse24080,meta_batch,0.910485
roc_auc_score,3,RandomForest,autoclass,gse24080,meta_batch,0.893469
roc_auc_score,4,RandomForest,autoclass,gse24080,meta_batch,0.887662
roc_auc_score,5,RandomForest,autoclass,gse24080,meta_batch,0.901824
roc_auc_score,6,RandomForest,autoclass,gse24080,meta_batch,0.910739
roc_auc_score,7,RandomForest,autoclass,gse24080,meta_batch,0.890669
roc_auc_score,8,RandomForest,autoclass,gse24080,meta_batch,0.875661
roc_auc_score,9,RandomForest,autoclass,gse24080,meta_batch,0.901197
mutual_info_score,0,RandomForest,autoclass,gse24080,meta_batch,0.277208
mutual_info_score,1,RandomForest,autoclass,gse24080,meta_batch,0.282762
mutual_info_score,2,RandomForest,autoclass,gse24080,meta_batch,0.29335
mutual_info_score,3,RandomForest,autoclass,gse24080,meta_batch,0.31225
mutual_info_score,4,RandomForest,autoclass,gse24080,meta_batch,0.290436
mutual_info_score,5,RandomForest,autoclass,gse24080,meta_batch,0.285028
mutual_info_score,6,RandomForest,autoclass,gse24080,meta_batch,0.303647
mutual_info_score,7,RandomForest,autoclass,gse24080,meta_batch,0.275193
mutual_info_score,8,RandomForest,autoclass,gse24080,meta_batch,0.273011
mutual_info_score,9,RandomForest,autoclass,gse24080,meta_batch,0.297388
mutual_info_proba_classif,0,RandomForest,autoclass,gse24080,meta_batch,0.443858
mutual_info_proba_classif,1,RandomForest,autoclass,gse24080,meta_batch,0.407686
mutual_info_proba_classif,2,RandomForest,autoclass,gse24080,meta_batch,0.445841
mutual_info_proba_classif,3,RandomForest,autoclass,gse24080,meta_batch,0.407982
mutual_info_proba_classif,4,RandomForest,autoclass,gse24080,meta_batch,0.391557
mutual_info_proba_classif,5,RandomForest,autoclass,gse24080,meta_batch,0.43662
mutual_info_proba_classif,6,RandomForest,autoclass,gse24080,meta_batch,0.403061
mutual_info_proba_classif,7,RandomForest,autoclass,gse24080,meta_batch,0.377469
mutual_info_proba_classif,8,RandomForest,autoclass,gse24080,meta_batch,0.386337
mutual_info_proba_classif,9,RandomForest,autoclass,gse24080,meta_batch,0.41011
mutual_info_proba_sum,0,RandomForest,autoclass,gse24080,meta_batch,0.135413
mutual_info_proba_sum,1,RandomForest,autoclass,gse24080,meta_batch,0.125252
mutual_info_proba_sum,2,RandomForest,autoclass,gse24080,meta_batch,0.14317
mutual_info_proba_sum,3,RandomForest,autoclass,gse24080,meta_batch,0.128321
mutual_info_proba_sum,4,RandomForest,autoclass,gse24080,meta_batch,0.120007
mutual_info_proba_sum,5,RandomForest,autoclass,gse24080,meta_batch,0.132244
mutual_info_proba_sum,6,RandomForest,autoclass,gse24080,meta_batch,0.13972
mutual_info_proba_sum,7,RandomForest,autoclass,gse24080,meta_batch,0.133352
mutual_info_proba_sum,8,RandomForest,autoclass,gse24080,meta_batch,0.115701
mutual_info_proba_sum,9,RandomForest,autoclass,gse24080,meta_batch,0.134401
determinant_based_mutual_information,0,RandomForest,autoclass,gse24080,meta_batch,0.406661
determinant_based_mutual_information,1,RandomForest,autoclass,gse24080,meta_batch,0.392023
determinant_based_mutual_information,2,RandomForest,autoclass,gse24080,meta_batch,0.417757
determinant_based_mutual_information,3,RandomForest,autoclass,gse24080,meta_batch,0.39549
determinant_based_mutual_information,4,RandomForest,autoclass,gse24080,meta_batch,0.384807
determinant_based_mutual_information,5,RandomForest,autoclass,gse24080,meta_batch,0.400906
determinant_based_mutual_information,6,RandomForest,autoclass,gse24080,meta_batch,0.413058
determinant_based_mutual_information,7,RandomForest,autoclass,gse24080,meta_batch,0.402759
determinant_based_mutual_information,8,RandomForest,autoclass,gse24080,meta_batch,0.376584
determinant_based_mutual_information,9,RandomForest,autoclass,gse24080,meta_batch,0.404843
accuracy_score,0,RandomForest,autoclass,gse24080,meta_batch,0.813709
accuracy_score,1,RandomForest,autoclass,gse24080,meta_batch,0.81559
accuracy_score,2,RandomForest,autoclass,gse24080,meta_batch,0.820936
accuracy_score,3,RandomForest,autoclass,gse24080,meta_batch,0.831816
accuracy_score,4,RandomForest,autoclass,gse24080,meta_batch,0.819203
accuracy_score,5,RandomForest,autoclass,gse24080,meta_batch,0.817391
accuracy_score,6,RandomForest,autoclass,gse24080,meta_batch,0.822699
accuracy_score,7,RandomForest,autoclass,gse24080,meta_batch,0.81557
accuracy_score,8,RandomForest,autoclass,gse24080,meta_batch,0.813749
accuracy_score,9,RandomForest,autoclass,gse24080,meta_batch,0.822758
log_loss,0,RandomForest,autoclass,gse24080,meta_batch,0.605114
log_loss,1,RandomForest,autoclass,gse24080,meta_batch,0.597492
log_loss,2,RandomForest,autoclass,gse24080,meta_batch,0.618782
log_loss,3,RandomForest,autoclass,gse24080,meta_batch,0.53359
log_loss,4,RandomForest,autoclass,gse24080,meta_batch,0.583993
log_loss,5,RandomForest,autoclass,gse24080,meta_batch,0.602244
log_loss,6,RandomForest,autoclass,gse24080,meta_batch,0.615251
log_loss,7,RandomForest,autoclass,gse24080,meta_batch,0.586729
log_loss,8,RandomForest,autoclass,gse24080,meta_batch,0.443011
log_loss,9,RandomForest,autoclass,gse24080,meta_batch,0.60479
roc_auc_score,0,HistGradientBoosting,autoclass,gse24080,meta_batch,0.950473
roc_auc_score,1,HistGradientBoosting,autoclass,gse24080,meta_batch,0.94761
roc_auc_score,2,HistGradientBoosting,autoclass,gse24080,meta_batch,0.954789
roc_auc_score,3,HistGradientBoosting,autoclass,gse24080,meta_batch,0.947237
roc_auc_score,4,HistGradientBoosting,autoclass,gse24080,meta_batch,0.944351
roc_auc_score,5,HistGradientBoosting,autoclass,gse24080,meta_batch,0.94196
roc_auc_score,6,HistGradientBoosting,autoclass,gse24080,meta_batch,0.944476
roc_auc_score,7,HistGradientBoosting,autoclass,gse24080,meta_batch,0.942138
roc_auc_score,8,HistGradientBoosting,autoclass,gse24080,meta_batch,0.928865
roc_auc_score,9,HistGradientBoosting,autoclass,gse24080,meta_batch,0.948329
mutual_info_score,0,HistGradientBoosting,autoclass,gse24080,meta_batch,0.466341
mutual_info_score,1,HistGradientBoosting,autoclass,gse24080,meta_batch,0.396818
mutual_info_score,2,HistGradientBoosting,autoclass,gse24080,meta_batch,0.442819
mutual_info_score,3,HistGradientBoosting,autoclass,gse24080,meta_batch,0.453717
mutual_info_score,4,HistGradientBoosting,autoclass,gse24080,meta_batch,0.422967
mutual_info_score,5,HistGradientBoosting,autoclass,gse24080,meta_batch,0.397441
mutual_info_score,6,HistGradientBoosting,autoclass,gse24080,meta_batch,0.450397
mutual_info_score,7,HistGradientBoosting,autoclass,gse24080,meta_batch,0.410751
mutual_info_score,8,HistGradientBoosting,autoclass,gse24080,meta_batch,0.385059
mutual_info_score,9,HistGradientBoosting,autoclass,gse24080,meta_batch,0.435301
mutual_info_proba_classif,0,HistGradientBoosting,autoclass,gse24080,meta_batch,0.536588
mutual_info_proba_classif,1,HistGradientBoosting,autoclass,gse24080,meta_batch,0.538397
mutual_info_proba_classif,2,HistGradientBoosting,autoclass,gse24080,meta_batch,0.570639
mutual_info_proba_classif,3,HistGradientBoosting,autoclass,gse24080,meta_batch,0.571732
mutual_info_proba_classif,4,HistGradientBoosting,autoclass,gse24080,meta_batch,0.540747
mutual_info_proba_classif,5,HistGradientBoosting,autoclass,gse24080,meta_batch,0.523207
mutual_info_proba_classif,6,HistGradientBoosting,autoclass,gse24080,meta_batch,0.526489
mutual_info_proba_classif,7,HistGradientBoosting,autoclass,gse24080,meta_batch,0.521147
mutual_info_proba_classif,8,HistGradientBoosting,autoclass,gse24080,meta_batch,0.472111
mutual_info_proba_classif,9,HistGradientBoosting,autoclass,gse24080,meta_batch,0.547735
mutual_info_proba_sum,0,HistGradientBoosting,autoclass,gse24080,meta_batch,0.363166
mutual_info_proba_sum,1,HistGradientBoosting,autoclass,gse24080,meta_batch,0.335841
mutual_info_proba_sum,2,HistGradientBoosting,autoclass,gse24080,meta_batch,0.371728
mutual_info_proba_sum,3,HistGradientBoosting,autoclass,gse24080,meta_batch,0.36659
mutual_info_proba_sum,4,HistGradientBoosting,autoclass,gse24080,meta_batch,0.337219
mutual_info_proba_sum,5,HistGradientBoosting,autoclass,gse24080,meta_batch,0.331504
mutual_info_proba_sum,6,HistGradientBoosting,autoclass,gse24080,meta_batch,0.353321
mutual_info_proba_sum,7,HistGradientBoosting,autoclass,gse24080,meta_batch,0.34084
mutual_info_proba_sum,8,HistGradientBoosting,autoclass,gse24080,meta_batch,0.319151
mutual_info_proba_sum,9,HistGradientBoosting,autoclass,gse24080,meta_batch,0.356043
determinant_based_mutual_information,0,HistGradientBoosting,autoclass,gse24080,meta_batch,0.648813
determinant_based_mutual_information,1,HistGradientBoosting,autoclass,gse24080,meta_batch,0.624159
determinant_based_mutual_information,2,HistGradientBoosting,autoclass,gse24080,meta_batch,0.657723
determinant_based_mutual_information,3,HistGradientBoosting,autoclass,gse24080,meta_batch,0.652652
determinant_based_mutual_information,4,HistGradientBoosting,autoclass,gse24080,meta_batch,0.630963
determinant_based_mutual_information,5,HistGradientBoosting,autoclass,gse24080,meta_batch,0.620727
determinant_based_mutual_information,6,HistGradientBoosting,autoclass,gse24080,meta_batch,0.642754
determinant_based_mutual_information,7,HistGradientBoosting,autoclass,gse24080,meta_batch,0.631352
determinant_based_mutual_information,8,HistGradientBoosting,autoclass,gse24080,meta_batch,0.613515
determinant_based_mutual_information,9,HistGradientBoosting,autoclass,gse24080,meta_batch,0.641208
accuracy_score,0,HistGradientBoosting,autoclass,gse24080,meta_batch,0.889669
accuracy_score,1,HistGradientBoosting,autoclass,gse24080,meta_batch,0.862573
accuracy_score,2,HistGradientBoosting,autoclass,gse24080,meta_batch,0.878839
accuracy_score,3,HistGradientBoosting,autoclass,gse24080,meta_batch,0.884283
accuracy_score,4,HistGradientBoosting,autoclass,gse24080,meta_batch,0.871612
accuracy_score,5,HistGradientBoosting,autoclass,gse24080,meta_batch,0.864375
accuracy_score,6,HistGradientBoosting,autoclass,gse24080,meta_batch,0.882423
accuracy_score,7,HistGradientBoosting,autoclass,gse24080,meta_batch,0.86981
accuracy_score,8,HistGradientBoosting,autoclass,gse24080,meta_batch,0.85894
accuracy_score,9,HistGradientBoosting,autoclass,gse24080,meta_batch,0.873394
log_loss,0,HistGradientBoosting,autoclass,gse24080,meta_batch,0.697545
log_loss,1,HistGradientBoosting,autoclass,gse24080,meta_batch,0.687718
log_loss,2,HistGradientBoosting,autoclass,gse24080,meta_batch,0.713368
log_loss,3,HistGradientBoosting,autoclass,gse24080,meta_batch,0.690354
log_loss,4,HistGradientBoosting,autoclass,gse24080,meta_batch,0.677352
log_loss,5,HistGradientBoosting,autoclass,gse24080,meta_batch,0.671825
log_loss,6,HistGradientBoosting,autoclass,gse24080,meta_batch,0.687886
log_loss,7,HistGradientBoosting,autoclass,gse24080,meta_batch,0.674505
log_loss,8,HistGradientBoosting,autoclass,gse24080,meta_batch,0.625204
log_loss,9,HistGradientBoosting,autoclass,gse24080,meta_batch,0.692166
roc_auc_score,0,RandomForest,wasserstein,gse24080,meta_batch,0.896978
roc_auc_score,1,RandomForest,wasserstein,gse24080,meta_batch,0.903127
roc_auc_score,2,RandomForest,wasserstein,gse24080,meta_batch,0.905753
roc_auc_score,3,RandomForest,wasserstein,gse24080,meta_batch,0.91079
roc_auc_score,4,RandomForest,wasserstein,gse24080,meta_batch,0.910053
roc_auc_score,5,RandomForest,wasserstein,gse24080,meta_batch,0.908258
roc_auc_score,6,RandomForest,wasserstein,gse24080,meta_batch,0.909371
roc_auc_score,7,RandomForest,wasserstein,gse24080,meta_batch,0.902594
roc_auc_score,8,RandomForest,wasserstein,gse24080,meta_batch,0.906226
roc_auc_score,9,RandomForest,wasserstein,gse24080,meta_batch,0.905134
mutual_info_score,0,RandomForest,wasserstein,gse24080,meta_batch,0.290842
mutual_info_score,1,RandomForest,wasserstein,gse24080,meta_batch,0.361442
mutual_info_score,2,RandomForest,wasserstein,gse24080,meta_batch,0.305404
mutual_info_score,3,RandomForest,wasserstein,gse24080,meta_batch,0.362455
mutual_info_score,4,RandomForest,wasserstein,gse24080,meta_batch,0.353297
mutual_info_score,5,RandomForest,wasserstein,gse24080,meta_batch,0.369754
mutual_info_score,6,RandomForest,wasserstein,gse24080,meta_batch,0.363918
mutual_info_score,7,RandomForest,wasserstein,gse24080,meta_batch,0.339144
mutual_info_score,8,RandomForest,wasserstein,gse24080,meta_batch,0.390684
mutual_info_score,9,RandomForest,wasserstein,gse24080,meta_batch,0.362637
mutual_info_proba_classif,0,RandomForest,wasserstein,gse24080,meta_batch,0.411662
mutual_info_proba_classif,1,RandomForest,wasserstein,gse24080,meta_batch,0.425805
mutual_info_proba_classif,2,RandomForest,wasserstein,gse24080,meta_batch,0.421672
mutual_info_proba_classif,3,RandomForest,wasserstein,gse24080,meta_batch,0.430424
mutual_info_proba_classif,4,RandomForest,wasserstein,gse24080,meta_batch,0.448614
mutual_info_proba_classif,5,RandomForest,wasserstein,gse24080,meta_batch,0.45465
mutual_info_proba_classif,6,RandomForest,wasserstein,gse24080,meta_batch,0.432137
mutual_info_proba_classif,7,RandomForest,wasserstein,gse24080,meta_batch,0.449382
mutual_info_proba_classif,8,RandomForest,wasserstein,gse24080,meta_batch,0.457295
mutual_info_proba_classif,9,RandomForest,wasserstein,gse24080,meta_batch,0.432851
mutual_info_proba_sum,0,RandomForest,wasserstein,gse24080,meta_batch,0.055148
mutual_info_proba_sum,1,RandomForest,wasserstein,gse24080,meta_batch,0.058868
mutual_info_proba_sum,2,RandomForest,wasserstein,gse24080,meta_batch,0.05565
mutual_info_proba_sum,3,RandomForest,wasserstein,gse24080,meta_batch,0.058287
mutual_info_proba_sum,4,RandomForest,wasserstein,gse24080,meta_batch,0.057438
mutual_info_proba_sum,5,RandomForest,wasserstein,gse24080,meta_batch,0.057261
mutual_info_proba_sum,6,RandomForest,wasserstein,gse24080,meta_batch,0.057747
mutual_info_proba_sum,7,RandomForest,wasserstein,gse24080,meta_batch,0.055608
mutual_info_proba_sum,8,RandomForest,wasserstein,gse24080,meta_batch,0.058556
mutual_info_proba_sum,9,RandomForest,wasserstein,gse24080,meta_batch,0.057615
determinant_based_mutual_information,0,RandomForest,wasserstein,gse24080,meta_batch,0.263542
determinant_based_mutual_information,1,RandomForest,wasserstein,gse24080,meta_batch,0.272291
determinant_based_mutual_information,2,RandomForest,wasserstein,gse24080,meta_batch,0.26407
determinant_based_mutual_information,3,RandomForest,wasserstein,gse24080,meta_batch,0.270611
determinant_based_mutual_information,4,RandomForest,wasserstein,gse24080,meta_batch,0.26717
determinant_based_mutual_information,5,RandomForest,wasserstein,gse24080,meta_batch,0.26811
determinant_based_mutual_information,6,RandomForest,wasserstein,gse24080,meta_batch,0.268865
determinant_based_mutual_information,7,RandomForest,wasserstein,gse24080,meta_batch,0.264037
determinant_based_mutual_information,8,RandomForest,wasserstein,gse24080,meta_batch,0.270658
determinant_based_mutual_information,9,RandomForest,wasserstein,gse24080,meta_batch,0.268875
accuracy_score,0,RandomForest,wasserstein,gse24080,meta_batch,0.822767
accuracy_score,1,RandomForest,wasserstein,gse24080,meta_batch,0.851743
accuracy_score,2,RandomForest,wasserstein,gse24080,meta_batch,0.8264
accuracy_score,3,RandomForest,wasserstein,gse24080,meta_batch,0.84999
accuracy_score,4,RandomForest,wasserstein,gse24080,meta_batch,0.842626
accuracy_score,5,RandomForest,wasserstein,gse24080,meta_batch,0.853476
accuracy_score,6,RandomForest,wasserstein,gse24080,meta_batch,0.848159
accuracy_score,7,RandomForest,wasserstein,gse24080,meta_batch,0.840883
accuracy_score,8,RandomForest,wasserstein,gse24080,meta_batch,0.857041
accuracy_score,9,RandomForest,wasserstein,gse24080,meta_batch,0.851723
log_loss,0,RandomForest,wasserstein,gse24080,meta_batch,0.538455
log_loss,1,RandomForest,wasserstein,gse24080,meta_batch,0.545325
log_loss,2,RandomForest,wasserstein,gse24080,meta_batch,0.542906
log_loss,3,RandomForest,wasserstein,gse24080,meta_batch,0.547384
log_loss,4,RandomForest,wasserstein,gse24080,meta_batch,0.542939
log_loss,5,RandomForest,wasserstein,gse24080,meta_batch,0.545404
log_loss,6,RandomForest,wasserstein,gse24080,meta_batch,0.544154
log_loss,7,RandomForest,wasserstein,gse24080,meta_batch,0.541226
log_loss,8,RandomForest,wasserstein,gse24080,meta_batch,0.542838
log_loss,9,RandomForest,wasserstein,gse24080,meta_batch,0.543794
roc_auc_score,0,HistGradientBoosting,wasserstein,gse24080,meta_batch,0.945052
roc_auc_score,1,HistGradientBoosting,wasserstein,gse24080,meta_batch,0.938264
roc_auc_score,2,HistGradientBoosting,wasserstein,gse24080,meta_batch,0.953829
roc_auc_score,3,HistGradientBoosting,wasserstein,gse24080,meta_batch,0.944026
roc_auc_score,4,HistGradientBoosting,wasserstein,gse24080,meta_batch,0.942496
roc_auc_score,5,HistGradientBoosting,wasserstein,gse24080,meta_batch,0.942337
roc_auc_score,6,HistGradientBoosting,wasserstein,gse24080,meta_batch,0.940335
roc_auc_score,7,HistGradientBoosting,wasserstein,gse24080,meta_batch,0.949716
roc_auc_score,8,HistGradientBoosting,wasserstein,gse24080,meta_batch,0.94223
roc_auc_score,9,HistGradientBoosting,wasserstein,gse24080,meta_batch,0.938361
mutual_info_score,0,HistGradientBoosting,wasserstein,gse24080,meta_batch,0.411199
mutual_info_score,1,HistGradientBoosting,wasserstein,gse24080,meta_batch,0.442599
mutual_info_score,2,HistGradientBoosting,wasserstein,gse24080,meta_batch,0.470283
mutual_info_score,3,HistGradientBoosting,wasserstein,gse24080,meta_batch,0.405967
mutual_info_score,4,HistGradientBoosting,wasserstein,gse24080,meta_batch,0.423226
mutual_info_score,5,HistGradientBoosting,wasserstein,gse24080,meta_batch,0.390018
mutual_info_score,6,HistGradientBoosting,wasserstein,gse24080,meta_batch,0.368123
mutual_info_score,7,HistGradientBoosting,wasserstein,gse24080,meta_batch,0.461198
mutual_info_score,8,HistGradientBoosting,wasserstein,gse24080,meta_batch,0.43722
mutual_info_score,9,HistGradientBoosting,wasserstein,gse24080,meta_batch,0.431416
mutual_info_proba_classif,0,HistGradientBoosting,wasserstein,gse24080,meta_batch,0.562776
mutual_info_proba_classif,1,HistGradientBoosting,wasserstein,gse24080,meta_batch,0.534321
mutual_info_proba_classif,2,HistGradientBoosting,wasserstein,gse24080,meta_batch,0.559239
mutual_info_proba_classif,3,HistGradientBoosting,wasserstein,gse24080,meta_batch,0.514324
mutual_info_proba_classif,4,HistGradientBoosting,wasserstein,gse24080,meta_batch,0.530204
mutual_info_proba_classif,5,HistGradientBoosting,wasserstein,gse24080,meta_batch,0.537618
mutual_info_proba_classif,6,HistGradientBoosting,wasserstein,gse24080,meta_batch,0.515263
mutual_info_proba_classif,7,HistGradientBoosting,wasserstein,gse24080,meta_batch,0.585882
mutual_info_proba_classif,8,HistGradientBoosting,wasserstein,gse24080,meta_batch,0.554398
mutual_info_proba_classif,9,HistGradientBoosting,wasserstein,gse24080,meta_batch,0.505826
mutual_info_proba_sum,0,HistGradientBoosting,wasserstein,gse24080,meta_batch,0.279227
mutual_info_proba_sum,1,HistGradientBoosting,wasserstein,gse24080,meta_batch,0.279557
mutual_info_proba_sum,2,HistGradientBoosting,wasserstein,gse24080,meta_batch,0.289826
mutual_info_proba_sum,3,HistGradientBoosting,wasserstein,gse24080,meta_batch,0.272015
mutual_info_proba_sum,4,HistGradientBoosting,wasserstein,gse24080,meta_batch,0.272174
mutual_info_proba_sum,5,HistGradientBoosting,wasserstein,gse24080,meta_batch,0.259124
mutual_info_proba_sum,6,HistGradientBoosting,wasserstein,gse24080,meta_batch,0.248381
mutual_info_proba_sum,7,HistGradientBoosting,wasserstein,gse24080,meta_batch,0.276895
mutual_info_proba_sum,8,HistGradientBoosting,wasserstein,gse24080,meta_batch,0.266311
mutual_info_proba_sum,9,HistGradientBoosting,wasserstein,gse24080,meta_batch,0.262248
determinant_based_mutual_information,0,HistGradientBoosting,wasserstein,gse24080,meta_batch,0.573089
determinant_based_mutual_information,1,HistGradientBoosting,wasserstein,gse24080,meta_batch,0.571524
determinant_based_mutual_information,2,HistGradientBoosting,wasserstein,gse24080,meta_batch,0.580608
determinant_based_mutual_information,3,HistGradientBoosting,wasserstein,gse24080,meta_batch,0.564232
determinant_based_mutual_information,4,HistGradientBoosting,wasserstein,gse24080,meta_batch,0.565386
determinant_based_mutual_information,5,HistGradientBoosting,wasserstein,gse24080,meta_batch,0.551409
determinant_based_mutual_information,6,HistGradientBoosting,wasserstein,gse24080,meta_batch,0.537198
determinant_based_mutual_information,7,HistGradientBoosting,wasserstein,gse24080,meta_batch,0.567284
determinant_based_mutual_information,8,HistGradientBoosting,wasserstein,gse24080,meta_batch,0.553185
determinant_based_mutual_information,9,HistGradientBoosting,wasserstein,gse24080,meta_batch,0.553893
accuracy_score,0,HistGradientBoosting,wasserstein,gse24080,meta_batch,0.871612
accuracy_score,1,HistGradientBoosting,wasserstein,gse24080,meta_batch,0.882462
accuracy_score,2,HistGradientBoosting,wasserstein,gse24080,meta_batch,0.891481
accuracy_score,3,HistGradientBoosting,wasserstein,gse24080,meta_batch,0.86982
accuracy_score,4,HistGradientBoosting,wasserstein,gse24080,meta_batch,0.875225
accuracy_score,5,HistGradientBoosting,wasserstein,gse24080,meta_batch,0.862505
accuracy_score,6,HistGradientBoosting,wasserstein,gse24080,meta_batch,0.853535
accuracy_score,7,HistGradientBoosting,wasserstein,gse24080,meta_batch,0.887867
accuracy_score,8,HistGradientBoosting,wasserstein,gse24080,meta_batch,0.875176
accuracy_score,9,HistGradientBoosting,wasserstein,gse24080,meta_batch,0.878868
log_loss,0,HistGradientBoosting,wasserstein,gse24080,meta_batch,0.706021
log_loss,1,HistGradientBoosting,wasserstein,gse24080,meta_batch,0.692846
log_loss,2,HistGradientBoosting,wasserstein,gse24080,meta_batch,0.72338
log_loss,3,HistGradientBoosting,wasserstein,gse24080,meta_batch,0.699718
log_loss,4,HistGradientBoosting,wasserstein,gse24080,meta_batch,0.693266
log_loss,5,HistGradientBoosting,wasserstein,gse24080,meta_batch,0.698187
log_loss,6,HistGradientBoosting,wasserstein,gse24080,meta_batch,0.683568
log_loss,7,HistGradientBoosting,wasserstein,gse24080,meta_batch,0.711069
log_loss,8,HistGradientBoosting,wasserstein,gse24080,meta_batch,0.688563
log_loss,9,HistGradientBoosting,wasserstein,gse24080,meta_batch,0.689533
roc_auc_score,0,RandomForest,autoclass,gse49711,meta_Class,0.805439
roc_auc_score,1,RandomForest,autoclass,gse49711,meta_Class,0.799322
roc_auc_score,2,RandomForest,autoclass,gse49711,meta_Class,0.825882
roc_auc_score,3,RandomForest,autoclass,gse49711,meta_Class,0.861891
roc_auc_score,4,RandomForest,autoclass,gse49711,meta_Class,0.859704
roc_auc_score,5,RandomForest,autoclass,gse49711,meta_Class,0.871697
roc_auc_score,6,RandomForest,autoclass,gse49711,meta_Class,0.821398
roc_auc_score,7,RandomForest,autoclass,gse49711,meta_Class,0.784783
roc_auc_score,8,RandomForest,autoclass,gse49711,meta_Class,0.836725
roc_auc_score,9,RandomForest,autoclass,gse49711,meta_Class,0.865208
mutual_info_score,0,RandomForest,autoclass,gse49711,meta_Class,0.19879
mutual_info_score,1,RandomForest,autoclass,gse49711,meta_Class,0.172919
mutual_info_score,2,RandomForest,autoclass,gse49711,meta_Class,0.207253
mutual_info_score,3,RandomForest,autoclass,gse49711,meta_Class,0.214174
mutual_info_score,4,RandomForest,autoclass,gse49711,meta_Class,0.24617
mutual_info_score,5,RandomForest,autoclass,gse49711,meta_Class,0.228362
mutual_info_score,6,RandomForest,autoclass,gse49711,meta_Class,0.194128
mutual_info_score,7,RandomForest,autoclass,gse49711,meta_Class,0.143218
mutual_info_score,8,RandomForest,autoclass,gse49711,meta_Class,0.183668
mutual_info_score,9,RandomForest,autoclass,gse49711,meta_Class,0.209014
mutual_info_proba_classif,0,RandomForest,autoclass,gse49711,meta_Class,0.293278
mutual_info_proba_classif,1,RandomForest,autoclass,gse49711,meta_Class,0.233252
mutual_info_proba_classif,2,RandomForest,autoclass,gse49711,meta_Class,0.290671
mutual_info_proba_classif,3,RandomForest,autoclass,gse49711,meta_Class,0.368176
mutual_info_proba_classif,4,RandomForest,autoclass,gse49711,meta_Class,0.280191
mutual_info_proba_classif,5,RandomForest,autoclass,gse49711,meta_Class,0.336655
mutual_info_proba_classif,6,RandomForest,autoclass,gse49711,meta_Class,0.284662
mutual_info_proba_classif,7,RandomForest,autoclass,gse49711,meta_Class,0.181714
mutual_info_proba_classif,8,RandomForest,autoclass,gse49711,meta_Class,0.293295
mutual_info_proba_classif,9,RandomForest,autoclass,gse49711,meta_Class,0.331755
mutual_info_proba_sum,0,RandomForest,autoclass,gse49711,meta_Class,0.065254
mutual_info_proba_sum,1,RandomForest,autoclass,gse49711,meta_Class,0.069496
mutual_info_proba_sum,2,RandomForest,autoclass,gse49711,meta_Class,0.072156
mutual_info_proba_sum,3,RandomForest,autoclass,gse49711,meta_Class,0.086681
mutual_info_proba_sum,4,RandomForest,autoclass,gse49711,meta_Class,0.087001
mutual_info_proba_sum,5,RandomForest,autoclass,gse49711,meta_Class,0.085216
mutual_info_proba_sum,6,RandomForest,autoclass,gse49711,meta_Class,0.07213
mutual_info_proba_sum,7,RandomForest,autoclass,gse49711,meta_Class,0.057733
mutual_info_proba_sum,8,RandomForest,autoclass,gse49711,meta_Class,0.074077
mutual_info_proba_sum,9,RandomForest,autoclass,gse49711,meta_Class,0.086046
determinant_based_mutual_information,0,RandomForest,autoclass,gse49711,meta_Class,0.264297
determinant_based_mutual_information,1,RandomForest,autoclass,gse49711,meta_Class,0.273496
determinant_based_mutual_information,2,RandomForest,autoclass,gse49711,meta_Class,0.276879
determinant_based_mutual_information,3,RandomForest,autoclass,gse49711,meta_Class,0.308408
determinant_based_mutual_information,4,RandomForest,autoclass,gse49711,meta_Class,0.310263
determinant_based_mutual_information,5,RandomForest,autoclass,gse49711,meta_Class,0.30609
determinant_based_mutual_information,6,RandomForest,autoclass,gse49711,meta_Class,0.278866
determinant_based_mutual_information,7,RandomForest,autoclass,gse49711,meta_Class,0.250658
determinant_based_mutual_information,8,RandomForest,autoclass,gse49711,meta_Class,0.280008
determinant_based_mutual_information,9,RandomForest,autoclass,gse49711,meta_Class,0.306857
accuracy_score,0,RandomForest,autoclass,gse49711,meta_Class,0.794261
accuracy_score,1,RandomForest,autoclass,gse49711,meta_Class,0.786772
accuracy_score,2,RandomForest,autoclass,gse49711,meta_Class,0.797599
accuracy_score,3,RandomForest,autoclass,gse49711,meta_Class,0.790598
accuracy_score,4,RandomForest,autoclass,gse49711,meta_Class,0.812495
accuracy_score,5,RandomForest,autoclass,gse49711,meta_Class,0.808873
accuracy_score,6,RandomForest,autoclass,gse49711,meta_Class,0.790598
accuracy_score,7,RandomForest,autoclass,gse49711,meta_Class,0.768376
accuracy_score,8,RandomForest,autoclass,gse49711,meta_Class,0.77965
accuracy_score,9,RandomForest,autoclass,gse49711,meta_Class,0.801587
log_loss,0,RandomForest,autoclass,gse49711,meta_Class,0.4997
log_loss,1,RandomForest,autoclass,gse49711,meta_Class,0.518207
log_loss,2,RandomForest,autoclass,gse49711,meta_Class,0.520521
log_loss,3,RandomForest,autoclass,gse49711,meta_Class,0.519331
log_loss,4,RandomForest,autoclass,gse49711,meta_Class,0.569335
log_loss,5,RandomForest,autoclass,gse49711,meta_Class,0.575103
log_loss,6,RandomForest,autoclass,gse49711,meta_Class,0.539167
log_loss,7,RandomForest,autoclass,gse49711,meta_Class,0.482384
log_loss,8,RandomForest,autoclass,gse49711,meta_Class,0.52826
log_loss,9,RandomForest,autoclass,gse49711,meta_Class,0.566474
roc_auc_score,0,HistGradientBoosting,autoclass,gse49711,meta_Class,0.94171
roc_auc_score,1,HistGradientBoosting,autoclass,gse49711,meta_Class,0.944382
roc_auc_score,2,HistGradientBoosting,autoclass,gse49711,meta_Class,0.929321
roc_auc_score,3,HistGradientBoosting,autoclass,gse49711,meta_Class,0.942097
roc_auc_score,4,HistGradientBoosting,autoclass,gse49711,meta_Class,0.942665
roc_auc_score,5,HistGradientBoosting,autoclass,gse49711,meta_Class,0.959585
roc_auc_score,6,HistGradientBoosting,autoclass,gse49711,meta_Class,0.943981
roc_auc_score,7,HistGradientBoosting,autoclass,gse49711,meta_Class,0.951896
roc_auc_score,8,HistGradientBoosting,autoclass,gse49711,meta_Class,0.9446
roc_auc_score,9,HistGradientBoosting,autoclass,gse49711,meta_Class,0.947664
mutual_info_score,0,HistGradientBoosting,autoclass,gse49711,meta_Class,0.474012
mutual_info_score,1,HistGradientBoosting,autoclass,gse49711,meta_Class,0.478677
mutual_info_score,2,HistGradientBoosting,autoclass,gse49711,meta_Class,0.458647
mutual_info_score,3,HistGradientBoosting,autoclass,gse49711,meta_Class,0.499006
mutual_info_score,4,HistGradientBoosting,autoclass,gse49711,meta_Class,0.411799
mutual_info_score,5,HistGradientBoosting,autoclass,gse49711,meta_Class,0.535506
mutual_info_score,6,HistGradientBoosting,autoclass,gse49711,meta_Class,0.507449
mutual_info_score,7,HistGradientBoosting,autoclass,gse49711,meta_Class,0.497141
mutual_info_score,8,HistGradientBoosting,autoclass,gse49711,meta_Class,0.49626
mutual_info_score,9,HistGradientBoosting,autoclass,gse49711,meta_Class,0.47284
mutual_info_proba_classif,0,HistGradientBoosting,autoclass,gse49711,meta_Class,0.525022
mutual_info_proba_classif,1,HistGradientBoosting,autoclass,gse49711,meta_Class,0.582584
mutual_info_proba_classif,2,HistGradientBoosting,autoclass,gse49711,meta_Class,0.511035
mutual_info_proba_classif,3,HistGradientBoosting,autoclass,gse49711,meta_Class,0.537926
mutual_info_proba_classif,4,HistGradientBoosting,autoclass,gse49711,meta_Class,0.525015
mutual_info_proba_classif,5,HistGradientBoosting,autoclass,gse49711,meta_Class,0.582951
mutual_info_proba_classif,6,HistGradientBoosting,autoclass,gse49711,meta_Class,0.608108
mutual_info_proba_classif,7,HistGradientBoosting,autoclass,gse49711,meta_Class,0.557413
mutual_info_proba_classif,8,HistGradientBoosting,autoclass,gse49711,meta_Class,0.545249
mutual_info_proba_classif,9,HistGradientBoosting,autoclass,gse49711,meta_Class,0.568813
mutual_info_proba_sum,0,HistGradientBoosting,autoclass,gse49711,meta_Class,0.371921
mutual_info_proba_sum,1,HistGradientBoosting,autoclass,gse49711,meta_Class,0.378722
mutual_info_proba_sum,2,HistGradientBoosting,autoclass,gse49711,meta_Class,0.349909
mutual_info_proba_sum,3,HistGradientBoosting,autoclass,gse49711,meta_Class,0.359122
mutual_info_proba_sum,4,HistGradientBoosting,autoclass,gse49711,meta_Class,0.354176
mutual_info_proba_sum,5,HistGradientBoosting,autoclass,gse49711,meta_Class,0.400115
mutual_info_proba_sum,6,HistGradientBoosting,autoclass,gse49711,meta_Class,0.383835
mutual_info_proba_sum,7,HistGradientBoosting,autoclass,gse49711,meta_Class,0.390956
mutual_info_proba_sum,8,HistGradientBoosting,autoclass,gse49711,meta_Class,0.386276
mutual_info_proba_sum,9,HistGradientBoosting,autoclass,gse49711,meta_Class,0.369313
determinant_based_mutual_information,0,HistGradientBoosting,autoclass,gse49711,meta_Class,0.624155
determinant_based_mutual_information,1,HistGradientBoosting,autoclass,gse49711,meta_Class,0.625288
determinant_based_mutual_information,2,HistGradientBoosting,autoclass,gse49711,meta_Class,0.601842
determinant_based_mutual_information,3,HistGradientBoosting,autoclass,gse49711,meta_Class,0.614392
determinant_based_mutual_information,4,HistGradientBoosting,autoclass,gse49711,meta_Class,0.6096
determinant_based_mutual_information,5,HistGradientBoosting,autoclass,gse49711,meta_Class,0.646381
determinant_based_mutual_information,6,HistGradientBoosting,autoclass,gse49711,meta_Class,0.632263
determinant_based_mutual_information,7,HistGradientBoosting,autoclass,gse49711,meta_Class,0.636767
determinant_based_mutual_information,8,HistGradientBoosting,autoclass,gse49711,meta_Class,0.628543
determinant_based_mutual_information,9,HistGradientBoosting,autoclass,gse49711,meta_Class,0.61983
accuracy_score,0,HistGradientBoosting,autoclass,gse49711,meta_Class,0.904436
accuracy_score,1,HistGradientBoosting,autoclass,gse49711,meta_Class,0.904314
accuracy_score,2,HistGradientBoosting,autoclass,gse49711,meta_Class,0.897029
accuracy_score,3,HistGradientBoosting,autoclass,gse49711,meta_Class,0.908181
accuracy_score,4,HistGradientBoosting,autoclass,gse49711,meta_Class,0.88604
accuracy_score,5,HistGradientBoosting,autoclass,gse49711,meta_Class,0.922792
accuracy_score,6,HistGradientBoosting,autoclass,gse49711,meta_Class,0.915507
accuracy_score,7,HistGradientBoosting,autoclass,gse49711,meta_Class,0.907937
accuracy_score,8,HistGradientBoosting,autoclass,gse49711,meta_Class,0.904314
accuracy_score,9,HistGradientBoosting,autoclass,gse49711,meta_Class,0.904396
log_loss,0,HistGradientBoosting,autoclass,gse49711,meta_Class,0.72859
log_loss,1,HistGradientBoosting,autoclass,gse49711,meta_Class,0.74064
log_loss,2,HistGradientBoosting,autoclass,gse49711,meta_Class,0.681977
log_loss,3,HistGradientBoosting,autoclass,gse49711,meta_Class,0.729309
log_loss,4,HistGradientBoosting,autoclass,gse49711,meta_Class,0.719655
log_loss,5,HistGradientBoosting,autoclass,gse49711,meta_Class,0.770506
log_loss,6,HistGradientBoosting,autoclass,gse49711,meta_Class,0.747636
log_loss,7,HistGradientBoosting,autoclass,gse49711,meta_Class,0.757105
log_loss,8,HistGradientBoosting,autoclass,gse49711,meta_Class,0.720796
log_loss,9,HistGradientBoosting,autoclass,gse49711,meta_Class,0.749334
roc_auc_score,0,RandomForest,wasserstein,gse49711,meta_Class,1.0
roc_auc_score,1,RandomForest,wasserstein,gse49711,meta_Class,1.0
roc_auc_score,2,RandomForest,wasserstein,gse49711,meta_Class,1.0
roc_auc_score,3,RandomForest,wasserstein,gse49711,meta_Class,1.0
roc_auc_score,4,RandomForest,wasserstein,gse49711,meta_Class,1.0
roc_auc_score,5,RandomForest,wasserstein,gse49711,meta_Class,1.0
roc_auc_score,6,RandomForest,wasserstein,gse49711,meta_Class,1.0
roc_auc_score,7,RandomForest,wasserstein,gse49711,meta_Class,1.0
roc_auc_score,8,RandomForest,wasserstein,gse49711,meta_Class,1.0
roc_auc_score,9,RandomForest,wasserstein,gse49711,meta_Class,1.0
mutual_info_score,0,RandomForest,wasserstein,gse49711,meta_Class,0.919444
mutual_info_score,1,RandomForest,wasserstein,gse49711,meta_Class,0.919444
mutual_info_score,2,RandomForest,wasserstein,gse49711,meta_Class,0.919444
mutual_info_score,3,RandomForest,wasserstein,gse49711,meta_Class,0.919444
mutual_info_score,4,RandomForest,wasserstein,gse49711,meta_Class,0.919444
mutual_info_score,5,RandomForest,wasserstein,gse49711,meta_Class,0.919444
mutual_info_score,6,RandomForest,wasserstein,gse49711,meta_Class,0.919444
mutual_info_score,7,RandomForest,wasserstein,gse49711,meta_Class,0.919444
mutual_info_score,8,RandomForest,wasserstein,gse49711,meta_Class,0.919444
mutual_info_score,9,RandomForest,wasserstein,gse49711,meta_Class,0.919444
mutual_info_proba_classif,0,RandomForest,wasserstein,gse49711,meta_Class,0.927452
mutual_info_proba_classif,1,RandomForest,wasserstein,gse49711,meta_Class,0.927452
mutual_info_proba_classif,2,RandomForest,wasserstein,gse49711,meta_Class,0.927452
mutual_info_proba_classif,3,RandomForest,wasserstein,gse49711,meta_Class,0.927452
mutual_info_proba_classif,4,RandomForest,wasserstein,gse49711,meta_Class,0.927452
mutual_info_proba_classif,5,RandomForest,wasserstein,gse49711,meta_Class,0.927452
mutual_info_proba_classif,6,RandomForest,wasserstein,gse49711,meta_Class,0.927452
mutual_info_proba_classif,7,RandomForest,wasserstein,gse49711,meta_Class,0.927452
mutual_info_proba_classif,8,RandomForest,wasserstein,gse49711,meta_Class,0.927452
mutual_info_proba_classif,9,RandomForest,wasserstein,gse49711,meta_Class,0.927452
mutual_info_proba_sum,0,RandomForest,wasserstein,gse49711,meta_Class,0.347577
mutual_info_proba_sum,1,RandomForest,wasserstein,gse49711,meta_Class,0.372128
mutual_info_proba_sum,2,RandomForest,wasserstein,gse49711,meta_Class,0.366916
mutual_info_proba_sum,3,RandomForest,wasserstein,gse49711,meta_Class,0.359639
mutual_info_proba_sum,4,RandomForest,wasserstein,gse49711,meta_Class,0.364776
mutual_info_proba_sum,5,RandomForest,wasserstein,gse49711,meta_Class,0.369491
mutual_info_proba_sum,6,RandomForest,wasserstein,gse49711,meta_Class,0.355784
mutual_info_proba_sum,7,RandomForest,wasserstein,gse49711,meta_Class,0.367073
mutual_info_proba_sum,8,RandomForest,wasserstein,gse49711,meta_Class,0.347067
mutual_info_proba_sum,9,RandomForest,wasserstein,gse49711,meta_Class,0.354925
determinant_based_mutual_information,0,RandomForest,wasserstein,gse49711,meta_Class,0.608165
determinant_based_mutual_information,1,RandomForest,wasserstein,gse49711,meta_Class,0.625957
determinant_based_mutual_information,2,RandomForest,wasserstein,gse49711,meta_Class,0.624331
determinant_based_mutual_information,3,RandomForest,wasserstein,gse49711,meta_Class,0.617852
determinant_based_mutual_information,4,RandomForest,wasserstein,gse49711,meta_Class,0.622098
determinant_based_mutual_information,5,RandomForest,wasserstein,gse49711,meta_Class,0.624223
determinant_based_mutual_information,6,RandomForest,wasserstein,gse49711,meta_Class,0.615173
determinant_based_mutual_information,7,RandomForest,wasserstein,gse49711,meta_Class,0.623728
determinant_based_mutual_information,8,RandomForest,wasserstein,gse49711,meta_Class,0.608393
determinant_based_mutual_information,9,RandomForest,wasserstein,gse49711,meta_Class,0.612966
accuracy_score,0,RandomForest,wasserstein,gse49711,meta_Class,1.0
accuracy_score,1,RandomForest,wasserstein,gse49711,meta_Class,1.0
accuracy_score,2,RandomForest,wasserstein,gse49711,meta_Class,1.0
accuracy_score,3,RandomForest,wasserstein,gse49711,meta_Class,1.0
accuracy_score,4,RandomForest,wasserstein,gse49711,meta_Class,1.0
accuracy_score,5,RandomForest,wasserstein,gse49711,meta_Class,1.0
accuracy_score,6,RandomForest,wasserstein,gse49711,meta_Class,1.0
accuracy_score,7,RandomForest,wasserstein,gse49711,meta_Class,1.0
accuracy_score,8,RandomForest,wasserstein,gse49711,meta_Class,1.0
accuracy_score,9,RandomForest,wasserstein,gse49711,meta_Class,1.0
log_loss,0,RandomForest,wasserstein,gse49711,meta_Class,0.843018
log_loss,1,RandomForest,wasserstein,gse49711,meta_Class,0.855469
log_loss,2,RandomForest,wasserstein,gse49711,meta_Class,0.852057
log_loss,3,RandomForest,wasserstein,gse49711,meta_Class,0.847974
log_loss,4,RandomForest,wasserstein,gse49711,meta_Class,0.851788
log_loss,5,RandomForest,wasserstein,gse49711,meta_Class,0.854749
log_loss,6,RandomForest,wasserstein,gse49711,meta_Class,0.847684
log_loss,7,RandomForest,wasserstein,gse49711,meta_Class,0.852853
log_loss,8,RandomForest,wasserstein,gse49711,meta_Class,0.842519
log_loss,9,RandomForest,wasserstein,gse49711,meta_Class,0.8476
roc_auc_score,0,HistGradientBoosting,wasserstein,gse49711,meta_Class,0.973118
roc_auc_score,1,HistGradientBoosting,wasserstein,gse49711,meta_Class,1.0
roc_auc_score,2,HistGradientBoosting,wasserstein,gse49711,meta_Class,1.0
roc_auc_score,3,HistGradientBoosting,wasserstein,gse49711,meta_Class,1.0
roc_auc_score,4,HistGradientBoosting,wasserstein,gse49711,meta_Class,0.973118
roc_auc_score,5,HistGradientBoosting,wasserstein,gse49711,meta_Class,1.0
roc_auc_score,6,HistGradientBoosting,wasserstein,gse49711,meta_Class,1.0
roc_auc_score,7,HistGradientBoosting,wasserstein,gse49711,meta_Class,1.0
roc_auc_score,8,HistGradientBoosting,wasserstein,gse49711,meta_Class,1.0
roc_auc_score,9,HistGradientBoosting,wasserstein,gse49711,meta_Class,1.0
mutual_info_score,0,HistGradientBoosting,wasserstein,gse49711,meta_Class,0.826291
mutual_info_score,1,HistGradientBoosting,wasserstein,gse49711,meta_Class,0.845269
mutual_info_score,2,HistGradientBoosting,wasserstein,gse49711,meta_Class,0.892179
mutual_info_score,3,HistGradientBoosting,wasserstein,gse49711,meta_Class,0.892479
mutual_info_score,4,HistGradientBoosting,wasserstein,gse49711,meta_Class,0.826291
mutual_info_score,5,HistGradientBoosting,wasserstein,gse49711,meta_Class,0.892479
mutual_info_score,6,HistGradientBoosting,wasserstein,gse49711,meta_Class,0.872753
mutual_info_score,7,HistGradientBoosting,wasserstein,gse49711,meta_Class,0.892479
mutual_info_score,8,HistGradientBoosting,wasserstein,gse49711,meta_Class,0.892179
mutual_info_score,9,HistGradientBoosting,wasserstein,gse49711,meta_Class,0.892179
mutual_info_proba_classif,0,HistGradientBoosting,wasserstein,gse49711,meta_Class,0.826324
mutual_info_proba_classif,1,HistGradientBoosting,wasserstein,gse49711,meta_Class,0.893311
mutual_info_proba_classif,2,HistGradientBoosting,wasserstein,gse49711,meta_Class,0.910287
mutual_info_proba_classif,3,HistGradientBoosting,wasserstein,gse49711,meta_Class,0.910476
mutual_info_proba_classif,4,HistGradientBoosting,wasserstein,gse49711,meta_Class,0.826274
mutual_info_proba_classif,5,HistGradientBoosting,wasserstein,gse49711,meta_Class,0.910476
mutual_info_proba_classif,6,HistGradientBoosting,wasserstein,gse49711,meta_Class,0.893499
mutual_info_proba_classif,7,HistGradientBoosting,wasserstein,gse49711,meta_Class,0.910476
mutual_info_proba_classif,8,HistGradientBoosting,wasserstein,gse49711,meta_Class,0.910287
mutual_info_proba_classif,9,HistGradientBoosting,wasserstein,gse49711,meta_Class,0.910287
mutual_info_proba_sum,0,HistGradientBoosting,wasserstein,gse49711,meta_Class,0.771396
mutual_info_proba_sum,1,HistGradientBoosting,wasserstein,gse49711,meta_Class,0.801129
mutual_info_proba_sum,2,HistGradientBoosting,wasserstein,gse49711,meta_Class,0.809412
mutual_info_proba_sum,3,HistGradientBoosting,wasserstein,gse49711,meta_Class,0.809755
mutual_info_proba_sum,4,HistGradientBoosting,wasserstein,gse49711,meta_Class,0.768629
mutual_info_proba_sum,5,HistGradientBoosting,wasserstein,gse49711,meta_Class,0.816086
mutual_info_proba_sum,6,HistGradientBoosting,wasserstein,gse49711,meta_Class,0.806943
mutual_info_proba_sum,7,HistGradientBoosting,wasserstein,gse49711,meta_Class,0.807105
mutual_info_proba_sum,8,HistGradientBoosting,wasserstein,gse49711,meta_Class,0.797389
mutual_info_proba_sum,9,HistGradientBoosting,wasserstein,gse49711,meta_Class,0.807277
determinant_based_mutual_information,0,HistGradientBoosting,wasserstein,gse49711,meta_Class,0.827628
determinant_based_mutual_information,1,HistGradientBoosting,wasserstein,gse49711,meta_Class,0.851707
determinant_based_mutual_information,2,HistGradientBoosting,wasserstein,gse49711,meta_Class,0.855748
determinant_based_mutual_information,3,HistGradientBoosting,wasserstein,gse49711,meta_Class,0.856513
determinant_based_mutual_information,4,HistGradientBoosting,wasserstein,gse49711,meta_Class,0.827111
determinant_based_mutual_information,5,HistGradientBoosting,wasserstein,gse49711,meta_Class,0.859438
determinant_based_mutual_information,6,HistGradientBoosting,wasserstein,gse49711,meta_Class,0.853934
determinant_based_mutual_information,7,HistGradientBoosting,wasserstein,gse49711,meta_Class,0.853112
determinant_based_mutual_information,8,HistGradientBoosting,wasserstein,gse49711,meta_Class,0.848269
determinant_based_mutual_information,9,HistGradientBoosting,wasserstein,gse49711,meta_Class,0.854558
accuracy_score,0,HistGradientBoosting,wasserstein,gse49711,meta_Class,0.981685
accuracy_score,1,HistGradientBoosting,wasserstein,gse49711,meta_Class,0.98893
accuracy_score,2,HistGradientBoosting,wasserstein,gse49711,meta_Class,0.996296
accuracy_score,3,HistGradientBoosting,wasserstein,gse49711,meta_Class,0.996337
accuracy_score,4,HistGradientBoosting,wasserstein,gse49711,meta_Class,0.981685
accuracy_score,5,HistGradientBoosting,wasserstein,gse49711,meta_Class,0.996337
accuracy_score,6,HistGradientBoosting,wasserstein,gse49711,meta_Class,0.992674
accuracy_score,7,HistGradientBoosting,wasserstein,gse49711,meta_Class,0.996337
accuracy_score,8,HistGradientBoosting,wasserstein,gse49711,meta_Class,0.996296
accuracy_score,9,HistGradientBoosting,wasserstein,gse49711,meta_Class,0.996296
log_loss,0,HistGradientBoosting,wasserstein,gse49711,meta_Class,0.88068
log_loss,1,HistGradientBoosting,wasserstein,gse49711,meta_Class,0.979266
log_loss,2,HistGradientBoosting,wasserstein,gse49711,meta_Class,0.982176
log_loss,3,HistGradientBoosting,wasserstein,gse49711,meta_Class,0.981785
log_loss,4,HistGradientBoosting,wasserstein,gse49711,meta_Class,0.880348
log_loss,5,HistGradientBoosting,wasserstein,gse49711,meta_Class,0.984594
log_loss,6,HistGradientBoosting,wasserstein,gse49711,meta_Class,0.978939
log_loss,7,HistGradientBoosting,wasserstein,gse49711,meta_Class,0.97968
log_loss,8,HistGradientBoosting,wasserstein,gse49711,meta_Class,0.979445
log_loss,9,HistGradientBoosting,wasserstein,gse49711,meta_Class,0.981531
roc_auc_score,0,RandomForest,combat,simple2d,meta_batch,0.626118
roc_auc_score,1,RandomForest,combat,simple2d,meta_batch,0.592807
roc_auc_score,2,RandomForest,combat,simple2d,meta_batch,0.654671
roc_auc_score,3,RandomForest,combat,simple2d,meta_batch,0.596404
roc_auc_score,4,RandomForest,combat,simple2d,meta_batch,0.636711
roc_auc_score,5,RandomForest,combat,simple2d,meta_batch,0.700899
roc_auc_score,6,RandomForest,combat,simple2d,meta_batch,0.637149
roc_auc_score,7,RandomForest,combat,simple2d,meta_batch,0.620833
roc_auc_score,8,RandomForest,combat,simple2d,meta_batch,0.581338
roc_auc_score,9,RandomForest,combat,simple2d,meta_batch,0.606689
mutual_info_score,0,RandomForest,combat,simple2d,meta_batch,0.029659
mutual_info_score,1,RandomForest,combat,simple2d,meta_batch,0.016995
mutual_info_score,2,RandomForest,combat,simple2d,meta_batch,0.041433
mutual_info_score,3,RandomForest,combat,simple2d,meta_batch,0.036406
mutual_info_score,4,RandomForest,combat,simple2d,meta_batch,0.059277
mutual_info_score,5,RandomForest,combat,simple2d,meta_batch,0.069174
mutual_info_score,6,RandomForest,combat,simple2d,meta_batch,0.035725
mutual_info_score,7,RandomForest,combat,simple2d,meta_batch,0.038079
mutual_info_score,8,RandomForest,combat,simple2d,meta_batch,0.051602
mutual_info_score,9,RandomForest,combat,simple2d,meta_batch,0.045632
mutual_info_proba_classif,0,RandomForest,combat,simple2d,meta_batch,0.012772
mutual_info_proba_classif,1,RandomForest,combat,simple2d,meta_batch,0.007872
mutual_info_proba_classif,2,RandomForest,combat,simple2d,meta_batch,0.081746
mutual_info_proba_classif,3,RandomForest,combat,simple2d,meta_batch,0.07633
mutual_info_proba_classif,4,RandomForest,combat,simple2d,meta_batch,0.034465
mutual_info_proba_classif,5,RandomForest,combat,simple2d,meta_batch,0.087465
mutual_info_proba_classif,6,RandomForest,combat,simple2d,meta_batch,0.0
mutual_info_proba_classif,7,RandomForest,combat,simple2d,meta_batch,0.046848
mutual_info_proba_classif,8,RandomForest,combat,simple2d,meta_batch,0.113355
mutual_info_proba_classif,9,RandomForest,combat,simple2d,meta_batch,0.057544
mutual_info_proba_sum,0,RandomForest,combat,simple2d,meta_batch,0.00954
mutual_info_proba_sum,1,RandomForest,combat,simple2d,meta_batch,0.003894
mutual_info_proba_sum,2,RandomForest,combat,simple2d,meta_batch,0.011019
mutual_info_proba_sum,3,RandomForest,combat,simple2d,meta_batch,0.009799
mutual_info_proba_sum,4,RandomForest,combat,simple2d,meta_batch,0.009195
mutual_info_proba_sum,5,RandomForest,combat,simple2d,meta_batch,0.018829
mutual_info_proba_sum,6,RandomForest,combat,simple2d,meta_batch,0.009198
mutual_info_proba_sum,7,RandomForest,combat,simple2d,meta_batch,0.009079
mutual_info_proba_sum,8,RandomForest,combat,simple2d,meta_batch,0.002607
mutual_info_proba_sum,9,RandomForest,combat,simple2d,meta_batch,0.004824
determinant_based_mutual_information,0,RandomForest,combat,simple2d,meta_batch,0.10915
determinant_based_mutual_information,1,RandomForest,combat,simple2d,meta_batch,0.057017
determinant_based_mutual_information,2,RandomForest,combat,simple2d,meta_batch,0.120491
determinant_based_mutual_information,3,RandomForest,combat,simple2d,meta_batch,0.099233
determinant_based_mutual_information,4,RandomForest,combat,simple2d,meta_batch,0.110192
determinant_based_mutual_information,5,RandomForest,combat,simple2d,meta_batch,0.160074
determinant_based_mutual_information,6,RandomForest,combat,simple2d,meta_batch,0.107702
determinant_based_mutual_information,7,RandomForest,combat,simple2d,meta_batch,0.110636
determinant_based_mutual_information,8,RandomForest,combat,simple2d,meta_batch,0.057476
determinant_based_mutual_information,9,RandomForest,combat,simple2d,meta_batch,0.079191
accuracy_score,0,RandomForest,combat,simple2d,meta_batch,0.588462
accuracy_score,1,RandomForest,combat,simple2d,meta_batch,0.537607
accuracy_score,2,RandomForest,combat,simple2d,meta_batch,0.604915
accuracy_score,3,RandomForest,combat,simple2d,meta_batch,0.596795
accuracy_score,4,RandomForest,combat,simple2d,meta_batch,0.638675
accuracy_score,5,RandomForest,combat,simple2d,meta_batch,0.647436
accuracy_score,6,RandomForest,combat,simple2d,meta_batch,0.605342
accuracy_score,7,RandomForest,combat,simple2d,meta_batch,0.605556
accuracy_score,8,RandomForest,combat,simple2d,meta_batch,0.613675
accuracy_score,9,RandomForest,combat,simple2d,meta_batch,0.621795
log_loss,0,RandomForest,combat,simple2d,meta_batch,0.274123
log_loss,1,RandomForest,combat,simple2d,meta_batch,0.2477
log_loss,2,RandomForest,combat,simple2d,meta_batch,0.309535
log_loss,3,RandomForest,combat,simple2d,meta_batch,0.257517
log_loss,4,RandomForest,combat,simple2d,meta_batch,0.294248
log_loss,5,RandomForest,combat,simple2d,meta_batch,0.355631
log_loss,6,RandomForest,combat,simple2d,meta_batch,0.283594
log_loss,7,RandomForest,combat,simple2d,meta_batch,0.252371
log_loss,8,RandomForest,combat,simple2d,meta_batch,0.213955
log_loss,9,RandomForest,combat,simple2d,meta_batch,0.270047
roc_auc_score,0,HistGradientBoosting,combat,simple2d,meta_batch,0.561382
roc_auc_score,1,HistGradientBoosting,combat,simple2d,meta_batch,0.557829
roc_auc_score,2,HistGradientBoosting,combat,simple2d,meta_batch,0.583487
roc_auc_score,3,HistGradientBoosting,combat,simple2d,meta_batch,0.57489
roc_auc_score,4,HistGradientBoosting,combat,simple2d,meta_batch,0.692412
roc_auc_score,5,HistGradientBoosting,combat,simple2d,meta_batch,0.669781
roc_auc_score,6,HistGradientBoosting,combat,simple2d,meta_batch,0.654956
roc_auc_score,7,HistGradientBoosting,combat,simple2d,meta_batch,0.668728
roc_auc_score,8,HistGradientBoosting,combat,simple2d,meta_batch,0.557741
roc_auc_score,9,HistGradientBoosting,combat,simple2d,meta_batch,0.635746
mutual_info_score,0,HistGradientBoosting,combat,simple2d,meta_batch,0.031119
mutual_info_score,1,HistGradientBoosting,combat,simple2d,meta_batch,0.067938
mutual_info_score,2,HistGradientBoosting,combat,simple2d,meta_batch,0.025348
mutual_info_score,3,HistGradientBoosting,combat,simple2d,meta_batch,0.018567
mutual_info_score,4,HistGradientBoosting,combat,simple2d,meta_batch,0.060214
mutual_info_score,5,HistGradientBoosting,combat,simple2d,meta_batch,0.045953
mutual_info_score,6,HistGradientBoosting,combat,simple2d,meta_batch,0.070335
mutual_info_score,7,HistGradientBoosting,combat,simple2d,meta_batch,0.068644
mutual_info_score,8,HistGradientBoosting,combat,simple2d,meta_batch,0.034649
mutual_info_score,9,HistGradientBoosting,combat,simple2d,meta_batch,0.023579
mutual_info_proba_classif,0,HistGradientBoosting,combat,simple2d,meta_batch,0.167843
mutual_info_proba_classif,1,HistGradientBoosting,combat,simple2d,meta_batch,0.019143
mutual_info_proba_classif,2,HistGradientBoosting,combat,simple2d,meta_batch,0.078612
mutual_info_proba_classif,3,HistGradientBoosting,combat,simple2d,meta_batch,0.068509
mutual_info_proba_classif,4,HistGradientBoosting,combat,simple2d,meta_batch,0.156367
mutual_info_proba_classif,5,HistGradientBoosting,combat,simple2d,meta_batch,0.081254
mutual_info_proba_classif,6,HistGradientBoosting,combat,simple2d,meta_batch,0.122424
mutual_info_proba_classif,7,HistGradientBoosting,combat,simple2d,meta_batch,0.069816
mutual_info_proba_classif,8,HistGradientBoosting,combat,simple2d,meta_batch,0.123073
mutual_info_proba_classif,9,HistGradientBoosting,combat,simple2d,meta_batch,0.090364
mutual_info_proba_sum,0,HistGradientBoosting,combat,simple2d,meta_batch,0.003335
mutual_info_proba_sum,1,HistGradientBoosting,combat,simple2d,meta_batch,0.003729
mutual_info_proba_sum,2,HistGradientBoosting,combat,simple2d,meta_batch,0.001202
mutual_info_proba_sum,3,HistGradientBoosting,combat,simple2d,meta_batch,0.001585
mutual_info_proba_sum,4,HistGradientBoosting,combat,simple2d,meta_batch,0.006697
mutual_info_proba_sum,5,HistGradientBoosting,combat,simple2d,meta_batch,0.00537
mutual_info_proba_sum,6,HistGradientBoosting,combat,simple2d,meta_batch,0.005558
mutual_info_proba_sum,7,HistGradientBoosting,combat,simple2d,meta_batch,0.005757
mutual_info_proba_sum,8,HistGradientBoosting,combat,simple2d,meta_batch,0.002132
mutual_info_proba_sum,9,HistGradientBoosting,combat,simple2d,meta_batch,0.006328
determinant_based_mutual_information,0,HistGradientBoosting,combat,simple2d,meta_batch,0.056932
determinant_based_mutual_information,1,HistGradientBoosting,combat,simple2d,meta_batch,0.055714
determinant_based_mutual_information,2,HistGradientBoosting,combat,simple2d,meta_batch,0.037148
determinant_based_mutual_information,3,HistGradientBoosting,combat,simple2d,meta_batch,0.038897
determinant_based_mutual_information,4,HistGradientBoosting,combat,simple2d,meta_batch,0.095206
determinant_based_mutual_information,5,HistGradientBoosting,combat,simple2d,meta_batch,0.078911
determinant_based_mutual_information,6,HistGradientBoosting,combat,simple2d,meta_batch,0.075609
determinant_based_mutual_information,7,HistGradientBoosting,combat,simple2d,meta_batch,0.087811
determinant_based_mutual_information,8,HistGradientBoosting,combat,simple2d,meta_batch,0.040043
determinant_based_mutual_information,9,HistGradientBoosting,combat,simple2d,meta_batch,0.083124
accuracy_score,0,HistGradientBoosting,combat,simple2d,meta_batch,0.563889
accuracy_score,1,HistGradientBoosting,combat,simple2d,meta_batch,0.579915
accuracy_score,2,HistGradientBoosting,combat,simple2d,meta_batch,0.580342
accuracy_score,3,HistGradientBoosting,combat,simple2d,meta_batch,0.55406
accuracy_score,4,HistGradientBoosting,combat,simple2d,meta_batch,0.630556
accuracy_score,5,HistGradientBoosting,combat,simple2d,meta_batch,0.621795
accuracy_score,6,HistGradientBoosting,combat,simple2d,meta_batch,0.630983
accuracy_score,7,HistGradientBoosting,combat,simple2d,meta_batch,0.647222
accuracy_score,8,HistGradientBoosting,combat,simple2d,meta_batch,0.520085
accuracy_score,9,HistGradientBoosting,combat,simple2d,meta_batch,0.57094
log_loss,0,HistGradientBoosting,combat,simple2d,meta_batch,0.277499
log_loss,1,HistGradientBoosting,combat,simple2d,meta_batch,0.285615
log_loss,2,HistGradientBoosting,combat,simple2d,meta_batch,0.285886
log_loss,3,HistGradientBoosting,combat,simple2d,meta_batch,0.301677
log_loss,4,HistGradientBoosting,combat,simple2d,meta_batch,0.356676
log_loss,5,HistGradientBoosting,combat,simple2d,meta_batch,0.340018
log_loss,6,HistGradientBoosting,combat,simple2d,meta_batch,0.308181
log_loss,7,HistGradientBoosting,combat,simple2d,meta_batch,0.336729
log_loss,8,HistGradientBoosting,combat,simple2d,meta_batch,0.271585
log_loss,9,HistGradientBoosting,combat,simple2d,meta_batch,0.312101
roc_auc_score,0,RandomForest,limma,simple2d,meta_batch,0.627061
roc_auc_score,1,RandomForest,limma,simple2d,meta_batch,0.571075
roc_auc_score,2,RandomForest,limma,simple2d,meta_batch,0.629627
roc_auc_score,3,RandomForest,limma,simple2d,meta_batch,0.622149
roc_auc_score,4,RandomForest,limma,simple2d,meta_batch,0.611908
roc_auc_score,5,RandomForest,limma,simple2d,meta_batch,0.733443
roc_auc_score,6,RandomForest,limma,simple2d,meta_batch,0.598311
roc_auc_score,7,RandomForest,limma,simple2d,meta_batch,0.599671
roc_auc_score,8,RandomForest,limma,simple2d,meta_batch,0.579232
roc_auc_score,9,RandomForest,limma,simple2d,meta_batch,0.618443
mutual_info_score,0,RandomForest,limma,simple2d,meta_batch,0.033975
mutual_info_score,1,RandomForest,limma,simple2d,meta_batch,0.006484
mutual_info_score,2,RandomForest,limma,simple2d,meta_batch,0.023075
mutual_info_score,3,RandomForest,limma,simple2d,meta_batch,0.041671
mutual_info_score,4,RandomForest,limma,simple2d,meta_batch,0.024741
mutual_info_score,5,RandomForest,limma,simple2d,meta_batch,0.084675
mutual_info_score,6,RandomForest,limma,simple2d,meta_batch,0.031474
mutual_info_score,7,RandomForest,limma,simple2d,meta_batch,0.015913
mutual_info_score,8,RandomForest,limma,simple2d,meta_batch,0.014409
mutual_info_score,9,RandomForest,limma,simple2d,meta_batch,0.018834
mutual_info_proba_classif,0,RandomForest,limma,simple2d,meta_batch,0.064952
mutual_info_proba_classif,1,RandomForest,limma,simple2d,meta_batch,0.017077
mutual_info_proba_classif,2,RandomForest,limma,simple2d,meta_batch,0.090562
mutual_info_proba_classif,3,RandomForest,limma,simple2d,meta_batch,0.114916
mutual_info_proba_classif,4,RandomForest,limma,simple2d,meta_batch,0.033187
mutual_info_proba_classif,5,RandomForest,limma,simple2d,meta_batch,0.127026
mutual_info_proba_classif,6,RandomForest,limma,simple2d,meta_batch,0.116497
mutual_info_proba_classif,7,RandomForest,limma,simple2d,meta_batch,0.083971
mutual_info_proba_classif,8,RandomForest,limma,simple2d,meta_batch,0.019256
mutual_info_proba_classif,9,RandomForest,limma,simple2d,meta_batch,0.124894
mutual_info_proba_sum,0,RandomForest,limma,simple2d,meta_batch,0.010943
mutual_info_proba_sum,1,RandomForest,limma,simple2d,meta_batch,0.004517
mutual_info_proba_sum,2,RandomForest,limma,simple2d,meta_batch,0.011546
mutual_info_proba_sum,3,RandomForest,limma,simple2d,meta_batch,0.014857
mutual_info_proba_sum,4,RandomForest,limma,simple2d,meta_batch,0.008688
mutual_info_proba_sum,5,RandomForest,limma,simple2d,meta_batch,0.037409
mutual_info_proba_sum,6,RandomForest,limma,simple2d,meta_batch,0.009753
mutual_info_proba_sum,7,RandomForest,limma,simple2d,meta_batch,0.00683
mutual_info_proba_sum,8,RandomForest,limma,simple2d,meta_batch,0.005574
mutual_info_proba_sum,9,RandomForest,limma,simple2d,meta_batch,0.011793
determinant_based_mutual_information,0,RandomForest,limma,simple2d,meta_batch,0.11908
determinant_based_mutual_information,1,RandomForest,limma,simple2d,meta_batch,0.074055
determinant_based_mutual_information,2,RandomForest,limma,simple2d,meta_batch,0.118361
determinant_based_mutual_information,3,RandomForest,limma,simple2d,meta_batch,0.128331
determinant_based_mutual_information,4,RandomForest,limma,simple2d,meta_batch,0.101355
determinant_based_mutual_information,5,RandomForest,limma,simple2d,meta_batch,0.222413
determinant_based_mutual_information,6,RandomForest,limma,simple2d,meta_batch,0.111335
determinant_based_mutual_information,7,RandomForest,limma,simple2d,meta_batch,0.096307
determinant_based_mutual_information,8,RandomForest,limma,simple2d,meta_batch,0.072701
determinant_based_mutual_information,9,RandomForest,limma,simple2d,meta_batch,0.122935
accuracy_score,0,RandomForest,limma,simple2d,meta_batch,0.596368
accuracy_score,1,RandomForest,limma,simple2d,meta_batch,0.546154
accuracy_score,2,RandomForest,limma,simple2d,meta_batch,0.571154
accuracy_score,3,RandomForest,limma,simple2d,meta_batch,0.605556
accuracy_score,4,RandomForest,limma,simple2d,meta_batch,0.580342
accuracy_score,5,RandomForest,limma,simple2d,meta_batch,0.664103
accuracy_score,6,RandomForest,limma,simple2d,meta_batch,0.597009
accuracy_score,7,RandomForest,limma,simple2d,meta_batch,0.562607
accuracy_score,8,RandomForest,limma,simple2d,meta_batch,0.520299
accuracy_score,9,RandomForest,limma,simple2d,meta_batch,0.55406
log_loss,0,RandomForest,limma,simple2d,meta_batch,0.272116
log_loss,1,RandomForest,limma,simple2d,meta_batch,0.196814
log_loss,2,RandomForest,limma,simple2d,meta_batch,0.276944
log_loss,3,RandomForest,limma,simple2d,meta_batch,0.290784
log_loss,4,RandomForest,limma,simple2d,meta_batch,0.196349
log_loss,5,RandomForest,limma,simple2d,meta_batch,0.381524
log_loss,6,RandomForest,limma,simple2d,meta_batch,0.210233
log_loss,7,RandomForest,limma,simple2d,meta_batch,0.214516
log_loss,8,RandomForest,limma,simple2d,meta_batch,0.230183
log_loss,9,RandomForest,limma,simple2d,meta_batch,0.300859
roc_auc_score,0,HistGradientBoosting,limma,simple2d,meta_batch,0.586294
roc_auc_score,1,HistGradientBoosting,limma,simple2d,meta_batch,0.585789
roc_auc_score,2,HistGradientBoosting,limma,simple2d,meta_batch,0.631711
roc_auc_score,3,HistGradientBoosting,limma,simple2d,meta_batch,0.578991
roc_auc_score,4,HistGradientBoosting,limma,simple2d,meta_batch,0.625417
roc_auc_score,5,HistGradientBoosting,limma,simple2d,meta_batch,0.655746
roc_auc_score,6,HistGradientBoosting,limma,simple2d,meta_batch,0.669649
roc_auc_score,7,HistGradientBoosting,limma,simple2d,meta_batch,0.653268
roc_auc_score,8,HistGradientBoosting,limma,simple2d,meta_batch,0.547149
roc_auc_score,9,HistGradientBoosting,limma,simple2d,meta_batch,0.675439
mutual_info_score,0,HistGradientBoosting,limma,simple2d,meta_batch,0.048107
mutual_info_score,1,HistGradientBoosting,limma,simple2d,meta_batch,0.012447
mutual_info_score,2,HistGradientBoosting,limma,simple2d,meta_batch,0.039575
mutual_info_score,3,HistGradientBoosting,limma,simple2d,meta_batch,0.021545
mutual_info_score,4,HistGradientBoosting,limma,simple2d,meta_batch,0.057611
mutual_info_score,5,HistGradientBoosting,limma,simple2d,meta_batch,0.124477
mutual_info_score,6,HistGradientBoosting,limma,simple2d,meta_batch,0.053237
mutual_info_score,7,HistGradientBoosting,limma,simple2d,meta_batch,0.097713
mutual_info_score,8,HistGradientBoosting,limma,simple2d,meta_batch,0.063507
mutual_info_score,9,HistGradientBoosting,limma,simple2d,meta_batch,0.045212
mutual_info_proba_classif,0,HistGradientBoosting,limma,simple2d,meta_batch,0.090548
mutual_info_proba_classif,1,HistGradientBoosting,limma,simple2d,meta_batch,0.187933
mutual_info_proba_classif,2,HistGradientBoosting,limma,simple2d,meta_batch,0.063294
mutual_info_proba_classif,3,HistGradientBoosting,limma,simple2d,meta_batch,0.053606
mutual_info_proba_classif,4,HistGradientBoosting,limma,simple2d,meta_batch,0.132634
mutual_info_proba_classif,5,HistGradientBoosting,limma,simple2d,meta_batch,0.061877
mutual_info_proba_classif,6,HistGradientBoosting,limma,simple2d,meta_batch,0.053391
mutual_info_proba_classif,7,HistGradientBoosting,limma,simple2d,meta_batch,0.166565
mutual_info_proba_classif,8,HistGradientBoosting,limma,simple2d,meta_batch,0.171516
mutual_info_proba_classif,9,HistGradientBoosting,limma,simple2d,meta_batch,0.115115
mutual_info_proba_sum,0,HistGradientBoosting,limma,simple2d,meta_batch,0.003844
mutual_info_proba_sum,1,HistGradientBoosting,limma,simple2d,meta_batch,0.002094
mutual_info_proba_sum,2,HistGradientBoosting,limma,simple2d,meta_batch,0.005321
mutual_info_proba_sum,3,HistGradientBoosting,limma,simple2d,meta_batch,0.001913
mutual_info_proba_sum,4,HistGradientBoosting,limma,simple2d,meta_batch,0.00925
mutual_info_proba_sum,5,HistGradientBoosting,limma,simple2d,meta_batch,0.010884
mutual_info_proba_sum,6,HistGradientBoosting,limma,simple2d,meta_batch,0.007743
mutual_info_proba_sum,7,HistGradientBoosting,limma,simple2d,meta_batch,0.010354
mutual_info_proba_sum,8,HistGradientBoosting,limma,simple2d,meta_batch,0.003241
mutual_info_proba_sum,9,HistGradientBoosting,limma,simple2d,meta_batch,0.009411
determinant_based_mutual_information,0,HistGradientBoosting,limma,simple2d,meta_batch,0.057427
determinant_based_mutual_information,1,HistGradientBoosting,limma,simple2d,meta_batch,0.042481
determinant_based_mutual_information,2,HistGradientBoosting,limma,simple2d,meta_batch,0.084497
determinant_based_mutual_information,3,HistGradientBoosting,limma,simple2d,meta_batch,0.048457
determinant_based_mutual_information,4,HistGradientBoosting,limma,simple2d,meta_batch,0.106355
determinant_based_mutual_information,5,HistGradientBoosting,limma,simple2d,meta_batch,0.118599
determinant_based_mutual_information,6,HistGradientBoosting,limma,simple2d,meta_batch,0.091453
determinant_based_mutual_information,7,HistGradientBoosting,limma,simple2d,meta_batch,0.099439
determinant_based_mutual_information,8,HistGradientBoosting,limma,simple2d,meta_batch,0.049241
determinant_based_mutual_information,9,HistGradientBoosting,limma,simple2d,meta_batch,0.10846
accuracy_score,0,HistGradientBoosting,limma,simple2d,meta_batch,0.614103
accuracy_score,1,HistGradientBoosting,limma,simple2d,meta_batch,0.563034
accuracy_score,2,HistGradientBoosting,limma,simple2d,meta_batch,0.59594
accuracy_score,3,HistGradientBoosting,limma,simple2d,meta_batch,0.580128
accuracy_score,4,HistGradientBoosting,limma,simple2d,meta_batch,0.605769
accuracy_score,5,HistGradientBoosting,limma,simple2d,meta_batch,0.672436
accuracy_score,6,HistGradientBoosting,limma,simple2d,meta_batch,0.622222
accuracy_score,7,HistGradientBoosting,limma,simple2d,meta_batch,0.663248
accuracy_score,8,HistGradientBoosting,limma,simple2d,meta_batch,0.519444
accuracy_score,9,HistGradientBoosting,limma,simple2d,meta_batch,0.613034
log_loss,0,HistGradientBoosting,limma,simple2d,meta_batch,0.294821
log_loss,1,HistGradientBoosting,limma,simple2d,meta_batch,0.284729
log_loss,2,HistGradientBoosting,limma,simple2d,meta_batch,0.33351
log_loss,3,HistGradientBoosting,limma,simple2d,meta_batch,0.304789
log_loss,4,HistGradientBoosting,limma,simple2d,meta_batch,0.348993
log_loss,5,HistGradientBoosting,limma,simple2d,meta_batch,0.37354
log_loss,6,HistGradientBoosting,limma,simple2d,meta_batch,0.343559
log_loss,7,HistGradientBoosting,limma,simple2d,meta_batch,0.349965
log_loss,8,HistGradientBoosting,limma,simple2d,meta_batch,0.273784
log_loss,9,HistGradientBoosting,limma,simple2d,meta_batch,0.351723
roc_auc_score,0,RandomForest,unadjusted,simple2d,meta_batch,0.89489
roc_auc_score,1,RandomForest,unadjusted,simple2d,meta_batch,0.905241
roc_auc_score,2,RandomForest,unadjusted,simple2d,meta_batch,0.903465
roc_auc_score,3,RandomForest,unadjusted,simple2d,meta_batch,0.898596
roc_auc_score,4,RandomForest,unadjusted,simple2d,meta_batch,0.887039
roc_auc_score,5,RandomForest,unadjusted,simple2d,meta_batch,0.938158
roc_auc_score,6,RandomForest,unadjusted,simple2d,meta_batch,0.925526
roc_auc_score,7,RandomForest,unadjusted,simple2d,meta_batch,0.88511
roc_auc_score,8,RandomForest,unadjusted,simple2d,meta_batch,0.909803
roc_auc_score,9,RandomForest,unadjusted,simple2d,meta_batch,0.927412
mutual_info_score,0,RandomForest,unadjusted,simple2d,meta_batch,0.333435
mutual_info_score,1,RandomForest,unadjusted,simple2d,meta_batch,0.284191
mutual_info_score,2,RandomForest,unadjusted,simple2d,meta_batch,0.33584
mutual_info_score,3,RandomForest,unadjusted,simple2d,meta_batch,0.292292
mutual_info_score,4,RandomForest,unadjusted,simple2d,meta_batch,0.395355
mutual_info_score,5,RandomForest,unadjusted,simple2d,meta_batch,0.411699
mutual_info_score,6,RandomForest,unadjusted,simple2d,meta_batch,0.373877
mutual_info_score,7,RandomForest,unadjusted,simple2d,meta_batch,0.387552
mutual_info_score,8,RandomForest,unadjusted,simple2d,meta_batch,0.429178
mutual_info_score,9,RandomForest,unadjusted,simple2d,meta_batch,0.338005
mutual_info_proba_classif,0,RandomForest,unadjusted,simple2d,meta_batch,0.460855
mutual_info_proba_classif,1,RandomForest,unadjusted,simple2d,meta_batch,0.473572
mutual_info_proba_classif,2,RandomForest,unadjusted,simple2d,meta_batch,0.562136
mutual_info_proba_classif,3,RandomForest,unadjusted,simple2d,meta_batch,0.447235
mutual_info_proba_classif,4,RandomForest,unadjusted,simple2d,meta_batch,0.648905
mutual_info_proba_classif,5,RandomForest,unadjusted,simple2d,meta_batch,0.55904
mutual_info_proba_classif,6,RandomForest,unadjusted,simple2d,meta_batch,0.603987
mutual_info_proba_classif,7,RandomForest,unadjusted,simple2d,meta_batch,0.442061
mutual_info_proba_classif,8,RandomForest,unadjusted,simple2d,meta_batch,0.510287
mutual_info_proba_classif,9,RandomForest,unadjusted,simple2d,meta_batch,0.604772
mutual_info_proba_sum,0,RandomForest,unadjusted,simple2d,meta_batch,0.287553
mutual_info_proba_sum,1,RandomForest,unadjusted,simple2d,meta_batch,0.247168
mutual_info_proba_sum,2,RandomForest,unadjusted,simple2d,meta_batch,0.277308
mutual_info_proba_sum,3,RandomForest,unadjusted,simple2d,meta_batch,0.249802
mutual_info_proba_sum,4,RandomForest,unadjusted,simple2d,meta_batch,0.274653
mutual_info_proba_sum,5,RandomForest,unadjusted,simple2d,meta_batch,0.309175
mutual_info_proba_sum,6,RandomForest,unadjusted,simple2d,meta_batch,0.306744
mutual_info_proba_sum,7,RandomForest,unadjusted,simple2d,meta_batch,0.262716
mutual_info_proba_sum,8,RandomForest,unadjusted,simple2d,meta_batch,0.284065
mutual_info_proba_sum,9,RandomForest,unadjusted,simple2d,meta_batch,0.296145
determinant_based_mutual_information,0,RandomForest,unadjusted,simple2d,meta_batch,0.596146
determinant_based_mutual_information,1,RandomForest,unadjusted,simple2d,meta_batch,0.560911
determinant_based_mutual_information,2,RandomForest,unadjusted,simple2d,meta_batch,0.594189
determinant_based_mutual_information,3,RandomForest,unadjusted,simple2d,meta_batch,0.55401
determinant_based_mutual_information,4,RandomForest,unadjusted,simple2d,meta_batch,0.593978
determinant_based_mutual_information,5,RandomForest,unadjusted,simple2d,meta_batch,0.626412
determinant_based_mutual_information,6,RandomForest,unadjusted,simple2d,meta_batch,0.625685
determinant_based_mutual_information,7,RandomForest,unadjusted,simple2d,meta_batch,0.578105
determinant_based_mutual_information,8,RandomForest,unadjusted,simple2d,meta_batch,0.601163
determinant_based_mutual_information,9,RandomForest,unadjusted,simple2d,meta_batch,0.612625
accuracy_score,0,RandomForest,unadjusted,simple2d,meta_batch,0.814744
accuracy_score,1,RandomForest,unadjusted,simple2d,meta_batch,0.798504
accuracy_score,2,RandomForest,unadjusted,simple2d,meta_batch,0.823718
accuracy_score,3,RandomForest,unadjusted,simple2d,meta_batch,0.790385
accuracy_score,4,RandomForest,unadjusted,simple2d,meta_batch,0.848504
accuracy_score,5,RandomForest,unadjusted,simple2d,meta_batch,0.848718
accuracy_score,6,RandomForest,unadjusted,simple2d,meta_batch,0.832265
accuracy_score,7,RandomForest,unadjusted,simple2d,meta_batch,0.840598
accuracy_score,8,RandomForest,unadjusted,simple2d,meta_batch,0.857051
accuracy_score,9,RandomForest,unadjusted,simple2d,meta_batch,0.823291
log_loss,0,RandomForest,unadjusted,simple2d,meta_batch,0.577616
log_loss,1,RandomForest,unadjusted,simple2d,meta_batch,0.575614
log_loss,2,RandomForest,unadjusted,simple2d,meta_batch,0.620425
log_loss,3,RandomForest,unadjusted,simple2d,meta_batch,0.58212
log_loss,4,RandomForest,unadjusted,simple2d,meta_batch,0.027916
log_loss,5,RandomForest,unadjusted,simple2d,meta_batch,0.656519
log_loss,6,RandomForest,unadjusted,simple2d,meta_batch,0.653293
log_loss,7,RandomForest,unadjusted,simple2d,meta_batch,0.545202
log_loss,8,RandomForest,unadjusted,simple2d,meta_batch,0.620356
log_loss,9,RandomForest,unadjusted,simple2d,meta_batch,0.652432
roc_auc_score,0,HistGradientBoosting,unadjusted,simple2d,meta_batch,0.886557
roc_auc_score,1,HistGradientBoosting,unadjusted,simple2d,meta_batch,0.899912
roc_auc_score,2,HistGradientBoosting,unadjusted,simple2d,meta_batch,0.921096
roc_auc_score,3,HistGradientBoosting,unadjusted,simple2d,meta_batch,0.892478
roc_auc_score,4,HistGradientBoosting,unadjusted,simple2d,meta_batch,0.912478
roc_auc_score,5,HistGradientBoosting,unadjusted,simple2d,meta_batch,0.937917
roc_auc_score,6,HistGradientBoosting,unadjusted,simple2d,meta_batch,0.915351
roc_auc_score,7,HistGradientBoosting,unadjusted,simple2d,meta_batch,0.924539
roc_auc_score,8,HistGradientBoosting,unadjusted,simple2d,meta_batch,0.902522
roc_auc_score,9,HistGradientBoosting,unadjusted,simple2d,meta_batch,0.929079
mutual_info_score,0,HistGradientBoosting,unadjusted,simple2d,meta_batch,0.475693
mutual_info_score,1,HistGradientBoosting,unadjusted,simple2d,meta_batch,0.454236
mutual_info_score,2,HistGradientBoosting,unadjusted,simple2d,meta_batch,0.470881
mutual_info_score,3,HistGradientBoosting,unadjusted,simple2d,meta_batch,0.473025
mutual_info_score,4,HistGradientBoosting,unadjusted,simple2d,meta_batch,0.537987
mutual_info_score,5,HistGradientBoosting,unadjusted,simple2d,meta_batch,0.474415
mutual_info_score,6,HistGradientBoosting,unadjusted,simple2d,meta_batch,0.41124
mutual_info_score,7,HistGradientBoosting,unadjusted,simple2d,meta_batch,0.482318
mutual_info_score,8,HistGradientBoosting,unadjusted,simple2d,meta_batch,0.467406
mutual_info_score,9,HistGradientBoosting,unadjusted,simple2d,meta_batch,0.540286
mutual_info_proba_classif,0,HistGradientBoosting,unadjusted,simple2d,meta_batch,0.497355
mutual_info_proba_classif,1,HistGradientBoosting,unadjusted,simple2d,meta_batch,0.559072
mutual_info_proba_classif,2,HistGradientBoosting,unadjusted,simple2d,meta_batch,0.604605
mutual_info_proba_classif,3,HistGradientBoosting,unadjusted,simple2d,meta_batch,0.633538
mutual_info_proba_classif,4,HistGradientBoosting,unadjusted,simple2d,meta_batch,0.562678
mutual_info_proba_classif,5,HistGradientBoosting,unadjusted,simple2d,meta_batch,0.574581
mutual_info_proba_classif,6,HistGradientBoosting,unadjusted,simple2d,meta_batch,0.53908
mutual_info_proba_classif,7,HistGradientBoosting,unadjusted,simple2d,meta_batch,0.525266
mutual_info_proba_classif,8,HistGradientBoosting,unadjusted,simple2d,meta_batch,0.495709
mutual_info_proba_classif,9,HistGradientBoosting,unadjusted,simple2d,meta_batch,0.550294
mutual_info_proba_sum,0,HistGradientBoosting,unadjusted,simple2d,meta_batch,0.316932
mutual_info_proba_sum,1,HistGradientBoosting,unadjusted,simple2d,meta_batch,0.259475
mutual_info_proba_sum,2,HistGradientBoosting,unadjusted,simple2d,meta_batch,0.301537
mutual_info_proba_sum,3,HistGradientBoosting,unadjusted,simple2d,meta_batch,0.259564
mutual_info_proba_sum,4,HistGradientBoosting,unadjusted,simple2d,meta_batch,0.313224
mutual_info_proba_sum,5,HistGradientBoosting,unadjusted,simple2d,meta_batch,0.314563
mutual_info_proba_sum,6,HistGradientBoosting,unadjusted,simple2d,meta_batch,0.299584
mutual_info_proba_sum,7,HistGradientBoosting,unadjusted,simple2d,meta_batch,0.298193
mutual_info_proba_sum,8,HistGradientBoosting,unadjusted,simple2d,meta_batch,0.28916
mutual_info_proba_sum,9,HistGradientBoosting,unadjusted,simple2d,meta_batch,0.316581
determinant_based_mutual_information,0,HistGradientBoosting,unadjusted,simple2d,meta_batch,0.622633
determinant_based_mutual_information,1,HistGradientBoosting,unadjusted,simple2d,meta_batch,0.57345
determinant_based_mutual_information,2,HistGradientBoosting,unadjusted,simple2d,meta_batch,0.617019
determinant_based_mutual_information,3,HistGradientBoosting,unadjusted,simple2d,meta_batch,0.576899
determinant_based_mutual_information,4,HistGradientBoosting,unadjusted,simple2d,meta_batch,0.632996
determinant_based_mutual_information,5,HistGradientBoosting,unadjusted,simple2d,meta_batch,0.629816
determinant_based_mutual_information,6,HistGradientBoosting,unadjusted,simple2d,meta_batch,0.617984
determinant_based_mutual_information,7,HistGradientBoosting,unadjusted,simple2d,meta_batch,0.611562
determinant_based_mutual_information,8,HistGradientBoosting,unadjusted,simple2d,meta_batch,0.608477
determinant_based_mutual_information,9,HistGradientBoosting,unadjusted,simple2d,meta_batch,0.632442
accuracy_score,0,HistGradientBoosting,unadjusted,simple2d,meta_batch,0.865385
accuracy_score,1,HistGradientBoosting,unadjusted,simple2d,meta_batch,0.857051
accuracy_score,2,HistGradientBoosting,unadjusted,simple2d,meta_batch,0.874145
accuracy_score,3,HistGradientBoosting,unadjusted,simple2d,meta_batch,0.865598
accuracy_score,4,HistGradientBoosting,unadjusted,simple2d,meta_batch,0.890598
accuracy_score,5,HistGradientBoosting,unadjusted,simple2d,meta_batch,0.865385
accuracy_score,6,HistGradientBoosting,unadjusted,simple2d,meta_batch,0.848932
accuracy_score,7,HistGradientBoosting,unadjusted,simple2d,meta_batch,0.866026
accuracy_score,8,HistGradientBoosting,unadjusted,simple2d,meta_batch,0.865598
accuracy_score,9,HistGradientBoosting,unadjusted,simple2d,meta_batch,0.890598
log_loss,0,HistGradientBoosting,unadjusted,simple2d,meta_batch,0.580347
log_loss,1,HistGradientBoosting,unadjusted,simple2d,meta_batch,0.628683
log_loss,2,HistGradientBoosting,unadjusted,simple2d,meta_batch,0.683924
log_loss,3,HistGradientBoosting,unadjusted,simple2d,meta_batch,0.618797
log_loss,4,HistGradientBoosting,unadjusted,simple2d,meta_batch,0.660759
log_loss,5,HistGradientBoosting,unadjusted,simple2d,meta_batch,0.670572
log_loss,6,HistGradientBoosting,unadjusted,simple2d,meta_batch,0.645361
log_loss,7,HistGradientBoosting,unadjusted,simple2d,meta_batch,0.595888
log_loss,8,HistGradientBoosting,unadjusted,simple2d,meta_batch,0.637964
log_loss,9,HistGradientBoosting,unadjusted,simple2d,meta_batch,0.68103
roc_auc_score,0,RandomForest,tampor,simple2d,meta_batch,0.676623
roc_auc_score,1,RandomForest,tampor,simple2d,meta_batch,0.723947
roc_auc_score,2,RandomForest,tampor,simple2d,meta_batch,0.712412
roc_auc_score,3,RandomForest,tampor,simple2d,meta_batch,0.716425
roc_auc_score,4,RandomForest,tampor,simple2d,meta_batch,0.700373
roc_auc_score,5,RandomForest,tampor,simple2d,meta_batch,0.685877
roc_auc_score,6,RandomForest,tampor,simple2d,meta_batch,0.718969
roc_auc_score,7,RandomForest,tampor,simple2d,meta_batch,0.673509
roc_auc_score,8,RandomForest,tampor,simple2d,meta_batch,0.639386
roc_auc_score,9,RandomForest,tampor,simple2d,meta_batch,0.783662
mutual_info_score,0,RandomForest,tampor,simple2d,meta_batch,0.114162
mutual_info_score,1,RandomForest,tampor,simple2d,meta_batch,0.100071
mutual_info_score,2,RandomForest,tampor,simple2d,meta_batch,0.101912
mutual_info_score,3,RandomForest,tampor,simple2d,meta_batch,0.087746
mutual_info_score,4,RandomForest,tampor,simple2d,meta_batch,0.074464
mutual_info_score,5,RandomForest,tampor,simple2d,meta_batch,0.086522
mutual_info_score,6,RandomForest,tampor,simple2d,meta_batch,0.095803
mutual_info_score,7,RandomForest,tampor,simple2d,meta_batch,0.069533
mutual_info_score,8,RandomForest,tampor,simple2d,meta_batch,0.032011
mutual_info_score,9,RandomForest,tampor,simple2d,meta_batch,0.171075
mutual_info_proba_classif,0,RandomForest,tampor,simple2d,meta_batch,0.167213
mutual_info_proba_classif,1,RandomForest,tampor,simple2d,meta_batch,0.202841
mutual_info_proba_classif,2,RandomForest,tampor,simple2d,meta_batch,0.12722
mutual_info_proba_classif,3,RandomForest,tampor,simple2d,meta_batch,0.148837
mutual_info_proba_classif,4,RandomForest,tampor,simple2d,meta_batch,0.106938
mutual_info_proba_classif,5,RandomForest,tampor,simple2d,meta_batch,0.117163
mutual_info_proba_classif,6,RandomForest,tampor,simple2d,meta_batch,0.147822
mutual_info_proba_classif,7,RandomForest,tampor,simple2d,meta_batch,0.248278
mutual_info_proba_classif,8,RandomForest,tampor,simple2d,meta_batch,0.089385
mutual_info_proba_classif,9,RandomForest,tampor,simple2d,meta_batch,0.261234
mutual_info_proba_sum,0,RandomForest,tampor,simple2d,meta_batch,0.054146
mutual_info_proba_sum,1,RandomForest,tampor,simple2d,meta_batch,0.070481
mutual_info_proba_sum,2,RandomForest,tampor,simple2d,meta_batch,0.063881
mutual_info_proba_sum,3,RandomForest,tampor,simple2d,meta_batch,0.064532
mutual_info_proba_sum,4,RandomForest,tampor,simple2d,meta_batch,0.054018
mutual_info_proba_sum,5,RandomForest,tampor,simple2d,meta_batch,0.0585
mutual_info_proba_sum,6,RandomForest,tampor,simple2d,meta_batch,0.064298
mutual_info_proba_sum,7,RandomForest,tampor,simple2d,meta_batch,0.041136
mutual_info_proba_sum,8,RandomForest,tampor,simple2d,meta_batch,0.027774
mutual_info_proba_sum,9,RandomForest,tampor,simple2d,meta_batch,0.102965
determinant_based_mutual_information,0,RandomForest,tampor,simple2d,meta_batch,0.262955
determinant_based_mutual_information,1,RandomForest,tampor,simple2d,meta_batch,0.306147
determinant_based_mutual_information,2,RandomForest,tampor,simple2d,meta_batch,0.281895
determinant_based_mutual_information,3,RandomForest,tampor,simple2d,meta_batch,0.250704
determinant_based_mutual_information,4,RandomForest,tampor,simple2d,meta_batch,0.26764
determinant_based_mutual_information,5,RandomForest,tampor,simple2d,meta_batch,0.260862
determinant_based_mutual_information,6,RandomForest,tampor,simple2d,meta_batch,0.270886
determinant_based_mutual_information,7,RandomForest,tampor,simple2d,meta_batch,0.233673
determinant_based_mutual_information,8,RandomForest,tampor,simple2d,meta_batch,0.170546
determinant_based_mutual_information,9,RandomForest,tampor,simple2d,meta_batch,0.357271
accuracy_score,0,RandomForest,tampor,simple2d,meta_batch,0.680342
accuracy_score,1,RandomForest,tampor,simple2d,meta_batch,0.680342
accuracy_score,2,RandomForest,tampor,simple2d,meta_batch,0.66453
accuracy_score,3,RandomForest,tampor,simple2d,meta_batch,0.647436
accuracy_score,4,RandomForest,tampor,simple2d,meta_batch,0.655556
accuracy_score,5,RandomForest,tampor,simple2d,meta_batch,0.655128
accuracy_score,6,RandomForest,tampor,simple2d,meta_batch,0.663034
accuracy_score,7,RandomForest,tampor,simple2d,meta_batch,0.647436
accuracy_score,8,RandomForest,tampor,simple2d,meta_batch,0.587607
accuracy_score,9,RandomForest,tampor,simple2d,meta_batch,0.722222
log_loss,0,RandomForest,tampor,simple2d,meta_batch,-0.933207
log_loss,1,RandomForest,tampor,simple2d,meta_batch,-0.596929
log_loss,2,RandomForest,tampor,simple2d,meta_batch,-1.181358
log_loss,3,RandomForest,tampor,simple2d,meta_batch,0.182638
log_loss,4,RandomForest,tampor,simple2d,meta_batch,-0.874503
log_loss,5,RandomForest,tampor,simple2d,meta_batch,-0.903877
log_loss,6,RandomForest,tampor,simple2d,meta_batch,-0.918825
log_loss,7,RandomForest,tampor,simple2d,meta_batch,-1.455928
log_loss,8,RandomForest,tampor,simple2d,meta_batch,-0.53923
log_loss,9,RandomForest,tampor,simple2d,meta_batch,0.003849
roc_auc_score,0,HistGradientBoosting,tampor,simple2d,meta_batch,0.632083
roc_auc_score,1,HistGradientBoosting,tampor,simple2d,meta_batch,0.615373
roc_auc_score,2,HistGradientBoosting,tampor,simple2d,meta_batch,0.59386
roc_auc_score,3,HistGradientBoosting,tampor,simple2d,meta_batch,0.644934
roc_auc_score,4,HistGradientBoosting,tampor,simple2d,meta_batch,0.587719
roc_auc_score,5,HistGradientBoosting,tampor,simple2d,meta_batch,0.66432
roc_auc_score,6,HistGradientBoosting,tampor,simple2d,meta_batch,0.608004
roc_auc_score,7,HistGradientBoosting,tampor,simple2d,meta_batch,0.584912
roc_auc_score,8,HistGradientBoosting,tampor,simple2d,meta_batch,0.596382
roc_auc_score,9,HistGradientBoosting,tampor,simple2d,meta_batch,0.623882
mutual_info_score,0,HistGradientBoosting,tampor,simple2d,meta_batch,0.034099
mutual_info_score,1,HistGradientBoosting,tampor,simple2d,meta_batch,0.065971
mutual_info_score,2,HistGradientBoosting,tampor,simple2d,meta_batch,0.029459
mutual_info_score,3,HistGradientBoosting,tampor,simple2d,meta_batch,0.075306
mutual_info_score,4,HistGradientBoosting,tampor,simple2d,meta_batch,0.043153
mutual_info_score,5,HistGradientBoosting,tampor,simple2d,meta_batch,0.083212
mutual_info_score,6,HistGradientBoosting,tampor,simple2d,meta_batch,0.042496
mutual_info_score,7,HistGradientBoosting,tampor,simple2d,meta_batch,0.055437
mutual_info_score,8,HistGradientBoosting,tampor,simple2d,meta_batch,0.062968
mutual_info_score,9,HistGradientBoosting,tampor,simple2d,meta_batch,0.060748
mutual_info_proba_classif,0,HistGradientBoosting,tampor,simple2d,meta_batch,0.164561
mutual_info_proba_classif,1,HistGradientBoosting,tampor,simple2d,meta_batch,0.022437
mutual_info_proba_classif,2,HistGradientBoosting,tampor,simple2d,meta_batch,0.003759
mutual_info_proba_classif,3,HistGradientBoosting,tampor,simple2d,meta_batch,0.019511
mutual_info_proba_classif,4,HistGradientBoosting,tampor,simple2d,meta_batch,0.0
mutual_info_proba_classif,5,HistGradientBoosting,tampor,simple2d,meta_batch,0.056217
mutual_info_proba_classif,6,HistGradientBoosting,tampor,simple2d,meta_batch,0.0
mutual_info_proba_classif,7,HistGradientBoosting,tampor,simple2d,meta_batch,0.076404
mutual_info_proba_classif,8,HistGradientBoosting,tampor,simple2d,meta_batch,0.027393
mutual_info_proba_classif,9,HistGradientBoosting,tampor,simple2d,meta_batch,0.031886
mutual_info_proba_sum,0,HistGradientBoosting,tampor,simple2d,meta_batch,0.003067
mutual_info_proba_sum,1,HistGradientBoosting,tampor,simple2d,meta_batch,0.002846
mutual_info_proba_sum,2,HistGradientBoosting,tampor,simple2d,meta_batch,0.001847
mutual_info_proba_sum,3,HistGradientBoosting,tampor,simple2d,meta_batch,0.002478
mutual_info_proba_sum,4,HistGradientBoosting,tampor,simple2d,meta_batch,0.002646
mutual_info_proba_sum,5,HistGradientBoosting,tampor,simple2d,meta_batch,0.002409
mutual_info_proba_sum,6,HistGradientBoosting,tampor,simple2d,meta_batch,0.002793
mutual_info_proba_sum,7,HistGradientBoosting,tampor,simple2d,meta_batch,0.001797
mutual_info_proba_sum,8,HistGradientBoosting,tampor,simple2d,meta_batch,0.003966
mutual_info_proba_sum,9,HistGradientBoosting,tampor,simple2d,meta_batch,0.004251
determinant_based_mutual_information,0,HistGradientBoosting,tampor,simple2d,meta_batch,0.056473
determinant_based_mutual_information,1,HistGradientBoosting,tampor,simple2d,meta_batch,0.058541
determinant_based_mutual_information,2,HistGradientBoosting,tampor,simple2d,meta_batch,0.042762
determinant_based_mutual_information,3,HistGradientBoosting,tampor,simple2d,meta_batch,0.057905
determinant_based_mutual_information,4,HistGradientBoosting,tampor,simple2d,meta_batch,0.06
determinant_based_mutual_information,5,HistGradientBoosting,tampor,simple2d,meta_batch,0.056675
determinant_based_mutual_information,6,HistGradientBoosting,tampor,simple2d,meta_batch,0.061599
determinant_based_mutual_information,7,HistGradientBoosting,tampor,simple2d,meta_batch,0.040287
determinant_based_mutual_information,8,HistGradientBoosting,tampor,simple2d,meta_batch,0.061714
determinant_based_mutual_information,9,HistGradientBoosting,tampor,simple2d,meta_batch,0.076629
accuracy_score,0,HistGradientBoosting,tampor,simple2d,meta_batch,0.588889
accuracy_score,1,HistGradientBoosting,tampor,simple2d,meta_batch,0.629701
accuracy_score,2,HistGradientBoosting,tampor,simple2d,meta_batch,0.580128
accuracy_score,3,HistGradientBoosting,tampor,simple2d,meta_batch,0.630769
accuracy_score,4,HistGradientBoosting,tampor,simple2d,meta_batch,0.613675
accuracy_score,5,HistGradientBoosting,tampor,simple2d,meta_batch,0.639316
accuracy_score,6,HistGradientBoosting,tampor,simple2d,meta_batch,0.613462
accuracy_score,7,HistGradientBoosting,tampor,simple2d,meta_batch,0.60406
accuracy_score,8,HistGradientBoosting,tampor,simple2d,meta_batch,0.638248
accuracy_score,9,HistGradientBoosting,tampor,simple2d,meta_batch,0.638462
log_loss,0,HistGradientBoosting,tampor,simple2d,meta_batch,0.293489
log_loss,1,HistGradientBoosting,tampor,simple2d,meta_batch,0.316594
log_loss,2,HistGradientBoosting,tampor,simple2d,meta_batch,0.311036
log_loss,3,HistGradientBoosting,tampor,simple2d,meta_batch,0.328547
log_loss,4,HistGradientBoosting,tampor,simple2d,meta_batch,0.328024
log_loss,5,HistGradientBoosting,tampor,simple2d,meta_batch,0.323277
log_loss,6,HistGradientBoosting,tampor,simple2d,meta_batch,0.326307
log_loss,7,HistGradientBoosting,tampor,simple2d,meta_batch,0.294553
log_loss,8,HistGradientBoosting,tampor,simple2d,meta_batch,0.326865
log_loss,9,HistGradientBoosting,tampor,simple2d,meta_batch,0.337421
roc_auc_score,0,RandomForest,quantile,simple2d,meta_batch,0.892215
roc_auc_score,1,RandomForest,quantile,simple2d,meta_batch,0.907697
roc_auc_score,2,RandomForest,quantile,simple2d,meta_batch,0.909671
roc_auc_score,3,RandomForest,quantile,simple2d,meta_batch,0.896864
roc_auc_score,4,RandomForest,quantile,simple2d,meta_batch,0.894605
roc_auc_score,5,RandomForest,quantile,simple2d,meta_batch,0.93557
roc_auc_score,6,RandomForest,quantile,simple2d,meta_batch,0.924627
roc_auc_score,7,RandomForest,quantile,simple2d,meta_batch,0.906184
roc_auc_score,8,RandomForest,quantile,simple2d,meta_batch,0.912171
roc_auc_score,9,RandomForest,quantile,simple2d,meta_batch,0.929956
mutual_info_score,0,RandomForest,quantile,simple2d,meta_batch,0.293725
mutual_info_score,1,RandomForest,quantile,simple2d,meta_batch,0.238927
mutual_info_score,2,RandomForest,quantile,simple2d,meta_batch,0.374848
mutual_info_score,3,RandomForest,quantile,simple2d,meta_batch,0.316784
mutual_info_score,4,RandomForest,quantile,simple2d,meta_batch,0.35289
mutual_info_score,5,RandomForest,quantile,simple2d,meta_batch,0.412884
mutual_info_score,6,RandomForest,quantile,simple2d,meta_batch,0.373877
mutual_info_score,7,RandomForest,quantile,simple2d,meta_batch,0.382208
mutual_info_score,8,RandomForest,quantile,simple2d,meta_batch,0.412004
mutual_info_score,9,RandomForest,quantile,simple2d,meta_batch,0.322083
mutual_info_proba_classif,0,RandomForest,quantile,simple2d,meta_batch,0.486413
mutual_info_proba_classif,1,RandomForest,quantile,simple2d,meta_batch,0.506638
mutual_info_proba_classif,2,RandomForest,quantile,simple2d,meta_batch,0.5102
mutual_info_proba_classif,3,RandomForest,quantile,simple2d,meta_batch,0.522369
mutual_info_proba_classif,4,RandomForest,quantile,simple2d,meta_batch,0.613073
mutual_info_proba_classif,5,RandomForest,quantile,simple2d,meta_batch,0.590873
mutual_info_proba_classif,6,RandomForest,quantile,simple2d,meta_batch,0.510306
mutual_info_proba_classif,7,RandomForest,quantile,simple2d,meta_batch,0.520997
mutual_info_proba_classif,8,RandomForest,quantile,simple2d,meta_batch,0.545706
mutual_info_proba_classif,9,RandomForest,quantile,simple2d,meta_batch,0.558531
mutual_info_proba_sum,0,RandomForest,quantile,simple2d,meta_batch,0.276866
mutual_info_proba_sum,1,RandomForest,quantile,simple2d,meta_batch,0.244692
mutual_info_proba_sum,2,RandomForest,quantile,simple2d,meta_batch,0.280934
mutual_info_proba_sum,3,RandomForest,quantile,simple2d,meta_batch,0.248129
mutual_info_proba_sum,4,RandomForest,quantile,simple2d,meta_batch,0.271738
mutual_info_proba_sum,5,RandomForest,quantile,simple2d,meta_batch,0.309815
mutual_info_proba_sum,6,RandomForest,quantile,simple2d,meta_batch,0.298358
mutual_info_proba_sum,7,RandomForest,quantile,simple2d,meta_batch,0.259666
mutual_info_proba_sum,8,RandomForest,quantile,simple2d,meta_batch,0.27801
mutual_info_proba_sum,9,RandomForest,quantile,simple2d,meta_batch,0.294379
determinant_based_mutual_information,0,RandomForest,quantile,simple2d,meta_batch,0.585621
determinant_based_mutual_information,1,RandomForest,quantile,simple2d,meta_batch,0.556137
determinant_based_mutual_information,2,RandomForest,quantile,simple2d,meta_batch,0.598086
determinant_based_mutual_information,3,RandomForest,quantile,simple2d,meta_batch,0.554372
determinant_based_mutual_information,4,RandomForest,quantile,simple2d,meta_batch,0.591058
determinant_based_mutual_information,5,RandomForest,quantile,simple2d,meta_batch,0.627292
determinant_based_mutual_information,6,RandomForest,quantile,simple2d,meta_batch,0.617471
determinant_based_mutual_information,7,RandomForest,quantile,simple2d,meta_batch,0.576073
determinant_based_mutual_information,8,RandomForest,quantile,simple2d,meta_batch,0.593453
determinant_based_mutual_information,9,RandomForest,quantile,simple2d,meta_batch,0.610017
accuracy_score,0,RandomForest,quantile,simple2d,meta_batch,0.798077
accuracy_score,1,RandomForest,quantile,simple2d,meta_batch,0.773077
accuracy_score,2,RandomForest,quantile,simple2d,meta_batch,0.840598
accuracy_score,3,RandomForest,quantile,simple2d,meta_batch,0.807051
accuracy_score,4,RandomForest,quantile,simple2d,meta_batch,0.831624
accuracy_score,5,RandomForest,quantile,simple2d,meta_batch,0.848932
accuracy_score,6,RandomForest,quantile,simple2d,meta_batch,0.832265
accuracy_score,7,RandomForest,quantile,simple2d,meta_batch,0.840385
accuracy_score,8,RandomForest,quantile,simple2d,meta_batch,0.848718
accuracy_score,9,RandomForest,quantile,simple2d,meta_batch,0.814957
log_loss,0,RandomForest,quantile,simple2d,meta_batch,0.57608
log_loss,1,RandomForest,quantile,simple2d,meta_batch,0.575558
log_loss,2,RandomForest,quantile,simple2d,meta_batch,0.629766
log_loss,3,RandomForest,quantile,simple2d,meta_batch,0.585824
log_loss,4,RandomForest,quantile,simple2d,meta_batch,0.292948
log_loss,5,RandomForest,quantile,simple2d,meta_batch,0.655935
log_loss,6,RandomForest,quantile,simple2d,meta_batch,0.648742
log_loss,7,RandomForest,quantile,simple2d,meta_batch,0.573681
log_loss,8,RandomForest,quantile,simple2d,meta_batch,0.625205
log_loss,9,RandomForest,quantile,simple2d,meta_batch,0.653256
roc_auc_score,0,HistGradientBoosting,quantile,simple2d,meta_batch,0.886974
roc_auc_score,1,HistGradientBoosting,quantile,simple2d,meta_batch,0.893333
roc_auc_score,2,HistGradientBoosting,quantile,simple2d,meta_batch,0.921338
roc_auc_score,3,HistGradientBoosting,quantile,simple2d,meta_batch,0.89443
roc_auc_score,4,HistGradientBoosting,quantile,simple2d,meta_batch,0.909934
roc_auc_score,5,HistGradientBoosting,quantile,simple2d,meta_batch,0.936601
roc_auc_score,6,HistGradientBoosting,quantile,simple2d,meta_batch,0.914496
roc_auc_score,7,HistGradientBoosting,quantile,simple2d,meta_batch,0.923706
roc_auc_score,8,HistGradientBoosting,quantile,simple2d,meta_batch,0.899978
roc_auc_score,9,HistGradientBoosting,quantile,simple2d,meta_batch,0.926601
mutual_info_score,0,HistGradientBoosting,quantile,simple2d,meta_batch,0.475693
mutual_info_score,1,HistGradientBoosting,quantile,simple2d,meta_batch,0.432152
mutual_info_score,2,HistGradientBoosting,quantile,simple2d,meta_batch,0.470881
mutual_info_score,3,HistGradientBoosting,quantile,simple2d,meta_batch,0.430798
mutual_info_score,4,HistGradientBoosting,quantile,simple2d,meta_batch,0.537987
mutual_info_score,5,HistGradientBoosting,quantile,simple2d,meta_batch,0.474415
mutual_info_score,6,HistGradientBoosting,quantile,simple2d,meta_batch,0.41124
mutual_info_score,7,HistGradientBoosting,quantile,simple2d,meta_batch,0.482318
mutual_info_score,8,HistGradientBoosting,quantile,simple2d,meta_batch,0.451484
mutual_info_score,9,HistGradientBoosting,quantile,simple2d,meta_batch,0.540286
mutual_info_proba_classif,0,HistGradientBoosting,quantile,simple2d,meta_batch,0.488199
mutual_info_proba_classif,1,HistGradientBoosting,quantile,simple2d,meta_batch,0.530361
mutual_info_proba_classif,2,HistGradientBoosting,quantile,simple2d,meta_batch,0.550781
mutual_info_proba_classif,3,HistGradientBoosting,quantile,simple2d,meta_batch,0.601081
mutual_info_proba_classif,4,HistGradientBoosting,quantile,simple2d,meta_batch,0.554535
mutual_info_proba_classif,5,HistGradientBoosting,quantile,simple2d,meta_batch,0.563198
mutual_info_proba_classif,6,HistGradientBoosting,quantile,simple2d,meta_batch,0.519444
mutual_info_proba_classif,7,HistGradientBoosting,quantile,simple2d,meta_batch,0.525266
mutual_info_proba_classif,8,HistGradientBoosting,quantile,simple2d,meta_batch,0.473518
mutual_info_proba_classif,9,HistGradientBoosting,quantile,simple2d,meta_batch,0.531896
mutual_info_proba_sum,0,HistGradientBoosting,quantile,simple2d,meta_batch,0.30757
mutual_info_proba_sum,1,HistGradientBoosting,quantile,simple2d,meta_batch,0.251369
mutual_info_proba_sum,2,HistGradientBoosting,quantile,simple2d,meta_batch,0.295503
mutual_info_proba_sum,3,HistGradientBoosting,quantile,simple2d,meta_batch,0.254805
mutual_info_proba_sum,4,HistGradientBoosting,quantile,simple2d,meta_batch,0.306849
mutual_info_proba_sum,5,HistGradientBoosting,quantile,simple2d,meta_batch,0.310147
mutual_info_proba_sum,6,HistGradientBoosting,quantile,simple2d,meta_batch,0.295848
mutual_info_proba_sum,7,HistGradientBoosting,quantile,simple2d,meta_batch,0.29762
mutual_info_proba_sum,8,HistGradientBoosting,quantile,simple2d,meta_batch,0.275487
mutual_info_proba_sum,9,HistGradientBoosting,quantile,simple2d,meta_batch,0.31222
determinant_based_mutual_information,0,HistGradientBoosting,quantile,simple2d,meta_batch,0.614036
determinant_based_mutual_information,1,HistGradientBoosting,quantile,simple2d,meta_batch,0.564242
determinant_based_mutual_information,2,HistGradientBoosting,quantile,simple2d,meta_batch,0.611989
determinant_based_mutual_information,3,HistGradientBoosting,quantile,simple2d,meta_batch,0.571158
determinant_based_mutual_information,4,HistGradientBoosting,quantile,simple2d,meta_batch,0.627018
determinant_based_mutual_information,5,HistGradientBoosting,quantile,simple2d,meta_batch,0.625783
determinant_based_mutual_information,6,HistGradientBoosting,quantile,simple2d,meta_batch,0.614421
determinant_based_mutual_information,7,HistGradientBoosting,quantile,simple2d,meta_batch,0.61103
determinant_based_mutual_information,8,HistGradientBoosting,quantile,simple2d,meta_batch,0.593042
determinant_based_mutual_information,9,HistGradientBoosting,quantile,simple2d,meta_batch,0.628249
accuracy_score,0,HistGradientBoosting,quantile,simple2d,meta_batch,0.865385
accuracy_score,1,HistGradientBoosting,quantile,simple2d,meta_batch,0.848504
accuracy_score,2,HistGradientBoosting,quantile,simple2d,meta_batch,0.874145
accuracy_score,3,HistGradientBoosting,quantile,simple2d,meta_batch,0.857265
accuracy_score,4,HistGradientBoosting,quantile,simple2d,meta_batch,0.890598
accuracy_score,5,HistGradientBoosting,quantile,simple2d,meta_batch,0.865385
accuracy_score,6,HistGradientBoosting,quantile,simple2d,meta_batch,0.848932
accuracy_score,7,HistGradientBoosting,quantile,simple2d,meta_batch,0.866026
accuracy_score,8,HistGradientBoosting,quantile,simple2d,meta_batch,0.857265
accuracy_score,9,HistGradientBoosting,quantile,simple2d,meta_batch,0.890598
log_loss,0,HistGradientBoosting,quantile,simple2d,meta_batch,0.552618
log_loss,1,HistGradientBoosting,quantile,simple2d,meta_batch,0.602823
log_loss,2,HistGradientBoosting,quantile,simple2d,meta_batch,0.673378
log_loss,3,HistGradientBoosting,quantile,simple2d,meta_batch,0.613423
log_loss,4,HistGradientBoosting,quantile,simple2d,meta_batch,0.655486
log_loss,5,HistGradientBoosting,quantile,simple2d,meta_batch,0.661716
log_loss,6,HistGradientBoosting,quantile,simple2d,meta_batch,0.639924
log_loss,7,HistGradientBoosting,quantile,simple2d,meta_batch,0.595583
log_loss,8,HistGradientBoosting,quantile,simple2d,meta_batch,0.626488
log_loss,9,HistGradientBoosting,quantile,simple2d,meta_batch,0.670452
roc_auc_score,0,RandomForest,autoclass,simple2d,meta_batch,0.891732
roc_auc_score,1,RandomForest,autoclass,simple2d,meta_batch,0.889452
roc_auc_score,2,RandomForest,autoclass,simple2d,meta_batch,0.901272
roc_auc_score,3,RandomForest,autoclass,simple2d,meta_batch,0.896206
roc_auc_score,4,RandomForest,autoclass,simple2d,meta_batch,0.893553
roc_auc_score,5,RandomForest,autoclass,simple2d,meta_batch,0.926776
roc_auc_score,6,RandomForest,autoclass,simple2d,meta_batch,0.917961
roc_auc_score,7,RandomForest,autoclass,simple2d,meta_batch,0.877961
roc_auc_score,8,RandomForest,autoclass,simple2d,meta_batch,0.89886
roc_auc_score,9,RandomForest,autoclass,simple2d,meta_batch,0.912654
mutual_info_score,0,RandomForest,autoclass,simple2d,meta_batch,0.356279
mutual_info_score,1,RandomForest,autoclass,simple2d,meta_batch,0.265338
mutual_info_score,2,RandomForest,autoclass,simple2d,meta_batch,0.333467
mutual_info_score,3,RandomForest,autoclass,simple2d,meta_batch,0.292292
mutual_info_score,4,RandomForest,autoclass,simple2d,meta_batch,0.337173
mutual_info_score,5,RandomForest,autoclass,simple2d,meta_batch,0.393786
mutual_info_score,6,RandomForest,autoclass,simple2d,meta_batch,0.403273
mutual_info_score,7,RandomForest,autoclass,simple2d,meta_batch,0.351665
mutual_info_score,8,RandomForest,autoclass,simple2d,meta_batch,0.402998
mutual_info_score,9,RandomForest,autoclass,simple2d,meta_batch,0.343986
mutual_info_proba_classif,0,RandomForest,autoclass,simple2d,meta_batch,0.466898
mutual_info_proba_classif,1,RandomForest,autoclass,simple2d,meta_batch,0.464266
mutual_info_proba_classif,2,RandomForest,autoclass,simple2d,meta_batch,0.475908
mutual_info_proba_classif,3,RandomForest,autoclass,simple2d,meta_batch,0.408033
mutual_info_proba_classif,4,RandomForest,autoclass,simple2d,meta_batch,0.542428
mutual_info_proba_classif,5,RandomForest,autoclass,simple2d,meta_batch,0.519546
mutual_info_proba_classif,6,RandomForest,autoclass,simple2d,meta_batch,0.510804
mutual_info_proba_classif,7,RandomForest,autoclass,simple2d,meta_batch,0.501379
mutual_info_proba_classif,8,RandomForest,autoclass,simple2d,meta_batch,0.492435
mutual_info_proba_classif,9,RandomForest,autoclass,simple2d,meta_batch,0.51929
mutual_info_proba_sum,0,RandomForest,autoclass,simple2d,meta_batch,0.278708
mutual_info_proba_sum,1,RandomForest,autoclass,simple2d,meta_batch,0.22818
mutual_info_proba_sum,2,RandomForest,autoclass,simple2d,meta_batch,0.266536
mutual_info_proba_sum,3,RandomForest,autoclass,simple2d,meta_batch,0.240798
mutual_info_proba_sum,4,RandomForest,autoclass,simple2d,meta_batch,0.2564
mutual_info_proba_sum,5,RandomForest,autoclass,simple2d,meta_batch,0.286766
mutual_info_proba_sum,6,RandomForest,autoclass,simple2d,meta_batch,0.283344
mutual_info_proba_sum,7,RandomForest,autoclass,simple2d,meta_batch,0.24801
mutual_info_proba_sum,8,RandomForest,autoclass,simple2d,meta_batch,0.260851
mutual_info_proba_sum,9,RandomForest,autoclass,simple2d,meta_batch,0.260699
determinant_based_mutual_information,0,RandomForest,autoclass,simple2d,meta_batch,0.586354
determinant_based_mutual_information,1,RandomForest,autoclass,simple2d,meta_batch,0.539514
determinant_based_mutual_information,2,RandomForest,autoclass,simple2d,meta_batch,0.581012
determinant_based_mutual_information,3,RandomForest,autoclass,simple2d,meta_batch,0.545545
determinant_based_mutual_information,4,RandomForest,autoclass,simple2d,meta_batch,0.575318
determinant_based_mutual_information,5,RandomForest,autoclass,simple2d,meta_batch,0.603622
determinant_based_mutual_information,6,RandomForest,autoclass,simple2d,meta_batch,0.603965
determinant_based_mutual_information,7,RandomForest,autoclass,simple2d,meta_batch,0.563205
determinant_based_mutual_information,8,RandomForest,autoclass,simple2d,meta_batch,0.57779
determinant_based_mutual_information,9,RandomForest,autoclass,simple2d,meta_batch,0.577666
accuracy_score,0,RandomForest,autoclass,simple2d,meta_batch,0.823077
accuracy_score,1,RandomForest,autoclass,simple2d,meta_batch,0.789744
accuracy_score,2,RandomForest,autoclass,simple2d,meta_batch,0.823718
accuracy_score,3,RandomForest,autoclass,simple2d,meta_batch,0.790385
accuracy_score,4,RandomForest,autoclass,simple2d,meta_batch,0.823077
accuracy_score,5,RandomForest,autoclass,simple2d,meta_batch,0.840385
accuracy_score,6,RandomForest,autoclass,simple2d,meta_batch,0.848932
accuracy_score,7,RandomForest,autoclass,simple2d,meta_batch,0.831838
accuracy_score,8,RandomForest,autoclass,simple2d,meta_batch,0.848718
accuracy_score,9,RandomForest,autoclass,simple2d,meta_batch,0.823077
log_loss,0,RandomForest,autoclass,simple2d,meta_batch,0.546725
log_loss,1,RandomForest,autoclass,simple2d,meta_batch,0.545495
log_loss,2,RandomForest,autoclass,simple2d,meta_batch,0.594656
log_loss,3,RandomForest,autoclass,simple2d,meta_batch,0.554732
log_loss,4,RandomForest,autoclass,simple2d,meta_batch,0.540536
log_loss,5,RandomForest,autoclass,simple2d,meta_batch,0.615371
log_loss,6,RandomForest,autoclass,simple2d,meta_batch,0.635491
log_loss,7,RandomForest,autoclass,simple2d,meta_batch,0.266347
log_loss,8,RandomForest,autoclass,simple2d,meta_batch,0.598664
log_loss,9,RandomForest,autoclass,simple2d,meta_batch,0.598895
roc_auc_score,0,HistGradientBoosting,autoclass,simple2d,meta_batch,0.886908
roc_auc_score,1,HistGradientBoosting,autoclass,simple2d,meta_batch,0.901053
roc_auc_score,2,HistGradientBoosting,autoclass,simple2d,meta_batch,0.916864
roc_auc_score,3,HistGradientBoosting,autoclass,simple2d,meta_batch,0.920351
roc_auc_score,4,HistGradientBoosting,autoclass,simple2d,meta_batch,0.895965
roc_auc_score,5,HistGradientBoosting,autoclass,simple2d,meta_batch,0.92693
roc_auc_score,6,HistGradientBoosting,autoclass,simple2d,meta_batch,0.931842
roc_auc_score,7,HistGradientBoosting,autoclass,simple2d,meta_batch,0.910702
roc_auc_score,8,HistGradientBoosting,autoclass,simple2d,meta_batch,0.898772
roc_auc_score,9,HistGradientBoosting,autoclass,simple2d,meta_batch,0.911974
mutual_info_score,0,HistGradientBoosting,autoclass,simple2d,meta_batch,0.494151
mutual_info_score,1,HistGradientBoosting,autoclass,simple2d,meta_batch,0.451312
mutual_info_score,2,HistGradientBoosting,autoclass,simple2d,meta_batch,0.446805
mutual_info_score,3,HistGradientBoosting,autoclass,simple2d,meta_batch,0.412884
mutual_info_score,4,HistGradientBoosting,autoclass,simple2d,meta_batch,0.513911
mutual_info_score,5,HistGradientBoosting,autoclass,simple2d,meta_batch,0.470454
mutual_info_score,6,HistGradientBoosting,autoclass,simple2d,meta_batch,0.440636
mutual_info_score,7,HistGradientBoosting,autoclass,simple2d,meta_batch,0.463078
mutual_info_score,8,HistGradientBoosting,autoclass,simple2d,meta_batch,0.467406
mutual_info_score,9,HistGradientBoosting,autoclass,simple2d,meta_batch,0.452547
mutual_info_proba_classif,0,HistGradientBoosting,autoclass,simple2d,meta_batch,0.539416
mutual_info_proba_classif,1,HistGradientBoosting,autoclass,simple2d,meta_batch,0.487968
mutual_info_proba_classif,2,HistGradientBoosting,autoclass,simple2d,meta_batch,0.482062
mutual_info_proba_classif,3,HistGradientBoosting,autoclass,simple2d,meta_batch,0.527001
mutual_info_proba_classif,4,HistGradientBoosting,autoclass,simple2d,meta_batch,0.550334
mutual_info_proba_classif,5,HistGradientBoosting,autoclass,simple2d,meta_batch,0.482082
mutual_info_proba_classif,6,HistGradientBoosting,autoclass,simple2d,meta_batch,0.496552
mutual_info_proba_classif,7,HistGradientBoosting,autoclass,simple2d,meta_batch,0.484024
mutual_info_proba_classif,8,HistGradientBoosting,autoclass,simple2d,meta_batch,0.456788
mutual_info_proba_classif,9,HistGradientBoosting,autoclass,simple2d,meta_batch,0.469951
mutual_info_proba_sum,0,HistGradientBoosting,autoclass,simple2d,meta_batch,0.3005
mutual_info_proba_sum,1,HistGradientBoosting,autoclass,simple2d,meta_batch,0.247816
mutual_info_proba_sum,2,HistGradientBoosting,autoclass,simple2d,meta_batch,0.289934
mutual_info_proba_sum,3,HistGradientBoosting,autoclass,simple2d,meta_batch,0.246917
mutual_info_proba_sum,4,HistGradientBoosting,autoclass,simple2d,meta_batch,0.281877
mutual_info_proba_sum,5,HistGradientBoosting,autoclass,simple2d,meta_batch,0.286789
mutual_info_proba_sum,6,HistGradientBoosting,autoclass,simple2d,meta_batch,0.294116
mutual_info_proba_sum,7,HistGradientBoosting,autoclass,simple2d,meta_batch,0.276376
mutual_info_proba_sum,8,HistGradientBoosting,autoclass,simple2d,meta_batch,0.272049
mutual_info_proba_sum,9,HistGradientBoosting,autoclass,simple2d,meta_batch,0.278047
determinant_based_mutual_information,0,HistGradientBoosting,autoclass,simple2d,meta_batch,0.610612
determinant_based_mutual_information,1,HistGradientBoosting,autoclass,simple2d,meta_batch,0.561723
determinant_based_mutual_information,2,HistGradientBoosting,autoclass,simple2d,meta_batch,0.604753
determinant_based_mutual_information,3,HistGradientBoosting,autoclass,simple2d,meta_batch,0.563484
determinant_based_mutual_information,4,HistGradientBoosting,autoclass,simple2d,meta_batch,0.602941
determinant_based_mutual_information,5,HistGradientBoosting,autoclass,simple2d,meta_batch,0.602404
determinant_based_mutual_information,6,HistGradientBoosting,autoclass,simple2d,meta_batch,0.614653
determinant_based_mutual_information,7,HistGradientBoosting,autoclass,simple2d,meta_batch,0.592238
determinant_based_mutual_information,8,HistGradientBoosting,autoclass,simple2d,meta_batch,0.590752
determinant_based_mutual_information,9,HistGradientBoosting,autoclass,simple2d,meta_batch,0.59748
accuracy_score,0,HistGradientBoosting,autoclass,simple2d,meta_batch,0.873718
accuracy_score,1,HistGradientBoosting,autoclass,simple2d,meta_batch,0.857051
accuracy_score,2,HistGradientBoosting,autoclass,simple2d,meta_batch,0.865812
accuracy_score,3,HistGradientBoosting,autoclass,simple2d,meta_batch,0.848932
accuracy_score,4,HistGradientBoosting,autoclass,simple2d,meta_batch,0.882265
accuracy_score,5,HistGradientBoosting,autoclass,simple2d,meta_batch,0.865385
accuracy_score,6,HistGradientBoosting,autoclass,simple2d,meta_batch,0.865598
accuracy_score,7,HistGradientBoosting,autoclass,simple2d,meta_batch,0.865598
accuracy_score,8,HistGradientBoosting,autoclass,simple2d,meta_batch,0.865598
accuracy_score,9,HistGradientBoosting,autoclass,simple2d,meta_batch,0.865385
log_loss,0,HistGradientBoosting,autoclass,simple2d,meta_batch,0.557324
log_loss,1,HistGradientBoosting,autoclass,simple2d,meta_batch,0.608469
log_loss,2,HistGradientBoosting,autoclass,simple2d,meta_batch,0.657798
log_loss,3,HistGradientBoosting,autoclass,simple2d,meta_batch,0.613385
log_loss,4,HistGradientBoosting,autoclass,simple2d,meta_batch,0.637067
log_loss,5,HistGradientBoosting,autoclass,simple2d,meta_batch,0.635096
log_loss,6,HistGradientBoosting,autoclass,simple2d,meta_batch,0.673301
log_loss,7,HistGradientBoosting,autoclass,simple2d,meta_batch,0.575342
log_loss,8,HistGradientBoosting,autoclass,simple2d,meta_batch,0.62606
log_loss,9,HistGradientBoosting,autoclass,simple2d,meta_batch,0.639366
roc_auc_score,0,RandomForest,wasserstein,gse20194,meta_batch,0.888399
roc_auc_score,1,RandomForest,wasserstein,gse20194,meta_batch,0.876089
roc_auc_score,2,RandomForest,wasserstein,gse20194,meta_batch,0.876204
roc_auc_score,3,RandomForest,wasserstein,gse20194,meta_batch,0.883392
roc_auc_score,4,RandomForest,wasserstein,gse20194,meta_batch,0.867141
roc_auc_score,5,RandomForest,wasserstein,gse20194,meta_batch,0.874341
roc_auc_score,6,RandomForest,wasserstein,gse20194,meta_batch,0.86518
roc_auc_score,7,RandomForest,wasserstein,gse20194,meta_batch,0.875556
roc_auc_score,8,RandomForest,wasserstein,gse20194,meta_batch,0.869122
roc_auc_score,9,RandomForest,wasserstein,gse20194,meta_batch,0.885597
mutual_info_score,0,RandomForest,wasserstein,gse20194,meta_batch,0.304478
mutual_info_score,1,RandomForest,wasserstein,gse20194,meta_batch,0.329813
mutual_info_score,2,RandomForest,wasserstein,gse20194,meta_batch,0.275458
mutual_info_score,3,RandomForest,wasserstein,gse20194,meta_batch,0.273064
mutual_info_score,4,RandomForest,wasserstein,gse20194,meta_batch,0.248532
mutual_info_score,5,RandomForest,wasserstein,gse20194,meta_batch,0.275543
mutual_info_score,6,RandomForest,wasserstein,gse20194,meta_batch,0.302748
mutual_info_score,7,RandomForest,wasserstein,gse20194,meta_batch,0.323992
mutual_info_score,8,RandomForest,wasserstein,gse20194,meta_batch,0.295979
mutual_info_score,9,RandomForest,wasserstein,gse20194,meta_batch,0.336235
mutual_info_proba_classif,0,RandomForest,wasserstein,gse20194,meta_batch,0.396219
mutual_info_proba_classif,1,RandomForest,wasserstein,gse20194,meta_batch,0.410963
mutual_info_proba_classif,2,RandomForest,wasserstein,gse20194,meta_batch,0.3728
mutual_info_proba_classif,3,RandomForest,wasserstein,gse20194,meta_batch,0.369225
mutual_info_proba_classif,4,RandomForest,wasserstein,gse20194,meta_batch,0.34641
mutual_info_proba_classif,5,RandomForest,wasserstein,gse20194,meta_batch,0.404585
mutual_info_proba_classif,6,RandomForest,wasserstein,gse20194,meta_batch,0.366204
mutual_info_proba_classif,7,RandomForest,wasserstein,gse20194,meta_batch,0.348588
mutual_info_proba_classif,8,RandomForest,wasserstein,gse20194,meta_batch,0.356098
mutual_info_proba_classif,9,RandomForest,wasserstein,gse20194,meta_batch,0.374829
mutual_info_proba_sum,0,RandomForest,wasserstein,gse20194,meta_batch,0.076162
mutual_info_proba_sum,1,RandomForest,wasserstein,gse20194,meta_batch,0.074082
mutual_info_proba_sum,2,RandomForest,wasserstein,gse20194,meta_batch,0.077175
mutual_info_proba_sum,3,RandomForest,wasserstein,gse20194,meta_batch,0.082409
mutual_info_proba_sum,4,RandomForest,wasserstein,gse20194,meta_batch,0.072787
mutual_info_proba_sum,5,RandomForest,wasserstein,gse20194,meta_batch,0.074092
mutual_info_proba_sum,6,RandomForest,wasserstein,gse20194,meta_batch,0.075649
mutual_info_proba_sum,7,RandomForest,wasserstein,gse20194,meta_batch,0.075876
mutual_info_proba_sum,8,RandomForest,wasserstein,gse20194,meta_batch,0.071386
mutual_info_proba_sum,9,RandomForest,wasserstein,gse20194,meta_batch,0.077218
determinant_based_mutual_information,0,RandomForest,wasserstein,gse20194,meta_batch,0.317455
determinant_based_mutual_information,1,RandomForest,wasserstein,gse20194,meta_batch,0.312122
determinant_based_mutual_information,2,RandomForest,wasserstein,gse20194,meta_batch,0.318024
determinant_based_mutual_information,3,RandomForest,wasserstein,gse20194,meta_batch,0.329094
determinant_based_mutual_information,4,RandomForest,wasserstein,gse20194,meta_batch,0.306056
determinant_based_mutual_information,5,RandomForest,wasserstein,gse20194,meta_batch,0.30943
determinant_based_mutual_information,6,RandomForest,wasserstein,gse20194,meta_batch,0.313281
determinant_based_mutual_information,7,RandomForest,wasserstein,gse20194,meta_batch,0.315503
determinant_based_mutual_information,8,RandomForest,wasserstein,gse20194,meta_batch,0.306747
determinant_based_mutual_information,9,RandomForest,wasserstein,gse20194,meta_batch,0.318216
accuracy_score,0,RandomForest,wasserstein,gse20194,meta_batch,0.815789
accuracy_score,1,RandomForest,wasserstein,gse20194,meta_batch,0.820175
accuracy_score,2,RandomForest,wasserstein,gse20194,meta_batch,0.802632
accuracy_score,3,RandomForest,wasserstein,gse20194,meta_batch,0.802632
accuracy_score,4,RandomForest,wasserstein,gse20194,meta_batch,0.789474
accuracy_score,5,RandomForest,wasserstein,gse20194,meta_batch,0.798246
accuracy_score,6,RandomForest,wasserstein,gse20194,meta_batch,0.807018
accuracy_score,7,RandomForest,wasserstein,gse20194,meta_batch,0.824561
accuracy_score,8,RandomForest,wasserstein,gse20194,meta_batch,0.807018
accuracy_score,9,RandomForest,wasserstein,gse20194,meta_batch,0.828947
log_loss,0,RandomForest,wasserstein,gse20194,meta_batch,0.537973
log_loss,1,RandomForest,wasserstein,gse20194,meta_batch,0.525989
log_loss,2,RandomForest,wasserstein,gse20194,meta_batch,0.53557
log_loss,3,RandomForest,wasserstein,gse20194,meta_batch,0.542523
log_loss,4,RandomForest,wasserstein,gse20194,meta_batch,0.52298
log_loss,5,RandomForest,wasserstein,gse20194,meta_batch,0.532729
log_loss,6,RandomForest,wasserstein,gse20194,meta_batch,0.522758
log_loss,7,RandomForest,wasserstein,gse20194,meta_batch,0.532509
log_loss,8,RandomForest,wasserstein,gse20194,meta_batch,0.52083
log_loss,9,RandomForest,wasserstein,gse20194,meta_batch,0.540515
roc_auc_score,0,HistGradientBoosting,wasserstein,gse20194,meta_batch,0.90895
roc_auc_score,1,HistGradientBoosting,wasserstein,gse20194,meta_batch,0.923547
roc_auc_score,2,HistGradientBoosting,wasserstein,gse20194,meta_batch,0.90523
roc_auc_score,3,HistGradientBoosting,wasserstein,gse20194,meta_batch,0.899131
roc_auc_score,4,HistGradientBoosting,wasserstein,gse20194,meta_batch,0.899392
roc_auc_score,5,HistGradientBoosting,wasserstein,gse20194,meta_batch,0.893266
roc_auc_score,6,HistGradientBoosting,wasserstein,gse20194,meta_batch,0.896529
roc_auc_score,7,HistGradientBoosting,wasserstein,gse20194,meta_batch,0.920337
roc_auc_score,8,HistGradientBoosting,wasserstein,gse20194,meta_batch,0.892335
roc_auc_score,9,HistGradientBoosting,wasserstein,gse20194,meta_batch,0.919748
mutual_info_score,0,HistGradientBoosting,wasserstein,gse20194,meta_batch,0.400967
mutual_info_score,1,HistGradientBoosting,wasserstein,gse20194,meta_batch,0.428502
mutual_info_score,2,HistGradientBoosting,wasserstein,gse20194,meta_batch,0.369165
mutual_info_score,3,HistGradientBoosting,wasserstein,gse20194,meta_batch,0.323663
mutual_info_score,4,HistGradientBoosting,wasserstein,gse20194,meta_batch,0.359122
mutual_info_score,5,HistGradientBoosting,wasserstein,gse20194,meta_batch,0.26843
mutual_info_score,6,HistGradientBoosting,wasserstein,gse20194,meta_batch,0.357845
mutual_info_score,7,HistGradientBoosting,wasserstein,gse20194,meta_batch,0.445803
mutual_info_score,8,HistGradientBoosting,wasserstein,gse20194,meta_batch,0.303723
mutual_info_score,9,HistGradientBoosting,wasserstein,gse20194,meta_batch,0.435267
mutual_info_proba_classif,0,HistGradientBoosting,wasserstein,gse20194,meta_batch,0.41601
mutual_info_proba_classif,1,HistGradientBoosting,wasserstein,gse20194,meta_batch,0.462562
mutual_info_proba_classif,2,HistGradientBoosting,wasserstein,gse20194,meta_batch,0.443142
mutual_info_proba_classif,3,HistGradientBoosting,wasserstein,gse20194,meta_batch,0.393305
mutual_info_proba_classif,4,HistGradientBoosting,wasserstein,gse20194,meta_batch,0.407384
mutual_info_proba_classif,5,HistGradientBoosting,wasserstein,gse20194,meta_batch,0.43075
mutual_info_proba_classif,6,HistGradientBoosting,wasserstein,gse20194,meta_batch,0.382769
mutual_info_proba_classif,7,HistGradientBoosting,wasserstein,gse20194,meta_batch,0.486278
mutual_info_proba_classif,8,HistGradientBoosting,wasserstein,gse20194,meta_batch,0.415027
mutual_info_proba_classif,9,HistGradientBoosting,wasserstein,gse20194,meta_batch,0.453799
mutual_info_proba_sum,0,HistGradientBoosting,wasserstein,gse20194,meta_batch,0.251056
mutual_info_proba_sum,1,HistGradientBoosting,wasserstein,gse20194,meta_batch,0.275935
mutual_info_proba_sum,2,HistGradientBoosting,wasserstein,gse20194,meta_batch,0.260614
mutual_info_proba_sum,3,HistGradientBoosting,wasserstein,gse20194,meta_batch,0.232125
mutual_info_proba_sum,4,HistGradientBoosting,wasserstein,gse20194,meta_batch,0.2398
mutual_info_proba_sum,5,HistGradientBoosting,wasserstein,gse20194,meta_batch,0.204071
mutual_info_proba_sum,6,HistGradientBoosting,wasserstein,gse20194,meta_batch,0.234428
mutual_info_proba_sum,7,HistGradientBoosting,wasserstein,gse20194,meta_batch,0.277322
mutual_info_proba_sum,8,HistGradientBoosting,wasserstein,gse20194,meta_batch,0.213597
mutual_info_proba_sum,9,HistGradientBoosting,wasserstein,gse20194,meta_batch,0.278212
determinant_based_mutual_information,0,HistGradientBoosting,wasserstein,gse20194,meta_batch,0.557206
determinant_based_mutual_information,1,HistGradientBoosting,wasserstein,gse20194,meta_batch,0.5861
determinant_based_mutual_information,2,HistGradientBoosting,wasserstein,gse20194,meta_batch,0.565234
determinant_based_mutual_information,3,HistGradientBoosting,wasserstein,gse20194,meta_batch,0.53476
determinant_based_mutual_information,4,HistGradientBoosting,wasserstein,gse20194,meta_batch,0.545883
determinant_based_mutual_information,5,HistGradientBoosting,wasserstein,gse20194,meta_batch,0.507309
determinant_based_mutual_information,6,HistGradientBoosting,wasserstein,gse20194,meta_batch,0.536243
determinant_based_mutual_information,7,HistGradientBoosting,wasserstein,gse20194,meta_batch,0.590858
determinant_based_mutual_information,8,HistGradientBoosting,wasserstein,gse20194,meta_batch,0.520726
determinant_based_mutual_information,9,HistGradientBoosting,wasserstein,gse20194,meta_batch,0.585838
accuracy_score,0,HistGradientBoosting,wasserstein,gse20194,meta_batch,0.855263
accuracy_score,1,HistGradientBoosting,wasserstein,gse20194,meta_batch,0.864035
accuracy_score,2,HistGradientBoosting,wasserstein,gse20194,meta_batch,0.833333
accuracy_score,3,HistGradientBoosting,wasserstein,gse20194,meta_batch,0.824561
accuracy_score,4,HistGradientBoosting,wasserstein,gse20194,meta_batch,0.842105
accuracy_score,5,HistGradientBoosting,wasserstein,gse20194,meta_batch,0.79386
accuracy_score,6,HistGradientBoosting,wasserstein,gse20194,meta_batch,0.833333
accuracy_score,7,HistGradientBoosting,wasserstein,gse20194,meta_batch,0.868421
accuracy_score,8,HistGradientBoosting,wasserstein,gse20194,meta_batch,0.815789
accuracy_score,9,HistGradientBoosting,wasserstein,gse20194,meta_batch,0.868421
log_loss,0,HistGradientBoosting,wasserstein,gse20194,meta_batch,0.615302
log_loss,1,HistGradientBoosting,wasserstein,gse20194,meta_batch,0.637497
log_loss,2,HistGradientBoosting,wasserstein,gse20194,meta_batch,0.584994
log_loss,3,HistGradientBoosting,wasserstein,gse20194,meta_batch,0.581702
log_loss,4,HistGradientBoosting,wasserstein,gse20194,meta_batch,0.585207
log_loss,5,HistGradientBoosting,wasserstein,gse20194,meta_batch,0.553433
log_loss,6,HistGradientBoosting,wasserstein,gse20194,meta_batch,0.571881
log_loss,7,HistGradientBoosting,wasserstein,gse20194,meta_batch,0.634278
log_loss,8,HistGradientBoosting,wasserstein,gse20194,meta_batch,0.54855
log_loss,9,HistGradientBoosting,wasserstein,gse20194,meta_batch,0.627733
roc_auc_score,0,RandomForest,harmony,gse20194,meta_batch,0.980969
roc_auc_score,1,RandomForest,harmony,gse20194,meta_batch,0.981672
roc_auc_score,2,RandomForest,harmony,gse20194,meta_batch,0.984133
roc_auc_score,3,RandomForest,harmony,gse20194,meta_batch,0.984565
roc_auc_score,4,RandomForest,harmony,gse20194,meta_batch,0.983055
roc_auc_score,5,RandomForest,harmony,gse20194,meta_batch,0.982925
roc_auc_score,6,RandomForest,harmony,gse20194,meta_batch,0.985817
roc_auc_score,7,RandomForest,harmony,gse20194,meta_batch,0.981852
roc_auc_score,8,RandomForest,harmony,gse20194,meta_batch,0.985045
roc_auc_score,9,RandomForest,harmony,gse20194,meta_batch,0.987172
mutual_info_score,0,RandomForest,harmony,gse20194,meta_batch,0.659787
mutual_info_score,1,RandomForest,harmony,gse20194,meta_batch,0.667252
mutual_info_score,2,RandomForest,harmony,gse20194,meta_batch,0.708176
mutual_info_score,3,RandomForest,harmony,gse20194,meta_batch,0.688321
mutual_info_score,4,RandomForest,harmony,gse20194,meta_batch,0.662603
mutual_info_score,5,RandomForest,harmony,gse20194,meta_batch,0.719152
mutual_info_score,6,RandomForest,harmony,gse20194,meta_batch,0.698685
mutual_info_score,7,RandomForest,harmony,gse20194,meta_batch,0.704635
mutual_info_score,8,RandomForest,harmony,gse20194,meta_batch,0.691104
mutual_info_score,9,RandomForest,harmony,gse20194,meta_batch,0.704635
mutual_info_proba_classif,0,RandomForest,harmony,gse20194,meta_batch,0.808023
mutual_info_proba_classif,1,RandomForest,harmony,gse20194,meta_batch,0.783594
mutual_info_proba_classif,2,RandomForest,harmony,gse20194,meta_batch,0.791883
mutual_info_proba_classif,3,RandomForest,harmony,gse20194,meta_batch,0.802478
mutual_info_proba_classif,4,RandomForest,harmony,gse20194,meta_batch,0.788201
mutual_info_proba_classif,5,RandomForest,harmony,gse20194,meta_batch,0.811381
mutual_info_proba_classif,6,RandomForest,harmony,gse20194,meta_batch,0.838525
mutual_info_proba_classif,7,RandomForest,harmony,gse20194,meta_batch,0.777407
mutual_info_proba_classif,8,RandomForest,harmony,gse20194,meta_batch,0.809686
mutual_info_proba_classif,9,RandomForest,harmony,gse20194,meta_batch,0.817994
mutual_info_proba_sum,0,RandomForest,harmony,gse20194,meta_batch,0.212412
mutual_info_proba_sum,1,RandomForest,harmony,gse20194,meta_batch,0.213593
mutual_info_proba_sum,2,RandomForest,harmony,gse20194,meta_batch,0.221172
mutual_info_proba_sum,3,RandomForest,harmony,gse20194,meta_batch,0.222422
mutual_info_proba_sum,4,RandomForest,harmony,gse20194,meta_batch,0.20599
mutual_info_proba_sum,5,RandomForest,harmony,gse20194,meta_batch,0.221868
mutual_info_proba_sum,6,RandomForest,harmony,gse20194,meta_batch,0.220041
mutual_info_proba_sum,7,RandomForest,harmony,gse20194,meta_batch,0.209175
mutual_info_proba_sum,8,RandomForest,harmony,gse20194,meta_batch,0.216629
mutual_info_proba_sum,9,RandomForest,harmony,gse20194,meta_batch,0.217901
determinant_based_mutual_information,0,RandomForest,harmony,gse20194,meta_batch,0.52106
determinant_based_mutual_information,1,RandomForest,harmony,gse20194,meta_batch,0.520543
determinant_based_mutual_information,2,RandomForest,harmony,gse20194,meta_batch,0.530012
determinant_based_mutual_information,3,RandomForest,harmony,gse20194,meta_batch,0.53144
determinant_based_mutual_information,4,RandomForest,harmony,gse20194,meta_batch,0.512079
determinant_based_mutual_information,5,RandomForest,harmony,gse20194,meta_batch,0.531122
determinant_based_mutual_information,6,RandomForest,harmony,gse20194,meta_batch,0.529003
determinant_based_mutual_information,7,RandomForest,harmony,gse20194,meta_batch,0.516577
determinant_based_mutual_information,8,RandomForest,harmony,gse20194,meta_batch,0.52511
determinant_based_mutual_information,9,RandomForest,harmony,gse20194,meta_batch,0.526687
accuracy_score,0,RandomForest,harmony,gse20194,meta_batch,0.934211
accuracy_score,1,RandomForest,harmony,gse20194,meta_batch,0.938596
accuracy_score,2,RandomForest,harmony,gse20194,meta_batch,0.947368
accuracy_score,3,RandomForest,harmony,gse20194,meta_batch,0.942982
accuracy_score,4,RandomForest,harmony,gse20194,meta_batch,0.938596
accuracy_score,5,RandomForest,harmony,gse20194,meta_batch,0.951754
accuracy_score,6,RandomForest,harmony,gse20194,meta_batch,0.942982
accuracy_score,7,RandomForest,harmony,gse20194,meta_batch,0.947368
accuracy_score,8,RandomForest,harmony,gse20194,meta_batch,0.942982
accuracy_score,9,RandomForest,harmony,gse20194,meta_batch,0.947368
log_loss,0,RandomForest,harmony,gse20194,meta_batch,0.71241
log_loss,1,RandomForest,harmony,gse20194,meta_batch,0.712578
log_loss,2,RandomForest,harmony,gse20194,meta_batch,0.718922
log_loss,3,RandomForest,harmony,gse20194,meta_batch,0.71929
log_loss,4,RandomForest,harmony,gse20194,meta_batch,0.706409
log_loss,5,RandomForest,harmony,gse20194,meta_batch,0.721585
log_loss,6,RandomForest,harmony,gse20194,meta_batch,0.717855
log_loss,7,RandomForest,harmony,gse20194,meta_batch,0.706798
log_loss,8,RandomForest,harmony,gse20194,meta_batch,0.715864
log_loss,9,RandomForest,harmony,gse20194,meta_batch,0.717337
roc_auc_score,0,HistGradientBoosting,harmony,gse20194,meta_batch,0.981435
roc_auc_score,1,HistGradientBoosting,harmony,gse20194,meta_batch,0.982848
roc_auc_score,2,HistGradientBoosting,harmony,gse20194,meta_batch,0.984715
roc_auc_score,3,HistGradientBoosting,harmony,gse20194,meta_batch,0.984434
roc_auc_score,4,HistGradientBoosting,harmony,gse20194,meta_batch,0.983292
roc_auc_score,5,HistGradientBoosting,harmony,gse20194,meta_batch,0.98588
roc_auc_score,6,HistGradientBoosting,harmony,gse20194,meta_batch,0.982305
roc_auc_score,7,HistGradientBoosting,harmony,gse20194,meta_batch,0.980479
roc_auc_score,8,HistGradientBoosting,harmony,gse20194,meta_batch,0.981872
roc_auc_score,9,HistGradientBoosting,harmony,gse20194,meta_batch,0.98238
mutual_info_score,0,HistGradientBoosting,harmony,gse20194,meta_batch,0.623379
mutual_info_score,1,HistGradientBoosting,harmony,gse20194,meta_batch,0.701027
mutual_info_score,2,HistGradientBoosting,harmony,gse20194,meta_batch,0.759009
mutual_info_score,3,HistGradientBoosting,harmony,gse20194,meta_batch,0.693502
mutual_info_score,4,HistGradientBoosting,harmony,gse20194,meta_batch,0.664557
mutual_info_score,5,HistGradientBoosting,harmony,gse20194,meta_batch,0.701096
mutual_info_score,6,HistGradientBoosting,harmony,gse20194,meta_batch,0.613522
mutual_info_score,7,HistGradientBoosting,harmony,gse20194,meta_batch,0.645385
mutual_info_score,8,HistGradientBoosting,harmony,gse20194,meta_batch,0.660871
mutual_info_score,9,HistGradientBoosting,harmony,gse20194,meta_batch,0.716911
mutual_info_proba_classif,0,HistGradientBoosting,harmony,gse20194,meta_batch,0.753536
mutual_info_proba_classif,1,HistGradientBoosting,harmony,gse20194,meta_batch,0.822664
mutual_info_proba_classif,2,HistGradientBoosting,harmony,gse20194,meta_batch,0.851004
mutual_info_proba_classif,3,HistGradientBoosting,harmony,gse20194,meta_batch,0.77518
mutual_info_proba_classif,4,HistGradientBoosting,harmony,gse20194,meta_batch,0.737578
mutual_info_proba_classif,5,HistGradientBoosting,harmony,gse20194,meta_batch,0.76348
mutual_info_proba_classif,6,HistGradientBoosting,harmony,gse20194,meta_batch,0.771423
mutual_info_proba_classif,7,HistGradientBoosting,harmony,gse20194,meta_batch,0.758151
mutual_info_proba_classif,8,HistGradientBoosting,harmony,gse20194,meta_batch,0.772774
mutual_info_proba_classif,9,HistGradientBoosting,harmony,gse20194,meta_batch,0.800968
mutual_info_proba_sum,0,HistGradientBoosting,harmony,gse20194,meta_batch,0.484185
mutual_info_proba_sum,1,HistGradientBoosting,harmony,gse20194,meta_batch,0.529741
mutual_info_proba_sum,2,HistGradientBoosting,harmony,gse20194,meta_batch,0.568572
mutual_info_proba_sum,3,HistGradientBoosting,harmony,gse20194,meta_batch,0.536697
mutual_info_proba_sum,4,HistGradientBoosting,harmony,gse20194,meta_batch,0.505025
mutual_info_proba_sum,5,HistGradientBoosting,harmony,gse20194,meta_batch,0.531659
mutual_info_proba_sum,6,HistGradientBoosting,harmony,gse20194,meta_batch,0.520769
mutual_info_proba_sum,7,HistGradientBoosting,harmony,gse20194,meta_batch,0.497679
mutual_info_proba_sum,8,HistGradientBoosting,harmony,gse20194,meta_batch,0.513671
mutual_info_proba_sum,9,HistGradientBoosting,harmony,gse20194,meta_batch,0.541306
determinant_based_mutual_information,0,HistGradientBoosting,harmony,gse20194,meta_batch,0.751989
determinant_based_mutual_information,1,HistGradientBoosting,harmony,gse20194,meta_batch,0.784218
determinant_based_mutual_information,2,HistGradientBoosting,harmony,gse20194,meta_batch,0.807678
determinant_based_mutual_information,3,HistGradientBoosting,harmony,gse20194,meta_batch,0.788916
determinant_based_mutual_information,4,HistGradientBoosting,harmony,gse20194,meta_batch,0.768979
determinant_based_mutual_information,5,HistGradientBoosting,harmony,gse20194,meta_batch,0.786134
determinant_based_mutual_information,6,HistGradientBoosting,harmony,gse20194,meta_batch,0.775836
determinant_based_mutual_information,7,HistGradientBoosting,harmony,gse20194,meta_batch,0.759957
determinant_based_mutual_information,8,HistGradientBoosting,harmony,gse20194,meta_batch,0.773079
determinant_based_mutual_information,9,HistGradientBoosting,harmony,gse20194,meta_batch,0.7885
accuracy_score,0,HistGradientBoosting,harmony,gse20194,meta_batch,0.921053
accuracy_score,1,HistGradientBoosting,harmony,gse20194,meta_batch,0.947368
accuracy_score,2,HistGradientBoosting,harmony,gse20194,meta_batch,0.960526
accuracy_score,3,HistGradientBoosting,harmony,gse20194,meta_batch,0.947368
accuracy_score,4,HistGradientBoosting,harmony,gse20194,meta_batch,0.938596
accuracy_score,5,HistGradientBoosting,harmony,gse20194,meta_batch,0.947368
accuracy_score,6,HistGradientBoosting,harmony,gse20194,meta_batch,0.925439
accuracy_score,7,HistGradientBoosting,harmony,gse20194,meta_batch,0.934211
accuracy_score,8,HistGradientBoosting,harmony,gse20194,meta_batch,0.929825
accuracy_score,9,HistGradientBoosting,harmony,gse20194,meta_batch,0.947368
log_loss,0,HistGradientBoosting,harmony,gse20194,meta_batch,0.811152
log_loss,1,HistGradientBoosting,harmony,gse20194,meta_batch,0.846144
log_loss,2,HistGradientBoosting,harmony,gse20194,meta_batch,0.865137
log_loss,3,HistGradientBoosting,harmony,gse20194,meta_batch,0.850789
log_loss,4,HistGradientBoosting,harmony,gse20194,meta_batch,0.825913
log_loss,5,HistGradientBoosting,harmony,gse20194,meta_batch,0.847661
log_loss,6,HistGradientBoosting,harmony,gse20194,meta_batch,0.831013
log_loss,7,HistGradientBoosting,harmony,gse20194,meta_batch,0.834289
log_loss,8,HistGradientBoosting,harmony,gse20194,meta_batch,0.831565
log_loss,9,HistGradientBoosting,harmony,gse20194,meta_batch,0.847296
roc_auc_score,0,RandomForest,harmony,gse24080,meta_batch,0.97488
roc_auc_score,1,RandomForest,harmony,gse24080,meta_batch,0.973282
roc_auc_score,2,RandomForest,harmony,gse24080,meta_batch,0.977915
roc_auc_score,3,RandomForest,harmony,gse24080,meta_batch,0.974573
roc_auc_score,4,RandomForest,harmony,gse24080,meta_batch,0.975983
roc_auc_score,5,RandomForest,harmony,gse24080,meta_batch,0.974985
roc_auc_score,6,RandomForest,harmony,gse24080,meta_batch,0.976875
roc_auc_score,7,RandomForest,harmony,gse24080,meta_batch,0.974265
roc_auc_score,8,RandomForest,harmony,gse24080,meta_batch,0.97223
roc_auc_score,9,RandomForest,harmony,gse24080,meta_batch,0.976741
mutual_info_score,0,RandomForest,harmony,gse24080,meta_batch,0.554471
mutual_info_score,1,RandomForest,harmony,gse24080,meta_batch,0.583578
mutual_info_score,2,RandomForest,harmony,gse24080,meta_batch,0.538635
mutual_info_score,3,RandomForest,harmony,gse24080,meta_batch,0.540408
mutual_info_score,4,RandomForest,harmony,gse24080,meta_batch,0.555715
mutual_info_score,5,RandomForest,harmony,gse24080,meta_batch,0.523691
mutual_info_score,6,RandomForest,harmony,gse24080,meta_batch,0.524516
mutual_info_score,7,RandomForest,harmony,gse24080,meta_batch,0.537408
mutual_info_score,8,RandomForest,harmony,gse24080,meta_batch,0.526493
mutual_info_score,9,RandomForest,harmony,gse24080,meta_batch,0.546862
mutual_info_proba_classif,0,RandomForest,harmony,gse24080,meta_batch,0.66651
mutual_info_proba_classif,1,RandomForest,harmony,gse24080,meta_batch,0.666776
mutual_info_proba_classif,2,RandomForest,harmony,gse24080,meta_batch,0.695004
mutual_info_proba_classif,3,RandomForest,harmony,gse24080,meta_batch,0.677067
mutual_info_proba_classif,4,RandomForest,harmony,gse24080,meta_batch,0.688049
mutual_info_proba_classif,5,RandomForest,harmony,gse24080,meta_batch,0.681018
mutual_info_proba_classif,6,RandomForest,harmony,gse24080,meta_batch,0.699482
mutual_info_proba_classif,7,RandomForest,harmony,gse24080,meta_batch,0.665101
mutual_info_proba_classif,8,RandomForest,harmony,gse24080,meta_batch,0.696712
mutual_info_proba_classif,9,RandomForest,harmony,gse24080,meta_batch,0.6927
mutual_info_proba_sum,0,RandomForest,harmony,gse24080,meta_batch,0.194185
mutual_info_proba_sum,1,RandomForest,harmony,gse24080,meta_batch,0.193837
mutual_info_proba_sum,2,RandomForest,harmony,gse24080,meta_batch,0.194123
mutual_info_proba_sum,3,RandomForest,harmony,gse24080,meta_batch,0.192102
mutual_info_proba_sum,4,RandomForest,harmony,gse24080,meta_batch,0.194329
mutual_info_proba_sum,5,RandomForest,harmony,gse24080,meta_batch,0.191109
mutual_info_proba_sum,6,RandomForest,harmony,gse24080,meta_batch,0.194547
mutual_info_proba_sum,7,RandomForest,harmony,gse24080,meta_batch,0.193215
mutual_info_proba_sum,8,RandomForest,harmony,gse24080,meta_batch,0.186437
mutual_info_proba_sum,9,RandomForest,harmony,gse24080,meta_batch,0.194664
determinant_based_mutual_information,0,RandomForest,harmony,gse24080,meta_batch,0.485186
determinant_based_mutual_information,1,RandomForest,harmony,gse24080,meta_batch,0.485821
determinant_based_mutual_information,2,RandomForest,harmony,gse24080,meta_batch,0.484847
determinant_based_mutual_information,3,RandomForest,harmony,gse24080,meta_batch,0.482689
determinant_based_mutual_information,4,RandomForest,harmony,gse24080,meta_batch,0.485728
determinant_based_mutual_information,5,RandomForest,harmony,gse24080,meta_batch,0.481599
determinant_based_mutual_information,6,RandomForest,harmony,gse24080,meta_batch,0.485353
determinant_based_mutual_information,7,RandomForest,harmony,gse24080,meta_batch,0.484427
determinant_based_mutual_information,8,RandomForest,harmony,gse24080,meta_batch,0.475821
determinant_based_mutual_information,9,RandomForest,harmony,gse24080,meta_batch,0.485817
accuracy_score,0,RandomForest,harmony,gse24080,meta_batch,0.916794
accuracy_score,1,RandomForest,harmony,gse24080,meta_batch,0.922229
accuracy_score,2,RandomForest,harmony,gse24080,meta_batch,0.91134
accuracy_score,3,RandomForest,harmony,gse24080,meta_batch,0.911379
accuracy_score,4,RandomForest,harmony,gse24080,meta_batch,0.916804
accuracy_score,5,RandomForest,harmony,gse24080,meta_batch,0.907775
accuracy_score,6,RandomForest,harmony,gse24080,meta_batch,0.905954
accuracy_score,7,RandomForest,harmony,gse24080,meta_batch,0.911398
accuracy_score,8,RandomForest,harmony,gse24080,meta_batch,0.907775
accuracy_score,9,RandomForest,harmony,gse24080,meta_batch,0.911408
log_loss,0,RandomForest,harmony,gse24080,meta_batch,0.706472
log_loss,1,RandomForest,harmony,gse24080,meta_batch,0.705739
log_loss,2,RandomForest,harmony,gse24080,meta_batch,0.708192
log_loss,3,RandomForest,harmony,gse24080,meta_batch,0.705597
log_loss,4,RandomForest,harmony,gse24080,meta_batch,0.707629
log_loss,5,RandomForest,harmony,gse24080,meta_batch,0.70423
log_loss,6,RandomForest,harmony,gse24080,meta_batch,0.707011
log_loss,7,RandomForest,harmony,gse24080,meta_batch,0.705143
log_loss,8,RandomForest,harmony,gse24080,meta_batch,0.699032
log_loss,9,RandomForest,harmony,gse24080,meta_batch,0.706083
roc_auc_score,0,HistGradientBoosting,harmony,gse24080,meta_batch,0.993073
roc_auc_score,1,HistGradientBoosting,harmony,gse24080,meta_batch,0.994197
roc_auc_score,2,HistGradientBoosting,harmony,gse24080,meta_batch,0.994153
roc_auc_score,3,HistGradientBoosting,harmony,gse24080,meta_batch,0.994493
roc_auc_score,4,HistGradientBoosting,harmony,gse24080,meta_batch,0.992607
roc_auc_score,5,HistGradientBoosting,harmony,gse24080,meta_batch,0.995966
roc_auc_score,6,HistGradientBoosting,harmony,gse24080,meta_batch,0.994951
roc_auc_score,7,HistGradientBoosting,harmony,gse24080,meta_batch,0.992657
roc_auc_score,8,HistGradientBoosting,harmony,gse24080,meta_batch,0.994296
roc_auc_score,9,HistGradientBoosting,harmony,gse24080,meta_batch,0.994994
mutual_info_score,0,HistGradientBoosting,harmony,gse24080,meta_batch,0.757661
mutual_info_score,1,HistGradientBoosting,harmony,gse24080,meta_batch,0.78635
mutual_info_score,2,HistGradientBoosting,harmony,gse24080,meta_batch,0.726854
mutual_info_score,3,HistGradientBoosting,harmony,gse24080,meta_batch,0.694265
mutual_info_score,4,HistGradientBoosting,harmony,gse24080,meta_batch,0.716741
mutual_info_score,5,HistGradientBoosting,harmony,gse24080,meta_batch,0.750568
mutual_info_score,6,HistGradientBoosting,harmony,gse24080,meta_batch,0.732181
mutual_info_score,7,HistGradientBoosting,harmony,gse24080,meta_batch,0.717871
mutual_info_score,8,HistGradientBoosting,harmony,gse24080,meta_batch,0.702406
mutual_info_score,9,HistGradientBoosting,harmony,gse24080,meta_batch,0.754153
mutual_info_proba_classif,0,HistGradientBoosting,harmony,gse24080,meta_batch,0.803281
mutual_info_proba_classif,1,HistGradientBoosting,harmony,gse24080,meta_batch,0.838331
mutual_info_proba_classif,2,HistGradientBoosting,harmony,gse24080,meta_batch,0.81652
mutual_info_proba_classif,3,HistGradientBoosting,harmony,gse24080,meta_batch,0.8078
mutual_info_proba_classif,4,HistGradientBoosting,harmony,gse24080,meta_batch,0.776139
mutual_info_proba_classif,5,HistGradientBoosting,harmony,gse24080,meta_batch,0.83387
mutual_info_proba_classif,6,HistGradientBoosting,harmony,gse24080,meta_batch,0.805605
mutual_info_proba_classif,7,HistGradientBoosting,harmony,gse24080,meta_batch,0.807773
mutual_info_proba_classif,8,HistGradientBoosting,harmony,gse24080,meta_batch,0.82873
mutual_info_proba_classif,9,HistGradientBoosting,harmony,gse24080,meta_batch,0.83709
mutual_info_proba_sum,0,HistGradientBoosting,harmony,gse24080,meta_batch,0.594821
mutual_info_proba_sum,1,HistGradientBoosting,harmony,gse24080,meta_batch,0.612299
mutual_info_proba_sum,2,HistGradientBoosting,harmony,gse24080,meta_batch,0.589605
mutual_info_proba_sum,3,HistGradientBoosting,harmony,gse24080,meta_batch,0.597491
mutual_info_proba_sum,4,HistGradientBoosting,harmony,gse24080,meta_batch,0.586393
mutual_info_proba_sum,5,HistGradientBoosting,harmony,gse24080,meta_batch,0.610467
mutual_info_proba_sum,6,HistGradientBoosting,harmony,gse24080,meta_batch,0.598127
mutual_info_proba_sum,7,HistGradientBoosting,harmony,gse24080,meta_batch,0.595601
mutual_info_proba_sum,8,HistGradientBoosting,harmony,gse24080,meta_batch,0.583599
mutual_info_proba_sum,9,HistGradientBoosting,harmony,gse24080,meta_batch,0.612884
determinant_based_mutual_information,0,HistGradientBoosting,harmony,gse24080,meta_batch,0.80184
determinant_based_mutual_information,1,HistGradientBoosting,harmony,gse24080,meta_batch,0.811578
determinant_based_mutual_information,2,HistGradientBoosting,harmony,gse24080,meta_batch,0.794779
determinant_based_mutual_information,3,HistGradientBoosting,harmony,gse24080,meta_batch,0.804624
determinant_based_mutual_information,4,HistGradientBoosting,harmony,gse24080,meta_batch,0.796349
determinant_based_mutual_information,5,HistGradientBoosting,harmony,gse24080,meta_batch,0.810721
determinant_based_mutual_information,6,HistGradientBoosting,harmony,gse24080,meta_batch,0.803337
determinant_based_mutual_information,7,HistGradientBoosting,harmony,gse24080,meta_batch,0.800959
determinant_based_mutual_information,8,HistGradientBoosting,harmony,gse24080,meta_batch,0.795159
determinant_based_mutual_information,9,HistGradientBoosting,harmony,gse24080,meta_batch,0.811307
accuracy_score,0,HistGradientBoosting,harmony,gse24080,meta_batch,0.965599
accuracy_score,1,HistGradientBoosting,harmony,gse24080,meta_batch,0.972875
accuracy_score,2,HistGradientBoosting,harmony,gse24080,meta_batch,0.958382
accuracy_score,3,HistGradientBoosting,harmony,gse24080,meta_batch,0.952967
accuracy_score,4,HistGradientBoosting,harmony,gse24080,meta_batch,0.958431
accuracy_score,5,HistGradientBoosting,harmony,gse24080,meta_batch,0.965648
accuracy_score,6,HistGradientBoosting,harmony,gse24080,meta_batch,0.962015
accuracy_score,7,HistGradientBoosting,harmony,gse24080,meta_batch,0.958421
accuracy_score,8,HistGradientBoosting,harmony,gse24080,meta_batch,0.954808
accuracy_score,9,HistGradientBoosting,harmony,gse24080,meta_batch,0.965648
log_loss,0,HistGradientBoosting,harmony,gse24080,meta_batch,0.892702
log_loss,1,HistGradientBoosting,harmony,gse24080,meta_batch,0.900685
log_loss,2,HistGradientBoosting,harmony,gse24080,meta_batch,0.885129
log_loss,3,HistGradientBoosting,harmony,gse24080,meta_batch,0.895377
log_loss,4,HistGradientBoosting,harmony,gse24080,meta_batch,0.885886
log_loss,5,HistGradientBoosting,harmony,gse24080,meta_batch,0.90454
log_loss,6,HistGradientBoosting,harmony,gse24080,meta_batch,0.8971
log_loss,7,HistGradientBoosting,harmony,gse24080,meta_batch,0.889835
log_loss,8,HistGradientBoosting,harmony,gse24080,meta_batch,0.88996
log_loss,9,HistGradientBoosting,harmony,gse24080,meta_batch,0.904218
roc_auc_score,0,RandomForest,harmony,gse49711,meta_Class,0.989007
roc_auc_score,1,RandomForest,harmony,gse49711,meta_Class,0.988958
roc_auc_score,2,RandomForest,harmony,gse49711,meta_Class,0.985353
roc_auc_score,3,RandomForest,harmony,gse49711,meta_Class,0.988528
roc_auc_score,4,RandomForest,harmony,gse49711,meta_Class,0.989879
roc_auc_score,5,RandomForest,harmony,gse49711,meta_Class,0.991813
roc_auc_score,6,RandomForest,harmony,gse49711,meta_Class,0.989808
roc_auc_score,7,RandomForest,harmony,gse49711,meta_Class,0.988073
roc_auc_score,8,RandomForest,harmony,gse49711,meta_Class,0.98891
roc_auc_score,9,RandomForest,harmony,gse49711,meta_Class,0.99
mutual_info_score,0,RandomForest,harmony,gse49711,meta_Class,0.693734
mutual_info_score,1,RandomForest,harmony,gse49711,meta_Class,0.669973
mutual_info_score,2,RandomForest,harmony,gse49711,meta_Class,0.637319
mutual_info_score,3,RandomForest,harmony,gse49711,meta_Class,0.659271
mutual_info_score,4,RandomForest,harmony,gse49711,meta_Class,0.668238
mutual_info_score,5,RandomForest,harmony,gse49711,meta_Class,0.723244
mutual_info_score,6,RandomForest,harmony,gse49711,meta_Class,0.663972
mutual_info_score,7,RandomForest,harmony,gse49711,meta_Class,0.649218
mutual_info_score,8,RandomForest,harmony,gse49711,meta_Class,0.652569
mutual_info_score,9,RandomForest,harmony,gse49711,meta_Class,0.725792
mutual_info_proba_classif,0,RandomForest,harmony,gse49711,meta_Class,0.769528
mutual_info_proba_classif,1,RandomForest,harmony,gse49711,meta_Class,0.759173
mutual_info_proba_classif,2,RandomForest,harmony,gse49711,meta_Class,0.724776
mutual_info_proba_classif,3,RandomForest,harmony,gse49711,meta_Class,0.735214
mutual_info_proba_classif,4,RandomForest,harmony,gse49711,meta_Class,0.766781
mutual_info_proba_classif,5,RandomForest,harmony,gse49711,meta_Class,0.772568
mutual_info_proba_classif,6,RandomForest,harmony,gse49711,meta_Class,0.76662
mutual_info_proba_classif,7,RandomForest,harmony,gse49711,meta_Class,0.753171
mutual_info_proba_classif,8,RandomForest,harmony,gse49711,meta_Class,0.737741
mutual_info_proba_classif,9,RandomForest,harmony,gse49711,meta_Class,0.792265
mutual_info_proba_sum,0,RandomForest,harmony,gse49711,meta_Class,0.330435
mutual_info_proba_sum,1,RandomForest,harmony,gse49711,meta_Class,0.328592
mutual_info_proba_sum,2,RandomForest,harmony,gse49711,meta_Class,0.314746
mutual_info_proba_sum,3,RandomForest,harmony,gse49711,meta_Class,0.315432
mutual_info_proba_sum,4,RandomForest,harmony,gse49711,meta_Class,0.331418
mutual_info_proba_sum,5,RandomForest,harmony,gse49711,meta_Class,0.333841
mutual_info_proba_sum,6,RandomForest,harmony,gse49711,meta_Class,0.334523
mutual_info_proba_sum,7,RandomForest,harmony,gse49711,meta_Class,0.333101
mutual_info_proba_sum,8,RandomForest,harmony,gse49711,meta_Class,0.312969
mutual_info_proba_sum,9,RandomForest,harmony,gse49711,meta_Class,0.330386
determinant_based_mutual_information,0,RandomForest,harmony,gse49711,meta_Class,0.591797
determinant_based_mutual_information,1,RandomForest,harmony,gse49711,meta_Class,0.59126
determinant_based_mutual_information,2,RandomForest,harmony,gse49711,meta_Class,0.577395
determinant_based_mutual_information,3,RandomForest,harmony,gse49711,meta_Class,0.579785
determinant_based_mutual_information,4,RandomForest,harmony,gse49711,meta_Class,0.594096
determinant_based_mutual_information,5,RandomForest,harmony,gse49711,meta_Class,0.593858
determinant_based_mutual_information,6,RandomForest,harmony,gse49711,meta_Class,0.595351
determinant_based_mutual_information,7,RandomForest,harmony,gse49711,meta_Class,0.593665
determinant_based_mutual_information,8,RandomForest,harmony,gse49711,meta_Class,0.578703
determinant_based_mutual_information,9,RandomForest,harmony,gse49711,meta_Class,0.59027
accuracy_score,0,RandomForest,harmony,gse49711,meta_Class,0.959626
accuracy_score,1,RandomForest,harmony,gse49711,meta_Class,0.952137
accuracy_score,2,RandomForest,harmony,gse49711,meta_Class,0.948514
accuracy_score,3,RandomForest,harmony,gse49711,meta_Class,0.952137
accuracy_score,4,RandomForest,harmony,gse49711,meta_Class,0.95584
accuracy_score,5,RandomForest,harmony,gse49711,meta_Class,0.963289
accuracy_score,6,RandomForest,harmony,gse49711,meta_Class,0.9523
accuracy_score,7,RandomForest,harmony,gse49711,meta_Class,0.952259
accuracy_score,8,RandomForest,harmony,gse49711,meta_Class,0.952177
accuracy_score,9,RandomForest,harmony,gse49711,meta_Class,0.966911
log_loss,0,RandomForest,harmony,gse49711,meta_Class,0.814103
log_loss,1,RandomForest,harmony,gse49711,meta_Class,0.811468
log_loss,2,RandomForest,harmony,gse49711,meta_Class,0.802505
log_loss,3,RandomForest,harmony,gse49711,meta_Class,0.804845
log_loss,4,RandomForest,harmony,gse49711,meta_Class,0.815493
log_loss,5,RandomForest,harmony,gse49711,meta_Class,0.816123
log_loss,6,RandomForest,harmony,gse49711,meta_Class,0.816394
log_loss,7,RandomForest,harmony,gse49711,meta_Class,0.808744
log_loss,8,RandomForest,harmony,gse49711,meta_Class,0.802454
log_loss,9,RandomForest,harmony,gse49711,meta_Class,0.813045
roc_auc_score,0,HistGradientBoosting,harmony,gse49711,meta_Class,0.991865
roc_auc_score,1,HistGradientBoosting,harmony,gse49711,meta_Class,0.982492
roc_auc_score,2,HistGradientBoosting,harmony,gse49711,meta_Class,0.984522
roc_auc_score,3,HistGradientBoosting,harmony,gse49711,meta_Class,0.976199
roc_auc_score,4,HistGradientBoosting,harmony,gse49711,meta_Class,0.990574
roc_auc_score,5,HistGradientBoosting,harmony,gse49711,meta_Class,0.982121
roc_auc_score,6,HistGradientBoosting,harmony,gse49711,meta_Class,0.987574
roc_auc_score,7,HistGradientBoosting,harmony,gse49711,meta_Class,0.980721
roc_auc_score,8,HistGradientBoosting,harmony,gse49711,meta_Class,0.987525
roc_auc_score,9,HistGradientBoosting,harmony,gse49711,meta_Class,0.990819
mutual_info_score,0,HistGradientBoosting,harmony,gse49711,meta_Class,0.709403
mutual_info_score,1,HistGradientBoosting,harmony,gse49711,meta_Class,0.646499
mutual_info_score,2,HistGradientBoosting,harmony,gse49711,meta_Class,0.612097
mutual_info_score,3,HistGradientBoosting,harmony,gse49711,meta_Class,0.599576
mutual_info_score,4,HistGradientBoosting,harmony,gse49711,meta_Class,0.693025
mutual_info_score,5,HistGradientBoosting,harmony,gse49711,meta_Class,0.668122
mutual_info_score,6,HistGradientBoosting,harmony,gse49711,meta_Class,0.663054
mutual_info_score,7,HistGradientBoosting,harmony,gse49711,meta_Class,0.657644
mutual_info_score,8,HistGradientBoosting,harmony,gse49711,meta_Class,0.690934
mutual_info_score,9,HistGradientBoosting,harmony,gse49711,meta_Class,0.680635
mutual_info_proba_classif,0,HistGradientBoosting,harmony,gse49711,meta_Class,0.753981
mutual_info_proba_classif,1,HistGradientBoosting,harmony,gse49711,meta_Class,0.680911
mutual_info_proba_classif,2,HistGradientBoosting,harmony,gse49711,meta_Class,0.720364
mutual_info_proba_classif,3,HistGradientBoosting,harmony,gse49711,meta_Class,0.686916
mutual_info_proba_classif,4,HistGradientBoosting,harmony,gse49711,meta_Class,0.753306
mutual_info_proba_classif,5,HistGradientBoosting,harmony,gse49711,meta_Class,0.713041
mutual_info_proba_classif,6,HistGradientBoosting,harmony,gse49711,meta_Class,0.702556
mutual_info_proba_classif,7,HistGradientBoosting,harmony,gse49711,meta_Class,0.682813
mutual_info_proba_classif,8,HistGradientBoosting,harmony,gse49711,meta_Class,0.750338
mutual_info_proba_classif,9,HistGradientBoosting,harmony,gse49711,meta_Class,0.712552
mutual_info_proba_sum,0,HistGradientBoosting,harmony,gse49711,meta_Class,0.571752
mutual_info_proba_sum,1,HistGradientBoosting,harmony,gse49711,meta_Class,0.532876
mutual_info_proba_sum,2,HistGradientBoosting,harmony,gse49711,meta_Class,0.52552
mutual_info_proba_sum,3,HistGradientBoosting,harmony,gse49711,meta_Class,0.521534
mutual_info_proba_sum,4,HistGradientBoosting,harmony,gse49711,meta_Class,0.580996
mutual_info_proba_sum,5,HistGradientBoosting,harmony,gse49711,meta_Class,0.548573
mutual_info_proba_sum,6,HistGradientBoosting,harmony,gse49711,meta_Class,0.556775
mutual_info_proba_sum,7,HistGradientBoosting,harmony,gse49711,meta_Class,0.552016
mutual_info_proba_sum,8,HistGradientBoosting,harmony,gse49711,meta_Class,0.549159
mutual_info_proba_sum,9,HistGradientBoosting,harmony,gse49711,meta_Class,0.564596
determinant_based_mutual_information,0,HistGradientBoosting,harmony,gse49711,meta_Class,0.744701
determinant_based_mutual_information,1,HistGradientBoosting,harmony,gse49711,meta_Class,0.722614
determinant_based_mutual_information,2,HistGradientBoosting,harmony,gse49711,meta_Class,0.707781
determinant_based_mutual_information,3,HistGradientBoosting,harmony,gse49711,meta_Class,0.711537
determinant_based_mutual_information,4,HistGradientBoosting,harmony,gse49711,meta_Class,0.755313
determinant_based_mutual_information,5,HistGradientBoosting,harmony,gse49711,meta_Class,0.72967
determinant_based_mutual_information,6,HistGradientBoosting,harmony,gse49711,meta_Class,0.740871
determinant_based_mutual_information,7,HistGradientBoosting,harmony,gse49711,meta_Class,0.734009
determinant_based_mutual_information,8,HistGradientBoosting,harmony,gse49711,meta_Class,0.74016
determinant_based_mutual_information,9,HistGradientBoosting,harmony,gse49711,meta_Class,0.730714
accuracy_score,0,HistGradientBoosting,harmony,gse49711,meta_Class,0.963289
accuracy_score,1,HistGradientBoosting,harmony,gse49711,meta_Class,0.948433
accuracy_score,2,HistGradientBoosting,harmony,gse49711,meta_Class,0.937648
accuracy_score,3,HistGradientBoosting,harmony,gse49711,meta_Class,0.941148
accuracy_score,4,HistGradientBoosting,harmony,gse49711,meta_Class,0.963248
accuracy_score,5,HistGradientBoosting,harmony,gse49711,meta_Class,0.952259
accuracy_score,6,HistGradientBoosting,harmony,gse49711,meta_Class,0.952218
accuracy_score,7,HistGradientBoosting,harmony,gse49711,meta_Class,0.952259
accuracy_score,8,HistGradientBoosting,harmony,gse49711,meta_Class,0.955922
accuracy_score,9,HistGradientBoosting,harmony,gse49711,meta_Class,0.955963
log_loss,0,HistGradientBoosting,harmony,gse49711,meta_Class,0.883478
log_loss,1,HistGradientBoosting,harmony,gse49711,meta_Class,0.848061
log_loss,2,HistGradientBoosting,harmony,gse49711,meta_Class,0.848857
log_loss,3,HistGradientBoosting,harmony,gse49711,meta_Class,0.825219
log_loss,4,HistGradientBoosting,harmony,gse49711,meta_Class,0.884784
log_loss,5,HistGradientBoosting,harmony,gse49711,meta_Class,0.842749
log_loss,6,HistGradientBoosting,harmony,gse49711,meta_Class,0.874942
log_loss,7,HistGradientBoosting,harmony,gse49711,meta_Class,0.845134
log_loss,8,HistGradientBoosting,harmony,gse49711,meta_Class,0.865836
log_loss,9,HistGradientBoosting,harmony,gse49711,meta_Class,0.864241
roc_auc_score,0,RandomForest,seurat_scaling,gse20194,meta_batch,0.998704
roc_auc_score,1,RandomForest,seurat_scaling,gse20194,meta_batch,1.0
roc_auc_score,2,RandomForest,seurat_scaling,gse20194,meta_batch,1.0
roc_auc_score,3,RandomForest,seurat_scaling,gse20194,meta_batch,1.0
roc_auc_score,4,RandomForest,seurat_scaling,gse20194,meta_batch,0.997988
roc_auc_score,5,RandomForest,seurat_scaling,gse20194,meta_batch,1.0
roc_auc_score,6,RandomForest,seurat_scaling,gse20194,meta_batch,1.0
roc_auc_score,7,RandomForest,seurat_scaling,gse20194,meta_batch,1.0
roc_auc_score,8,RandomForest,seurat_scaling,gse20194,meta_batch,1.0
roc_auc_score,9,RandomForest,seurat_scaling,gse20194,meta_batch,1.0
mutual_info_score,0,RandomForest,seurat_scaling,gse20194,meta_batch,0.877636
mutual_info_score,1,RandomForest,seurat_scaling,gse20194,meta_batch,0.955286
mutual_info_score,2,RandomForest,seurat_scaling,gse20194,meta_batch,0.92523
mutual_info_score,3,RandomForest,seurat_scaling,gse20194,meta_batch,0.933574
mutual_info_score,4,RandomForest,seurat_scaling,gse20194,meta_batch,0.838111
mutual_info_score,5,RandomForest,seurat_scaling,gse20194,meta_batch,0.873314
mutual_info_score,6,RandomForest,seurat_scaling,gse20194,meta_batch,0.95543
mutual_info_score,7,RandomForest,seurat_scaling,gse20194,meta_batch,0.873314
mutual_info_score,8,RandomForest,seurat_scaling,gse20194,meta_batch,0.92523
mutual_info_score,9,RandomForest,seurat_scaling,gse20194,meta_batch,0.903514
mutual_info_proba_classif,0,RandomForest,seurat_scaling,gse20194,meta_batch,0.9393
mutual_info_proba_classif,1,RandomForest,seurat_scaling,gse20194,meta_batch,0.990229
mutual_info_proba_classif,2,RandomForest,seurat_scaling,gse20194,meta_batch,0.976836
mutual_info_proba_classif,3,RandomForest,seurat_scaling,gse20194,meta_batch,0.993077
mutual_info_proba_classif,4,RandomForest,seurat_scaling,gse20194,meta_batch,0.948376
mutual_info_proba_classif,5,RandomForest,seurat_scaling,gse20194,meta_batch,0.979156
mutual_info_proba_classif,6,RandomForest,seurat_scaling,gse20194,meta_batch,0.98537
mutual_info_proba_classif,7,RandomForest,seurat_scaling,gse20194,meta_batch,0.972979
mutual_info_proba_classif,8,RandomForest,seurat_scaling,gse20194,meta_batch,0.995186
mutual_info_proba_classif,9,RandomForest,seurat_scaling,gse20194,meta_batch,0.983374
mutual_info_proba_sum,0,RandomForest,seurat_scaling,gse20194,meta_batch,0.077629
mutual_info_proba_sum,1,RandomForest,seurat_scaling,gse20194,meta_batch,0.087635
mutual_info_proba_sum,2,RandomForest,seurat_scaling,gse20194,meta_batch,0.079677
mutual_info_proba_sum,3,RandomForest,seurat_scaling,gse20194,meta_batch,0.090012
mutual_info_proba_sum,4,RandomForest,seurat_scaling,gse20194,meta_batch,0.080186
mutual_info_proba_sum,5,RandomForest,seurat_scaling,gse20194,meta_batch,0.090366
mutual_info_proba_sum,6,RandomForest,seurat_scaling,gse20194,meta_batch,0.100676
mutual_info_proba_sum,7,RandomForest,seurat_scaling,gse20194,meta_batch,0.084135
mutual_info_proba_sum,8,RandomForest,seurat_scaling,gse20194,meta_batch,0.087964
mutual_info_proba_sum,9,RandomForest,seurat_scaling,gse20194,meta_batch,0.08831
determinant_based_mutual_information,0,RandomForest,seurat_scaling,gse20194,meta_batch,0.319245
determinant_based_mutual_information,1,RandomForest,seurat_scaling,gse20194,meta_batch,0.339312
determinant_based_mutual_information,2,RandomForest,seurat_scaling,gse20194,meta_batch,0.324602
determinant_based_mutual_information,3,RandomForest,seurat_scaling,gse20194,meta_batch,0.344411
determinant_based_mutual_information,4,RandomForest,seurat_scaling,gse20194,meta_batch,0.325115
determinant_based_mutual_information,5,RandomForest,seurat_scaling,gse20194,meta_batch,0.344414
determinant_based_mutual_information,6,RandomForest,seurat_scaling,gse20194,meta_batch,0.363406
determinant_based_mutual_information,7,RandomForest,seurat_scaling,gse20194,meta_batch,0.332919
determinant_based_mutual_information,8,RandomForest,seurat_scaling,gse20194,meta_batch,0.340443
determinant_based_mutual_information,9,RandomForest,seurat_scaling,gse20194,meta_batch,0.341034
accuracy_score,0,RandomForest,seurat_scaling,gse20194,meta_batch,0.982456
accuracy_score,1,RandomForest,seurat_scaling,gse20194,meta_batch,0.995614
accuracy_score,2,RandomForest,seurat_scaling,gse20194,meta_batch,0.991228
accuracy_score,3,RandomForest,seurat_scaling,gse20194,meta_batch,0.991228
accuracy_score,4,RandomForest,seurat_scaling,gse20194,meta_batch,0.973684
accuracy_score,5,RandomForest,seurat_scaling,gse20194,meta_batch,0.982456
accuracy_score,6,RandomForest,seurat_scaling,gse20194,meta_batch,0.995614
accuracy_score,7,RandomForest,seurat_scaling,gse20194,meta_batch,0.982456
accuracy_score,8,RandomForest,seurat_scaling,gse20194,meta_batch,0.991228
accuracy_score,9,RandomForest,seurat_scaling,gse20194,meta_batch,0.986842
log_loss,0,RandomForest,seurat_scaling,gse20194,meta_batch,0.590189
log_loss,1,RandomForest,seurat_scaling,gse20194,meta_batch,0.603687
log_loss,2,RandomForest,seurat_scaling,gse20194,meta_batch,0.593919
log_loss,3,RandomForest,seurat_scaling,gse20194,meta_batch,0.609229
log_loss,4,RandomForest,seurat_scaling,gse20194,meta_batch,0.59422
log_loss,5,RandomForest,seurat_scaling,gse20194,meta_batch,0.609903
log_loss,6,RandomForest,seurat_scaling,gse20194,meta_batch,0.624991
log_loss,7,RandomForest,seurat_scaling,gse20194,meta_batch,0.600199
log_loss,8,RandomForest,seurat_scaling,gse20194,meta_batch,0.606063
log_loss,9,RandomForest,seurat_scaling,gse20194,meta_batch,0.606449
roc_auc_score,0,HistGradientBoosting,seurat_scaling,gse20194,meta_batch,0.997884
roc_auc_score,1,HistGradientBoosting,seurat_scaling,gse20194,meta_batch,0.997638
roc_auc_score,2,HistGradientBoosting,seurat_scaling,gse20194,meta_batch,0.998121
roc_auc_score,3,HistGradientBoosting,seurat_scaling,gse20194,meta_batch,0.995517
roc_auc_score,4,HistGradientBoosting,seurat_scaling,gse20194,meta_batch,0.997396
roc_auc_score,5,HistGradientBoosting,seurat_scaling,gse20194,meta_batch,1.0
roc_auc_score,6,HistGradientBoosting,seurat_scaling,gse20194,meta_batch,0.998825
roc_auc_score,7,HistGradientBoosting,seurat_scaling,gse20194,meta_batch,0.999765
roc_auc_score,8,HistGradientBoosting,seurat_scaling,gse20194,meta_batch,0.995772
roc_auc_score,9,HistGradientBoosting,seurat_scaling,gse20194,meta_batch,0.998121
mutual_info_score,0,HistGradientBoosting,seurat_scaling,gse20194,meta_batch,0.879242
mutual_info_score,1,HistGradientBoosting,seurat_scaling,gse20194,meta_batch,0.856995
mutual_info_score,2,HistGradientBoosting,seurat_scaling,gse20194,meta_batch,0.80235
mutual_info_score,3,HistGradientBoosting,seurat_scaling,gse20194,meta_batch,0.760113
mutual_info_score,4,HistGradientBoosting,seurat_scaling,gse20194,meta_batch,0.852208
mutual_info_score,5,HistGradientBoosting,seurat_scaling,gse20194,meta_batch,0.927075
mutual_info_score,6,HistGradientBoosting,seurat_scaling,gse20194,meta_batch,0.928728
mutual_info_score,7,HistGradientBoosting,seurat_scaling,gse20194,meta_batch,0.850545
mutual_info_score,8,HistGradientBoosting,seurat_scaling,gse20194,meta_batch,0.753841
mutual_info_score,9,HistGradientBoosting,seurat_scaling,gse20194,meta_batch,0.822595
mutual_info_proba_classif,0,HistGradientBoosting,seurat_scaling,gse20194,meta_batch,0.936109
mutual_info_proba_classif,1,HistGradientBoosting,seurat_scaling,gse20194,meta_batch,0.896022
mutual_info_proba_classif,2,HistGradientBoosting,seurat_scaling,gse20194,meta_batch,0.896572
mutual_info_proba_classif,3,HistGradientBoosting,seurat_scaling,gse20194,meta_batch,0.840836
mutual_info_proba_classif,4,HistGradientBoosting,seurat_scaling,gse20194,meta_batch,0.912702
mutual_info_proba_classif,5,HistGradientBoosting,seurat_scaling,gse20194,meta_batch,0.960301
mutual_info_proba_classif,6,HistGradientBoosting,seurat_scaling,gse20194,meta_batch,0.950471
mutual_info_proba_classif,7,HistGradientBoosting,seurat_scaling,gse20194,meta_batch,0.948018
mutual_info_proba_classif,8,HistGradientBoosting,seurat_scaling,gse20194,meta_batch,0.918844
mutual_info_proba_classif,9,HistGradientBoosting,seurat_scaling,gse20194,meta_batch,0.881783
mutual_info_proba_sum,0,HistGradientBoosting,seurat_scaling,gse20194,meta_batch,0.700144
mutual_info_proba_sum,1,HistGradientBoosting,seurat_scaling,gse20194,meta_batch,0.677258
mutual_info_proba_sum,2,HistGradientBoosting,seurat_scaling,gse20194,meta_batch,0.665456
mutual_info_proba_sum,3,HistGradientBoosting,seurat_scaling,gse20194,meta_batch,0.604718
mutual_info_proba_sum,4,HistGradientBoosting,seurat_scaling,gse20194,meta_batch,0.649366
mutual_info_proba_sum,5,HistGradientBoosting,seurat_scaling,gse20194,meta_batch,0.727693
mutual_info_proba_sum,6,HistGradientBoosting,seurat_scaling,gse20194,meta_batch,0.6743
mutual_info_proba_sum,7,HistGradientBoosting,seurat_scaling,gse20194,meta_batch,0.714128
mutual_info_proba_sum,8,HistGradientBoosting,seurat_scaling,gse20194,meta_batch,0.632816
mutual_info_proba_sum,9,HistGradientBoosting,seurat_scaling,gse20194,meta_batch,0.664932
determinant_based_mutual_information,0,HistGradientBoosting,seurat_scaling,gse20194,meta_batch,0.877906
determinant_based_mutual_information,1,HistGradientBoosting,seurat_scaling,gse20194,meta_batch,0.86692
determinant_based_mutual_information,2,HistGradientBoosting,seurat_scaling,gse20194,meta_batch,0.861293
determinant_based_mutual_information,3,HistGradientBoosting,seurat_scaling,gse20194,meta_batch,0.831407
determinant_based_mutual_information,4,HistGradientBoosting,seurat_scaling,gse20194,meta_batch,0.852445
determinant_based_mutual_information,5,HistGradientBoosting,seurat_scaling,gse20194,meta_batch,0.891794
determinant_based_mutual_information,6,HistGradientBoosting,seurat_scaling,gse20194,meta_batch,0.868123
determinant_based_mutual_information,7,HistGradientBoosting,seurat_scaling,gse20194,meta_batch,0.886396
determinant_based_mutual_information,8,HistGradientBoosting,seurat_scaling,gse20194,meta_batch,0.840562
determinant_based_mutual_information,9,HistGradientBoosting,seurat_scaling,gse20194,meta_batch,0.861416
accuracy_score,0,HistGradientBoosting,seurat_scaling,gse20194,meta_batch,0.982456
accuracy_score,1,HistGradientBoosting,seurat_scaling,gse20194,meta_batch,0.97807
accuracy_score,2,HistGradientBoosting,seurat_scaling,gse20194,meta_batch,0.969298
accuracy_score,3,HistGradientBoosting,seurat_scaling,gse20194,meta_batch,0.960526
accuracy_score,4,HistGradientBoosting,seurat_scaling,gse20194,meta_batch,0.969298
accuracy_score,5,HistGradientBoosting,seurat_scaling,gse20194,meta_batch,0.991228
accuracy_score,6,HistGradientBoosting,seurat_scaling,gse20194,meta_batch,0.991228
accuracy_score,7,HistGradientBoosting,seurat_scaling,gse20194,meta_batch,0.97807
accuracy_score,8,HistGradientBoosting,seurat_scaling,gse20194,meta_batch,0.947368
accuracy_score,9,HistGradientBoosting,seurat_scaling,gse20194,meta_batch,0.969298
log_loss,0,HistGradientBoosting,seurat_scaling,gse20194,meta_batch,0.936425
log_loss,1,HistGradientBoosting,seurat_scaling,gse20194,meta_batch,0.921384
log_loss,2,HistGradientBoosting,seurat_scaling,gse20194,meta_batch,0.922849
log_loss,3,HistGradientBoosting,seurat_scaling,gse20194,meta_batch,0.895251
log_loss,4,HistGradientBoosting,seurat_scaling,gse20194,meta_batch,0.904103
log_loss,5,HistGradientBoosting,seurat_scaling,gse20194,meta_batch,0.949588
log_loss,6,HistGradientBoosting,seurat_scaling,gse20194,meta_batch,0.929737
log_loss,7,HistGradientBoosting,seurat_scaling,gse20194,meta_batch,0.943243
log_loss,8,HistGradientBoosting,seurat_scaling,gse20194,meta_batch,0.903283
log_loss,9,HistGradientBoosting,seurat_scaling,gse20194,meta_batch,0.914086
roc_auc_score,0,RandomForest,seurat_integration,gse20194,meta_batch,0.984846
roc_auc_score,1,RandomForest,seurat_integration,gse20194,meta_batch,0.985553
roc_auc_score,2,RandomForest,seurat_integration,gse20194,meta_batch,0.987073
roc_auc_score,3,RandomForest,seurat_integration,gse20194,meta_batch,0.986455
roc_auc_score,4,RandomForest,seurat_integration,gse20194,meta_batch,0.986706
roc_auc_score,5,RandomForest,seurat_integration,gse20194,meta_batch,0.988813
roc_auc_score,6,RandomForest,seurat_integration,gse20194,meta_batch,0.986998
roc_auc_score,7,RandomForest,seurat_integration,gse20194,meta_batch,0.985386
roc_auc_score,8,RandomForest,seurat_integration,gse20194,meta_batch,0.98964
roc_auc_score,9,RandomForest,seurat_integration,gse20194,meta_batch,0.98988
mutual_info_score,0,RandomForest,seurat_integration,gse20194,meta_batch,0.702315
mutual_info_score,1,RandomForest,seurat_integration,gse20194,meta_batch,0.703061
mutual_info_score,2,RandomForest,seurat_integration,gse20194,meta_batch,0.761884
mutual_info_score,3,RandomForest,seurat_integration,gse20194,meta_batch,0.721024
mutual_info_score,4,RandomForest,seurat_integration,gse20194,meta_batch,0.692605
mutual_info_score,5,RandomForest,seurat_integration,gse20194,meta_batch,0.691631
mutual_info_score,6,RandomForest,seurat_integration,gse20194,meta_batch,0.698685
mutual_info_score,7,RandomForest,seurat_integration,gse20194,meta_batch,0.704635
mutual_info_score,8,RandomForest,seurat_integration,gse20194,meta_batch,0.691104
mutual_info_score,9,RandomForest,seurat_integration,gse20194,meta_batch,0.721024
mutual_info_proba_classif,0,RandomForest,seurat_integration,gse20194,meta_batch,0.828458
mutual_info_proba_classif,1,RandomForest,seurat_integration,gse20194,meta_batch,0.812481
mutual_info_proba_classif,2,RandomForest,seurat_integration,gse20194,meta_batch,0.84032
mutual_info_proba_classif,3,RandomForest,seurat_integration,gse20194,meta_batch,0.820803
mutual_info_proba_classif,4,RandomForest,seurat_integration,gse20194,meta_batch,0.817811
mutual_info_proba_classif,5,RandomForest,seurat_integration,gse20194,meta_batch,0.826449
mutual_info_proba_classif,6,RandomForest,seurat_integration,gse20194,meta_batch,0.843373
mutual_info_proba_classif,7,RandomForest,seurat_integration,gse20194,meta_batch,0.824851
mutual_info_proba_classif,8,RandomForest,seurat_integration,gse20194,meta_batch,0.8343
mutual_info_proba_classif,9,RandomForest,seurat_integration,gse20194,meta_batch,0.839572
mutual_info_proba_sum,0,RandomForest,seurat_integration,gse20194,meta_batch,0.218335
mutual_info_proba_sum,1,RandomForest,seurat_integration,gse20194,meta_batch,0.218334
mutual_info_proba_sum,2,RandomForest,seurat_integration,gse20194,meta_batch,0.224212
mutual_info_proba_sum,3,RandomForest,seurat_integration,gse20194,meta_batch,0.226074
mutual_info_proba_sum,4,RandomForest,seurat_integration,gse20194,meta_batch,0.208924
mutual_info_proba_sum,5,RandomForest,seurat_integration,gse20194,meta_batch,0.225676
mutual_info_proba_sum,6,RandomForest,seurat_integration,gse20194,meta_batch,0.225279
mutual_info_proba_sum,7,RandomForest,seurat_integration,gse20194,meta_batch,0.214381
mutual_info_proba_sum,8,RandomForest,seurat_integration,gse20194,meta_batch,0.217067
mutual_info_proba_sum,9,RandomForest,seurat_integration,gse20194,meta_batch,0.223604
determinant_based_mutual_information,0,RandomForest,seurat_integration,gse20194,meta_batch,0.528159
determinant_based_mutual_information,1,RandomForest,seurat_integration,gse20194,meta_batch,0.525959
determinant_based_mutual_information,2,RandomForest,seurat_integration,gse20194,meta_batch,0.533349
determinant_based_mutual_information,3,RandomForest,seurat_integration,gse20194,meta_batch,0.535502
determinant_based_mutual_information,4,RandomForest,seurat_integration,gse20194,meta_batch,0.516096
determinant_based_mutual_information,5,RandomForest,seurat_integration,gse20194,meta_batch,0.535798
determinant_based_mutual_information,6,RandomForest,seurat_integration,gse20194,meta_batch,0.534521
determinant_based_mutual_information,7,RandomForest,seurat_integration,gse20194,meta_batch,0.522878
determinant_based_mutual_information,8,RandomForest,seurat_integration,gse20194,meta_batch,0.525888
determinant_based_mutual_information,9,RandomForest,seurat_integration,gse20194,meta_batch,0.533329
accuracy_score,0,RandomForest,seurat_integration,gse20194,meta_batch,0.947368
accuracy_score,1,RandomForest,seurat_integration,gse20194,meta_batch,0.947368
accuracy_score,2,RandomForest,seurat_integration,gse20194,meta_batch,0.960526
accuracy_score,3,RandomForest,seurat_integration,gse20194,meta_batch,0.951754
accuracy_score,4,RandomForest,seurat_integration,gse20194,meta_batch,0.942982
accuracy_score,5,RandomForest,seurat_integration,gse20194,meta_batch,0.947368
accuracy_score,6,RandomForest,seurat_integration,gse20194,meta_batch,0.942982
accuracy_score,7,RandomForest,seurat_integration,gse20194,meta_batch,0.947368
accuracy_score,8,RandomForest,seurat_integration,gse20194,meta_batch,0.942982
accuracy_score,9,RandomForest,seurat_integration,gse20194,meta_batch,0.951754
log_loss,0,RandomForest,seurat_integration,gse20194,meta_batch,0.719107
log_loss,1,RandomForest,seurat_integration,gse20194,meta_batch,0.718305
log_loss,2,RandomForest,seurat_integration,gse20194,meta_batch,0.72334
log_loss,3,RandomForest,seurat_integration,gse20194,meta_batch,0.724396
log_loss,4,RandomForest,seurat_integration,gse20194,meta_batch,0.711728
log_loss,5,RandomForest,seurat_integration,gse20194,meta_batch,0.726316
log_loss,6,RandomForest,seurat_integration,gse20194,meta_batch,0.723306
log_loss,7,RandomForest,seurat_integration,gse20194,meta_batch,0.713947
log_loss,8,RandomForest,seurat_integration,gse20194,meta_batch,0.719127
log_loss,9,RandomForest,seurat_integration,gse20194,meta_batch,0.724493
roc_auc_score,0,HistGradientBoosting,seurat_integration,gse20194,meta_batch,0.979559
roc_auc_score,1,HistGradientBoosting,seurat_integration,gse20194,meta_batch,0.986845
roc_auc_score,2,HistGradientBoosting,seurat_integration,gse20194,meta_batch,0.98519
roc_auc_score,3,HistGradientBoosting,seurat_integration,gse20194,meta_batch,0.986781
roc_auc_score,4,HistGradientBoosting,seurat_integration,gse20194,meta_batch,0.984944
roc_auc_score,5,HistGradientBoosting,seurat_integration,gse20194,meta_batch,0.989882
roc_auc_score,6,HistGradientBoosting,seurat_integration,gse20194,meta_batch,0.982775
roc_auc_score,7,HistGradientBoosting,seurat_integration,gse20194,meta_batch,0.979299
roc_auc_score,8,HistGradientBoosting,seurat_integration,gse20194,meta_batch,0.983986
roc_auc_score,9,HistGradientBoosting,seurat_integration,gse20194,meta_batch,0.983087
mutual_info_score,0,HistGradientBoosting,seurat_integration,gse20194,meta_batch,0.628245
mutual_info_score,1,HistGradientBoosting,seurat_integration,gse20194,meta_batch,0.756617
mutual_info_score,2,HistGradientBoosting,seurat_integration,gse20194,meta_batch,0.78499
mutual_info_score,3,HistGradientBoosting,seurat_integration,gse20194,meta_batch,0.711217
mutual_info_score,4,HistGradientBoosting,seurat_integration,gse20194,meta_batch,0.647517
mutual_info_score,5,HistGradientBoosting,seurat_integration,gse20194,meta_batch,0.702967
mutual_info_score,6,HistGradientBoosting,seurat_integration,gse20194,meta_batch,0.647533
mutual_info_score,7,HistGradientBoosting,seurat_integration,gse20194,meta_batch,0.649464
mutual_info_score,8,HistGradientBoosting,seurat_integration,gse20194,meta_batch,0.629973
mutual_info_score,9,HistGradientBoosting,seurat_integration,gse20194,meta_batch,0.686164
mutual_info_proba_classif,0,HistGradientBoosting,seurat_integration,gse20194,meta_batch,0.745802
mutual_info_proba_classif,1,HistGradientBoosting,seurat_integration,gse20194,meta_batch,0.842963
mutual_info_proba_classif,2,HistGradientBoosting,seurat_integration,gse20194,meta_batch,0.840335
mutual_info_proba_classif,3,HistGradientBoosting,seurat_integration,gse20194,meta_batch,0.784596
mutual_info_proba_classif,4,HistGradientBoosting,seurat_integration,gse20194,meta_batch,0.782418
mutual_info_proba_classif,5,HistGradientBoosting,seurat_integration,gse20194,meta_batch,0.81222
mutual_info_proba_classif,6,HistGradientBoosting,seurat_integration,gse20194,meta_batch,0.775251
mutual_info_proba_classif,7,HistGradientBoosting,seurat_integration,gse20194,meta_batch,0.758269
mutual_info_proba_classif,8,HistGradientBoosting,seurat_integration,gse20194,meta_batch,0.789966
mutual_info_proba_classif,9,HistGradientBoosting,seurat_integration,gse20194,meta_batch,0.785475
mutual_info_proba_sum,0,HistGradientBoosting,seurat_integration,gse20194,meta_batch,0.474103
mutual_info_proba_sum,1,HistGradientBoosting,seurat_integration,gse20194,meta_batch,0.547033
mutual_info_proba_sum,2,HistGradientBoosting,seurat_integration,gse20194,meta_batch,0.577162
mutual_info_proba_sum,3,HistGradientBoosting,seurat_integration,gse20194,meta_batch,0.543595
mutual_info_proba_sum,4,HistGradientBoosting,seurat_integration,gse20194,meta_batch,0.52279
mutual_info_proba_sum,5,HistGradientBoosting,seurat_integration,gse20194,meta_batch,0.550255
mutual_info_proba_sum,6,HistGradientBoosting,seurat_integration,gse20194,meta_batch,0.528978
mutual_info_proba_sum,7,HistGradientBoosting,seurat_integration,gse20194,meta_batch,0.498709
mutual_info_proba_sum,8,HistGradientBoosting,seurat_integration,gse20194,meta_batch,0.518098
mutual_info_proba_sum,9,HistGradientBoosting,seurat_integration,gse20194,meta_batch,0.555446
determinant_based_mutual_information,0,HistGradientBoosting,seurat_integration,gse20194,meta_batch,0.743396
determinant_based_mutual_information,1,HistGradientBoosting,seurat_integration,gse20194,meta_batch,0.793404
determinant_based_mutual_information,2,HistGradientBoosting,seurat_integration,gse20194,meta_batch,0.812115
determinant_based_mutual_information,3,HistGradientBoosting,seurat_integration,gse20194,meta_batch,0.794578
determinant_based_mutual_information,4,HistGradientBoosting,seurat_integration,gse20194,meta_batch,0.78028
determinant_based_mutual_information,5,HistGradientBoosting,seurat_integration,gse20194,meta_batch,0.797149
determinant_based_mutual_information,6,HistGradientBoosting,seurat_integration,gse20194,meta_batch,0.78157
determinant_based_mutual_information,7,HistGradientBoosting,seurat_integration,gse20194,meta_batch,0.758497
determinant_based_mutual_information,8,HistGradientBoosting,seurat_integration,gse20194,meta_batch,0.776803
determinant_based_mutual_information,9,HistGradientBoosting,seurat_integration,gse20194,meta_batch,0.796362
accuracy_score,0,HistGradientBoosting,seurat_integration,gse20194,meta_batch,0.921053
accuracy_score,1,HistGradientBoosting,seurat_integration,gse20194,meta_batch,0.960526
accuracy_score,2,HistGradientBoosting,seurat_integration,gse20194,meta_batch,0.964912
accuracy_score,3,HistGradientBoosting,seurat_integration,gse20194,meta_batch,0.951754
accuracy_score,4,HistGradientBoosting,seurat_integration,gse20194,meta_batch,0.934211
accuracy_score,5,HistGradientBoosting,seurat_integration,gse20194,meta_batch,0.947368
accuracy_score,6,HistGradientBoosting,seurat_integration,gse20194,meta_batch,0.934211
accuracy_score,7,HistGradientBoosting,seurat_integration,gse20194,meta_batch,0.934211
accuracy_score,8,HistGradientBoosting,seurat_integration,gse20194,meta_batch,0.929825
accuracy_score,9,HistGradientBoosting,seurat_integration,gse20194,meta_batch,0.938596
log_loss,0,HistGradientBoosting,seurat_integration,gse20194,meta_batch,0.800272
log_loss,1,HistGradientBoosting,seurat_integration,gse20194,meta_batch,0.857195
log_loss,2,HistGradientBoosting,seurat_integration,gse20194,meta_batch,0.868393
log_loss,3,HistGradientBoosting,seurat_integration,gse20194,meta_batch,0.858978
log_loss,4,HistGradientBoosting,seurat_integration,gse20194,meta_batch,0.83923
log_loss,5,HistGradientBoosting,seurat_integration,gse20194,meta_batch,0.862071
log_loss,6,HistGradientBoosting,seurat_integration,gse20194,meta_batch,0.839852
log_loss,7,HistGradientBoosting,seurat_integration,gse20194,meta_batch,0.827146
log_loss,8,HistGradientBoosting,seurat_integration,gse20194,meta_batch,0.839789
log_loss,9,HistGradientBoosting,seurat_integration,gse20194,meta_batch,0.852462
roc_auc_score,0,RandomForest,fastMNN,gse20194,meta_batch,0.808725
roc_auc_score,1,RandomForest,fastMNN,gse20194,meta_batch,0.792781
roc_auc_score,2,RandomForest,fastMNN,gse20194,meta_batch,0.802345
roc_auc_score,3,RandomForest,fastMNN,gse20194,meta_batch,0.838949
roc_auc_score,4,RandomForest,fastMNN,gse20194,meta_batch,0.785884
roc_auc_score,5,RandomForest,fastMNN,gse20194,meta_batch,0.825102
roc_auc_score,6,RandomForest,fastMNN,gse20194,meta_batch,0.823472
roc_auc_score,7,RandomForest,fastMNN,gse20194,meta_batch,0.798441
roc_auc_score,8,RandomForest,fastMNN,gse20194,meta_batch,0.819836
roc_auc_score,9,RandomForest,fastMNN,gse20194,meta_batch,0.798256
mutual_info_score,0,RandomForest,fastMNN,gse20194,meta_batch,0.103893
mutual_info_score,1,RandomForest,fastMNN,gse20194,meta_batch,0.114427
mutual_info_score,2,RandomForest,fastMNN,gse20194,meta_batch,0.115281
mutual_info_score,3,RandomForest,fastMNN,gse20194,meta_batch,0.179812
mutual_info_score,4,RandomForest,fastMNN,gse20194,meta_batch,0.142332
mutual_info_score,5,RandomForest,fastMNN,gse20194,meta_batch,0.131945
mutual_info_score,6,RandomForest,fastMNN,gse20194,meta_batch,0.153596
mutual_info_score,7,RandomForest,fastMNN,gse20194,meta_batch,0.120259
mutual_info_score,8,RandomForest,fastMNN,gse20194,meta_batch,0.151918
mutual_info_score,9,RandomForest,fastMNN,gse20194,meta_batch,0.164475
mutual_info_proba_classif,0,RandomForest,fastMNN,gse20194,meta_batch,0.228839
mutual_info_proba_classif,1,RandomForest,fastMNN,gse20194,meta_batch,0.262477
mutual_info_proba_classif,2,RandomForest,fastMNN,gse20194,meta_batch,0.244079
mutual_info_proba_classif,3,RandomForest,fastMNN,gse20194,meta_batch,0.272629
mutual_info_proba_classif,4,RandomForest,fastMNN,gse20194,meta_batch,0.265896
mutual_info_proba_classif,5,RandomForest,fastMNN,gse20194,meta_batch,0.225154
mutual_info_proba_classif,6,RandomForest,fastMNN,gse20194,meta_batch,0.269952
mutual_info_proba_classif,7,RandomForest,fastMNN,gse20194,meta_batch,0.200417
mutual_info_proba_classif,8,RandomForest,fastMNN,gse20194,meta_batch,0.307236
mutual_info_proba_classif,9,RandomForest,fastMNN,gse20194,meta_batch,0.194407
mutual_info_proba_sum,0,RandomForest,fastMNN,gse20194,meta_batch,0.020152
mutual_info_proba_sum,1,RandomForest,fastMNN,gse20194,meta_batch,0.017961
mutual_info_proba_sum,2,RandomForest,fastMNN,gse20194,meta_batch,0.021301
mutual_info_proba_sum,3,RandomForest,fastMNN,gse20194,meta_batch,0.024865
mutual_info_proba_sum,4,RandomForest,fastMNN,gse20194,meta_batch,0.017792
mutual_info_proba_sum,5,RandomForest,fastMNN,gse20194,meta_batch,0.022126
mutual_info_proba_sum,6,RandomForest,fastMNN,gse20194,meta_batch,0.024523
mutual_info_proba_sum,7,RandomForest,fastMNN,gse20194,meta_batch,0.01961
mutual_info_proba_sum,8,RandomForest,fastMNN,gse20194,meta_batch,0.02154
mutual_info_proba_sum,9,RandomForest,fastMNN,gse20194,meta_batch,0.02268
determinant_based_mutual_information,0,RandomForest,fastMNN,gse20194,meta_batch,0.162829
determinant_based_mutual_information,1,RandomForest,fastMNN,gse20194,meta_batch,0.153889
determinant_based_mutual_information,2,RandomForest,fastMNN,gse20194,meta_batch,0.168441
determinant_based_mutual_information,3,RandomForest,fastMNN,gse20194,meta_batch,0.181799
determinant_based_mutual_information,4,RandomForest,fastMNN,gse20194,meta_batch,0.153596
determinant_based_mutual_information,5,RandomForest,fastMNN,gse20194,meta_batch,0.171414
determinant_based_mutual_information,6,RandomForest,fastMNN,gse20194,meta_batch,0.179921
determinant_based_mutual_information,7,RandomForest,fastMNN,gse20194,meta_batch,0.160331
determinant_based_mutual_information,8,RandomForest,fastMNN,gse20194,meta_batch,0.169333
determinant_based_mutual_information,9,RandomForest,fastMNN,gse20194,meta_batch,0.16792
accuracy_score,0,RandomForest,fastMNN,gse20194,meta_batch,0.697368
accuracy_score,1,RandomForest,fastMNN,gse20194,meta_batch,0.70614
accuracy_score,2,RandomForest,fastMNN,gse20194,meta_batch,0.70614
accuracy_score,3,RandomForest,fastMNN,gse20194,meta_batch,0.745614
accuracy_score,4,RandomForest,fastMNN,gse20194,meta_batch,0.714912
accuracy_score,5,RandomForest,fastMNN,gse20194,meta_batch,0.719298
accuracy_score,6,RandomForest,fastMNN,gse20194,meta_batch,0.732456
accuracy_score,7,RandomForest,fastMNN,gse20194,meta_batch,0.70614
accuracy_score,8,RandomForest,fastMNN,gse20194,meta_batch,0.723684
accuracy_score,9,RandomForest,fastMNN,gse20194,meta_batch,0.736842
log_loss,0,RandomForest,fastMNN,gse20194,meta_batch,0.440235
log_loss,1,RandomForest,fastMNN,gse20194,meta_batch,0.428491
log_loss,2,RandomForest,fastMNN,gse20194,meta_batch,0.440622
log_loss,3,RandomForest,fastMNN,gse20194,meta_batch,0.457798
log_loss,4,RandomForest,fastMNN,gse20194,meta_batch,0.425379
log_loss,5,RandomForest,fastMNN,gse20194,meta_batch,0.449277
log_loss,6,RandomForest,fastMNN,gse20194,meta_batch,0.452248
log_loss,7,RandomForest,fastMNN,gse20194,meta_batch,0.434373
log_loss,8,RandomForest,fastMNN,gse20194,meta_batch,0.446181
log_loss,9,RandomForest,fastMNN,gse20194,meta_batch,0.44069
roc_auc_score,0,HistGradientBoosting,fastMNN,gse20194,meta_batch,0.885419
roc_auc_score,1,HistGradientBoosting,fastMNN,gse20194,meta_batch,0.876643
roc_auc_score,2,HistGradientBoosting,fastMNN,gse20194,meta_batch,0.870533
roc_auc_score,3,HistGradientBoosting,fastMNN,gse20194,meta_batch,0.877824
roc_auc_score,4,HistGradientBoosting,fastMNN,gse20194,meta_batch,0.859267
roc_auc_score,5,HistGradientBoosting,fastMNN,gse20194,meta_batch,0.891328
roc_auc_score,6,HistGradientBoosting,fastMNN,gse20194,meta_batch,0.893919
roc_auc_score,7,HistGradientBoosting,fastMNN,gse20194,meta_batch,0.868549
roc_auc_score,8,HistGradientBoosting,fastMNN,gse20194,meta_batch,0.878762
roc_auc_score,9,HistGradientBoosting,fastMNN,gse20194,meta_batch,0.887529
mutual_info_score,0,HistGradientBoosting,fastMNN,gse20194,meta_batch,0.287587
mutual_info_score,1,HistGradientBoosting,fastMNN,gse20194,meta_batch,0.281512
mutual_info_score,2,HistGradientBoosting,fastMNN,gse20194,meta_batch,0.219263
mutual_info_score,3,HistGradientBoosting,fastMNN,gse20194,meta_batch,0.200477
mutual_info_score,4,HistGradientBoosting,fastMNN,gse20194,meta_batch,0.276578
mutual_info_score,5,HistGradientBoosting,fastMNN,gse20194,meta_batch,0.260231
mutual_info_score,6,HistGradientBoosting,fastMNN,gse20194,meta_batch,0.312767
mutual_info_score,7,HistGradientBoosting,fastMNN,gse20194,meta_batch,0.270208
mutual_info_score,8,HistGradientBoosting,fastMNN,gse20194,meta_batch,0.271125
mutual_info_score,9,HistGradientBoosting,fastMNN,gse20194,meta_batch,0.305971
mutual_info_proba_classif,0,HistGradientBoosting,fastMNN,gse20194,meta_batch,0.41583
mutual_info_proba_classif,1,HistGradientBoosting,fastMNN,gse20194,meta_batch,0.322483
mutual_info_proba_classif,2,HistGradientBoosting,fastMNN,gse20194,meta_batch,0.353808
mutual_info_proba_classif,3,HistGradientBoosting,fastMNN,gse20194,meta_batch,0.434397
mutual_info_proba_classif,4,HistGradientBoosting,fastMNN,gse20194,meta_batch,0.319899
mutual_info_proba_classif,5,HistGradientBoosting,fastMNN,gse20194,meta_batch,0.336722
mutual_info_proba_classif,6,HistGradientBoosting,fastMNN,gse20194,meta_batch,0.369152
mutual_info_proba_classif,7,HistGradientBoosting,fastMNN,gse20194,meta_batch,0.367528
mutual_info_proba_classif,8,HistGradientBoosting,fastMNN,gse20194,meta_batch,0.36306
mutual_info_proba_classif,9,HistGradientBoosting,fastMNN,gse20194,meta_batch,0.386255
mutual_info_proba_sum,0,HistGradientBoosting,fastMNN,gse20194,meta_batch,0.191829
mutual_info_proba_sum,1,HistGradientBoosting,fastMNN,gse20194,meta_batch,0.163378
mutual_info_proba_sum,2,HistGradientBoosting,fastMNN,gse20194,meta_batch,0.155386
mutual_info_proba_sum,3,HistGradientBoosting,fastMNN,gse20194,meta_batch,0.169038
mutual_info_proba_sum,4,HistGradientBoosting,fastMNN,gse20194,meta_batch,0.162195
mutual_info_proba_sum,5,HistGradientBoosting,fastMNN,gse20194,meta_batch,0.187425
mutual_info_proba_sum,6,HistGradientBoosting,fastMNN,gse20194,meta_batch,0.199147
mutual_info_proba_sum,7,HistGradientBoosting,fastMNN,gse20194,meta_batch,0.17658
mutual_info_proba_sum,8,HistGradientBoosting,fastMNN,gse20194,meta_batch,0.173947
mutual_info_proba_sum,9,HistGradientBoosting,fastMNN,gse20194,meta_batch,0.174291
determinant_based_mutual_information,0,HistGradientBoosting,fastMNN,gse20194,meta_batch,0.48646
determinant_based_mutual_information,1,HistGradientBoosting,fastMNN,gse20194,meta_batch,0.459696
determinant_based_mutual_information,2,HistGradientBoosting,fastMNN,gse20194,meta_batch,0.439829
determinant_based_mutual_information,3,HistGradientBoosting,fastMNN,gse20194,meta_batch,0.459052
determinant_based_mutual_information,4,HistGradientBoosting,fastMNN,gse20194,meta_batch,0.448755
determinant_based_mutual_information,5,HistGradientBoosting,fastMNN,gse20194,meta_batch,0.481281
determinant_based_mutual_information,6,HistGradientBoosting,fastMNN,gse20194,meta_batch,0.50114
determinant_based_mutual_information,7,HistGradientBoosting,fastMNN,gse20194,meta_batch,0.46901
determinant_based_mutual_information,8,HistGradientBoosting,fastMNN,gse20194,meta_batch,0.468604
determinant_based_mutual_information,9,HistGradientBoosting,fastMNN,gse20194,meta_batch,0.466046
accuracy_score,0,HistGradientBoosting,fastMNN,gse20194,meta_batch,0.807018
accuracy_score,1,HistGradientBoosting,fastMNN,gse20194,meta_batch,0.802632
accuracy_score,2,HistGradientBoosting,fastMNN,gse20194,meta_batch,0.767544
accuracy_score,3,HistGradientBoosting,fastMNN,gse20194,meta_batch,0.763158
accuracy_score,4,HistGradientBoosting,fastMNN,gse20194,meta_batch,0.789474
accuracy_score,5,HistGradientBoosting,fastMNN,gse20194,meta_batch,0.79386
accuracy_score,6,HistGradientBoosting,fastMNN,gse20194,meta_batch,0.815789
accuracy_score,7,HistGradientBoosting,fastMNN,gse20194,meta_batch,0.789474
accuracy_score,8,HistGradientBoosting,fastMNN,gse20194,meta_batch,0.798246
accuracy_score,9,HistGradientBoosting,fastMNN,gse20194,meta_batch,0.815789
log_loss,0,HistGradientBoosting,fastMNN,gse20194,meta_batch,0.571627
log_loss,1,HistGradientBoosting,fastMNN,gse20194,meta_batch,0.553964
log_loss,2,HistGradientBoosting,fastMNN,gse20194,meta_batch,0.520226
log_loss,3,HistGradientBoosting,fastMNN,gse20194,meta_batch,0.55108
log_loss,4,HistGradientBoosting,fastMNN,gse20194,meta_batch,0.473026
log_loss,5,HistGradientBoosting,fastMNN,gse20194,meta_batch,0.544831
log_loss,6,HistGradientBoosting,fastMNN,gse20194,meta_batch,0.595058
log_loss,7,HistGradientBoosting,fastMNN,gse20194,meta_batch,0.52471
log_loss,8,HistGradientBoosting,fastMNN,gse20194,meta_batch,0.563077
log_loss,9,HistGradientBoosting,fastMNN,gse20194,meta_batch,0.568093
roc_auc_score,0,RandomForest,seurat_scaling,gse24080,meta_batch,0.993259
roc_auc_score,1,RandomForest,seurat_scaling,gse24080,meta_batch,0.9967
roc_auc_score,2,RandomForest,seurat_scaling,gse24080,meta_batch,0.995028
roc_auc_score,3,RandomForest,seurat_scaling,gse24080,meta_batch,0.996049
roc_auc_score,4,RandomForest,seurat_scaling,gse24080,meta_batch,0.997352
roc_auc_score,5,RandomForest,seurat_scaling,gse24080,meta_batch,0.994543
roc_auc_score,6,RandomForest,seurat_scaling,gse24080,meta_batch,0.996097
roc_auc_score,7,RandomForest,seurat_scaling,gse24080,meta_batch,0.994111
roc_auc_score,8,RandomForest,seurat_scaling,gse24080,meta_batch,0.995864
roc_auc_score,9,RandomForest,seurat_scaling,gse24080,meta_batch,0.99721
mutual_info_score,0,RandomForest,seurat_scaling,gse24080,meta_batch,0.69705
mutual_info_score,1,RandomForest,seurat_scaling,gse24080,meta_batch,0.675588
mutual_info_score,2,RandomForest,seurat_scaling,gse24080,meta_batch,0.659261
mutual_info_score,3,RandomForest,seurat_scaling,gse24080,meta_batch,0.673587
mutual_info_score,4,RandomForest,seurat_scaling,gse24080,meta_batch,0.665704
mutual_info_score,5,RandomForest,seurat_scaling,gse24080,meta_batch,0.646461
mutual_info_score,6,RandomForest,seurat_scaling,gse24080,meta_batch,0.684959
mutual_info_score,7,RandomForest,seurat_scaling,gse24080,meta_batch,0.61812
mutual_info_score,8,RandomForest,seurat_scaling,gse24080,meta_batch,0.673173
mutual_info_score,9,RandomForest,seurat_scaling,gse24080,meta_batch,0.703149
mutual_info_proba_classif,0,RandomForest,seurat_scaling,gse24080,meta_batch,0.844495
mutual_info_proba_classif,1,RandomForest,seurat_scaling,gse24080,meta_batch,0.86272
mutual_info_proba_classif,2,RandomForest,seurat_scaling,gse24080,meta_batch,0.839848
mutual_info_proba_classif,3,RandomForest,seurat_scaling,gse24080,meta_batch,0.86443
mutual_info_proba_classif,4,RandomForest,seurat_scaling,gse24080,meta_batch,0.885288
mutual_info_proba_classif,5,RandomForest,seurat_scaling,gse24080,meta_batch,0.85513
mutual_info_proba_classif,6,RandomForest,seurat_scaling,gse24080,meta_batch,0.861935
mutual_info_proba_classif,7,RandomForest,seurat_scaling,gse24080,meta_batch,0.833157
mutual_info_proba_classif,8,RandomForest,seurat_scaling,gse24080,meta_batch,0.850436
mutual_info_proba_classif,9,RandomForest,seurat_scaling,gse24080,meta_batch,0.865333
mutual_info_proba_sum,0,RandomForest,seurat_scaling,gse24080,meta_batch,0.089915
mutual_info_proba_sum,1,RandomForest,seurat_scaling,gse24080,meta_batch,0.095064
mutual_info_proba_sum,2,RandomForest,seurat_scaling,gse24080,meta_batch,0.087179
mutual_info_proba_sum,3,RandomForest,seurat_scaling,gse24080,meta_batch,0.085628
mutual_info_proba_sum,4,RandomForest,seurat_scaling,gse24080,meta_batch,0.089802
mutual_info_proba_sum,5,RandomForest,seurat_scaling,gse24080,meta_batch,0.090817
mutual_info_proba_sum,6,RandomForest,seurat_scaling,gse24080,meta_batch,0.091016
mutual_info_proba_sum,7,RandomForest,seurat_scaling,gse24080,meta_batch,0.0907
mutual_info_proba_sum,8,RandomForest,seurat_scaling,gse24080,meta_batch,0.097428
mutual_info_proba_sum,9,RandomForest,seurat_scaling,gse24080,meta_batch,0.098169
determinant_based_mutual_information,0,RandomForest,seurat_scaling,gse24080,meta_batch,0.336251
determinant_based_mutual_information,1,RandomForest,seurat_scaling,gse24080,meta_batch,0.345444
determinant_based_mutual_information,2,RandomForest,seurat_scaling,gse24080,meta_batch,0.330599
determinant_based_mutual_information,3,RandomForest,seurat_scaling,gse24080,meta_batch,0.327524
determinant_based_mutual_information,4,RandomForest,seurat_scaling,gse24080,meta_batch,0.334735
determinant_based_mutual_information,5,RandomForest,seurat_scaling,gse24080,meta_batch,0.337393
determinant_based_mutual_information,6,RandomForest,seurat_scaling,gse24080,meta_batch,0.338145
determinant_based_mutual_information,7,RandomForest,seurat_scaling,gse24080,meta_batch,0.336612
determinant_based_mutual_information,8,RandomForest,seurat_scaling,gse24080,meta_batch,0.349477
determinant_based_mutual_information,9,RandomForest,seurat_scaling,gse24080,meta_batch,0.351157
accuracy_score,0,RandomForest,seurat_scaling,gse24080,meta_batch,0.947513
accuracy_score,1,RandomForest,seurat_scaling,gse24080,meta_batch,0.94576
accuracy_score,2,RandomForest,seurat_scaling,gse24080,meta_batch,0.940325
accuracy_score,3,RandomForest,seurat_scaling,gse24080,meta_batch,0.943958
accuracy_score,4,RandomForest,seurat_scaling,gse24080,meta_batch,0.938553
accuracy_score,5,RandomForest,seurat_scaling,gse24080,meta_batch,0.936682
accuracy_score,6,RandomForest,seurat_scaling,gse24080,meta_batch,0.943939
accuracy_score,7,RandomForest,seurat_scaling,gse24080,meta_batch,0.931257
accuracy_score,8,RandomForest,seurat_scaling,gse24080,meta_batch,0.947542
accuracy_score,9,RandomForest,seurat_scaling,gse24080,meta_batch,0.951165
log_loss,0,RandomForest,seurat_scaling,gse24080,meta_batch,0.616098
log_loss,1,RandomForest,seurat_scaling,gse24080,meta_batch,0.624202
log_loss,2,RandomForest,seurat_scaling,gse24080,meta_batch,0.613864
log_loss,3,RandomForest,seurat_scaling,gse24080,meta_batch,0.61203
log_loss,4,RandomForest,seurat_scaling,gse24080,meta_batch,0.61758
log_loss,5,RandomForest,seurat_scaling,gse24080,meta_batch,0.617872
log_loss,6,RandomForest,seurat_scaling,gse24080,meta_batch,0.618736
log_loss,7,RandomForest,seurat_scaling,gse24080,meta_batch,0.61762
log_loss,8,RandomForest,seurat_scaling,gse24080,meta_batch,0.627154
log_loss,9,RandomForest,seurat_scaling,gse24080,meta_batch,0.62772
roc_auc_score,0,HistGradientBoosting,seurat_scaling,gse24080,meta_batch,0.999917
roc_auc_score,1,HistGradientBoosting,seurat_scaling,gse24080,meta_batch,1.0
roc_auc_score,2,HistGradientBoosting,seurat_scaling,gse24080,meta_batch,1.0
roc_auc_score,3,HistGradientBoosting,seurat_scaling,gse24080,meta_batch,1.0
roc_auc_score,4,HistGradientBoosting,seurat_scaling,gse24080,meta_batch,1.0
roc_auc_score,5,HistGradientBoosting,seurat_scaling,gse24080,meta_batch,0.999875
roc_auc_score,6,HistGradientBoosting,seurat_scaling,gse24080,meta_batch,1.0
roc_auc_score,7,HistGradientBoosting,seurat_scaling,gse24080,meta_batch,0.998421
roc_auc_score,8,HistGradientBoosting,seurat_scaling,gse24080,meta_batch,1.0
roc_auc_score,9,HistGradientBoosting,seurat_scaling,gse24080,meta_batch,0.999959
mutual_info_score,0,HistGradientBoosting,seurat_scaling,gse24080,meta_batch,0.93
mutual_info_score,1,HistGradientBoosting,seurat_scaling,gse24080,meta_batch,0.890886
mutual_info_score,2,HistGradientBoosting,seurat_scaling,gse24080,meta_batch,0.938912
mutual_info_score,3,HistGradientBoosting,seurat_scaling,gse24080,meta_batch,0.962813
mutual_info_score,4,HistGradientBoosting,seurat_scaling,gse24080,meta_batch,0.936452
mutual_info_score,5,HistGradientBoosting,seurat_scaling,gse24080,meta_batch,0.912825
mutual_info_score,6,HistGradientBoosting,seurat_scaling,gse24080,meta_batch,0.936452
mutual_info_score,7,HistGradientBoosting,seurat_scaling,gse24080,meta_batch,0.897844
mutual_info_score,8,HistGradientBoosting,seurat_scaling,gse24080,meta_batch,0.962813
mutual_info_score,9,HistGradientBoosting,seurat_scaling,gse24080,meta_batch,0.934098
mutual_info_proba_classif,0,HistGradientBoosting,seurat_scaling,gse24080,meta_batch,0.951384
mutual_info_proba_classif,1,HistGradientBoosting,seurat_scaling,gse24080,meta_batch,0.947062
mutual_info_proba_classif,2,HistGradientBoosting,seurat_scaling,gse24080,meta_batch,0.964268
mutual_info_proba_classif,3,HistGradientBoosting,seurat_scaling,gse24080,meta_batch,0.965005
mutual_info_proba_classif,4,HistGradientBoosting,seurat_scaling,gse24080,meta_batch,0.953009
mutual_info_proba_classif,5,HistGradientBoosting,seurat_scaling,gse24080,meta_batch,0.952952
mutual_info_proba_classif,6,HistGradientBoosting,seurat_scaling,gse24080,meta_batch,0.963819
mutual_info_proba_classif,7,HistGradientBoosting,seurat_scaling,gse24080,meta_batch,0.910573
mutual_info_proba_classif,8,HistGradientBoosting,seurat_scaling,gse24080,meta_batch,0.966738
mutual_info_proba_classif,9,HistGradientBoosting,seurat_scaling,gse24080,meta_batch,0.955322
mutual_info_proba_sum,0,HistGradientBoosting,seurat_scaling,gse24080,meta_batch,0.822955
mutual_info_proba_sum,1,HistGradientBoosting,seurat_scaling,gse24080,meta_batch,0.829923
mutual_info_proba_sum,2,HistGradientBoosting,seurat_scaling,gse24080,meta_batch,0.862592
mutual_info_proba_sum,3,HistGradientBoosting,seurat_scaling,gse24080,meta_batch,0.848996
mutual_info_proba_sum,4,HistGradientBoosting,seurat_scaling,gse24080,meta_batch,0.852641
mutual_info_proba_sum,5,HistGradientBoosting,seurat_scaling,gse24080,meta_batch,0.816705
mutual_info_proba_sum,6,HistGradientBoosting,seurat_scaling,gse24080,meta_batch,0.856145
mutual_info_proba_sum,7,HistGradientBoosting,seurat_scaling,gse24080,meta_batch,0.816129
mutual_info_proba_sum,8,HistGradientBoosting,seurat_scaling,gse24080,meta_batch,0.872893
mutual_info_proba_sum,9,HistGradientBoosting,seurat_scaling,gse24080,meta_batch,0.836351
determinant_based_mutual_information,0,HistGradientBoosting,seurat_scaling,gse24080,meta_batch,0.909072
determinant_based_mutual_information,1,HistGradientBoosting,seurat_scaling,gse24080,meta_batch,0.906778
determinant_based_mutual_information,2,HistGradientBoosting,seurat_scaling,gse24080,meta_batch,0.921155
determinant_based_mutual_information,3,HistGradientBoosting,seurat_scaling,gse24080,meta_batch,0.917625
determinant_based_mutual_information,4,HistGradientBoosting,seurat_scaling,gse24080,meta_batch,0.915716
determinant_based_mutual_information,5,HistGradientBoosting,seurat_scaling,gse24080,meta_batch,0.905211
determinant_based_mutual_information,6,HistGradientBoosting,seurat_scaling,gse24080,meta_batch,0.915496
determinant_based_mutual_information,7,HistGradientBoosting,seurat_scaling,gse24080,meta_batch,0.900649
determinant_based_mutual_information,8,HistGradientBoosting,seurat_scaling,gse24080,meta_batch,0.924397
determinant_based_mutual_information,9,HistGradientBoosting,seurat_scaling,gse24080,meta_batch,0.911151
accuracy_score,0,HistGradientBoosting,seurat_scaling,gse24080,meta_batch,0.994565
accuracy_score,1,HistGradientBoosting,seurat_scaling,gse24080,meta_batch,0.98913
accuracy_score,2,HistGradientBoosting,seurat_scaling,gse24080,meta_batch,0.996396
accuracy_score,3,HistGradientBoosting,seurat_scaling,gse24080,meta_batch,1.0
accuracy_score,4,HistGradientBoosting,seurat_scaling,gse24080,meta_batch,0.996377
accuracy_score,5,HistGradientBoosting,seurat_scaling,gse24080,meta_batch,0.992754
accuracy_score,6,HistGradientBoosting,seurat_scaling,gse24080,meta_batch,0.996377
accuracy_score,7,HistGradientBoosting,seurat_scaling,gse24080,meta_batch,0.990942
accuracy_score,8,HistGradientBoosting,seurat_scaling,gse24080,meta_batch,1.0
accuracy_score,9,HistGradientBoosting,seurat_scaling,gse24080,meta_batch,0.996387
log_loss,0,HistGradientBoosting,seurat_scaling,gse24080,meta_batch,0.975482
log_loss,1,HistGradientBoosting,seurat_scaling,gse24080,meta_batch,0.975851
log_loss,2,HistGradientBoosting,seurat_scaling,gse24080,meta_batch,0.982686
log_loss,3,HistGradientBoosting,seurat_scaling,gse24080,meta_batch,0.983117
log_loss,4,HistGradientBoosting,seurat_scaling,gse24080,meta_batch,0.981742
log_loss,5,HistGradientBoosting,seurat_scaling,gse24080,meta_batch,0.974584
log_loss,6,HistGradientBoosting,seurat_scaling,gse24080,meta_batch,0.98214
log_loss,7,HistGradientBoosting,seurat_scaling,gse24080,meta_batch,0.94949
log_loss,8,HistGradientBoosting,seurat_scaling,gse24080,meta_batch,0.987255
log_loss,9,HistGradientBoosting,seurat_scaling,gse24080,meta_batch,0.978178
roc_auc_score,0,RandomForest,seurat_integration,gse24080,meta_batch,0.977192
roc_auc_score,1,RandomForest,seurat_integration,gse24080,meta_batch,0.976334
roc_auc_score,2,RandomForest,seurat_integration,gse24080,meta_batch,0.974071
roc_auc_score,3,RandomForest,seurat_integration,gse24080,meta_batch,0.977706
roc_auc_score,4,RandomForest,seurat_integration,gse24080,meta_batch,0.97844
roc_auc_score,5,RandomForest,seurat_integration,gse24080,meta_batch,0.977701
roc_auc_score,6,RandomForest,seurat_integration,gse24080,meta_batch,0.976406
roc_auc_score,7,RandomForest,seurat_integration,gse24080,meta_batch,0.978966
roc_auc_score,8,RandomForest,seurat_integration,gse24080,meta_batch,0.976465
roc_auc_score,9,RandomForest,seurat_integration,gse24080,meta_batch,0.97713
mutual_info_score,0,RandomForest,seurat_integration,gse24080,meta_batch,0.554498
mutual_info_score,1,RandomForest,seurat_integration,gse24080,meta_batch,0.569126
mutual_info_score,2,RandomForest,seurat_integration,gse24080,meta_batch,0.555605
mutual_info_score,3,RandomForest,seurat_integration,gse24080,meta_batch,0.59745
mutual_info_score,4,RandomForest,seurat_integration,gse24080,meta_batch,0.586781
mutual_info_score,5,RandomForest,seurat_integration,gse24080,meta_batch,0.578118
mutual_info_score,6,RandomForest,seurat_integration,gse24080,meta_batch,0.535382
mutual_info_score,7,RandomForest,seurat_integration,gse24080,meta_batch,0.570754
mutual_info_score,8,RandomForest,seurat_integration,gse24080,meta_batch,0.555284
mutual_info_score,9,RandomForest,seurat_integration,gse24080,meta_batch,0.550343
mutual_info_proba_classif,0,RandomForest,seurat_integration,gse24080,meta_batch,0.711038
mutual_info_proba_classif,1,RandomForest,seurat_integration,gse24080,meta_batch,0.667259
mutual_info_proba_classif,2,RandomForest,seurat_integration,gse24080,meta_batch,0.732367
mutual_info_proba_classif,3,RandomForest,seurat_integration,gse24080,meta_batch,0.716518
mutual_info_proba_classif,4,RandomForest,seurat_integration,gse24080,meta_batch,0.698961
mutual_info_proba_classif,5,RandomForest,seurat_integration,gse24080,meta_batch,0.710672
mutual_info_proba_classif,6,RandomForest,seurat_integration,gse24080,meta_batch,0.698248
mutual_info_proba_classif,7,RandomForest,seurat_integration,gse24080,meta_batch,0.709003
mutual_info_proba_classif,8,RandomForest,seurat_integration,gse24080,meta_batch,0.753818
mutual_info_proba_classif,9,RandomForest,seurat_integration,gse24080,meta_batch,0.722762
mutual_info_proba_sum,0,RandomForest,seurat_integration,gse24080,meta_batch,0.191307
mutual_info_proba_sum,1,RandomForest,seurat_integration,gse24080,meta_batch,0.196527
mutual_info_proba_sum,2,RandomForest,seurat_integration,gse24080,meta_batch,0.186598
mutual_info_proba_sum,3,RandomForest,seurat_integration,gse24080,meta_batch,0.192155
mutual_info_proba_sum,4,RandomForest,seurat_integration,gse24080,meta_batch,0.197137
mutual_info_proba_sum,5,RandomForest,seurat_integration,gse24080,meta_batch,0.195115
mutual_info_proba_sum,6,RandomForest,seurat_integration,gse24080,meta_batch,0.191262
mutual_info_proba_sum,7,RandomForest,seurat_integration,gse24080,meta_batch,0.190688
mutual_info_proba_sum,8,RandomForest,seurat_integration,gse24080,meta_batch,0.192966
mutual_info_proba_sum,9,RandomForest,seurat_integration,gse24080,meta_batch,0.194861
determinant_based_mutual_information,0,RandomForest,seurat_integration,gse24080,meta_batch,0.482038
determinant_based_mutual_information,1,RandomForest,seurat_integration,gse24080,meta_batch,0.489952
determinant_based_mutual_information,2,RandomForest,seurat_integration,gse24080,meta_batch,0.475988
determinant_based_mutual_information,3,RandomForest,seurat_integration,gse24080,meta_batch,0.482249
determinant_based_mutual_information,4,RandomForest,seurat_integration,gse24080,meta_batch,0.488925
determinant_based_mutual_information,5,RandomForest,seurat_integration,gse24080,meta_batch,0.486368
determinant_based_mutual_information,6,RandomForest,seurat_integration,gse24080,meta_batch,0.482569
determinant_based_mutual_information,7,RandomForest,seurat_integration,gse24080,meta_batch,0.481616
determinant_based_mutual_information,8,RandomForest,seurat_integration,gse24080,meta_batch,0.484225
determinant_based_mutual_information,9,RandomForest,seurat_integration,gse24080,meta_batch,0.486572
accuracy_score,0,RandomForest,seurat_integration,gse24080,meta_batch,0.914963
accuracy_score,1,RandomForest,seurat_integration,gse24080,meta_batch,0.920447
accuracy_score,2,RandomForest,seurat_integration,gse24080,meta_batch,0.914943
accuracy_score,3,RandomForest,seurat_integration,gse24080,meta_batch,0.927615
accuracy_score,4,RandomForest,seurat_integration,gse24080,meta_batch,0.924021
accuracy_score,5,RandomForest,seurat_integration,gse24080,meta_batch,0.92407
accuracy_score,6,RandomForest,seurat_integration,gse24080,meta_batch,0.907785
accuracy_score,7,RandomForest,seurat_integration,gse24080,meta_batch,0.920417
accuracy_score,8,RandomForest,seurat_integration,gse24080,meta_batch,0.915012
accuracy_score,9,RandomForest,seurat_integration,gse24080,meta_batch,0.911389
log_loss,0,RandomForest,seurat_integration,gse24080,meta_batch,0.705448
log_loss,1,RandomForest,seurat_integration,gse24080,meta_batch,0.709583
log_loss,2,RandomForest,seurat_integration,gse24080,meta_batch,0.699597
log_loss,3,RandomForest,seurat_integration,gse24080,meta_batch,0.707178
log_loss,4,RandomForest,seurat_integration,gse24080,meta_batch,0.710345
log_loss,5,RandomForest,seurat_integration,gse24080,meta_batch,0.709568
log_loss,6,RandomForest,seurat_integration,gse24080,meta_batch,0.703719
log_loss,7,RandomForest,seurat_integration,gse24080,meta_batch,0.706112
log_loss,8,RandomForest,seurat_integration,gse24080,meta_batch,0.707223
log_loss,9,RandomForest,seurat_integration,gse24080,meta_batch,0.706826
roc_auc_score,0,HistGradientBoosting,seurat_integration,gse24080,meta_batch,0.999585
roc_auc_score,1,HistGradientBoosting,seurat_integration,gse24080,meta_batch,0.999836
roc_auc_score,2,HistGradientBoosting,seurat_integration,gse24080,meta_batch,0.999875
roc_auc_score,3,HistGradientBoosting,seurat_integration,gse24080,meta_batch,0.999709
roc_auc_score,4,HistGradientBoosting,seurat_integration,gse24080,meta_batch,0.999631
roc_auc_score,5,HistGradientBoosting,seurat_integration,gse24080,meta_batch,0.999753
roc_auc_score,6,HistGradientBoosting,seurat_integration,gse24080,meta_batch,0.99971
roc_auc_score,7,HistGradientBoosting,seurat_integration,gse24080,meta_batch,0.999713
roc_auc_score,8,HistGradientBoosting,seurat_integration,gse24080,meta_batch,0.999792
roc_auc_score,9,HistGradientBoosting,seurat_integration,gse24080,meta_batch,0.999917
mutual_info_score,0,HistGradientBoosting,seurat_integration,gse24080,meta_batch,0.902458
mutual_info_score,1,HistGradientBoosting,seurat_integration,gse24080,meta_batch,0.932933
mutual_info_score,2,HistGradientBoosting,seurat_integration,gse24080,meta_batch,0.932852
mutual_info_score,3,HistGradientBoosting,seurat_integration,gse24080,meta_batch,0.900056
mutual_info_score,4,HistGradientBoosting,seurat_integration,gse24080,meta_batch,0.887532
mutual_info_score,5,HistGradientBoosting,seurat_integration,gse24080,meta_batch,0.878554
mutual_info_score,6,HistGradientBoosting,seurat_integration,gse24080,meta_batch,0.867864
mutual_info_score,7,HistGradientBoosting,seurat_integration,gse24080,meta_batch,0.91916
mutual_info_score,8,HistGradientBoosting,seurat_integration,gse24080,meta_batch,0.906572
mutual_info_score,9,HistGradientBoosting,seurat_integration,gse24080,meta_batch,0.926417
mutual_info_proba_classif,0,HistGradientBoosting,seurat_integration,gse24080,meta_batch,0.929339
mutual_info_proba_classif,1,HistGradientBoosting,seurat_integration,gse24080,meta_batch,0.952667
mutual_info_proba_classif,2,HistGradientBoosting,seurat_integration,gse24080,meta_batch,0.939569
mutual_info_proba_classif,3,HistGradientBoosting,seurat_integration,gse24080,meta_batch,0.922544
mutual_info_proba_classif,4,HistGradientBoosting,seurat_integration,gse24080,meta_batch,0.939752
mutual_info_proba_classif,5,HistGradientBoosting,seurat_integration,gse24080,meta_batch,0.921732
mutual_info_proba_classif,6,HistGradientBoosting,seurat_integration,gse24080,meta_batch,0.916433
mutual_info_proba_classif,7,HistGradientBoosting,seurat_integration,gse24080,meta_batch,0.940924
mutual_info_proba_classif,8,HistGradientBoosting,seurat_integration,gse24080,meta_batch,0.946276
mutual_info_proba_classif,9,HistGradientBoosting,seurat_integration,gse24080,meta_batch,0.942816
mutual_info_proba_sum,0,HistGradientBoosting,seurat_integration,gse24080,meta_batch,0.759637
mutual_info_proba_sum,1,HistGradientBoosting,seurat_integration,gse24080,meta_batch,0.782299
mutual_info_proba_sum,2,HistGradientBoosting,seurat_integration,gse24080,meta_batch,0.751862
mutual_info_proba_sum,3,HistGradientBoosting,seurat_integration,gse24080,meta_batch,0.789217
mutual_info_proba_sum,4,HistGradientBoosting,seurat_integration,gse24080,meta_batch,0.790177
mutual_info_proba_sum,5,HistGradientBoosting,seurat_integration,gse24080,meta_batch,0.77611
mutual_info_proba_sum,6,HistGradientBoosting,seurat_integration,gse24080,meta_batch,0.756879
mutual_info_proba_sum,7,HistGradientBoosting,seurat_integration,gse24080,meta_batch,0.780304
mutual_info_proba_sum,8,HistGradientBoosting,seurat_integration,gse24080,meta_batch,0.778228
mutual_info_proba_sum,9,HistGradientBoosting,seurat_integration,gse24080,meta_batch,0.787115
determinant_based_mutual_information,0,HistGradientBoosting,seurat_integration,gse24080,meta_batch,0.880786
determinant_based_mutual_information,1,HistGradientBoosting,seurat_integration,gse24080,meta_batch,0.892019
determinant_based_mutual_information,2,HistGradientBoosting,seurat_integration,gse24080,meta_batch,0.877974
determinant_based_mutual_information,3,HistGradientBoosting,seurat_integration,gse24080,meta_batch,0.893557
determinant_based_mutual_information,4,HistGradientBoosting,seurat_integration,gse24080,meta_batch,0.893338
determinant_based_mutual_information,5,HistGradientBoosting,seurat_integration,gse24080,meta_batch,0.887934
determinant_based_mutual_information,6,HistGradientBoosting,seurat_integration,gse24080,meta_batch,0.880237
determinant_based_mutual_information,7,HistGradientBoosting,seurat_integration,gse24080,meta_batch,0.891277
determinant_based_mutual_information,8,HistGradientBoosting,seurat_integration,gse24080,meta_batch,0.889404
determinant_based_mutual_information,9,HistGradientBoosting,seurat_integration,gse24080,meta_batch,0.891383
accuracy_score,0,HistGradientBoosting,seurat_integration,gse24080,meta_batch,0.990942
accuracy_score,1,HistGradientBoosting,seurat_integration,gse24080,meta_batch,0.996387
accuracy_score,2,HistGradientBoosting,seurat_integration,gse24080,meta_batch,0.996377
accuracy_score,3,HistGradientBoosting,seurat_integration,gse24080,meta_batch,0.990942
accuracy_score,4,HistGradientBoosting,seurat_integration,gse24080,meta_batch,0.98917
accuracy_score,5,HistGradientBoosting,seurat_integration,gse24080,meta_batch,0.987358
accuracy_score,6,HistGradientBoosting,seurat_integration,gse24080,meta_batch,0.987338
accuracy_score,7,HistGradientBoosting,seurat_integration,gse24080,meta_batch,0.994575
accuracy_score,8,HistGradientBoosting,seurat_integration,gse24080,meta_batch,0.992763
accuracy_score,9,HistGradientBoosting,seurat_integration,gse24080,meta_batch,0.994565
log_loss,0,HistGradientBoosting,seurat_integration,gse24080,meta_batch,0.958876
log_loss,1,HistGradientBoosting,seurat_integration,gse24080,meta_batch,0.968393
log_loss,2,HistGradientBoosting,seurat_integration,gse24080,meta_batch,0.960829
log_loss,3,HistGradientBoosting,seurat_integration,gse24080,meta_batch,0.966658
log_loss,4,HistGradientBoosting,seurat_integration,gse24080,meta_batch,0.965848
log_loss,5,HistGradientBoosting,seurat_integration,gse24080,meta_batch,0.959117
log_loss,6,HistGradientBoosting,seurat_integration,gse24080,meta_batch,0.960347
log_loss,7,HistGradientBoosting,seurat_integration,gse24080,meta_batch,0.965482
log_loss,8,HistGradientBoosting,seurat_integration,gse24080,meta_batch,0.96501
log_loss,9,HistGradientBoosting,seurat_integration,gse24080,meta_batch,0.966389
roc_auc_score,0,RandomForest,fastMNN,gse24080,meta_batch,0.876659
roc_auc_score,1,RandomForest,fastMNN,gse24080,meta_batch,0.868809
roc_auc_score,2,RandomForest,fastMNN,gse24080,meta_batch,0.877699
roc_auc_score,3,RandomForest,fastMNN,gse24080,meta_batch,0.874973
roc_auc_score,4,RandomForest,fastMNN,gse24080,meta_batch,0.879857
roc_auc_score,5,RandomForest,fastMNN,gse24080,meta_batch,0.871916
roc_auc_score,6,RandomForest,fastMNN,gse24080,meta_batch,0.876973
roc_auc_score,7,RandomForest,fastMNN,gse24080,meta_batch,0.865827
roc_auc_score,8,RandomForest,fastMNN,gse24080,meta_batch,0.872119
roc_auc_score,9,RandomForest,fastMNN,gse24080,meta_batch,0.86915
mutual_info_score,0,RandomForest,fastMNN,gse24080,meta_batch,0.229725
mutual_info_score,1,RandomForest,fastMNN,gse24080,meta_batch,0.218975
mutual_info_score,2,RandomForest,fastMNN,gse24080,meta_batch,0.243623
mutual_info_score,3,RandomForest,fastMNN,gse24080,meta_batch,0.236601
mutual_info_score,4,RandomForest,fastMNN,gse24080,meta_batch,0.228513
mutual_info_score,5,RandomForest,fastMNN,gse24080,meta_batch,0.224585
mutual_info_score,6,RandomForest,fastMNN,gse24080,meta_batch,0.226979
mutual_info_score,7,RandomForest,fastMNN,gse24080,meta_batch,0.211567
mutual_info_score,8,RandomForest,fastMNN,gse24080,meta_batch,0.225396
mutual_info_score,9,RandomForest,fastMNN,gse24080,meta_batch,0.229185
mutual_info_proba_classif,0,RandomForest,fastMNN,gse24080,meta_batch,0.393415
mutual_info_proba_classif,1,RandomForest,fastMNN,gse24080,meta_batch,0.388904
mutual_info_proba_classif,2,RandomForest,fastMNN,gse24080,meta_batch,0.389125
mutual_info_proba_classif,3,RandomForest,fastMNN,gse24080,meta_batch,0.380463
mutual_info_proba_classif,4,RandomForest,fastMNN,gse24080,meta_batch,0.375538
mutual_info_proba_classif,5,RandomForest,fastMNN,gse24080,meta_batch,0.368034
mutual_info_proba_classif,6,RandomForest,fastMNN,gse24080,meta_batch,0.37828
mutual_info_proba_classif,7,RandomForest,fastMNN,gse24080,meta_batch,0.338173
mutual_info_proba_classif,8,RandomForest,fastMNN,gse24080,meta_batch,0.349207
mutual_info_proba_classif,9,RandomForest,fastMNN,gse24080,meta_batch,0.388105
mutual_info_proba_sum,0,RandomForest,fastMNN,gse24080,meta_batch,0.086444
mutual_info_proba_sum,1,RandomForest,fastMNN,gse24080,meta_batch,0.083614
mutual_info_proba_sum,2,RandomForest,fastMNN,gse24080,meta_batch,0.088928
mutual_info_proba_sum,3,RandomForest,fastMNN,gse24080,meta_batch,0.085927
mutual_info_proba_sum,4,RandomForest,fastMNN,gse24080,meta_batch,0.086173
mutual_info_proba_sum,5,RandomForest,fastMNN,gse24080,meta_batch,0.085899
mutual_info_proba_sum,6,RandomForest,fastMNN,gse24080,meta_batch,0.088244
mutual_info_proba_sum,7,RandomForest,fastMNN,gse24080,meta_batch,0.084578
mutual_info_proba_sum,8,RandomForest,fastMNN,gse24080,meta_batch,0.082384
mutual_info_proba_sum,9,RandomForest,fastMNN,gse24080,meta_batch,0.083826
determinant_based_mutual_information,0,RandomForest,fastMNN,gse24080,meta_batch,0.327551
determinant_based_mutual_information,1,RandomForest,fastMNN,gse24080,meta_batch,0.323262
determinant_based_mutual_information,2,RandomForest,fastMNN,gse24080,meta_batch,0.331974
determinant_based_mutual_information,3,RandomForest,fastMNN,gse24080,meta_batch,0.327439
determinant_based_mutual_information,4,RandomForest,fastMNN,gse24080,meta_batch,0.327045
determinant_based_mutual_information,5,RandomForest,fastMNN,gse24080,meta_batch,0.328104
determinant_based_mutual_information,6,RandomForest,fastMNN,gse24080,meta_batch,0.332089
determinant_based_mutual_information,7,RandomForest,fastMNN,gse24080,meta_batch,0.325502
determinant_based_mutual_information,8,RandomForest,fastMNN,gse24080,meta_batch,0.319486
determinant_based_mutual_information,9,RandomForest,fastMNN,gse24080,meta_batch,0.323093
accuracy_score,0,RandomForest,fastMNN,gse24080,meta_batch,0.783049
accuracy_score,1,RandomForest,fastMNN,gse24080,meta_batch,0.781228
accuracy_score,2,RandomForest,fastMNN,gse24080,meta_batch,0.793948
accuracy_score,3,RandomForest,fastMNN,gse24080,meta_batch,0.790188
accuracy_score,4,RandomForest,fastMNN,gse24080,meta_batch,0.782922
accuracy_score,5,RandomForest,fastMNN,gse24080,meta_batch,0.784773
accuracy_score,6,RandomForest,fastMNN,gse24080,meta_batch,0.783089
accuracy_score,7,RandomForest,fastMNN,gse24080,meta_batch,0.775705
accuracy_score,8,RandomForest,fastMNN,gse24080,meta_batch,0.777507
accuracy_score,9,RandomForest,fastMNN,gse24080,meta_batch,0.784783
log_loss,0,RandomForest,fastMNN,gse24080,meta_batch,0.560591
log_loss,1,RandomForest,fastMNN,gse24080,meta_batch,0.559874
log_loss,2,RandomForest,fastMNN,gse24080,meta_batch,0.568269
log_loss,3,RandomForest,fastMNN,gse24080,meta_batch,0.564112
log_loss,4,RandomForest,fastMNN,gse24080,meta_batch,0.565159
log_loss,5,RandomForest,fastMNN,gse24080,meta_batch,0.562511
log_loss,6,RandomForest,fastMNN,gse24080,meta_batch,0.565136
log_loss,7,RandomForest,fastMNN,gse24080,meta_batch,0.557138
log_loss,8,RandomForest,fastMNN,gse24080,meta_batch,0.555704
log_loss,9,RandomForest,fastMNN,gse24080,meta_batch,0.557633
roc_auc_score,0,HistGradientBoosting,fastMNN,gse24080,meta_batch,0.913324
roc_auc_score,1,HistGradientBoosting,fastMNN,gse24080,meta_batch,0.900271
roc_auc_score,2,HistGradientBoosting,fastMNN,gse24080,meta_batch,0.896734
roc_auc_score,3,HistGradientBoosting,fastMNN,gse24080,meta_batch,0.902902
roc_auc_score,4,HistGradientBoosting,fastMNN,gse24080,meta_batch,0.911391
roc_auc_score,5,HistGradientBoosting,fastMNN,gse24080,meta_batch,0.903598
roc_auc_score,6,HistGradientBoosting,fastMNN,gse24080,meta_batch,0.903193
roc_auc_score,7,HistGradientBoosting,fastMNN,gse24080,meta_batch,0.899137
roc_auc_score,8,HistGradientBoosting,fastMNN,gse24080,meta_batch,0.902389
roc_auc_score,9,HistGradientBoosting,fastMNN,gse24080,meta_batch,0.901953
mutual_info_score,0,HistGradientBoosting,fastMNN,gse24080,meta_batch,0.311429
mutual_info_score,1,HistGradientBoosting,fastMNN,gse24080,meta_batch,0.269625
mutual_info_score,2,HistGradientBoosting,fastMNN,gse24080,meta_batch,0.281348
mutual_info_score,3,HistGradientBoosting,fastMNN,gse24080,meta_batch,0.293635
mutual_info_score,4,HistGradientBoosting,fastMNN,gse24080,meta_batch,0.308534
mutual_info_score,5,HistGradientBoosting,fastMNN,gse24080,meta_batch,0.267844
mutual_info_score,6,HistGradientBoosting,fastMNN,gse24080,meta_batch,0.279127
mutual_info_score,7,HistGradientBoosting,fastMNN,gse24080,meta_batch,0.288974
mutual_info_score,8,HistGradientBoosting,fastMNN,gse24080,meta_batch,0.275411
mutual_info_score,9,HistGradientBoosting,fastMNN,gse24080,meta_batch,0.282027
mutual_info_proba_classif,0,HistGradientBoosting,fastMNN,gse24080,meta_batch,0.474946
mutual_info_proba_classif,1,HistGradientBoosting,fastMNN,gse24080,meta_batch,0.419206
mutual_info_proba_classif,2,HistGradientBoosting,fastMNN,gse24080,meta_batch,0.412738
mutual_info_proba_classif,3,HistGradientBoosting,fastMNN,gse24080,meta_batch,0.439102
mutual_info_proba_classif,4,HistGradientBoosting,fastMNN,gse24080,meta_batch,0.421177
mutual_info_proba_classif,5,HistGradientBoosting,fastMNN,gse24080,meta_batch,0.426294
mutual_info_proba_classif,6,HistGradientBoosting,fastMNN,gse24080,meta_batch,0.421529
mutual_info_proba_classif,7,HistGradientBoosting,fastMNN,gse24080,meta_batch,0.400409
mutual_info_proba_classif,8,HistGradientBoosting,fastMNN,gse24080,meta_batch,0.427074
mutual_info_proba_classif,9,HistGradientBoosting,fastMNN,gse24080,meta_batch,0.424175
mutual_info_proba_sum,0,HistGradientBoosting,fastMNN,gse24080,meta_batch,0.224003
mutual_info_proba_sum,1,HistGradientBoosting,fastMNN,gse24080,meta_batch,0.203974
mutual_info_proba_sum,2,HistGradientBoosting,fastMNN,gse24080,meta_batch,0.204133
mutual_info_proba_sum,3,HistGradientBoosting,fastMNN,gse24080,meta_batch,0.209597
mutual_info_proba_sum,4,HistGradientBoosting,fastMNN,gse24080,meta_batch,0.223771
mutual_info_proba_sum,5,HistGradientBoosting,fastMNN,gse24080,meta_batch,0.213608
mutual_info_proba_sum,6,HistGradientBoosting,fastMNN,gse24080,meta_batch,0.211443
mutual_info_proba_sum,7,HistGradientBoosting,fastMNN,gse24080,meta_batch,0.204685
mutual_info_proba_sum,8,HistGradientBoosting,fastMNN,gse24080,meta_batch,0.210073
mutual_info_proba_sum,9,HistGradientBoosting,fastMNN,gse24080,meta_batch,0.207922
determinant_based_mutual_information,0,HistGradientBoosting,fastMNN,gse24080,meta_batch,0.517051
determinant_based_mutual_information,1,HistGradientBoosting,fastMNN,gse24080,meta_batch,0.498304
determinant_based_mutual_information,2,HistGradientBoosting,fastMNN,gse24080,meta_batch,0.495601
determinant_based_mutual_information,3,HistGradientBoosting,fastMNN,gse24080,meta_batch,0.50317
determinant_based_mutual_information,4,HistGradientBoosting,fastMNN,gse24080,meta_batch,0.517635
determinant_based_mutual_information,5,HistGradientBoosting,fastMNN,gse24080,meta_batch,0.5086
determinant_based_mutual_information,6,HistGradientBoosting,fastMNN,gse24080,meta_batch,0.505715
determinant_based_mutual_information,7,HistGradientBoosting,fastMNN,gse24080,meta_batch,0.498951
determinant_based_mutual_information,8,HistGradientBoosting,fastMNN,gse24080,meta_batch,0.500412
determinant_based_mutual_information,9,HistGradientBoosting,fastMNN,gse24080,meta_batch,0.499511
accuracy_score,0,HistGradientBoosting,fastMNN,gse24080,meta_batch,0.822758
accuracy_score,1,HistGradientBoosting,fastMNN,gse24080,meta_batch,0.806561
accuracy_score,2,HistGradientBoosting,fastMNN,gse24080,meta_batch,0.812015
accuracy_score,3,HistGradientBoosting,fastMNN,gse24080,meta_batch,0.817313
accuracy_score,4,HistGradientBoosting,fastMNN,gse24080,meta_batch,0.819105
accuracy_score,5,HistGradientBoosting,fastMNN,gse24080,meta_batch,0.806512
accuracy_score,6,HistGradientBoosting,fastMNN,gse24080,meta_batch,0.810204
accuracy_score,7,HistGradientBoosting,fastMNN,gse24080,meta_batch,0.817342
accuracy_score,8,HistGradientBoosting,fastMNN,gse24080,meta_batch,0.806434
accuracy_score,9,HistGradientBoosting,fastMNN,gse24080,meta_batch,0.810067
log_loss,0,HistGradientBoosting,fastMNN,gse24080,meta_batch,0.614349
log_loss,1,HistGradientBoosting,fastMNN,gse24080,meta_batch,0.606514
log_loss,2,HistGradientBoosting,fastMNN,gse24080,meta_batch,0.583003
log_loss,3,HistGradientBoosting,fastMNN,gse24080,meta_batch,0.60737
log_loss,4,HistGradientBoosting,fastMNN,gse24080,meta_batch,0.610547
log_loss,5,HistGradientBoosting,fastMNN,gse24080,meta_batch,0.604685
log_loss,6,HistGradientBoosting,fastMNN,gse24080,meta_batch,0.602611
log_loss,7,HistGradientBoosting,fastMNN,gse24080,meta_batch,0.591672
log_loss,8,HistGradientBoosting,fastMNN,gse24080,meta_batch,0.60205
log_loss,9,HistGradientBoosting,fastMNN,gse24080,meta_batch,0.595021
