metric,iteration,classifier,adjuster,dataset,p_column,c_column,c_value,value
roc_auc_score,0,RandomForest,unadjusted,gse19697_gse20194,meta_source,None,None,1.0
roc_auc_score,1,RandomForest,unadjusted,gse19697_gse20194,meta_source,None,None,1.0
roc_auc_score,2,RandomForest,unadjusted,gse19697_gse20194,meta_source,None,None,1.0
roc_auc_score,3,RandomForest,unadjusted,gse19697_gse20194,meta_source,None,None,1.0
roc_auc_score,4,RandomForest,unadjusted,gse19697_gse20194,meta_source,None,None,1.0
roc_auc_score,5,RandomForest,unadjusted,gse19697_gse20194,meta_source,None,None,1.0
roc_auc_score,6,RandomForest,unadjusted,gse19697_gse20194,meta_source,None,None,1.0
roc_auc_score,7,RandomForest,unadjusted,gse19697_gse20194,meta_source,None,None,1.0
roc_auc_score,8,RandomForest,unadjusted,gse19697_gse20194,meta_source,None,None,1.0
roc_auc_score,9,RandomForest,unadjusted,gse19697_gse20194,meta_source,None,None,1.0
mutual_info_score,0,RandomForest,unadjusted,gse19697_gse20194,meta_source,None,None,0.427306
mutual_info_score,1,RandomForest,unadjusted,gse19697_gse20194,meta_source,None,None,0.427306
mutual_info_score,2,RandomForest,unadjusted,gse19697_gse20194,meta_source,None,None,0.427306
mutual_info_score,3,RandomForest,unadjusted,gse19697_gse20194,meta_source,None,None,0.427306
mutual_info_score,4,RandomForest,unadjusted,gse19697_gse20194,meta_source,None,None,0.427306
mutual_info_score,5,RandomForest,unadjusted,gse19697_gse20194,meta_source,None,None,0.427306
mutual_info_score,6,RandomForest,unadjusted,gse19697_gse20194,meta_source,None,None,0.427306
mutual_info_score,7,RandomForest,unadjusted,gse19697_gse20194,meta_source,None,None,0.427306
mutual_info_score,8,RandomForest,unadjusted,gse19697_gse20194,meta_source,None,None,0.427306
mutual_info_score,9,RandomForest,unadjusted,gse19697_gse20194,meta_source,None,None,0.427306
accuracy_score,0,RandomForest,unadjusted,gse19697_gse20194,meta_source,None,None,1.0
accuracy_score,1,RandomForest,unadjusted,gse19697_gse20194,meta_source,None,None,1.0
accuracy_score,2,RandomForest,unadjusted,gse19697_gse20194,meta_source,None,None,1.0
accuracy_score,3,RandomForest,unadjusted,gse19697_gse20194,meta_source,None,None,1.0
accuracy_score,4,RandomForest,unadjusted,gse19697_gse20194,meta_source,None,None,1.0
accuracy_score,5,RandomForest,unadjusted,gse19697_gse20194,meta_source,None,None,1.0
accuracy_score,6,RandomForest,unadjusted,gse19697_gse20194,meta_source,None,None,1.0
accuracy_score,7,RandomForest,unadjusted,gse19697_gse20194,meta_source,None,None,1.0
accuracy_score,8,RandomForest,unadjusted,gse19697_gse20194,meta_source,None,None,1.0
accuracy_score,9,RandomForest,unadjusted,gse19697_gse20194,meta_source,None,None,1.0
roc_auc_score,0,HistGradientBoosting,unadjusted,gse19697_gse20194,meta_source,None,None,1.0
roc_auc_score,1,HistGradientBoosting,unadjusted,gse19697_gse20194,meta_source,None,None,1.0
roc_auc_score,2,HistGradientBoosting,unadjusted,gse19697_gse20194,meta_source,None,None,1.0
roc_auc_score,3,HistGradientBoosting,unadjusted,gse19697_gse20194,meta_source,None,None,1.0
roc_auc_score,4,HistGradientBoosting,unadjusted,gse19697_gse20194,meta_source,None,None,1.0
roc_auc_score,5,HistGradientBoosting,unadjusted,gse19697_gse20194,meta_source,None,None,1.0
roc_auc_score,6,HistGradientBoosting,unadjusted,gse19697_gse20194,meta_source,None,None,1.0
roc_auc_score,7,HistGradientBoosting,unadjusted,gse19697_gse20194,meta_source,None,None,1.0
roc_auc_score,8,HistGradientBoosting,unadjusted,gse19697_gse20194,meta_source,None,None,1.0
roc_auc_score,9,HistGradientBoosting,unadjusted,gse19697_gse20194,meta_source,None,None,1.0
mutual_info_score,0,HistGradientBoosting,unadjusted,gse19697_gse20194,meta_source,None,None,0.427306
mutual_info_score,1,HistGradientBoosting,unadjusted,gse19697_gse20194,meta_source,None,None,0.427306
mutual_info_score,2,HistGradientBoosting,unadjusted,gse19697_gse20194,meta_source,None,None,0.427306
mutual_info_score,3,HistGradientBoosting,unadjusted,gse19697_gse20194,meta_source,None,None,0.427306
mutual_info_score,4,HistGradientBoosting,unadjusted,gse19697_gse20194,meta_source,None,None,0.427306
mutual_info_score,5,HistGradientBoosting,unadjusted,gse19697_gse20194,meta_source,None,None,0.427306
mutual_info_score,6,HistGradientBoosting,unadjusted,gse19697_gse20194,meta_source,None,None,0.427306
mutual_info_score,7,HistGradientBoosting,unadjusted,gse19697_gse20194,meta_source,None,None,0.427306
mutual_info_score,8,HistGradientBoosting,unadjusted,gse19697_gse20194,meta_source,None,None,0.427306
mutual_info_score,9,HistGradientBoosting,unadjusted,gse19697_gse20194,meta_source,None,None,0.427306
accuracy_score,0,HistGradientBoosting,unadjusted,gse19697_gse20194,meta_source,None,None,1.0
accuracy_score,1,HistGradientBoosting,unadjusted,gse19697_gse20194,meta_source,None,None,1.0
accuracy_score,2,HistGradientBoosting,unadjusted,gse19697_gse20194,meta_source,None,None,1.0
accuracy_score,3,HistGradientBoosting,unadjusted,gse19697_gse20194,meta_source,None,None,1.0
accuracy_score,4,HistGradientBoosting,unadjusted,gse19697_gse20194,meta_source,None,None,1.0
accuracy_score,5,HistGradientBoosting,unadjusted,gse19697_gse20194,meta_source,None,None,1.0
accuracy_score,6,HistGradientBoosting,unadjusted,gse19697_gse20194,meta_source,None,None,1.0
accuracy_score,7,HistGradientBoosting,unadjusted,gse19697_gse20194,meta_source,None,None,1.0
accuracy_score,8,HistGradientBoosting,unadjusted,gse19697_gse20194,meta_source,None,None,1.0
accuracy_score,9,HistGradientBoosting,unadjusted,gse19697_gse20194,meta_source,None,None,1.0
roc_auc_score,0,RandomForest,npn_global,gse19697_gse20271,meta_source,None,None,0.0
roc_auc_score,1,RandomForest,npn_global,gse19697_gse20271,meta_source,None,None,0.0
roc_auc_score,2,RandomForest,npn_global,gse19697_gse20271,meta_source,None,None,0.000801
roc_auc_score,3,RandomForest,npn_global,gse19697_gse20271,meta_source,None,None,0.0
roc_auc_score,4,RandomForest,npn_global,gse19697_gse20271,meta_source,None,None,0.0
roc_auc_score,5,RandomForest,npn_global,gse19697_gse20271,meta_source,None,None,0.0
roc_auc_score,6,RandomForest,npn_global,gse19697_gse20271,meta_source,None,None,0.0
roc_auc_score,7,RandomForest,npn_global,gse19697_gse20271,meta_source,None,None,0.0
roc_auc_score,8,RandomForest,npn_global,gse19697_gse20271,meta_source,None,None,0.000801
roc_auc_score,9,RandomForest,npn_global,gse19697_gse20271,meta_source,None,None,0.002003
mutual_info_score,0,RandomForest,npn_global,gse19697_gse20271,meta_source,None,None,0.002336
mutual_info_score,1,RandomForest,npn_global,gse19697_gse20271,meta_source,None,None,0.002315
mutual_info_score,2,RandomForest,npn_global,gse19697_gse20271,meta_source,None,None,0.001157
mutual_info_score,3,RandomForest,npn_global,gse19697_gse20271,meta_source,None,None,0.002315
mutual_info_score,4,RandomForest,npn_global,gse19697_gse20271,meta_source,None,None,0.003493
mutual_info_score,5,RandomForest,npn_global,gse19697_gse20271,meta_source,None,None,0.002315
mutual_info_score,6,RandomForest,npn_global,gse19697_gse20271,meta_source,None,None,0.002315
mutual_info_score,7,RandomForest,npn_global,gse19697_gse20271,meta_source,None,None,0.001157
mutual_info_score,8,RandomForest,npn_global,gse19697_gse20271,meta_source,None,None,0.002336
mutual_info_score,9,RandomForest,npn_global,gse19697_gse20271,meta_source,None,None,0.002315
accuracy_score,0,RandomForest,npn_global,gse19697_gse20271,meta_source,None,None,0.855556
accuracy_score,1,RandomForest,npn_global,gse19697_gse20271,meta_source,None,None,0.855556
accuracy_score,2,RandomForest,npn_global,gse19697_gse20271,meta_source,None,None,0.861111
accuracy_score,3,RandomForest,npn_global,gse19697_gse20271,meta_source,None,None,0.855556
accuracy_score,4,RandomForest,npn_global,gse19697_gse20271,meta_source,None,None,0.85
accuracy_score,5,RandomForest,npn_global,gse19697_gse20271,meta_source,None,None,0.855556
accuracy_score,6,RandomForest,npn_global,gse19697_gse20271,meta_source,None,None,0.855556
accuracy_score,7,RandomForest,npn_global,gse19697_gse20271,meta_source,None,None,0.861111
accuracy_score,8,RandomForest,npn_global,gse19697_gse20271,meta_source,None,None,0.855556
accuracy_score,9,RandomForest,npn_global,gse19697_gse20271,meta_source,None,None,0.855556
roc_auc_score,0,HistGradientBoosting,npn_global,gse19697_gse20271,meta_source,None,None,0.003205
roc_auc_score,1,HistGradientBoosting,npn_global,gse19697_gse20271,meta_source,None,None,0.012019
roc_auc_score,2,HistGradientBoosting,npn_global,gse19697_gse20271,meta_source,None,None,0.002404
roc_auc_score,3,HistGradientBoosting,npn_global,gse19697_gse20271,meta_source,None,None,0.004808
roc_auc_score,4,HistGradientBoosting,npn_global,gse19697_gse20271,meta_source,None,None,0.000801
roc_auc_score,5,HistGradientBoosting,npn_global,gse19697_gse20271,meta_source,None,None,0.001603
roc_auc_score,6,HistGradientBoosting,npn_global,gse19697_gse20271,meta_source,None,None,0.001603
roc_auc_score,7,HistGradientBoosting,npn_global,gse19697_gse20271,meta_source,None,None,0.001603
roc_auc_score,8,HistGradientBoosting,npn_global,gse19697_gse20271,meta_source,None,None,0.004006
roc_auc_score,9,HistGradientBoosting,npn_global,gse19697_gse20271,meta_source,None,None,0.000801
mutual_info_score,0,HistGradientBoosting,npn_global,gse19697_gse20271,meta_source,None,None,0.001157
mutual_info_score,1,HistGradientBoosting,npn_global,gse19697_gse20271,meta_source,None,None,0.002315
mutual_info_score,2,HistGradientBoosting,npn_global,gse19697_gse20271,meta_source,None,None,0.002336
mutual_info_score,3,HistGradientBoosting,npn_global,gse19697_gse20271,meta_source,None,None,0.004694
mutual_info_score,4,HistGradientBoosting,npn_global,gse19697_gse20271,meta_source,None,None,0.008231
mutual_info_score,5,HistGradientBoosting,npn_global,gse19697_gse20271,meta_source,None,None,0.002315
mutual_info_score,6,HistGradientBoosting,npn_global,gse19697_gse20271,meta_source,None,None,0.003493
mutual_info_score,7,HistGradientBoosting,npn_global,gse19697_gse20271,meta_source,None,None,0.004694
mutual_info_score,8,HistGradientBoosting,npn_global,gse19697_gse20271,meta_source,None,None,0.004651
mutual_info_score,9,HistGradientBoosting,npn_global,gse19697_gse20271,meta_source,None,None,0.001157
accuracy_score,0,HistGradientBoosting,npn_global,gse19697_gse20271,meta_source,None,None,0.861111
accuracy_score,1,HistGradientBoosting,npn_global,gse19697_gse20271,meta_source,None,None,0.855556
accuracy_score,2,HistGradientBoosting,npn_global,gse19697_gse20271,meta_source,None,None,0.855556
accuracy_score,3,HistGradientBoosting,npn_global,gse19697_gse20271,meta_source,None,None,0.844444
accuracy_score,4,HistGradientBoosting,npn_global,gse19697_gse20271,meta_source,None,None,0.827778
accuracy_score,5,HistGradientBoosting,npn_global,gse19697_gse20271,meta_source,None,None,0.855556
accuracy_score,6,HistGradientBoosting,npn_global,gse19697_gse20271,meta_source,None,None,0.85
accuracy_score,7,HistGradientBoosting,npn_global,gse19697_gse20271,meta_source,None,None,0.844444
accuracy_score,8,HistGradientBoosting,npn_global,gse19697_gse20271,meta_source,None,None,0.844444
accuracy_score,9,HistGradientBoosting,npn_global,gse19697_gse20271,meta_source,None,None,0.861111
roc_auc_score,0,RandomForest,unadjusted,gse19697_gse20271,meta_source,None,None,1.0
roc_auc_score,1,RandomForest,unadjusted,gse19697_gse20271,meta_source,None,None,1.0
roc_auc_score,2,RandomForest,unadjusted,gse19697_gse20271,meta_source,None,None,1.0
roc_auc_score,3,RandomForest,unadjusted,gse19697_gse20271,meta_source,None,None,1.0
roc_auc_score,4,RandomForest,unadjusted,gse19697_gse20271,meta_source,None,None,1.0
roc_auc_score,5,RandomForest,unadjusted,gse19697_gse20271,meta_source,None,None,1.0
roc_auc_score,6,RandomForest,unadjusted,gse19697_gse20271,meta_source,None,None,1.0
roc_auc_score,7,RandomForest,unadjusted,gse19697_gse20271,meta_source,None,None,1.0
roc_auc_score,8,RandomForest,unadjusted,gse19697_gse20271,meta_source,None,None,1.0
roc_auc_score,9,RandomForest,unadjusted,gse19697_gse20271,meta_source,None,None,1.0
mutual_info_score,0,RandomForest,unadjusted,gse19697_gse20271,meta_source,None,None,0.56651
mutual_info_score,1,RandomForest,unadjusted,gse19697_gse20271,meta_source,None,None,0.56651
mutual_info_score,2,RandomForest,unadjusted,gse19697_gse20271,meta_source,None,None,0.56651
mutual_info_score,3,RandomForest,unadjusted,gse19697_gse20271,meta_source,None,None,0.56651
mutual_info_score,4,RandomForest,unadjusted,gse19697_gse20271,meta_source,None,None,0.56651
mutual_info_score,5,RandomForest,unadjusted,gse19697_gse20271,meta_source,None,None,0.56651
mutual_info_score,6,RandomForest,unadjusted,gse19697_gse20271,meta_source,None,None,0.56651
mutual_info_score,7,RandomForest,unadjusted,gse19697_gse20271,meta_source,None,None,0.56651
mutual_info_score,8,RandomForest,unadjusted,gse19697_gse20271,meta_source,None,None,0.56651
mutual_info_score,9,RandomForest,unadjusted,gse19697_gse20271,meta_source,None,None,0.56651
accuracy_score,0,RandomForest,unadjusted,gse19697_gse20271,meta_source,None,None,1.0
accuracy_score,1,RandomForest,unadjusted,gse19697_gse20271,meta_source,None,None,1.0
accuracy_score,2,RandomForest,unadjusted,gse19697_gse20271,meta_source,None,None,1.0
accuracy_score,3,RandomForest,unadjusted,gse19697_gse20271,meta_source,None,None,1.0
accuracy_score,4,RandomForest,unadjusted,gse19697_gse20271,meta_source,None,None,1.0
accuracy_score,5,RandomForest,unadjusted,gse19697_gse20271,meta_source,None,None,1.0
accuracy_score,6,RandomForest,unadjusted,gse19697_gse20271,meta_source,None,None,1.0
accuracy_score,7,RandomForest,unadjusted,gse19697_gse20271,meta_source,None,None,1.0
accuracy_score,8,RandomForest,unadjusted,gse19697_gse20271,meta_source,None,None,1.0
accuracy_score,9,RandomForest,unadjusted,gse19697_gse20271,meta_source,None,None,1.0
roc_auc_score,0,HistGradientBoosting,unadjusted,gse19697_gse20271,meta_source,None,None,1.0
roc_auc_score,1,HistGradientBoosting,unadjusted,gse19697_gse20271,meta_source,None,None,1.0
roc_auc_score,2,HistGradientBoosting,unadjusted,gse19697_gse20271,meta_source,None,None,1.0
roc_auc_score,3,HistGradientBoosting,unadjusted,gse19697_gse20271,meta_source,None,None,1.0
roc_auc_score,4,HistGradientBoosting,unadjusted,gse19697_gse20271,meta_source,None,None,1.0
roc_auc_score,5,HistGradientBoosting,unadjusted,gse19697_gse20271,meta_source,None,None,1.0
roc_auc_score,6,HistGradientBoosting,unadjusted,gse19697_gse20271,meta_source,None,None,1.0
roc_auc_score,7,HistGradientBoosting,unadjusted,gse19697_gse20271,meta_source,None,None,1.0
roc_auc_score,8,HistGradientBoosting,unadjusted,gse19697_gse20271,meta_source,None,None,1.0
roc_auc_score,9,HistGradientBoosting,unadjusted,gse19697_gse20271,meta_source,None,None,1.0
mutual_info_score,0,HistGradientBoosting,unadjusted,gse19697_gse20271,meta_source,None,None,0.56651
mutual_info_score,1,HistGradientBoosting,unadjusted,gse19697_gse20271,meta_source,None,None,0.56651
mutual_info_score,2,HistGradientBoosting,unadjusted,gse19697_gse20271,meta_source,None,None,0.56651
mutual_info_score,3,HistGradientBoosting,unadjusted,gse19697_gse20271,meta_source,None,None,0.56651
mutual_info_score,4,HistGradientBoosting,unadjusted,gse19697_gse20271,meta_source,None,None,0.56651
mutual_info_score,5,HistGradientBoosting,unadjusted,gse19697_gse20271,meta_source,None,None,0.56651
mutual_info_score,6,HistGradientBoosting,unadjusted,gse19697_gse20271,meta_source,None,None,0.56651
mutual_info_score,7,HistGradientBoosting,unadjusted,gse19697_gse20271,meta_source,None,None,0.56651
mutual_info_score,8,HistGradientBoosting,unadjusted,gse19697_gse20271,meta_source,None,None,0.56651
mutual_info_score,9,HistGradientBoosting,unadjusted,gse19697_gse20271,meta_source,None,None,0.56651
accuracy_score,0,HistGradientBoosting,unadjusted,gse19697_gse20271,meta_source,None,None,1.0
accuracy_score,1,HistGradientBoosting,unadjusted,gse19697_gse20271,meta_source,None,None,1.0
accuracy_score,2,HistGradientBoosting,unadjusted,gse19697_gse20271,meta_source,None,None,1.0
accuracy_score,3,HistGradientBoosting,unadjusted,gse19697_gse20271,meta_source,None,None,1.0
accuracy_score,4,HistGradientBoosting,unadjusted,gse19697_gse20271,meta_source,None,None,1.0
accuracy_score,5,HistGradientBoosting,unadjusted,gse19697_gse20271,meta_source,None,None,1.0
accuracy_score,6,HistGradientBoosting,unadjusted,gse19697_gse20271,meta_source,None,None,1.0
accuracy_score,7,HistGradientBoosting,unadjusted,gse19697_gse20271,meta_source,None,None,1.0
accuracy_score,8,HistGradientBoosting,unadjusted,gse19697_gse20271,meta_source,None,None,1.0
accuracy_score,9,HistGradientBoosting,unadjusted,gse19697_gse20271,meta_source,None,None,1.0
roc_auc_score,0,RandomForest,npn_global,gse19697_gse2990,meta_source,None,None,0.0
roc_auc_score,1,RandomForest,npn_global,gse19697_gse2990,meta_source,None,None,0.0
roc_auc_score,2,RandomForest,npn_global,gse19697_gse2990,meta_source,None,None,0.0
roc_auc_score,3,RandomForest,npn_global,gse19697_gse2990,meta_source,None,None,0.001042
roc_auc_score,4,RandomForest,npn_global,gse19697_gse2990,meta_source,None,None,0.0
roc_auc_score,5,RandomForest,npn_global,gse19697_gse2990,meta_source,None,None,0.0
roc_auc_score,6,RandomForest,npn_global,gse19697_gse2990,meta_source,None,None,0.0
roc_auc_score,7,RandomForest,npn_global,gse19697_gse2990,meta_source,None,None,0.0
roc_auc_score,8,RandomForest,npn_global,gse19697_gse2990,meta_source,None,None,0.0
roc_auc_score,9,RandomForest,npn_global,gse19697_gse2990,meta_source,None,None,0.0
mutual_info_score,0,RandomForest,npn_global,gse19697_gse2990,meta_source,None,None,0.001848
mutual_info_score,1,RandomForest,npn_global,gse19697_gse2990,meta_source,None,None,0.00378
mutual_info_score,2,RandomForest,npn_global,gse19697_gse2990,meta_source,None,None,0.0
mutual_info_score,3,RandomForest,npn_global,gse19697_gse2990,meta_source,None,None,0.003696
mutual_info_score,4,RandomForest,npn_global,gse19697_gse2990,meta_source,None,None,0.001848
mutual_info_score,5,RandomForest,npn_global,gse19697_gse2990,meta_source,None,None,0.0
mutual_info_score,6,RandomForest,npn_global,gse19697_gse2990,meta_source,None,None,0.007525
mutual_info_score,7,RandomForest,npn_global,gse19697_gse2990,meta_source,None,None,0.001848
mutual_info_score,8,RandomForest,npn_global,gse19697_gse2990,meta_source,None,None,0.003739
mutual_info_score,9,RandomForest,npn_global,gse19697_gse2990,meta_source,None,None,0.005671
accuracy_score,0,RandomForest,npn_global,gse19697_gse2990,meta_source,None,None,0.825207
accuracy_score,1,RandomForest,npn_global,gse19697_gse2990,meta_source,None,None,0.818115
accuracy_score,2,RandomForest,npn_global,gse19697_gse2990,meta_source,None,None,0.832151
accuracy_score,3,RandomForest,npn_global,gse19697_gse2990,meta_source,None,None,0.818262
accuracy_score,4,RandomForest,npn_global,gse19697_gse2990,meta_source,None,None,0.825207
accuracy_score,5,RandomForest,npn_global,gse19697_gse2990,meta_source,None,None,0.832151
accuracy_score,6,RandomForest,npn_global,gse19697_gse2990,meta_source,None,None,0.804374
accuracy_score,7,RandomForest,npn_global,gse19697_gse2990,meta_source,None,None,0.825207
accuracy_score,8,RandomForest,npn_global,gse19697_gse2990,meta_source,None,None,0.818262
accuracy_score,9,RandomForest,npn_global,gse19697_gse2990,meta_source,None,None,0.81117
roc_auc_score,0,HistGradientBoosting,npn_global,gse19697_gse2990,meta_source,None,None,0.66063
roc_auc_score,1,HistGradientBoosting,npn_global,gse19697_gse2990,meta_source,None,None,0.683681
roc_auc_score,2,HistGradientBoosting,npn_global,gse19697_gse2990,meta_source,None,None,0.89367
roc_auc_score,3,HistGradientBoosting,npn_global,gse19697_gse2990,meta_source,None,None,0.82711
roc_auc_score,4,HistGradientBoosting,npn_global,gse19697_gse2990,meta_source,None,None,0.907292
roc_auc_score,5,HistGradientBoosting,npn_global,gse19697_gse2990,meta_source,None,None,0.752083
roc_auc_score,6,HistGradientBoosting,npn_global,gse19697_gse2990,meta_source,None,None,0.897917
roc_auc_score,7,HistGradientBoosting,npn_global,gse19697_gse2990,meta_source,None,None,0.7336
roc_auc_score,8,HistGradientBoosting,npn_global,gse19697_gse2990,meta_source,None,None,0.873932
roc_auc_score,9,HistGradientBoosting,npn_global,gse19697_gse2990,meta_source,None,None,0.877751
mutual_info_score,0,HistGradientBoosting,npn_global,gse19697_gse2990,meta_source,None,None,0.005677
mutual_info_score,1,HistGradientBoosting,npn_global,gse19697_gse2990,meta_source,None,None,0.03222
mutual_info_score,2,HistGradientBoosting,npn_global,gse19697_gse2990,meta_source,None,None,0.018676
mutual_info_score,3,HistGradientBoosting,npn_global,gse19697_gse2990,meta_source,None,None,0.0185
mutual_info_score,4,HistGradientBoosting,npn_global,gse19697_gse2990,meta_source,None,None,0.0
mutual_info_score,5,HistGradientBoosting,npn_global,gse19697_gse2990,meta_source,None,None,0.0185
mutual_info_score,6,HistGradientBoosting,npn_global,gse19697_gse2990,meta_source,None,None,0.0
mutual_info_score,7,HistGradientBoosting,npn_global,gse19697_gse2990,meta_source,None,None,0.0
mutual_info_score,8,HistGradientBoosting,npn_global,gse19697_gse2990,meta_source,None,None,0.0
mutual_info_score,9,HistGradientBoosting,npn_global,gse19697_gse2990,meta_source,None,None,0.0185
accuracy_score,0,HistGradientBoosting,npn_global,gse19697_gse2990,meta_source,None,None,0.811318
accuracy_score,1,HistGradientBoosting,npn_global,gse19697_gse2990,meta_source,None,None,0.790337
accuracy_score,2,HistGradientBoosting,npn_global,gse19697_gse2990,meta_source,None,None,0.839243
accuracy_score,3,HistGradientBoosting,npn_global,gse19697_gse2990,meta_source,None,None,0.839096
accuracy_score,4,HistGradientBoosting,npn_global,gse19697_gse2990,meta_source,None,None,0.832151
accuracy_score,5,HistGradientBoosting,npn_global,gse19697_gse2990,meta_source,None,None,0.839096
accuracy_score,6,HistGradientBoosting,npn_global,gse19697_gse2990,meta_source,None,None,0.832151
accuracy_score,7,HistGradientBoosting,npn_global,gse19697_gse2990,meta_source,None,None,0.832151
accuracy_score,8,HistGradientBoosting,npn_global,gse19697_gse2990,meta_source,None,None,0.832151
accuracy_score,9,HistGradientBoosting,npn_global,gse19697_gse2990,meta_source,None,None,0.839096
roc_auc_score,0,RandomForest,unadjusted,gse19697_gse2990,meta_source,None,None,1.0
roc_auc_score,1,RandomForest,unadjusted,gse19697_gse2990,meta_source,None,None,1.0
roc_auc_score,2,RandomForest,unadjusted,gse19697_gse2990,meta_source,None,None,1.0
roc_auc_score,3,RandomForest,unadjusted,gse19697_gse2990,meta_source,None,None,1.0
roc_auc_score,4,RandomForest,unadjusted,gse19697_gse2990,meta_source,None,None,1.0
roc_auc_score,5,RandomForest,unadjusted,gse19697_gse2990,meta_source,None,None,1.0
roc_auc_score,6,RandomForest,unadjusted,gse19697_gse2990,meta_source,None,None,1.0
roc_auc_score,7,RandomForest,unadjusted,gse19697_gse2990,meta_source,None,None,1.0
roc_auc_score,8,RandomForest,unadjusted,gse19697_gse2990,meta_source,None,None,1.0
roc_auc_score,9,RandomForest,unadjusted,gse19697_gse2990,meta_source,None,None,1.0
mutual_info_score,0,RandomForest,unadjusted,gse19697_gse2990,meta_source,None,None,0.652745
mutual_info_score,1,RandomForest,unadjusted,gse19697_gse2990,meta_source,None,None,0.652745
mutual_info_score,2,RandomForest,unadjusted,gse19697_gse2990,meta_source,None,None,0.652745
mutual_info_score,3,RandomForest,unadjusted,gse19697_gse2990,meta_source,None,None,0.652745
mutual_info_score,4,RandomForest,unadjusted,gse19697_gse2990,meta_source,None,None,0.652745
mutual_info_score,5,RandomForest,unadjusted,gse19697_gse2990,meta_source,None,None,0.652745
mutual_info_score,6,RandomForest,unadjusted,gse19697_gse2990,meta_source,None,None,0.652745
mutual_info_score,7,RandomForest,unadjusted,gse19697_gse2990,meta_source,None,None,0.652745
mutual_info_score,8,RandomForest,unadjusted,gse19697_gse2990,meta_source,None,None,0.652745
mutual_info_score,9,RandomForest,unadjusted,gse19697_gse2990,meta_source,None,None,0.652745
accuracy_score,0,RandomForest,unadjusted,gse19697_gse2990,meta_source,None,None,1.0
accuracy_score,1,RandomForest,unadjusted,gse19697_gse2990,meta_source,None,None,1.0
accuracy_score,2,RandomForest,unadjusted,gse19697_gse2990,meta_source,None,None,1.0
accuracy_score,3,RandomForest,unadjusted,gse19697_gse2990,meta_source,None,None,1.0
accuracy_score,4,RandomForest,unadjusted,gse19697_gse2990,meta_source,None,None,1.0
accuracy_score,5,RandomForest,unadjusted,gse19697_gse2990,meta_source,None,None,1.0
accuracy_score,6,RandomForest,unadjusted,gse19697_gse2990,meta_source,None,None,1.0
accuracy_score,7,RandomForest,unadjusted,gse19697_gse2990,meta_source,None,None,1.0
accuracy_score,8,RandomForest,unadjusted,gse19697_gse2990,meta_source,None,None,1.0
accuracy_score,9,RandomForest,unadjusted,gse19697_gse2990,meta_source,None,None,1.0
roc_auc_score,0,HistGradientBoosting,unadjusted,gse19697_gse2990,meta_source,None,None,1.0
roc_auc_score,1,HistGradientBoosting,unadjusted,gse19697_gse2990,meta_source,None,None,1.0
roc_auc_score,2,HistGradientBoosting,unadjusted,gse19697_gse2990,meta_source,None,None,1.0
roc_auc_score,3,HistGradientBoosting,unadjusted,gse19697_gse2990,meta_source,None,None,1.0
roc_auc_score,4,HistGradientBoosting,unadjusted,gse19697_gse2990,meta_source,None,None,1.0
roc_auc_score,5,HistGradientBoosting,unadjusted,gse19697_gse2990,meta_source,None,None,1.0
roc_auc_score,6,HistGradientBoosting,unadjusted,gse19697_gse2990,meta_source,None,None,1.0
roc_auc_score,7,HistGradientBoosting,unadjusted,gse19697_gse2990,meta_source,None,None,1.0
roc_auc_score,8,HistGradientBoosting,unadjusted,gse19697_gse2990,meta_source,None,None,1.0
roc_auc_score,9,HistGradientBoosting,unadjusted,gse19697_gse2990,meta_source,None,None,1.0
mutual_info_score,0,HistGradientBoosting,unadjusted,gse19697_gse2990,meta_source,None,None,0.652745
mutual_info_score,1,HistGradientBoosting,unadjusted,gse19697_gse2990,meta_source,None,None,0.652745
mutual_info_score,2,HistGradientBoosting,unadjusted,gse19697_gse2990,meta_source,None,None,0.652745
mutual_info_score,3,HistGradientBoosting,unadjusted,gse19697_gse2990,meta_source,None,None,0.652745
mutual_info_score,4,HistGradientBoosting,unadjusted,gse19697_gse2990,meta_source,None,None,0.652745
mutual_info_score,5,HistGradientBoosting,unadjusted,gse19697_gse2990,meta_source,None,None,0.652745
mutual_info_score,6,HistGradientBoosting,unadjusted,gse19697_gse2990,meta_source,None,None,0.652745
mutual_info_score,7,HistGradientBoosting,unadjusted,gse19697_gse2990,meta_source,None,None,0.652745
mutual_info_score,8,HistGradientBoosting,unadjusted,gse19697_gse2990,meta_source,None,None,0.652745
mutual_info_score,9,HistGradientBoosting,unadjusted,gse19697_gse2990,meta_source,None,None,0.652745
accuracy_score,0,HistGradientBoosting,unadjusted,gse19697_gse2990,meta_source,None,None,1.0
accuracy_score,1,HistGradientBoosting,unadjusted,gse19697_gse2990,meta_source,None,None,1.0
accuracy_score,2,HistGradientBoosting,unadjusted,gse19697_gse2990,meta_source,None,None,1.0
accuracy_score,3,HistGradientBoosting,unadjusted,gse19697_gse2990,meta_source,None,None,1.0
accuracy_score,4,HistGradientBoosting,unadjusted,gse19697_gse2990,meta_source,None,None,1.0
accuracy_score,5,HistGradientBoosting,unadjusted,gse19697_gse2990,meta_source,None,None,1.0
accuracy_score,6,HistGradientBoosting,unadjusted,gse19697_gse2990,meta_source,None,None,1.0
accuracy_score,7,HistGradientBoosting,unadjusted,gse19697_gse2990,meta_source,None,None,1.0
accuracy_score,8,HistGradientBoosting,unadjusted,gse19697_gse2990,meta_source,None,None,1.0
accuracy_score,9,HistGradientBoosting,unadjusted,gse19697_gse2990,meta_source,None,None,1.0
roc_auc_score,0,RandomForest,npn_global,gse19697_gse43365,meta_source,None,None,0.0
roc_auc_score,1,RandomForest,npn_global,gse19697_gse43365,meta_source,None,None,0.000563
roc_auc_score,2,RandomForest,npn_global,gse19697_gse43365,meta_source,None,None,0.0
roc_auc_score,3,RandomForest,npn_global,gse19697_gse43365,meta_source,None,None,0.001126
roc_auc_score,4,RandomForest,npn_global,gse19697_gse43365,meta_source,None,None,0.000563
roc_auc_score,5,RandomForest,npn_global,gse19697_gse43365,meta_source,None,None,0.0
roc_auc_score,6,RandomForest,npn_global,gse19697_gse43365,meta_source,None,None,0.0
roc_auc_score,7,RandomForest,npn_global,gse19697_gse43365,meta_source,None,None,0.0
roc_auc_score,8,RandomForest,npn_global,gse19697_gse43365,meta_source,None,None,0.0
roc_auc_score,9,RandomForest,npn_global,gse19697_gse43365,meta_source,None,None,0.0
mutual_info_score,0,RandomForest,npn_global,gse19697_gse43365,meta_source,None,None,0.006408
mutual_info_score,1,RandomForest,npn_global,gse19697_gse43365,meta_source,None,None,0.015098
mutual_info_score,2,RandomForest,npn_global,gse19697_gse43365,meta_source,None,None,0.008637
mutual_info_score,3,RandomForest,npn_global,gse19697_gse43365,meta_source,None,None,0.006408
mutual_info_score,4,RandomForest,npn_global,gse19697_gse43365,meta_source,None,None,0.012927
mutual_info_score,5,RandomForest,npn_global,gse19697_gse43365,meta_source,None,None,0.019967
mutual_info_score,6,RandomForest,npn_global,gse19697_gse43365,meta_source,None,None,0.017678
mutual_info_score,7,RandomForest,npn_global,gse19697_gse43365,meta_source,None,None,0.010925
mutual_info_score,8,RandomForest,npn_global,gse19697_gse43365,meta_source,None,None,0.011159
mutual_info_score,9,RandomForest,npn_global,gse19697_gse43365,meta_source,None,None,0.004236
accuracy_score,0,RandomForest,npn_global,gse19697_gse43365,meta_source,None,None,0.8
accuracy_score,1,RandomForest,npn_global,gse19697_gse43365,meta_source,None,None,0.77037
accuracy_score,2,RandomForest,npn_global,gse19697_gse43365,meta_source,None,None,0.792593
accuracy_score,3,RandomForest,npn_global,gse19697_gse43365,meta_source,None,None,0.8
accuracy_score,4,RandomForest,npn_global,gse19697_gse43365,meta_source,None,None,0.777778
accuracy_score,5,RandomForest,npn_global,gse19697_gse43365,meta_source,None,None,0.755556
accuracy_score,6,RandomForest,npn_global,gse19697_gse43365,meta_source,None,None,0.762963
accuracy_score,7,RandomForest,npn_global,gse19697_gse43365,meta_source,None,None,0.785185
accuracy_score,8,RandomForest,npn_global,gse19697_gse43365,meta_source,None,None,0.785185
accuracy_score,9,RandomForest,npn_global,gse19697_gse43365,meta_source,None,None,0.807407
roc_auc_score,0,HistGradientBoosting,npn_global,gse19697_gse43365,meta_source,None,None,0.670045
roc_auc_score,1,HistGradientBoosting,npn_global,gse19697_gse43365,meta_source,None,None,0.605856
roc_auc_score,2,HistGradientBoosting,npn_global,gse19697_gse43365,meta_source,None,None,0.703829
roc_auc_score,3,HistGradientBoosting,npn_global,gse19697_gse43365,meta_source,None,None,0.635698
roc_auc_score,4,HistGradientBoosting,npn_global,gse19697_gse43365,meta_source,None,None,0.710586
roc_auc_score,5,HistGradientBoosting,npn_global,gse19697_gse43365,meta_source,None,None,0.661036
roc_auc_score,6,HistGradientBoosting,npn_global,gse19697_gse43365,meta_source,None,None,0.726351
roc_auc_score,7,HistGradientBoosting,npn_global,gse19697_gse43365,meta_source,None,None,0.673986
roc_auc_score,8,HistGradientBoosting,npn_global,gse19697_gse43365,meta_source,None,None,0.698198
roc_auc_score,9,HistGradientBoosting,npn_global,gse19697_gse43365,meta_source,None,None,0.779842
mutual_info_score,0,HistGradientBoosting,npn_global,gse19697_gse43365,meta_source,None,None,0.008637
mutual_info_score,1,HistGradientBoosting,npn_global,gse19697_gse43365,meta_source,None,None,0.012927
mutual_info_score,2,HistGradientBoosting,npn_global,gse19697_gse43365,meta_source,None,None,0.019616
mutual_info_score,3,HistGradientBoosting,npn_global,gse19697_gse43365,meta_source,None,None,0.015098
mutual_info_score,4,HistGradientBoosting,npn_global,gse19697_gse43365,meta_source,None,None,0.008637
mutual_info_score,5,HistGradientBoosting,npn_global,gse19697_gse43365,meta_source,None,None,0.022385
mutual_info_score,6,HistGradientBoosting,npn_global,gse19697_gse43365,meta_source,None,None,0.010925
mutual_info_score,7,HistGradientBoosting,npn_global,gse19697_gse43365,meta_source,None,None,0.013277
mutual_info_score,8,HistGradientBoosting,npn_global,gse19697_gse43365,meta_source,None,None,0.010809
mutual_info_score,9,HistGradientBoosting,npn_global,gse19697_gse43365,meta_source,None,None,0.010809
accuracy_score,0,HistGradientBoosting,npn_global,gse19697_gse43365,meta_source,None,None,0.792593
accuracy_score,1,HistGradientBoosting,npn_global,gse19697_gse43365,meta_source,None,None,0.777778
accuracy_score,2,HistGradientBoosting,npn_global,gse19697_gse43365,meta_source,None,None,0.755556
accuracy_score,3,HistGradientBoosting,npn_global,gse19697_gse43365,meta_source,None,None,0.77037
accuracy_score,4,HistGradientBoosting,npn_global,gse19697_gse43365,meta_source,None,None,0.792593
accuracy_score,5,HistGradientBoosting,npn_global,gse19697_gse43365,meta_source,None,None,0.748148
accuracy_score,6,HistGradientBoosting,npn_global,gse19697_gse43365,meta_source,None,None,0.785185
accuracy_score,7,HistGradientBoosting,npn_global,gse19697_gse43365,meta_source,None,None,0.777778
accuracy_score,8,HistGradientBoosting,npn_global,gse19697_gse43365,meta_source,None,None,0.785185
accuracy_score,9,HistGradientBoosting,npn_global,gse19697_gse43365,meta_source,None,None,0.785185
roc_auc_score,0,RandomForest,unadjusted,gse19697_gse43365,meta_source,None,None,1.0
roc_auc_score,1,RandomForest,unadjusted,gse19697_gse43365,meta_source,None,None,1.0
roc_auc_score,2,RandomForest,unadjusted,gse19697_gse43365,meta_source,None,None,1.0
roc_auc_score,3,RandomForest,unadjusted,gse19697_gse43365,meta_source,None,None,1.0
roc_auc_score,4,RandomForest,unadjusted,gse19697_gse43365,meta_source,None,None,1.0
roc_auc_score,5,RandomForest,unadjusted,gse19697_gse43365,meta_source,None,None,1.0
roc_auc_score,6,RandomForest,unadjusted,gse19697_gse43365,meta_source,None,None,1.0
roc_auc_score,7,RandomForest,unadjusted,gse19697_gse43365,meta_source,None,None,1.0
roc_auc_score,8,RandomForest,unadjusted,gse19697_gse43365,meta_source,None,None,1.0
roc_auc_score,9,RandomForest,unadjusted,gse19697_gse43365,meta_source,None,None,1.0
mutual_info_score,0,RandomForest,unadjusted,gse19697_gse43365,meta_source,None,None,0.675191
mutual_info_score,1,RandomForest,unadjusted,gse19697_gse43365,meta_source,None,None,0.675191
mutual_info_score,2,RandomForest,unadjusted,gse19697_gse43365,meta_source,None,None,0.675191
mutual_info_score,3,RandomForest,unadjusted,gse19697_gse43365,meta_source,None,None,0.675191
mutual_info_score,4,RandomForest,unadjusted,gse19697_gse43365,meta_source,None,None,0.675191
mutual_info_score,5,RandomForest,unadjusted,gse19697_gse43365,meta_source,None,None,0.675191
mutual_info_score,6,RandomForest,unadjusted,gse19697_gse43365,meta_source,None,None,0.675191
mutual_info_score,7,RandomForest,unadjusted,gse19697_gse43365,meta_source,None,None,0.675191
mutual_info_score,8,RandomForest,unadjusted,gse19697_gse43365,meta_source,None,None,0.675191
mutual_info_score,9,RandomForest,unadjusted,gse19697_gse43365,meta_source,None,None,0.675191
accuracy_score,0,RandomForest,unadjusted,gse19697_gse43365,meta_source,None,None,1.0
accuracy_score,1,RandomForest,unadjusted,gse19697_gse43365,meta_source,None,None,1.0
accuracy_score,2,RandomForest,unadjusted,gse19697_gse43365,meta_source,None,None,1.0
accuracy_score,3,RandomForest,unadjusted,gse19697_gse43365,meta_source,None,None,1.0
accuracy_score,4,RandomForest,unadjusted,gse19697_gse43365,meta_source,None,None,1.0
accuracy_score,5,RandomForest,unadjusted,gse19697_gse43365,meta_source,None,None,1.0
accuracy_score,6,RandomForest,unadjusted,gse19697_gse43365,meta_source,None,None,1.0
accuracy_score,7,RandomForest,unadjusted,gse19697_gse43365,meta_source,None,None,1.0
accuracy_score,8,RandomForest,unadjusted,gse19697_gse43365,meta_source,None,None,1.0
accuracy_score,9,RandomForest,unadjusted,gse19697_gse43365,meta_source,None,None,1.0
roc_auc_score,0,HistGradientBoosting,unadjusted,gse19697_gse43365,meta_source,None,None,1.0
roc_auc_score,1,HistGradientBoosting,unadjusted,gse19697_gse43365,meta_source,None,None,1.0
roc_auc_score,2,HistGradientBoosting,unadjusted,gse19697_gse43365,meta_source,None,None,1.0
roc_auc_score,3,HistGradientBoosting,unadjusted,gse19697_gse43365,meta_source,None,None,1.0
roc_auc_score,4,HistGradientBoosting,unadjusted,gse19697_gse43365,meta_source,None,None,1.0
roc_auc_score,5,HistGradientBoosting,unadjusted,gse19697_gse43365,meta_source,None,None,1.0
roc_auc_score,6,HistGradientBoosting,unadjusted,gse19697_gse43365,meta_source,None,None,1.0
roc_auc_score,7,HistGradientBoosting,unadjusted,gse19697_gse43365,meta_source,None,None,1.0
roc_auc_score,8,HistGradientBoosting,unadjusted,gse19697_gse43365,meta_source,None,None,1.0
roc_auc_score,9,HistGradientBoosting,unadjusted,gse19697_gse43365,meta_source,None,None,1.0
mutual_info_score,0,HistGradientBoosting,unadjusted,gse19697_gse43365,meta_source,None,None,0.675191
mutual_info_score,1,HistGradientBoosting,unadjusted,gse19697_gse43365,meta_source,None,None,0.675191
mutual_info_score,2,HistGradientBoosting,unadjusted,gse19697_gse43365,meta_source,None,None,0.675191
mutual_info_score,3,HistGradientBoosting,unadjusted,gse19697_gse43365,meta_source,None,None,0.675191
mutual_info_score,4,HistGradientBoosting,unadjusted,gse19697_gse43365,meta_source,None,None,0.675191
mutual_info_score,5,HistGradientBoosting,unadjusted,gse19697_gse43365,meta_source,None,None,0.675191
mutual_info_score,6,HistGradientBoosting,unadjusted,gse19697_gse43365,meta_source,None,None,0.675191
mutual_info_score,7,HistGradientBoosting,unadjusted,gse19697_gse43365,meta_source,None,None,0.675191
mutual_info_score,8,HistGradientBoosting,unadjusted,gse19697_gse43365,meta_source,None,None,0.675191
mutual_info_score,9,HistGradientBoosting,unadjusted,gse19697_gse43365,meta_source,None,None,0.675191
accuracy_score,0,HistGradientBoosting,unadjusted,gse19697_gse43365,meta_source,None,None,1.0
accuracy_score,1,HistGradientBoosting,unadjusted,gse19697_gse43365,meta_source,None,None,1.0
accuracy_score,2,HistGradientBoosting,unadjusted,gse19697_gse43365,meta_source,None,None,1.0
accuracy_score,3,HistGradientBoosting,unadjusted,gse19697_gse43365,meta_source,None,None,1.0
accuracy_score,4,HistGradientBoosting,unadjusted,gse19697_gse43365,meta_source,None,None,1.0
accuracy_score,5,HistGradientBoosting,unadjusted,gse19697_gse43365,meta_source,None,None,1.0
accuracy_score,6,HistGradientBoosting,unadjusted,gse19697_gse43365,meta_source,None,None,1.0
accuracy_score,7,HistGradientBoosting,unadjusted,gse19697_gse43365,meta_source,None,None,1.0
accuracy_score,8,HistGradientBoosting,unadjusted,gse19697_gse43365,meta_source,None,None,1.0
accuracy_score,9,HistGradientBoosting,unadjusted,gse19697_gse43365,meta_source,None,None,1.0
roc_auc_score,0,RandomForest,npn_global,gse19697_gse45255,meta_source,None,None,0.000947
roc_auc_score,1,RandomForest,npn_global,gse19697_gse45255,meta_source,None,None,0.000473
roc_auc_score,2,RandomForest,npn_global,gse19697_gse45255,meta_source,None,None,0.0
roc_auc_score,3,RandomForest,npn_global,gse19697_gse45255,meta_source,None,None,0.0
roc_auc_score,4,RandomForest,npn_global,gse19697_gse45255,meta_source,None,None,0.000947
roc_auc_score,5,RandomForest,npn_global,gse19697_gse45255,meta_source,None,None,0.000947
roc_auc_score,6,RandomForest,npn_global,gse19697_gse45255,meta_source,None,None,0.0
roc_auc_score,7,RandomForest,npn_global,gse19697_gse45255,meta_source,None,None,0.0
roc_auc_score,8,RandomForest,npn_global,gse19697_gse45255,meta_source,None,None,0.0
roc_auc_score,9,RandomForest,npn_global,gse19697_gse45255,meta_source,None,None,0.0
mutual_info_score,0,RandomForest,npn_global,gse19697_gse45255,meta_source,None,None,0.009906
mutual_info_score,1,RandomForest,npn_global,gse19697_gse45255,meta_source,None,None,0.007848
mutual_info_score,2,RandomForest,npn_global,gse19697_gse45255,meta_source,None,None,0.004718
mutual_info_score,3,RandomForest,npn_global,gse19697_gse45255,meta_source,None,None,0.004718
mutual_info_score,4,RandomForest,npn_global,gse19697_gse45255,meta_source,None,None,0.003123
mutual_info_score,5,RandomForest,npn_global,gse19697_gse45255,meta_source,None,None,0.003032
mutual_info_score,6,RandomForest,npn_global,gse19697_gse45255,meta_source,None,None,0.009721
mutual_info_score,7,RandomForest,npn_global,gse19697_gse45255,meta_source,None,None,0.003061
mutual_info_score,8,RandomForest,npn_global,gse19697_gse45255,meta_source,None,None,0.001561
mutual_info_score,9,RandomForest,npn_global,gse19697_gse45255,meta_source,None,None,0.0
accuracy_score,0,RandomForest,npn_global,gse19697_gse45255,meta_source,None,None,0.80866
accuracy_score,1,RandomForest,npn_global,gse19697_gse45255,meta_source,None,None,0.815191
accuracy_score,2,RandomForest,npn_global,gse19697_gse45255,meta_source,None,None,0.827891
accuracy_score,3,RandomForest,npn_global,gse19697_gse45255,meta_source,None,None,0.827891
accuracy_score,4,RandomForest,npn_global,gse19697_gse45255,meta_source,None,None,0.834301
accuracy_score,5,RandomForest,npn_global,gse19697_gse45255,meta_source,None,None,0.834543
accuracy_score,6,RandomForest,npn_global,gse19697_gse45255,meta_source,None,None,0.80866
accuracy_score,7,RandomForest,npn_global,gse19697_gse45255,meta_source,None,None,0.834422
accuracy_score,8,RandomForest,npn_global,gse19697_gse45255,meta_source,None,None,0.840711
accuracy_score,9,RandomForest,npn_global,gse19697_gse45255,meta_source,None,None,0.847121
roc_auc_score,0,HistGradientBoosting,npn_global,gse19697_gse45255,meta_source,None,None,0.011364
roc_auc_score,1,HistGradientBoosting,npn_global,gse19697_gse45255,meta_source,None,None,0.000926
roc_auc_score,2,HistGradientBoosting,npn_global,gse19697_gse45255,meta_source,None,None,0.001894
roc_auc_score,3,HistGradientBoosting,npn_global,gse19697_gse45255,meta_source,None,None,0.004714
roc_auc_score,4,HistGradientBoosting,npn_global,gse19697_gse45255,meta_source,None,None,0.0
roc_auc_score,5,HistGradientBoosting,npn_global,gse19697_gse45255,meta_source,None,None,0.006629
roc_auc_score,6,HistGradientBoosting,npn_global,gse19697_gse45255,meta_source,None,None,0.0
roc_auc_score,7,HistGradientBoosting,npn_global,gse19697_gse45255,meta_source,None,None,0.0
roc_auc_score,8,HistGradientBoosting,npn_global,gse19697_gse45255,meta_source,None,None,0.000926
roc_auc_score,9,HistGradientBoosting,npn_global,gse19697_gse45255,meta_source,None,None,0.001852
mutual_info_score,0,HistGradientBoosting,npn_global,gse19697_gse45255,meta_source,None,None,0.007753
mutual_info_score,1,HistGradientBoosting,npn_global,gse19697_gse45255,meta_source,None,None,0.004718
mutual_info_score,2,HistGradientBoosting,npn_global,gse19697_gse45255,meta_source,None,None,0.012946
mutual_info_score,3,HistGradientBoosting,npn_global,gse19697_gse45255,meta_source,None,None,0.014375
mutual_info_score,4,HistGradientBoosting,npn_global,gse19697_gse45255,meta_source,None,None,0.010975
mutual_info_score,5,HistGradientBoosting,npn_global,gse19697_gse45255,meta_source,None,None,0.01254
mutual_info_score,6,HistGradientBoosting,npn_global,gse19697_gse45255,meta_source,None,None,0.006287
mutual_info_score,7,HistGradientBoosting,npn_global,gse19697_gse45255,meta_source,None,None,0.011192
mutual_info_score,8,HistGradientBoosting,npn_global,gse19697_gse45255,meta_source,None,None,0.004657
mutual_info_score,9,HistGradientBoosting,npn_global,gse19697_gse45255,meta_source,None,None,0.011074
accuracy_score,0,HistGradientBoosting,npn_global,gse19697_gse45255,meta_source,None,None,0.815433
accuracy_score,1,HistGradientBoosting,npn_global,gse19697_gse45255,meta_source,None,None,0.827891
accuracy_score,2,HistGradientBoosting,npn_global,gse19697_gse45255,meta_source,None,None,0.795839
accuracy_score,3,HistGradientBoosting,npn_global,gse19697_gse45255,meta_source,None,None,0.790276
accuracy_score,4,HistGradientBoosting,npn_global,gse19697_gse45255,meta_source,None,None,0.802492
accuracy_score,5,HistGradientBoosting,npn_global,gse19697_gse45255,meta_source,None,None,0.796202
accuracy_score,6,HistGradientBoosting,npn_global,gse19697_gse45255,meta_source,None,None,0.821601
accuracy_score,7,HistGradientBoosting,npn_global,gse19697_gse45255,meta_source,None,None,0.802492
accuracy_score,8,HistGradientBoosting,npn_global,gse19697_gse45255,meta_source,None,None,0.828012
accuracy_score,9,HistGradientBoosting,npn_global,gse19697_gse45255,meta_source,None,None,0.802371
roc_auc_score,0,RandomForest,unadjusted,gse19697_gse45255,meta_source,None,None,1.0
roc_auc_score,1,RandomForest,unadjusted,gse19697_gse45255,meta_source,None,None,1.0
roc_auc_score,2,RandomForest,unadjusted,gse19697_gse45255,meta_source,None,None,1.0
roc_auc_score,3,RandomForest,unadjusted,gse19697_gse45255,meta_source,None,None,1.0
roc_auc_score,4,RandomForest,unadjusted,gse19697_gse45255,meta_source,None,None,1.0
roc_auc_score,5,RandomForest,unadjusted,gse19697_gse45255,meta_source,None,None,1.0
roc_auc_score,6,RandomForest,unadjusted,gse19697_gse45255,meta_source,None,None,1.0
roc_auc_score,7,RandomForest,unadjusted,gse19697_gse45255,meta_source,None,None,1.0
roc_auc_score,8,RandomForest,unadjusted,gse19697_gse45255,meta_source,None,None,1.0
roc_auc_score,9,RandomForest,unadjusted,gse19697_gse45255,meta_source,None,None,1.0
mutual_info_score,0,RandomForest,unadjusted,gse19697_gse45255,meta_source,None,None,0.616987
mutual_info_score,1,RandomForest,unadjusted,gse19697_gse45255,meta_source,None,None,0.616987
mutual_info_score,2,RandomForest,unadjusted,gse19697_gse45255,meta_source,None,None,0.616987
mutual_info_score,3,RandomForest,unadjusted,gse19697_gse45255,meta_source,None,None,0.616987
mutual_info_score,4,RandomForest,unadjusted,gse19697_gse45255,meta_source,None,None,0.616987
mutual_info_score,5,RandomForest,unadjusted,gse19697_gse45255,meta_source,None,None,0.616987
mutual_info_score,6,RandomForest,unadjusted,gse19697_gse45255,meta_source,None,None,0.616987
mutual_info_score,7,RandomForest,unadjusted,gse19697_gse45255,meta_source,None,None,0.616987
mutual_info_score,8,RandomForest,unadjusted,gse19697_gse45255,meta_source,None,None,0.616987
mutual_info_score,9,RandomForest,unadjusted,gse19697_gse45255,meta_source,None,None,0.616987
accuracy_score,0,RandomForest,unadjusted,gse19697_gse45255,meta_source,None,None,1.0
accuracy_score,1,RandomForest,unadjusted,gse19697_gse45255,meta_source,None,None,1.0
accuracy_score,2,RandomForest,unadjusted,gse19697_gse45255,meta_source,None,None,1.0
accuracy_score,3,RandomForest,unadjusted,gse19697_gse45255,meta_source,None,None,1.0
accuracy_score,4,RandomForest,unadjusted,gse19697_gse45255,meta_source,None,None,1.0
accuracy_score,5,RandomForest,unadjusted,gse19697_gse45255,meta_source,None,None,1.0
accuracy_score,6,RandomForest,unadjusted,gse19697_gse45255,meta_source,None,None,1.0
accuracy_score,7,RandomForest,unadjusted,gse19697_gse45255,meta_source,None,None,1.0
accuracy_score,8,RandomForest,unadjusted,gse19697_gse45255,meta_source,None,None,1.0
accuracy_score,9,RandomForest,unadjusted,gse19697_gse45255,meta_source,None,None,1.0
roc_auc_score,0,HistGradientBoosting,unadjusted,gse19697_gse45255,meta_source,None,None,1.0
roc_auc_score,1,HistGradientBoosting,unadjusted,gse19697_gse45255,meta_source,None,None,1.0
roc_auc_score,2,HistGradientBoosting,unadjusted,gse19697_gse45255,meta_source,None,None,1.0
roc_auc_score,3,HistGradientBoosting,unadjusted,gse19697_gse45255,meta_source,None,None,1.0
roc_auc_score,4,HistGradientBoosting,unadjusted,gse19697_gse45255,meta_source,None,None,1.0
roc_auc_score,5,HistGradientBoosting,unadjusted,gse19697_gse45255,meta_source,None,None,1.0
roc_auc_score,6,HistGradientBoosting,unadjusted,gse19697_gse45255,meta_source,None,None,1.0
roc_auc_score,7,HistGradientBoosting,unadjusted,gse19697_gse45255,meta_source,None,None,1.0
roc_auc_score,8,HistGradientBoosting,unadjusted,gse19697_gse45255,meta_source,None,None,1.0
roc_auc_score,9,HistGradientBoosting,unadjusted,gse19697_gse45255,meta_source,None,None,1.0
mutual_info_score,0,HistGradientBoosting,unadjusted,gse19697_gse45255,meta_source,None,None,0.616987
mutual_info_score,1,HistGradientBoosting,unadjusted,gse19697_gse45255,meta_source,None,None,0.616987
mutual_info_score,2,HistGradientBoosting,unadjusted,gse19697_gse45255,meta_source,None,None,0.616987
mutual_info_score,3,HistGradientBoosting,unadjusted,gse19697_gse45255,meta_source,None,None,0.616987
mutual_info_score,4,HistGradientBoosting,unadjusted,gse19697_gse45255,meta_source,None,None,0.616987
mutual_info_score,5,HistGradientBoosting,unadjusted,gse19697_gse45255,meta_source,None,None,0.616987
mutual_info_score,6,HistGradientBoosting,unadjusted,gse19697_gse45255,meta_source,None,None,0.616987
mutual_info_score,7,HistGradientBoosting,unadjusted,gse19697_gse45255,meta_source,None,None,0.616987
mutual_info_score,8,HistGradientBoosting,unadjusted,gse19697_gse45255,meta_source,None,None,0.616987
mutual_info_score,9,HistGradientBoosting,unadjusted,gse19697_gse45255,meta_source,None,None,0.616987
accuracy_score,0,HistGradientBoosting,unadjusted,gse19697_gse45255,meta_source,None,None,1.0
accuracy_score,1,HistGradientBoosting,unadjusted,gse19697_gse45255,meta_source,None,None,1.0
accuracy_score,2,HistGradientBoosting,unadjusted,gse19697_gse45255,meta_source,None,None,1.0
accuracy_score,3,HistGradientBoosting,unadjusted,gse19697_gse45255,meta_source,None,None,1.0
accuracy_score,4,HistGradientBoosting,unadjusted,gse19697_gse45255,meta_source,None,None,1.0
accuracy_score,5,HistGradientBoosting,unadjusted,gse19697_gse45255,meta_source,None,None,1.0
accuracy_score,6,HistGradientBoosting,unadjusted,gse19697_gse45255,meta_source,None,None,1.0
accuracy_score,7,HistGradientBoosting,unadjusted,gse19697_gse45255,meta_source,None,None,1.0
accuracy_score,8,HistGradientBoosting,unadjusted,gse19697_gse45255,meta_source,None,None,1.0
accuracy_score,9,HistGradientBoosting,unadjusted,gse19697_gse45255,meta_source,None,None,1.0
roc_auc_score,0,RandomForest,unadjusted,gse19697_gse20194,meta_source,None,None,1.0
roc_auc_score,1,RandomForest,unadjusted,gse19697_gse20194,meta_source,None,None,1.0
roc_auc_score,2,RandomForest,unadjusted,gse19697_gse20194,meta_source,None,None,1.0
roc_auc_score,3,RandomForest,unadjusted,gse19697_gse20194,meta_source,None,None,1.0
roc_auc_score,4,RandomForest,unadjusted,gse19697_gse20194,meta_source,None,None,1.0
roc_auc_score,5,RandomForest,unadjusted,gse19697_gse20194,meta_source,None,None,1.0
roc_auc_score,6,RandomForest,unadjusted,gse19697_gse20194,meta_source,None,None,1.0
roc_auc_score,7,RandomForest,unadjusted,gse19697_gse20194,meta_source,None,None,1.0
roc_auc_score,8,RandomForest,unadjusted,gse19697_gse20194,meta_source,None,None,1.0
roc_auc_score,9,RandomForest,unadjusted,gse19697_gse20194,meta_source,None,None,1.0
mutual_info_score,0,RandomForest,unadjusted,gse19697_gse20194,meta_source,None,None,0.427306
mutual_info_score,1,RandomForest,unadjusted,gse19697_gse20194,meta_source,None,None,0.427306
mutual_info_score,2,RandomForest,unadjusted,gse19697_gse20194,meta_source,None,None,0.427306
mutual_info_score,3,RandomForest,unadjusted,gse19697_gse20194,meta_source,None,None,0.427306
mutual_info_score,4,RandomForest,unadjusted,gse19697_gse20194,meta_source,None,None,0.427306
mutual_info_score,5,RandomForest,unadjusted,gse19697_gse20194,meta_source,None,None,0.427306
mutual_info_score,6,RandomForest,unadjusted,gse19697_gse20194,meta_source,None,None,0.427306
mutual_info_score,7,RandomForest,unadjusted,gse19697_gse20194,meta_source,None,None,0.427306
mutual_info_score,8,RandomForest,unadjusted,gse19697_gse20194,meta_source,None,None,0.427306
mutual_info_score,9,RandomForest,unadjusted,gse19697_gse20194,meta_source,None,None,0.427306
accuracy_score,0,RandomForest,unadjusted,gse19697_gse20194,meta_source,None,None,1.0
accuracy_score,1,RandomForest,unadjusted,gse19697_gse20194,meta_source,None,None,1.0
accuracy_score,2,RandomForest,unadjusted,gse19697_gse20194,meta_source,None,None,1.0
accuracy_score,3,RandomForest,unadjusted,gse19697_gse20194,meta_source,None,None,1.0
accuracy_score,4,RandomForest,unadjusted,gse19697_gse20194,meta_source,None,None,1.0
accuracy_score,5,RandomForest,unadjusted,gse19697_gse20194,meta_source,None,None,1.0
accuracy_score,6,RandomForest,unadjusted,gse19697_gse20194,meta_source,None,None,1.0
accuracy_score,7,RandomForest,unadjusted,gse19697_gse20194,meta_source,None,None,1.0
accuracy_score,8,RandomForest,unadjusted,gse19697_gse20194,meta_source,None,None,1.0
accuracy_score,9,RandomForest,unadjusted,gse19697_gse20194,meta_source,None,None,1.0
roc_auc_score,0,HistGradientBoosting,unadjusted,gse19697_gse20194,meta_source,None,None,1.0
roc_auc_score,1,HistGradientBoosting,unadjusted,gse19697_gse20194,meta_source,None,None,1.0
roc_auc_score,2,HistGradientBoosting,unadjusted,gse19697_gse20194,meta_source,None,None,1.0
roc_auc_score,3,HistGradientBoosting,unadjusted,gse19697_gse20194,meta_source,None,None,1.0
roc_auc_score,4,HistGradientBoosting,unadjusted,gse19697_gse20194,meta_source,None,None,1.0
roc_auc_score,5,HistGradientBoosting,unadjusted,gse19697_gse20194,meta_source,None,None,1.0
roc_auc_score,6,HistGradientBoosting,unadjusted,gse19697_gse20194,meta_source,None,None,1.0
roc_auc_score,7,HistGradientBoosting,unadjusted,gse19697_gse20194,meta_source,None,None,1.0
roc_auc_score,8,HistGradientBoosting,unadjusted,gse19697_gse20194,meta_source,None,None,1.0
roc_auc_score,9,HistGradientBoosting,unadjusted,gse19697_gse20194,meta_source,None,None,1.0
mutual_info_score,0,HistGradientBoosting,unadjusted,gse19697_gse20194,meta_source,None,None,0.427306
mutual_info_score,1,HistGradientBoosting,unadjusted,gse19697_gse20194,meta_source,None,None,0.427306
mutual_info_score,2,HistGradientBoosting,unadjusted,gse19697_gse20194,meta_source,None,None,0.427306
mutual_info_score,3,HistGradientBoosting,unadjusted,gse19697_gse20194,meta_source,None,None,0.427306
mutual_info_score,4,HistGradientBoosting,unadjusted,gse19697_gse20194,meta_source,None,None,0.427306
mutual_info_score,5,HistGradientBoosting,unadjusted,gse19697_gse20194,meta_source,None,None,0.427306
mutual_info_score,6,HistGradientBoosting,unadjusted,gse19697_gse20194,meta_source,None,None,0.427306
mutual_info_score,7,HistGradientBoosting,unadjusted,gse19697_gse20194,meta_source,None,None,0.427306
mutual_info_score,8,HistGradientBoosting,unadjusted,gse19697_gse20194,meta_source,None,None,0.427306
mutual_info_score,9,HistGradientBoosting,unadjusted,gse19697_gse20194,meta_source,None,None,0.427306
accuracy_score,0,HistGradientBoosting,unadjusted,gse19697_gse20194,meta_source,None,None,1.0
accuracy_score,1,HistGradientBoosting,unadjusted,gse19697_gse20194,meta_source,None,None,1.0
accuracy_score,2,HistGradientBoosting,unadjusted,gse19697_gse20194,meta_source,None,None,1.0
accuracy_score,3,HistGradientBoosting,unadjusted,gse19697_gse20194,meta_source,None,None,1.0
accuracy_score,4,HistGradientBoosting,unadjusted,gse19697_gse20194,meta_source,None,None,1.0
accuracy_score,5,HistGradientBoosting,unadjusted,gse19697_gse20194,meta_source,None,None,1.0
accuracy_score,6,HistGradientBoosting,unadjusted,gse19697_gse20194,meta_source,None,None,1.0
accuracy_score,7,HistGradientBoosting,unadjusted,gse19697_gse20194,meta_source,None,None,1.0
accuracy_score,8,HistGradientBoosting,unadjusted,gse19697_gse20194,meta_source,None,None,1.0
accuracy_score,9,HistGradientBoosting,unadjusted,gse19697_gse20194,meta_source,None,None,1.0
roc_auc_score,0,RandomForest,npn_global,gse19697_gse20271,meta_source,None,None,0.000801
roc_auc_score,1,RandomForest,npn_global,gse19697_gse20271,meta_source,None,None,0.0
roc_auc_score,2,RandomForest,npn_global,gse19697_gse20271,meta_source,None,None,0.0
roc_auc_score,3,RandomForest,npn_global,gse19697_gse20271,meta_source,None,None,0.0
roc_auc_score,4,RandomForest,npn_global,gse19697_gse20271,meta_source,None,None,0.0
roc_auc_score,5,RandomForest,npn_global,gse19697_gse20271,meta_source,None,None,0.0
roc_auc_score,6,RandomForest,npn_global,gse19697_gse20271,meta_source,None,None,0.0
roc_auc_score,7,RandomForest,npn_global,gse19697_gse20271,meta_source,None,None,0.0
roc_auc_score,8,RandomForest,npn_global,gse19697_gse20271,meta_source,None,None,0.0
roc_auc_score,9,RandomForest,npn_global,gse19697_gse20271,meta_source,None,None,0.0
mutual_info_score,0,RandomForest,npn_global,gse19697_gse20271,meta_source,None,None,0.002336
mutual_info_score,1,RandomForest,npn_global,gse19697_gse20271,meta_source,None,None,0.001157
mutual_info_score,2,RandomForest,npn_global,gse19697_gse20271,meta_source,None,None,0.003493
mutual_info_score,3,RandomForest,npn_global,gse19697_gse20271,meta_source,None,None,0.003493
mutual_info_score,4,RandomForest,npn_global,gse19697_gse20271,meta_source,None,None,0.002315
mutual_info_score,5,RandomForest,npn_global,gse19697_gse20271,meta_source,None,None,0.001157
mutual_info_score,6,RandomForest,npn_global,gse19697_gse20271,meta_source,None,None,0.003493
mutual_info_score,7,RandomForest,npn_global,gse19697_gse20271,meta_source,None,None,0.001157
mutual_info_score,8,RandomForest,npn_global,gse19697_gse20271,meta_source,None,None,0.001157
mutual_info_score,9,RandomForest,npn_global,gse19697_gse20271,meta_source,None,None,0.002315
accuracy_score,0,RandomForest,npn_global,gse19697_gse20271,meta_source,None,None,0.855556
accuracy_score,1,RandomForest,npn_global,gse19697_gse20271,meta_source,None,None,0.861111
accuracy_score,2,RandomForest,npn_global,gse19697_gse20271,meta_source,None,None,0.85
accuracy_score,3,RandomForest,npn_global,gse19697_gse20271,meta_source,None,None,0.85
accuracy_score,4,RandomForest,npn_global,gse19697_gse20271,meta_source,None,None,0.855556
accuracy_score,5,RandomForest,npn_global,gse19697_gse20271,meta_source,None,None,0.861111
accuracy_score,6,RandomForest,npn_global,gse19697_gse20271,meta_source,None,None,0.85
accuracy_score,7,RandomForest,npn_global,gse19697_gse20271,meta_source,None,None,0.861111
accuracy_score,8,RandomForest,npn_global,gse19697_gse20271,meta_source,None,None,0.861111
accuracy_score,9,RandomForest,npn_global,gse19697_gse20271,meta_source,None,None,0.855556
roc_auc_score,0,HistGradientBoosting,npn_global,gse19697_gse20271,meta_source,None,None,0.001603
roc_auc_score,1,HistGradientBoosting,npn_global,gse19697_gse20271,meta_source,None,None,0.008814
roc_auc_score,2,HistGradientBoosting,npn_global,gse19697_gse20271,meta_source,None,None,0.002404
roc_auc_score,3,HistGradientBoosting,npn_global,gse19697_gse20271,meta_source,None,None,0.010417
roc_auc_score,4,HistGradientBoosting,npn_global,gse19697_gse20271,meta_source,None,None,0.0
roc_auc_score,5,HistGradientBoosting,npn_global,gse19697_gse20271,meta_source,None,None,0.00641
roc_auc_score,6,HistGradientBoosting,npn_global,gse19697_gse20271,meta_source,None,None,0.000801
roc_auc_score,7,HistGradientBoosting,npn_global,gse19697_gse20271,meta_source,None,None,0.004006
roc_auc_score,8,HistGradientBoosting,npn_global,gse19697_gse20271,meta_source,None,None,0.002404
roc_auc_score,9,HistGradientBoosting,npn_global,gse19697_gse20271,meta_source,None,None,0.001603
mutual_info_score,0,HistGradientBoosting,npn_global,gse19697_gse20271,meta_source,None,None,0.005829
mutual_info_score,1,HistGradientBoosting,npn_global,gse19697_gse20271,meta_source,None,None,0.004651
mutual_info_score,2,HistGradientBoosting,npn_global,gse19697_gse20271,meta_source,None,None,0.005829
mutual_info_score,3,HistGradientBoosting,npn_global,gse19697_gse20271,meta_source,None,None,0.004694
mutual_info_score,4,HistGradientBoosting,npn_global,gse19697_gse20271,meta_source,None,None,0.004651
mutual_info_score,5,HistGradientBoosting,npn_global,gse19697_gse20271,meta_source,None,None,0.003493
mutual_info_score,6,HistGradientBoosting,npn_global,gse19697_gse20271,meta_source,None,None,0.001157
mutual_info_score,7,HistGradientBoosting,npn_global,gse19697_gse20271,meta_source,None,None,0.008297
mutual_info_score,8,HistGradientBoosting,npn_global,gse19697_gse20271,meta_source,None,None,0.002315
mutual_info_score,9,HistGradientBoosting,npn_global,gse19697_gse20271,meta_source,None,None,0.0
accuracy_score,0,HistGradientBoosting,npn_global,gse19697_gse20271,meta_source,None,None,0.838889
accuracy_score,1,HistGradientBoosting,npn_global,gse19697_gse20271,meta_source,None,None,0.844444
accuracy_score,2,HistGradientBoosting,npn_global,gse19697_gse20271,meta_source,None,None,0.838889
accuracy_score,3,HistGradientBoosting,npn_global,gse19697_gse20271,meta_source,None,None,0.844444
accuracy_score,4,HistGradientBoosting,npn_global,gse19697_gse20271,meta_source,None,None,0.844444
accuracy_score,5,HistGradientBoosting,npn_global,gse19697_gse20271,meta_source,None,None,0.85
accuracy_score,6,HistGradientBoosting,npn_global,gse19697_gse20271,meta_source,None,None,0.861111
accuracy_score,7,HistGradientBoosting,npn_global,gse19697_gse20271,meta_source,None,None,0.827778
accuracy_score,8,HistGradientBoosting,npn_global,gse19697_gse20271,meta_source,None,None,0.855556
accuracy_score,9,HistGradientBoosting,npn_global,gse19697_gse20271,meta_source,None,None,0.866667
roc_auc_score,0,RandomForest,unadjusted,gse19697_gse20271,meta_source,None,None,1.0
roc_auc_score,1,RandomForest,unadjusted,gse19697_gse20271,meta_source,None,None,1.0
roc_auc_score,2,RandomForest,unadjusted,gse19697_gse20271,meta_source,None,None,1.0
roc_auc_score,3,RandomForest,unadjusted,gse19697_gse20271,meta_source,None,None,1.0
roc_auc_score,4,RandomForest,unadjusted,gse19697_gse20271,meta_source,None,None,1.0
roc_auc_score,5,RandomForest,unadjusted,gse19697_gse20271,meta_source,None,None,1.0
roc_auc_score,6,RandomForest,unadjusted,gse19697_gse20271,meta_source,None,None,1.0
roc_auc_score,7,RandomForest,unadjusted,gse19697_gse20271,meta_source,None,None,1.0
roc_auc_score,8,RandomForest,unadjusted,gse19697_gse20271,meta_source,None,None,1.0
roc_auc_score,9,RandomForest,unadjusted,gse19697_gse20271,meta_source,None,None,1.0
mutual_info_score,0,RandomForest,unadjusted,gse19697_gse20271,meta_source,None,None,0.56651
mutual_info_score,1,RandomForest,unadjusted,gse19697_gse20271,meta_source,None,None,0.56651
mutual_info_score,2,RandomForest,unadjusted,gse19697_gse20271,meta_source,None,None,0.56651
mutual_info_score,3,RandomForest,unadjusted,gse19697_gse20271,meta_source,None,None,0.56651
mutual_info_score,4,RandomForest,unadjusted,gse19697_gse20271,meta_source,None,None,0.56651
mutual_info_score,5,RandomForest,unadjusted,gse19697_gse20271,meta_source,None,None,0.56651
mutual_info_score,6,RandomForest,unadjusted,gse19697_gse20271,meta_source,None,None,0.56651
mutual_info_score,7,RandomForest,unadjusted,gse19697_gse20271,meta_source,None,None,0.56651
mutual_info_score,8,RandomForest,unadjusted,gse19697_gse20271,meta_source,None,None,0.56651
mutual_info_score,9,RandomForest,unadjusted,gse19697_gse20271,meta_source,None,None,0.56651
accuracy_score,0,RandomForest,unadjusted,gse19697_gse20271,meta_source,None,None,1.0
accuracy_score,1,RandomForest,unadjusted,gse19697_gse20271,meta_source,None,None,1.0
accuracy_score,2,RandomForest,unadjusted,gse19697_gse20271,meta_source,None,None,1.0
accuracy_score,3,RandomForest,unadjusted,gse19697_gse20271,meta_source,None,None,1.0
accuracy_score,4,RandomForest,unadjusted,gse19697_gse20271,meta_source,None,None,1.0
accuracy_score,5,RandomForest,unadjusted,gse19697_gse20271,meta_source,None,None,1.0
accuracy_score,6,RandomForest,unadjusted,gse19697_gse20271,meta_source,None,None,1.0
accuracy_score,7,RandomForest,unadjusted,gse19697_gse20271,meta_source,None,None,1.0
accuracy_score,8,RandomForest,unadjusted,gse19697_gse20271,meta_source,None,None,1.0
accuracy_score,9,RandomForest,unadjusted,gse19697_gse20271,meta_source,None,None,1.0
roc_auc_score,0,HistGradientBoosting,unadjusted,gse19697_gse20271,meta_source,None,None,1.0
roc_auc_score,1,HistGradientBoosting,unadjusted,gse19697_gse20271,meta_source,None,None,1.0
roc_auc_score,2,HistGradientBoosting,unadjusted,gse19697_gse20271,meta_source,None,None,1.0
roc_auc_score,3,HistGradientBoosting,unadjusted,gse19697_gse20271,meta_source,None,None,1.0
roc_auc_score,4,HistGradientBoosting,unadjusted,gse19697_gse20271,meta_source,None,None,1.0
roc_auc_score,5,HistGradientBoosting,unadjusted,gse19697_gse20271,meta_source,None,None,1.0
roc_auc_score,6,HistGradientBoosting,unadjusted,gse19697_gse20271,meta_source,None,None,1.0
roc_auc_score,7,HistGradientBoosting,unadjusted,gse19697_gse20271,meta_source,None,None,1.0
roc_auc_score,8,HistGradientBoosting,unadjusted,gse19697_gse20271,meta_source,None,None,1.0
roc_auc_score,9,HistGradientBoosting,unadjusted,gse19697_gse20271,meta_source,None,None,1.0
mutual_info_score,0,HistGradientBoosting,unadjusted,gse19697_gse20271,meta_source,None,None,0.56651
mutual_info_score,1,HistGradientBoosting,unadjusted,gse19697_gse20271,meta_source,None,None,0.56651
mutual_info_score,2,HistGradientBoosting,unadjusted,gse19697_gse20271,meta_source,None,None,0.56651
mutual_info_score,3,HistGradientBoosting,unadjusted,gse19697_gse20271,meta_source,None,None,0.56651
mutual_info_score,4,HistGradientBoosting,unadjusted,gse19697_gse20271,meta_source,None,None,0.56651
mutual_info_score,5,HistGradientBoosting,unadjusted,gse19697_gse20271,meta_source,None,None,0.56651
mutual_info_score,6,HistGradientBoosting,unadjusted,gse19697_gse20271,meta_source,None,None,0.56651
mutual_info_score,7,HistGradientBoosting,unadjusted,gse19697_gse20271,meta_source,None,None,0.56651
mutual_info_score,8,HistGradientBoosting,unadjusted,gse19697_gse20271,meta_source,None,None,0.56651
mutual_info_score,9,HistGradientBoosting,unadjusted,gse19697_gse20271,meta_source,None,None,0.56651
accuracy_score,0,HistGradientBoosting,unadjusted,gse19697_gse20271,meta_source,None,None,1.0
accuracy_score,1,HistGradientBoosting,unadjusted,gse19697_gse20271,meta_source,None,None,1.0
accuracy_score,2,HistGradientBoosting,unadjusted,gse19697_gse20271,meta_source,None,None,1.0
accuracy_score,3,HistGradientBoosting,unadjusted,gse19697_gse20271,meta_source,None,None,1.0
accuracy_score,4,HistGradientBoosting,unadjusted,gse19697_gse20271,meta_source,None,None,1.0
accuracy_score,5,HistGradientBoosting,unadjusted,gse19697_gse20271,meta_source,None,None,1.0
accuracy_score,6,HistGradientBoosting,unadjusted,gse19697_gse20271,meta_source,None,None,1.0
accuracy_score,7,HistGradientBoosting,unadjusted,gse19697_gse20271,meta_source,None,None,1.0
accuracy_score,8,HistGradientBoosting,unadjusted,gse19697_gse20271,meta_source,None,None,1.0
accuracy_score,9,HistGradientBoosting,unadjusted,gse19697_gse20271,meta_source,None,None,1.0
roc_auc_score,0,RandomForest,gmm_npn_unit_std_global,gse19697_gse20271,meta_source,None,None,0.0
roc_auc_score,1,RandomForest,gmm_npn_unit_std_global,gse19697_gse20271,meta_source,None,None,0.002003
roc_auc_score,2,RandomForest,gmm_npn_unit_std_global,gse19697_gse20271,meta_source,None,None,0.001202
roc_auc_score,3,RandomForest,gmm_npn_unit_std_global,gse19697_gse20271,meta_source,None,None,0.007612
roc_auc_score,4,RandomForest,gmm_npn_unit_std_global,gse19697_gse20271,meta_source,None,None,0.002804
roc_auc_score,5,RandomForest,gmm_npn_unit_std_global,gse19697_gse20271,meta_source,None,None,0.000801
roc_auc_score,6,RandomForest,gmm_npn_unit_std_global,gse19697_gse20271,meta_source,None,None,0.005208
roc_auc_score,7,RandomForest,gmm_npn_unit_std_global,gse19697_gse20271,meta_source,None,None,0.0
roc_auc_score,8,RandomForest,gmm_npn_unit_std_global,gse19697_gse20271,meta_source,None,None,0.002003
roc_auc_score,9,RandomForest,gmm_npn_unit_std_global,gse19697_gse20271,meta_source,None,None,0.005609
mutual_info_score,0,RandomForest,gmm_npn_unit_std_global,gse19697_gse20271,meta_source,None,None,0.002336
mutual_info_score,1,RandomForest,gmm_npn_unit_std_global,gse19697_gse20271,meta_source,None,None,0.001157
mutual_info_score,2,RandomForest,gmm_npn_unit_std_global,gse19697_gse20271,meta_source,None,None,0.001157
mutual_info_score,3,RandomForest,gmm_npn_unit_std_global,gse19697_gse20271,meta_source,None,None,0.003493
mutual_info_score,4,RandomForest,gmm_npn_unit_std_global,gse19697_gse20271,meta_source,None,None,0.002315
mutual_info_score,5,RandomForest,gmm_npn_unit_std_global,gse19697_gse20271,meta_source,None,None,0.001157
mutual_info_score,6,RandomForest,gmm_npn_unit_std_global,gse19697_gse20271,meta_source,None,None,0.002315
mutual_info_score,7,RandomForest,gmm_npn_unit_std_global,gse19697_gse20271,meta_source,None,None,0.001157
mutual_info_score,8,RandomForest,gmm_npn_unit_std_global,gse19697_gse20271,meta_source,None,None,0.002315
mutual_info_score,9,RandomForest,gmm_npn_unit_std_global,gse19697_gse20271,meta_source,None,None,0.001157
accuracy_score,0,RandomForest,gmm_npn_unit_std_global,gse19697_gse20271,meta_source,None,None,0.855556
accuracy_score,1,RandomForest,gmm_npn_unit_std_global,gse19697_gse20271,meta_source,None,None,0.861111
accuracy_score,2,RandomForest,gmm_npn_unit_std_global,gse19697_gse20271,meta_source,None,None,0.861111
accuracy_score,3,RandomForest,gmm_npn_unit_std_global,gse19697_gse20271,meta_source,None,None,0.85
accuracy_score,4,RandomForest,gmm_npn_unit_std_global,gse19697_gse20271,meta_source,None,None,0.855556
accuracy_score,5,RandomForest,gmm_npn_unit_std_global,gse19697_gse20271,meta_source,None,None,0.861111
accuracy_score,6,RandomForest,gmm_npn_unit_std_global,gse19697_gse20271,meta_source,None,None,0.855556
accuracy_score,7,RandomForest,gmm_npn_unit_std_global,gse19697_gse20271,meta_source,None,None,0.861111
accuracy_score,8,RandomForest,gmm_npn_unit_std_global,gse19697_gse20271,meta_source,None,None,0.855556
accuracy_score,9,RandomForest,gmm_npn_unit_std_global,gse19697_gse20271,meta_source,None,None,0.861111
roc_auc_score,0,HistGradientBoosting,gmm_npn_unit_std_global,gse19697_gse20271,meta_source,None,None,0.078526
roc_auc_score,1,HistGradientBoosting,gmm_npn_unit_std_global,gse19697_gse20271,meta_source,None,None,0.0625
roc_auc_score,2,HistGradientBoosting,gmm_npn_unit_std_global,gse19697_gse20271,meta_source,None,None,0.050481
roc_auc_score,3,HistGradientBoosting,gmm_npn_unit_std_global,gse19697_gse20271,meta_source,None,None,0.06891
roc_auc_score,4,HistGradientBoosting,gmm_npn_unit_std_global,gse19697_gse20271,meta_source,None,None,0.077724
roc_auc_score,5,HistGradientBoosting,gmm_npn_unit_std_global,gse19697_gse20271,meta_source,None,None,0.057692
roc_auc_score,6,HistGradientBoosting,gmm_npn_unit_std_global,gse19697_gse20271,meta_source,None,None,0.080128
roc_auc_score,7,HistGradientBoosting,gmm_npn_unit_std_global,gse19697_gse20271,meta_source,None,None,0.044071
roc_auc_score,8,HistGradientBoosting,gmm_npn_unit_std_global,gse19697_gse20271,meta_source,None,None,0.046474
roc_auc_score,9,HistGradientBoosting,gmm_npn_unit_std_global,gse19697_gse20271,meta_source,None,None,0.046474
mutual_info_score,0,HistGradientBoosting,gmm_npn_unit_std_global,gse19697_gse20271,meta_source,None,None,0.001157
mutual_info_score,1,HistGradientBoosting,gmm_npn_unit_std_global,gse19697_gse20271,meta_source,None,None,0.0
mutual_info_score,2,HistGradientBoosting,gmm_npn_unit_std_global,gse19697_gse20271,meta_source,None,None,0.002336
mutual_info_score,3,HistGradientBoosting,gmm_npn_unit_std_global,gse19697_gse20271,meta_source,None,None,0.002315
mutual_info_score,4,HistGradientBoosting,gmm_npn_unit_std_global,gse19697_gse20271,meta_source,None,None,0.002336
mutual_info_score,5,HistGradientBoosting,gmm_npn_unit_std_global,gse19697_gse20271,meta_source,None,None,0.0
mutual_info_score,6,HistGradientBoosting,gmm_npn_unit_std_global,gse19697_gse20271,meta_source,None,None,0.001157
mutual_info_score,7,HistGradientBoosting,gmm_npn_unit_std_global,gse19697_gse20271,meta_source,None,None,0.001157
mutual_info_score,8,HistGradientBoosting,gmm_npn_unit_std_global,gse19697_gse20271,meta_source,None,None,0.0
mutual_info_score,9,HistGradientBoosting,gmm_npn_unit_std_global,gse19697_gse20271,meta_source,None,None,0.003537
accuracy_score,0,HistGradientBoosting,gmm_npn_unit_std_global,gse19697_gse20271,meta_source,None,None,0.861111
accuracy_score,1,HistGradientBoosting,gmm_npn_unit_std_global,gse19697_gse20271,meta_source,None,None,0.866667
accuracy_score,2,HistGradientBoosting,gmm_npn_unit_std_global,gse19697_gse20271,meta_source,None,None,0.855556
accuracy_score,3,HistGradientBoosting,gmm_npn_unit_std_global,gse19697_gse20271,meta_source,None,None,0.855556
accuracy_score,4,HistGradientBoosting,gmm_npn_unit_std_global,gse19697_gse20271,meta_source,None,None,0.855556
accuracy_score,5,HistGradientBoosting,gmm_npn_unit_std_global,gse19697_gse20271,meta_source,None,None,0.866667
accuracy_score,6,HistGradientBoosting,gmm_npn_unit_std_global,gse19697_gse20271,meta_source,None,None,0.861111
accuracy_score,7,HistGradientBoosting,gmm_npn_unit_std_global,gse19697_gse20271,meta_source,None,None,0.861111
accuracy_score,8,HistGradientBoosting,gmm_npn_unit_std_global,gse19697_gse20271,meta_source,None,None,0.866667
accuracy_score,9,HistGradientBoosting,gmm_npn_unit_std_global,gse19697_gse20271,meta_source,None,None,0.85
roc_auc_score,0,RandomForest,npn_global,gse19697_gse2990,meta_source,None,None,0.0
roc_auc_score,1,RandomForest,npn_global,gse19697_gse2990,meta_source,None,None,0.0
roc_auc_score,2,RandomForest,npn_global,gse19697_gse2990,meta_source,None,None,0.0
roc_auc_score,3,RandomForest,npn_global,gse19697_gse2990,meta_source,None,None,0.0
roc_auc_score,4,RandomForest,npn_global,gse19697_gse2990,meta_source,None,None,0.0
roc_auc_score,5,RandomForest,npn_global,gse19697_gse2990,meta_source,None,None,0.0
roc_auc_score,6,RandomForest,npn_global,gse19697_gse2990,meta_source,None,None,0.0
roc_auc_score,7,RandomForest,npn_global,gse19697_gse2990,meta_source,None,None,0.0
roc_auc_score,8,RandomForest,npn_global,gse19697_gse2990,meta_source,None,None,0.0
roc_auc_score,9,RandomForest,npn_global,gse19697_gse2990,meta_source,None,None,0.0
mutual_info_score,0,RandomForest,npn_global,gse19697_gse2990,meta_source,None,None,0.00378
mutual_info_score,1,RandomForest,npn_global,gse19697_gse2990,meta_source,None,None,0.001932
mutual_info_score,2,RandomForest,npn_global,gse19697_gse2990,meta_source,None,None,0.003739
mutual_info_score,3,RandomForest,npn_global,gse19697_gse2990,meta_source,None,None,0.005587
mutual_info_score,4,RandomForest,npn_global,gse19697_gse2990,meta_source,None,None,0.005677
mutual_info_score,5,RandomForest,npn_global,gse19697_gse2990,meta_source,None,None,0.001848
mutual_info_score,6,RandomForest,npn_global,gse19697_gse2990,meta_source,None,None,0.007479
mutual_info_score,7,RandomForest,npn_global,gse19697_gse2990,meta_source,None,None,0.001932
mutual_info_score,8,RandomForest,npn_global,gse19697_gse2990,meta_source,None,None,0.005677
mutual_info_score,9,RandomForest,npn_global,gse19697_gse2990,meta_source,None,None,0.005587
accuracy_score,0,RandomForest,npn_global,gse19697_gse2990,meta_source,None,None,0.818115
accuracy_score,1,RandomForest,npn_global,gse19697_gse2990,meta_source,None,None,0.825059
accuracy_score,2,RandomForest,npn_global,gse19697_gse2990,meta_source,None,None,0.818262
accuracy_score,3,RandomForest,npn_global,gse19697_gse2990,meta_source,None,None,0.811318
accuracy_score,4,RandomForest,npn_global,gse19697_gse2990,meta_source,None,None,0.811318
accuracy_score,5,RandomForest,npn_global,gse19697_gse2990,meta_source,None,None,0.825207
accuracy_score,6,RandomForest,npn_global,gse19697_gse2990,meta_source,None,None,0.804374
accuracy_score,7,RandomForest,npn_global,gse19697_gse2990,meta_source,None,None,0.825059
accuracy_score,8,RandomForest,npn_global,gse19697_gse2990,meta_source,None,None,0.811318
accuracy_score,9,RandomForest,npn_global,gse19697_gse2990,meta_source,None,None,0.811318
roc_auc_score,0,HistGradientBoosting,npn_global,gse19697_gse2990,meta_source,None,None,0.657585
roc_auc_score,1,HistGradientBoosting,npn_global,gse19697_gse2990,meta_source,None,None,0.659722
roc_auc_score,2,HistGradientBoosting,npn_global,gse19697_gse2990,meta_source,None,None,0.9
roc_auc_score,3,HistGradientBoosting,npn_global,gse19697_gse2990,meta_source,None,None,0.811458
roc_auc_score,4,HistGradientBoosting,npn_global,gse19697_gse2990,meta_source,None,None,0.911458
roc_auc_score,5,HistGradientBoosting,npn_global,gse19697_gse2990,meta_source,None,None,0.735417
roc_auc_score,6,HistGradientBoosting,npn_global,gse19697_gse2990,meta_source,None,None,0.888542
roc_auc_score,7,HistGradientBoosting,npn_global,gse19697_gse2990,meta_source,None,None,0.755929
roc_auc_score,8,HistGradientBoosting,npn_global,gse19697_gse2990,meta_source,None,None,0.870726
roc_auc_score,9,HistGradientBoosting,npn_global,gse19697_gse2990,meta_source,None,None,0.879915
mutual_info_score,0,HistGradientBoosting,npn_global,gse19697_gse2990,meta_source,None,None,0.005677
mutual_info_score,1,HistGradientBoosting,npn_global,gse19697_gse2990,meta_source,None,None,0.030288
mutual_info_score,2,HistGradientBoosting,npn_global,gse19697_gse2990,meta_source,None,None,0.018676
mutual_info_score,3,HistGradientBoosting,npn_global,gse19697_gse2990,meta_source,None,None,0.0
mutual_info_score,4,HistGradientBoosting,npn_global,gse19697_gse2990,meta_source,None,None,0.0185
mutual_info_score,5,HistGradientBoosting,npn_global,gse19697_gse2990,meta_source,None,None,0.0185
mutual_info_score,6,HistGradientBoosting,npn_global,gse19697_gse2990,meta_source,None,None,0.0
mutual_info_score,7,HistGradientBoosting,npn_global,gse19697_gse2990,meta_source,None,None,0.0
mutual_info_score,8,HistGradientBoosting,npn_global,gse19697_gse2990,meta_source,None,None,0.0
mutual_info_score,9,HistGradientBoosting,npn_global,gse19697_gse2990,meta_source,None,None,0.0185
accuracy_score,0,HistGradientBoosting,npn_global,gse19697_gse2990,meta_source,None,None,0.811318
accuracy_score,1,HistGradientBoosting,npn_global,gse19697_gse2990,meta_source,None,None,0.797429
accuracy_score,2,HistGradientBoosting,npn_global,gse19697_gse2990,meta_source,None,None,0.839243
accuracy_score,3,HistGradientBoosting,npn_global,gse19697_gse2990,meta_source,None,None,0.832151
accuracy_score,4,HistGradientBoosting,npn_global,gse19697_gse2990,meta_source,None,None,0.839096
accuracy_score,5,HistGradientBoosting,npn_global,gse19697_gse2990,meta_source,None,None,0.839096
accuracy_score,6,HistGradientBoosting,npn_global,gse19697_gse2990,meta_source,None,None,0.832151
accuracy_score,7,HistGradientBoosting,npn_global,gse19697_gse2990,meta_source,None,None,0.832151
accuracy_score,8,HistGradientBoosting,npn_global,gse19697_gse2990,meta_source,None,None,0.832151
accuracy_score,9,HistGradientBoosting,npn_global,gse19697_gse2990,meta_source,None,None,0.839096
roc_auc_score,0,RandomForest,unadjusted,gse19697_gse2990,meta_source,None,None,1.0
roc_auc_score,1,RandomForest,unadjusted,gse19697_gse2990,meta_source,None,None,1.0
roc_auc_score,2,RandomForest,unadjusted,gse19697_gse2990,meta_source,None,None,1.0
roc_auc_score,3,RandomForest,unadjusted,gse19697_gse2990,meta_source,None,None,1.0
roc_auc_score,4,RandomForest,unadjusted,gse19697_gse2990,meta_source,None,None,1.0
roc_auc_score,5,RandomForest,unadjusted,gse19697_gse2990,meta_source,None,None,1.0
roc_auc_score,6,RandomForest,unadjusted,gse19697_gse2990,meta_source,None,None,1.0
roc_auc_score,7,RandomForest,unadjusted,gse19697_gse2990,meta_source,None,None,1.0
roc_auc_score,8,RandomForest,unadjusted,gse19697_gse2990,meta_source,None,None,1.0
roc_auc_score,9,RandomForest,unadjusted,gse19697_gse2990,meta_source,None,None,1.0
mutual_info_score,0,RandomForest,unadjusted,gse19697_gse2990,meta_source,None,None,0.652745
mutual_info_score,1,RandomForest,unadjusted,gse19697_gse2990,meta_source,None,None,0.652745
mutual_info_score,2,RandomForest,unadjusted,gse19697_gse2990,meta_source,None,None,0.652745
mutual_info_score,3,RandomForest,unadjusted,gse19697_gse2990,meta_source,None,None,0.652745
mutual_info_score,4,RandomForest,unadjusted,gse19697_gse2990,meta_source,None,None,0.652745
mutual_info_score,5,RandomForest,unadjusted,gse19697_gse2990,meta_source,None,None,0.652745
mutual_info_score,6,RandomForest,unadjusted,gse19697_gse2990,meta_source,None,None,0.652745
mutual_info_score,7,RandomForest,unadjusted,gse19697_gse2990,meta_source,None,None,0.652745
mutual_info_score,8,RandomForest,unadjusted,gse19697_gse2990,meta_source,None,None,0.652745
mutual_info_score,9,RandomForest,unadjusted,gse19697_gse2990,meta_source,None,None,0.652745
accuracy_score,0,RandomForest,unadjusted,gse19697_gse2990,meta_source,None,None,1.0
accuracy_score,1,RandomForest,unadjusted,gse19697_gse2990,meta_source,None,None,1.0
accuracy_score,2,RandomForest,unadjusted,gse19697_gse2990,meta_source,None,None,1.0
accuracy_score,3,RandomForest,unadjusted,gse19697_gse2990,meta_source,None,None,1.0
accuracy_score,4,RandomForest,unadjusted,gse19697_gse2990,meta_source,None,None,1.0
accuracy_score,5,RandomForest,unadjusted,gse19697_gse2990,meta_source,None,None,1.0
accuracy_score,6,RandomForest,unadjusted,gse19697_gse2990,meta_source,None,None,1.0
accuracy_score,7,RandomForest,unadjusted,gse19697_gse2990,meta_source,None,None,1.0
accuracy_score,8,RandomForest,unadjusted,gse19697_gse2990,meta_source,None,None,1.0
accuracy_score,9,RandomForest,unadjusted,gse19697_gse2990,meta_source,None,None,1.0
roc_auc_score,0,HistGradientBoosting,unadjusted,gse19697_gse2990,meta_source,None,None,1.0
roc_auc_score,1,HistGradientBoosting,unadjusted,gse19697_gse2990,meta_source,None,None,1.0
roc_auc_score,2,HistGradientBoosting,unadjusted,gse19697_gse2990,meta_source,None,None,1.0
roc_auc_score,3,HistGradientBoosting,unadjusted,gse19697_gse2990,meta_source,None,None,1.0
roc_auc_score,4,HistGradientBoosting,unadjusted,gse19697_gse2990,meta_source,None,None,1.0
roc_auc_score,5,HistGradientBoosting,unadjusted,gse19697_gse2990,meta_source,None,None,1.0
roc_auc_score,6,HistGradientBoosting,unadjusted,gse19697_gse2990,meta_source,None,None,1.0
roc_auc_score,7,HistGradientBoosting,unadjusted,gse19697_gse2990,meta_source,None,None,1.0
roc_auc_score,8,HistGradientBoosting,unadjusted,gse19697_gse2990,meta_source,None,None,1.0
roc_auc_score,9,HistGradientBoosting,unadjusted,gse19697_gse2990,meta_source,None,None,1.0
mutual_info_score,0,HistGradientBoosting,unadjusted,gse19697_gse2990,meta_source,None,None,0.652745
mutual_info_score,1,HistGradientBoosting,unadjusted,gse19697_gse2990,meta_source,None,None,0.652745
mutual_info_score,2,HistGradientBoosting,unadjusted,gse19697_gse2990,meta_source,None,None,0.652745
mutual_info_score,3,HistGradientBoosting,unadjusted,gse19697_gse2990,meta_source,None,None,0.652745
mutual_info_score,4,HistGradientBoosting,unadjusted,gse19697_gse2990,meta_source,None,None,0.652745
mutual_info_score,5,HistGradientBoosting,unadjusted,gse19697_gse2990,meta_source,None,None,0.652745
mutual_info_score,6,HistGradientBoosting,unadjusted,gse19697_gse2990,meta_source,None,None,0.652745
mutual_info_score,7,HistGradientBoosting,unadjusted,gse19697_gse2990,meta_source,None,None,0.652745
mutual_info_score,8,HistGradientBoosting,unadjusted,gse19697_gse2990,meta_source,None,None,0.652745
mutual_info_score,9,HistGradientBoosting,unadjusted,gse19697_gse2990,meta_source,None,None,0.652745
accuracy_score,0,HistGradientBoosting,unadjusted,gse19697_gse2990,meta_source,None,None,1.0
accuracy_score,1,HistGradientBoosting,unadjusted,gse19697_gse2990,meta_source,None,None,1.0
accuracy_score,2,HistGradientBoosting,unadjusted,gse19697_gse2990,meta_source,None,None,1.0
accuracy_score,3,HistGradientBoosting,unadjusted,gse19697_gse2990,meta_source,None,None,1.0
accuracy_score,4,HistGradientBoosting,unadjusted,gse19697_gse2990,meta_source,None,None,1.0
accuracy_score,5,HistGradientBoosting,unadjusted,gse19697_gse2990,meta_source,None,None,1.0
accuracy_score,6,HistGradientBoosting,unadjusted,gse19697_gse2990,meta_source,None,None,1.0
accuracy_score,7,HistGradientBoosting,unadjusted,gse19697_gse2990,meta_source,None,None,1.0
accuracy_score,8,HistGradientBoosting,unadjusted,gse19697_gse2990,meta_source,None,None,1.0
accuracy_score,9,HistGradientBoosting,unadjusted,gse19697_gse2990,meta_source,None,None,1.0
roc_auc_score,0,RandomForest,gmm_npn_unit_std_global,gse19697_gse2990,meta_source,None,None,0.007893
roc_auc_score,1,RandomForest,gmm_npn_unit_std_global,gse19697_gse2990,meta_source,None,None,0.0
roc_auc_score,2,RandomForest,gmm_npn_unit_std_global,gse19697_gse2990,meta_source,None,None,0.002083
roc_auc_score,3,RandomForest,gmm_npn_unit_std_global,gse19697_gse2990,meta_source,None,None,0.000521
roc_auc_score,4,RandomForest,gmm_npn_unit_std_global,gse19697_gse2990,meta_source,None,None,0.00844
roc_auc_score,5,RandomForest,gmm_npn_unit_std_global,gse19697_gse2990,meta_source,None,None,0.0
roc_auc_score,6,RandomForest,gmm_npn_unit_std_global,gse19697_gse2990,meta_source,None,None,0.008333
roc_auc_score,7,RandomForest,gmm_npn_unit_std_global,gse19697_gse2990,meta_source,None,None,0.001068
roc_auc_score,8,RandomForest,gmm_npn_unit_std_global,gse19697_gse2990,meta_source,None,None,0.0
roc_auc_score,9,RandomForest,gmm_npn_unit_std_global,gse19697_gse2990,meta_source,None,None,0.01636
mutual_info_score,0,RandomForest,gmm_npn_unit_std_global,gse19697_gse2990,meta_source,None,None,0.0
mutual_info_score,1,RandomForest,gmm_npn_unit_std_global,gse19697_gse2990,meta_source,None,None,0.0
mutual_info_score,2,RandomForest,gmm_npn_unit_std_global,gse19697_gse2990,meta_source,None,None,0.003739
mutual_info_score,3,RandomForest,gmm_npn_unit_std_global,gse19697_gse2990,meta_source,None,None,0.0
mutual_info_score,4,RandomForest,gmm_npn_unit_std_global,gse19697_gse2990,meta_source,None,None,0.0
mutual_info_score,5,RandomForest,gmm_npn_unit_std_global,gse19697_gse2990,meta_source,None,None,0.0
mutual_info_score,6,RandomForest,gmm_npn_unit_std_global,gse19697_gse2990,meta_source,None,None,0.007479
mutual_info_score,7,RandomForest,gmm_npn_unit_std_global,gse19697_gse2990,meta_source,None,None,0.001932
mutual_info_score,8,RandomForest,gmm_npn_unit_std_global,gse19697_gse2990,meta_source,None,None,0.001848
mutual_info_score,9,RandomForest,gmm_npn_unit_std_global,gse19697_gse2990,meta_source,None,None,0.005671
accuracy_score,0,RandomForest,gmm_npn_unit_std_global,gse19697_gse2990,meta_source,None,None,0.832151
accuracy_score,1,RandomForest,gmm_npn_unit_std_global,gse19697_gse2990,meta_source,None,None,0.832151
accuracy_score,2,RandomForest,gmm_npn_unit_std_global,gse19697_gse2990,meta_source,None,None,0.818262
accuracy_score,3,RandomForest,gmm_npn_unit_std_global,gse19697_gse2990,meta_source,None,None,0.832151
accuracy_score,4,RandomForest,gmm_npn_unit_std_global,gse19697_gse2990,meta_source,None,None,0.832151
accuracy_score,5,RandomForest,gmm_npn_unit_std_global,gse19697_gse2990,meta_source,None,None,0.832151
accuracy_score,6,RandomForest,gmm_npn_unit_std_global,gse19697_gse2990,meta_source,None,None,0.804374
accuracy_score,7,RandomForest,gmm_npn_unit_std_global,gse19697_gse2990,meta_source,None,None,0.825059
accuracy_score,8,RandomForest,gmm_npn_unit_std_global,gse19697_gse2990,meta_source,None,None,0.825207
accuracy_score,9,RandomForest,gmm_npn_unit_std_global,gse19697_gse2990,meta_source,None,None,0.81117
roc_auc_score,0,HistGradientBoosting,gmm_npn_unit_std_global,gse19697_gse2990,meta_source,None,None,0.820272
roc_auc_score,1,HistGradientBoosting,gmm_npn_unit_std_global,gse19697_gse2990,meta_source,None,None,0.773077
roc_auc_score,2,HistGradientBoosting,gmm_npn_unit_std_global,gse19697_gse2990,meta_source,None,None,0.866319
roc_auc_score,3,HistGradientBoosting,gmm_npn_unit_std_global,gse19697_gse2990,meta_source,None,None,0.703125
roc_auc_score,4,HistGradientBoosting,gmm_npn_unit_std_global,gse19697_gse2990,meta_source,None,None,0.948958
roc_auc_score,5,HistGradientBoosting,gmm_npn_unit_std_global,gse19697_gse2990,meta_source,None,None,0.71039
roc_auc_score,6,HistGradientBoosting,gmm_npn_unit_std_global,gse19697_gse2990,meta_source,None,None,0.870807
roc_auc_score,7,HistGradientBoosting,gmm_npn_unit_std_global,gse19697_gse2990,meta_source,None,None,0.797596
roc_auc_score,8,HistGradientBoosting,gmm_npn_unit_std_global,gse19697_gse2990,meta_source,None,None,0.872917
roc_auc_score,9,HistGradientBoosting,gmm_npn_unit_std_global,gse19697_gse2990,meta_source,None,None,0.846795
mutual_info_score,0,HistGradientBoosting,gmm_npn_unit_std_global,gse19697_gse2990,meta_source,None,None,0.007662
mutual_info_score,1,HistGradientBoosting,gmm_npn_unit_std_global,gse19697_gse2990,meta_source,None,None,0.031336
mutual_info_score,2,HistGradientBoosting,gmm_npn_unit_std_global,gse19697_gse2990,meta_source,None,None,0.038596
mutual_info_score,3,HistGradientBoosting,gmm_npn_unit_std_global,gse19697_gse2990,meta_source,None,None,0.0185
mutual_info_score,4,HistGradientBoosting,gmm_npn_unit_std_global,gse19697_gse2990,meta_source,None,None,0.057096
mutual_info_score,5,HistGradientBoosting,gmm_npn_unit_std_global,gse19697_gse2990,meta_source,None,None,0.037176
mutual_info_score,6,HistGradientBoosting,gmm_npn_unit_std_global,gse19697_gse2990,meta_source,None,None,0.0185
mutual_info_score,7,HistGradientBoosting,gmm_npn_unit_std_global,gse19697_gse2990,meta_source,None,None,0.038223
mutual_info_score,8,HistGradientBoosting,gmm_npn_unit_std_global,gse19697_gse2990,meta_source,None,None,0.0185
mutual_info_score,9,HistGradientBoosting,gmm_npn_unit_std_global,gse19697_gse2990,meta_source,None,None,0.0
accuracy_score,0,HistGradientBoosting,gmm_npn_unit_std_global,gse19697_gse2990,meta_source,None,None,0.804374
accuracy_score,1,HistGradientBoosting,gmm_npn_unit_std_global,gse19697_gse2990,meta_source,None,None,0.825355
accuracy_score,2,HistGradientBoosting,gmm_npn_unit_std_global,gse19697_gse2990,meta_source,None,None,0.846336
accuracy_score,3,HistGradientBoosting,gmm_npn_unit_std_global,gse19697_gse2990,meta_source,None,None,0.839096
accuracy_score,4,HistGradientBoosting,gmm_npn_unit_std_global,gse19697_gse2990,meta_source,None,None,0.85328
accuracy_score,5,HistGradientBoosting,gmm_npn_unit_std_global,gse19697_gse2990,meta_source,None,None,0.846188
accuracy_score,6,HistGradientBoosting,gmm_npn_unit_std_global,gse19697_gse2990,meta_source,None,None,0.839096
accuracy_score,7,HistGradientBoosting,gmm_npn_unit_std_global,gse19697_gse2990,meta_source,None,None,0.84604
accuracy_score,8,HistGradientBoosting,gmm_npn_unit_std_global,gse19697_gse2990,meta_source,None,None,0.839096
accuracy_score,9,HistGradientBoosting,gmm_npn_unit_std_global,gse19697_gse2990,meta_source,None,None,0.832151
roc_auc_score,0,RandomForest,npn_global,gse19697_gse43365,meta_source,None,None,0.0
roc_auc_score,1,RandomForest,npn_global,gse19697_gse43365,meta_source,None,None,0.0
roc_auc_score,2,RandomForest,npn_global,gse19697_gse43365,meta_source,None,None,0.0
roc_auc_score,3,RandomForest,npn_global,gse19697_gse43365,meta_source,None,None,0.0
roc_auc_score,4,RandomForest,npn_global,gse19697_gse43365,meta_source,None,None,0.0
roc_auc_score,5,RandomForest,npn_global,gse19697_gse43365,meta_source,None,None,0.0
roc_auc_score,6,RandomForest,npn_global,gse19697_gse43365,meta_source,None,None,0.0
roc_auc_score,7,RandomForest,npn_global,gse19697_gse43365,meta_source,None,None,0.0
roc_auc_score,8,RandomForest,npn_global,gse19697_gse43365,meta_source,None,None,0.001126
roc_auc_score,9,RandomForest,npn_global,gse19697_gse43365,meta_source,None,None,0.0
mutual_info_score,0,RandomForest,npn_global,gse19697_gse43365,meta_source,None,None,0.010698
mutual_info_score,1,RandomForest,npn_global,gse19697_gse43365,meta_source,None,None,0.010698
mutual_info_score,2,RandomForest,npn_global,gse19697_gse43365,meta_source,None,None,0.010925
mutual_info_score,3,RandomForest,npn_global,gse19697_gse43365,meta_source,None,None,0.017868
mutual_info_score,4,RandomForest,npn_global,gse19697_gse43365,meta_source,None,None,0.012927
mutual_info_score,5,RandomForest,npn_global,gse19697_gse43365,meta_source,None,None,0.024737
mutual_info_score,6,RandomForest,npn_global,gse19697_gse43365,meta_source,None,None,0.010698
mutual_info_score,7,RandomForest,npn_global,gse19697_gse43365,meta_source,None,None,0.013097
mutual_info_score,8,RandomForest,npn_global,gse19697_gse43365,meta_source,None,None,0.013277
mutual_info_score,9,RandomForest,npn_global,gse19697_gse43365,meta_source,None,None,0.010755
accuracy_score,0,RandomForest,npn_global,gse19697_gse43365,meta_source,None,None,0.785185
accuracy_score,1,RandomForest,npn_global,gse19697_gse43365,meta_source,None,None,0.785185
accuracy_score,2,RandomForest,npn_global,gse19697_gse43365,meta_source,None,None,0.785185
accuracy_score,3,RandomForest,npn_global,gse19697_gse43365,meta_source,None,None,0.762963
accuracy_score,4,RandomForest,npn_global,gse19697_gse43365,meta_source,None,None,0.777778
accuracy_score,5,RandomForest,npn_global,gse19697_gse43365,meta_source,None,None,0.740741
accuracy_score,6,RandomForest,npn_global,gse19697_gse43365,meta_source,None,None,0.785185
accuracy_score,7,RandomForest,npn_global,gse19697_gse43365,meta_source,None,None,0.777778
accuracy_score,8,RandomForest,npn_global,gse19697_gse43365,meta_source,None,None,0.777778
accuracy_score,9,RandomForest,npn_global,gse19697_gse43365,meta_source,None,None,0.785185
roc_auc_score,0,HistGradientBoosting,npn_global,gse19697_gse43365,meta_source,None,None,0.693694
roc_auc_score,1,HistGradientBoosting,npn_global,gse19697_gse43365,meta_source,None,None,0.619369
roc_auc_score,2,HistGradientBoosting,npn_global,gse19697_gse43365,meta_source,None,None,0.727477
roc_auc_score,3,HistGradientBoosting,npn_global,gse19697_gse43365,meta_source,None,None,0.594032
roc_auc_score,4,HistGradientBoosting,npn_global,gse19697_gse43365,meta_source,None,None,0.672297
roc_auc_score,5,HistGradientBoosting,npn_global,gse19697_gse43365,meta_source,None,None,0.67455
roc_auc_score,6,HistGradientBoosting,npn_global,gse19697_gse43365,meta_source,None,None,0.743243
roc_auc_score,7,HistGradientBoosting,npn_global,gse19697_gse43365,meta_source,None,None,0.688626
roc_auc_score,8,HistGradientBoosting,npn_global,gse19697_gse43365,meta_source,None,None,0.695946
roc_auc_score,9,HistGradientBoosting,npn_global,gse19697_gse43365,meta_source,None,None,0.794482
mutual_info_score,0,HistGradientBoosting,npn_global,gse19697_gse43365,meta_source,None,None,0.008637
mutual_info_score,1,HistGradientBoosting,npn_global,gse19697_gse43365,meta_source,None,None,0.012927
mutual_info_score,2,HistGradientBoosting,npn_global,gse19697_gse43365,meta_source,None,None,0.021905
mutual_info_score,3,HistGradientBoosting,npn_global,gse19697_gse43365,meta_source,None,None,0.015098
mutual_info_score,4,HistGradientBoosting,npn_global,gse19697_gse43365,meta_source,None,None,0.00429
mutual_info_score,5,HistGradientBoosting,npn_global,gse19697_gse43365,meta_source,None,None,0.017678
mutual_info_score,6,HistGradientBoosting,npn_global,gse19697_gse43365,meta_source,None,None,0.010925
mutual_info_score,7,HistGradientBoosting,npn_global,gse19697_gse43365,meta_source,None,None,0.015449
mutual_info_score,8,HistGradientBoosting,npn_global,gse19697_gse43365,meta_source,None,None,0.010809
mutual_info_score,9,HistGradientBoosting,npn_global,gse19697_gse43365,meta_source,None,None,0.015155
accuracy_score,0,HistGradientBoosting,npn_global,gse19697_gse43365,meta_source,None,None,0.792593
accuracy_score,1,HistGradientBoosting,npn_global,gse19697_gse43365,meta_source,None,None,0.777778
accuracy_score,2,HistGradientBoosting,npn_global,gse19697_gse43365,meta_source,None,None,0.748148
accuracy_score,3,HistGradientBoosting,npn_global,gse19697_gse43365,meta_source,None,None,0.77037
accuracy_score,4,HistGradientBoosting,npn_global,gse19697_gse43365,meta_source,None,None,0.807407
accuracy_score,5,HistGradientBoosting,npn_global,gse19697_gse43365,meta_source,None,None,0.762963
accuracy_score,6,HistGradientBoosting,npn_global,gse19697_gse43365,meta_source,None,None,0.785185
accuracy_score,7,HistGradientBoosting,npn_global,gse19697_gse43365,meta_source,None,None,0.77037
accuracy_score,8,HistGradientBoosting,npn_global,gse19697_gse43365,meta_source,None,None,0.785185
accuracy_score,9,HistGradientBoosting,npn_global,gse19697_gse43365,meta_source,None,None,0.77037
roc_auc_score,0,RandomForest,unadjusted,gse19697_gse43365,meta_source,None,None,1.0
roc_auc_score,1,RandomForest,unadjusted,gse19697_gse43365,meta_source,None,None,1.0
roc_auc_score,2,RandomForest,unadjusted,gse19697_gse43365,meta_source,None,None,1.0
roc_auc_score,3,RandomForest,unadjusted,gse19697_gse43365,meta_source,None,None,1.0
roc_auc_score,4,RandomForest,unadjusted,gse19697_gse43365,meta_source,None,None,1.0
roc_auc_score,5,RandomForest,unadjusted,gse19697_gse43365,meta_source,None,None,1.0
roc_auc_score,6,RandomForest,unadjusted,gse19697_gse43365,meta_source,None,None,1.0
roc_auc_score,7,RandomForest,unadjusted,gse19697_gse43365,meta_source,None,None,1.0
roc_auc_score,8,RandomForest,unadjusted,gse19697_gse43365,meta_source,None,None,1.0
roc_auc_score,9,RandomForest,unadjusted,gse19697_gse43365,meta_source,None,None,1.0
mutual_info_score,0,RandomForest,unadjusted,gse19697_gse43365,meta_source,None,None,0.675191
mutual_info_score,1,RandomForest,unadjusted,gse19697_gse43365,meta_source,None,None,0.675191
mutual_info_score,2,RandomForest,unadjusted,gse19697_gse43365,meta_source,None,None,0.675191
mutual_info_score,3,RandomForest,unadjusted,gse19697_gse43365,meta_source,None,None,0.675191
mutual_info_score,4,RandomForest,unadjusted,gse19697_gse43365,meta_source,None,None,0.675191
mutual_info_score,5,RandomForest,unadjusted,gse19697_gse43365,meta_source,None,None,0.675191
mutual_info_score,6,RandomForest,unadjusted,gse19697_gse43365,meta_source,None,None,0.675191
mutual_info_score,7,RandomForest,unadjusted,gse19697_gse43365,meta_source,None,None,0.675191
mutual_info_score,8,RandomForest,unadjusted,gse19697_gse43365,meta_source,None,None,0.675191
mutual_info_score,9,RandomForest,unadjusted,gse19697_gse43365,meta_source,None,None,0.675191
accuracy_score,0,RandomForest,unadjusted,gse19697_gse43365,meta_source,None,None,1.0
accuracy_score,1,RandomForest,unadjusted,gse19697_gse43365,meta_source,None,None,1.0
accuracy_score,2,RandomForest,unadjusted,gse19697_gse43365,meta_source,None,None,1.0
accuracy_score,3,RandomForest,unadjusted,gse19697_gse43365,meta_source,None,None,1.0
accuracy_score,4,RandomForest,unadjusted,gse19697_gse43365,meta_source,None,None,1.0
accuracy_score,5,RandomForest,unadjusted,gse19697_gse43365,meta_source,None,None,1.0
accuracy_score,6,RandomForest,unadjusted,gse19697_gse43365,meta_source,None,None,1.0
accuracy_score,7,RandomForest,unadjusted,gse19697_gse43365,meta_source,None,None,1.0
accuracy_score,8,RandomForest,unadjusted,gse19697_gse43365,meta_source,None,None,1.0
accuracy_score,9,RandomForest,unadjusted,gse19697_gse43365,meta_source,None,None,1.0
roc_auc_score,0,HistGradientBoosting,unadjusted,gse19697_gse43365,meta_source,None,None,1.0
roc_auc_score,1,HistGradientBoosting,unadjusted,gse19697_gse43365,meta_source,None,None,1.0
roc_auc_score,2,HistGradientBoosting,unadjusted,gse19697_gse43365,meta_source,None,None,1.0
roc_auc_score,3,HistGradientBoosting,unadjusted,gse19697_gse43365,meta_source,None,None,1.0
roc_auc_score,4,HistGradientBoosting,unadjusted,gse19697_gse43365,meta_source,None,None,1.0
roc_auc_score,5,HistGradientBoosting,unadjusted,gse19697_gse43365,meta_source,None,None,1.0
roc_auc_score,6,HistGradientBoosting,unadjusted,gse19697_gse43365,meta_source,None,None,1.0
roc_auc_score,7,HistGradientBoosting,unadjusted,gse19697_gse43365,meta_source,None,None,1.0
roc_auc_score,8,HistGradientBoosting,unadjusted,gse19697_gse43365,meta_source,None,None,1.0
roc_auc_score,9,HistGradientBoosting,unadjusted,gse19697_gse43365,meta_source,None,None,1.0
mutual_info_score,0,HistGradientBoosting,unadjusted,gse19697_gse43365,meta_source,None,None,0.675191
mutual_info_score,1,HistGradientBoosting,unadjusted,gse19697_gse43365,meta_source,None,None,0.675191
mutual_info_score,2,HistGradientBoosting,unadjusted,gse19697_gse43365,meta_source,None,None,0.675191
mutual_info_score,3,HistGradientBoosting,unadjusted,gse19697_gse43365,meta_source,None,None,0.675191
mutual_info_score,4,HistGradientBoosting,unadjusted,gse19697_gse43365,meta_source,None,None,0.675191
mutual_info_score,5,HistGradientBoosting,unadjusted,gse19697_gse43365,meta_source,None,None,0.675191
mutual_info_score,6,HistGradientBoosting,unadjusted,gse19697_gse43365,meta_source,None,None,0.675191
mutual_info_score,7,HistGradientBoosting,unadjusted,gse19697_gse43365,meta_source,None,None,0.675191
mutual_info_score,8,HistGradientBoosting,unadjusted,gse19697_gse43365,meta_source,None,None,0.675191
mutual_info_score,9,HistGradientBoosting,unadjusted,gse19697_gse43365,meta_source,None,None,0.675191
accuracy_score,0,HistGradientBoosting,unadjusted,gse19697_gse43365,meta_source,None,None,1.0
accuracy_score,1,HistGradientBoosting,unadjusted,gse19697_gse43365,meta_source,None,None,1.0
accuracy_score,2,HistGradientBoosting,unadjusted,gse19697_gse43365,meta_source,None,None,1.0
accuracy_score,3,HistGradientBoosting,unadjusted,gse19697_gse43365,meta_source,None,None,1.0
accuracy_score,4,HistGradientBoosting,unadjusted,gse19697_gse43365,meta_source,None,None,1.0
accuracy_score,5,HistGradientBoosting,unadjusted,gse19697_gse43365,meta_source,None,None,1.0
accuracy_score,6,HistGradientBoosting,unadjusted,gse19697_gse43365,meta_source,None,None,1.0
accuracy_score,7,HistGradientBoosting,unadjusted,gse19697_gse43365,meta_source,None,None,1.0
accuracy_score,8,HistGradientBoosting,unadjusted,gse19697_gse43365,meta_source,None,None,1.0
accuracy_score,9,HistGradientBoosting,unadjusted,gse19697_gse43365,meta_source,None,None,1.0
roc_auc_score,0,RandomForest,gmm_npn_unit_std_global,gse19697_gse43365,meta_source,None,None,0.0
roc_auc_score,1,RandomForest,gmm_npn_unit_std_global,gse19697_gse43365,meta_source,None,None,0.002252
roc_auc_score,2,RandomForest,gmm_npn_unit_std_global,gse19697_gse43365,meta_source,None,None,0.006757
roc_auc_score,3,RandomForest,gmm_npn_unit_std_global,gse19697_gse43365,meta_source,None,None,0.001126
roc_auc_score,4,RandomForest,gmm_npn_unit_std_global,gse19697_gse43365,meta_source,None,None,0.001689
roc_auc_score,5,RandomForest,gmm_npn_unit_std_global,gse19697_gse43365,meta_source,None,None,0.01295
roc_auc_score,6,RandomForest,gmm_npn_unit_std_global,gse19697_gse43365,meta_source,None,None,0.009572
roc_auc_score,7,RandomForest,gmm_npn_unit_std_global,gse19697_gse43365,meta_source,None,None,0.0
roc_auc_score,8,RandomForest,gmm_npn_unit_std_global,gse19697_gse43365,meta_source,None,None,0.001126
roc_auc_score,9,RandomForest,gmm_npn_unit_std_global,gse19697_gse43365,meta_source,None,None,0.000563
mutual_info_score,0,RandomForest,gmm_npn_unit_std_global,gse19697_gse43365,meta_source,None,None,0.015215
mutual_info_score,1,RandomForest,gmm_npn_unit_std_global,gse19697_gse43365,meta_source,None,None,0.017327
mutual_info_score,2,RandomForest,gmm_npn_unit_std_global,gse19697_gse43365,meta_source,None,None,0.010809
mutual_info_score,3,RandomForest,gmm_npn_unit_std_global,gse19697_gse43365,meta_source,None,None,0.015449
mutual_info_score,4,RandomForest,gmm_npn_unit_std_global,gse19697_gse43365,meta_source,None,None,0.008526
mutual_info_score,5,RandomForest,gmm_npn_unit_std_global,gse19697_gse43365,meta_source,None,None,0.019967
mutual_info_score,6,RandomForest,gmm_npn_unit_std_global,gse19697_gse43365,meta_source,None,None,0.015449
mutual_info_score,7,RandomForest,gmm_npn_unit_std_global,gse19697_gse43365,meta_source,None,None,0.013097
mutual_info_score,8,RandomForest,gmm_npn_unit_std_global,gse19697_gse43365,meta_source,None,None,0.015696
mutual_info_score,9,RandomForest,gmm_npn_unit_std_global,gse19697_gse43365,meta_source,None,None,0.008526
accuracy_score,0,RandomForest,gmm_npn_unit_std_global,gse19697_gse43365,meta_source,None,None,0.77037
accuracy_score,1,RandomForest,gmm_npn_unit_std_global,gse19697_gse43365,meta_source,None,None,0.762963
accuracy_score,2,RandomForest,gmm_npn_unit_std_global,gse19697_gse43365,meta_source,None,None,0.785185
accuracy_score,3,RandomForest,gmm_npn_unit_std_global,gse19697_gse43365,meta_source,None,None,0.77037
accuracy_score,4,RandomForest,gmm_npn_unit_std_global,gse19697_gse43365,meta_source,None,None,0.792593
accuracy_score,5,RandomForest,gmm_npn_unit_std_global,gse19697_gse43365,meta_source,None,None,0.755556
accuracy_score,6,RandomForest,gmm_npn_unit_std_global,gse19697_gse43365,meta_source,None,None,0.77037
accuracy_score,7,RandomForest,gmm_npn_unit_std_global,gse19697_gse43365,meta_source,None,None,0.777778
accuracy_score,8,RandomForest,gmm_npn_unit_std_global,gse19697_gse43365,meta_source,None,None,0.77037
accuracy_score,9,RandomForest,gmm_npn_unit_std_global,gse19697_gse43365,meta_source,None,None,0.792593
roc_auc_score,0,HistGradientBoosting,gmm_npn_unit_std_global,gse19697_gse43365,meta_source,None,None,0.837838
roc_auc_score,1,HistGradientBoosting,gmm_npn_unit_std_global,gse19697_gse43365,meta_source,None,None,0.745495
roc_auc_score,2,HistGradientBoosting,gmm_npn_unit_std_global,gse19697_gse43365,meta_source,None,None,0.779279
roc_auc_score,3,HistGradientBoosting,gmm_npn_unit_std_global,gse19697_gse43365,meta_source,None,None,0.736486
roc_auc_score,4,HistGradientBoosting,gmm_npn_unit_std_global,gse19697_gse43365,meta_source,None,None,0.80518
roc_auc_score,5,HistGradientBoosting,gmm_npn_unit_std_global,gse19697_gse43365,meta_source,None,None,0.738739
roc_auc_score,6,HistGradientBoosting,gmm_npn_unit_std_global,gse19697_gse43365,meta_source,None,None,0.790541
roc_auc_score,7,HistGradientBoosting,gmm_npn_unit_std_global,gse19697_gse43365,meta_source,None,None,0.740991
roc_auc_score,8,HistGradientBoosting,gmm_npn_unit_std_global,gse19697_gse43365,meta_source,None,None,0.708896
roc_auc_score,9,HistGradientBoosting,gmm_npn_unit_std_global,gse19697_gse43365,meta_source,None,None,0.763514
mutual_info_score,0,HistGradientBoosting,gmm_npn_unit_std_global,gse19697_gse43365,meta_source,None,None,0.006408
mutual_info_score,1,HistGradientBoosting,gmm_npn_unit_std_global,gse19697_gse43365,meta_source,None,None,9.9e-05
mutual_info_score,2,HistGradientBoosting,gmm_npn_unit_std_global,gse19697_gse43365,meta_source,None,None,0.015465
mutual_info_score,3,HistGradientBoosting,gmm_npn_unit_std_global,gse19697_gse43365,meta_source,None,None,0.006664
mutual_info_score,4,HistGradientBoosting,gmm_npn_unit_std_global,gse19697_gse43365,meta_source,None,None,0.008836
mutual_info_score,5,HistGradientBoosting,gmm_npn_unit_std_global,gse19697_gse43365,meta_source,None,None,0.015215
mutual_info_score,6,HistGradientBoosting,gmm_npn_unit_std_global,gse19697_gse43365,meta_source,None,None,0.010809
mutual_info_score,7,HistGradientBoosting,gmm_npn_unit_std_global,gse19697_gse43365,meta_source,None,None,0.00429
mutual_info_score,8,HistGradientBoosting,gmm_npn_unit_std_global,gse19697_gse43365,meta_source,None,None,0.013097
mutual_info_score,9,HistGradientBoosting,gmm_npn_unit_std_global,gse19697_gse43365,meta_source,None,None,0.010698
accuracy_score,0,HistGradientBoosting,gmm_npn_unit_std_global,gse19697_gse43365,meta_source,None,None,0.8
accuracy_score,1,HistGradientBoosting,gmm_npn_unit_std_global,gse19697_gse43365,meta_source,None,None,0.8
accuracy_score,2,HistGradientBoosting,gmm_npn_unit_std_global,gse19697_gse43365,meta_source,None,None,0.77037
accuracy_score,3,HistGradientBoosting,gmm_npn_unit_std_global,gse19697_gse43365,meta_source,None,None,0.8
accuracy_score,4,HistGradientBoosting,gmm_npn_unit_std_global,gse19697_gse43365,meta_source,None,None,0.792593
accuracy_score,5,HistGradientBoosting,gmm_npn_unit_std_global,gse19697_gse43365,meta_source,None,None,0.77037
accuracy_score,6,HistGradientBoosting,gmm_npn_unit_std_global,gse19697_gse43365,meta_source,None,None,0.785185
accuracy_score,7,HistGradientBoosting,gmm_npn_unit_std_global,gse19697_gse43365,meta_source,None,None,0.807407
accuracy_score,8,HistGradientBoosting,gmm_npn_unit_std_global,gse19697_gse43365,meta_source,None,None,0.777778
accuracy_score,9,HistGradientBoosting,gmm_npn_unit_std_global,gse19697_gse43365,meta_source,None,None,0.785185
roc_auc_score,0,RandomForest,npn_global,gse19697_gse45255,meta_source,None,None,0.004261
roc_auc_score,1,RandomForest,npn_global,gse19697_gse45255,meta_source,None,None,0.000473
roc_auc_score,2,RandomForest,npn_global,gse19697_gse45255,meta_source,None,None,0.0
roc_auc_score,3,RandomForest,npn_global,gse19697_gse45255,meta_source,None,None,0.0
roc_auc_score,4,RandomForest,npn_global,gse19697_gse45255,meta_source,None,None,0.000926
roc_auc_score,5,RandomForest,npn_global,gse19697_gse45255,meta_source,None,None,0.0
roc_auc_score,6,RandomForest,npn_global,gse19697_gse45255,meta_source,None,None,0.001873
roc_auc_score,7,RandomForest,npn_global,gse19697_gse45255,meta_source,None,None,0.0
roc_auc_score,8,RandomForest,npn_global,gse19697_gse45255,meta_source,None,None,0.0
roc_auc_score,9,RandomForest,npn_global,gse19697_gse45255,meta_source,None,None,0.0
mutual_info_score,0,RandomForest,npn_global,gse19697_gse45255,meta_source,None,None,0.00816
mutual_info_score,1,RandomForest,npn_global,gse19697_gse45255,meta_source,None,None,0.006348
mutual_info_score,2,RandomForest,npn_global,gse19697_gse45255,meta_source,None,None,0.004593
mutual_info_score,3,RandomForest,npn_global,gse19697_gse45255,meta_source,None,None,0.004718
mutual_info_score,4,RandomForest,npn_global,gse19697_gse45255,meta_source,None,None,0.003123
mutual_info_score,5,RandomForest,npn_global,gse19697_gse45255,meta_source,None,None,0.003061
mutual_info_score,6,RandomForest,npn_global,gse19697_gse45255,meta_source,None,None,0.00816
mutual_info_score,7,RandomForest,npn_global,gse19697_gse45255,meta_source,None,None,0.003123
mutual_info_score,8,RandomForest,npn_global,gse19697_gse45255,meta_source,None,None,0.001561
mutual_info_score,9,RandomForest,npn_global,gse19697_gse45255,meta_source,None,None,0.003061
accuracy_score,0,RandomForest,npn_global,gse19697_gse45255,meta_source,None,None,0.81507
accuracy_score,1,RandomForest,npn_global,gse19697_gse45255,meta_source,None,None,0.82148
accuracy_score,2,RandomForest,npn_global,gse19697_gse45255,meta_source,None,None,0.828133
accuracy_score,3,RandomForest,npn_global,gse19697_gse45255,meta_source,None,None,0.827891
accuracy_score,4,RandomForest,npn_global,gse19697_gse45255,meta_source,None,None,0.834301
accuracy_score,5,RandomForest,npn_global,gse19697_gse45255,meta_source,None,None,0.834422
accuracy_score,6,RandomForest,npn_global,gse19697_gse45255,meta_source,None,None,0.81507
accuracy_score,7,RandomForest,npn_global,gse19697_gse45255,meta_source,None,None,0.834301
accuracy_score,8,RandomForest,npn_global,gse19697_gse45255,meta_source,None,None,0.840711
accuracy_score,9,RandomForest,npn_global,gse19697_gse45255,meta_source,None,None,0.834422
roc_auc_score,0,HistGradientBoosting,npn_global,gse19697_gse45255,meta_source,None,None,0.007576
roc_auc_score,1,HistGradientBoosting,npn_global,gse19697_gse45255,meta_source,None,None,0.000926
roc_auc_score,2,HistGradientBoosting,npn_global,gse19697_gse45255,meta_source,None,None,0.0
roc_auc_score,3,HistGradientBoosting,npn_global,gse19697_gse45255,meta_source,None,None,0.004672
roc_auc_score,4,HistGradientBoosting,npn_global,gse19697_gse45255,meta_source,None,None,0.000947
roc_auc_score,5,HistGradientBoosting,npn_global,gse19697_gse45255,meta_source,None,None,0.007576
roc_auc_score,6,HistGradientBoosting,npn_global,gse19697_gse45255,meta_source,None,None,0.0
roc_auc_score,7,HistGradientBoosting,npn_global,gse19697_gse45255,meta_source,None,None,0.0
roc_auc_score,8,HistGradientBoosting,npn_global,gse19697_gse45255,meta_source,None,None,0.000947
roc_auc_score,9,HistGradientBoosting,npn_global,gse19697_gse45255,meta_source,None,None,0.005598
mutual_info_score,0,HistGradientBoosting,npn_global,gse19697_gse45255,meta_source,None,None,0.00772
mutual_info_score,1,HistGradientBoosting,npn_global,gse19697_gse45255,meta_source,None,None,0.004593
mutual_info_score,2,HistGradientBoosting,npn_global,gse19697_gse45255,meta_source,None,None,0.006454
mutual_info_score,3,HistGradientBoosting,npn_global,gse19697_gse45255,meta_source,None,None,0.01278
mutual_info_score,4,HistGradientBoosting,npn_global,gse19697_gse45255,meta_source,None,None,0.01417
mutual_info_score,5,HistGradientBoosting,npn_global,gse19697_gse45255,meta_source,None,None,0.011051
mutual_info_score,6,HistGradientBoosting,npn_global,gse19697_gse45255,meta_source,None,None,0.003061
mutual_info_score,7,HistGradientBoosting,npn_global,gse19697_gse45255,meta_source,None,None,0.012756
mutual_info_score,8,HistGradientBoosting,npn_global,gse19697_gse45255,meta_source,None,None,0.003156
mutual_info_score,9,HistGradientBoosting,npn_global,gse19697_gse45255,meta_source,None,None,0.006348
accuracy_score,0,HistGradientBoosting,npn_global,gse19697_gse45255,meta_source,None,None,0.815433
accuracy_score,1,HistGradientBoosting,npn_global,gse19697_gse45255,meta_source,None,None,0.828133
accuracy_score,2,HistGradientBoosting,npn_global,gse19697_gse45255,meta_source,None,None,0.82148
accuracy_score,3,HistGradientBoosting,npn_global,gse19697_gse45255,meta_source,None,None,0.796686
accuracy_score,4,HistGradientBoosting,npn_global,gse19697_gse45255,meta_source,None,None,0.789792
accuracy_score,5,HistGradientBoosting,npn_global,gse19697_gse45255,meta_source,None,None,0.802612
accuracy_score,6,HistGradientBoosting,npn_global,gse19697_gse45255,meta_source,None,None,0.834422
accuracy_score,7,HistGradientBoosting,npn_global,gse19697_gse45255,meta_source,None,None,0.796202
accuracy_score,8,HistGradientBoosting,npn_global,gse19697_gse45255,meta_source,None,None,0.834301
accuracy_score,9,HistGradientBoosting,npn_global,gse19697_gse45255,meta_source,None,None,0.82148
roc_auc_score,0,RandomForest,unadjusted,gse19697_gse45255,meta_source,None,None,1.0
roc_auc_score,1,RandomForest,unadjusted,gse19697_gse45255,meta_source,None,None,1.0
roc_auc_score,2,RandomForest,unadjusted,gse19697_gse45255,meta_source,None,None,1.0
roc_auc_score,3,RandomForest,unadjusted,gse19697_gse45255,meta_source,None,None,1.0
roc_auc_score,4,RandomForest,unadjusted,gse19697_gse45255,meta_source,None,None,1.0
roc_auc_score,5,RandomForest,unadjusted,gse19697_gse45255,meta_source,None,None,1.0
roc_auc_score,6,RandomForest,unadjusted,gse19697_gse45255,meta_source,None,None,1.0
roc_auc_score,7,RandomForest,unadjusted,gse19697_gse45255,meta_source,None,None,1.0
roc_auc_score,8,RandomForest,unadjusted,gse19697_gse45255,meta_source,None,None,1.0
roc_auc_score,9,RandomForest,unadjusted,gse19697_gse45255,meta_source,None,None,1.0
mutual_info_score,0,RandomForest,unadjusted,gse19697_gse45255,meta_source,None,None,0.616987
mutual_info_score,1,RandomForest,unadjusted,gse19697_gse45255,meta_source,None,None,0.616987
mutual_info_score,2,RandomForest,unadjusted,gse19697_gse45255,meta_source,None,None,0.616987
mutual_info_score,3,RandomForest,unadjusted,gse19697_gse45255,meta_source,None,None,0.616987
mutual_info_score,4,RandomForest,unadjusted,gse19697_gse45255,meta_source,None,None,0.616987
mutual_info_score,5,RandomForest,unadjusted,gse19697_gse45255,meta_source,None,None,0.616987
mutual_info_score,6,RandomForest,unadjusted,gse19697_gse45255,meta_source,None,None,0.616987
mutual_info_score,7,RandomForest,unadjusted,gse19697_gse45255,meta_source,None,None,0.616987
mutual_info_score,8,RandomForest,unadjusted,gse19697_gse45255,meta_source,None,None,0.616987
mutual_info_score,9,RandomForest,unadjusted,gse19697_gse45255,meta_source,None,None,0.616987
accuracy_score,0,RandomForest,unadjusted,gse19697_gse45255,meta_source,None,None,1.0
accuracy_score,1,RandomForest,unadjusted,gse19697_gse45255,meta_source,None,None,1.0
accuracy_score,2,RandomForest,unadjusted,gse19697_gse45255,meta_source,None,None,1.0
accuracy_score,3,RandomForest,unadjusted,gse19697_gse45255,meta_source,None,None,1.0
accuracy_score,4,RandomForest,unadjusted,gse19697_gse45255,meta_source,None,None,1.0
accuracy_score,5,RandomForest,unadjusted,gse19697_gse45255,meta_source,None,None,1.0
accuracy_score,6,RandomForest,unadjusted,gse19697_gse45255,meta_source,None,None,1.0
accuracy_score,7,RandomForest,unadjusted,gse19697_gse45255,meta_source,None,None,1.0
accuracy_score,8,RandomForest,unadjusted,gse19697_gse45255,meta_source,None,None,1.0
accuracy_score,9,RandomForest,unadjusted,gse19697_gse45255,meta_source,None,None,1.0
roc_auc_score,0,HistGradientBoosting,unadjusted,gse19697_gse45255,meta_source,None,None,1.0
roc_auc_score,1,HistGradientBoosting,unadjusted,gse19697_gse45255,meta_source,None,None,1.0
roc_auc_score,2,HistGradientBoosting,unadjusted,gse19697_gse45255,meta_source,None,None,1.0
roc_auc_score,3,HistGradientBoosting,unadjusted,gse19697_gse45255,meta_source,None,None,1.0
roc_auc_score,4,HistGradientBoosting,unadjusted,gse19697_gse45255,meta_source,None,None,1.0
roc_auc_score,5,HistGradientBoosting,unadjusted,gse19697_gse45255,meta_source,None,None,1.0
roc_auc_score,6,HistGradientBoosting,unadjusted,gse19697_gse45255,meta_source,None,None,1.0
roc_auc_score,7,HistGradientBoosting,unadjusted,gse19697_gse45255,meta_source,None,None,1.0
roc_auc_score,8,HistGradientBoosting,unadjusted,gse19697_gse45255,meta_source,None,None,1.0
roc_auc_score,9,HistGradientBoosting,unadjusted,gse19697_gse45255,meta_source,None,None,1.0
mutual_info_score,0,HistGradientBoosting,unadjusted,gse19697_gse45255,meta_source,None,None,0.616987
mutual_info_score,1,HistGradientBoosting,unadjusted,gse19697_gse45255,meta_source,None,None,0.616987
mutual_info_score,2,HistGradientBoosting,unadjusted,gse19697_gse45255,meta_source,None,None,0.616987
mutual_info_score,3,HistGradientBoosting,unadjusted,gse19697_gse45255,meta_source,None,None,0.616987
mutual_info_score,4,HistGradientBoosting,unadjusted,gse19697_gse45255,meta_source,None,None,0.616987
mutual_info_score,5,HistGradientBoosting,unadjusted,gse19697_gse45255,meta_source,None,None,0.616987
mutual_info_score,6,HistGradientBoosting,unadjusted,gse19697_gse45255,meta_source,None,None,0.616987
mutual_info_score,7,HistGradientBoosting,unadjusted,gse19697_gse45255,meta_source,None,None,0.616987
mutual_info_score,8,HistGradientBoosting,unadjusted,gse19697_gse45255,meta_source,None,None,0.616987
mutual_info_score,9,HistGradientBoosting,unadjusted,gse19697_gse45255,meta_source,None,None,0.616987
accuracy_score,0,HistGradientBoosting,unadjusted,gse19697_gse45255,meta_source,None,None,1.0
accuracy_score,1,HistGradientBoosting,unadjusted,gse19697_gse45255,meta_source,None,None,1.0
accuracy_score,2,HistGradientBoosting,unadjusted,gse19697_gse45255,meta_source,None,None,1.0
accuracy_score,3,HistGradientBoosting,unadjusted,gse19697_gse45255,meta_source,None,None,1.0
accuracy_score,4,HistGradientBoosting,unadjusted,gse19697_gse45255,meta_source,None,None,1.0
accuracy_score,5,HistGradientBoosting,unadjusted,gse19697_gse45255,meta_source,None,None,1.0
accuracy_score,6,HistGradientBoosting,unadjusted,gse19697_gse45255,meta_source,None,None,1.0
accuracy_score,7,HistGradientBoosting,unadjusted,gse19697_gse45255,meta_source,None,None,1.0
accuracy_score,8,HistGradientBoosting,unadjusted,gse19697_gse45255,meta_source,None,None,1.0
accuracy_score,9,HistGradientBoosting,unadjusted,gse19697_gse45255,meta_source,None,None,1.0
roc_auc_score,0,RandomForest,gmm_npn_unit_std_global,gse19697_gse45255,meta_source,None,None,0.007976
roc_auc_score,1,RandomForest,gmm_npn_unit_std_global,gse19697_gse45255,meta_source,None,None,0.009796
roc_auc_score,2,RandomForest,gmm_npn_unit_std_global,gse19697_gse45255,meta_source,None,None,0.00283
roc_auc_score,3,RandomForest,gmm_npn_unit_std_global,gse19697_gse45255,meta_source,None,None,0.000463
roc_auc_score,4,RandomForest,gmm_npn_unit_std_global,gse19697_gse45255,meta_source,None,None,0.003777
roc_auc_score,5,RandomForest,gmm_npn_unit_std_global,gse19697_gse45255,meta_source,None,None,0.005208
roc_auc_score,6,RandomForest,gmm_npn_unit_std_global,gse19697_gse45255,meta_source,None,None,0.004682
roc_auc_score,7,RandomForest,gmm_npn_unit_std_global,gse19697_gse45255,meta_source,None,None,0.005135
roc_auc_score,8,RandomForest,gmm_npn_unit_std_global,gse19697_gse45255,meta_source,None,None,0.0
roc_auc_score,9,RandomForest,gmm_npn_unit_std_global,gse19697_gse45255,meta_source,None,None,0.009912
mutual_info_score,0,RandomForest,gmm_npn_unit_std_global,gse19697_gse45255,meta_source,None,None,0.004787
mutual_info_score,1,RandomForest,gmm_npn_unit_std_global,gse19697_gse45255,meta_source,None,None,0.004718
mutual_info_score,2,RandomForest,gmm_npn_unit_std_global,gse19697_gse45255,meta_source,None,None,0.0015
mutual_info_score,3,RandomForest,gmm_npn_unit_std_global,gse19697_gse45255,meta_source,None,None,0.009515
mutual_info_score,4,RandomForest,gmm_npn_unit_std_global,gse19697_gse45255,meta_source,None,None,0.003123
mutual_info_score,5,RandomForest,gmm_npn_unit_std_global,gse19697_gse45255,meta_source,None,None,0.003061
mutual_info_score,6,RandomForest,gmm_npn_unit_std_global,gse19697_gse45255,meta_source,None,None,0.004787
mutual_info_score,7,RandomForest,gmm_npn_unit_std_global,gse19697_gse45255,meta_source,None,None,0.003123
mutual_info_score,8,RandomForest,gmm_npn_unit_std_global,gse19697_gse45255,meta_source,None,None,0.001561
mutual_info_score,9,RandomForest,gmm_npn_unit_std_global,gse19697_gse45255,meta_source,None,None,0.003061
accuracy_score,0,RandomForest,gmm_npn_unit_std_global,gse19697_gse45255,meta_source,None,None,0.827891
accuracy_score,1,RandomForest,gmm_npn_unit_std_global,gse19697_gse45255,meta_source,None,None,0.827891
accuracy_score,2,RandomForest,gmm_npn_unit_std_global,gse19697_gse45255,meta_source,None,None,0.840832
accuracy_score,3,RandomForest,gmm_npn_unit_std_global,gse19697_gse45255,meta_source,None,None,0.808781
accuracy_score,4,RandomForest,gmm_npn_unit_std_global,gse19697_gse45255,meta_source,None,None,0.834301
accuracy_score,5,RandomForest,gmm_npn_unit_std_global,gse19697_gse45255,meta_source,None,None,0.834422
accuracy_score,6,RandomForest,gmm_npn_unit_std_global,gse19697_gse45255,meta_source,None,None,0.827891
accuracy_score,7,RandomForest,gmm_npn_unit_std_global,gse19697_gse45255,meta_source,None,None,0.834301
accuracy_score,8,RandomForest,gmm_npn_unit_std_global,gse19697_gse45255,meta_source,None,None,0.840711
accuracy_score,9,RandomForest,gmm_npn_unit_std_global,gse19697_gse45255,meta_source,None,None,0.834422
roc_auc_score,0,HistGradientBoosting,gmm_npn_unit_std_global,gse19697_gse45255,meta_source,None,None,0.082176
roc_auc_score,1,HistGradientBoosting,gmm_npn_unit_std_global,gse19697_gse45255,meta_source,None,None,0.092361
roc_auc_score,2,HistGradientBoosting,gmm_npn_unit_std_global,gse19697_gse45255,meta_source,None,None,0.04072
roc_auc_score,3,HistGradientBoosting,gmm_npn_unit_std_global,gse19697_gse45255,meta_source,None,None,0.045307
roc_auc_score,4,HistGradientBoosting,gmm_npn_unit_std_global,gse19697_gse45255,meta_source,None,None,0.031987
roc_auc_score,5,HistGradientBoosting,gmm_npn_unit_std_global,gse19697_gse45255,meta_source,None,None,0.064457
roc_auc_score,6,HistGradientBoosting,gmm_npn_unit_std_global,gse19697_gse45255,meta_source,None,None,0.051768
roc_auc_score,7,HistGradientBoosting,gmm_npn_unit_std_global,gse19697_gse45255,meta_source,None,None,0.011322
roc_auc_score,8,HistGradientBoosting,gmm_npn_unit_std_global,gse19697_gse45255,meta_source,None,None,0.008523
roc_auc_score,9,HistGradientBoosting,gmm_npn_unit_std_global,gse19697_gse45255,meta_source,None,None,0.042403
mutual_info_score,0,HistGradientBoosting,gmm_npn_unit_std_global,gse19697_gse45255,meta_source,None,None,0.001561
mutual_info_score,1,HistGradientBoosting,gmm_npn_unit_std_global,gse19697_gse45255,meta_source,None,None,0.001561
mutual_info_score,2,HistGradientBoosting,gmm_npn_unit_std_global,gse19697_gse45255,meta_source,None,None,0.003156
mutual_info_score,3,HistGradientBoosting,gmm_npn_unit_std_global,gse19697_gse45255,meta_source,None,None,0.0
mutual_info_score,4,HistGradientBoosting,gmm_npn_unit_std_global,gse19697_gse45255,meta_source,None,None,0.003061
mutual_info_score,5,HistGradientBoosting,gmm_npn_unit_std_global,gse19697_gse45255,meta_source,None,None,0.003032
mutual_info_score,6,HistGradientBoosting,gmm_npn_unit_std_global,gse19697_gse45255,meta_source,None,None,0.003061
mutual_info_score,7,HistGradientBoosting,gmm_npn_unit_std_global,gse19697_gse45255,meta_source,None,None,0.003032
mutual_info_score,8,HistGradientBoosting,gmm_npn_unit_std_global,gse19697_gse45255,meta_source,None,None,0.006188
mutual_info_score,9,HistGradientBoosting,gmm_npn_unit_std_global,gse19697_gse45255,meta_source,None,None,0.0015
accuracy_score,0,HistGradientBoosting,gmm_npn_unit_std_global,gse19697_gse45255,meta_source,None,None,0.840711
accuracy_score,1,HistGradientBoosting,gmm_npn_unit_std_global,gse19697_gse45255,meta_source,None,None,0.840711
accuracy_score,2,HistGradientBoosting,gmm_npn_unit_std_global,gse19697_gse45255,meta_source,None,None,0.834301
accuracy_score,3,HistGradientBoosting,gmm_npn_unit_std_global,gse19697_gse45255,meta_source,None,None,0.847121
accuracy_score,4,HistGradientBoosting,gmm_npn_unit_std_global,gse19697_gse45255,meta_source,None,None,0.834422
accuracy_score,5,HistGradientBoosting,gmm_npn_unit_std_global,gse19697_gse45255,meta_source,None,None,0.834543
accuracy_score,6,HistGradientBoosting,gmm_npn_unit_std_global,gse19697_gse45255,meta_source,None,None,0.834422
accuracy_score,7,HistGradientBoosting,gmm_npn_unit_std_global,gse19697_gse45255,meta_source,None,None,0.834543
accuracy_score,8,HistGradientBoosting,gmm_npn_unit_std_global,gse19697_gse45255,meta_source,None,None,0.821722
accuracy_score,9,HistGradientBoosting,gmm_npn_unit_std_global,gse19697_gse45255,meta_source,None,None,0.840832
roc_auc_score,0,RandomForest,fastMNN,gse19697_gse20194,meta_source,None,None,1.0
roc_auc_score,1,RandomForest,fastMNN,gse19697_gse20194,meta_source,None,None,1.0
roc_auc_score,2,RandomForest,fastMNN,gse19697_gse20194,meta_source,None,None,1.0
roc_auc_score,3,RandomForest,fastMNN,gse19697_gse20194,meta_source,None,None,1.0
roc_auc_score,4,RandomForest,fastMNN,gse19697_gse20194,meta_source,None,None,1.0
roc_auc_score,5,RandomForest,fastMNN,gse19697_gse20194,meta_source,None,None,1.0
roc_auc_score,6,RandomForest,fastMNN,gse19697_gse20194,meta_source,None,None,1.0
roc_auc_score,7,RandomForest,fastMNN,gse19697_gse20194,meta_source,None,None,1.0
roc_auc_score,8,RandomForest,fastMNN,gse19697_gse20194,meta_source,None,None,1.0
roc_auc_score,9,RandomForest,fastMNN,gse19697_gse20194,meta_source,None,None,1.0
mutual_info_score,0,RandomForest,fastMNN,gse19697_gse20194,meta_source,None,None,0.259369
mutual_info_score,1,RandomForest,fastMNN,gse19697_gse20194,meta_source,None,None,0.28046
mutual_info_score,2,RandomForest,fastMNN,gse19697_gse20194,meta_source,None,None,0.172714
mutual_info_score,3,RandomForest,fastMNN,gse19697_gse20194,meta_source,None,None,0.180024
mutual_info_score,4,RandomForest,fastMNN,gse19697_gse20194,meta_source,None,None,0.188296
mutual_info_score,5,RandomForest,fastMNN,gse19697_gse20194,meta_source,None,None,0.229475
mutual_info_score,6,RandomForest,fastMNN,gse19697_gse20194,meta_source,None,None,0.171453
mutual_info_score,7,RandomForest,fastMNN,gse19697_gse20194,meta_source,None,None,0.196814
mutual_info_score,8,RandomForest,fastMNN,gse19697_gse20194,meta_source,None,None,0.257894
mutual_info_score,9,RandomForest,fastMNN,gse19697_gse20194,meta_source,None,None,0.299333
accuracy_score,0,RandomForest,fastMNN,gse19697_gse20194,meta_source,None,None,0.974558
accuracy_score,1,RandomForest,fastMNN,gse19697_gse20194,meta_source,None,None,0.978141
accuracy_score,2,RandomForest,fastMNN,gse19697_gse20194,meta_source,None,None,0.956362
accuracy_score,3,RandomForest,fastMNN,gse19697_gse20194,meta_source,None,None,0.956442
accuracy_score,4,RandomForest,fastMNN,gse19697_gse20194,meta_source,None,None,0.959986
accuracy_score,5,RandomForest,fastMNN,gse19697_gse20194,meta_source,None,None,0.967272
accuracy_score,6,RandomForest,fastMNN,gse19697_gse20194,meta_source,None,None,0.956362
accuracy_score,7,RandomForest,fastMNN,gse19697_gse20194,meta_source,None,None,0.959946
accuracy_score,8,RandomForest,fastMNN,gse19697_gse20194,meta_source,None,None,0.970895
accuracy_score,9,RandomForest,fastMNN,gse19697_gse20194,meta_source,None,None,0.981844
matthews_corrcoef,0,RandomForest,fastMNN,gse19697_gse20194,meta_source,None,None,0.829497
matthews_corrcoef,1,RandomForest,fastMNN,gse19697_gse20194,meta_source,None,None,0.85415
matthews_corrcoef,2,RandomForest,fastMNN,gse19697_gse20194,meta_source,None,None,0.687467
matthews_corrcoef,3,RandomForest,fastMNN,gse19697_gse20194,meta_source,None,None,0.657426
matthews_corrcoef,4,RandomForest,fastMNN,gse19697_gse20194,meta_source,None,None,0.719443
matthews_corrcoef,5,RandomForest,fastMNN,gse19697_gse20194,meta_source,None,None,0.767159
matthews_corrcoef,6,RandomForest,fastMNN,gse19697_gse20194,meta_source,None,None,0.690786
matthews_corrcoef,7,RandomForest,fastMNN,gse19697_gse20194,meta_source,None,None,0.706513
matthews_corrcoef,8,RandomForest,fastMNN,gse19697_gse20194,meta_source,None,None,0.790527
matthews_corrcoef,9,RandomForest,fastMNN,gse19697_gse20194,meta_source,None,None,0.880541
roc_auc_score,0,HistGradientBoosting,fastMNN,gse19697_gse20194,meta_source,None,None,0.999002
roc_auc_score,1,HistGradientBoosting,fastMNN,gse19697_gse20194,meta_source,None,None,1.0
roc_auc_score,2,HistGradientBoosting,fastMNN,gse19697_gse20194,meta_source,None,None,1.0
roc_auc_score,3,HistGradientBoosting,fastMNN,gse19697_gse20194,meta_source,None,None,1.0
roc_auc_score,4,HistGradientBoosting,fastMNN,gse19697_gse20194,meta_source,None,None,0.996032
roc_auc_score,5,HistGradientBoosting,fastMNN,gse19697_gse20194,meta_source,None,None,0.998512
roc_auc_score,6,HistGradientBoosting,fastMNN,gse19697_gse20194,meta_source,None,None,1.0
roc_auc_score,7,HistGradientBoosting,fastMNN,gse19697_gse20194,meta_source,None,None,1.0
roc_auc_score,8,HistGradientBoosting,fastMNN,gse19697_gse20194,meta_source,None,None,0.999504
roc_auc_score,9,HistGradientBoosting,fastMNN,gse19697_gse20194,meta_source,None,None,0.99504
mutual_info_score,0,HistGradientBoosting,fastMNN,gse19697_gse20194,meta_source,None,None,0.35675
mutual_info_score,1,HistGradientBoosting,fastMNN,gse19697_gse20194,meta_source,None,None,0.370469
mutual_info_score,2,HistGradientBoosting,fastMNN,gse19697_gse20194,meta_source,None,None,0.382297
mutual_info_score,3,HistGradientBoosting,fastMNN,gse19697_gse20194,meta_source,None,None,0.292851
mutual_info_score,4,HistGradientBoosting,fastMNN,gse19697_gse20194,meta_source,None,None,0.362771
mutual_info_score,5,HistGradientBoosting,fastMNN,gse19697_gse20194,meta_source,None,None,0.382228
mutual_info_score,6,HistGradientBoosting,fastMNN,gse19697_gse20194,meta_source,None,None,0.427306
mutual_info_score,7,HistGradientBoosting,fastMNN,gse19697_gse20194,meta_source,None,None,0.410715
mutual_info_score,8,HistGradientBoosting,fastMNN,gse19697_gse20194,meta_source,None,None,0.349235
mutual_info_score,9,HistGradientBoosting,fastMNN,gse19697_gse20194,meta_source,None,None,0.297241
accuracy_score,0,HistGradientBoosting,fastMNN,gse19697_gse20194,meta_source,None,None,0.985428
accuracy_score,1,HistGradientBoosting,fastMNN,gse19697_gse20194,meta_source,None,None,0.992754
accuracy_score,2,HistGradientBoosting,fastMNN,gse19697_gse20194,meta_source,None,None,0.992714
accuracy_score,3,HistGradientBoosting,fastMNN,gse19697_gse20194,meta_source,None,None,0.978221
accuracy_score,4,HistGradientBoosting,fastMNN,gse19697_gse20194,meta_source,None,None,0.98913
accuracy_score,5,HistGradientBoosting,fastMNN,gse19697_gse20194,meta_source,None,None,0.992714
accuracy_score,6,HistGradientBoosting,fastMNN,gse19697_gse20194,meta_source,None,None,1.0
accuracy_score,7,HistGradientBoosting,fastMNN,gse19697_gse20194,meta_source,None,None,0.996337
accuracy_score,8,HistGradientBoosting,fastMNN,gse19697_gse20194,meta_source,None,None,0.98913
accuracy_score,9,HistGradientBoosting,fastMNN,gse19697_gse20194,meta_source,None,None,0.978221
matthews_corrcoef,0,HistGradientBoosting,fastMNN,gse19697_gse20194,meta_source,None,None,0.91556
matthews_corrcoef,1,HistGradientBoosting,fastMNN,gse19697_gse20194,meta_source,None,None,0.953264
matthews_corrcoef,2,HistGradientBoosting,fastMNN,gse19697_gse20194,meta_source,None,None,0.955669
matthews_corrcoef,3,HistGradientBoosting,fastMNN,gse19697_gse20194,meta_source,None,None,0.856609
matthews_corrcoef,4,HistGradientBoosting,fastMNN,gse19697_gse20194,meta_source,None,None,0.928134
matthews_corrcoef,5,HistGradientBoosting,fastMNN,gse19697_gse20194,meta_source,None,None,0.95567
matthews_corrcoef,6,HistGradientBoosting,fastMNN,gse19697_gse20194,meta_source,None,None,1.0
matthews_corrcoef,7,HistGradientBoosting,fastMNN,gse19697_gse20194,meta_source,None,None,0.979037
matthews_corrcoef,8,HistGradientBoosting,fastMNN,gse19697_gse20194,meta_source,None,None,0.928597
matthews_corrcoef,9,HistGradientBoosting,fastMNN,gse19697_gse20194,meta_source,None,None,0.852619
roc_auc_score,0,RandomForest,fastMNN,gse19697_gse20271,meta_source,None,None,1.0
roc_auc_score,1,RandomForest,fastMNN,gse19697_gse20271,meta_source,None,None,0.999199
roc_auc_score,2,RandomForest,fastMNN,gse19697_gse20271,meta_source,None,None,1.0
roc_auc_score,3,RandomForest,fastMNN,gse19697_gse20271,meta_source,None,None,1.0
roc_auc_score,4,RandomForest,fastMNN,gse19697_gse20271,meta_source,None,None,1.0
roc_auc_score,5,RandomForest,fastMNN,gse19697_gse20271,meta_source,None,None,1.0
roc_auc_score,6,RandomForest,fastMNN,gse19697_gse20271,meta_source,None,None,1.0
roc_auc_score,7,RandomForest,fastMNN,gse19697_gse20271,meta_source,None,None,1.0
roc_auc_score,8,RandomForest,fastMNN,gse19697_gse20271,meta_source,None,None,1.0
roc_auc_score,9,RandomForest,fastMNN,gse19697_gse20271,meta_source,None,None,1.0
mutual_info_score,0,RandomForest,fastMNN,gse19697_gse20271,meta_source,None,None,0.340115
mutual_info_score,1,RandomForest,fastMNN,gse19697_gse20271,meta_source,None,None,0.357698
mutual_info_score,2,RandomForest,fastMNN,gse19697_gse20271,meta_source,None,None,0.293596
mutual_info_score,3,RandomForest,fastMNN,gse19697_gse20271,meta_source,None,None,0.278819
mutual_info_score,4,RandomForest,fastMNN,gse19697_gse20271,meta_source,None,None,0.393671
mutual_info_score,5,RandomForest,fastMNN,gse19697_gse20271,meta_source,None,None,0.297642
mutual_info_score,6,RandomForest,fastMNN,gse19697_gse20271,meta_source,None,None,0.342693
mutual_info_score,7,RandomForest,fastMNN,gse19697_gse20271,meta_source,None,None,0.300962
mutual_info_score,8,RandomForest,fastMNN,gse19697_gse20271,meta_source,None,None,0.337403
mutual_info_score,9,RandomForest,fastMNN,gse19697_gse20271,meta_source,None,None,0.360825
accuracy_score,0,RandomForest,fastMNN,gse19697_gse20271,meta_source,None,None,0.961111
accuracy_score,1,RandomForest,fastMNN,gse19697_gse20271,meta_source,None,None,0.961111
accuracy_score,2,RandomForest,fastMNN,gse19697_gse20271,meta_source,None,None,0.95
accuracy_score,3,RandomForest,fastMNN,gse19697_gse20271,meta_source,None,None,0.944444
accuracy_score,4,RandomForest,fastMNN,gse19697_gse20271,meta_source,None,None,0.972222
accuracy_score,5,RandomForest,fastMNN,gse19697_gse20271,meta_source,None,None,0.95
accuracy_score,6,RandomForest,fastMNN,gse19697_gse20271,meta_source,None,None,0.961111
accuracy_score,7,RandomForest,fastMNN,gse19697_gse20271,meta_source,None,None,0.944444
accuracy_score,8,RandomForest,fastMNN,gse19697_gse20271,meta_source,None,None,0.955556
accuracy_score,9,RandomForest,fastMNN,gse19697_gse20271,meta_source,None,None,0.966667
matthews_corrcoef,0,RandomForest,fastMNN,gse19697_gse20271,meta_source,None,None,0.82132
matthews_corrcoef,1,RandomForest,fastMNN,gse19697_gse20271,meta_source,None,None,0.816697
matthews_corrcoef,2,RandomForest,fastMNN,gse19697_gse20271,meta_source,None,None,0.761524
matthews_corrcoef,3,RandomForest,fastMNN,gse19697_gse20271,meta_source,None,None,0.722895
matthews_corrcoef,4,RandomForest,fastMNN,gse19697_gse20271,meta_source,None,None,0.873934
matthews_corrcoef,5,RandomForest,fastMNN,gse19697_gse20271,meta_source,None,None,0.76005
matthews_corrcoef,6,RandomForest,fastMNN,gse19697_gse20271,meta_source,None,None,0.819256
matthews_corrcoef,7,RandomForest,fastMNN,gse19697_gse20271,meta_source,None,None,0.700208
matthews_corrcoef,8,RandomForest,fastMNN,gse19697_gse20271,meta_source,None,None,0.784535
matthews_corrcoef,9,RandomForest,fastMNN,gse19697_gse20271,meta_source,None,None,0.849837
roc_auc_score,0,HistGradientBoosting,fastMNN,gse19697_gse20271,meta_source,None,None,0.999199
roc_auc_score,1,HistGradientBoosting,fastMNN,gse19697_gse20271,meta_source,None,None,1.0
roc_auc_score,2,HistGradientBoosting,fastMNN,gse19697_gse20271,meta_source,None,None,1.0
roc_auc_score,3,HistGradientBoosting,fastMNN,gse19697_gse20271,meta_source,None,None,0.990385
roc_auc_score,4,HistGradientBoosting,fastMNN,gse19697_gse20271,meta_source,None,None,0.995994
roc_auc_score,5,HistGradientBoosting,fastMNN,gse19697_gse20271,meta_source,None,None,0.996795
roc_auc_score,6,HistGradientBoosting,fastMNN,gse19697_gse20271,meta_source,None,None,0.998397
roc_auc_score,7,HistGradientBoosting,fastMNN,gse19697_gse20271,meta_source,None,None,0.999199
roc_auc_score,8,HistGradientBoosting,fastMNN,gse19697_gse20271,meta_source,None,None,0.997596
roc_auc_score,9,HistGradientBoosting,fastMNN,gse19697_gse20271,meta_source,None,None,0.998397
mutual_info_score,0,HistGradientBoosting,fastMNN,gse19697_gse20271,meta_source,None,None,0.501239
mutual_info_score,1,HistGradientBoosting,fastMNN,gse19697_gse20271,meta_source,None,None,0.526749
mutual_info_score,2,HistGradientBoosting,fastMNN,gse19697_gse20271,meta_source,None,None,0.526402
mutual_info_score,3,HistGradientBoosting,fastMNN,gse19697_gse20271,meta_source,None,None,0.450081
mutual_info_score,4,HistGradientBoosting,fastMNN,gse19697_gse20271,meta_source,None,None,0.502745
mutual_info_score,5,HistGradientBoosting,fastMNN,gse19697_gse20271,meta_source,None,None,0.526402
mutual_info_score,6,HistGradientBoosting,fastMNN,gse19697_gse20271,meta_source,None,None,0.497948
mutual_info_score,7,HistGradientBoosting,fastMNN,gse19697_gse20271,meta_source,None,None,0.408269
mutual_info_score,8,HistGradientBoosting,fastMNN,gse19697_gse20271,meta_source,None,None,0.526749
mutual_info_score,9,HistGradientBoosting,fastMNN,gse19697_gse20271,meta_source,None,None,0.526749
accuracy_score,0,HistGradientBoosting,fastMNN,gse19697_gse20271,meta_source,None,None,0.983333
accuracy_score,1,HistGradientBoosting,fastMNN,gse19697_gse20271,meta_source,None,None,0.994444
accuracy_score,2,HistGradientBoosting,fastMNN,gse19697_gse20271,meta_source,None,None,0.988889
accuracy_score,3,HistGradientBoosting,fastMNN,gse19697_gse20271,meta_source,None,None,0.977778
accuracy_score,4,HistGradientBoosting,fastMNN,gse19697_gse20271,meta_source,None,None,0.988889
accuracy_score,5,HistGradientBoosting,fastMNN,gse19697_gse20271,meta_source,None,None,0.988889
accuracy_score,6,HistGradientBoosting,fastMNN,gse19697_gse20271,meta_source,None,None,0.988889
accuracy_score,7,HistGradientBoosting,fastMNN,gse19697_gse20271,meta_source,None,None,0.972222
accuracy_score,8,HistGradientBoosting,fastMNN,gse19697_gse20271,meta_source,None,None,0.994444
accuracy_score,9,HistGradientBoosting,fastMNN,gse19697_gse20271,meta_source,None,None,0.994444
matthews_corrcoef,0,HistGradientBoosting,fastMNN,gse19697_gse20271,meta_source,None,None,0.936919
matthews_corrcoef,1,HistGradientBoosting,fastMNN,gse19697_gse20271,meta_source,None,None,0.975516
matthews_corrcoef,2,HistGradientBoosting,fastMNN,gse19697_gse20271,meta_source,None,None,0.959019
matthews_corrcoef,3,HistGradientBoosting,fastMNN,gse19697_gse20271,meta_source,None,None,0.902507
matthews_corrcoef,4,HistGradientBoosting,fastMNN,gse19697_gse20271,meta_source,None,None,0.951923
matthews_corrcoef,5,HistGradientBoosting,fastMNN,gse19697_gse20271,meta_source,None,None,0.959019
matthews_corrcoef,6,HistGradientBoosting,fastMNN,gse19697_gse20271,meta_source,None,None,0.949946
matthews_corrcoef,7,HistGradientBoosting,fastMNN,gse19697_gse20271,meta_source,None,None,0.876318
matthews_corrcoef,8,HistGradientBoosting,fastMNN,gse19697_gse20271,meta_source,None,None,0.975516
matthews_corrcoef,9,HistGradientBoosting,fastMNN,gse19697_gse20271,meta_source,None,None,0.975516
roc_auc_score,0,RandomForest,fastMNN,gse19697_gse2990,meta_source,None,None,1.0
roc_auc_score,1,RandomForest,fastMNN,gse19697_gse2990,meta_source,None,None,1.0
roc_auc_score,2,RandomForest,fastMNN,gse19697_gse2990,meta_source,None,None,1.0
roc_auc_score,3,RandomForest,fastMNN,gse19697_gse2990,meta_source,None,None,1.0
roc_auc_score,4,RandomForest,fastMNN,gse19697_gse2990,meta_source,None,None,1.0
roc_auc_score,5,RandomForest,fastMNN,gse19697_gse2990,meta_source,None,None,1.0
roc_auc_score,6,RandomForest,fastMNN,gse19697_gse2990,meta_source,None,None,1.0
roc_auc_score,7,RandomForest,fastMNN,gse19697_gse2990,meta_source,None,None,1.0
roc_auc_score,8,RandomForest,fastMNN,gse19697_gse2990,meta_source,None,None,1.0
roc_auc_score,9,RandomForest,fastMNN,gse19697_gse2990,meta_source,None,None,1.0
mutual_info_score,0,RandomForest,fastMNN,gse19697_gse2990,meta_source,None,None,0.443322
mutual_info_score,1,RandomForest,fastMNN,gse19697_gse2990,meta_source,None,None,0.35547
mutual_info_score,2,RandomForest,fastMNN,gse19697_gse2990,meta_source,None,None,0.381413
mutual_info_score,3,RandomForest,fastMNN,gse19697_gse2990,meta_source,None,None,0.283519
mutual_info_score,4,RandomForest,fastMNN,gse19697_gse2990,meta_source,None,None,0.496635
mutual_info_score,5,RandomForest,fastMNN,gse19697_gse2990,meta_source,None,None,0.324146
mutual_info_score,6,RandomForest,fastMNN,gse19697_gse2990,meta_source,None,None,0.360774
mutual_info_score,7,RandomForest,fastMNN,gse19697_gse2990,meta_source,None,None,0.407575
mutual_info_score,8,RandomForest,fastMNN,gse19697_gse2990,meta_source,None,None,0.400529
mutual_info_score,9,RandomForest,fastMNN,gse19697_gse2990,meta_source,None,None,0.409866
accuracy_score,0,RandomForest,fastMNN,gse19697_gse2990,meta_source,None,None,0.964982
accuracy_score,1,RandomForest,fastMNN,gse19697_gse2990,meta_source,None,None,0.943853
accuracy_score,2,RandomForest,fastMNN,gse19697_gse2990,meta_source,None,None,0.951093
accuracy_score,3,RandomForest,fastMNN,gse19697_gse2990,meta_source,None,None,0.923316
accuracy_score,4,RandomForest,fastMNN,gse19697_gse2990,meta_source,None,None,0.972222
accuracy_score,5,RandomForest,fastMNN,gse19697_gse2990,meta_source,None,None,0.937057
accuracy_score,6,RandomForest,fastMNN,gse19697_gse2990,meta_source,None,None,0.944001
accuracy_score,7,RandomForest,fastMNN,gse19697_gse2990,meta_source,None,None,0.950798
accuracy_score,8,RandomForest,fastMNN,gse19697_gse2990,meta_source,None,None,0.951241
accuracy_score,9,RandomForest,fastMNN,gse19697_gse2990,meta_source,None,None,0.958038
matthews_corrcoef,0,RandomForest,fastMNN,gse19697_gse2990,meta_source,None,None,0.871243
matthews_corrcoef,1,RandomForest,fastMNN,gse19697_gse2990,meta_source,None,None,0.787908
matthews_corrcoef,2,RandomForest,fastMNN,gse19697_gse2990,meta_source,None,None,0.817429
matthews_corrcoef,3,RandomForest,fastMNN,gse19697_gse2990,meta_source,None,None,0.691128
matthews_corrcoef,4,RandomForest,fastMNN,gse19697_gse2990,meta_source,None,None,0.895476
matthews_corrcoef,5,RandomForest,fastMNN,gse19697_gse2990,meta_source,None,None,0.762266
matthews_corrcoef,6,RandomForest,fastMNN,gse19697_gse2990,meta_source,None,None,0.786649
matthews_corrcoef,7,RandomForest,fastMNN,gse19697_gse2990,meta_source,None,None,0.811969
matthews_corrcoef,8,RandomForest,fastMNN,gse19697_gse2990,meta_source,None,None,0.808311
matthews_corrcoef,9,RandomForest,fastMNN,gse19697_gse2990,meta_source,None,None,0.844982
roc_auc_score,0,HistGradientBoosting,fastMNN,gse19697_gse2990,meta_source,None,None,1.0
roc_auc_score,1,HistGradientBoosting,fastMNN,gse19697_gse2990,meta_source,None,None,1.0
roc_auc_score,2,HistGradientBoosting,fastMNN,gse19697_gse2990,meta_source,None,None,1.0
roc_auc_score,3,HistGradientBoosting,fastMNN,gse19697_gse2990,meta_source,None,None,1.0
roc_auc_score,4,HistGradientBoosting,fastMNN,gse19697_gse2990,meta_source,None,None,0.998932
roc_auc_score,5,HistGradientBoosting,fastMNN,gse19697_gse2990,meta_source,None,None,1.0
roc_auc_score,6,HistGradientBoosting,fastMNN,gse19697_gse2990,meta_source,None,None,0.9875
roc_auc_score,7,HistGradientBoosting,fastMNN,gse19697_gse2990,meta_source,None,None,0.997917
roc_auc_score,8,HistGradientBoosting,fastMNN,gse19697_gse2990,meta_source,None,None,0.99375
roc_auc_score,9,HistGradientBoosting,fastMNN,gse19697_gse2990,meta_source,None,None,1.0
mutual_info_score,0,HistGradientBoosting,fastMNN,gse19697_gse2990,meta_source,None,None,0.572188
mutual_info_score,1,HistGradientBoosting,fastMNN,gse19697_gse2990,meta_source,None,None,0.523879
mutual_info_score,2,HistGradientBoosting,fastMNN,gse19697_gse2990,meta_source,None,None,0.543736
mutual_info_score,3,HistGradientBoosting,fastMNN,gse19697_gse2990,meta_source,None,None,0.572188
mutual_info_score,4,HistGradientBoosting,fastMNN,gse19697_gse2990,meta_source,None,None,0.443784
mutual_info_score,5,HistGradientBoosting,fastMNN,gse19697_gse2990,meta_source,None,None,0.414508
mutual_info_score,6,HistGradientBoosting,fastMNN,gse19697_gse2990,meta_source,None,None,0.355062
mutual_info_score,7,HistGradientBoosting,fastMNN,gse19697_gse2990,meta_source,None,None,0.496635
mutual_info_score,8,HistGradientBoosting,fastMNN,gse19697_gse2990,meta_source,None,None,0.461609
mutual_info_score,9,HistGradientBoosting,fastMNN,gse19697_gse2990,meta_source,None,None,0.523879
accuracy_score,0,HistGradientBoosting,fastMNN,gse19697_gse2990,meta_source,None,None,0.986111
accuracy_score,1,HistGradientBoosting,fastMNN,gse19697_gse2990,meta_source,None,None,0.978871
accuracy_score,2,HistGradientBoosting,fastMNN,gse19697_gse2990,meta_source,None,None,0.979167
accuracy_score,3,HistGradientBoosting,fastMNN,gse19697_gse2990,meta_source,None,None,0.986111
accuracy_score,4,HistGradientBoosting,fastMNN,gse19697_gse2990,meta_source,None,None,0.96513
accuracy_score,5,HistGradientBoosting,fastMNN,gse19697_gse2990,meta_source,None,None,0.95789
accuracy_score,6,HistGradientBoosting,fastMNN,gse19697_gse2990,meta_source,None,None,0.944149
accuracy_score,7,HistGradientBoosting,fastMNN,gse19697_gse2990,meta_source,None,None,0.972222
accuracy_score,8,HistGradientBoosting,fastMNN,gse19697_gse2990,meta_source,None,None,0.964835
accuracy_score,9,HistGradientBoosting,fastMNN,gse19697_gse2990,meta_source,None,None,0.978871
matthews_corrcoef,0,HistGradientBoosting,fastMNN,gse19697_gse2990,meta_source,None,None,0.948385
matthews_corrcoef,1,HistGradientBoosting,fastMNN,gse19697_gse2990,meta_source,None,None,0.922858
matthews_corrcoef,2,HistGradientBoosting,fastMNN,gse19697_gse2990,meta_source,None,None,0.920831
matthews_corrcoef,3,HistGradientBoosting,fastMNN,gse19697_gse2990,meta_source,None,None,0.948385
matthews_corrcoef,4,HistGradientBoosting,fastMNN,gse19697_gse2990,meta_source,None,None,0.871319
matthews_corrcoef,5,HistGradientBoosting,fastMNN,gse19697_gse2990,meta_source,None,None,0.843634
matthews_corrcoef,6,HistGradientBoosting,fastMNN,gse19697_gse2990,meta_source,None,None,0.788639
matthews_corrcoef,7,HistGradientBoosting,fastMNN,gse19697_gse2990,meta_source,None,None,0.895476
matthews_corrcoef,8,HistGradientBoosting,fastMNN,gse19697_gse2990,meta_source,None,None,0.868989
matthews_corrcoef,9,HistGradientBoosting,fastMNN,gse19697_gse2990,meta_source,None,None,0.922858
roc_auc_score,0,RandomForest,fastMNN,gse19697_gse43365,meta_source,None,None,0.969032
roc_auc_score,1,RandomForest,fastMNN,gse19697_gse43365,meta_source,None,None,0.953829
roc_auc_score,2,RandomForest,fastMNN,gse19697_gse43365,meta_source,None,None,0.939189
roc_auc_score,3,RandomForest,fastMNN,gse19697_gse43365,meta_source,None,None,0.920045
roc_auc_score,4,RandomForest,fastMNN,gse19697_gse43365,meta_source,None,None,0.97241
roc_auc_score,5,RandomForest,fastMNN,gse19697_gse43365,meta_source,None,None,0.939752
roc_auc_score,6,RandomForest,fastMNN,gse19697_gse43365,meta_source,None,None,0.959459
roc_auc_score,7,RandomForest,fastMNN,gse19697_gse43365,meta_source,None,None,0.952703
roc_auc_score,8,RandomForest,fastMNN,gse19697_gse43365,meta_source,None,None,0.95214
roc_auc_score,9,RandomForest,fastMNN,gse19697_gse43365,meta_source,None,None,0.956081
mutual_info_score,0,RandomForest,fastMNN,gse19697_gse43365,meta_source,None,None,0.077434
mutual_info_score,1,RandomForest,fastMNN,gse19697_gse43365,meta_source,None,None,0.100589
mutual_info_score,2,RandomForest,fastMNN,gse19697_gse43365,meta_source,None,None,0.058397
mutual_info_score,3,RandomForest,fastMNN,gse19697_gse43365,meta_source,None,None,0.038072
mutual_info_score,4,RandomForest,fastMNN,gse19697_gse43365,meta_source,None,None,0.078723
mutual_info_score,5,RandomForest,fastMNN,gse19697_gse43365,meta_source,None,None,0.097759
mutual_info_score,6,RandomForest,fastMNN,gse19697_gse43365,meta_source,None,None,0.039617
mutual_info_score,7,RandomForest,fastMNN,gse19697_gse43365,meta_source,None,None,0.019036
mutual_info_score,8,RandomForest,fastMNN,gse19697_gse43365,meta_source,None,None,0.077434
mutual_info_score,9,RandomForest,fastMNN,gse19697_gse43365,meta_source,None,None,0.061227
accuracy_score,0,RandomForest,fastMNN,gse19697_gse43365,meta_source,None,None,0.851852
accuracy_score,1,RandomForest,fastMNN,gse19697_gse43365,meta_source,None,None,0.859259
accuracy_score,2,RandomForest,fastMNN,gse19697_gse43365,meta_source,None,None,0.844444
accuracy_score,3,RandomForest,fastMNN,gse19697_gse43365,meta_source,None,None,0.837037
accuracy_score,4,RandomForest,fastMNN,gse19697_gse43365,meta_source,None,None,0.851852
accuracy_score,5,RandomForest,fastMNN,gse19697_gse43365,meta_source,None,None,0.859259
accuracy_score,6,RandomForest,fastMNN,gse19697_gse43365,meta_source,None,None,0.837037
accuracy_score,7,RandomForest,fastMNN,gse19697_gse43365,meta_source,None,None,0.82963
accuracy_score,8,RandomForest,fastMNN,gse19697_gse43365,meta_source,None,None,0.851852
accuracy_score,9,RandomForest,fastMNN,gse19697_gse43365,meta_source,None,None,0.844444
matthews_corrcoef,0,RandomForest,fastMNN,gse19697_gse43365,meta_source,None,None,0.370744
matthews_corrcoef,1,RandomForest,fastMNN,gse19697_gse43365,meta_source,None,None,0.346191
matthews_corrcoef,2,RandomForest,fastMNN,gse19697_gse43365,meta_source,None,None,0.262673
matthews_corrcoef,3,RandomForest,fastMNN,gse19697_gse43365,meta_source,None,None,0.216142
matthews_corrcoef,4,RandomForest,fastMNN,gse19697_gse43365,meta_source,None,None,0.309204
matthews_corrcoef,5,RandomForest,fastMNN,gse19697_gse43365,meta_source,None,None,0.417275
matthews_corrcoef,6,RandomForest,fastMNN,gse19697_gse43365,meta_source,None,None,0.221989
matthews_corrcoef,7,RandomForest,fastMNN,gse19697_gse43365,meta_source,None,None,0.108071
matthews_corrcoef,8,RandomForest,fastMNN,gse19697_gse43365,meta_source,None,None,0.370744
matthews_corrcoef,9,RandomForest,fastMNN,gse19697_gse43365,meta_source,None,None,0.191589
roc_auc_score,0,HistGradientBoosting,fastMNN,gse19697_gse43365,meta_source,None,None,0.990991
roc_auc_score,1,HistGradientBoosting,fastMNN,gse19697_gse43365,meta_source,None,None,0.972973
roc_auc_score,2,HistGradientBoosting,fastMNN,gse19697_gse43365,meta_source,None,None,0.942568
roc_auc_score,3,HistGradientBoosting,fastMNN,gse19697_gse43365,meta_source,None,None,0.977477
roc_auc_score,4,HistGradientBoosting,fastMNN,gse19697_gse43365,meta_source,None,None,0.987613
roc_auc_score,5,HistGradientBoosting,fastMNN,gse19697_gse43365,meta_source,None,None,0.989865
roc_auc_score,6,HistGradientBoosting,fastMNN,gse19697_gse43365,meta_source,None,None,0.966216
roc_auc_score,7,HistGradientBoosting,fastMNN,gse19697_gse43365,meta_source,None,None,0.962838
roc_auc_score,8,HistGradientBoosting,fastMNN,gse19697_gse43365,meta_source,None,None,0.97973
roc_auc_score,9,HistGradientBoosting,fastMNN,gse19697_gse43365,meta_source,None,None,0.970721
mutual_info_score,0,HistGradientBoosting,fastMNN,gse19697_gse43365,meta_source,None,None,0.397491
mutual_info_score,1,HistGradientBoosting,fastMNN,gse19697_gse43365,meta_source,None,None,0.441691
mutual_info_score,2,HistGradientBoosting,fastMNN,gse19697_gse43365,meta_source,None,None,0.203739
mutual_info_score,3,HistGradientBoosting,fastMNN,gse19697_gse43365,meta_source,None,None,0.320105
mutual_info_score,4,HistGradientBoosting,fastMNN,gse19697_gse43365,meta_source,None,None,0.430562
mutual_info_score,5,HistGradientBoosting,fastMNN,gse19697_gse43365,meta_source,None,None,0.286979
mutual_info_score,6,HistGradientBoosting,fastMNN,gse19697_gse43365,meta_source,None,None,0.304993
mutual_info_score,7,HistGradientBoosting,fastMNN,gse19697_gse43365,meta_source,None,None,0.333581
mutual_info_score,8,HistGradientBoosting,fastMNN,gse19697_gse43365,meta_source,None,None,0.257412
mutual_info_score,9,HistGradientBoosting,fastMNN,gse19697_gse43365,meta_source,None,None,0.281209
accuracy_score,0,HistGradientBoosting,fastMNN,gse19697_gse43365,meta_source,None,None,0.948148
accuracy_score,1,HistGradientBoosting,fastMNN,gse19697_gse43365,meta_source,None,None,0.955556
accuracy_score,2,HistGradientBoosting,fastMNN,gse19697_gse43365,meta_source,None,None,0.896296
accuracy_score,3,HistGradientBoosting,fastMNN,gse19697_gse43365,meta_source,None,None,0.925926
accuracy_score,4,HistGradientBoosting,fastMNN,gse19697_gse43365,meta_source,None,None,0.955556
accuracy_score,5,HistGradientBoosting,fastMNN,gse19697_gse43365,meta_source,None,None,0.918519
accuracy_score,6,HistGradientBoosting,fastMNN,gse19697_gse43365,meta_source,None,None,0.925926
accuracy_score,7,HistGradientBoosting,fastMNN,gse19697_gse43365,meta_source,None,None,0.933333
accuracy_score,8,HistGradientBoosting,fastMNN,gse19697_gse43365,meta_source,None,None,0.911111
accuracy_score,9,HistGradientBoosting,fastMNN,gse19697_gse43365,meta_source,None,None,0.918519
matthews_corrcoef,0,HistGradientBoosting,fastMNN,gse19697_gse43365,meta_source,None,None,0.815341
matthews_corrcoef,1,HistGradientBoosting,fastMNN,gse19697_gse43365,meta_source,None,None,0.850408
matthews_corrcoef,2,HistGradientBoosting,fastMNN,gse19697_gse43365,meta_source,None,None,0.607569
matthews_corrcoef,3,HistGradientBoosting,fastMNN,gse19697_gse43365,meta_source,None,None,0.735385
matthews_corrcoef,4,HistGradientBoosting,fastMNN,gse19697_gse43365,meta_source,None,None,0.843781
matthews_corrcoef,5,HistGradientBoosting,fastMNN,gse19697_gse43365,meta_source,None,None,0.696674
matthews_corrcoef,6,HistGradientBoosting,fastMNN,gse19697_gse43365,meta_source,None,None,0.731847
matthews_corrcoef,7,HistGradientBoosting,fastMNN,gse19697_gse43365,meta_source,None,None,0.760345
matthews_corrcoef,8,HistGradientBoosting,fastMNN,gse19697_gse43365,meta_source,None,None,0.668947
matthews_corrcoef,9,HistGradientBoosting,fastMNN,gse19697_gse43365,meta_source,None,None,0.699465
roc_auc_score,0,RandomForest,fastMNN,gse19697_gse45255,meta_source,None,None,1.0
roc_auc_score,1,RandomForest,fastMNN,gse19697_gse45255,meta_source,None,None,1.0
roc_auc_score,2,RandomForest,fastMNN,gse19697_gse45255,meta_source,None,None,1.0
roc_auc_score,3,RandomForest,fastMNN,gse19697_gse45255,meta_source,None,None,1.0
roc_auc_score,4,RandomForest,fastMNN,gse19697_gse45255,meta_source,None,None,1.0
roc_auc_score,5,RandomForest,fastMNN,gse19697_gse45255,meta_source,None,None,1.0
roc_auc_score,6,RandomForest,fastMNN,gse19697_gse45255,meta_source,None,None,1.0
roc_auc_score,7,RandomForest,fastMNN,gse19697_gse45255,meta_source,None,None,1.0
roc_auc_score,8,RandomForest,fastMNN,gse19697_gse45255,meta_source,None,None,1.0
roc_auc_score,9,RandomForest,fastMNN,gse19697_gse45255,meta_source,None,None,1.0
mutual_info_score,0,RandomForest,fastMNN,gse19697_gse45255,meta_source,None,None,0.497191
mutual_info_score,1,RandomForest,fastMNN,gse19697_gse45255,meta_source,None,None,0.389776
mutual_info_score,2,RandomForest,fastMNN,gse19697_gse45255,meta_source,None,None,0.402583
mutual_info_score,3,RandomForest,fastMNN,gse19697_gse45255,meta_source,None,None,0.373291
mutual_info_score,4,RandomForest,fastMNN,gse19697_gse45255,meta_source,None,None,0.370849
mutual_info_score,5,RandomForest,fastMNN,gse19697_gse45255,meta_source,None,None,0.335903
mutual_info_score,6,RandomForest,fastMNN,gse19697_gse45255,meta_source,None,None,0.401596
mutual_info_score,7,RandomForest,fastMNN,gse19697_gse45255,meta_source,None,None,0.364474
mutual_info_score,8,RandomForest,fastMNN,gse19697_gse45255,meta_source,None,None,0.445945
mutual_info_score,9,RandomForest,fastMNN,gse19697_gse45255,meta_source,None,None,0.394414
accuracy_score,0,RandomForest,fastMNN,gse19697_gse45255,meta_source,None,None,0.98089
accuracy_score,1,RandomForest,fastMNN,gse19697_gse45255,meta_source,None,None,0.96178
accuracy_score,2,RandomForest,fastMNN,gse19697_gse45255,meta_source,None,None,0.962022
accuracy_score,3,RandomForest,fastMNN,gse19697_gse45255,meta_source,None,None,0.949444
accuracy_score,4,RandomForest,fastMNN,gse19697_gse45255,meta_source,None,None,0.955612
accuracy_score,5,RandomForest,fastMNN,gse19697_gse45255,meta_source,None,None,0.949081
accuracy_score,6,RandomForest,fastMNN,gse19697_gse45255,meta_source,None,None,0.961659
accuracy_score,7,RandomForest,fastMNN,gse19697_gse45255,meta_source,None,None,0.948718
accuracy_score,8,RandomForest,fastMNN,gse19697_gse45255,meta_source,None,None,0.96807
accuracy_score,9,RandomForest,fastMNN,gse19697_gse45255,meta_source,None,None,0.96178
matthews_corrcoef,0,RandomForest,fastMNN,gse19697_gse45255,meta_source,None,None,0.92406
matthews_corrcoef,1,RandomForest,fastMNN,gse19697_gse45255,meta_source,None,None,0.847126
matthews_corrcoef,2,RandomForest,fastMNN,gse19697_gse45255,meta_source,None,None,0.842519
matthews_corrcoef,3,RandomForest,fastMNN,gse19697_gse45255,meta_source,None,None,0.772219
matthews_corrcoef,4,RandomForest,fastMNN,gse19697_gse45255,meta_source,None,None,0.816528
matthews_corrcoef,5,RandomForest,fastMNN,gse19697_gse45255,meta_source,None,None,0.792459
matthews_corrcoef,6,RandomForest,fastMNN,gse19697_gse45255,meta_source,None,None,0.842386
matthews_corrcoef,7,RandomForest,fastMNN,gse19697_gse45255,meta_source,None,None,0.781737
matthews_corrcoef,8,RandomForest,fastMNN,gse19697_gse45255,meta_source,None,None,0.867398
matthews_corrcoef,9,RandomForest,fastMNN,gse19697_gse45255,meta_source,None,None,0.845761
roc_auc_score,0,HistGradientBoosting,fastMNN,gse19697_gse45255,meta_source,None,None,0.992424
roc_auc_score,1,HistGradientBoosting,fastMNN,gse19697_gse45255,meta_source,None,None,1.0
roc_auc_score,2,HistGradientBoosting,fastMNN,gse19697_gse45255,meta_source,None,None,0.996212
roc_auc_score,3,HistGradientBoosting,fastMNN,gse19697_gse45255,meta_source,None,None,0.985185
roc_auc_score,4,HistGradientBoosting,fastMNN,gse19697_gse45255,meta_source,None,None,0.995265
roc_auc_score,5,HistGradientBoosting,fastMNN,gse19697_gse45255,meta_source,None,None,0.996254
roc_auc_score,6,HistGradientBoosting,fastMNN,gse19697_gse45255,meta_source,None,None,0.998127
roc_auc_score,7,HistGradientBoosting,fastMNN,gse19697_gse45255,meta_source,None,None,0.993392
roc_auc_score,8,HistGradientBoosting,fastMNN,gse19697_gse45255,meta_source,None,None,0.993392
roc_auc_score,9,HistGradientBoosting,fastMNN,gse19697_gse45255,meta_source,None,None,0.974937
mutual_info_score,0,HistGradientBoosting,fastMNN,gse19697_gse45255,meta_source,None,None,0.442023
mutual_info_score,1,HistGradientBoosting,fastMNN,gse19697_gse45255,meta_source,None,None,0.559466
mutual_info_score,2,HistGradientBoosting,fastMNN,gse19697_gse45255,meta_source,None,None,0.441061
mutual_info_score,3,HistGradientBoosting,fastMNN,gse19697_gse45255,meta_source,None,None,0.501929
mutual_info_score,4,HistGradientBoosting,fastMNN,gse19697_gse45255,meta_source,None,None,0.456911
mutual_info_score,5,HistGradientBoosting,fastMNN,gse19697_gse45255,meta_source,None,None,0.544239
mutual_info_score,6,HistGradientBoosting,fastMNN,gse19697_gse45255,meta_source,None,None,0.457428
mutual_info_score,7,HistGradientBoosting,fastMNN,gse19697_gse45255,meta_source,None,None,0.410202
mutual_info_score,8,HistGradientBoosting,fastMNN,gse19697_gse45255,meta_source,None,None,0.389064
mutual_info_score,9,HistGradientBoosting,fastMNN,gse19697_gse45255,meta_source,None,None,0.384824
accuracy_score,0,HistGradientBoosting,fastMNN,gse19697_gse45255,meta_source,None,None,0.96807
accuracy_score,1,HistGradientBoosting,fastMNN,gse19697_gse45255,meta_source,None,None,0.9873
accuracy_score,2,HistGradientBoosting,fastMNN,gse19697_gse45255,meta_source,None,None,0.96807
accuracy_score,3,HistGradientBoosting,fastMNN,gse19697_gse45255,meta_source,None,None,0.974843
accuracy_score,4,HistGradientBoosting,fastMNN,gse19697_gse45255,meta_source,None,None,0.97448
accuracy_score,5,HistGradientBoosting,fastMNN,gse19697_gse45255,meta_source,None,None,0.9873
accuracy_score,6,HistGradientBoosting,fastMNN,gse19697_gse45255,meta_source,None,None,0.974601
accuracy_score,7,HistGradientBoosting,fastMNN,gse19697_gse45255,meta_source,None,None,0.961659
accuracy_score,8,HistGradientBoosting,fastMNN,gse19697_gse45255,meta_source,None,None,0.955612
accuracy_score,9,HistGradientBoosting,fastMNN,gse19697_gse45255,meta_source,None,None,0.949444
matthews_corrcoef,0,HistGradientBoosting,fastMNN,gse19697_gse45255,meta_source,None,None,0.875342
matthews_corrcoef,1,HistGradientBoosting,fastMNN,gse19697_gse45255,meta_source,None,None,0.954769
matthews_corrcoef,2,HistGradientBoosting,fastMNN,gse19697_gse45255,meta_source,None,None,0.874049
matthews_corrcoef,3,HistGradientBoosting,fastMNN,gse19697_gse45255,meta_source,None,None,0.901852
matthews_corrcoef,4,HistGradientBoosting,fastMNN,gse19697_gse45255,meta_source,None,None,0.900809
matthews_corrcoef,5,HistGradientBoosting,fastMNN,gse19697_gse45255,meta_source,None,None,0.952408
matthews_corrcoef,6,HistGradientBoosting,fastMNN,gse19697_gse45255,meta_source,None,None,0.900901
matthews_corrcoef,7,HistGradientBoosting,fastMNN,gse19697_gse45255,meta_source,None,None,0.849355
matthews_corrcoef,8,HistGradientBoosting,fastMNN,gse19697_gse45255,meta_source,None,None,0.815477
matthews_corrcoef,9,HistGradientBoosting,fastMNN,gse19697_gse45255,meta_source,None,None,0.790571
