metric,iteration,classifier,adjuster,dataset,p_column,c_column,c_value,value
roc_auc_score,0,RandomForest,unadjusted,gse19697_gse20194,meta_er_status,None,None,0.95302
roc_auc_score,1,RandomForest,unadjusted,gse19697_gse20194,meta_er_status,None,None,0.952607
roc_auc_score,2,RandomForest,unadjusted,gse19697_gse20194,meta_er_status,None,None,0.955151
roc_auc_score,3,RandomForest,unadjusted,gse19697_gse20194,meta_er_status,None,None,0.963875
roc_auc_score,4,RandomForest,unadjusted,gse19697_gse20194,meta_er_status,None,None,0.957423
roc_auc_score,5,RandomForest,unadjusted,gse19697_gse20194,meta_er_status,None,None,0.957641
roc_auc_score,6,RandomForest,unadjusted,gse19697_gse20194,meta_er_status,None,None,0.949589
roc_auc_score,7,RandomForest,unadjusted,gse19697_gse20194,meta_er_status,None,None,0.957715
roc_auc_score,8,RandomForest,unadjusted,gse19697_gse20194,meta_er_status,None,None,0.951399
roc_auc_score,9,RandomForest,unadjusted,gse19697_gse20194,meta_er_status,None,None,0.950407
mutual_info_score,0,RandomForest,unadjusted,gse19697_gse20194,meta_er_status,None,None,0.593731
mutual_info_score,1,RandomForest,unadjusted,gse19697_gse20194,meta_er_status,None,None,0.526518
mutual_info_score,2,RandomForest,unadjusted,gse19697_gse20194,meta_er_status,None,None,0.593776
mutual_info_score,3,RandomForest,unadjusted,gse19697_gse20194,meta_er_status,None,None,0.561286
mutual_info_score,4,RandomForest,unadjusted,gse19697_gse20194,meta_er_status,None,None,0.583587
mutual_info_score,5,RandomForest,unadjusted,gse19697_gse20194,meta_er_status,None,None,0.550824
mutual_info_score,6,RandomForest,unadjusted,gse19697_gse20194,meta_er_status,None,None,0.513182
mutual_info_score,7,RandomForest,unadjusted,gse19697_gse20194,meta_er_status,None,None,0.574764
mutual_info_score,8,RandomForest,unadjusted,gse19697_gse20194,meta_er_status,None,None,0.559108
mutual_info_score,9,RandomForest,unadjusted,gse19697_gse20194,meta_er_status,None,None,0.567409
accuracy_score,0,RandomForest,unadjusted,gse19697_gse20194,meta_er_status,None,None,0.919971
accuracy_score,1,RandomForest,unadjusted,gse19697_gse20194,meta_er_status,None,None,0.894569
accuracy_score,2,RandomForest,unadjusted,gse19697_gse20194,meta_er_status,None,None,0.919971
accuracy_score,3,RandomForest,unadjusted,gse19697_gse20194,meta_er_status,None,None,0.912725
accuracy_score,4,RandomForest,unadjusted,gse19697_gse20194,meta_er_status,None,None,0.916428
accuracy_score,5,RandomForest,unadjusted,gse19697_gse20194,meta_er_status,None,None,0.909102
accuracy_score,6,RandomForest,unadjusted,gse19697_gse20194,meta_er_status,None,None,0.890986
accuracy_score,7,RandomForest,unadjusted,gse19697_gse20194,meta_er_status,None,None,0.912685
accuracy_score,8,RandomForest,unadjusted,gse19697_gse20194,meta_er_status,None,None,0.909221
accuracy_score,9,RandomForest,unadjusted,gse19697_gse20194,meta_er_status,None,None,0.912645
roc_auc_score,0,HistGradientBoosting,unadjusted,gse19697_gse20194,meta_er_status,None,None,0.940693
roc_auc_score,1,HistGradientBoosting,unadjusted,gse19697_gse20194,meta_er_status,None,None,0.941987
roc_auc_score,2,HistGradientBoosting,unadjusted,gse19697_gse20194,meta_er_status,None,None,0.950801
roc_auc_score,3,HistGradientBoosting,unadjusted,gse19697_gse20194,meta_er_status,None,None,0.958937
roc_auc_score,4,HistGradientBoosting,unadjusted,gse19697_gse20194,meta_er_status,None,None,0.954335
roc_auc_score,5,HistGradientBoosting,unadjusted,gse19697_gse20194,meta_er_status,None,None,0.945303
roc_auc_score,6,HistGradientBoosting,unadjusted,gse19697_gse20194,meta_er_status,None,None,0.952634
roc_auc_score,7,HistGradientBoosting,unadjusted,gse19697_gse20194,meta_er_status,None,None,0.948841
roc_auc_score,8,HistGradientBoosting,unadjusted,gse19697_gse20194,meta_er_status,None,None,0.952281
roc_auc_score,9,HistGradientBoosting,unadjusted,gse19697_gse20194,meta_er_status,None,None,0.945344
mutual_info_score,0,HistGradientBoosting,unadjusted,gse19697_gse20194,meta_er_status,None,None,0.555744
mutual_info_score,1,HistGradientBoosting,unadjusted,gse19697_gse20194,meta_er_status,None,None,0.62108
mutual_info_score,2,HistGradientBoosting,unadjusted,gse19697_gse20194,meta_er_status,None,None,0.602286
mutual_info_score,3,HistGradientBoosting,unadjusted,gse19697_gse20194,meta_er_status,None,None,0.667394
mutual_info_score,4,HistGradientBoosting,unadjusted,gse19697_gse20194,meta_er_status,None,None,0.610808
mutual_info_score,5,HistGradientBoosting,unadjusted,gse19697_gse20194,meta_er_status,None,None,0.576371
mutual_info_score,6,HistGradientBoosting,unadjusted,gse19697_gse20194,meta_er_status,None,None,0.589541
mutual_info_score,7,HistGradientBoosting,unadjusted,gse19697_gse20194,meta_er_status,None,None,0.605886
mutual_info_score,8,HistGradientBoosting,unadjusted,gse19697_gse20194,meta_er_status,None,None,0.573973
mutual_info_score,9,HistGradientBoosting,unadjusted,gse19697_gse20194,meta_er_status,None,None,0.563022
accuracy_score,0,HistGradientBoosting,unadjusted,gse19697_gse20194,meta_er_status,None,None,0.909062
accuracy_score,1,HistGradientBoosting,unadjusted,gse19697_gse20194,meta_er_status,None,None,0.927297
accuracy_score,2,HistGradientBoosting,unadjusted,gse19697_gse20194,meta_er_status,None,None,0.920051
accuracy_score,3,HistGradientBoosting,unadjusted,gse19697_gse20194,meta_er_status,None,None,0.94183
accuracy_score,4,HistGradientBoosting,unadjusted,gse19697_gse20194,meta_er_status,None,None,0.923714
accuracy_score,5,HistGradientBoosting,unadjusted,gse19697_gse20194,meta_er_status,None,None,0.916348
accuracy_score,6,HistGradientBoosting,unadjusted,gse19697_gse20194,meta_er_status,None,None,0.912844
accuracy_score,7,HistGradientBoosting,unadjusted,gse19697_gse20194,meta_er_status,None,None,0.923674
accuracy_score,8,HistGradientBoosting,unadjusted,gse19697_gse20194,meta_er_status,None,None,0.912884
accuracy_score,9,HistGradientBoosting,unadjusted,gse19697_gse20194,meta_er_status,None,None,0.912725
roc_auc_score,0,RandomForest,npn_global,gse19697_gse20271,meta_er_status,None,None,0.395069
roc_auc_score,1,RandomForest,npn_global,gse19697_gse20271,meta_er_status,None,None,0.383018
roc_auc_score,2,RandomForest,npn_global,gse19697_gse20271,meta_er_status,None,None,0.363552
roc_auc_score,3,RandomForest,npn_global,gse19697_gse20271,meta_er_status,None,None,0.396737
roc_auc_score,4,RandomForest,npn_global,gse19697_gse20271,meta_er_status,None,None,0.40508
roc_auc_score,5,RandomForest,npn_global,gse19697_gse20271,meta_er_status,None,None,0.374119
roc_auc_score,6,RandomForest,npn_global,gse19697_gse20271,meta_er_status,None,None,0.455877
roc_auc_score,7,RandomForest,npn_global,gse19697_gse20271,meta_er_status,None,None,0.339637
roc_auc_score,8,RandomForest,npn_global,gse19697_gse20271,meta_er_status,None,None,0.376715
roc_auc_score,9,RandomForest,npn_global,gse19697_gse20271,meta_er_status,None,None,0.444568
mutual_info_score,0,RandomForest,npn_global,gse19697_gse20271,meta_er_status,None,None,0.038404
mutual_info_score,1,RandomForest,npn_global,gse19697_gse20271,meta_er_status,None,None,0.019331
mutual_info_score,2,RandomForest,npn_global,gse19697_gse20271,meta_er_status,None,None,0.032764
mutual_info_score,3,RandomForest,npn_global,gse19697_gse20271,meta_er_status,None,None,0.024257
mutual_info_score,4,RandomForest,npn_global,gse19697_gse20271,meta_er_status,None,None,0.015129
mutual_info_score,5,RandomForest,npn_global,gse19697_gse20271,meta_er_status,None,None,0.022143
mutual_info_score,6,RandomForest,npn_global,gse19697_gse20271,meta_er_status,None,None,0.023232
mutual_info_score,7,RandomForest,npn_global,gse19697_gse20271,meta_er_status,None,None,0.026009
mutual_info_score,8,RandomForest,npn_global,gse19697_gse20271,meta_er_status,None,None,0.020207
mutual_info_score,9,RandomForest,npn_global,gse19697_gse20271,meta_er_status,None,None,0.015295
accuracy_score,0,RandomForest,npn_global,gse19697_gse20271,meta_er_status,None,None,0.405556
accuracy_score,1,RandomForest,npn_global,gse19697_gse20271,meta_er_status,None,None,0.433333
accuracy_score,2,RandomForest,npn_global,gse19697_gse20271,meta_er_status,None,None,0.411111
accuracy_score,3,RandomForest,npn_global,gse19697_gse20271,meta_er_status,None,None,0.427778
accuracy_score,4,RandomForest,npn_global,gse19697_gse20271,meta_er_status,None,None,0.455556
accuracy_score,5,RandomForest,npn_global,gse19697_gse20271,meta_er_status,None,None,0.427778
accuracy_score,6,RandomForest,npn_global,gse19697_gse20271,meta_er_status,None,None,0.438889
accuracy_score,7,RandomForest,npn_global,gse19697_gse20271,meta_er_status,None,None,0.416667
accuracy_score,8,RandomForest,npn_global,gse19697_gse20271,meta_er_status,None,None,0.427778
accuracy_score,9,RandomForest,npn_global,gse19697_gse20271,meta_er_status,None,None,0.444444
roc_auc_score,0,HistGradientBoosting,npn_global,gse19697_gse20271,meta_er_status,None,None,0.369299
roc_auc_score,1,HistGradientBoosting,npn_global,gse19697_gse20271,meta_er_status,None,None,0.437894
roc_auc_score,2,HistGradientBoosting,npn_global,gse19697_gse20271,meta_er_status,None,None,0.37449
roc_auc_score,3,HistGradientBoosting,npn_global,gse19697_gse20271,meta_er_status,None,None,0.381535
roc_auc_score,4,HistGradientBoosting,npn_global,gse19697_gse20271,meta_er_status,None,None,0.351872
roc_auc_score,5,HistGradientBoosting,npn_global,gse19697_gse20271,meta_er_status,None,None,0.348906
roc_auc_score,6,HistGradientBoosting,npn_global,gse19697_gse20271,meta_er_status,None,None,0.393771
roc_auc_score,7,HistGradientBoosting,npn_global,gse19697_gse20271,meta_er_status,None,None,0.392659
roc_auc_score,8,HistGradientBoosting,npn_global,gse19697_gse20271,meta_er_status,None,None,0.400816
roc_auc_score,9,HistGradientBoosting,npn_global,gse19697_gse20271,meta_er_status,None,None,0.381535
mutual_info_score,0,HistGradientBoosting,npn_global,gse19697_gse20271,meta_er_status,None,None,0.029402
mutual_info_score,1,HistGradientBoosting,npn_global,gse19697_gse20271,meta_er_status,None,None,0.002308
mutual_info_score,2,HistGradientBoosting,npn_global,gse19697_gse20271,meta_er_status,None,None,0.014611
mutual_info_score,3,HistGradientBoosting,npn_global,gse19697_gse20271,meta_er_status,None,None,0.041383
mutual_info_score,4,HistGradientBoosting,npn_global,gse19697_gse20271,meta_er_status,None,None,0.04713
mutual_info_score,5,HistGradientBoosting,npn_global,gse19697_gse20271,meta_er_status,None,None,0.048172
mutual_info_score,6,HistGradientBoosting,npn_global,gse19697_gse20271,meta_er_status,None,None,0.007155
mutual_info_score,7,HistGradientBoosting,npn_global,gse19697_gse20271,meta_er_status,None,None,0.02084
mutual_info_score,8,HistGradientBoosting,npn_global,gse19697_gse20271,meta_er_status,None,None,0.01623
mutual_info_score,9,HistGradientBoosting,npn_global,gse19697_gse20271,meta_er_status,None,None,0.020888
accuracy_score,0,HistGradientBoosting,npn_global,gse19697_gse20271,meta_er_status,None,None,0.411111
accuracy_score,1,HistGradientBoosting,npn_global,gse19697_gse20271,meta_er_status,None,None,0.477778
accuracy_score,2,HistGradientBoosting,npn_global,gse19697_gse20271,meta_er_status,None,None,0.444444
accuracy_score,3,HistGradientBoosting,npn_global,gse19697_gse20271,meta_er_status,None,None,0.394444
accuracy_score,4,HistGradientBoosting,npn_global,gse19697_gse20271,meta_er_status,None,None,0.377778
accuracy_score,5,HistGradientBoosting,npn_global,gse19697_gse20271,meta_er_status,None,None,0.372222
accuracy_score,6,HistGradientBoosting,npn_global,gse19697_gse20271,meta_er_status,None,None,0.455556
accuracy_score,7,HistGradientBoosting,npn_global,gse19697_gse20271,meta_er_status,None,None,0.45
accuracy_score,8,HistGradientBoosting,npn_global,gse19697_gse20271,meta_er_status,None,None,0.433333
accuracy_score,9,HistGradientBoosting,npn_global,gse19697_gse20271,meta_er_status,None,None,0.438889
roc_auc_score,0,RandomForest,unadjusted,gse19697_gse20271,meta_er_status,None,None,0.899889
roc_auc_score,1,RandomForest,unadjusted,gse19697_gse20271,meta_er_status,None,None,0.885057
roc_auc_score,2,RandomForest,unadjusted,gse19697_gse20271,meta_er_status,None,None,0.885799
roc_auc_score,3,RandomForest,unadjusted,gse19697_gse20271,meta_er_status,None,None,0.876344
roc_auc_score,4,RandomForest,unadjusted,gse19697_gse20271,meta_er_status,None,None,0.856878
roc_auc_score,5,RandomForest,unadjusted,gse19697_gse20271,meta_er_status,None,None,0.866889
roc_auc_score,6,RandomForest,unadjusted,gse19697_gse20271,meta_er_status,None,None,0.858176
roc_auc_score,7,RandomForest,unadjusted,gse19697_gse20271,meta_er_status,None,None,0.876344
roc_auc_score,8,RandomForest,unadjusted,gse19697_gse20271,meta_er_status,None,None,0.897479
roc_auc_score,9,RandomForest,unadjusted,gse19697_gse20271,meta_er_status,None,None,0.886355
mutual_info_score,0,RandomForest,unadjusted,gse19697_gse20271,meta_er_status,None,None,0.336202
mutual_info_score,1,RandomForest,unadjusted,gse19697_gse20271,meta_er_status,None,None,0.344553
mutual_info_score,2,RandomForest,unadjusted,gse19697_gse20271,meta_er_status,None,None,0.340691
mutual_info_score,3,RandomForest,unadjusted,gse19697_gse20271,meta_er_status,None,None,0.305974
mutual_info_score,4,RandomForest,unadjusted,gse19697_gse20271,meta_er_status,None,None,0.292763
mutual_info_score,5,RandomForest,unadjusted,gse19697_gse20271,meta_er_status,None,None,0.240497
mutual_info_score,6,RandomForest,unadjusted,gse19697_gse20271,meta_er_status,None,None,0.270455
mutual_info_score,7,RandomForest,unadjusted,gse19697_gse20271,meta_er_status,None,None,0.268392
mutual_info_score,8,RandomForest,unadjusted,gse19697_gse20271,meta_er_status,None,None,0.373242
mutual_info_score,9,RandomForest,unadjusted,gse19697_gse20271,meta_er_status,None,None,0.319587
accuracy_score,0,RandomForest,unadjusted,gse19697_gse20271,meta_er_status,None,None,0.822222
accuracy_score,1,RandomForest,unadjusted,gse19697_gse20271,meta_er_status,None,None,0.822222
accuracy_score,2,RandomForest,unadjusted,gse19697_gse20271,meta_er_status,None,None,0.827778
accuracy_score,3,RandomForest,unadjusted,gse19697_gse20271,meta_er_status,None,None,0.811111
accuracy_score,4,RandomForest,unadjusted,gse19697_gse20271,meta_er_status,None,None,0.805556
accuracy_score,5,RandomForest,unadjusted,gse19697_gse20271,meta_er_status,None,None,0.777778
accuracy_score,6,RandomForest,unadjusted,gse19697_gse20271,meta_er_status,None,None,0.788889
accuracy_score,7,RandomForest,unadjusted,gse19697_gse20271,meta_er_status,None,None,0.794444
accuracy_score,8,RandomForest,unadjusted,gse19697_gse20271,meta_er_status,None,None,0.833333
accuracy_score,9,RandomForest,unadjusted,gse19697_gse20271,meta_er_status,None,None,0.816667
roc_auc_score,0,HistGradientBoosting,unadjusted,gse19697_gse20271,meta_er_status,None,None,0.890619
roc_auc_score,1,HistGradientBoosting,unadjusted,gse19697_gse20271,meta_er_status,None,None,0.875788
roc_auc_score,2,HistGradientBoosting,unadjusted,gse19697_gse20271,meta_er_status,None,None,0.884501
roc_auc_score,3,HistGradientBoosting,unadjusted,gse19697_gse20271,meta_er_status,None,None,0.893585
roc_auc_score,4,HistGradientBoosting,unadjusted,gse19697_gse20271,meta_er_status,None,None,0.853912
roc_auc_score,5,HistGradientBoosting,unadjusted,gse19697_gse20271,meta_er_status,None,None,0.875232
roc_auc_score,6,HistGradientBoosting,unadjusted,gse19697_gse20271,meta_er_status,None,None,0.850945
roc_auc_score,7,HistGradientBoosting,unadjusted,gse19697_gse20271,meta_er_status,None,None,0.882833
roc_auc_score,8,HistGradientBoosting,unadjusted,gse19697_gse20271,meta_er_status,None,None,0.882833
roc_auc_score,9,HistGradientBoosting,unadjusted,gse19697_gse20271,meta_er_status,None,None,0.885057
mutual_info_score,0,HistGradientBoosting,unadjusted,gse19697_gse20271,meta_er_status,None,None,0.393124
mutual_info_score,1,HistGradientBoosting,unadjusted,gse19697_gse20271,meta_er_status,None,None,0.387726
mutual_info_score,2,HistGradientBoosting,unadjusted,gse19697_gse20271,meta_er_status,None,None,0.444199
mutual_info_score,3,HistGradientBoosting,unadjusted,gse19697_gse20271,meta_er_status,None,None,0.320263
mutual_info_score,4,HistGradientBoosting,unadjusted,gse19697_gse20271,meta_er_status,None,None,0.317075
mutual_info_score,5,HistGradientBoosting,unadjusted,gse19697_gse20271,meta_er_status,None,None,0.3579
mutual_info_score,6,HistGradientBoosting,unadjusted,gse19697_gse20271,meta_er_status,None,None,0.300409
mutual_info_score,7,HistGradientBoosting,unadjusted,gse19697_gse20271,meta_er_status,None,None,0.343202
mutual_info_score,8,HistGradientBoosting,unadjusted,gse19697_gse20271,meta_er_status,None,None,0.325213
mutual_info_score,9,HistGradientBoosting,unadjusted,gse19697_gse20271,meta_er_status,None,None,0.343621
accuracy_score,0,HistGradientBoosting,unadjusted,gse19697_gse20271,meta_er_status,None,None,0.844444
accuracy_score,1,HistGradientBoosting,unadjusted,gse19697_gse20271,meta_er_status,None,None,0.838889
accuracy_score,2,HistGradientBoosting,unadjusted,gse19697_gse20271,meta_er_status,None,None,0.866667
accuracy_score,3,HistGradientBoosting,unadjusted,gse19697_gse20271,meta_er_status,None,None,0.816667
accuracy_score,4,HistGradientBoosting,unadjusted,gse19697_gse20271,meta_er_status,None,None,0.816667
accuracy_score,5,HistGradientBoosting,unadjusted,gse19697_gse20271,meta_er_status,None,None,0.833333
accuracy_score,6,HistGradientBoosting,unadjusted,gse19697_gse20271,meta_er_status,None,None,0.805556
accuracy_score,7,HistGradientBoosting,unadjusted,gse19697_gse20271,meta_er_status,None,None,0.827778
accuracy_score,8,HistGradientBoosting,unadjusted,gse19697_gse20271,meta_er_status,None,None,0.816667
accuracy_score,9,HistGradientBoosting,unadjusted,gse19697_gse20271,meta_er_status,None,None,0.827778
roc_auc_score,0,RandomForest,npn_global,gse19697_gse2990,meta_er_status,None,None,0.709133
roc_auc_score,1,RandomForest,npn_global,gse19697_gse2990,meta_er_status,None,None,0.723803
roc_auc_score,2,RandomForest,npn_global,gse19697_gse2990,meta_er_status,None,None,0.722809
roc_auc_score,3,RandomForest,npn_global,gse19697_gse2990,meta_er_status,None,None,0.726147
roc_auc_score,4,RandomForest,npn_global,gse19697_gse2990,meta_er_status,None,None,0.711671
roc_auc_score,5,RandomForest,npn_global,gse19697_gse2990,meta_er_status,None,None,0.768657
roc_auc_score,6,RandomForest,npn_global,gse19697_gse2990,meta_er_status,None,None,0.725045
roc_auc_score,7,RandomForest,npn_global,gse19697_gse2990,meta_er_status,None,None,0.691276
roc_auc_score,8,RandomForest,npn_global,gse19697_gse2990,meta_er_status,None,None,0.729356
roc_auc_score,9,RandomForest,npn_global,gse19697_gse2990,meta_er_status,None,None,0.697855
mutual_info_score,0,RandomForest,npn_global,gse19697_gse2990,meta_er_status,None,None,0.111541
mutual_info_score,1,RandomForest,npn_global,gse19697_gse2990,meta_er_status,None,None,0.083166
mutual_info_score,2,RandomForest,npn_global,gse19697_gse2990,meta_er_status,None,None,0.092842
mutual_info_score,3,RandomForest,npn_global,gse19697_gse2990,meta_er_status,None,None,0.081766
mutual_info_score,4,RandomForest,npn_global,gse19697_gse2990,meta_er_status,None,None,0.054107
mutual_info_score,5,RandomForest,npn_global,gse19697_gse2990,meta_er_status,None,None,0.109983
mutual_info_score,6,RandomForest,npn_global,gse19697_gse2990,meta_er_status,None,None,0.150889
mutual_info_score,7,RandomForest,npn_global,gse19697_gse2990,meta_er_status,None,None,0.146129
mutual_info_score,8,RandomForest,npn_global,gse19697_gse2990,meta_er_status,None,None,0.132181
mutual_info_score,9,RandomForest,npn_global,gse19697_gse2990,meta_er_status,None,None,0.055111
accuracy_score,0,RandomForest,npn_global,gse19697_gse2990,meta_er_status,None,None,0.713357
accuracy_score,1,RandomForest,npn_global,gse19697_gse2990,meta_er_status,None,None,0.685727
accuracy_score,2,RandomForest,npn_global,gse19697_gse2990,meta_er_status,None,None,0.699173
accuracy_score,3,RandomForest,npn_global,gse19697_gse2990,meta_er_status,None,None,0.685579
accuracy_score,4,RandomForest,npn_global,gse19697_gse2990,meta_er_status,None,None,0.657358
accuracy_score,5,RandomForest,npn_global,gse19697_gse2990,meta_er_status,None,None,0.713061
accuracy_score,6,RandomForest,npn_global,gse19697_gse2990,meta_er_status,None,None,0.720597
accuracy_score,7,RandomForest,npn_global,gse19697_gse2990,meta_er_status,None,None,0.685875
accuracy_score,8,RandomForest,npn_global,gse19697_gse2990,meta_er_status,None,None,0.720597
accuracy_score,9,RandomForest,npn_global,gse19697_gse2990,meta_er_status,None,None,0.657654
roc_auc_score,0,HistGradientBoosting,npn_global,gse19697_gse2990,meta_er_status,None,None,1.0
roc_auc_score,1,HistGradientBoosting,npn_global,gse19697_gse2990,meta_er_status,None,None,1.0
roc_auc_score,2,HistGradientBoosting,npn_global,gse19697_gse2990,meta_er_status,None,None,1.0
roc_auc_score,3,HistGradientBoosting,npn_global,gse19697_gse2990,meta_er_status,None,None,1.0
roc_auc_score,4,HistGradientBoosting,npn_global,gse19697_gse2990,meta_er_status,None,None,1.0
roc_auc_score,5,HistGradientBoosting,npn_global,gse19697_gse2990,meta_er_status,None,None,1.0
roc_auc_score,6,HistGradientBoosting,npn_global,gse19697_gse2990,meta_er_status,None,None,1.0
roc_auc_score,7,HistGradientBoosting,npn_global,gse19697_gse2990,meta_er_status,None,None,1.0
roc_auc_score,8,HistGradientBoosting,npn_global,gse19697_gse2990,meta_er_status,None,None,1.0
roc_auc_score,9,HistGradientBoosting,npn_global,gse19697_gse2990,meta_er_status,None,None,1.0
mutual_info_score,0,HistGradientBoosting,npn_global,gse19697_gse2990,meta_er_status,None,None,0.970102
mutual_info_score,1,HistGradientBoosting,npn_global,gse19697_gse2990,meta_er_status,None,None,0.970102
mutual_info_score,2,HistGradientBoosting,npn_global,gse19697_gse2990,meta_er_status,None,None,0.970102
mutual_info_score,3,HistGradientBoosting,npn_global,gse19697_gse2990,meta_er_status,None,None,0.970102
mutual_info_score,4,HistGradientBoosting,npn_global,gse19697_gse2990,meta_er_status,None,None,0.970102
mutual_info_score,5,HistGradientBoosting,npn_global,gse19697_gse2990,meta_er_status,None,None,0.970102
mutual_info_score,6,HistGradientBoosting,npn_global,gse19697_gse2990,meta_er_status,None,None,0.970102
mutual_info_score,7,HistGradientBoosting,npn_global,gse19697_gse2990,meta_er_status,None,None,0.970102
mutual_info_score,8,HistGradientBoosting,npn_global,gse19697_gse2990,meta_er_status,None,None,0.970102
mutual_info_score,9,HistGradientBoosting,npn_global,gse19697_gse2990,meta_er_status,None,None,0.970102
accuracy_score,0,HistGradientBoosting,npn_global,gse19697_gse2990,meta_er_status,None,None,1.0
accuracy_score,1,HistGradientBoosting,npn_global,gse19697_gse2990,meta_er_status,None,None,1.0
accuracy_score,2,HistGradientBoosting,npn_global,gse19697_gse2990,meta_er_status,None,None,1.0
accuracy_score,3,HistGradientBoosting,npn_global,gse19697_gse2990,meta_er_status,None,None,1.0
accuracy_score,4,HistGradientBoosting,npn_global,gse19697_gse2990,meta_er_status,None,None,1.0
accuracy_score,5,HistGradientBoosting,npn_global,gse19697_gse2990,meta_er_status,None,None,1.0
accuracy_score,6,HistGradientBoosting,npn_global,gse19697_gse2990,meta_er_status,None,None,1.0
accuracy_score,7,HistGradientBoosting,npn_global,gse19697_gse2990,meta_er_status,None,None,1.0
accuracy_score,8,HistGradientBoosting,npn_global,gse19697_gse2990,meta_er_status,None,None,1.0
accuracy_score,9,HistGradientBoosting,npn_global,gse19697_gse2990,meta_er_status,None,None,1.0
roc_auc_score,0,RandomForest,unadjusted,gse19697_gse2990,meta_er_status,None,None,0.920361
roc_auc_score,1,RandomForest,unadjusted,gse19697_gse2990,meta_er_status,None,None,0.933411
roc_auc_score,2,RandomForest,unadjusted,gse19697_gse2990,meta_er_status,None,None,0.935442
roc_auc_score,3,RandomForest,unadjusted,gse19697_gse2990,meta_er_status,None,None,0.946277
roc_auc_score,4,RandomForest,unadjusted,gse19697_gse2990,meta_er_status,None,None,0.913069
roc_auc_score,5,RandomForest,unadjusted,gse19697_gse2990,meta_er_status,None,None,0.931326
roc_auc_score,6,RandomForest,unadjusted,gse19697_gse2990,meta_er_status,None,None,0.91725
roc_auc_score,7,RandomForest,unadjusted,gse19697_gse2990,meta_er_status,None,None,0.908348
roc_auc_score,8,RandomForest,unadjusted,gse19697_gse2990,meta_er_status,None,None,0.92936
roc_auc_score,9,RandomForest,unadjusted,gse19697_gse2990,meta_er_status,None,None,0.917682
mutual_info_score,0,RandomForest,unadjusted,gse19697_gse2990,meta_er_status,None,None,0.42677
mutual_info_score,1,RandomForest,unadjusted,gse19697_gse2990,meta_er_status,None,None,0.505708
mutual_info_score,2,RandomForest,unadjusted,gse19697_gse2990,meta_er_status,None,None,0.438597
mutual_info_score,3,RandomForest,unadjusted,gse19697_gse2990,meta_er_status,None,None,0.500292
mutual_info_score,4,RandomForest,unadjusted,gse19697_gse2990,meta_er_status,None,None,0.463062
mutual_info_score,5,RandomForest,unadjusted,gse19697_gse2990,meta_er_status,None,None,0.458931
mutual_info_score,6,RandomForest,unadjusted,gse19697_gse2990,meta_er_status,None,None,0.475336
mutual_info_score,7,RandomForest,unadjusted,gse19697_gse2990,meta_er_status,None,None,0.414223
mutual_info_score,8,RandomForest,unadjusted,gse19697_gse2990,meta_er_status,None,None,0.457028
mutual_info_score,9,RandomForest,unadjusted,gse19697_gse2990,meta_er_status,None,None,0.48341
accuracy_score,0,RandomForest,unadjusted,gse19697_gse2990,meta_er_status,None,None,0.867021
accuracy_score,1,RandomForest,unadjusted,gse19697_gse2990,meta_er_status,None,None,0.888446
accuracy_score,2,RandomForest,unadjusted,gse19697_gse2990,meta_er_status,None,None,0.867465
accuracy_score,3,RandomForest,unadjusted,gse19697_gse2990,meta_er_status,None,None,0.881353
accuracy_score,4,RandomForest,unadjusted,gse19697_gse2990,meta_er_status,None,None,0.873966
accuracy_score,5,RandomForest,unadjusted,gse19697_gse2990,meta_er_status,None,None,0.881058
accuracy_score,6,RandomForest,unadjusted,gse19697_gse2990,meta_er_status,None,None,0.881353
accuracy_score,7,RandomForest,unadjusted,gse19697_gse2990,meta_er_status,None,None,0.867169
accuracy_score,8,RandomForest,unadjusted,gse19697_gse2990,meta_er_status,None,None,0.874261
accuracy_score,9,RandomForest,unadjusted,gse19697_gse2990,meta_er_status,None,None,0.887855
roc_auc_score,0,HistGradientBoosting,unadjusted,gse19697_gse2990,meta_er_status,None,None,1.0
roc_auc_score,1,HistGradientBoosting,unadjusted,gse19697_gse2990,meta_er_status,None,None,1.0
roc_auc_score,2,HistGradientBoosting,unadjusted,gse19697_gse2990,meta_er_status,None,None,1.0
roc_auc_score,3,HistGradientBoosting,unadjusted,gse19697_gse2990,meta_er_status,None,None,1.0
roc_auc_score,4,HistGradientBoosting,unadjusted,gse19697_gse2990,meta_er_status,None,None,1.0
roc_auc_score,5,HistGradientBoosting,unadjusted,gse19697_gse2990,meta_er_status,None,None,1.0
roc_auc_score,6,HistGradientBoosting,unadjusted,gse19697_gse2990,meta_er_status,None,None,1.0
roc_auc_score,7,HistGradientBoosting,unadjusted,gse19697_gse2990,meta_er_status,None,None,1.0
roc_auc_score,8,HistGradientBoosting,unadjusted,gse19697_gse2990,meta_er_status,None,None,1.0
roc_auc_score,9,HistGradientBoosting,unadjusted,gse19697_gse2990,meta_er_status,None,None,1.0
mutual_info_score,0,HistGradientBoosting,unadjusted,gse19697_gse2990,meta_er_status,None,None,0.970102
mutual_info_score,1,HistGradientBoosting,unadjusted,gse19697_gse2990,meta_er_status,None,None,0.970102
mutual_info_score,2,HistGradientBoosting,unadjusted,gse19697_gse2990,meta_er_status,None,None,0.970102
mutual_info_score,3,HistGradientBoosting,unadjusted,gse19697_gse2990,meta_er_status,None,None,0.970102
mutual_info_score,4,HistGradientBoosting,unadjusted,gse19697_gse2990,meta_er_status,None,None,0.970102
mutual_info_score,5,HistGradientBoosting,unadjusted,gse19697_gse2990,meta_er_status,None,None,0.970102
mutual_info_score,6,HistGradientBoosting,unadjusted,gse19697_gse2990,meta_er_status,None,None,0.970102
mutual_info_score,7,HistGradientBoosting,unadjusted,gse19697_gse2990,meta_er_status,None,None,0.970102
mutual_info_score,8,HistGradientBoosting,unadjusted,gse19697_gse2990,meta_er_status,None,None,0.970102
mutual_info_score,9,HistGradientBoosting,unadjusted,gse19697_gse2990,meta_er_status,None,None,0.970102
accuracy_score,0,HistGradientBoosting,unadjusted,gse19697_gse2990,meta_er_status,None,None,1.0
accuracy_score,1,HistGradientBoosting,unadjusted,gse19697_gse2990,meta_er_status,None,None,1.0
accuracy_score,2,HistGradientBoosting,unadjusted,gse19697_gse2990,meta_er_status,None,None,1.0
accuracy_score,3,HistGradientBoosting,unadjusted,gse19697_gse2990,meta_er_status,None,None,1.0
accuracy_score,4,HistGradientBoosting,unadjusted,gse19697_gse2990,meta_er_status,None,None,1.0
accuracy_score,5,HistGradientBoosting,unadjusted,gse19697_gse2990,meta_er_status,None,None,1.0
accuracy_score,6,HistGradientBoosting,unadjusted,gse19697_gse2990,meta_er_status,None,None,1.0
accuracy_score,7,HistGradientBoosting,unadjusted,gse19697_gse2990,meta_er_status,None,None,1.0
accuracy_score,8,HistGradientBoosting,unadjusted,gse19697_gse2990,meta_er_status,None,None,1.0
accuracy_score,9,HistGradientBoosting,unadjusted,gse19697_gse2990,meta_er_status,None,None,1.0
roc_auc_score,0,RandomForest,npn_global,gse19697_gse43365,meta_er_status,None,None,0.574565
roc_auc_score,1,RandomForest,npn_global,gse19697_gse43365,meta_er_status,None,None,0.565591
roc_auc_score,2,RandomForest,npn_global,gse19697_gse43365,meta_er_status,None,None,0.558621
roc_auc_score,3,RandomForest,npn_global,gse19697_gse43365,meta_er_status,None,None,0.613863
roc_auc_score,4,RandomForest,npn_global,gse19697_gse43365,meta_er_status,None,None,0.537784
roc_auc_score,5,RandomForest,npn_global,gse19697_gse43365,meta_er_status,None,None,0.5777
roc_auc_score,6,RandomForest,npn_global,gse19697_gse43365,meta_er_status,None,None,0.526904
roc_auc_score,7,RandomForest,npn_global,gse19697_gse43365,meta_er_status,None,None,0.531878
roc_auc_score,8,RandomForest,npn_global,gse19697_gse43365,meta_er_status,None,None,0.542363
roc_auc_score,9,RandomForest,npn_global,gse19697_gse43365,meta_er_status,None,None,0.548817
mutual_info_score,0,RandomForest,npn_global,gse19697_gse43365,meta_er_status,None,None,0.126487
mutual_info_score,1,RandomForest,npn_global,gse19697_gse43365,meta_er_status,None,None,0.111741
mutual_info_score,2,RandomForest,npn_global,gse19697_gse43365,meta_er_status,None,None,0.142947
mutual_info_score,3,RandomForest,npn_global,gse19697_gse43365,meta_er_status,None,None,0.156836
mutual_info_score,4,RandomForest,npn_global,gse19697_gse43365,meta_er_status,None,None,0.121647
mutual_info_score,5,RandomForest,npn_global,gse19697_gse43365,meta_er_status,None,None,0.125946
mutual_info_score,6,RandomForest,npn_global,gse19697_gse43365,meta_er_status,None,None,0.127405
mutual_info_score,7,RandomForest,npn_global,gse19697_gse43365,meta_er_status,None,None,0.128715
mutual_info_score,8,RandomForest,npn_global,gse19697_gse43365,meta_er_status,None,None,0.142143
mutual_info_score,9,RandomForest,npn_global,gse19697_gse43365,meta_er_status,None,None,0.100042
accuracy_score,0,RandomForest,npn_global,gse19697_gse43365,meta_er_status,None,None,0.777778
accuracy_score,1,RandomForest,npn_global,gse19697_gse43365,meta_er_status,None,None,0.755556
accuracy_score,2,RandomForest,npn_global,gse19697_gse43365,meta_er_status,None,None,0.777778
accuracy_score,3,RandomForest,npn_global,gse19697_gse43365,meta_er_status,None,None,0.792593
accuracy_score,4,RandomForest,npn_global,gse19697_gse43365,meta_er_status,None,None,0.77037
accuracy_score,5,RandomForest,npn_global,gse19697_gse43365,meta_er_status,None,None,0.77037
accuracy_score,6,RandomForest,npn_global,gse19697_gse43365,meta_er_status,None,None,0.777778
accuracy_score,7,RandomForest,npn_global,gse19697_gse43365,meta_er_status,None,None,0.777778
accuracy_score,8,RandomForest,npn_global,gse19697_gse43365,meta_er_status,None,None,0.777778
accuracy_score,9,RandomForest,npn_global,gse19697_gse43365,meta_er_status,None,None,0.755556
roc_auc_score,0,HistGradientBoosting,npn_global,gse19697_gse43365,meta_er_status,None,None,1.0
roc_auc_score,1,HistGradientBoosting,npn_global,gse19697_gse43365,meta_er_status,None,None,1.0
roc_auc_score,2,HistGradientBoosting,npn_global,gse19697_gse43365,meta_er_status,None,None,1.0
roc_auc_score,3,HistGradientBoosting,npn_global,gse19697_gse43365,meta_er_status,None,None,1.0
roc_auc_score,4,HistGradientBoosting,npn_global,gse19697_gse43365,meta_er_status,None,None,1.0
roc_auc_score,5,HistGradientBoosting,npn_global,gse19697_gse43365,meta_er_status,None,None,1.0
roc_auc_score,6,HistGradientBoosting,npn_global,gse19697_gse43365,meta_er_status,None,None,1.0
roc_auc_score,7,HistGradientBoosting,npn_global,gse19697_gse43365,meta_er_status,None,None,1.0
roc_auc_score,8,HistGradientBoosting,npn_global,gse19697_gse43365,meta_er_status,None,None,1.0
roc_auc_score,9,HistGradientBoosting,npn_global,gse19697_gse43365,meta_er_status,None,None,1.0
mutual_info_score,0,HistGradientBoosting,npn_global,gse19697_gse43365,meta_er_status,None,None,0.885395
mutual_info_score,1,HistGradientBoosting,npn_global,gse19697_gse43365,meta_er_status,None,None,0.885395
mutual_info_score,2,HistGradientBoosting,npn_global,gse19697_gse43365,meta_er_status,None,None,0.885395
mutual_info_score,3,HistGradientBoosting,npn_global,gse19697_gse43365,meta_er_status,None,None,0.885395
mutual_info_score,4,HistGradientBoosting,npn_global,gse19697_gse43365,meta_er_status,None,None,0.885395
mutual_info_score,5,HistGradientBoosting,npn_global,gse19697_gse43365,meta_er_status,None,None,0.885395
mutual_info_score,6,HistGradientBoosting,npn_global,gse19697_gse43365,meta_er_status,None,None,0.885395
mutual_info_score,7,HistGradientBoosting,npn_global,gse19697_gse43365,meta_er_status,None,None,0.885395
mutual_info_score,8,HistGradientBoosting,npn_global,gse19697_gse43365,meta_er_status,None,None,0.885395
mutual_info_score,9,HistGradientBoosting,npn_global,gse19697_gse43365,meta_er_status,None,None,0.885395
accuracy_score,0,HistGradientBoosting,npn_global,gse19697_gse43365,meta_er_status,None,None,1.0
accuracy_score,1,HistGradientBoosting,npn_global,gse19697_gse43365,meta_er_status,None,None,1.0
accuracy_score,2,HistGradientBoosting,npn_global,gse19697_gse43365,meta_er_status,None,None,1.0
accuracy_score,3,HistGradientBoosting,npn_global,gse19697_gse43365,meta_er_status,None,None,1.0
accuracy_score,4,HistGradientBoosting,npn_global,gse19697_gse43365,meta_er_status,None,None,1.0
accuracy_score,5,HistGradientBoosting,npn_global,gse19697_gse43365,meta_er_status,None,None,1.0
accuracy_score,6,HistGradientBoosting,npn_global,gse19697_gse43365,meta_er_status,None,None,1.0
accuracy_score,7,HistGradientBoosting,npn_global,gse19697_gse43365,meta_er_status,None,None,1.0
accuracy_score,8,HistGradientBoosting,npn_global,gse19697_gse43365,meta_er_status,None,None,1.0
accuracy_score,9,HistGradientBoosting,npn_global,gse19697_gse43365,meta_er_status,None,None,1.0
roc_auc_score,0,RandomForest,unadjusted,gse19697_gse43365,meta_er_status,None,None,0.984909
roc_auc_score,1,RandomForest,unadjusted,gse19697_gse43365,meta_er_status,None,None,0.986843
roc_auc_score,2,RandomForest,unadjusted,gse19697_gse43365,meta_er_status,None,None,0.980533
roc_auc_score,3,RandomForest,unadjusted,gse19697_gse43365,meta_er_status,None,None,0.983288
roc_auc_score,4,RandomForest,unadjusted,gse19697_gse43365,meta_er_status,None,None,0.984573
roc_auc_score,5,RandomForest,unadjusted,gse19697_gse43365,meta_er_status,None,None,0.985758
roc_auc_score,6,RandomForest,unadjusted,gse19697_gse43365,meta_er_status,None,None,0.983487
roc_auc_score,7,RandomForest,unadjusted,gse19697_gse43365,meta_er_status,None,None,0.983238
roc_auc_score,8,RandomForest,unadjusted,gse19697_gse43365,meta_er_status,None,None,0.987379
roc_auc_score,9,RandomForest,unadjusted,gse19697_gse43365,meta_er_status,None,None,0.987011
mutual_info_score,0,RandomForest,unadjusted,gse19697_gse43365,meta_er_status,None,None,0.574812
mutual_info_score,1,RandomForest,unadjusted,gse19697_gse43365,meta_er_status,None,None,0.606021
mutual_info_score,2,RandomForest,unadjusted,gse19697_gse43365,meta_er_status,None,None,0.600564
mutual_info_score,3,RandomForest,unadjusted,gse19697_gse43365,meta_er_status,None,None,0.574184
mutual_info_score,4,RandomForest,unadjusted,gse19697_gse43365,meta_er_status,None,None,0.619272
mutual_info_score,5,RandomForest,unadjusted,gse19697_gse43365,meta_er_status,None,None,0.616269
mutual_info_score,6,RandomForest,unadjusted,gse19697_gse43365,meta_er_status,None,None,0.616269
mutual_info_score,7,RandomForest,unadjusted,gse19697_gse43365,meta_er_status,None,None,0.601645
mutual_info_score,8,RandomForest,unadjusted,gse19697_gse43365,meta_er_status,None,None,0.581532
mutual_info_score,9,RandomForest,unadjusted,gse19697_gse43365,meta_er_status,None,None,0.569728
accuracy_score,0,RandomForest,unadjusted,gse19697_gse43365,meta_er_status,None,None,0.940741
accuracy_score,1,RandomForest,unadjusted,gse19697_gse43365,meta_er_status,None,None,0.948148
accuracy_score,2,RandomForest,unadjusted,gse19697_gse43365,meta_er_status,None,None,0.940741
accuracy_score,3,RandomForest,unadjusted,gse19697_gse43365,meta_er_status,None,None,0.940741
accuracy_score,4,RandomForest,unadjusted,gse19697_gse43365,meta_er_status,None,None,0.948148
accuracy_score,5,RandomForest,unadjusted,gse19697_gse43365,meta_er_status,None,None,0.948148
accuracy_score,6,RandomForest,unadjusted,gse19697_gse43365,meta_er_status,None,None,0.948148
accuracy_score,7,RandomForest,unadjusted,gse19697_gse43365,meta_er_status,None,None,0.948148
accuracy_score,8,RandomForest,unadjusted,gse19697_gse43365,meta_er_status,None,None,0.940741
accuracy_score,9,RandomForest,unadjusted,gse19697_gse43365,meta_er_status,None,None,0.940741
roc_auc_score,0,HistGradientBoosting,unadjusted,gse19697_gse43365,meta_er_status,None,None,1.0
roc_auc_score,1,HistGradientBoosting,unadjusted,gse19697_gse43365,meta_er_status,None,None,1.0
roc_auc_score,2,HistGradientBoosting,unadjusted,gse19697_gse43365,meta_er_status,None,None,1.0
roc_auc_score,3,HistGradientBoosting,unadjusted,gse19697_gse43365,meta_er_status,None,None,1.0
roc_auc_score,4,HistGradientBoosting,unadjusted,gse19697_gse43365,meta_er_status,None,None,1.0
roc_auc_score,5,HistGradientBoosting,unadjusted,gse19697_gse43365,meta_er_status,None,None,1.0
roc_auc_score,6,HistGradientBoosting,unadjusted,gse19697_gse43365,meta_er_status,None,None,1.0
roc_auc_score,7,HistGradientBoosting,unadjusted,gse19697_gse43365,meta_er_status,None,None,1.0
roc_auc_score,8,HistGradientBoosting,unadjusted,gse19697_gse43365,meta_er_status,None,None,1.0
roc_auc_score,9,HistGradientBoosting,unadjusted,gse19697_gse43365,meta_er_status,None,None,1.0
mutual_info_score,0,HistGradientBoosting,unadjusted,gse19697_gse43365,meta_er_status,None,None,0.885395
mutual_info_score,1,HistGradientBoosting,unadjusted,gse19697_gse43365,meta_er_status,None,None,0.885395
mutual_info_score,2,HistGradientBoosting,unadjusted,gse19697_gse43365,meta_er_status,None,None,0.885395
mutual_info_score,3,HistGradientBoosting,unadjusted,gse19697_gse43365,meta_er_status,None,None,0.885395
mutual_info_score,4,HistGradientBoosting,unadjusted,gse19697_gse43365,meta_er_status,None,None,0.885395
mutual_info_score,5,HistGradientBoosting,unadjusted,gse19697_gse43365,meta_er_status,None,None,0.885395
mutual_info_score,6,HistGradientBoosting,unadjusted,gse19697_gse43365,meta_er_status,None,None,0.885395
mutual_info_score,7,HistGradientBoosting,unadjusted,gse19697_gse43365,meta_er_status,None,None,0.885395
mutual_info_score,8,HistGradientBoosting,unadjusted,gse19697_gse43365,meta_er_status,None,None,0.885395
mutual_info_score,9,HistGradientBoosting,unadjusted,gse19697_gse43365,meta_er_status,None,None,0.885395
accuracy_score,0,HistGradientBoosting,unadjusted,gse19697_gse43365,meta_er_status,None,None,1.0
accuracy_score,1,HistGradientBoosting,unadjusted,gse19697_gse43365,meta_er_status,None,None,1.0
accuracy_score,2,HistGradientBoosting,unadjusted,gse19697_gse43365,meta_er_status,None,None,1.0
accuracy_score,3,HistGradientBoosting,unadjusted,gse19697_gse43365,meta_er_status,None,None,1.0
accuracy_score,4,HistGradientBoosting,unadjusted,gse19697_gse43365,meta_er_status,None,None,1.0
accuracy_score,5,HistGradientBoosting,unadjusted,gse19697_gse43365,meta_er_status,None,None,1.0
accuracy_score,6,HistGradientBoosting,unadjusted,gse19697_gse43365,meta_er_status,None,None,1.0
accuracy_score,7,HistGradientBoosting,unadjusted,gse19697_gse43365,meta_er_status,None,None,1.0
accuracy_score,8,HistGradientBoosting,unadjusted,gse19697_gse43365,meta_er_status,None,None,1.0
accuracy_score,9,HistGradientBoosting,unadjusted,gse19697_gse43365,meta_er_status,None,None,1.0
roc_auc_score,0,RandomForest,npn_global,gse19697_gse45255,meta_er_status,None,None,0.454501
roc_auc_score,1,RandomForest,npn_global,gse19697_gse45255,meta_er_status,None,None,0.533901
roc_auc_score,2,RandomForest,npn_global,gse19697_gse45255,meta_er_status,None,None,0.433605
roc_auc_score,3,RandomForest,npn_global,gse19697_gse45255,meta_er_status,None,None,0.507797
roc_auc_score,4,RandomForest,npn_global,gse19697_gse45255,meta_er_status,None,None,0.437954
roc_auc_score,5,RandomForest,npn_global,gse19697_gse45255,meta_er_status,None,None,0.53559
roc_auc_score,6,RandomForest,npn_global,gse19697_gse45255,meta_er_status,None,None,0.513185
roc_auc_score,7,RandomForest,npn_global,gse19697_gse45255,meta_er_status,None,None,0.53997
roc_auc_score,8,RandomForest,npn_global,gse19697_gse45255,meta_er_status,None,None,0.51392
roc_auc_score,9,RandomForest,npn_global,gse19697_gse45255,meta_er_status,None,None,0.482756
mutual_info_score,0,RandomForest,npn_global,gse19697_gse45255,meta_er_status,None,None,0.010835
mutual_info_score,1,RandomForest,npn_global,gse19697_gse45255,meta_er_status,None,None,0.023722
mutual_info_score,2,RandomForest,npn_global,gse19697_gse45255,meta_er_status,None,None,0.022222
mutual_info_score,3,RandomForest,npn_global,gse19697_gse45255,meta_er_status,None,None,0.029612
mutual_info_score,4,RandomForest,npn_global,gse19697_gse45255,meta_er_status,None,None,0.025618
mutual_info_score,5,RandomForest,npn_global,gse19697_gse45255,meta_er_status,None,None,0.041741
mutual_info_score,6,RandomForest,npn_global,gse19697_gse45255,meta_er_status,None,None,0.014161
mutual_info_score,7,RandomForest,npn_global,gse19697_gse45255,meta_er_status,None,None,0.004986
mutual_info_score,8,RandomForest,npn_global,gse19697_gse45255,meta_er_status,None,None,0.012651
mutual_info_score,9,RandomForest,npn_global,gse19697_gse45255,meta_er_status,None,None,0.016057
accuracy_score,0,RandomForest,npn_global,gse19697_gse45255,meta_er_status,None,None,0.662433
accuracy_score,1,RandomForest,npn_global,gse19697_gse45255,meta_er_status,None,None,0.706942
accuracy_score,2,RandomForest,npn_global,gse19697_gse45255,meta_er_status,None,None,0.700532
accuracy_score,3,RandomForest,npn_global,gse19697_gse45255,meta_er_status,None,None,0.694243
accuracy_score,4,RandomForest,npn_global,gse19697_gse45255,meta_er_status,None,None,0.700532
accuracy_score,5,RandomForest,npn_global,gse19697_gse45255,meta_er_status,None,None,0.719642
accuracy_score,6,RandomForest,npn_global,gse19697_gse45255,meta_er_status,None,None,0.700532
accuracy_score,7,RandomForest,npn_global,gse19697_gse45255,meta_er_status,None,None,0.687833
accuracy_score,8,RandomForest,npn_global,gse19697_gse45255,meta_er_status,None,None,0.700653
accuracy_score,9,RandomForest,npn_global,gse19697_gse45255,meta_er_status,None,None,0.694122
roc_auc_score,0,HistGradientBoosting,npn_global,gse19697_gse45255,meta_er_status,None,None,0.412021
roc_auc_score,1,HistGradientBoosting,npn_global,gse19697_gse45255,meta_er_status,None,None,0.456206
roc_auc_score,2,HistGradientBoosting,npn_global,gse19697_gse45255,meta_er_status,None,None,0.438908
roc_auc_score,3,HistGradientBoosting,npn_global,gse19697_gse45255,meta_er_status,None,None,0.473473
roc_auc_score,4,HistGradientBoosting,npn_global,gse19697_gse45255,meta_er_status,None,None,0.398414
roc_auc_score,5,HistGradientBoosting,npn_global,gse19697_gse45255,meta_er_status,None,None,0.451858
roc_auc_score,6,HistGradientBoosting,npn_global,gse19697_gse45255,meta_er_status,None,None,0.464511
roc_auc_score,7,HistGradientBoosting,npn_global,gse19697_gse45255,meta_er_status,None,None,0.488864
roc_auc_score,8,HistGradientBoosting,npn_global,gse19697_gse45255,meta_er_status,None,None,0.470392
roc_auc_score,9,HistGradientBoosting,npn_global,gse19697_gse45255,meta_er_status,None,None,0.457755
mutual_info_score,0,HistGradientBoosting,npn_global,gse19697_gse45255,meta_er_status,None,None,0.007703
mutual_info_score,1,HistGradientBoosting,npn_global,gse19697_gse45255,meta_er_status,None,None,0.015559
mutual_info_score,2,HistGradientBoosting,npn_global,gse19697_gse45255,meta_er_status,None,None,0.005749
mutual_info_score,3,HistGradientBoosting,npn_global,gse19697_gse45255,meta_er_status,None,None,0.045508
mutual_info_score,4,HistGradientBoosting,npn_global,gse19697_gse45255,meta_er_status,None,None,0.002878
mutual_info_score,5,HistGradientBoosting,npn_global,gse19697_gse45255,meta_er_status,None,None,0.005
mutual_info_score,6,HistGradientBoosting,npn_global,gse19697_gse45255,meta_er_status,None,None,0.001381
mutual_info_score,7,HistGradientBoosting,npn_global,gse19697_gse45255,meta_er_status,None,None,0.017196
mutual_info_score,8,HistGradientBoosting,npn_global,gse19697_gse45255,meta_er_status,None,None,0.005738
mutual_info_score,9,HistGradientBoosting,npn_global,gse19697_gse45255,meta_er_status,None,None,0.023607
accuracy_score,0,HistGradientBoosting,npn_global,gse19697_gse45255,meta_er_status,None,None,0.618287
accuracy_score,1,HistGradientBoosting,npn_global,gse19697_gse45255,meta_er_status,None,None,0.618166
accuracy_score,2,HistGradientBoosting,npn_global,gse19697_gse45255,meta_er_status,None,None,0.649734
accuracy_score,3,HistGradientBoosting,npn_global,gse19697_gse45255,meta_er_status,None,None,0.68118
accuracy_score,4,HistGradientBoosting,npn_global,gse19697_gse45255,meta_er_status,None,None,0.656023
accuracy_score,5,HistGradientBoosting,npn_global,gse19697_gse45255,meta_er_status,None,None,0.585631
accuracy_score,6,HistGradientBoosting,npn_global,gse19697_gse45255,meta_er_status,None,None,0.630503
accuracy_score,7,HistGradientBoosting,npn_global,gse19697_gse45255,meta_er_status,None,None,0.675375
accuracy_score,8,HistGradientBoosting,npn_global,gse19697_gse45255,meta_er_status,None,None,0.656265
accuracy_score,9,HistGradientBoosting,npn_global,gse19697_gse45255,meta_er_status,None,None,0.617562
roc_auc_score,0,RandomForest,unadjusted,gse19697_gse45255,meta_er_status,None,None,0.863113
roc_auc_score,1,RandomForest,unadjusted,gse19697_gse45255,meta_er_status,None,None,0.851617
roc_auc_score,2,RandomForest,unadjusted,gse19697_gse45255,meta_er_status,None,None,0.860001
roc_auc_score,3,RandomForest,unadjusted,gse19697_gse45255,meta_er_status,None,None,0.852634
roc_auc_score,4,RandomForest,unadjusted,gse19697_gse45255,meta_er_status,None,None,0.850483
roc_auc_score,5,RandomForest,unadjusted,gse19697_gse45255,meta_er_status,None,None,0.864427
roc_auc_score,6,RandomForest,unadjusted,gse19697_gse45255,meta_er_status,None,None,0.874969
roc_auc_score,7,RandomForest,unadjusted,gse19697_gse45255,meta_er_status,None,None,0.855629
roc_auc_score,8,RandomForest,unadjusted,gse19697_gse45255,meta_er_status,None,None,0.862143
roc_auc_score,9,RandomForest,unadjusted,gse19697_gse45255,meta_er_status,None,None,0.855567
mutual_info_score,0,RandomForest,unadjusted,gse19697_gse45255,meta_er_status,None,None,0.26102
mutual_info_score,1,RandomForest,unadjusted,gse19697_gse45255,meta_er_status,None,None,0.262316
mutual_info_score,2,RandomForest,unadjusted,gse19697_gse45255,meta_er_status,None,None,0.207766
mutual_info_score,3,RandomForest,unadjusted,gse19697_gse45255,meta_er_status,None,None,0.229361
mutual_info_score,4,RandomForest,unadjusted,gse19697_gse45255,meta_er_status,None,None,0.281563
mutual_info_score,5,RandomForest,unadjusted,gse19697_gse45255,meta_er_status,None,None,0.289925
mutual_info_score,6,RandomForest,unadjusted,gse19697_gse45255,meta_er_status,None,None,0.318744
mutual_info_score,7,RandomForest,unadjusted,gse19697_gse45255,meta_er_status,None,None,0.273915
mutual_info_score,8,RandomForest,unadjusted,gse19697_gse45255,meta_er_status,None,None,0.293952
mutual_info_score,9,RandomForest,unadjusted,gse19697_gse45255,meta_er_status,None,None,0.272208
accuracy_score,0,RandomForest,unadjusted,gse19697_gse45255,meta_er_status,None,None,0.84059
accuracy_score,1,RandomForest,unadjusted,gse19697_gse45255,meta_er_status,None,None,0.834301
accuracy_score,2,RandomForest,unadjusted,gse19697_gse45255,meta_er_status,None,None,0.814949
accuracy_score,3,RandomForest,unadjusted,gse19697_gse45255,meta_er_status,None,None,0.82148
accuracy_score,4,RandomForest,unadjusted,gse19697_gse45255,meta_er_status,None,None,0.841074
accuracy_score,5,RandomForest,unadjusted,gse19697_gse45255,meta_er_status,None,None,0.840953
accuracy_score,6,RandomForest,unadjusted,gse19697_gse45255,meta_er_status,None,None,0.859942
accuracy_score,7,RandomForest,unadjusted,gse19697_gse45255,meta_er_status,None,None,0.847121
accuracy_score,8,RandomForest,unadjusted,gse19697_gse45255,meta_er_status,None,None,0.840832
accuracy_score,9,RandomForest,unadjusted,gse19697_gse45255,meta_er_status,None,None,0.840832
roc_auc_score,0,HistGradientBoosting,unadjusted,gse19697_gse45255,meta_er_status,None,None,0.827593
roc_auc_score,1,HistGradientBoosting,unadjusted,gse19697_gse45255,meta_er_status,None,None,0.851492
roc_auc_score,2,HistGradientBoosting,unadjusted,gse19697_gse45255,meta_er_status,None,None,0.819632
roc_auc_score,3,HistGradientBoosting,unadjusted,gse19697_gse45255,meta_er_status,None,None,0.803241
roc_auc_score,4,HistGradientBoosting,unadjusted,gse19697_gse45255,meta_er_status,None,None,0.811468
roc_auc_score,5,HistGradientBoosting,unadjusted,gse19697_gse45255,meta_er_status,None,None,0.86707
roc_auc_score,6,HistGradientBoosting,unadjusted,gse19697_gse45255,meta_er_status,None,None,0.829595
roc_auc_score,7,HistGradientBoosting,unadjusted,gse19697_gse45255,meta_er_status,None,None,0.832786
roc_auc_score,8,HistGradientBoosting,unadjusted,gse19697_gse45255,meta_er_status,None,None,0.835101
roc_auc_score,9,HistGradientBoosting,unadjusted,gse19697_gse45255,meta_er_status,None,None,0.827984
mutual_info_score,0,HistGradientBoosting,unadjusted,gse19697_gse45255,meta_er_status,None,None,0.276842
mutual_info_score,1,HistGradientBoosting,unadjusted,gse19697_gse45255,meta_er_status,None,None,0.348809
mutual_info_score,2,HistGradientBoosting,unadjusted,gse19697_gse45255,meta_er_status,None,None,0.202701
mutual_info_score,3,HistGradientBoosting,unadjusted,gse19697_gse45255,meta_er_status,None,None,0.23658
mutual_info_score,4,HistGradientBoosting,unadjusted,gse19697_gse45255,meta_er_status,None,None,0.275179
mutual_info_score,5,HistGradientBoosting,unadjusted,gse19697_gse45255,meta_er_status,None,None,0.266789
mutual_info_score,6,HistGradientBoosting,unadjusted,gse19697_gse45255,meta_er_status,None,None,0.250175
mutual_info_score,7,HistGradientBoosting,unadjusted,gse19697_gse45255,meta_er_status,None,None,0.287682
mutual_info_score,8,HistGradientBoosting,unadjusted,gse19697_gse45255,meta_er_status,None,None,0.2253
mutual_info_score,9,HistGradientBoosting,unadjusted,gse19697_gse45255,meta_er_status,None,None,0.341177
accuracy_score,0,HistGradientBoosting,unadjusted,gse19697_gse45255,meta_er_status,None,None,0.847121
accuracy_score,1,HistGradientBoosting,unadjusted,gse19697_gse45255,meta_er_status,None,None,0.866231
accuracy_score,2,HistGradientBoosting,unadjusted,gse19697_gse45255,meta_er_status,None,None,0.808781
accuracy_score,3,HistGradientBoosting,unadjusted,gse19697_gse45255,meta_er_status,None,None,0.828133
accuracy_score,4,HistGradientBoosting,unadjusted,gse19697_gse45255,meta_er_status,None,None,0.834301
accuracy_score,5,HistGradientBoosting,unadjusted,gse19697_gse45255,meta_er_status,None,None,0.840832
accuracy_score,6,HistGradientBoosting,unadjusted,gse19697_gse45255,meta_er_status,None,None,0.834422
accuracy_score,7,HistGradientBoosting,unadjusted,gse19697_gse45255,meta_er_status,None,None,0.847242
accuracy_score,8,HistGradientBoosting,unadjusted,gse19697_gse45255,meta_er_status,None,None,0.815433
accuracy_score,9,HistGradientBoosting,unadjusted,gse19697_gse45255,meta_er_status,None,None,0.860305
roc_auc_score,0,RandomForest,npn_global,gse19697_gse62944,meta_er_status,None,None,0.510291
roc_auc_score,1,RandomForest,npn_global,gse19697_gse62944,meta_er_status,None,None,0.49971
roc_auc_score,2,RandomForest,npn_global,gse19697_gse62944,meta_er_status,None,None,0.531782
roc_auc_score,3,RandomForest,npn_global,gse19697_gse62944,meta_er_status,None,None,0.503745
roc_auc_score,4,RandomForest,npn_global,gse19697_gse62944,meta_er_status,None,None,0.498427
roc_auc_score,5,RandomForest,npn_global,gse19697_gse62944,meta_er_status,None,None,0.524555
roc_auc_score,6,RandomForest,npn_global,gse19697_gse62944,meta_er_status,None,None,0.471305
roc_auc_score,7,RandomForest,npn_global,gse19697_gse62944,meta_er_status,None,None,0.493234
roc_auc_score,8,RandomForest,npn_global,gse19697_gse62944,meta_er_status,None,None,0.537459
roc_auc_score,9,RandomForest,npn_global,gse19697_gse62944,meta_er_status,None,None,0.484227
mutual_info_score,0,RandomForest,npn_global,gse19697_gse62944,meta_er_status,None,None,0.001514
mutual_info_score,1,RandomForest,npn_global,gse19697_gse62944,meta_er_status,None,None,0.001225
mutual_info_score,2,RandomForest,npn_global,gse19697_gse62944,meta_er_status,None,None,0.002099
mutual_info_score,3,RandomForest,npn_global,gse19697_gse62944,meta_er_status,None,None,0.005539
mutual_info_score,4,RandomForest,npn_global,gse19697_gse62944,meta_er_status,None,None,0.002368
mutual_info_score,5,RandomForest,npn_global,gse19697_gse62944,meta_er_status,None,None,0.000689
mutual_info_score,6,RandomForest,npn_global,gse19697_gse62944,meta_er_status,None,None,0.004076
mutual_info_score,7,RandomForest,npn_global,gse19697_gse62944,meta_er_status,None,None,0.000693
mutual_info_score,8,RandomForest,npn_global,gse19697_gse62944,meta_er_status,None,None,0.000459
mutual_info_score,9,RandomForest,npn_global,gse19697_gse62944,meta_er_status,None,None,0.004165
accuracy_score,0,RandomForest,npn_global,gse19697_gse62944,meta_er_status,None,None,0.632704
accuracy_score,1,RandomForest,npn_global,gse19697_gse62944,meta_er_status,None,None,0.609984
accuracy_score,2,RandomForest,npn_global,gse19697_gse62944,meta_er_status,None,None,0.625118
accuracy_score,3,RandomForest,npn_global,gse19697_gse62944,meta_er_status,None,None,0.609995
accuracy_score,4,RandomForest,npn_global,gse19697_gse62944,meta_er_status,None,None,0.611052
accuracy_score,5,RandomForest,npn_global,gse19697_gse62944,meta_er_status,None,None,0.629496
accuracy_score,6,RandomForest,npn_global,gse19697_gse62944,meta_er_status,None,None,0.602391
accuracy_score,7,RandomForest,npn_global,gse19697_gse62944,meta_er_status,None,None,0.62839
accuracy_score,8,RandomForest,npn_global,gse19697_gse62944,meta_er_status,None,None,0.633815
accuracy_score,9,RandomForest,npn_global,gse19697_gse62944,meta_er_status,None,None,0.603473
roc_auc_score,0,HistGradientBoosting,npn_global,gse19697_gse62944,meta_er_status,None,None,0.509768
roc_auc_score,1,HistGradientBoosting,npn_global,gse19697_gse62944,meta_er_status,None,None,0.508169
roc_auc_score,2,HistGradientBoosting,npn_global,gse19697_gse62944,meta_er_status,None,None,0.503147
roc_auc_score,3,HistGradientBoosting,npn_global,gse19697_gse62944,meta_er_status,None,None,0.530111
roc_auc_score,4,HistGradientBoosting,npn_global,gse19697_gse62944,meta_er_status,None,None,0.510794
roc_auc_score,5,HistGradientBoosting,npn_global,gse19697_gse62944,meta_er_status,None,None,0.506331
roc_auc_score,6,HistGradientBoosting,npn_global,gse19697_gse62944,meta_er_status,None,None,0.494126
roc_auc_score,7,HistGradientBoosting,npn_global,gse19697_gse62944,meta_er_status,None,None,0.497691
roc_auc_score,8,HistGradientBoosting,npn_global,gse19697_gse62944,meta_er_status,None,None,0.529017
roc_auc_score,9,HistGradientBoosting,npn_global,gse19697_gse62944,meta_er_status,None,None,0.493819
mutual_info_score,0,HistGradientBoosting,npn_global,gse19697_gse62944,meta_er_status,None,None,0.002003
mutual_info_score,1,HistGradientBoosting,npn_global,gse19697_gse62944,meta_er_status,None,None,0.004819
mutual_info_score,2,HistGradientBoosting,npn_global,gse19697_gse62944,meta_er_status,None,None,0.002755
mutual_info_score,3,HistGradientBoosting,npn_global,gse19697_gse62944,meta_er_status,None,None,0.008215
mutual_info_score,4,HistGradientBoosting,npn_global,gse19697_gse62944,meta_er_status,None,None,0.000942
mutual_info_score,5,HistGradientBoosting,npn_global,gse19697_gse62944,meta_er_status,None,None,0.002064
mutual_info_score,6,HistGradientBoosting,npn_global,gse19697_gse62944,meta_er_status,None,None,0.000504
mutual_info_score,7,HistGradientBoosting,npn_global,gse19697_gse62944,meta_er_status,None,None,0.001307
mutual_info_score,8,HistGradientBoosting,npn_global,gse19697_gse62944,meta_er_status,None,None,0.000616
mutual_info_score,9,HistGradientBoosting,npn_global,gse19697_gse62944,meta_er_status,None,None,0.002863
accuracy_score,0,HistGradientBoosting,npn_global,gse19697_gse62944,meta_er_status,None,None,0.742153
accuracy_score,1,HistGradientBoosting,npn_global,gse19697_gse62944,meta_er_status,None,None,0.751914
accuracy_score,2,HistGradientBoosting,npn_global,gse19697_gse62944,meta_er_status,None,None,0.749729
accuracy_score,3,HistGradientBoosting,npn_global,gse19697_gse62944,meta_er_status,None,None,0.759486
accuracy_score,4,HistGradientBoosting,npn_global,gse19697_gse62944,meta_er_status,None,None,0.745393
accuracy_score,5,HistGradientBoosting,npn_global,gse19697_gse62944,meta_er_status,None,None,0.743246
accuracy_score,6,HistGradientBoosting,npn_global,gse19697_gse62944,meta_er_status,None,None,0.742146
accuracy_score,7,HistGradientBoosting,npn_global,gse19697_gse62944,meta_er_status,None,None,0.736727
accuracy_score,8,HistGradientBoosting,npn_global,gse19697_gse62944,meta_er_status,None,None,0.746471
accuracy_score,9,HistGradientBoosting,npn_global,gse19697_gse62944,meta_er_status,None,None,0.743239
roc_auc_score,0,RandomForest,unadjusted,gse19697_gse20194,meta_er_status,None,None,0.956805
roc_auc_score,1,RandomForest,unadjusted,gse19697_gse20194,meta_er_status,None,None,0.958722
roc_auc_score,2,RandomForest,unadjusted,gse19697_gse20194,meta_er_status,None,None,0.955586
roc_auc_score,3,RandomForest,unadjusted,gse19697_gse20194,meta_er_status,None,None,0.96063
roc_auc_score,4,RandomForest,unadjusted,gse19697_gse20194,meta_er_status,None,None,0.95451
roc_auc_score,5,RandomForest,unadjusted,gse19697_gse20194,meta_er_status,None,None,0.957715
roc_auc_score,6,RandomForest,unadjusted,gse19697_gse20194,meta_er_status,None,None,0.963342
roc_auc_score,7,RandomForest,unadjusted,gse19697_gse20194,meta_er_status,None,None,0.958183
roc_auc_score,8,RandomForest,unadjusted,gse19697_gse20194,meta_er_status,None,None,0.952246
roc_auc_score,9,RandomForest,unadjusted,gse19697_gse20194,meta_er_status,None,None,0.953012
mutual_info_score,0,RandomForest,unadjusted,gse19697_gse20194,meta_er_status,None,None,0.572952
mutual_info_score,1,RandomForest,unadjusted,gse19697_gse20194,meta_er_status,None,None,0.546385
mutual_info_score,2,RandomForest,unadjusted,gse19697_gse20194,meta_er_status,None,None,0.547486
mutual_info_score,3,RandomForest,unadjusted,gse19697_gse20194,meta_er_status,None,None,0.542141
mutual_info_score,4,RandomForest,unadjusted,gse19697_gse20194,meta_er_status,None,None,0.527452
mutual_info_score,5,RandomForest,unadjusted,gse19697_gse20194,meta_er_status,None,None,0.592793
mutual_info_score,6,RandomForest,unadjusted,gse19697_gse20194,meta_er_status,None,None,0.547723
mutual_info_score,7,RandomForest,unadjusted,gse19697_gse20194,meta_er_status,None,None,0.583106
mutual_info_score,8,RandomForest,unadjusted,gse19697_gse20194,meta_er_status,None,None,0.59337
mutual_info_score,9,RandomForest,unadjusted,gse19697_gse20194,meta_er_status,None,None,0.624115
accuracy_score,0,RandomForest,unadjusted,gse19697_gse20194,meta_er_status,None,None,0.909261
accuracy_score,1,RandomForest,unadjusted,gse19697_gse20194,meta_er_status,None,None,0.901736
accuracy_score,2,RandomForest,unadjusted,gse19697_gse20194,meta_er_status,None,None,0.905439
accuracy_score,3,RandomForest,unadjusted,gse19697_gse20194,meta_er_status,None,None,0.905518
accuracy_score,4,RandomForest,unadjusted,gse19697_gse20194,meta_er_status,None,None,0.901736
accuracy_score,5,RandomForest,unadjusted,gse19697_gse20194,meta_er_status,None,None,0.920011
accuracy_score,6,RandomForest,unadjusted,gse19697_gse20194,meta_er_status,None,None,0.905399
accuracy_score,7,RandomForest,unadjusted,gse19697_gse20194,meta_er_status,None,None,0.916507
accuracy_score,8,RandomForest,unadjusted,gse19697_gse20194,meta_er_status,None,None,0.912884
accuracy_score,9,RandomForest,unadjusted,gse19697_gse20194,meta_er_status,None,None,0.919971
roc_auc_score,0,HistGradientBoosting,unadjusted,gse19697_gse20194,meta_er_status,None,None,0.957195
roc_auc_score,1,HistGradientBoosting,unadjusted,gse19697_gse20194,meta_er_status,None,None,0.95293
roc_auc_score,2,HistGradientBoosting,unadjusted,gse19697_gse20194,meta_er_status,None,None,0.956809
roc_auc_score,3,HistGradientBoosting,unadjusted,gse19697_gse20194,meta_er_status,None,None,0.948323
roc_auc_score,4,HistGradientBoosting,unadjusted,gse19697_gse20194,meta_er_status,None,None,0.951824
roc_auc_score,5,HistGradientBoosting,unadjusted,gse19697_gse20194,meta_er_status,None,None,0.958605
roc_auc_score,6,HistGradientBoosting,unadjusted,gse19697_gse20194,meta_er_status,None,None,0.947559
roc_auc_score,7,HistGradientBoosting,unadjusted,gse19697_gse20194,meta_er_status,None,None,0.945907
roc_auc_score,8,HistGradientBoosting,unadjusted,gse19697_gse20194,meta_er_status,None,None,0.948903
roc_auc_score,9,HistGradientBoosting,unadjusted,gse19697_gse20194,meta_er_status,None,None,0.954812
mutual_info_score,0,HistGradientBoosting,unadjusted,gse19697_gse20194,meta_er_status,None,None,0.629428
mutual_info_score,1,HistGradientBoosting,unadjusted,gse19697_gse20194,meta_er_status,None,None,0.605189
mutual_info_score,2,HistGradientBoosting,unadjusted,gse19697_gse20194,meta_er_status,None,None,0.591998
mutual_info_score,3,HistGradientBoosting,unadjusted,gse19697_gse20194,meta_er_status,None,None,0.563664
mutual_info_score,4,HistGradientBoosting,unadjusted,gse19697_gse20194,meta_er_status,None,None,0.587078
mutual_info_score,5,HistGradientBoosting,unadjusted,gse19697_gse20194,meta_er_status,None,None,0.590716
mutual_info_score,6,HistGradientBoosting,unadjusted,gse19697_gse20194,meta_er_status,None,None,0.572486
mutual_info_score,7,HistGradientBoosting,unadjusted,gse19697_gse20194,meta_er_status,None,None,0.602428
mutual_info_score,8,HistGradientBoosting,unadjusted,gse19697_gse20194,meta_er_status,None,None,0.581236
mutual_info_score,9,HistGradientBoosting,unadjusted,gse19697_gse20194,meta_er_status,None,None,0.5676
accuracy_score,0,HistGradientBoosting,unadjusted,gse19697_gse20194,meta_er_status,None,None,0.927417
accuracy_score,1,HistGradientBoosting,unadjusted,gse19697_gse20194,meta_er_status,None,None,0.923595
accuracy_score,2,HistGradientBoosting,unadjusted,gse19697_gse20194,meta_er_status,None,None,0.920011
accuracy_score,3,HistGradientBoosting,unadjusted,gse19697_gse20194,meta_er_status,None,None,0.912765
accuracy_score,4,HistGradientBoosting,unadjusted,gse19697_gse20194,meta_er_status,None,None,0.919932
accuracy_score,5,HistGradientBoosting,unadjusted,gse19697_gse20194,meta_er_status,None,None,0.919971
accuracy_score,6,HistGradientBoosting,unadjusted,gse19697_gse20194,meta_er_status,None,None,0.912725
accuracy_score,7,HistGradientBoosting,unadjusted,gse19697_gse20194,meta_er_status,None,None,0.92017
accuracy_score,8,HistGradientBoosting,unadjusted,gse19697_gse20194,meta_er_status,None,None,0.912844
accuracy_score,9,HistGradientBoosting,unadjusted,gse19697_gse20194,meta_er_status,None,None,0.909102
roc_auc_score,0,RandomForest,npn_global,gse19697_gse20271,meta_er_status,None,None,0.377086
roc_auc_score,1,RandomForest,npn_global,gse19697_gse20271,meta_er_status,None,None,0.478865
roc_auc_score,2,RandomForest,npn_global,gse19697_gse20271,meta_er_status,None,None,0.351502
roc_auc_score,3,RandomForest,npn_global,gse19697_gse20271,meta_er_status,None,None,0.433259
roc_auc_score,4,RandomForest,npn_global,gse19697_gse20271,meta_er_status,None,None,0.356136
roc_auc_score,5,RandomForest,npn_global,gse19697_gse20271,meta_er_status,None,None,0.423619
roc_auc_score,6,RandomForest,npn_global,gse19697_gse20271,meta_er_status,None,None,0.44086
roc_auc_score,7,RandomForest,npn_global,gse19697_gse20271,meta_er_status,None,None,0.399518
roc_auc_score,8,RandomForest,npn_global,gse19697_gse20271,meta_er_status,None,None,0.404894
roc_auc_score,9,RandomForest,npn_global,gse19697_gse20271,meta_er_status,None,None,0.444197
mutual_info_score,0,RandomForest,npn_global,gse19697_gse20271,meta_er_status,None,None,0.013402
mutual_info_score,1,RandomForest,npn_global,gse19697_gse20271,meta_er_status,None,None,0.013
mutual_info_score,2,RandomForest,npn_global,gse19697_gse20271,meta_er_status,None,None,0.017959
mutual_info_score,3,RandomForest,npn_global,gse19697_gse20271,meta_er_status,None,None,0.016524
mutual_info_score,4,RandomForest,npn_global,gse19697_gse20271,meta_er_status,None,None,0.025967
mutual_info_score,5,RandomForest,npn_global,gse19697_gse20271,meta_er_status,None,None,0.015194
mutual_info_score,6,RandomForest,npn_global,gse19697_gse20271,meta_er_status,None,None,0.006295
mutual_info_score,7,RandomForest,npn_global,gse19697_gse20271,meta_er_status,None,None,0.024007
mutual_info_score,8,RandomForest,npn_global,gse19697_gse20271,meta_er_status,None,None,0.014855
mutual_info_score,9,RandomForest,npn_global,gse19697_gse20271,meta_er_status,None,None,0.005861
accuracy_score,0,RandomForest,npn_global,gse19697_gse20271,meta_er_status,None,None,0.438889
accuracy_score,1,RandomForest,npn_global,gse19697_gse20271,meta_er_status,None,None,0.461111
accuracy_score,2,RandomForest,npn_global,gse19697_gse20271,meta_er_status,None,None,0.433333
accuracy_score,3,RandomForest,npn_global,gse19697_gse20271,meta_er_status,None,None,0.455556
accuracy_score,4,RandomForest,npn_global,gse19697_gse20271,meta_er_status,None,None,0.411111
accuracy_score,5,RandomForest,npn_global,gse19697_gse20271,meta_er_status,None,None,0.444444
accuracy_score,6,RandomForest,npn_global,gse19697_gse20271,meta_er_status,None,None,0.466667
accuracy_score,7,RandomForest,npn_global,gse19697_gse20271,meta_er_status,None,None,0.444444
accuracy_score,8,RandomForest,npn_global,gse19697_gse20271,meta_er_status,None,None,0.433333
accuracy_score,9,RandomForest,npn_global,gse19697_gse20271,meta_er_status,None,None,0.466667
roc_auc_score,0,HistGradientBoosting,npn_global,gse19697_gse20271,meta_er_status,None,None,0.377086
roc_auc_score,1,HistGradientBoosting,npn_global,gse19697_gse20271,meta_er_status,None,None,0.437894
roc_auc_score,2,HistGradientBoosting,npn_global,gse19697_gse20271,meta_er_status,None,None,0.377456
roc_auc_score,3,HistGradientBoosting,npn_global,gse19697_gse20271,meta_er_status,None,None,0.378569
roc_auc_score,4,HistGradientBoosting,npn_global,gse19697_gse20271,meta_er_status,None,None,0.352985
roc_auc_score,5,HistGradientBoosting,npn_global,gse19697_gse20271,meta_er_status,None,None,0.357063
roc_auc_score,6,HistGradientBoosting,npn_global,gse19697_gse20271,meta_er_status,None,None,0.393771
roc_auc_score,7,HistGradientBoosting,npn_global,gse19697_gse20271,meta_er_status,None,None,0.406007
roc_auc_score,8,HistGradientBoosting,npn_global,gse19697_gse20271,meta_er_status,None,None,0.396737
roc_auc_score,9,HistGradientBoosting,npn_global,gse19697_gse20271,meta_er_status,None,None,0.390805
mutual_info_score,0,HistGradientBoosting,npn_global,gse19697_gse20271,meta_er_status,None,None,0.031416
mutual_info_score,1,HistGradientBoosting,npn_global,gse19697_gse20271,meta_er_status,None,None,0.002308
mutual_info_score,2,HistGradientBoosting,npn_global,gse19697_gse20271,meta_er_status,None,None,0.023057
mutual_info_score,3,HistGradientBoosting,npn_global,gse19697_gse20271,meta_er_status,None,None,0.041383
mutual_info_score,4,HistGradientBoosting,npn_global,gse19697_gse20271,meta_er_status,None,None,0.044698
mutual_info_score,5,HistGradientBoosting,npn_global,gse19697_gse20271,meta_er_status,None,None,0.057125
mutual_info_score,6,HistGradientBoosting,npn_global,gse19697_gse20271,meta_er_status,None,None,0.007155
mutual_info_score,7,HistGradientBoosting,npn_global,gse19697_gse20271,meta_er_status,None,None,0.031529
mutual_info_score,8,HistGradientBoosting,npn_global,gse19697_gse20271,meta_er_status,None,None,0.010423
mutual_info_score,9,HistGradientBoosting,npn_global,gse19697_gse20271,meta_er_status,None,None,0.020981
accuracy_score,0,HistGradientBoosting,npn_global,gse19697_gse20271,meta_er_status,None,None,0.405556
accuracy_score,1,HistGradientBoosting,npn_global,gse19697_gse20271,meta_er_status,None,None,0.477778
accuracy_score,2,HistGradientBoosting,npn_global,gse19697_gse20271,meta_er_status,None,None,0.433333
accuracy_score,3,HistGradientBoosting,npn_global,gse19697_gse20271,meta_er_status,None,None,0.394444
accuracy_score,4,HistGradientBoosting,npn_global,gse19697_gse20271,meta_er_status,None,None,0.383333
accuracy_score,5,HistGradientBoosting,npn_global,gse19697_gse20271,meta_er_status,None,None,0.388889
accuracy_score,6,HistGradientBoosting,npn_global,gse19697_gse20271,meta_er_status,None,None,0.455556
accuracy_score,7,HistGradientBoosting,npn_global,gse19697_gse20271,meta_er_status,None,None,0.45
accuracy_score,8,HistGradientBoosting,npn_global,gse19697_gse20271,meta_er_status,None,None,0.444444
accuracy_score,9,HistGradientBoosting,npn_global,gse19697_gse20271,meta_er_status,None,None,0.444444
roc_auc_score,0,RandomForest,unadjusted,gse19697_gse20271,meta_er_status,None,None,0.880237
roc_auc_score,1,RandomForest,unadjusted,gse19697_gse20271,meta_er_status,None,None,0.858732
roc_auc_score,2,RandomForest,unadjusted,gse19697_gse20271,meta_er_status,None,None,0.876529
roc_auc_score,3,RandomForest,unadjusted,gse19697_gse20271,meta_er_status,None,None,0.871524
roc_auc_score,4,RandomForest,unadjusted,gse19697_gse20271,meta_er_status,None,None,0.861327
roc_auc_score,5,RandomForest,unadjusted,gse19697_gse20271,meta_er_status,None,None,0.885799
roc_auc_score,6,RandomForest,unadjusted,gse19697_gse20271,meta_er_status,None,None,0.870226
roc_auc_score,7,RandomForest,unadjusted,gse19697_gse20271,meta_er_status,None,None,0.879496
roc_auc_score,8,RandomForest,unadjusted,gse19697_gse20271,meta_er_status,None,None,0.887097
roc_auc_score,9,RandomForest,unadjusted,gse19697_gse20271,meta_er_status,None,None,0.874305
mutual_info_score,0,RandomForest,unadjusted,gse19697_gse20271,meta_er_status,None,None,0.342456
mutual_info_score,1,RandomForest,unadjusted,gse19697_gse20271,meta_er_status,None,None,0.293077
mutual_info_score,2,RandomForest,unadjusted,gse19697_gse20271,meta_er_status,None,None,0.299054
mutual_info_score,3,RandomForest,unadjusted,gse19697_gse20271,meta_er_status,None,None,0.257799
mutual_info_score,4,RandomForest,unadjusted,gse19697_gse20271,meta_er_status,None,None,0.258658
mutual_info_score,5,RandomForest,unadjusted,gse19697_gse20271,meta_er_status,None,None,0.342638
mutual_info_score,6,RandomForest,unadjusted,gse19697_gse20271,meta_er_status,None,None,0.269601
mutual_info_score,7,RandomForest,unadjusted,gse19697_gse20271,meta_er_status,None,None,0.335731
mutual_info_score,8,RandomForest,unadjusted,gse19697_gse20271,meta_er_status,None,None,0.342663
mutual_info_score,9,RandomForest,unadjusted,gse19697_gse20271,meta_er_status,None,None,0.296628
accuracy_score,0,RandomForest,unadjusted,gse19697_gse20271,meta_er_status,None,None,0.822222
accuracy_score,1,RandomForest,unadjusted,gse19697_gse20271,meta_er_status,None,None,0.794444
accuracy_score,2,RandomForest,unadjusted,gse19697_gse20271,meta_er_status,None,None,0.805556
accuracy_score,3,RandomForest,unadjusted,gse19697_gse20271,meta_er_status,None,None,0.783333
accuracy_score,4,RandomForest,unadjusted,gse19697_gse20271,meta_er_status,None,None,0.788889
accuracy_score,5,RandomForest,unadjusted,gse19697_gse20271,meta_er_status,None,None,0.822222
accuracy_score,6,RandomForest,unadjusted,gse19697_gse20271,meta_er_status,None,None,0.788889
accuracy_score,7,RandomForest,unadjusted,gse19697_gse20271,meta_er_status,None,None,0.811111
accuracy_score,8,RandomForest,unadjusted,gse19697_gse20271,meta_er_status,None,None,0.827778
accuracy_score,9,RandomForest,unadjusted,gse19697_gse20271,meta_er_status,None,None,0.805556
roc_auc_score,0,HistGradientBoosting,unadjusted,gse19697_gse20271,meta_er_status,None,None,0.887282
roc_auc_score,1,HistGradientBoosting,unadjusted,gse19697_gse20271,meta_er_status,None,None,0.875046
roc_auc_score,2,HistGradientBoosting,unadjusted,gse19697_gse20271,meta_er_status,None,None,0.883574
roc_auc_score,3,HistGradientBoosting,unadjusted,gse19697_gse20271,meta_er_status,None,None,0.890248
roc_auc_score,4,HistGradientBoosting,unadjusted,gse19697_gse20271,meta_er_status,None,None,0.892473
roc_auc_score,5,HistGradientBoosting,unadjusted,gse19697_gse20271,meta_er_status,None,None,0.88135
roc_auc_score,6,HistGradientBoosting,unadjusted,gse19697_gse20271,meta_er_status,None,None,0.864294
roc_auc_score,7,HistGradientBoosting,unadjusted,gse19697_gse20271,meta_er_status,None,None,0.88135
roc_auc_score,8,HistGradientBoosting,unadjusted,gse19697_gse20271,meta_er_status,None,None,0.869485
roc_auc_score,9,HistGradientBoosting,unadjusted,gse19697_gse20271,meta_er_status,None,None,0.882833
mutual_info_score,0,HistGradientBoosting,unadjusted,gse19697_gse20271,meta_er_status,None,None,0.368462
mutual_info_score,1,HistGradientBoosting,unadjusted,gse19697_gse20271,meta_er_status,None,None,0.31356
mutual_info_score,2,HistGradientBoosting,unadjusted,gse19697_gse20271,meta_er_status,None,None,0.408613
mutual_info_score,3,HistGradientBoosting,unadjusted,gse19697_gse20271,meta_er_status,None,None,0.311245
mutual_info_score,4,HistGradientBoosting,unadjusted,gse19697_gse20271,meta_er_status,None,None,0.340255
mutual_info_score,5,HistGradientBoosting,unadjusted,gse19697_gse20271,meta_er_status,None,None,0.430878
mutual_info_score,6,HistGradientBoosting,unadjusted,gse19697_gse20271,meta_er_status,None,None,0.319993
mutual_info_score,7,HistGradientBoosting,unadjusted,gse19697_gse20271,meta_er_status,None,None,0.383844
mutual_info_score,8,HistGradientBoosting,unadjusted,gse19697_gse20271,meta_er_status,None,None,0.331683
mutual_info_score,9,HistGradientBoosting,unadjusted,gse19697_gse20271,meta_er_status,None,None,0.317694
accuracy_score,0,HistGradientBoosting,unadjusted,gse19697_gse20271,meta_er_status,None,None,0.833333
accuracy_score,1,HistGradientBoosting,unadjusted,gse19697_gse20271,meta_er_status,None,None,0.811111
accuracy_score,2,HistGradientBoosting,unadjusted,gse19697_gse20271,meta_er_status,None,None,0.85
accuracy_score,3,HistGradientBoosting,unadjusted,gse19697_gse20271,meta_er_status,None,None,0.811111
accuracy_score,4,HistGradientBoosting,unadjusted,gse19697_gse20271,meta_er_status,None,None,0.827778
accuracy_score,5,HistGradientBoosting,unadjusted,gse19697_gse20271,meta_er_status,None,None,0.855556
accuracy_score,6,HistGradientBoosting,unadjusted,gse19697_gse20271,meta_er_status,None,None,0.816667
accuracy_score,7,HistGradientBoosting,unadjusted,gse19697_gse20271,meta_er_status,None,None,0.838889
accuracy_score,8,HistGradientBoosting,unadjusted,gse19697_gse20271,meta_er_status,None,None,0.822222
accuracy_score,9,HistGradientBoosting,unadjusted,gse19697_gse20271,meta_er_status,None,None,0.816667
roc_auc_score,0,RandomForest,gmm_npn_unit_std_global,gse19697_gse20271,meta_er_status,None,None,0.446422
roc_auc_score,1,RandomForest,gmm_npn_unit_std_global,gse19697_gse20271,meta_er_status,None,None,0.453467
roc_auc_score,2,RandomForest,gmm_npn_unit_std_global,gse19697_gse20271,meta_er_status,None,None,0.384687
roc_auc_score,3,RandomForest,gmm_npn_unit_std_global,gse19697_gse20271,meta_er_status,None,None,0.460882
roc_auc_score,4,RandomForest,gmm_npn_unit_std_global,gse19697_gse20271,meta_er_status,None,None,0.436411
roc_auc_score,5,RandomForest,gmm_npn_unit_std_global,gse19697_gse20271,meta_er_status,None,None,0.410271
roc_auc_score,6,RandomForest,gmm_npn_unit_std_global,gse19697_gse20271,meta_er_status,None,None,0.452354
roc_auc_score,7,RandomForest,gmm_npn_unit_std_global,gse19697_gse20271,meta_er_status,None,None,0.363181
roc_auc_score,8,RandomForest,gmm_npn_unit_std_global,gse19697_gse20271,meta_er_status,None,None,0.429737
roc_auc_score,9,RandomForest,gmm_npn_unit_std_global,gse19697_gse20271,meta_er_status,None,None,0.489433
mutual_info_score,0,RandomForest,gmm_npn_unit_std_global,gse19697_gse20271,meta_er_status,None,None,0.020718
mutual_info_score,1,RandomForest,gmm_npn_unit_std_global,gse19697_gse20271,meta_er_status,None,None,0.01612
mutual_info_score,2,RandomForest,gmm_npn_unit_std_global,gse19697_gse20271,meta_er_status,None,None,0.029734
mutual_info_score,3,RandomForest,gmm_npn_unit_std_global,gse19697_gse20271,meta_er_status,None,None,0.002793
mutual_info_score,4,RandomForest,gmm_npn_unit_std_global,gse19697_gse20271,meta_er_status,None,None,0.017028
mutual_info_score,5,RandomForest,gmm_npn_unit_std_global,gse19697_gse20271,meta_er_status,None,None,0.026866
mutual_info_score,6,RandomForest,gmm_npn_unit_std_global,gse19697_gse20271,meta_er_status,None,None,0.013446
mutual_info_score,7,RandomForest,gmm_npn_unit_std_global,gse19697_gse20271,meta_er_status,None,None,0.026347
mutual_info_score,8,RandomForest,gmm_npn_unit_std_global,gse19697_gse20271,meta_er_status,None,None,0.012444
mutual_info_score,9,RandomForest,gmm_npn_unit_std_global,gse19697_gse20271,meta_er_status,None,None,0.004169
accuracy_score,0,RandomForest,gmm_npn_unit_std_global,gse19697_gse20271,meta_er_status,None,None,0.438889
accuracy_score,1,RandomForest,gmm_npn_unit_std_global,gse19697_gse20271,meta_er_status,None,None,0.438889
accuracy_score,2,RandomForest,gmm_npn_unit_std_global,gse19697_gse20271,meta_er_status,None,None,0.422222
accuracy_score,3,RandomForest,gmm_npn_unit_std_global,gse19697_gse20271,meta_er_status,None,None,0.477778
accuracy_score,4,RandomForest,gmm_npn_unit_std_global,gse19697_gse20271,meta_er_status,None,None,0.433333
accuracy_score,5,RandomForest,gmm_npn_unit_std_global,gse19697_gse20271,meta_er_status,None,None,0.411111
accuracy_score,6,RandomForest,gmm_npn_unit_std_global,gse19697_gse20271,meta_er_status,None,None,0.455556
accuracy_score,7,RandomForest,gmm_npn_unit_std_global,gse19697_gse20271,meta_er_status,None,None,0.411111
accuracy_score,8,RandomForest,gmm_npn_unit_std_global,gse19697_gse20271,meta_er_status,None,None,0.438889
accuracy_score,9,RandomForest,gmm_npn_unit_std_global,gse19697_gse20271,meta_er_status,None,None,0.5
roc_auc_score,0,HistGradientBoosting,gmm_npn_unit_std_global,gse19697_gse20271,meta_er_status,None,None,0.40267
roc_auc_score,1,HistGradientBoosting,gmm_npn_unit_std_global,gse19697_gse20271,meta_er_status,None,None,0.346681
roc_auc_score,2,HistGradientBoosting,gmm_npn_unit_std_global,gse19697_gse20271,meta_er_status,None,None,0.407119
roc_auc_score,3,HistGradientBoosting,gmm_npn_unit_std_global,gse19697_gse20271,meta_er_status,None,None,0.39822
roc_auc_score,4,HistGradientBoosting,gmm_npn_unit_std_global,gse19697_gse20271,meta_er_status,None,None,0.321098
roc_auc_score,5,HistGradientBoosting,gmm_npn_unit_std_global,gse19697_gse20271,meta_er_status,None,None,0.398962
roc_auc_score,6,HistGradientBoosting,gmm_npn_unit_std_global,gse19697_gse20271,meta_er_status,None,None,0.428254
roc_auc_score,7,HistGradientBoosting,gmm_npn_unit_std_global,gse19697_gse20271,meta_er_status,None,None,0.401928
roc_auc_score,8,HistGradientBoosting,gmm_npn_unit_std_global,gse19697_gse20271,meta_er_status,None,None,0.374861
roc_auc_score,9,HistGradientBoosting,gmm_npn_unit_std_global,gse19697_gse20271,meta_er_status,None,None,0.434186
mutual_info_score,0,HistGradientBoosting,gmm_npn_unit_std_global,gse19697_gse20271,meta_er_status,None,None,0.015853
mutual_info_score,1,HistGradientBoosting,gmm_npn_unit_std_global,gse19697_gse20271,meta_er_status,None,None,0.039095
mutual_info_score,2,HistGradientBoosting,gmm_npn_unit_std_global,gse19697_gse20271,meta_er_status,None,None,0.031778
mutual_info_score,3,HistGradientBoosting,gmm_npn_unit_std_global,gse19697_gse20271,meta_er_status,None,None,0.017068
mutual_info_score,4,HistGradientBoosting,gmm_npn_unit_std_global,gse19697_gse20271,meta_er_status,None,None,0.046939
mutual_info_score,5,HistGradientBoosting,gmm_npn_unit_std_global,gse19697_gse20271,meta_er_status,None,None,0.01426
mutual_info_score,6,HistGradientBoosting,gmm_npn_unit_std_global,gse19697_gse20271,meta_er_status,None,None,0.013455
mutual_info_score,7,HistGradientBoosting,gmm_npn_unit_std_global,gse19697_gse20271,meta_er_status,None,None,0.02871
mutual_info_score,8,HistGradientBoosting,gmm_npn_unit_std_global,gse19697_gse20271,meta_er_status,None,None,0.033212
mutual_info_score,9,HistGradientBoosting,gmm_npn_unit_std_global,gse19697_gse20271,meta_er_status,None,None,0.008709
accuracy_score,0,HistGradientBoosting,gmm_npn_unit_std_global,gse19697_gse20271,meta_er_status,None,None,0.45
accuracy_score,1,HistGradientBoosting,gmm_npn_unit_std_global,gse19697_gse20271,meta_er_status,None,None,0.394444
accuracy_score,2,HistGradientBoosting,gmm_npn_unit_std_global,gse19697_gse20271,meta_er_status,None,None,0.433333
accuracy_score,3,HistGradientBoosting,gmm_npn_unit_std_global,gse19697_gse20271,meta_er_status,None,None,0.438889
accuracy_score,4,HistGradientBoosting,gmm_npn_unit_std_global,gse19697_gse20271,meta_er_status,None,None,0.388889
accuracy_score,5,HistGradientBoosting,gmm_npn_unit_std_global,gse19697_gse20271,meta_er_status,None,None,0.433333
accuracy_score,6,HistGradientBoosting,gmm_npn_unit_std_global,gse19697_gse20271,meta_er_status,None,None,0.488889
accuracy_score,7,HistGradientBoosting,gmm_npn_unit_std_global,gse19697_gse20271,meta_er_status,None,None,0.422222
accuracy_score,8,HistGradientBoosting,gmm_npn_unit_std_global,gse19697_gse20271,meta_er_status,None,None,0.405556
accuracy_score,9,HistGradientBoosting,gmm_npn_unit_std_global,gse19697_gse20271,meta_er_status,None,None,0.461111
roc_auc_score,0,RandomForest,npn_global,gse19697_gse2990,meta_er_status,None,None,0.748401
roc_auc_score,1,RandomForest,npn_global,gse19697_gse2990,meta_er_status,None,None,0.675903
roc_auc_score,2,RandomForest,npn_global,gse19697_gse2990,meta_er_status,None,None,0.735038
roc_auc_score,3,RandomForest,npn_global,gse19697_gse2990,meta_er_status,None,None,0.763957
roc_auc_score,4,RandomForest,npn_global,gse19697_gse2990,meta_er_status,None,None,0.764076
roc_auc_score,5,RandomForest,npn_global,gse19697_gse2990,meta_er_status,None,None,0.753262
roc_auc_score,6,RandomForest,npn_global,gse19697_gse2990,meta_er_status,None,None,0.724084
roc_auc_score,7,RandomForest,npn_global,gse19697_gse2990,meta_er_status,None,None,0.720951
roc_auc_score,8,RandomForest,npn_global,gse19697_gse2990,meta_er_status,None,None,0.707167
roc_auc_score,9,RandomForest,npn_global,gse19697_gse2990,meta_er_status,None,None,0.713875
mutual_info_score,0,RandomForest,npn_global,gse19697_gse2990,meta_er_status,None,None,0.117644
mutual_info_score,1,RandomForest,npn_global,gse19697_gse2990,meta_er_status,None,None,0.078338
mutual_info_score,2,RandomForest,npn_global,gse19697_gse2990,meta_er_status,None,None,0.094389
mutual_info_score,3,RandomForest,npn_global,gse19697_gse2990,meta_er_status,None,None,0.118425
mutual_info_score,4,RandomForest,npn_global,gse19697_gse2990,meta_er_status,None,None,0.084539
mutual_info_score,5,RandomForest,npn_global,gse19697_gse2990,meta_er_status,None,None,0.114586
mutual_info_score,6,RandomForest,npn_global,gse19697_gse2990,meta_er_status,None,None,0.130805
mutual_info_score,7,RandomForest,npn_global,gse19697_gse2990,meta_er_status,None,None,0.175683
mutual_info_score,8,RandomForest,npn_global,gse19697_gse2990,meta_er_status,None,None,0.081559
mutual_info_score,9,RandomForest,npn_global,gse19697_gse2990,meta_er_status,None,None,0.074281
accuracy_score,0,RandomForest,npn_global,gse19697_gse2990,meta_er_status,None,None,0.720301
accuracy_score,1,RandomForest,npn_global,gse19697_gse2990,meta_er_status,None,None,0.678783
accuracy_score,2,RandomForest,npn_global,gse19697_gse2990,meta_er_status,None,None,0.691785
accuracy_score,3,RandomForest,npn_global,gse19697_gse2990,meta_er_status,None,None,0.720301
accuracy_score,4,RandomForest,npn_global,gse19697_gse2990,meta_er_status,None,None,0.685284
accuracy_score,5,RandomForest,npn_global,gse19697_gse2990,meta_er_status,None,None,0.698582
accuracy_score,6,RandomForest,npn_global,gse19697_gse2990,meta_er_status,None,None,0.70656
accuracy_score,7,RandomForest,npn_global,gse19697_gse2990,meta_er_status,None,None,0.727689
accuracy_score,8,RandomForest,npn_global,gse19697_gse2990,meta_er_status,None,None,0.685431
accuracy_score,9,RandomForest,npn_global,gse19697_gse2990,meta_er_status,None,None,0.664598
roc_auc_score,0,HistGradientBoosting,npn_global,gse19697_gse2990,meta_er_status,None,None,1.0
roc_auc_score,1,HistGradientBoosting,npn_global,gse19697_gse2990,meta_er_status,None,None,1.0
roc_auc_score,2,HistGradientBoosting,npn_global,gse19697_gse2990,meta_er_status,None,None,1.0
roc_auc_score,3,HistGradientBoosting,npn_global,gse19697_gse2990,meta_er_status,None,None,1.0
roc_auc_score,4,HistGradientBoosting,npn_global,gse19697_gse2990,meta_er_status,None,None,1.0
roc_auc_score,5,HistGradientBoosting,npn_global,gse19697_gse2990,meta_er_status,None,None,1.0
roc_auc_score,6,HistGradientBoosting,npn_global,gse19697_gse2990,meta_er_status,None,None,1.0
roc_auc_score,7,HistGradientBoosting,npn_global,gse19697_gse2990,meta_er_status,None,None,1.0
roc_auc_score,8,HistGradientBoosting,npn_global,gse19697_gse2990,meta_er_status,None,None,1.0
roc_auc_score,9,HistGradientBoosting,npn_global,gse19697_gse2990,meta_er_status,None,None,1.0
mutual_info_score,0,HistGradientBoosting,npn_global,gse19697_gse2990,meta_er_status,None,None,0.970102
mutual_info_score,1,HistGradientBoosting,npn_global,gse19697_gse2990,meta_er_status,None,None,0.970102
mutual_info_score,2,HistGradientBoosting,npn_global,gse19697_gse2990,meta_er_status,None,None,0.970102
mutual_info_score,3,HistGradientBoosting,npn_global,gse19697_gse2990,meta_er_status,None,None,0.970102
mutual_info_score,4,HistGradientBoosting,npn_global,gse19697_gse2990,meta_er_status,None,None,0.970102
mutual_info_score,5,HistGradientBoosting,npn_global,gse19697_gse2990,meta_er_status,None,None,0.970102
mutual_info_score,6,HistGradientBoosting,npn_global,gse19697_gse2990,meta_er_status,None,None,0.970102
mutual_info_score,7,HistGradientBoosting,npn_global,gse19697_gse2990,meta_er_status,None,None,0.970102
mutual_info_score,8,HistGradientBoosting,npn_global,gse19697_gse2990,meta_er_status,None,None,0.970102
mutual_info_score,9,HistGradientBoosting,npn_global,gse19697_gse2990,meta_er_status,None,None,0.970102
accuracy_score,0,HistGradientBoosting,npn_global,gse19697_gse2990,meta_er_status,None,None,1.0
accuracy_score,1,HistGradientBoosting,npn_global,gse19697_gse2990,meta_er_status,None,None,1.0
accuracy_score,2,HistGradientBoosting,npn_global,gse19697_gse2990,meta_er_status,None,None,1.0
accuracy_score,3,HistGradientBoosting,npn_global,gse19697_gse2990,meta_er_status,None,None,1.0
accuracy_score,4,HistGradientBoosting,npn_global,gse19697_gse2990,meta_er_status,None,None,1.0
accuracy_score,5,HistGradientBoosting,npn_global,gse19697_gse2990,meta_er_status,None,None,1.0
accuracy_score,6,HistGradientBoosting,npn_global,gse19697_gse2990,meta_er_status,None,None,1.0
accuracy_score,7,HistGradientBoosting,npn_global,gse19697_gse2990,meta_er_status,None,None,1.0
accuracy_score,8,HistGradientBoosting,npn_global,gse19697_gse2990,meta_er_status,None,None,1.0
accuracy_score,9,HistGradientBoosting,npn_global,gse19697_gse2990,meta_er_status,None,None,1.0
roc_auc_score,0,RandomForest,unadjusted,gse19697_gse2990,meta_er_status,None,None,0.924682
roc_auc_score,1,RandomForest,unadjusted,gse19697_gse2990,meta_er_status,None,None,0.912918
roc_auc_score,2,RandomForest,unadjusted,gse19697_gse2990,meta_er_status,None,None,0.920599
roc_auc_score,3,RandomForest,unadjusted,gse19697_gse2990,meta_er_status,None,None,0.936598
roc_auc_score,4,RandomForest,unadjusted,gse19697_gse2990,meta_er_status,None,None,0.913599
roc_auc_score,5,RandomForest,unadjusted,gse19697_gse2990,meta_er_status,None,None,0.933746
roc_auc_score,6,RandomForest,unadjusted,gse19697_gse2990,meta_er_status,None,None,0.909526
roc_auc_score,7,RandomForest,unadjusted,gse19697_gse2990,meta_er_status,None,None,0.928129
roc_auc_score,8,RandomForest,unadjusted,gse19697_gse2990,meta_er_status,None,None,0.928237
roc_auc_score,9,RandomForest,unadjusted,gse19697_gse2990,meta_er_status,None,None,0.918903
mutual_info_score,0,RandomForest,unadjusted,gse19697_gse2990,meta_er_status,None,None,0.449024
mutual_info_score,1,RandomForest,unadjusted,gse19697_gse2990,meta_er_status,None,None,0.488721
mutual_info_score,2,RandomForest,unadjusted,gse19697_gse2990,meta_er_status,None,None,0.438597
mutual_info_score,3,RandomForest,unadjusted,gse19697_gse2990,meta_er_status,None,None,0.508098
mutual_info_score,4,RandomForest,unadjusted,gse19697_gse2990,meta_er_status,None,None,0.404947
mutual_info_score,5,RandomForest,unadjusted,gse19697_gse2990,meta_er_status,None,None,0.440251
mutual_info_score,6,RandomForest,unadjusted,gse19697_gse2990,meta_er_status,None,None,0.411725
mutual_info_score,7,RandomForest,unadjusted,gse19697_gse2990,meta_er_status,None,None,0.432038
mutual_info_score,8,RandomForest,unadjusted,gse19697_gse2990,meta_er_status,None,None,0.457028
mutual_info_score,9,RandomForest,unadjusted,gse19697_gse2990,meta_er_status,None,None,0.519352
accuracy_score,0,RandomForest,unadjusted,gse19697_gse2990,meta_er_status,None,None,0.874113
accuracy_score,1,RandomForest,unadjusted,gse19697_gse2990,meta_er_status,None,None,0.881501
accuracy_score,2,RandomForest,unadjusted,gse19697_gse2990,meta_er_status,None,None,0.867465
accuracy_score,3,RandomForest,unadjusted,gse19697_gse2990,meta_er_status,None,None,0.881353
accuracy_score,4,RandomForest,unadjusted,gse19697_gse2990,meta_er_status,None,None,0.852985
accuracy_score,5,RandomForest,unadjusted,gse19697_gse2990,meta_er_status,None,None,0.867021
accuracy_score,6,RandomForest,unadjusted,gse19697_gse2990,meta_er_status,None,None,0.853576
accuracy_score,7,RandomForest,unadjusted,gse19697_gse2990,meta_er_status,None,None,0.867169
accuracy_score,8,RandomForest,unadjusted,gse19697_gse2990,meta_er_status,None,None,0.874261
accuracy_score,9,RandomForest,unadjusted,gse19697_gse2990,meta_er_status,None,None,0.895095
roc_auc_score,0,HistGradientBoosting,unadjusted,gse19697_gse2990,meta_er_status,None,None,1.0
roc_auc_score,1,HistGradientBoosting,unadjusted,gse19697_gse2990,meta_er_status,None,None,1.0
roc_auc_score,2,HistGradientBoosting,unadjusted,gse19697_gse2990,meta_er_status,None,None,1.0
roc_auc_score,3,HistGradientBoosting,unadjusted,gse19697_gse2990,meta_er_status,None,None,1.0
roc_auc_score,4,HistGradientBoosting,unadjusted,gse19697_gse2990,meta_er_status,None,None,1.0
roc_auc_score,5,HistGradientBoosting,unadjusted,gse19697_gse2990,meta_er_status,None,None,1.0
roc_auc_score,6,HistGradientBoosting,unadjusted,gse19697_gse2990,meta_er_status,None,None,1.0
roc_auc_score,7,HistGradientBoosting,unadjusted,gse19697_gse2990,meta_er_status,None,None,1.0
roc_auc_score,8,HistGradientBoosting,unadjusted,gse19697_gse2990,meta_er_status,None,None,1.0
roc_auc_score,9,HistGradientBoosting,unadjusted,gse19697_gse2990,meta_er_status,None,None,1.0
mutual_info_score,0,HistGradientBoosting,unadjusted,gse19697_gse2990,meta_er_status,None,None,0.970102
mutual_info_score,1,HistGradientBoosting,unadjusted,gse19697_gse2990,meta_er_status,None,None,0.970102
mutual_info_score,2,HistGradientBoosting,unadjusted,gse19697_gse2990,meta_er_status,None,None,0.970102
mutual_info_score,3,HistGradientBoosting,unadjusted,gse19697_gse2990,meta_er_status,None,None,0.970102
mutual_info_score,4,HistGradientBoosting,unadjusted,gse19697_gse2990,meta_er_status,None,None,0.970102
mutual_info_score,5,HistGradientBoosting,unadjusted,gse19697_gse2990,meta_er_status,None,None,0.970102
mutual_info_score,6,HistGradientBoosting,unadjusted,gse19697_gse2990,meta_er_status,None,None,0.970102
mutual_info_score,7,HistGradientBoosting,unadjusted,gse19697_gse2990,meta_er_status,None,None,0.970102
mutual_info_score,8,HistGradientBoosting,unadjusted,gse19697_gse2990,meta_er_status,None,None,0.970102
mutual_info_score,9,HistGradientBoosting,unadjusted,gse19697_gse2990,meta_er_status,None,None,0.970102
accuracy_score,0,HistGradientBoosting,unadjusted,gse19697_gse2990,meta_er_status,None,None,1.0
accuracy_score,1,HistGradientBoosting,unadjusted,gse19697_gse2990,meta_er_status,None,None,1.0
accuracy_score,2,HistGradientBoosting,unadjusted,gse19697_gse2990,meta_er_status,None,None,1.0
accuracy_score,3,HistGradientBoosting,unadjusted,gse19697_gse2990,meta_er_status,None,None,1.0
accuracy_score,4,HistGradientBoosting,unadjusted,gse19697_gse2990,meta_er_status,None,None,1.0
accuracy_score,5,HistGradientBoosting,unadjusted,gse19697_gse2990,meta_er_status,None,None,1.0
accuracy_score,6,HistGradientBoosting,unadjusted,gse19697_gse2990,meta_er_status,None,None,1.0
accuracy_score,7,HistGradientBoosting,unadjusted,gse19697_gse2990,meta_er_status,None,None,1.0
accuracy_score,8,HistGradientBoosting,unadjusted,gse19697_gse2990,meta_er_status,None,None,1.0
accuracy_score,9,HistGradientBoosting,unadjusted,gse19697_gse2990,meta_er_status,None,None,1.0
roc_auc_score,0,RandomForest,gmm_npn_unit_std_global,gse19697_gse2990,meta_er_status,None,None,0.739402
roc_auc_score,1,RandomForest,gmm_npn_unit_std_global,gse19697_gse2990,meta_er_status,None,None,0.75013
roc_auc_score,2,RandomForest,gmm_npn_unit_std_global,gse19697_gse2990,meta_er_status,None,None,0.773194
roc_auc_score,3,RandomForest,gmm_npn_unit_std_global,gse19697_gse2990,meta_er_status,None,None,0.814731
roc_auc_score,4,RandomForest,gmm_npn_unit_std_global,gse19697_gse2990,meta_er_status,None,None,0.770677
roc_auc_score,5,RandomForest,gmm_npn_unit_std_global,gse19697_gse2990,meta_er_status,None,None,0.790543
roc_auc_score,6,RandomForest,gmm_npn_unit_std_global,gse19697_gse2990,meta_er_status,None,None,0.774901
roc_auc_score,7,RandomForest,gmm_npn_unit_std_global,gse19697_gse2990,meta_er_status,None,None,0.788826
roc_auc_score,8,RandomForest,gmm_npn_unit_std_global,gse19697_gse2990,meta_er_status,None,None,0.792628
roc_auc_score,9,RandomForest,gmm_npn_unit_std_global,gse19697_gse2990,meta_er_status,None,None,0.758567
mutual_info_score,0,RandomForest,gmm_npn_unit_std_global,gse19697_gse2990,meta_er_status,None,None,0.099346
mutual_info_score,1,RandomForest,gmm_npn_unit_std_global,gse19697_gse2990,meta_er_status,None,None,0.084817
mutual_info_score,2,RandomForest,gmm_npn_unit_std_global,gse19697_gse2990,meta_er_status,None,None,0.089699
mutual_info_score,3,RandomForest,gmm_npn_unit_std_global,gse19697_gse2990,meta_er_status,None,None,0.101043
mutual_info_score,4,RandomForest,gmm_npn_unit_std_global,gse19697_gse2990,meta_er_status,None,None,0.08456
mutual_info_score,5,RandomForest,gmm_npn_unit_std_global,gse19697_gse2990,meta_er_status,None,None,0.113019
mutual_info_score,6,RandomForest,gmm_npn_unit_std_global,gse19697_gse2990,meta_er_status,None,None,0.149593
mutual_info_score,7,RandomForest,gmm_npn_unit_std_global,gse19697_gse2990,meta_er_status,None,None,0.175058
mutual_info_score,8,RandomForest,gmm_npn_unit_std_global,gse19697_gse2990,meta_er_status,None,None,0.073088
mutual_info_score,9,RandomForest,gmm_npn_unit_std_global,gse19697_gse2990,meta_er_status,None,None,0.064127
accuracy_score,0,RandomForest,gmm_npn_unit_std_global,gse19697_gse2990,meta_er_status,None,None,0.706265
accuracy_score,1,RandomForest,gmm_npn_unit_std_global,gse19697_gse2990,meta_er_status,None,None,0.685579
accuracy_score,2,RandomForest,gmm_npn_unit_std_global,gse19697_gse2990,meta_er_status,None,None,0.684693
accuracy_score,3,RandomForest,gmm_npn_unit_std_global,gse19697_gse2990,meta_er_status,None,None,0.706413
accuracy_score,4,RandomForest,gmm_npn_unit_std_global,gse19697_gse2990,meta_er_status,None,None,0.69208
accuracy_score,5,RandomForest,gmm_npn_unit_std_global,gse19697_gse2990,meta_er_status,None,None,0.712914
accuracy_score,6,RandomForest,gmm_npn_unit_std_global,gse19697_gse2990,meta_er_status,None,None,0.7138
accuracy_score,7,RandomForest,gmm_npn_unit_std_global,gse19697_gse2990,meta_er_status,None,None,0.720597
accuracy_score,8,RandomForest,gmm_npn_unit_std_global,gse19697_gse2990,meta_er_status,None,None,0.678487
accuracy_score,9,RandomForest,gmm_npn_unit_std_global,gse19697_gse2990,meta_er_status,None,None,0.671247
roc_auc_score,0,HistGradientBoosting,gmm_npn_unit_std_global,gse19697_gse2990,meta_er_status,None,None,1.0
roc_auc_score,1,HistGradientBoosting,gmm_npn_unit_std_global,gse19697_gse2990,meta_er_status,None,None,1.0
roc_auc_score,2,HistGradientBoosting,gmm_npn_unit_std_global,gse19697_gse2990,meta_er_status,None,None,1.0
roc_auc_score,3,HistGradientBoosting,gmm_npn_unit_std_global,gse19697_gse2990,meta_er_status,None,None,1.0
roc_auc_score,4,HistGradientBoosting,gmm_npn_unit_std_global,gse19697_gse2990,meta_er_status,None,None,1.0
roc_auc_score,5,HistGradientBoosting,gmm_npn_unit_std_global,gse19697_gse2990,meta_er_status,None,None,1.0
roc_auc_score,6,HistGradientBoosting,gmm_npn_unit_std_global,gse19697_gse2990,meta_er_status,None,None,1.0
roc_auc_score,7,HistGradientBoosting,gmm_npn_unit_std_global,gse19697_gse2990,meta_er_status,None,None,1.0
roc_auc_score,8,HistGradientBoosting,gmm_npn_unit_std_global,gse19697_gse2990,meta_er_status,None,None,1.0
roc_auc_score,9,HistGradientBoosting,gmm_npn_unit_std_global,gse19697_gse2990,meta_er_status,None,None,1.0
mutual_info_score,0,HistGradientBoosting,gmm_npn_unit_std_global,gse19697_gse2990,meta_er_status,None,None,0.970102
mutual_info_score,1,HistGradientBoosting,gmm_npn_unit_std_global,gse19697_gse2990,meta_er_status,None,None,0.970102
mutual_info_score,2,HistGradientBoosting,gmm_npn_unit_std_global,gse19697_gse2990,meta_er_status,None,None,0.970102
mutual_info_score,3,HistGradientBoosting,gmm_npn_unit_std_global,gse19697_gse2990,meta_er_status,None,None,0.970102
mutual_info_score,4,HistGradientBoosting,gmm_npn_unit_std_global,gse19697_gse2990,meta_er_status,None,None,0.970102
mutual_info_score,5,HistGradientBoosting,gmm_npn_unit_std_global,gse19697_gse2990,meta_er_status,None,None,0.970102
mutual_info_score,6,HistGradientBoosting,gmm_npn_unit_std_global,gse19697_gse2990,meta_er_status,None,None,0.970102
mutual_info_score,7,HistGradientBoosting,gmm_npn_unit_std_global,gse19697_gse2990,meta_er_status,None,None,0.970102
mutual_info_score,8,HistGradientBoosting,gmm_npn_unit_std_global,gse19697_gse2990,meta_er_status,None,None,0.970102
mutual_info_score,9,HistGradientBoosting,gmm_npn_unit_std_global,gse19697_gse2990,meta_er_status,None,None,0.970102
accuracy_score,0,HistGradientBoosting,gmm_npn_unit_std_global,gse19697_gse2990,meta_er_status,None,None,1.0
accuracy_score,1,HistGradientBoosting,gmm_npn_unit_std_global,gse19697_gse2990,meta_er_status,None,None,1.0
accuracy_score,2,HistGradientBoosting,gmm_npn_unit_std_global,gse19697_gse2990,meta_er_status,None,None,1.0
accuracy_score,3,HistGradientBoosting,gmm_npn_unit_std_global,gse19697_gse2990,meta_er_status,None,None,1.0
accuracy_score,4,HistGradientBoosting,gmm_npn_unit_std_global,gse19697_gse2990,meta_er_status,None,None,1.0
accuracy_score,5,HistGradientBoosting,gmm_npn_unit_std_global,gse19697_gse2990,meta_er_status,None,None,1.0
accuracy_score,6,HistGradientBoosting,gmm_npn_unit_std_global,gse19697_gse2990,meta_er_status,None,None,1.0
accuracy_score,7,HistGradientBoosting,gmm_npn_unit_std_global,gse19697_gse2990,meta_er_status,None,None,1.0
accuracy_score,8,HistGradientBoosting,gmm_npn_unit_std_global,gse19697_gse2990,meta_er_status,None,None,1.0
accuracy_score,9,HistGradientBoosting,gmm_npn_unit_std_global,gse19697_gse2990,meta_er_status,None,None,1.0
roc_auc_score,0,RandomForest,npn_global,gse19697_gse43365,meta_er_status,None,None,0.530388
roc_auc_score,1,RandomForest,npn_global,gse19697_gse43365,meta_er_status,None,None,0.582471
roc_auc_score,2,RandomForest,npn_global,gse19697_gse43365,meta_er_status,None,None,0.548856
roc_auc_score,3,RandomForest,npn_global,gse19697_gse43365,meta_er_status,None,None,0.598953
roc_auc_score,4,RandomForest,npn_global,gse19697_gse43365,meta_er_status,None,None,0.545164
roc_auc_score,5,RandomForest,npn_global,gse19697_gse43365,meta_er_status,None,None,0.55541
roc_auc_score,6,RandomForest,npn_global,gse19697_gse43365,meta_er_status,None,None,0.533264
roc_auc_score,7,RandomForest,npn_global,gse19697_gse43365,meta_er_status,None,None,0.545134
roc_auc_score,8,RandomForest,npn_global,gse19697_gse43365,meta_er_status,None,None,0.542579
roc_auc_score,9,RandomForest,npn_global,gse19697_gse43365,meta_er_status,None,None,0.519114
mutual_info_score,0,RandomForest,npn_global,gse19697_gse43365,meta_er_status,None,None,0.11002
mutual_info_score,1,RandomForest,npn_global,gse19697_gse43365,meta_er_status,None,None,0.128239
mutual_info_score,2,RandomForest,npn_global,gse19697_gse43365,meta_er_status,None,None,0.196845
mutual_info_score,3,RandomForest,npn_global,gse19697_gse43365,meta_er_status,None,None,0.143817
mutual_info_score,4,RandomForest,npn_global,gse19697_gse43365,meta_er_status,None,None,0.155314
mutual_info_score,5,RandomForest,npn_global,gse19697_gse43365,meta_er_status,None,None,0.104056
mutual_info_score,6,RandomForest,npn_global,gse19697_gse43365,meta_er_status,None,None,0.151457
mutual_info_score,7,RandomForest,npn_global,gse19697_gse43365,meta_er_status,None,None,0.11753
mutual_info_score,8,RandomForest,npn_global,gse19697_gse43365,meta_er_status,None,None,0.142143
mutual_info_score,9,RandomForest,npn_global,gse19697_gse43365,meta_er_status,None,None,0.110424
accuracy_score,0,RandomForest,npn_global,gse19697_gse43365,meta_er_status,None,None,0.77037
accuracy_score,1,RandomForest,npn_global,gse19697_gse43365,meta_er_status,None,None,0.77037
accuracy_score,2,RandomForest,npn_global,gse19697_gse43365,meta_er_status,None,None,0.807407
accuracy_score,3,RandomForest,npn_global,gse19697_gse43365,meta_er_status,None,None,0.785185
accuracy_score,4,RandomForest,npn_global,gse19697_gse43365,meta_er_status,None,None,0.785185
accuracy_score,5,RandomForest,npn_global,gse19697_gse43365,meta_er_status,None,None,0.755556
accuracy_score,6,RandomForest,npn_global,gse19697_gse43365,meta_er_status,None,None,0.785185
accuracy_score,7,RandomForest,npn_global,gse19697_gse43365,meta_er_status,None,None,0.77037
accuracy_score,8,RandomForest,npn_global,gse19697_gse43365,meta_er_status,None,None,0.777778
accuracy_score,9,RandomForest,npn_global,gse19697_gse43365,meta_er_status,None,None,0.762963
roc_auc_score,0,HistGradientBoosting,npn_global,gse19697_gse43365,meta_er_status,None,None,1.0
roc_auc_score,1,HistGradientBoosting,npn_global,gse19697_gse43365,meta_er_status,None,None,1.0
roc_auc_score,2,HistGradientBoosting,npn_global,gse19697_gse43365,meta_er_status,None,None,1.0
roc_auc_score,3,HistGradientBoosting,npn_global,gse19697_gse43365,meta_er_status,None,None,1.0
roc_auc_score,4,HistGradientBoosting,npn_global,gse19697_gse43365,meta_er_status,None,None,1.0
roc_auc_score,5,HistGradientBoosting,npn_global,gse19697_gse43365,meta_er_status,None,None,1.0
roc_auc_score,6,HistGradientBoosting,npn_global,gse19697_gse43365,meta_er_status,None,None,1.0
roc_auc_score,7,HistGradientBoosting,npn_global,gse19697_gse43365,meta_er_status,None,None,1.0
roc_auc_score,8,HistGradientBoosting,npn_global,gse19697_gse43365,meta_er_status,None,None,1.0
roc_auc_score,9,HistGradientBoosting,npn_global,gse19697_gse43365,meta_er_status,None,None,1.0
mutual_info_score,0,HistGradientBoosting,npn_global,gse19697_gse43365,meta_er_status,None,None,0.885395
mutual_info_score,1,HistGradientBoosting,npn_global,gse19697_gse43365,meta_er_status,None,None,0.885395
mutual_info_score,2,HistGradientBoosting,npn_global,gse19697_gse43365,meta_er_status,None,None,0.885395
mutual_info_score,3,HistGradientBoosting,npn_global,gse19697_gse43365,meta_er_status,None,None,0.885395
mutual_info_score,4,HistGradientBoosting,npn_global,gse19697_gse43365,meta_er_status,None,None,0.885395
mutual_info_score,5,HistGradientBoosting,npn_global,gse19697_gse43365,meta_er_status,None,None,0.885395
mutual_info_score,6,HistGradientBoosting,npn_global,gse19697_gse43365,meta_er_status,None,None,0.885395
mutual_info_score,7,HistGradientBoosting,npn_global,gse19697_gse43365,meta_er_status,None,None,0.885395
mutual_info_score,8,HistGradientBoosting,npn_global,gse19697_gse43365,meta_er_status,None,None,0.885395
mutual_info_score,9,HistGradientBoosting,npn_global,gse19697_gse43365,meta_er_status,None,None,0.885395
accuracy_score,0,HistGradientBoosting,npn_global,gse19697_gse43365,meta_er_status,None,None,1.0
accuracy_score,1,HistGradientBoosting,npn_global,gse19697_gse43365,meta_er_status,None,None,1.0
accuracy_score,2,HistGradientBoosting,npn_global,gse19697_gse43365,meta_er_status,None,None,1.0
accuracy_score,3,HistGradientBoosting,npn_global,gse19697_gse43365,meta_er_status,None,None,1.0
accuracy_score,4,HistGradientBoosting,npn_global,gse19697_gse43365,meta_er_status,None,None,1.0
accuracy_score,5,HistGradientBoosting,npn_global,gse19697_gse43365,meta_er_status,None,None,1.0
accuracy_score,6,HistGradientBoosting,npn_global,gse19697_gse43365,meta_er_status,None,None,1.0
accuracy_score,7,HistGradientBoosting,npn_global,gse19697_gse43365,meta_er_status,None,None,1.0
accuracy_score,8,HistGradientBoosting,npn_global,gse19697_gse43365,meta_er_status,None,None,1.0
accuracy_score,9,HistGradientBoosting,npn_global,gse19697_gse43365,meta_er_status,None,None,1.0
roc_auc_score,0,RandomForest,unadjusted,gse19697_gse43365,meta_er_status,None,None,0.984574
roc_auc_score,1,RandomForest,unadjusted,gse19697_gse43365,meta_er_status,None,None,0.985174
roc_auc_score,2,RandomForest,unadjusted,gse19697_gse43365,meta_er_status,None,None,0.980149
roc_auc_score,3,RandomForest,unadjusted,gse19697_gse43365,meta_er_status,None,None,0.984222
roc_auc_score,4,RandomForest,unadjusted,gse19697_gse43365,meta_er_status,None,None,0.988079
roc_auc_score,5,RandomForest,unadjusted,gse19697_gse43365,meta_er_status,None,None,0.986142
roc_auc_score,6,RandomForest,unadjusted,gse19697_gse43365,meta_er_status,None,None,0.985407
roc_auc_score,7,RandomForest,unadjusted,gse19697_gse43365,meta_er_status,None,None,0.981585
roc_auc_score,8,RandomForest,unadjusted,gse19697_gse43365,meta_er_status,None,None,0.985575
roc_auc_score,9,RandomForest,unadjusted,gse19697_gse43365,meta_er_status,None,None,0.991385
mutual_info_score,0,RandomForest,unadjusted,gse19697_gse43365,meta_er_status,None,None,0.601645
mutual_info_score,1,RandomForest,unadjusted,gse19697_gse43365,meta_er_status,None,None,0.606021
mutual_info_score,2,RandomForest,unadjusted,gse19697_gse43365,meta_er_status,None,None,0.623766
mutual_info_score,3,RandomForest,unadjusted,gse19697_gse43365,meta_er_status,None,None,0.574184
mutual_info_score,4,RandomForest,unadjusted,gse19697_gse43365,meta_er_status,None,None,0.619272
mutual_info_score,5,RandomForest,unadjusted,gse19697_gse43365,meta_er_status,None,None,0.616269
mutual_info_score,6,RandomForest,unadjusted,gse19697_gse43365,meta_er_status,None,None,0.616269
mutual_info_score,7,RandomForest,unadjusted,gse19697_gse43365,meta_er_status,None,None,0.601645
mutual_info_score,8,RandomForest,unadjusted,gse19697_gse43365,meta_er_status,None,None,0.581532
mutual_info_score,9,RandomForest,unadjusted,gse19697_gse43365,meta_er_status,None,None,0.569728
accuracy_score,0,RandomForest,unadjusted,gse19697_gse43365,meta_er_status,None,None,0.948148
accuracy_score,1,RandomForest,unadjusted,gse19697_gse43365,meta_er_status,None,None,0.948148
accuracy_score,2,RandomForest,unadjusted,gse19697_gse43365,meta_er_status,None,None,0.948148
accuracy_score,3,RandomForest,unadjusted,gse19697_gse43365,meta_er_status,None,None,0.940741
accuracy_score,4,RandomForest,unadjusted,gse19697_gse43365,meta_er_status,None,None,0.948148
accuracy_score,5,RandomForest,unadjusted,gse19697_gse43365,meta_er_status,None,None,0.948148
accuracy_score,6,RandomForest,unadjusted,gse19697_gse43365,meta_er_status,None,None,0.948148
accuracy_score,7,RandomForest,unadjusted,gse19697_gse43365,meta_er_status,None,None,0.948148
accuracy_score,8,RandomForest,unadjusted,gse19697_gse43365,meta_er_status,None,None,0.940741
accuracy_score,9,RandomForest,unadjusted,gse19697_gse43365,meta_er_status,None,None,0.940741
roc_auc_score,0,HistGradientBoosting,unadjusted,gse19697_gse43365,meta_er_status,None,None,1.0
roc_auc_score,1,HistGradientBoosting,unadjusted,gse19697_gse43365,meta_er_status,None,None,1.0
roc_auc_score,2,HistGradientBoosting,unadjusted,gse19697_gse43365,meta_er_status,None,None,1.0
roc_auc_score,3,HistGradientBoosting,unadjusted,gse19697_gse43365,meta_er_status,None,None,1.0
roc_auc_score,4,HistGradientBoosting,unadjusted,gse19697_gse43365,meta_er_status,None,None,1.0
roc_auc_score,5,HistGradientBoosting,unadjusted,gse19697_gse43365,meta_er_status,None,None,1.0
roc_auc_score,6,HistGradientBoosting,unadjusted,gse19697_gse43365,meta_er_status,None,None,1.0
roc_auc_score,7,HistGradientBoosting,unadjusted,gse19697_gse43365,meta_er_status,None,None,1.0
roc_auc_score,8,HistGradientBoosting,unadjusted,gse19697_gse43365,meta_er_status,None,None,1.0
roc_auc_score,9,HistGradientBoosting,unadjusted,gse19697_gse43365,meta_er_status,None,None,1.0
mutual_info_score,0,HistGradientBoosting,unadjusted,gse19697_gse43365,meta_er_status,None,None,0.885395
mutual_info_score,1,HistGradientBoosting,unadjusted,gse19697_gse43365,meta_er_status,None,None,0.885395
mutual_info_score,2,HistGradientBoosting,unadjusted,gse19697_gse43365,meta_er_status,None,None,0.885395
mutual_info_score,3,HistGradientBoosting,unadjusted,gse19697_gse43365,meta_er_status,None,None,0.885395
mutual_info_score,4,HistGradientBoosting,unadjusted,gse19697_gse43365,meta_er_status,None,None,0.885395
mutual_info_score,5,HistGradientBoosting,unadjusted,gse19697_gse43365,meta_er_status,None,None,0.885395
mutual_info_score,6,HistGradientBoosting,unadjusted,gse19697_gse43365,meta_er_status,None,None,0.885395
mutual_info_score,7,HistGradientBoosting,unadjusted,gse19697_gse43365,meta_er_status,None,None,0.885395
mutual_info_score,8,HistGradientBoosting,unadjusted,gse19697_gse43365,meta_er_status,None,None,0.885395
mutual_info_score,9,HistGradientBoosting,unadjusted,gse19697_gse43365,meta_er_status,None,None,0.885395
accuracy_score,0,HistGradientBoosting,unadjusted,gse19697_gse43365,meta_er_status,None,None,1.0
accuracy_score,1,HistGradientBoosting,unadjusted,gse19697_gse43365,meta_er_status,None,None,1.0
accuracy_score,2,HistGradientBoosting,unadjusted,gse19697_gse43365,meta_er_status,None,None,1.0
accuracy_score,3,HistGradientBoosting,unadjusted,gse19697_gse43365,meta_er_status,None,None,1.0
accuracy_score,4,HistGradientBoosting,unadjusted,gse19697_gse43365,meta_er_status,None,None,1.0
accuracy_score,5,HistGradientBoosting,unadjusted,gse19697_gse43365,meta_er_status,None,None,1.0
accuracy_score,6,HistGradientBoosting,unadjusted,gse19697_gse43365,meta_er_status,None,None,1.0
accuracy_score,7,HistGradientBoosting,unadjusted,gse19697_gse43365,meta_er_status,None,None,1.0
accuracy_score,8,HistGradientBoosting,unadjusted,gse19697_gse43365,meta_er_status,None,None,1.0
accuracy_score,9,HistGradientBoosting,unadjusted,gse19697_gse43365,meta_er_status,None,None,1.0
roc_auc_score,0,RandomForest,gmm_npn_unit_std_global,gse19697_gse43365,meta_er_status,None,None,0.63756
roc_auc_score,1,RandomForest,gmm_npn_unit_std_global,gse19697_gse43365,meta_er_status,None,None,0.610987
roc_auc_score,2,RandomForest,gmm_npn_unit_std_global,gse19697_gse43365,meta_er_status,None,None,0.655704
roc_auc_score,3,RandomForest,gmm_npn_unit_std_global,gse19697_gse43365,meta_er_status,None,None,0.661665
roc_auc_score,4,RandomForest,gmm_npn_unit_std_global,gse19697_gse43365,meta_er_status,None,None,0.639493
roc_auc_score,5,RandomForest,gmm_npn_unit_std_global,gse19697_gse43365,meta_er_status,None,None,0.654249
roc_auc_score,6,RandomForest,gmm_npn_unit_std_global,gse19697_gse43365,meta_er_status,None,None,0.690799
roc_auc_score,7,RandomForest,gmm_npn_unit_std_global,gse19697_gse43365,meta_er_status,None,None,0.607159
roc_auc_score,8,RandomForest,gmm_npn_unit_std_global,gse19697_gse43365,meta_er_status,None,None,0.66579
roc_auc_score,9,RandomForest,gmm_npn_unit_std_global,gse19697_gse43365,meta_er_status,None,None,0.622463
mutual_info_score,0,RandomForest,gmm_npn_unit_std_global,gse19697_gse43365,meta_er_status,None,None,0.100779
mutual_info_score,1,RandomForest,gmm_npn_unit_std_global,gse19697_gse43365,meta_er_status,None,None,0.107438
mutual_info_score,2,RandomForest,gmm_npn_unit_std_global,gse19697_gse43365,meta_er_status,None,None,0.159264
mutual_info_score,3,RandomForest,gmm_npn_unit_std_global,gse19697_gse43365,meta_er_status,None,None,0.168163
mutual_info_score,4,RandomForest,gmm_npn_unit_std_global,gse19697_gse43365,meta_er_status,None,None,0.170018
mutual_info_score,5,RandomForest,gmm_npn_unit_std_global,gse19697_gse43365,meta_er_status,None,None,0.125474
mutual_info_score,6,RandomForest,gmm_npn_unit_std_global,gse19697_gse43365,meta_er_status,None,None,0.151457
mutual_info_score,7,RandomForest,gmm_npn_unit_std_global,gse19697_gse43365,meta_er_status,None,None,0.140336
mutual_info_score,8,RandomForest,gmm_npn_unit_std_global,gse19697_gse43365,meta_er_status,None,None,0.114765
mutual_info_score,9,RandomForest,gmm_npn_unit_std_global,gse19697_gse43365,meta_er_status,None,None,0.137567
accuracy_score,0,RandomForest,gmm_npn_unit_std_global,gse19697_gse43365,meta_er_status,None,None,0.762963
accuracy_score,1,RandomForest,gmm_npn_unit_std_global,gse19697_gse43365,meta_er_status,None,None,0.755556
accuracy_score,2,RandomForest,gmm_npn_unit_std_global,gse19697_gse43365,meta_er_status,None,None,0.785185
accuracy_score,3,RandomForest,gmm_npn_unit_std_global,gse19697_gse43365,meta_er_status,None,None,0.792593
accuracy_score,4,RandomForest,gmm_npn_unit_std_global,gse19697_gse43365,meta_er_status,None,None,0.792593
accuracy_score,5,RandomForest,gmm_npn_unit_std_global,gse19697_gse43365,meta_er_status,None,None,0.77037
accuracy_score,6,RandomForest,gmm_npn_unit_std_global,gse19697_gse43365,meta_er_status,None,None,0.785185
accuracy_score,7,RandomForest,gmm_npn_unit_std_global,gse19697_gse43365,meta_er_status,None,None,0.785185
accuracy_score,8,RandomForest,gmm_npn_unit_std_global,gse19697_gse43365,meta_er_status,None,None,0.762963
accuracy_score,9,RandomForest,gmm_npn_unit_std_global,gse19697_gse43365,meta_er_status,None,None,0.777778
roc_auc_score,0,HistGradientBoosting,gmm_npn_unit_std_global,gse19697_gse43365,meta_er_status,None,None,1.0
roc_auc_score,1,HistGradientBoosting,gmm_npn_unit_std_global,gse19697_gse43365,meta_er_status,None,None,1.0
roc_auc_score,2,HistGradientBoosting,gmm_npn_unit_std_global,gse19697_gse43365,meta_er_status,None,None,1.0
roc_auc_score,3,HistGradientBoosting,gmm_npn_unit_std_global,gse19697_gse43365,meta_er_status,None,None,1.0
roc_auc_score,4,HistGradientBoosting,gmm_npn_unit_std_global,gse19697_gse43365,meta_er_status,None,None,1.0
roc_auc_score,5,HistGradientBoosting,gmm_npn_unit_std_global,gse19697_gse43365,meta_er_status,None,None,1.0
roc_auc_score,6,HistGradientBoosting,gmm_npn_unit_std_global,gse19697_gse43365,meta_er_status,None,None,1.0
roc_auc_score,7,HistGradientBoosting,gmm_npn_unit_std_global,gse19697_gse43365,meta_er_status,None,None,1.0
roc_auc_score,8,HistGradientBoosting,gmm_npn_unit_std_global,gse19697_gse43365,meta_er_status,None,None,1.0
roc_auc_score,9,HistGradientBoosting,gmm_npn_unit_std_global,gse19697_gse43365,meta_er_status,None,None,1.0
mutual_info_score,0,HistGradientBoosting,gmm_npn_unit_std_global,gse19697_gse43365,meta_er_status,None,None,0.885395
mutual_info_score,1,HistGradientBoosting,gmm_npn_unit_std_global,gse19697_gse43365,meta_er_status,None,None,0.885395
mutual_info_score,2,HistGradientBoosting,gmm_npn_unit_std_global,gse19697_gse43365,meta_er_status,None,None,0.885395
mutual_info_score,3,HistGradientBoosting,gmm_npn_unit_std_global,gse19697_gse43365,meta_er_status,None,None,0.885395
mutual_info_score,4,HistGradientBoosting,gmm_npn_unit_std_global,gse19697_gse43365,meta_er_status,None,None,0.885395
mutual_info_score,5,HistGradientBoosting,gmm_npn_unit_std_global,gse19697_gse43365,meta_er_status,None,None,0.885395
mutual_info_score,6,HistGradientBoosting,gmm_npn_unit_std_global,gse19697_gse43365,meta_er_status,None,None,0.885395
mutual_info_score,7,HistGradientBoosting,gmm_npn_unit_std_global,gse19697_gse43365,meta_er_status,None,None,0.885395
mutual_info_score,8,HistGradientBoosting,gmm_npn_unit_std_global,gse19697_gse43365,meta_er_status,None,None,0.885395
mutual_info_score,9,HistGradientBoosting,gmm_npn_unit_std_global,gse19697_gse43365,meta_er_status,None,None,0.885395
accuracy_score,0,HistGradientBoosting,gmm_npn_unit_std_global,gse19697_gse43365,meta_er_status,None,None,1.0
accuracy_score,1,HistGradientBoosting,gmm_npn_unit_std_global,gse19697_gse43365,meta_er_status,None,None,1.0
accuracy_score,2,HistGradientBoosting,gmm_npn_unit_std_global,gse19697_gse43365,meta_er_status,None,None,1.0
accuracy_score,3,HistGradientBoosting,gmm_npn_unit_std_global,gse19697_gse43365,meta_er_status,None,None,1.0
accuracy_score,4,HistGradientBoosting,gmm_npn_unit_std_global,gse19697_gse43365,meta_er_status,None,None,1.0
accuracy_score,5,HistGradientBoosting,gmm_npn_unit_std_global,gse19697_gse43365,meta_er_status,None,None,1.0
accuracy_score,6,HistGradientBoosting,gmm_npn_unit_std_global,gse19697_gse43365,meta_er_status,None,None,1.0
accuracy_score,7,HistGradientBoosting,gmm_npn_unit_std_global,gse19697_gse43365,meta_er_status,None,None,1.0
accuracy_score,8,HistGradientBoosting,gmm_npn_unit_std_global,gse19697_gse43365,meta_er_status,None,None,1.0
accuracy_score,9,HistGradientBoosting,gmm_npn_unit_std_global,gse19697_gse43365,meta_er_status,None,None,1.0
roc_auc_score,0,RandomForest,npn_global,gse19697_gse45255,meta_er_status,None,None,0.436843
roc_auc_score,1,RandomForest,npn_global,gse19697_gse45255,meta_er_status,None,None,0.523883
roc_auc_score,2,RandomForest,npn_global,gse19697_gse45255,meta_er_status,None,None,0.41034
roc_auc_score,3,RandomForest,npn_global,gse19697_gse45255,meta_er_status,None,None,0.520419
roc_auc_score,4,RandomForest,npn_global,gse19697_gse45255,meta_er_status,None,None,0.460773
roc_auc_score,5,RandomForest,npn_global,gse19697_gse45255,meta_er_status,None,None,0.546593
roc_auc_score,6,RandomForest,npn_global,gse19697_gse45255,meta_er_status,None,None,0.511441
roc_auc_score,7,RandomForest,npn_global,gse19697_gse45255,meta_er_status,None,None,0.560936
roc_auc_score,8,RandomForest,npn_global,gse19697_gse45255,meta_er_status,None,None,0.509588
roc_auc_score,9,RandomForest,npn_global,gse19697_gse45255,meta_er_status,None,None,0.458412
mutual_info_score,0,RandomForest,npn_global,gse19697_gse45255,meta_er_status,None,None,0.037185
mutual_info_score,1,RandomForest,npn_global,gse19697_gse45255,meta_er_status,None,None,0.023722
mutual_info_score,2,RandomForest,npn_global,gse19697_gse45255,meta_er_status,None,None,0.003161
mutual_info_score,3,RandomForest,npn_global,gse19697_gse45255,meta_er_status,None,None,0.011106
mutual_info_score,4,RandomForest,npn_global,gse19697_gse45255,meta_er_status,None,None,0.022739
mutual_info_score,5,RandomForest,npn_global,gse19697_gse45255,meta_er_status,None,None,0.041781
mutual_info_score,6,RandomForest,npn_global,gse19697_gse45255,meta_er_status,None,None,0.022212
mutual_info_score,7,RandomForest,npn_global,gse19697_gse45255,meta_er_status,None,None,0.006602
mutual_info_score,8,RandomForest,npn_global,gse19697_gse45255,meta_er_status,None,None,0.011116
mutual_info_score,9,RandomForest,npn_global,gse19697_gse45255,meta_er_status,None,None,0.033148
accuracy_score,0,RandomForest,npn_global,gse19697_gse45255,meta_er_status,None,None,0.668844
accuracy_score,1,RandomForest,npn_global,gse19697_gse45255,meta_er_status,None,None,0.706942
accuracy_score,2,RandomForest,npn_global,gse19697_gse45255,meta_er_status,None,None,0.694243
accuracy_score,3,RandomForest,npn_global,gse19697_gse45255,meta_er_status,None,None,0.700653
accuracy_score,4,RandomForest,npn_global,gse19697_gse45255,meta_er_status,None,None,0.700532
accuracy_score,5,RandomForest,npn_global,gse19697_gse45255,meta_er_status,None,None,0.719763
accuracy_score,6,RandomForest,npn_global,gse19697_gse45255,meta_er_status,None,None,0.707063
accuracy_score,7,RandomForest,npn_global,gse19697_gse45255,meta_er_status,None,None,0.687833
accuracy_score,8,RandomForest,npn_global,gse19697_gse45255,meta_er_status,None,None,0.694122
accuracy_score,9,RandomForest,npn_global,gse19697_gse45255,meta_er_status,None,None,0.687591
roc_auc_score,0,HistGradientBoosting,npn_global,gse19697_gse45255,meta_er_status,None,None,0.400119
roc_auc_score,1,HistGradientBoosting,npn_global,gse19697_gse45255,meta_er_status,None,None,0.442349
roc_auc_score,2,HistGradientBoosting,npn_global,gse19697_gse45255,meta_er_status,None,None,0.454251
roc_auc_score,3,HistGradientBoosting,npn_global,gse19697_gse45255,meta_er_status,None,None,0.467686
roc_auc_score,4,HistGradientBoosting,npn_global,gse19697_gse45255,meta_er_status,None,None,0.402168
roc_auc_score,5,HistGradientBoosting,npn_global,gse19697_gse45255,meta_er_status,None,None,0.461102
roc_auc_score,6,HistGradientBoosting,npn_global,gse19697_gse45255,meta_er_status,None,None,0.462775
roc_auc_score,7,HistGradientBoosting,npn_global,gse19697_gse45255,meta_er_status,None,None,0.478353
roc_auc_score,8,HistGradientBoosting,npn_global,gse19697_gse45255,meta_er_status,None,None,0.48023
roc_auc_score,9,HistGradientBoosting,npn_global,gse19697_gse45255,meta_er_status,None,None,0.470377
mutual_info_score,0,HistGradientBoosting,npn_global,gse19697_gse45255,meta_er_status,None,None,0.007436
mutual_info_score,1,HistGradientBoosting,npn_global,gse19697_gse45255,meta_er_status,None,None,0.012966
mutual_info_score,2,HistGradientBoosting,npn_global,gse19697_gse45255,meta_er_status,None,None,0.005262
mutual_info_score,3,HistGradientBoosting,npn_global,gse19697_gse45255,meta_er_status,None,None,0.049307
mutual_info_score,4,HistGradientBoosting,npn_global,gse19697_gse45255,meta_er_status,None,None,0.004088
mutual_info_score,5,HistGradientBoosting,npn_global,gse19697_gse45255,meta_er_status,None,None,0.006957
mutual_info_score,6,HistGradientBoosting,npn_global,gse19697_gse45255,meta_er_status,None,None,0.002058
mutual_info_score,7,HistGradientBoosting,npn_global,gse19697_gse45255,meta_er_status,None,None,0.001814
mutual_info_score,8,HistGradientBoosting,npn_global,gse19697_gse45255,meta_er_status,None,None,0.010123
mutual_info_score,9,HistGradientBoosting,npn_global,gse19697_gse45255,meta_er_status,None,None,0.030009
accuracy_score,0,HistGradientBoosting,npn_global,gse19697_gse45255,meta_er_status,None,None,0.605467
accuracy_score,1,HistGradientBoosting,npn_global,gse19697_gse45255,meta_er_status,None,None,0.624456
accuracy_score,2,HistGradientBoosting,npn_global,gse19697_gse45255,meta_er_status,None,None,0.630745
accuracy_score,3,HistGradientBoosting,npn_global,gse19697_gse45255,meta_er_status,None,None,0.67477
accuracy_score,4,HistGradientBoosting,npn_global,gse19697_gse45255,meta_er_status,None,None,0.662433
accuracy_score,5,HistGradientBoosting,npn_global,gse19697_gse45255,meta_er_status,None,None,0.592163
accuracy_score,6,HistGradientBoosting,npn_global,gse19697_gse45255,meta_er_status,None,None,0.643324
accuracy_score,7,HistGradientBoosting,npn_global,gse19697_gse45255,meta_er_status,None,None,0.637034
accuracy_score,8,HistGradientBoosting,npn_global,gse19697_gse45255,meta_er_status,None,None,0.662675
accuracy_score,9,HistGradientBoosting,npn_global,gse19697_gse45255,meta_er_status,None,None,0.617441
roc_auc_score,0,RandomForest,unadjusted,gse19697_gse45255,meta_er_status,None,None,0.837564
roc_auc_score,1,RandomForest,unadjusted,gse19697_gse45255,meta_er_status,None,None,0.852915
roc_auc_score,2,RandomForest,unadjusted,gse19697_gse45255,meta_er_status,None,None,0.834381
roc_auc_score,3,RandomForest,unadjusted,gse19697_gse45255,meta_er_status,None,None,0.858132
roc_auc_score,4,RandomForest,unadjusted,gse19697_gse45255,meta_er_status,None,None,0.83991
roc_auc_score,5,RandomForest,unadjusted,gse19697_gse45255,meta_er_status,None,None,0.845721
roc_auc_score,6,RandomForest,unadjusted,gse19697_gse45255,meta_er_status,None,None,0.862253
roc_auc_score,7,RandomForest,unadjusted,gse19697_gse45255,meta_er_status,None,None,0.863074
roc_auc_score,8,RandomForest,unadjusted,gse19697_gse45255,meta_er_status,None,None,0.849842
roc_auc_score,9,RandomForest,unadjusted,gse19697_gse45255,meta_er_status,None,None,0.860493
mutual_info_score,0,RandomForest,unadjusted,gse19697_gse45255,meta_er_status,None,None,0.203304
mutual_info_score,1,RandomForest,unadjusted,gse19697_gse45255,meta_er_status,None,None,0.316218
mutual_info_score,2,RandomForest,unadjusted,gse19697_gse45255,meta_er_status,None,None,0.259659
mutual_info_score,3,RandomForest,unadjusted,gse19697_gse45255,meta_er_status,None,None,0.262447
mutual_info_score,4,RandomForest,unadjusted,gse19697_gse45255,meta_er_status,None,None,0.23682
mutual_info_score,5,RandomForest,unadjusted,gse19697_gse45255,meta_er_status,None,None,0.190259
mutual_info_score,6,RandomForest,unadjusted,gse19697_gse45255,meta_er_status,None,None,0.330585
mutual_info_score,7,RandomForest,unadjusted,gse19697_gse45255,meta_er_status,None,None,0.307619
mutual_info_score,8,RandomForest,unadjusted,gse19697_gse45255,meta_er_status,None,None,0.280547
mutual_info_score,9,RandomForest,unadjusted,gse19697_gse45255,meta_er_status,None,None,0.298107
accuracy_score,0,RandomForest,unadjusted,gse19697_gse45255,meta_er_status,None,None,0.81507
accuracy_score,1,RandomForest,unadjusted,gse19697_gse45255,meta_er_status,None,None,0.853411
accuracy_score,2,RandomForest,unadjusted,gse19697_gse45255,meta_er_status,None,None,0.834785
accuracy_score,3,RandomForest,unadjusted,gse19697_gse45255,meta_er_status,None,None,0.840832
accuracy_score,4,RandomForest,unadjusted,gse19697_gse45255,meta_er_status,None,None,0.827891
accuracy_score,5,RandomForest,unadjusted,gse19697_gse45255,meta_er_status,None,None,0.80866
accuracy_score,6,RandomForest,unadjusted,gse19697_gse45255,meta_er_status,None,None,0.865989
accuracy_score,7,RandomForest,unadjusted,gse19697_gse45255,meta_er_status,None,None,0.847363
accuracy_score,8,RandomForest,unadjusted,gse19697_gse45255,meta_er_status,None,None,0.833938
accuracy_score,9,RandomForest,unadjusted,gse19697_gse45255,meta_er_status,None,None,0.847
roc_auc_score,0,HistGradientBoosting,unadjusted,gse19697_gse45255,meta_er_status,None,None,0.852962
roc_auc_score,1,HistGradientBoosting,unadjusted,gse19697_gse45255,meta_er_status,None,None,0.871168
roc_auc_score,2,HistGradientBoosting,unadjusted,gse19697_gse45255,meta_er_status,None,None,0.813517
roc_auc_score,3,HistGradientBoosting,unadjusted,gse19697_gse45255,meta_er_status,None,None,0.826686
roc_auc_score,4,HistGradientBoosting,unadjusted,gse19697_gse45255,meta_er_status,None,None,0.845987
roc_auc_score,5,HistGradientBoosting,unadjusted,gse19697_gse45255,meta_er_status,None,None,0.80547
roc_auc_score,6,HistGradientBoosting,unadjusted,gse19697_gse45255,meta_er_status,None,None,0.83898
roc_auc_score,7,HistGradientBoosting,unadjusted,gse19697_gse45255,meta_er_status,None,None,0.827312
roc_auc_score,8,HistGradientBoosting,unadjusted,gse19697_gse45255,meta_er_status,None,None,0.826139
roc_auc_score,9,HistGradientBoosting,unadjusted,gse19697_gse45255,meta_er_status,None,None,0.818928
mutual_info_score,0,HistGradientBoosting,unadjusted,gse19697_gse45255,meta_er_status,None,None,0.235494
mutual_info_score,1,HistGradientBoosting,unadjusted,gse19697_gse45255,meta_er_status,None,None,0.380236
mutual_info_score,2,HistGradientBoosting,unadjusted,gse19697_gse45255,meta_er_status,None,None,0.248039
mutual_info_score,3,HistGradientBoosting,unadjusted,gse19697_gse45255,meta_er_status,None,None,0.285985
mutual_info_score,4,HistGradientBoosting,unadjusted,gse19697_gse45255,meta_er_status,None,None,0.22696
mutual_info_score,5,HistGradientBoosting,unadjusted,gse19697_gse45255,meta_er_status,None,None,0.229446
mutual_info_score,6,HistGradientBoosting,unadjusted,gse19697_gse45255,meta_er_status,None,None,0.220528
mutual_info_score,7,HistGradientBoosting,unadjusted,gse19697_gse45255,meta_er_status,None,None,0.318601
mutual_info_score,8,HistGradientBoosting,unadjusted,gse19697_gse45255,meta_er_status,None,None,0.37249
mutual_info_score,9,HistGradientBoosting,unadjusted,gse19697_gse45255,meta_er_status,None,None,0.25013
accuracy_score,0,HistGradientBoosting,unadjusted,gse19697_gse45255,meta_er_status,None,None,0.828012
accuracy_score,1,HistGradientBoosting,unadjusted,gse19697_gse45255,meta_er_status,None,None,0.88522
accuracy_score,2,HistGradientBoosting,unadjusted,gse19697_gse45255,meta_er_status,None,None,0.834664
accuracy_score,3,HistGradientBoosting,unadjusted,gse19697_gse45255,meta_er_status,None,None,0.847484
accuracy_score,4,HistGradientBoosting,unadjusted,gse19697_gse45255,meta_er_status,None,None,0.821601
accuracy_score,5,HistGradientBoosting,unadjusted,gse19697_gse45255,meta_er_status,None,None,0.82148
accuracy_score,6,HistGradientBoosting,unadjusted,gse19697_gse45255,meta_er_status,None,None,0.82148
accuracy_score,7,HistGradientBoosting,unadjusted,gse19697_gse45255,meta_er_status,None,None,0.860063
accuracy_score,8,HistGradientBoosting,unadjusted,gse19697_gse45255,meta_er_status,None,None,0.878568
accuracy_score,9,HistGradientBoosting,unadjusted,gse19697_gse45255,meta_er_status,None,None,0.83418
roc_auc_score,0,RandomForest,gmm_npn_unit_std_global,gse19697_gse45255,meta_er_status,None,None,0.454235
roc_auc_score,1,RandomForest,gmm_npn_unit_std_global,gse19697_gse45255,meta_er_status,None,None,0.573636
roc_auc_score,2,RandomForest,gmm_npn_unit_std_global,gse19697_gse45255,meta_er_status,None,None,0.461618
roc_auc_score,3,RandomForest,gmm_npn_unit_std_global,gse19697_gse45255,meta_er_status,None,None,0.507038
roc_auc_score,4,RandomForest,gmm_npn_unit_std_global,gse19697_gse45255,meta_er_status,None,None,0.461508
roc_auc_score,5,RandomForest,gmm_npn_unit_std_global,gse19697_gse45255,meta_er_status,None,None,0.509947
roc_auc_score,6,RandomForest,gmm_npn_unit_std_global,gse19697_gse45255,meta_er_status,None,None,0.504106
roc_auc_score,7,RandomForest,gmm_npn_unit_std_global,gse19697_gse45255,meta_er_status,None,None,0.560826
roc_auc_score,8,RandomForest,gmm_npn_unit_std_global,gse19697_gse45255,meta_er_status,None,None,0.468961
roc_auc_score,9,RandomForest,gmm_npn_unit_std_global,gse19697_gse45255,meta_er_status,None,None,0.453704
mutual_info_score,0,RandomForest,gmm_npn_unit_std_global,gse19697_gse45255,meta_er_status,None,None,0.020106
mutual_info_score,1,RandomForest,gmm_npn_unit_std_global,gse19697_gse45255,meta_er_status,None,None,0.014267
mutual_info_score,2,RandomForest,gmm_npn_unit_std_global,gse19697_gse45255,meta_er_status,None,None,0.025408
mutual_info_score,3,RandomForest,gmm_npn_unit_std_global,gse19697_gse45255,meta_er_status,None,None,0.031906
mutual_info_score,4,RandomForest,gmm_npn_unit_std_global,gse19697_gse45255,meta_er_status,None,None,0.011172
mutual_info_score,5,RandomForest,gmm_npn_unit_std_global,gse19697_gse45255,meta_er_status,None,None,0.053799
mutual_info_score,6,RandomForest,gmm_npn_unit_std_global,gse19697_gse45255,meta_er_status,None,None,0.041946
mutual_info_score,7,RandomForest,gmm_npn_unit_std_global,gse19697_gse45255,meta_er_status,None,None,0.027559
mutual_info_score,8,RandomForest,gmm_npn_unit_std_global,gse19697_gse45255,meta_er_status,None,None,0.044824
mutual_info_score,9,RandomForest,gmm_npn_unit_std_global,gse19697_gse45255,meta_er_status,None,None,0.001661
accuracy_score,0,RandomForest,gmm_npn_unit_std_global,gse19697_gse45255,meta_er_status,None,None,0.668844
accuracy_score,1,RandomForest,gmm_npn_unit_std_global,gse19697_gse45255,meta_er_status,None,None,0.700653
accuracy_score,2,RandomForest,gmm_npn_unit_std_global,gse19697_gse45255,meta_er_status,None,None,0.706942
accuracy_score,3,RandomForest,gmm_npn_unit_std_global,gse19697_gse45255,meta_er_status,None,None,0.700532
accuracy_score,4,RandomForest,gmm_npn_unit_std_global,gse19697_gse45255,meta_er_status,None,None,0.694364
accuracy_score,5,RandomForest,gmm_npn_unit_std_global,gse19697_gse45255,meta_er_status,None,None,0.726173
accuracy_score,6,RandomForest,gmm_npn_unit_std_global,gse19697_gse45255,meta_er_status,None,None,0.719763
accuracy_score,7,RandomForest,gmm_npn_unit_std_global,gse19697_gse45255,meta_er_status,None,None,0.700411
accuracy_score,8,RandomForest,gmm_npn_unit_std_global,gse19697_gse45255,meta_er_status,None,None,0.719763
accuracy_score,9,RandomForest,gmm_npn_unit_std_global,gse19697_gse45255,meta_er_status,None,None,0.687833
roc_auc_score,0,HistGradientBoosting,gmm_npn_unit_std_global,gse19697_gse45255,meta_er_status,None,None,0.399212
roc_auc_score,1,HistGradientBoosting,gmm_npn_unit_std_global,gse19697_gse45255,meta_er_status,None,None,0.396131
roc_auc_score,2,HistGradientBoosting,gmm_npn_unit_std_global,gse19697_gse45255,meta_er_status,None,None,0.402981
roc_auc_score,3,HistGradientBoosting,gmm_npn_unit_std_global,gse19697_gse45255,meta_er_status,None,None,0.468906
roc_auc_score,4,HistGradientBoosting,gmm_npn_unit_std_global,gse19697_gse45255,meta_er_status,None,None,0.412068
roc_auc_score,5,HistGradientBoosting,gmm_npn_unit_std_global,gse19697_gse45255,meta_er_status,None,None,0.494229
roc_auc_score,6,HistGradientBoosting,gmm_npn_unit_std_global,gse19697_gse45255,meta_er_status,None,None,0.416307
roc_auc_score,7,HistGradientBoosting,gmm_npn_unit_std_global,gse19697_gse45255,meta_er_status,None,None,0.474349
roc_auc_score,8,HistGradientBoosting,gmm_npn_unit_std_global,gse19697_gse45255,meta_er_status,None,None,0.446728
roc_auc_score,9,HistGradientBoosting,gmm_npn_unit_std_global,gse19697_gse45255,meta_er_status,None,None,0.427021
mutual_info_score,0,HistGradientBoosting,gmm_npn_unit_std_global,gse19697_gse45255,meta_er_status,None,None,0.021407
mutual_info_score,1,HistGradientBoosting,gmm_npn_unit_std_global,gse19697_gse45255,meta_er_status,None,None,0.007253
mutual_info_score,2,HistGradientBoosting,gmm_npn_unit_std_global,gse19697_gse45255,meta_er_status,None,None,0.017357
mutual_info_score,3,HistGradientBoosting,gmm_npn_unit_std_global,gse19697_gse45255,meta_er_status,None,None,0.014685
mutual_info_score,4,HistGradientBoosting,gmm_npn_unit_std_global,gse19697_gse45255,meta_er_status,None,None,0.004051
mutual_info_score,5,HistGradientBoosting,gmm_npn_unit_std_global,gse19697_gse45255,meta_er_status,None,None,0.009118
mutual_info_score,6,HistGradientBoosting,gmm_npn_unit_std_global,gse19697_gse45255,meta_er_status,None,None,0.008166
mutual_info_score,7,HistGradientBoosting,gmm_npn_unit_std_global,gse19697_gse45255,meta_er_status,None,None,0.004434
mutual_info_score,8,HistGradientBoosting,gmm_npn_unit_std_global,gse19697_gse45255,meta_er_status,None,None,0.02912
mutual_info_score,9,HistGradientBoosting,gmm_npn_unit_std_global,gse19697_gse45255,meta_er_status,None,None,0.01093
accuracy_score,0,HistGradientBoosting,gmm_npn_unit_std_global,gse19697_gse45255,meta_er_status,None,None,0.598331
accuracy_score,1,HistGradientBoosting,gmm_npn_unit_std_global,gse19697_gse45255,meta_er_status,None,None,0.630745
accuracy_score,2,HistGradientBoosting,gmm_npn_unit_std_global,gse19697_gse45255,meta_er_status,None,None,0.604983
accuracy_score,3,HistGradientBoosting,gmm_npn_unit_std_global,gse19697_gse45255,meta_er_status,None,None,0.61103
accuracy_score,4,HistGradientBoosting,gmm_npn_unit_std_global,gse19697_gse45255,meta_er_status,None,None,0.649613
accuracy_score,5,HistGradientBoosting,gmm_npn_unit_std_global,gse19697_gse45255,meta_er_status,None,None,0.61732
accuracy_score,6,HistGradientBoosting,gmm_npn_unit_std_global,gse19697_gse45255,meta_er_status,None,None,0.618166
accuracy_score,7,HistGradientBoosting,gmm_npn_unit_std_global,gse19697_gse45255,meta_er_status,None,None,0.656023
accuracy_score,8,HistGradientBoosting,gmm_npn_unit_std_global,gse19697_gse45255,meta_er_status,None,None,0.637276
accuracy_score,9,HistGradientBoosting,gmm_npn_unit_std_global,gse19697_gse45255,meta_er_status,None,None,0.611272
roc_auc_score,0,RandomForest,npn_global,gse19697_gse62944,meta_er_status,None,None,0.510291
roc_auc_score,1,RandomForest,npn_global,gse19697_gse62944,meta_er_status,None,None,0.49971
roc_auc_score,2,RandomForest,npn_global,gse19697_gse62944,meta_er_status,None,None,0.531782
roc_auc_score,3,RandomForest,npn_global,gse19697_gse62944,meta_er_status,None,None,0.503745
roc_auc_score,4,RandomForest,npn_global,gse19697_gse62944,meta_er_status,None,None,0.498427
roc_auc_score,5,RandomForest,npn_global,gse19697_gse62944,meta_er_status,None,None,0.524555
roc_auc_score,6,RandomForest,npn_global,gse19697_gse62944,meta_er_status,None,None,0.471305
roc_auc_score,7,RandomForest,npn_global,gse19697_gse62944,meta_er_status,None,None,0.493234
roc_auc_score,8,RandomForest,npn_global,gse19697_gse62944,meta_er_status,None,None,0.537459
roc_auc_score,9,RandomForest,npn_global,gse19697_gse62944,meta_er_status,None,None,0.484227
mutual_info_score,0,RandomForest,npn_global,gse19697_gse62944,meta_er_status,None,None,0.001514
mutual_info_score,1,RandomForest,npn_global,gse19697_gse62944,meta_er_status,None,None,0.001225
mutual_info_score,2,RandomForest,npn_global,gse19697_gse62944,meta_er_status,None,None,0.002099
mutual_info_score,3,RandomForest,npn_global,gse19697_gse62944,meta_er_status,None,None,0.005539
mutual_info_score,4,RandomForest,npn_global,gse19697_gse62944,meta_er_status,None,None,0.002368
mutual_info_score,5,RandomForest,npn_global,gse19697_gse62944,meta_er_status,None,None,0.000689
mutual_info_score,6,RandomForest,npn_global,gse19697_gse62944,meta_er_status,None,None,0.004076
mutual_info_score,7,RandomForest,npn_global,gse19697_gse62944,meta_er_status,None,None,0.000693
mutual_info_score,8,RandomForest,npn_global,gse19697_gse62944,meta_er_status,None,None,0.000459
mutual_info_score,9,RandomForest,npn_global,gse19697_gse62944,meta_er_status,None,None,0.004165
accuracy_score,0,RandomForest,npn_global,gse19697_gse62944,meta_er_status,None,None,0.632704
accuracy_score,1,RandomForest,npn_global,gse19697_gse62944,meta_er_status,None,None,0.609984
accuracy_score,2,RandomForest,npn_global,gse19697_gse62944,meta_er_status,None,None,0.625118
accuracy_score,3,RandomForest,npn_global,gse19697_gse62944,meta_er_status,None,None,0.609995
accuracy_score,4,RandomForest,npn_global,gse19697_gse62944,meta_er_status,None,None,0.611052
accuracy_score,5,RandomForest,npn_global,gse19697_gse62944,meta_er_status,None,None,0.629496
accuracy_score,6,RandomForest,npn_global,gse19697_gse62944,meta_er_status,None,None,0.602391
accuracy_score,7,RandomForest,npn_global,gse19697_gse62944,meta_er_status,None,None,0.62839
accuracy_score,8,RandomForest,npn_global,gse19697_gse62944,meta_er_status,None,None,0.633815
accuracy_score,9,RandomForest,npn_global,gse19697_gse62944,meta_er_status,None,None,0.603473
roc_auc_score,0,HistGradientBoosting,npn_global,gse19697_gse62944,meta_er_status,None,None,0.509768
roc_auc_score,1,HistGradientBoosting,npn_global,gse19697_gse62944,meta_er_status,None,None,0.508169
roc_auc_score,2,HistGradientBoosting,npn_global,gse19697_gse62944,meta_er_status,None,None,0.503147
roc_auc_score,3,HistGradientBoosting,npn_global,gse19697_gse62944,meta_er_status,None,None,0.530111
roc_auc_score,4,HistGradientBoosting,npn_global,gse19697_gse62944,meta_er_status,None,None,0.510794
roc_auc_score,5,HistGradientBoosting,npn_global,gse19697_gse62944,meta_er_status,None,None,0.506331
roc_auc_score,6,HistGradientBoosting,npn_global,gse19697_gse62944,meta_er_status,None,None,0.494126
roc_auc_score,7,HistGradientBoosting,npn_global,gse19697_gse62944,meta_er_status,None,None,0.497691
roc_auc_score,8,HistGradientBoosting,npn_global,gse19697_gse62944,meta_er_status,None,None,0.529017
roc_auc_score,9,HistGradientBoosting,npn_global,gse19697_gse62944,meta_er_status,None,None,0.493819
mutual_info_score,0,HistGradientBoosting,npn_global,gse19697_gse62944,meta_er_status,None,None,0.002003
mutual_info_score,1,HistGradientBoosting,npn_global,gse19697_gse62944,meta_er_status,None,None,0.004819
mutual_info_score,2,HistGradientBoosting,npn_global,gse19697_gse62944,meta_er_status,None,None,0.002755
mutual_info_score,3,HistGradientBoosting,npn_global,gse19697_gse62944,meta_er_status,None,None,0.008215
mutual_info_score,4,HistGradientBoosting,npn_global,gse19697_gse62944,meta_er_status,None,None,0.000942
mutual_info_score,5,HistGradientBoosting,npn_global,gse19697_gse62944,meta_er_status,None,None,0.002064
mutual_info_score,6,HistGradientBoosting,npn_global,gse19697_gse62944,meta_er_status,None,None,0.000504
mutual_info_score,7,HistGradientBoosting,npn_global,gse19697_gse62944,meta_er_status,None,None,0.001307
mutual_info_score,8,HistGradientBoosting,npn_global,gse19697_gse62944,meta_er_status,None,None,0.000616
mutual_info_score,9,HistGradientBoosting,npn_global,gse19697_gse62944,meta_er_status,None,None,0.002863
accuracy_score,0,HistGradientBoosting,npn_global,gse19697_gse62944,meta_er_status,None,None,0.742153
accuracy_score,1,HistGradientBoosting,npn_global,gse19697_gse62944,meta_er_status,None,None,0.751914
accuracy_score,2,HistGradientBoosting,npn_global,gse19697_gse62944,meta_er_status,None,None,0.749729
accuracy_score,3,HistGradientBoosting,npn_global,gse19697_gse62944,meta_er_status,None,None,0.759486
accuracy_score,4,HistGradientBoosting,npn_global,gse19697_gse62944,meta_er_status,None,None,0.745393
accuracy_score,5,HistGradientBoosting,npn_global,gse19697_gse62944,meta_er_status,None,None,0.743246
accuracy_score,6,HistGradientBoosting,npn_global,gse19697_gse62944,meta_er_status,None,None,0.742146
accuracy_score,7,HistGradientBoosting,npn_global,gse19697_gse62944,meta_er_status,None,None,0.736727
accuracy_score,8,HistGradientBoosting,npn_global,gse19697_gse62944,meta_er_status,None,None,0.746471
accuracy_score,9,HistGradientBoosting,npn_global,gse19697_gse62944,meta_er_status,None,None,0.743239
roc_auc_score,0,RandomForest,fastMNN,gse19697_gse20194,meta_er_status,None,None,0.955315
roc_auc_score,1,RandomForest,fastMNN,gse19697_gse20194,meta_er_status,None,None,0.955851
roc_auc_score,2,RandomForest,fastMNN,gse19697_gse20194,meta_er_status,None,None,0.955784
roc_auc_score,3,RandomForest,fastMNN,gse19697_gse20194,meta_er_status,None,None,0.956324
roc_auc_score,4,RandomForest,fastMNN,gse19697_gse20194,meta_er_status,None,None,0.945866
roc_auc_score,5,RandomForest,fastMNN,gse19697_gse20194,meta_er_status,None,None,0.949975
roc_auc_score,6,RandomForest,fastMNN,gse19697_gse20194,meta_er_status,None,None,0.946368
roc_auc_score,7,RandomForest,fastMNN,gse19697_gse20194,meta_er_status,None,None,0.950775
roc_auc_score,8,RandomForest,fastMNN,gse19697_gse20194,meta_er_status,None,None,0.952166
roc_auc_score,9,RandomForest,fastMNN,gse19697_gse20194,meta_er_status,None,None,0.945768
mutual_info_score,0,RandomForest,fastMNN,gse19697_gse20194,meta_er_status,None,None,0.603805
mutual_info_score,1,RandomForest,fastMNN,gse19697_gse20194,meta_er_status,None,None,0.616809
mutual_info_score,2,RandomForest,fastMNN,gse19697_gse20194,meta_er_status,None,None,0.602913
mutual_info_score,3,RandomForest,fastMNN,gse19697_gse20194,meta_er_status,None,None,0.605361
mutual_info_score,4,RandomForest,fastMNN,gse19697_gse20194,meta_er_status,None,None,0.603843
mutual_info_score,5,RandomForest,fastMNN,gse19697_gse20194,meta_er_status,None,None,0.591572
mutual_info_score,6,RandomForest,fastMNN,gse19697_gse20194,meta_er_status,None,None,0.584564
mutual_info_score,7,RandomForest,fastMNN,gse19697_gse20194,meta_er_status,None,None,0.634064
mutual_info_score,8,RandomForest,fastMNN,gse19697_gse20194,meta_er_status,None,None,0.705423
mutual_info_score,9,RandomForest,fastMNN,gse19697_gse20194,meta_er_status,None,None,0.617652
accuracy_score,0,RandomForest,fastMNN,gse19697_gse20194,meta_er_status,None,None,0.923714
accuracy_score,1,RandomForest,fastMNN,gse19697_gse20194,meta_er_status,None,None,0.923555
accuracy_score,2,RandomForest,fastMNN,gse19697_gse20194,meta_er_status,None,None,0.923595
accuracy_score,3,RandomForest,fastMNN,gse19697_gse20194,meta_er_status,None,None,0.923634
accuracy_score,4,RandomForest,fastMNN,gse19697_gse20194,meta_er_status,None,None,0.923634
accuracy_score,5,RandomForest,fastMNN,gse19697_gse20194,meta_er_status,None,None,0.920011
accuracy_score,6,RandomForest,fastMNN,gse19697_gse20194,meta_er_status,None,None,0.916348
accuracy_score,7,RandomForest,fastMNN,gse19697_gse20194,meta_er_status,None,None,0.93104
accuracy_score,8,RandomForest,fastMNN,gse19697_gse20194,meta_er_status,None,None,0.945493
accuracy_score,9,RandomForest,fastMNN,gse19697_gse20194,meta_er_status,None,None,0.923555
matthews_corrcoef,0,RandomForest,fastMNN,gse19697_gse20194,meta_er_status,None,None,0.845027
matthews_corrcoef,1,RandomForest,fastMNN,gse19697_gse20194,meta_er_status,None,None,0.846428
matthews_corrcoef,2,RandomForest,fastMNN,gse19697_gse20194,meta_er_status,None,None,0.844504
matthews_corrcoef,3,RandomForest,fastMNN,gse19697_gse20194,meta_er_status,None,None,0.845833
matthews_corrcoef,4,RandomForest,fastMNN,gse19697_gse20194,meta_er_status,None,None,0.845619
matthews_corrcoef,5,RandomForest,fastMNN,gse19697_gse20194,meta_er_status,None,None,0.837734
matthews_corrcoef,6,RandomForest,fastMNN,gse19697_gse20194,meta_er_status,None,None,0.832183
matthews_corrcoef,7,RandomForest,fastMNN,gse19697_gse20194,meta_er_status,None,None,0.859622
matthews_corrcoef,8,RandomForest,fastMNN,gse19697_gse20194,meta_er_status,None,None,0.891349
matthews_corrcoef,9,RandomForest,fastMNN,gse19697_gse20194,meta_er_status,None,None,0.846325
roc_auc_score,0,HistGradientBoosting,fastMNN,gse19697_gse20194,meta_er_status,None,None,0.949322
roc_auc_score,1,HistGradientBoosting,fastMNN,gse19697_gse20194,meta_er_status,None,None,0.947666
roc_auc_score,2,HistGradientBoosting,fastMNN,gse19697_gse20194,meta_er_status,None,None,0.941506
roc_auc_score,3,HistGradientBoosting,fastMNN,gse19697_gse20194,meta_er_status,None,None,0.948488
roc_auc_score,4,HistGradientBoosting,fastMNN,gse19697_gse20194,meta_er_status,None,None,0.937742
roc_auc_score,5,HistGradientBoosting,fastMNN,gse19697_gse20194,meta_er_status,None,None,0.948233
roc_auc_score,6,HistGradientBoosting,fastMNN,gse19697_gse20194,meta_er_status,None,None,0.939481
roc_auc_score,7,HistGradientBoosting,fastMNN,gse19697_gse20194,meta_er_status,None,None,0.946483
roc_auc_score,8,HistGradientBoosting,fastMNN,gse19697_gse20194,meta_er_status,None,None,0.938231
roc_auc_score,9,HistGradientBoosting,fastMNN,gse19697_gse20194,meta_er_status,None,None,0.953078
mutual_info_score,0,HistGradientBoosting,fastMNN,gse19697_gse20194,meta_er_status,None,None,0.63237
mutual_info_score,1,HistGradientBoosting,fastMNN,gse19697_gse20194,meta_er_status,None,None,0.571918
mutual_info_score,2,HistGradientBoosting,fastMNN,gse19697_gse20194,meta_er_status,None,None,0.542008
mutual_info_score,3,HistGradientBoosting,fastMNN,gse19697_gse20194,meta_er_status,None,None,0.588612
mutual_info_score,4,HistGradientBoosting,fastMNN,gse19697_gse20194,meta_er_status,None,None,0.575326
mutual_info_score,5,HistGradientBoosting,fastMNN,gse19697_gse20194,meta_er_status,None,None,0.518064
mutual_info_score,6,HistGradientBoosting,fastMNN,gse19697_gse20194,meta_er_status,None,None,0.556351
mutual_info_score,7,HistGradientBoosting,fastMNN,gse19697_gse20194,meta_er_status,None,None,0.620761
mutual_info_score,8,HistGradientBoosting,fastMNN,gse19697_gse20194,meta_er_status,None,None,0.586148
mutual_info_score,9,HistGradientBoosting,fastMNN,gse19697_gse20194,meta_er_status,None,None,0.56985
accuracy_score,0,HistGradientBoosting,fastMNN,gse19697_gse20194,meta_er_status,None,None,0.927417
accuracy_score,1,HistGradientBoosting,fastMNN,gse19697_gse20194,meta_er_status,None,None,0.908982
accuracy_score,2,HistGradientBoosting,fastMNN,gse19697_gse20194,meta_er_status,None,None,0.905518
accuracy_score,3,HistGradientBoosting,fastMNN,gse19697_gse20194,meta_er_status,None,None,0.916388
accuracy_score,4,HistGradientBoosting,fastMNN,gse19697_gse20194,meta_er_status,None,None,0.916388
accuracy_score,5,HistGradientBoosting,fastMNN,gse19697_gse20194,meta_er_status,None,None,0.898232
accuracy_score,6,HistGradientBoosting,fastMNN,gse19697_gse20194,meta_er_status,None,None,0.905359
accuracy_score,7,HistGradientBoosting,fastMNN,gse19697_gse20194,meta_er_status,None,None,0.923794
accuracy_score,8,HistGradientBoosting,fastMNN,gse19697_gse20194,meta_er_status,None,None,0.916428
accuracy_score,9,HistGradientBoosting,fastMNN,gse19697_gse20194,meta_er_status,None,None,0.909142
matthews_corrcoef,0,HistGradientBoosting,fastMNN,gse19697_gse20194,meta_er_status,None,None,0.852963
matthews_corrcoef,1,HistGradientBoosting,fastMNN,gse19697_gse20194,meta_er_status,None,None,0.818302
matthews_corrcoef,2,HistGradientBoosting,fastMNN,gse19697_gse20194,meta_er_status,None,None,0.807399
matthews_corrcoef,3,HistGradientBoosting,fastMNN,gse19697_gse20194,meta_er_status,None,None,0.833422
matthews_corrcoef,4,HistGradientBoosting,fastMNN,gse19697_gse20194,meta_er_status,None,None,0.830208
matthews_corrcoef,5,HistGradientBoosting,fastMNN,gse19697_gse20194,meta_er_status,None,None,0.793021
matthews_corrcoef,6,HistGradientBoosting,fastMNN,gse19697_gse20194,meta_er_status,None,None,0.812049
matthews_corrcoef,7,HistGradientBoosting,fastMNN,gse19697_gse20194,meta_er_status,None,None,0.846833
matthews_corrcoef,8,HistGradientBoosting,fastMNN,gse19697_gse20194,meta_er_status,None,None,0.832446
matthews_corrcoef,9,HistGradientBoosting,fastMNN,gse19697_gse20194,meta_er_status,None,None,0.81898
roc_auc_score,0,RandomForest,fastMNN,gse19697_gse20271,meta_er_status,None,None,0.869299
roc_auc_score,1,RandomForest,fastMNN,gse19697_gse20271,meta_er_status,None,None,0.85317
roc_auc_score,2,RandomForest,fastMNN,gse19697_gse20271,meta_er_status,None,None,0.873378
roc_auc_score,3,RandomForest,fastMNN,gse19697_gse20271,meta_er_status,None,None,0.86967
roc_auc_score,4,RandomForest,fastMNN,gse19697_gse20271,meta_er_status,None,None,0.871709
roc_auc_score,5,RandomForest,fastMNN,gse19697_gse20271,meta_er_status,None,None,0.872822
roc_auc_score,6,RandomForest,fastMNN,gse19697_gse20271,meta_er_status,None,None,0.874119
roc_auc_score,7,RandomForest,fastMNN,gse19697_gse20271,meta_er_status,None,None,0.866704
roc_auc_score,8,RandomForest,fastMNN,gse19697_gse20271,meta_er_status,None,None,0.880608
roc_auc_score,9,RandomForest,fastMNN,gse19697_gse20271,meta_er_status,None,None,0.875046
mutual_info_score,0,RandomForest,fastMNN,gse19697_gse20271,meta_er_status,None,None,0.318694
mutual_info_score,1,RandomForest,fastMNN,gse19697_gse20271,meta_er_status,None,None,0.252815
mutual_info_score,2,RandomForest,fastMNN,gse19697_gse20271,meta_er_status,None,None,0.295495
mutual_info_score,3,RandomForest,fastMNN,gse19697_gse20271,meta_er_status,None,None,0.250872
mutual_info_score,4,RandomForest,fastMNN,gse19697_gse20271,meta_er_status,None,None,0.275499
mutual_info_score,5,RandomForest,fastMNN,gse19697_gse20271,meta_er_status,None,None,0.363845
mutual_info_score,6,RandomForest,fastMNN,gse19697_gse20271,meta_er_status,None,None,0.289026
mutual_info_score,7,RandomForest,fastMNN,gse19697_gse20271,meta_er_status,None,None,0.290447
mutual_info_score,8,RandomForest,fastMNN,gse19697_gse20271,meta_er_status,None,None,0.285183
mutual_info_score,9,RandomForest,fastMNN,gse19697_gse20271,meta_er_status,None,None,0.300076
accuracy_score,0,RandomForest,fastMNN,gse19697_gse20271,meta_er_status,None,None,0.816667
accuracy_score,1,RandomForest,fastMNN,gse19697_gse20271,meta_er_status,None,None,0.772222
accuracy_score,2,RandomForest,fastMNN,gse19697_gse20271,meta_er_status,None,None,0.8
accuracy_score,3,RandomForest,fastMNN,gse19697_gse20271,meta_er_status,None,None,0.783333
accuracy_score,4,RandomForest,fastMNN,gse19697_gse20271,meta_er_status,None,None,0.794444
accuracy_score,5,RandomForest,fastMNN,gse19697_gse20271,meta_er_status,None,None,0.827778
accuracy_score,6,RandomForest,fastMNN,gse19697_gse20271,meta_er_status,None,None,0.8
accuracy_score,7,RandomForest,fastMNN,gse19697_gse20271,meta_er_status,None,None,0.794444
accuracy_score,8,RandomForest,fastMNN,gse19697_gse20271,meta_er_status,None,None,0.8
accuracy_score,9,RandomForest,fastMNN,gse19697_gse20271,meta_er_status,None,None,0.805556
matthews_corrcoef,0,RandomForest,fastMNN,gse19697_gse20271,meta_er_status,None,None,0.63302
matthews_corrcoef,1,RandomForest,fastMNN,gse19697_gse20271,meta_er_status,None,None,0.552595
matthews_corrcoef,2,RandomForest,fastMNN,gse19697_gse20271,meta_er_status,None,None,0.599756
matthews_corrcoef,3,RandomForest,fastMNN,gse19697_gse20271,meta_er_status,None,None,0.568393
matthews_corrcoef,4,RandomForest,fastMNN,gse19697_gse20271,meta_er_status,None,None,0.595164
matthews_corrcoef,5,RandomForest,fastMNN,gse19697_gse20271,meta_er_status,None,None,0.656286
matthews_corrcoef,6,RandomForest,fastMNN,gse19697_gse20271,meta_er_status,None,None,0.599728
matthews_corrcoef,7,RandomForest,fastMNN,gse19697_gse20271,meta_er_status,None,None,0.589834
matthews_corrcoef,8,RandomForest,fastMNN,gse19697_gse20271,meta_er_status,None,None,0.604239
matthews_corrcoef,9,RandomForest,fastMNN,gse19697_gse20271,meta_er_status,None,None,0.618146
roc_auc_score,0,HistGradientBoosting,fastMNN,gse19697_gse20271,meta_er_status,None,None,0.864664
roc_auc_score,1,HistGradientBoosting,fastMNN,gse19697_gse20271,meta_er_status,None,None,0.829069
roc_auc_score,2,HistGradientBoosting,fastMNN,gse19697_gse20271,meta_er_status,None,None,0.852429
roc_auc_score,3,HistGradientBoosting,fastMNN,gse19697_gse20271,meta_er_status,None,None,0.869114
roc_auc_score,4,HistGradientBoosting,fastMNN,gse19697_gse20271,meta_er_status,None,None,0.850575
roc_auc_score,5,HistGradientBoosting,fastMNN,gse19697_gse20271,meta_er_status,None,None,0.846125
roc_auc_score,6,HistGradientBoosting,fastMNN,gse19697_gse20271,meta_er_status,None,None,0.842788
roc_auc_score,7,HistGradientBoosting,fastMNN,gse19697_gse20271,meta_er_status,None,None,0.853541
roc_auc_score,8,HistGradientBoosting,fastMNN,gse19697_gse20271,meta_er_status,None,None,0.860215
roc_auc_score,9,HistGradientBoosting,fastMNN,gse19697_gse20271,meta_er_status,None,None,0.840934
mutual_info_score,0,HistGradientBoosting,fastMNN,gse19697_gse20271,meta_er_status,None,None,0.294317
mutual_info_score,1,HistGradientBoosting,fastMNN,gse19697_gse20271,meta_er_status,None,None,0.199801
mutual_info_score,2,HistGradientBoosting,fastMNN,gse19697_gse20271,meta_er_status,None,None,0.266462
mutual_info_score,3,HistGradientBoosting,fastMNN,gse19697_gse20271,meta_er_status,None,None,0.278584
mutual_info_score,4,HistGradientBoosting,fastMNN,gse19697_gse20271,meta_er_status,None,None,0.276774
mutual_info_score,5,HistGradientBoosting,fastMNN,gse19697_gse20271,meta_er_status,None,None,0.311906
mutual_info_score,6,HistGradientBoosting,fastMNN,gse19697_gse20271,meta_er_status,None,None,0.213534
mutual_info_score,7,HistGradientBoosting,fastMNN,gse19697_gse20271,meta_er_status,None,None,0.264309
mutual_info_score,8,HistGradientBoosting,fastMNN,gse19697_gse20271,meta_er_status,None,None,0.268583
mutual_info_score,9,HistGradientBoosting,fastMNN,gse19697_gse20271,meta_er_status,None,None,0.242886
accuracy_score,0,HistGradientBoosting,fastMNN,gse19697_gse20271,meta_er_status,None,None,0.805556
accuracy_score,1,HistGradientBoosting,fastMNN,gse19697_gse20271,meta_er_status,None,None,0.744444
accuracy_score,2,HistGradientBoosting,fastMNN,gse19697_gse20271,meta_er_status,None,None,0.783333
accuracy_score,3,HistGradientBoosting,fastMNN,gse19697_gse20271,meta_er_status,None,None,0.794444
accuracy_score,4,HistGradientBoosting,fastMNN,gse19697_gse20271,meta_er_status,None,None,0.794444
accuracy_score,5,HistGradientBoosting,fastMNN,gse19697_gse20271,meta_er_status,None,None,0.794444
accuracy_score,6,HistGradientBoosting,fastMNN,gse19697_gse20271,meta_er_status,None,None,0.761111
accuracy_score,7,HistGradientBoosting,fastMNN,gse19697_gse20271,meta_er_status,None,None,0.783333
accuracy_score,8,HistGradientBoosting,fastMNN,gse19697_gse20271,meta_er_status,None,None,0.788889
accuracy_score,9,HistGradientBoosting,fastMNN,gse19697_gse20271,meta_er_status,None,None,0.777778
matthews_corrcoef,0,HistGradientBoosting,fastMNN,gse19697_gse20271,meta_er_status,None,None,0.613557
matthews_corrcoef,1,HistGradientBoosting,fastMNN,gse19697_gse20271,meta_er_status,None,None,0.493955
matthews_corrcoef,2,HistGradientBoosting,fastMNN,gse19697_gse20271,meta_er_status,None,None,0.566737
matthews_corrcoef,3,HistGradientBoosting,fastMNN,gse19697_gse20271,meta_er_status,None,None,0.59333
matthews_corrcoef,4,HistGradientBoosting,fastMNN,gse19697_gse20271,meta_er_status,None,None,0.596083
matthews_corrcoef,5,HistGradientBoosting,fastMNN,gse19697_gse20271,meta_er_status,None,None,0.589787
matthews_corrcoef,6,HistGradientBoosting,fastMNN,gse19697_gse20271,meta_er_status,None,None,0.521486
matthews_corrcoef,7,HistGradientBoosting,fastMNN,gse19697_gse20271,meta_er_status,None,None,0.568651
matthews_corrcoef,8,HistGradientBoosting,fastMNN,gse19697_gse20271,meta_er_status,None,None,0.58267
matthews_corrcoef,9,HistGradientBoosting,fastMNN,gse19697_gse20271,meta_er_status,None,None,0.560068
roc_auc_score,0,RandomForest,fastMNN,gse19697_gse2990,meta_er_status,None,None,0.890491
roc_auc_score,1,RandomForest,fastMNN,gse19697_gse2990,meta_er_status,None,None,0.896746
roc_auc_score,2,RandomForest,fastMNN,gse19697_gse2990,meta_er_status,None,None,0.922803
roc_auc_score,3,RandomForest,fastMNN,gse19697_gse2990,meta_er_status,None,None,0.915489
roc_auc_score,4,RandomForest,fastMNN,gse19697_gse2990,meta_er_status,None,None,0.883189
roc_auc_score,5,RandomForest,fastMNN,gse19697_gse2990,meta_er_status,None,None,0.909731
roc_auc_score,6,RandomForest,fastMNN,gse19697_gse2990,meta_er_status,None,None,0.901672
roc_auc_score,7,RandomForest,fastMNN,gse19697_gse2990,meta_er_status,None,None,0.896336
roc_auc_score,8,RandomForest,fastMNN,gse19697_gse2990,meta_er_status,None,None,0.896357
roc_auc_score,9,RandomForest,fastMNN,gse19697_gse2990,meta_er_status,None,None,0.880509
mutual_info_score,0,RandomForest,fastMNN,gse19697_gse2990,meta_er_status,None,None,0.389672
mutual_info_score,1,RandomForest,fastMNN,gse19697_gse2990,meta_er_status,None,None,0.363134
mutual_info_score,2,RandomForest,fastMNN,gse19697_gse2990,meta_er_status,None,None,0.430223
mutual_info_score,3,RandomForest,fastMNN,gse19697_gse2990,meta_er_status,None,None,0.427692
mutual_info_score,4,RandomForest,fastMNN,gse19697_gse2990,meta_er_status,None,None,0.411166
mutual_info_score,5,RandomForest,fastMNN,gse19697_gse2990,meta_er_status,None,None,0.365925
mutual_info_score,6,RandomForest,fastMNN,gse19697_gse2990,meta_er_status,None,None,0.384953
mutual_info_score,7,RandomForest,fastMNN,gse19697_gse2990,meta_er_status,None,None,0.374367
mutual_info_score,8,RandomForest,fastMNN,gse19697_gse2990,meta_er_status,None,None,0.432641
mutual_info_score,9,RandomForest,fastMNN,gse19697_gse2990,meta_er_status,None,None,0.399046
accuracy_score,0,RandomForest,fastMNN,gse19697_gse2990,meta_er_status,None,None,0.860225
accuracy_score,1,RandomForest,fastMNN,gse19697_gse2990,meta_er_status,None,None,0.82565
accuracy_score,2,RandomForest,fastMNN,gse19697_gse2990,meta_er_status,None,None,0.867317
accuracy_score,3,RandomForest,fastMNN,gse19697_gse2990,meta_er_status,None,None,0.860372
accuracy_score,4,RandomForest,fastMNN,gse19697_gse2990,meta_er_status,None,None,0.852985
accuracy_score,5,RandomForest,fastMNN,gse19697_gse2990,meta_er_status,None,None,0.845892
accuracy_score,6,RandomForest,fastMNN,gse19697_gse2990,meta_er_status,None,None,0.846483
accuracy_score,7,RandomForest,fastMNN,gse19697_gse2990,meta_er_status,None,None,0.846188
accuracy_score,8,RandomForest,fastMNN,gse19697_gse2990,meta_er_status,None,None,0.867021
accuracy_score,9,RandomForest,fastMNN,gse19697_gse2990,meta_er_status,None,None,0.860225
matthews_corrcoef,0,RandomForest,fastMNN,gse19697_gse2990,meta_er_status,None,None,0.706405
matthews_corrcoef,1,RandomForest,fastMNN,gse19697_gse2990,meta_er_status,None,None,0.660349
matthews_corrcoef,2,RandomForest,fastMNN,gse19697_gse2990,meta_er_status,None,None,0.728095
matthews_corrcoef,3,RandomForest,fastMNN,gse19697_gse2990,meta_er_status,None,None,0.71555
matthews_corrcoef,4,RandomForest,fastMNN,gse19697_gse2990,meta_er_status,None,None,0.690535
matthews_corrcoef,5,RandomForest,fastMNN,gse19697_gse2990,meta_er_status,None,None,0.681959
matthews_corrcoef,6,RandomForest,fastMNN,gse19697_gse2990,meta_er_status,None,None,0.692243
matthews_corrcoef,7,RandomForest,fastMNN,gse19697_gse2990,meta_er_status,None,None,0.677298
matthews_corrcoef,8,RandomForest,fastMNN,gse19697_gse2990,meta_er_status,None,None,0.72488
matthews_corrcoef,9,RandomForest,fastMNN,gse19697_gse2990,meta_er_status,None,None,0.708028
roc_auc_score,0,HistGradientBoosting,fastMNN,gse19697_gse2990,meta_er_status,None,None,0.924207
roc_auc_score,1,HistGradientBoosting,fastMNN,gse19697_gse2990,meta_er_status,None,None,0.885943
roc_auc_score,2,HistGradientBoosting,fastMNN,gse19697_gse2990,meta_er_status,None,None,0.928593
roc_auc_score,3,HistGradientBoosting,fastMNN,gse19697_gse2990,meta_er_status,None,None,0.931531
roc_auc_score,4,HistGradientBoosting,fastMNN,gse19697_gse2990,meta_er_status,None,None,0.894953
roc_auc_score,5,HistGradientBoosting,fastMNN,gse19697_gse2990,meta_er_status,None,None,0.896055
roc_auc_score,6,HistGradientBoosting,fastMNN,gse19697_gse2990,meta_er_status,None,None,0.881601
roc_auc_score,7,HistGradientBoosting,fastMNN,gse19697_gse2990,meta_er_status,None,None,0.898194
roc_auc_score,8,HistGradientBoosting,fastMNN,gse19697_gse2990,meta_er_status,None,None,0.853081
roc_auc_score,9,HistGradientBoosting,fastMNN,gse19697_gse2990,meta_er_status,None,None,0.897654
mutual_info_score,0,HistGradientBoosting,fastMNN,gse19697_gse2990,meta_er_status,None,None,0.319246
mutual_info_score,1,HistGradientBoosting,fastMNN,gse19697_gse2990,meta_er_status,None,None,0.33841
mutual_info_score,2,HistGradientBoosting,fastMNN,gse19697_gse2990,meta_er_status,None,None,0.29985
mutual_info_score,3,HistGradientBoosting,fastMNN,gse19697_gse2990,meta_er_status,None,None,0.458927
mutual_info_score,4,HistGradientBoosting,fastMNN,gse19697_gse2990,meta_er_status,None,None,0.395661
mutual_info_score,5,HistGradientBoosting,fastMNN,gse19697_gse2990,meta_er_status,None,None,0.421835
mutual_info_score,6,HistGradientBoosting,fastMNN,gse19697_gse2990,meta_er_status,None,None,0.362956
mutual_info_score,7,HistGradientBoosting,fastMNN,gse19697_gse2990,meta_er_status,None,None,0.367173
mutual_info_score,8,HistGradientBoosting,fastMNN,gse19697_gse2990,meta_er_status,None,None,0.232652
mutual_info_score,9,HistGradientBoosting,fastMNN,gse19697_gse2990,meta_er_status,None,None,0.349771
accuracy_score,0,HistGradientBoosting,fastMNN,gse19697_gse2990,meta_er_status,None,None,0.818115
accuracy_score,1,HistGradientBoosting,fastMNN,gse19697_gse2990,meta_er_status,None,None,0.825798
accuracy_score,2,HistGradientBoosting,fastMNN,gse19697_gse2990,meta_er_status,None,None,0.81841
accuracy_score,3,HistGradientBoosting,fastMNN,gse19697_gse2990,meta_er_status,None,None,0.860372
accuracy_score,4,HistGradientBoosting,fastMNN,gse19697_gse2990,meta_er_status,None,None,0.853132
accuracy_score,5,HistGradientBoosting,fastMNN,gse19697_gse2990,meta_er_status,None,None,0.859929
accuracy_score,6,HistGradientBoosting,fastMNN,gse19697_gse2990,meta_er_status,None,None,0.825355
accuracy_score,7,HistGradientBoosting,fastMNN,gse19697_gse2990,meta_er_status,None,None,0.846336
accuracy_score,8,HistGradientBoosting,fastMNN,gse19697_gse2990,meta_er_status,None,None,0.776005
accuracy_score,9,HistGradientBoosting,fastMNN,gse19697_gse2990,meta_er_status,None,None,0.832151
matthews_corrcoef,0,HistGradientBoosting,fastMNN,gse19697_gse2990,meta_er_status,None,None,0.637821
matthews_corrcoef,1,HistGradientBoosting,fastMNN,gse19697_gse2990,meta_er_status,None,None,0.637364
matthews_corrcoef,2,HistGradientBoosting,fastMNN,gse19697_gse2990,meta_er_status,None,None,0.620858
matthews_corrcoef,3,HistGradientBoosting,fastMNN,gse19697_gse2990,meta_er_status,None,None,0.721203
matthews_corrcoef,4,HistGradientBoosting,fastMNN,gse19697_gse2990,meta_er_status,None,None,0.696233
matthews_corrcoef,5,HistGradientBoosting,fastMNN,gse19697_gse2990,meta_er_status,None,None,0.720314
matthews_corrcoef,6,HistGradientBoosting,fastMNN,gse19697_gse2990,meta_er_status,None,None,0.66129
matthews_corrcoef,7,HistGradientBoosting,fastMNN,gse19697_gse2990,meta_er_status,None,None,0.679333
matthews_corrcoef,8,HistGradientBoosting,fastMNN,gse19697_gse2990,meta_er_status,None,None,0.542262
matthews_corrcoef,9,HistGradientBoosting,fastMNN,gse19697_gse2990,meta_er_status,None,None,0.659343
roc_auc_score,0,RandomForest,fastMNN,gse19697_gse43365,meta_er_status,None,None,0.938063
roc_auc_score,1,RandomForest,fastMNN,gse19697_gse43365,meta_er_status,None,None,0.941682
roc_auc_score,2,RandomForest,fastMNN,gse19697_gse43365,meta_er_status,None,None,0.945155
roc_auc_score,3,RandomForest,fastMNN,gse19697_gse43365,meta_er_status,None,None,0.94295
roc_auc_score,4,RandomForest,fastMNN,gse19697_gse43365,meta_er_status,None,None,0.956939
roc_auc_score,5,RandomForest,fastMNN,gse19697_gse43365,meta_er_status,None,None,0.943434
roc_auc_score,6,RandomForest,fastMNN,gse19697_gse43365,meta_er_status,None,None,0.935886
roc_auc_score,7,RandomForest,fastMNN,gse19697_gse43365,meta_er_status,None,None,0.924019
roc_auc_score,8,RandomForest,fastMNN,gse19697_gse43365,meta_er_status,None,None,0.935286
roc_auc_score,9,RandomForest,fastMNN,gse19697_gse43365,meta_er_status,None,None,0.947625
mutual_info_score,0,RandomForest,fastMNN,gse19697_gse43365,meta_er_status,None,None,0.34373
mutual_info_score,1,RandomForest,fastMNN,gse19697_gse43365,meta_er_status,None,None,0.291489
mutual_info_score,2,RandomForest,fastMNN,gse19697_gse43365,meta_er_status,None,None,0.296374
mutual_info_score,3,RandomForest,fastMNN,gse19697_gse43365,meta_er_status,None,None,0.275372
mutual_info_score,4,RandomForest,fastMNN,gse19697_gse43365,meta_er_status,None,None,0.360608
mutual_info_score,5,RandomForest,fastMNN,gse19697_gse43365,meta_er_status,None,None,0.347931
mutual_info_score,6,RandomForest,fastMNN,gse19697_gse43365,meta_er_status,None,None,0.279543
mutual_info_score,7,RandomForest,fastMNN,gse19697_gse43365,meta_er_status,None,None,0.313177
mutual_info_score,8,RandomForest,fastMNN,gse19697_gse43365,meta_er_status,None,None,0.285533
mutual_info_score,9,RandomForest,fastMNN,gse19697_gse43365,meta_er_status,None,None,0.214589
accuracy_score,0,RandomForest,fastMNN,gse19697_gse43365,meta_er_status,None,None,0.866667
accuracy_score,1,RandomForest,fastMNN,gse19697_gse43365,meta_er_status,None,None,0.837037
accuracy_score,2,RandomForest,fastMNN,gse19697_gse43365,meta_er_status,None,None,0.851852
accuracy_score,3,RandomForest,fastMNN,gse19697_gse43365,meta_er_status,None,None,0.844444
accuracy_score,4,RandomForest,fastMNN,gse19697_gse43365,meta_er_status,None,None,0.866667
accuracy_score,5,RandomForest,fastMNN,gse19697_gse43365,meta_er_status,None,None,0.866667
accuracy_score,6,RandomForest,fastMNN,gse19697_gse43365,meta_er_status,None,None,0.844444
accuracy_score,7,RandomForest,fastMNN,gse19697_gse43365,meta_er_status,None,None,0.859259
accuracy_score,8,RandomForest,fastMNN,gse19697_gse43365,meta_er_status,None,None,0.844444
accuracy_score,9,RandomForest,fastMNN,gse19697_gse43365,meta_er_status,None,None,0.814815
matthews_corrcoef,0,RandomForest,fastMNN,gse19697_gse43365,meta_er_status,None,None,0.675158
matthews_corrcoef,1,RandomForest,fastMNN,gse19697_gse43365,meta_er_status,None,None,0.600967
matthews_corrcoef,2,RandomForest,fastMNN,gse19697_gse43365,meta_er_status,None,None,0.639571
matthews_corrcoef,3,RandomForest,fastMNN,gse19697_gse43365,meta_er_status,None,None,0.613015
matthews_corrcoef,4,RandomForest,fastMNN,gse19697_gse43365,meta_er_status,None,None,0.684339
matthews_corrcoef,5,RandomForest,fastMNN,gse19697_gse43365,meta_er_status,None,None,0.677884
matthews_corrcoef,6,RandomForest,fastMNN,gse19697_gse43365,meta_er_status,None,None,0.622861
matthews_corrcoef,7,RandomForest,fastMNN,gse19697_gse43365,meta_er_status,None,None,0.647258
matthews_corrcoef,8,RandomForest,fastMNN,gse19697_gse43365,meta_er_status,None,None,0.623558
matthews_corrcoef,9,RandomForest,fastMNN,gse19697_gse43365,meta_er_status,None,None,0.545146
roc_auc_score,0,HistGradientBoosting,fastMNN,gse19697_gse43365,meta_er_status,None,None,0.89265
roc_auc_score,1,HistGradientBoosting,fastMNN,gse19697_gse43365,meta_er_status,None,None,0.893681
roc_auc_score,2,HistGradientBoosting,fastMNN,gse19697_gse43365,meta_er_status,None,None,0.908975
roc_auc_score,3,HistGradientBoosting,fastMNN,gse19697_gse43365,meta_er_status,None,None,0.90313
roc_auc_score,4,HistGradientBoosting,fastMNN,gse19697_gse43365,meta_er_status,None,None,0.892909
roc_auc_score,5,HistGradientBoosting,fastMNN,gse19697_gse43365,meta_er_status,None,None,0.879822
roc_auc_score,6,HistGradientBoosting,fastMNN,gse19697_gse43365,meta_er_status,None,None,0.894951
roc_auc_score,7,HistGradientBoosting,fastMNN,gse19697_gse43365,meta_er_status,None,None,0.926072
roc_auc_score,8,HistGradientBoosting,fastMNN,gse19697_gse43365,meta_er_status,None,None,0.892244
roc_auc_score,9,HistGradientBoosting,fastMNN,gse19697_gse43365,meta_er_status,None,None,0.890811
mutual_info_score,0,HistGradientBoosting,fastMNN,gse19697_gse43365,meta_er_status,None,None,0.164446
mutual_info_score,1,HistGradientBoosting,fastMNN,gse19697_gse43365,meta_er_status,None,None,0.221997
mutual_info_score,2,HistGradientBoosting,fastMNN,gse19697_gse43365,meta_er_status,None,None,0.219391
mutual_info_score,3,HistGradientBoosting,fastMNN,gse19697_gse43365,meta_er_status,None,None,0.296885
mutual_info_score,4,HistGradientBoosting,fastMNN,gse19697_gse43365,meta_er_status,None,None,0.216258
mutual_info_score,5,HistGradientBoosting,fastMNN,gse19697_gse43365,meta_er_status,None,None,0.308203
mutual_info_score,6,HistGradientBoosting,fastMNN,gse19697_gse43365,meta_er_status,None,None,0.191817
mutual_info_score,7,HistGradientBoosting,fastMNN,gse19697_gse43365,meta_er_status,None,None,0.366281
mutual_info_score,8,HistGradientBoosting,fastMNN,gse19697_gse43365,meta_er_status,None,None,0.321231
mutual_info_score,9,HistGradientBoosting,fastMNN,gse19697_gse43365,meta_er_status,None,None,0.165385
accuracy_score,0,HistGradientBoosting,fastMNN,gse19697_gse43365,meta_er_status,None,None,0.792593
accuracy_score,1,HistGradientBoosting,fastMNN,gse19697_gse43365,meta_er_status,None,None,0.807407
accuracy_score,2,HistGradientBoosting,fastMNN,gse19697_gse43365,meta_er_status,None,None,0.822222
accuracy_score,3,HistGradientBoosting,fastMNN,gse19697_gse43365,meta_er_status,None,None,0.851852
accuracy_score,4,HistGradientBoosting,fastMNN,gse19697_gse43365,meta_er_status,None,None,0.814815
accuracy_score,5,HistGradientBoosting,fastMNN,gse19697_gse43365,meta_er_status,None,None,0.851852
accuracy_score,6,HistGradientBoosting,fastMNN,gse19697_gse43365,meta_er_status,None,None,0.807407
accuracy_score,7,HistGradientBoosting,fastMNN,gse19697_gse43365,meta_er_status,None,None,0.874074
accuracy_score,8,HistGradientBoosting,fastMNN,gse19697_gse43365,meta_er_status,None,None,0.859259
accuracy_score,9,HistGradientBoosting,fastMNN,gse19697_gse43365,meta_er_status,None,None,0.792593
matthews_corrcoef,0,HistGradientBoosting,fastMNN,gse19697_gse43365,meta_er_status,None,None,0.477477
matthews_corrcoef,1,HistGradientBoosting,fastMNN,gse19697_gse43365,meta_er_status,None,None,0.52234
matthews_corrcoef,2,HistGradientBoosting,fastMNN,gse19697_gse43365,meta_er_status,None,None,0.559853
matthews_corrcoef,3,HistGradientBoosting,fastMNN,gse19697_gse43365,meta_er_status,None,None,0.643599
matthews_corrcoef,4,HistGradientBoosting,fastMNN,gse19697_gse43365,meta_er_status,None,None,0.542179
matthews_corrcoef,5,HistGradientBoosting,fastMNN,gse19697_gse43365,meta_er_status,None,None,0.635182
matthews_corrcoef,6,HistGradientBoosting,fastMNN,gse19697_gse43365,meta_er_status,None,None,0.517615
matthews_corrcoef,7,HistGradientBoosting,fastMNN,gse19697_gse43365,meta_er_status,None,None,0.693324
matthews_corrcoef,8,HistGradientBoosting,fastMNN,gse19697_gse43365,meta_er_status,None,None,0.663472
matthews_corrcoef,9,HistGradientBoosting,fastMNN,gse19697_gse43365,meta_er_status,None,None,0.489036
roc_auc_score,0,RandomForest,fastMNN,gse19697_gse45255,meta_er_status,None,None,0.821353
roc_auc_score,1,RandomForest,fastMNN,gse19697_gse45255,meta_er_status,None,None,0.835265
roc_auc_score,2,RandomForest,fastMNN,gse19697_gse45255,meta_er_status,None,None,0.8426
roc_auc_score,3,RandomForest,fastMNN,gse19697_gse45255,meta_er_status,None,None,0.85265
roc_auc_score,4,RandomForest,fastMNN,gse19697_gse45255,meta_er_status,None,None,0.814479
roc_auc_score,5,RandomForest,fastMNN,gse19697_gse45255,meta_er_status,None,None,0.80091
roc_auc_score,6,RandomForest,fastMNN,gse19697_gse45255,meta_er_status,None,None,0.840106
roc_auc_score,7,RandomForest,fastMNN,gse19697_gse45255,meta_er_status,None,None,0.843461
roc_auc_score,8,RandomForest,fastMNN,gse19697_gse45255,meta_er_status,None,None,0.802865
roc_auc_score,9,RandomForest,fastMNN,gse19697_gse45255,meta_er_status,None,None,0.828477
mutual_info_score,0,RandomForest,fastMNN,gse19697_gse45255,meta_er_status,None,None,0.260069
mutual_info_score,1,RandomForest,fastMNN,gse19697_gse45255,meta_er_status,None,None,0.37827
mutual_info_score,2,RandomForest,fastMNN,gse19697_gse45255,meta_er_status,None,None,0.254809
mutual_info_score,3,RandomForest,fastMNN,gse19697_gse45255,meta_er_status,None,None,0.327355
mutual_info_score,4,RandomForest,fastMNN,gse19697_gse45255,meta_er_status,None,None,0.254743
mutual_info_score,5,RandomForest,fastMNN,gse19697_gse45255,meta_er_status,None,None,0.230605
mutual_info_score,6,RandomForest,fastMNN,gse19697_gse45255,meta_er_status,None,None,0.338296
mutual_info_score,7,RandomForest,fastMNN,gse19697_gse45255,meta_er_status,None,None,0.371767
mutual_info_score,8,RandomForest,fastMNN,gse19697_gse45255,meta_er_status,None,None,0.364907
mutual_info_score,9,RandomForest,fastMNN,gse19697_gse45255,meta_er_status,None,None,0.311592
accuracy_score,0,RandomForest,fastMNN,gse19697_gse45255,meta_er_status,None,None,0.840711
accuracy_score,1,RandomForest,fastMNN,gse19697_gse45255,meta_er_status,None,None,0.885462
accuracy_score,2,RandomForest,fastMNN,gse19697_gse45255,meta_er_status,None,None,0.834785
accuracy_score,3,RandomForest,fastMNN,gse19697_gse45255,meta_er_status,None,None,0.860063
accuracy_score,4,RandomForest,fastMNN,gse19697_gse45255,meta_er_status,None,None,0.834301
accuracy_score,5,RandomForest,fastMNN,gse19697_gse45255,meta_er_status,None,None,0.82148
accuracy_score,6,RandomForest,fastMNN,gse19697_gse45255,meta_er_status,None,None,0.86611
accuracy_score,7,RandomForest,fastMNN,gse19697_gse45255,meta_er_status,None,None,0.873004
accuracy_score,8,RandomForest,fastMNN,gse19697_gse45255,meta_er_status,None,None,0.872279
accuracy_score,9,RandomForest,fastMNN,gse19697_gse45255,meta_er_status,None,None,0.853169
matthews_corrcoef,0,RandomForest,fastMNN,gse19697_gse45255,meta_er_status,None,None,0.610185
matthews_corrcoef,1,RandomForest,fastMNN,gse19697_gse45255,meta_er_status,None,None,0.723096
matthews_corrcoef,2,RandomForest,fastMNN,gse19697_gse45255,meta_er_status,None,None,0.58682
matthews_corrcoef,3,RandomForest,fastMNN,gse19697_gse45255,meta_er_status,None,None,0.663696
matthews_corrcoef,4,RandomForest,fastMNN,gse19697_gse45255,meta_er_status,None,None,0.587911
matthews_corrcoef,5,RandomForest,fastMNN,gse19697_gse45255,meta_er_status,None,None,0.566231
matthews_corrcoef,6,RandomForest,fastMNN,gse19697_gse45255,meta_er_status,None,None,0.679856
matthews_corrcoef,7,RandomForest,fastMNN,gse19697_gse45255,meta_er_status,None,None,0.694084
matthews_corrcoef,8,RandomForest,fastMNN,gse19697_gse45255,meta_er_status,None,None,0.695376
matthews_corrcoef,9,RandomForest,fastMNN,gse19697_gse45255,meta_er_status,None,None,0.646112
roc_auc_score,0,HistGradientBoosting,fastMNN,gse19697_gse45255,meta_er_status,None,None,0.817646
roc_auc_score,1,HistGradientBoosting,fastMNN,gse19697_gse45255,meta_er_status,None,None,0.849083
roc_auc_score,2,HistGradientBoosting,fastMNN,gse19697_gse45255,meta_er_status,None,None,0.818209
roc_auc_score,3,HistGradientBoosting,fastMNN,gse19697_gse45255,meta_er_status,None,None,0.854902
roc_auc_score,4,HistGradientBoosting,fastMNN,gse19697_gse45255,meta_er_status,None,None,0.759009
roc_auc_score,5,HistGradientBoosting,fastMNN,gse19697_gse45255,meta_er_status,None,None,0.781625
roc_auc_score,6,HistGradientBoosting,fastMNN,gse19697_gse45255,meta_er_status,None,None,0.845392
roc_auc_score,7,HistGradientBoosting,fastMNN,gse19697_gse45255,meta_er_status,None,None,0.862237
roc_auc_score,8,HistGradientBoosting,fastMNN,gse19697_gse45255,meta_er_status,None,None,0.82667
roc_auc_score,9,HistGradientBoosting,fastMNN,gse19697_gse45255,meta_er_status,None,None,0.825122
mutual_info_score,0,HistGradientBoosting,fastMNN,gse19697_gse45255,meta_er_status,None,None,0.156436
mutual_info_score,1,HistGradientBoosting,fastMNN,gse19697_gse45255,meta_er_status,None,None,0.26476
mutual_info_score,2,HistGradientBoosting,fastMNN,gse19697_gse45255,meta_er_status,None,None,0.159122
mutual_info_score,3,HistGradientBoosting,fastMNN,gse19697_gse45255,meta_er_status,None,None,0.26418
mutual_info_score,4,HistGradientBoosting,fastMNN,gse19697_gse45255,meta_er_status,None,None,0.169565
mutual_info_score,5,HistGradientBoosting,fastMNN,gse19697_gse45255,meta_er_status,None,None,0.142395
mutual_info_score,6,HistGradientBoosting,fastMNN,gse19697_gse45255,meta_er_status,None,None,0.298079
mutual_info_score,7,HistGradientBoosting,fastMNN,gse19697_gse45255,meta_er_status,None,None,0.241612
mutual_info_score,8,HistGradientBoosting,fastMNN,gse19697_gse45255,meta_er_status,None,None,0.312221
mutual_info_score,9,HistGradientBoosting,fastMNN,gse19697_gse45255,meta_er_status,None,None,0.174333
accuracy_score,0,HistGradientBoosting,fastMNN,gse19697_gse45255,meta_er_status,None,None,0.783382
accuracy_score,1,HistGradientBoosting,fastMNN,gse19697_gse45255,meta_er_status,None,None,0.834785
accuracy_score,2,HistGradientBoosting,fastMNN,gse19697_gse45255,meta_er_status,None,None,0.790034
accuracy_score,3,HistGradientBoosting,fastMNN,gse19697_gse45255,meta_er_status,None,None,0.834664
accuracy_score,4,HistGradientBoosting,fastMNN,gse19697_gse45255,meta_er_status,None,None,0.78955
accuracy_score,5,HistGradientBoosting,fastMNN,gse19697_gse45255,meta_er_status,None,None,0.777092
accuracy_score,6,HistGradientBoosting,fastMNN,gse19697_gse45255,meta_er_status,None,None,0.847
accuracy_score,7,HistGradientBoosting,fastMNN,gse19697_gse45255,meta_er_status,None,None,0.828133
accuracy_score,8,HistGradientBoosting,fastMNN,gse19697_gse45255,meta_er_status,None,None,0.847
accuracy_score,9,HistGradientBoosting,fastMNN,gse19697_gse45255,meta_er_status,None,None,0.78955
matthews_corrcoef,0,HistGradientBoosting,fastMNN,gse19697_gse45255,meta_er_status,None,None,0.47432
matthews_corrcoef,1,HistGradientBoosting,fastMNN,gse19697_gse45255,meta_er_status,None,None,0.603781
matthews_corrcoef,2,HistGradientBoosting,fastMNN,gse19697_gse45255,meta_er_status,None,None,0.473289
matthews_corrcoef,3,HistGradientBoosting,fastMNN,gse19697_gse45255,meta_er_status,None,None,0.6015
matthews_corrcoef,4,HistGradientBoosting,fastMNN,gse19697_gse45255,meta_er_status,None,None,0.479334
matthews_corrcoef,5,HistGradientBoosting,fastMNN,gse19697_gse45255,meta_er_status,None,None,0.454591
matthews_corrcoef,6,HistGradientBoosting,fastMNN,gse19697_gse45255,meta_er_status,None,None,0.636911
matthews_corrcoef,7,HistGradientBoosting,fastMNN,gse19697_gse45255,meta_er_status,None,None,0.583218
matthews_corrcoef,8,HistGradientBoosting,fastMNN,gse19697_gse45255,meta_er_status,None,None,0.646255
matthews_corrcoef,9,HistGradientBoosting,fastMNN,gse19697_gse45255,meta_er_status,None,None,0.497068
roc_auc_score,0,RandomForest,npn_global,gse19697_gse6532_u133b,meta_er_status,None,None,0.834448
roc_auc_score,1,RandomForest,npn_global,gse19697_gse6532_u133b,meta_er_status,None,None,0.82594
roc_auc_score,2,RandomForest,npn_global,gse19697_gse6532_u133b,meta_er_status,None,None,0.888752
roc_auc_score,3,RandomForest,npn_global,gse19697_gse6532_u133b,meta_er_status,None,None,0.849766
roc_auc_score,4,RandomForest,npn_global,gse19697_gse6532_u133b,meta_er_status,None,None,0.8598
roc_auc_score,5,RandomForest,npn_global,gse19697_gse6532_u133b,meta_er_status,None,None,0.828294
roc_auc_score,6,RandomForest,npn_global,gse19697_gse6532_u133b,meta_er_status,None,None,0.870581
roc_auc_score,7,RandomForest,npn_global,gse19697_gse6532_u133b,meta_er_status,None,None,0.814671
roc_auc_score,8,RandomForest,npn_global,gse19697_gse6532_u133b,meta_er_status,None,None,0.873513
roc_auc_score,9,RandomForest,npn_global,gse19697_gse6532_u133b,meta_er_status,None,None,0.847477
mutual_info_score,0,RandomForest,npn_global,gse19697_gse6532_u133b,meta_er_status,None,None,0.149759
mutual_info_score,1,RandomForest,npn_global,gse19697_gse6532_u133b,meta_er_status,None,None,0.1717
mutual_info_score,2,RandomForest,npn_global,gse19697_gse6532_u133b,meta_er_status,None,None,0.191306
mutual_info_score,3,RandomForest,npn_global,gse19697_gse6532_u133b,meta_er_status,None,None,0.18368
mutual_info_score,4,RandomForest,npn_global,gse19697_gse6532_u133b,meta_er_status,None,None,0.185774
mutual_info_score,5,RandomForest,npn_global,gse19697_gse6532_u133b,meta_er_status,None,None,0.150169
mutual_info_score,6,RandomForest,npn_global,gse19697_gse6532_u133b,meta_er_status,None,None,0.147215
mutual_info_score,7,RandomForest,npn_global,gse19697_gse6532_u133b,meta_er_status,None,None,0.119456
mutual_info_score,8,RandomForest,npn_global,gse19697_gse6532_u133b,meta_er_status,None,None,0.192696
mutual_info_score,9,RandomForest,npn_global,gse19697_gse6532_u133b,meta_er_status,None,None,0.176151
accuracy_score,0,RandomForest,npn_global,gse19697_gse6532_u133b,meta_er_status,None,None,0.858013
accuracy_score,1,RandomForest,npn_global,gse19697_gse6532_u133b,meta_er_status,None,None,0.867076
accuracy_score,2,RandomForest,npn_global,gse19697_gse6532_u133b,meta_er_status,None,None,0.873109
accuracy_score,3,RandomForest,npn_global,gse19697_gse6532_u133b,meta_er_status,None,None,0.867049
accuracy_score,4,RandomForest,npn_global,gse19697_gse6532_u133b,meta_er_status,None,None,0.870188
accuracy_score,5,RandomForest,npn_global,gse19697_gse6532_u133b,meta_er_status,None,None,0.85804
accuracy_score,6,RandomForest,npn_global,gse19697_gse6532_u133b,meta_er_status,None,None,0.854955
accuracy_score,7,RandomForest,npn_global,gse19697_gse6532_u133b,meta_er_status,None,None,0.839831
accuracy_score,8,RandomForest,npn_global,gse19697_gse6532_u133b,meta_er_status,None,None,0.873028
accuracy_score,9,RandomForest,npn_global,gse19697_gse6532_u133b,meta_er_status,None,None,0.860906
matthews_corrcoef,0,RandomForest,npn_global,gse19697_gse6532_u133b,meta_er_status,None,None,0.510512
matthews_corrcoef,1,RandomForest,npn_global,gse19697_gse6532_u133b,meta_er_status,None,None,0.545829
matthews_corrcoef,2,RandomForest,npn_global,gse19697_gse6532_u133b,meta_er_status,None,None,0.571242
matthews_corrcoef,3,RandomForest,npn_global,gse19697_gse6532_u133b,meta_er_status,None,None,0.544642
matthews_corrcoef,4,RandomForest,npn_global,gse19697_gse6532_u133b,meta_er_status,None,None,0.552612
matthews_corrcoef,5,RandomForest,npn_global,gse19697_gse6532_u133b,meta_er_status,None,None,0.506106
matthews_corrcoef,6,RandomForest,npn_global,gse19697_gse6532_u133b,meta_er_status,None,None,0.500518
matthews_corrcoef,7,RandomForest,npn_global,gse19697_gse6532_u133b,meta_er_status,None,None,0.452741
matthews_corrcoef,8,RandomForest,npn_global,gse19697_gse6532_u133b,meta_er_status,None,None,0.563831
matthews_corrcoef,9,RandomForest,npn_global,gse19697_gse6532_u133b,meta_er_status,None,None,0.524888
roc_auc_score,0,HistGradientBoosting,npn_global,gse19697_gse6532_u133b,meta_er_status,None,None,1.0
roc_auc_score,1,HistGradientBoosting,npn_global,gse19697_gse6532_u133b,meta_er_status,None,None,1.0
roc_auc_score,2,HistGradientBoosting,npn_global,gse19697_gse6532_u133b,meta_er_status,None,None,1.0
roc_auc_score,3,HistGradientBoosting,npn_global,gse19697_gse6532_u133b,meta_er_status,None,None,1.0
roc_auc_score,4,HistGradientBoosting,npn_global,gse19697_gse6532_u133b,meta_er_status,None,None,1.0
roc_auc_score,5,HistGradientBoosting,npn_global,gse19697_gse6532_u133b,meta_er_status,None,None,1.0
roc_auc_score,6,HistGradientBoosting,npn_global,gse19697_gse6532_u133b,meta_er_status,None,None,1.0
roc_auc_score,7,HistGradientBoosting,npn_global,gse19697_gse6532_u133b,meta_er_status,None,None,1.0
roc_auc_score,8,HistGradientBoosting,npn_global,gse19697_gse6532_u133b,meta_er_status,None,None,1.0
roc_auc_score,9,HistGradientBoosting,npn_global,gse19697_gse6532_u133b,meta_er_status,None,None,1.0
mutual_info_score,0,HistGradientBoosting,npn_global,gse19697_gse6532_u133b,meta_er_status,None,None,0.732593
mutual_info_score,1,HistGradientBoosting,npn_global,gse19697_gse6532_u133b,meta_er_status,None,None,0.732593
mutual_info_score,2,HistGradientBoosting,npn_global,gse19697_gse6532_u133b,meta_er_status,None,None,0.732593
mutual_info_score,3,HistGradientBoosting,npn_global,gse19697_gse6532_u133b,meta_er_status,None,None,0.732593
mutual_info_score,4,HistGradientBoosting,npn_global,gse19697_gse6532_u133b,meta_er_status,None,None,0.732593
mutual_info_score,5,HistGradientBoosting,npn_global,gse19697_gse6532_u133b,meta_er_status,None,None,0.732593
mutual_info_score,6,HistGradientBoosting,npn_global,gse19697_gse6532_u133b,meta_er_status,None,None,0.732593
mutual_info_score,7,HistGradientBoosting,npn_global,gse19697_gse6532_u133b,meta_er_status,None,None,0.732593
mutual_info_score,8,HistGradientBoosting,npn_global,gse19697_gse6532_u133b,meta_er_status,None,None,0.732593
mutual_info_score,9,HistGradientBoosting,npn_global,gse19697_gse6532_u133b,meta_er_status,None,None,0.732593
accuracy_score,0,HistGradientBoosting,npn_global,gse19697_gse6532_u133b,meta_er_status,None,None,1.0
accuracy_score,1,HistGradientBoosting,npn_global,gse19697_gse6532_u133b,meta_er_status,None,None,1.0
accuracy_score,2,HistGradientBoosting,npn_global,gse19697_gse6532_u133b,meta_er_status,None,None,1.0
accuracy_score,3,HistGradientBoosting,npn_global,gse19697_gse6532_u133b,meta_er_status,None,None,1.0
accuracy_score,4,HistGradientBoosting,npn_global,gse19697_gse6532_u133b,meta_er_status,None,None,1.0
accuracy_score,5,HistGradientBoosting,npn_global,gse19697_gse6532_u133b,meta_er_status,None,None,1.0
accuracy_score,6,HistGradientBoosting,npn_global,gse19697_gse6532_u133b,meta_er_status,None,None,1.0
accuracy_score,7,HistGradientBoosting,npn_global,gse19697_gse6532_u133b,meta_er_status,None,None,1.0
accuracy_score,8,HistGradientBoosting,npn_global,gse19697_gse6532_u133b,meta_er_status,None,None,1.0
accuracy_score,9,HistGradientBoosting,npn_global,gse19697_gse6532_u133b,meta_er_status,None,None,1.0
matthews_corrcoef,0,HistGradientBoosting,npn_global,gse19697_gse6532_u133b,meta_er_status,None,None,1.0
matthews_corrcoef,1,HistGradientBoosting,npn_global,gse19697_gse6532_u133b,meta_er_status,None,None,1.0
matthews_corrcoef,2,HistGradientBoosting,npn_global,gse19697_gse6532_u133b,meta_er_status,None,None,1.0
matthews_corrcoef,3,HistGradientBoosting,npn_global,gse19697_gse6532_u133b,meta_er_status,None,None,1.0
matthews_corrcoef,4,HistGradientBoosting,npn_global,gse19697_gse6532_u133b,meta_er_status,None,None,1.0
matthews_corrcoef,5,HistGradientBoosting,npn_global,gse19697_gse6532_u133b,meta_er_status,None,None,1.0
matthews_corrcoef,6,HistGradientBoosting,npn_global,gse19697_gse6532_u133b,meta_er_status,None,None,1.0
matthews_corrcoef,7,HistGradientBoosting,npn_global,gse19697_gse6532_u133b,meta_er_status,None,None,1.0
matthews_corrcoef,8,HistGradientBoosting,npn_global,gse19697_gse6532_u133b,meta_er_status,None,None,1.0
matthews_corrcoef,9,HistGradientBoosting,npn_global,gse19697_gse6532_u133b,meta_er_status,None,None,1.0
roc_auc_score,0,RandomForest,unadjusted,gse19697_gse6532_u133b,meta_er_status,None,None,0.963947
roc_auc_score,1,RandomForest,unadjusted,gse19697_gse6532_u133b,meta_er_status,None,None,0.965594
roc_auc_score,2,RandomForest,unadjusted,gse19697_gse6532_u133b,meta_er_status,None,None,0.968966
roc_auc_score,3,RandomForest,unadjusted,gse19697_gse6532_u133b,meta_er_status,None,None,0.970071
roc_auc_score,4,RandomForest,unadjusted,gse19697_gse6532_u133b,meta_er_status,None,None,0.967281
roc_auc_score,5,RandomForest,unadjusted,gse19697_gse6532_u133b,meta_er_status,None,None,0.96598
roc_auc_score,6,RandomForest,unadjusted,gse19697_gse6532_u133b,meta_er_status,None,None,0.968955
roc_auc_score,7,RandomForest,unadjusted,gse19697_gse6532_u133b,meta_er_status,None,None,0.956942
roc_auc_score,8,RandomForest,unadjusted,gse19697_gse6532_u133b,meta_er_status,None,None,0.958229
roc_auc_score,9,RandomForest,unadjusted,gse19697_gse6532_u133b,meta_er_status,None,None,0.972282
mutual_info_score,0,RandomForest,unadjusted,gse19697_gse6532_u133b,meta_er_status,None,None,0.315058
mutual_info_score,1,RandomForest,unadjusted,gse19697_gse6532_u133b,meta_er_status,None,None,0.322865
mutual_info_score,2,RandomForest,unadjusted,gse19697_gse6532_u133b,meta_er_status,None,None,0.356377
mutual_info_score,3,RandomForest,unadjusted,gse19697_gse6532_u133b,meta_er_status,None,None,0.354586
mutual_info_score,4,RandomForest,unadjusted,gse19697_gse6532_u133b,meta_er_status,None,None,0.334117
mutual_info_score,5,RandomForest,unadjusted,gse19697_gse6532_u133b,meta_er_status,None,None,0.296442
mutual_info_score,6,RandomForest,unadjusted,gse19697_gse6532_u133b,meta_er_status,None,None,0.343687
mutual_info_score,7,RandomForest,unadjusted,gse19697_gse6532_u133b,meta_er_status,None,None,0.293593
mutual_info_score,8,RandomForest,unadjusted,gse19697_gse6532_u133b,meta_er_status,None,None,0.312489
mutual_info_score,9,RandomForest,unadjusted,gse19697_gse6532_u133b,meta_er_status,None,None,0.320529
accuracy_score,0,RandomForest,unadjusted,gse19697_gse6532_u133b,meta_er_status,None,None,0.912449
accuracy_score,1,RandomForest,unadjusted,gse19697_gse6532_u133b,meta_er_status,None,None,0.915343
accuracy_score,2,RandomForest,unadjusted,gse19697_gse6532_u133b,meta_er_status,None,None,0.924543
accuracy_score,3,RandomForest,unadjusted,gse19697_gse6532_u133b,meta_er_status,None,None,0.924406
accuracy_score,4,RandomForest,unadjusted,gse19697_gse6532_u133b,meta_er_status,None,None,0.918455
accuracy_score,5,RandomForest,unadjusted,gse19697_gse6532_u133b,meta_er_status,None,None,0.909337
accuracy_score,6,RandomForest,unadjusted,gse19697_gse6532_u133b,meta_er_status,None,None,0.921485
accuracy_score,7,RandomForest,unadjusted,gse19697_gse6532_u133b,meta_er_status,None,None,0.906306
accuracy_score,8,RandomForest,unadjusted,gse19697_gse6532_u133b,meta_er_status,None,None,0.912422
accuracy_score,9,RandomForest,unadjusted,gse19697_gse6532_u133b,meta_er_status,None,None,0.909391
matthews_corrcoef,0,RandomForest,unadjusted,gse19697_gse6532_u133b,meta_er_status,None,None,0.712364
matthews_corrcoef,1,RandomForest,unadjusted,gse19697_gse6532_u133b,meta_er_status,None,None,0.724836
matthews_corrcoef,2,RandomForest,unadjusted,gse19697_gse6532_u133b,meta_er_status,None,None,0.756753
matthews_corrcoef,3,RandomForest,unadjusted,gse19697_gse6532_u133b,meta_er_status,None,None,0.754433
matthews_corrcoef,4,RandomForest,unadjusted,gse19697_gse6532_u133b,meta_er_status,None,None,0.73399
matthews_corrcoef,5,RandomForest,unadjusted,gse19697_gse6532_u133b,meta_er_status,None,None,0.702085
matthews_corrcoef,6,RandomForest,unadjusted,gse19697_gse6532_u133b,meta_er_status,None,None,0.747125
matthews_corrcoef,7,RandomForest,unadjusted,gse19697_gse6532_u133b,meta_er_status,None,None,0.690117
matthews_corrcoef,8,RandomForest,unadjusted,gse19697_gse6532_u133b,meta_er_status,None,None,0.713446
matthews_corrcoef,9,RandomForest,unadjusted,gse19697_gse6532_u133b,meta_er_status,None,None,0.695404
roc_auc_score,0,HistGradientBoosting,unadjusted,gse19697_gse6532_u133b,meta_er_status,None,None,1.0
roc_auc_score,1,HistGradientBoosting,unadjusted,gse19697_gse6532_u133b,meta_er_status,None,None,1.0
roc_auc_score,2,HistGradientBoosting,unadjusted,gse19697_gse6532_u133b,meta_er_status,None,None,1.0
roc_auc_score,3,HistGradientBoosting,unadjusted,gse19697_gse6532_u133b,meta_er_status,None,None,1.0
roc_auc_score,4,HistGradientBoosting,unadjusted,gse19697_gse6532_u133b,meta_er_status,None,None,1.0
roc_auc_score,5,HistGradientBoosting,unadjusted,gse19697_gse6532_u133b,meta_er_status,None,None,1.0
roc_auc_score,6,HistGradientBoosting,unadjusted,gse19697_gse6532_u133b,meta_er_status,None,None,1.0
roc_auc_score,7,HistGradientBoosting,unadjusted,gse19697_gse6532_u133b,meta_er_status,None,None,1.0
roc_auc_score,8,HistGradientBoosting,unadjusted,gse19697_gse6532_u133b,meta_er_status,None,None,1.0
roc_auc_score,9,HistGradientBoosting,unadjusted,gse19697_gse6532_u133b,meta_er_status,None,None,1.0
mutual_info_score,0,HistGradientBoosting,unadjusted,gse19697_gse6532_u133b,meta_er_status,None,None,0.732593
mutual_info_score,1,HistGradientBoosting,unadjusted,gse19697_gse6532_u133b,meta_er_status,None,None,0.732593
mutual_info_score,2,HistGradientBoosting,unadjusted,gse19697_gse6532_u133b,meta_er_status,None,None,0.732593
mutual_info_score,3,HistGradientBoosting,unadjusted,gse19697_gse6532_u133b,meta_er_status,None,None,0.732593
mutual_info_score,4,HistGradientBoosting,unadjusted,gse19697_gse6532_u133b,meta_er_status,None,None,0.732593
mutual_info_score,5,HistGradientBoosting,unadjusted,gse19697_gse6532_u133b,meta_er_status,None,None,0.732593
mutual_info_score,6,HistGradientBoosting,unadjusted,gse19697_gse6532_u133b,meta_er_status,None,None,0.732593
mutual_info_score,7,HistGradientBoosting,unadjusted,gse19697_gse6532_u133b,meta_er_status,None,None,0.732593
mutual_info_score,8,HistGradientBoosting,unadjusted,gse19697_gse6532_u133b,meta_er_status,None,None,0.732593
mutual_info_score,9,HistGradientBoosting,unadjusted,gse19697_gse6532_u133b,meta_er_status,None,None,0.732593
accuracy_score,0,HistGradientBoosting,unadjusted,gse19697_gse6532_u133b,meta_er_status,None,None,1.0
accuracy_score,1,HistGradientBoosting,unadjusted,gse19697_gse6532_u133b,meta_er_status,None,None,1.0
accuracy_score,2,HistGradientBoosting,unadjusted,gse19697_gse6532_u133b,meta_er_status,None,None,1.0
accuracy_score,3,HistGradientBoosting,unadjusted,gse19697_gse6532_u133b,meta_er_status,None,None,1.0
accuracy_score,4,HistGradientBoosting,unadjusted,gse19697_gse6532_u133b,meta_er_status,None,None,1.0
accuracy_score,5,HistGradientBoosting,unadjusted,gse19697_gse6532_u133b,meta_er_status,None,None,1.0
accuracy_score,6,HistGradientBoosting,unadjusted,gse19697_gse6532_u133b,meta_er_status,None,None,1.0
accuracy_score,7,HistGradientBoosting,unadjusted,gse19697_gse6532_u133b,meta_er_status,None,None,1.0
accuracy_score,8,HistGradientBoosting,unadjusted,gse19697_gse6532_u133b,meta_er_status,None,None,1.0
accuracy_score,9,HistGradientBoosting,unadjusted,gse19697_gse6532_u133b,meta_er_status,None,None,1.0
matthews_corrcoef,0,HistGradientBoosting,unadjusted,gse19697_gse6532_u133b,meta_er_status,None,None,1.0
matthews_corrcoef,1,HistGradientBoosting,unadjusted,gse19697_gse6532_u133b,meta_er_status,None,None,1.0
matthews_corrcoef,2,HistGradientBoosting,unadjusted,gse19697_gse6532_u133b,meta_er_status,None,None,1.0
matthews_corrcoef,3,HistGradientBoosting,unadjusted,gse19697_gse6532_u133b,meta_er_status,None,None,1.0
matthews_corrcoef,4,HistGradientBoosting,unadjusted,gse19697_gse6532_u133b,meta_er_status,None,None,1.0
matthews_corrcoef,5,HistGradientBoosting,unadjusted,gse19697_gse6532_u133b,meta_er_status,None,None,1.0
matthews_corrcoef,6,HistGradientBoosting,unadjusted,gse19697_gse6532_u133b,meta_er_status,None,None,1.0
matthews_corrcoef,7,HistGradientBoosting,unadjusted,gse19697_gse6532_u133b,meta_er_status,None,None,1.0
matthews_corrcoef,8,HistGradientBoosting,unadjusted,gse19697_gse6532_u133b,meta_er_status,None,None,1.0
matthews_corrcoef,9,HistGradientBoosting,unadjusted,gse19697_gse6532_u133b,meta_er_status,None,None,1.0
