metric,iteration,classifier,adjuster,dataset,p_column,c_column,c_value,value
roc_auc_score,0,RandomForest,combat,gse20194,meta_batch,None,None,0.799788
roc_auc_score,1,RandomForest,combat,gse20194,meta_batch,None,None,0.768983
roc_auc_score,2,RandomForest,combat,gse20194,meta_batch,None,None,0.83548
roc_auc_score,3,RandomForest,combat,gse20194,meta_batch,None,None,0.800682
roc_auc_score,4,RandomForest,combat,gse20194,meta_batch,None,None,0.775347
roc_auc_score,5,RandomForest,combat,gse20194,meta_batch,None,None,0.817787
roc_auc_score,6,RandomForest,combat,gse20194,meta_batch,None,None,0.837901
roc_auc_score,7,RandomForest,combat,gse20194,meta_batch,None,None,0.796932
roc_auc_score,8,RandomForest,combat,gse20194,meta_batch,None,None,0.776578
roc_auc_score,9,RandomForest,combat,gse20194,meta_batch,None,None,0.826701
mutual_info_score,0,RandomForest,combat,gse20194,meta_batch,None,None,0.083018
mutual_info_score,1,RandomForest,combat,gse20194,meta_batch,None,None,0.113992
mutual_info_score,2,RandomForest,combat,gse20194,meta_batch,None,None,0.180246
mutual_info_score,3,RandomForest,combat,gse20194,meta_batch,None,None,0.133479
mutual_info_score,4,RandomForest,combat,gse20194,meta_batch,None,None,0.12449
mutual_info_score,5,RandomForest,combat,gse20194,meta_batch,None,None,0.152027
mutual_info_score,6,RandomForest,combat,gse20194,meta_batch,None,None,0.122694
mutual_info_score,7,RandomForest,combat,gse20194,meta_batch,None,None,0.096036
mutual_info_score,8,RandomForest,combat,gse20194,meta_batch,None,None,0.095728
mutual_info_score,9,RandomForest,combat,gse20194,meta_batch,None,None,0.170177
accuracy_score,0,RandomForest,combat,gse20194,meta_batch,None,None,0.666667
accuracy_score,1,RandomForest,combat,gse20194,meta_batch,None,None,0.684211
accuracy_score,2,RandomForest,combat,gse20194,meta_batch,None,None,0.736842
accuracy_score,3,RandomForest,combat,gse20194,meta_batch,None,None,0.701754
accuracy_score,4,RandomForest,combat,gse20194,meta_batch,None,None,0.679825
accuracy_score,5,RandomForest,combat,gse20194,meta_batch,None,None,0.714912
accuracy_score,6,RandomForest,combat,gse20194,meta_batch,None,None,0.701754
accuracy_score,7,RandomForest,combat,gse20194,meta_batch,None,None,0.679825
accuracy_score,8,RandomForest,combat,gse20194,meta_batch,None,None,0.684211
accuracy_score,9,RandomForest,combat,gse20194,meta_batch,None,None,0.732456
roc_auc_score,0,HistGradientBoosting,combat,gse20194,meta_batch,None,None,0.972439
roc_auc_score,1,HistGradientBoosting,combat,gse20194,meta_batch,None,None,0.960706
roc_auc_score,2,HistGradientBoosting,combat,gse20194,meta_batch,None,None,0.96875
roc_auc_score,3,HistGradientBoosting,combat,gse20194,meta_batch,None,None,0.970824
roc_auc_score,4,HistGradientBoosting,combat,gse20194,meta_batch,None,None,0.959664
roc_auc_score,5,HistGradientBoosting,combat,gse20194,meta_batch,None,None,0.964924
roc_auc_score,6,HistGradientBoosting,combat,gse20194,meta_batch,None,None,0.958737
roc_auc_score,7,HistGradientBoosting,combat,gse20194,meta_batch,None,None,0.958766
roc_auc_score,8,HistGradientBoosting,combat,gse20194,meta_batch,None,None,0.974076
roc_auc_score,9,HistGradientBoosting,combat,gse20194,meta_batch,None,None,0.979519
mutual_info_score,0,HistGradientBoosting,combat,gse20194,meta_batch,None,None,0.629154
mutual_info_score,1,HistGradientBoosting,combat,gse20194,meta_batch,None,None,0.560633
mutual_info_score,2,HistGradientBoosting,combat,gse20194,meta_batch,None,None,0.629783
mutual_info_score,3,HistGradientBoosting,combat,gse20194,meta_batch,None,None,0.576967
mutual_info_score,4,HistGradientBoosting,combat,gse20194,meta_batch,None,None,0.45899
mutual_info_score,5,HistGradientBoosting,combat,gse20194,meta_batch,None,None,0.597957
mutual_info_score,6,HistGradientBoosting,combat,gse20194,meta_batch,None,None,0.564386
mutual_info_score,7,HistGradientBoosting,combat,gse20194,meta_batch,None,None,0.528343
mutual_info_score,8,HistGradientBoosting,combat,gse20194,meta_batch,None,None,0.548402
mutual_info_score,9,HistGradientBoosting,combat,gse20194,meta_batch,None,None,0.60485
accuracy_score,0,HistGradientBoosting,combat,gse20194,meta_batch,None,None,0.921053
accuracy_score,1,HistGradientBoosting,combat,gse20194,meta_batch,None,None,0.907895
accuracy_score,2,HistGradientBoosting,combat,gse20194,meta_batch,None,None,0.929825
accuracy_score,3,HistGradientBoosting,combat,gse20194,meta_batch,None,None,0.912281
accuracy_score,4,HistGradientBoosting,combat,gse20194,meta_batch,None,None,0.868421
accuracy_score,5,HistGradientBoosting,combat,gse20194,meta_batch,None,None,0.916667
accuracy_score,6,HistGradientBoosting,combat,gse20194,meta_batch,None,None,0.912281
accuracy_score,7,HistGradientBoosting,combat,gse20194,meta_batch,None,None,0.899123
accuracy_score,8,HistGradientBoosting,combat,gse20194,meta_batch,None,None,0.903509
accuracy_score,9,HistGradientBoosting,combat,gse20194,meta_batch,None,None,0.921053
roc_auc_score,0,RandomForest,combat_target,gse20194,meta_batch,None,None,0.812619
roc_auc_score,1,RandomForest,combat_target,gse20194,meta_batch,None,None,0.825367
roc_auc_score,2,RandomForest,combat_target,gse20194,meta_batch,None,None,0.857108
roc_auc_score,3,RandomForest,combat_target,gse20194,meta_batch,None,None,0.850692
roc_auc_score,4,RandomForest,combat_target,gse20194,meta_batch,None,None,0.842847
roc_auc_score,5,RandomForest,combat_target,gse20194,meta_batch,None,None,0.876601
roc_auc_score,6,RandomForest,combat_target,gse20194,meta_batch,None,None,0.870339
roc_auc_score,7,RandomForest,combat_target,gse20194,meta_batch,None,None,0.822778
roc_auc_score,8,RandomForest,combat_target,gse20194,meta_batch,None,None,0.840135
roc_auc_score,9,RandomForest,combat_target,gse20194,meta_batch,None,None,0.887837
mutual_info_score,0,RandomForest,combat_target,gse20194,meta_batch,None,None,0.1099
mutual_info_score,1,RandomForest,combat_target,gse20194,meta_batch,None,None,0.111147
mutual_info_score,2,RandomForest,combat_target,gse20194,meta_batch,None,None,0.1494
mutual_info_score,3,RandomForest,combat_target,gse20194,meta_batch,None,None,0.138175
mutual_info_score,4,RandomForest,combat_target,gse20194,meta_batch,None,None,0.213512
mutual_info_score,5,RandomForest,combat_target,gse20194,meta_batch,None,None,0.200572
mutual_info_score,6,RandomForest,combat_target,gse20194,meta_batch,None,None,0.187144
mutual_info_score,7,RandomForest,combat_target,gse20194,meta_batch,None,None,0.125726
mutual_info_score,8,RandomForest,combat_target,gse20194,meta_batch,None,None,0.213631
mutual_info_score,9,RandomForest,combat_target,gse20194,meta_batch,None,None,0.212812
accuracy_score,0,RandomForest,combat_target,gse20194,meta_batch,None,None,0.697368
accuracy_score,1,RandomForest,combat_target,gse20194,meta_batch,None,None,0.692982
accuracy_score,2,RandomForest,combat_target,gse20194,meta_batch,None,None,0.719298
accuracy_score,3,RandomForest,combat_target,gse20194,meta_batch,None,None,0.714912
accuracy_score,4,RandomForest,combat_target,gse20194,meta_batch,None,None,0.754386
accuracy_score,5,RandomForest,combat_target,gse20194,meta_batch,None,None,0.741228
accuracy_score,6,RandomForest,combat_target,gse20194,meta_batch,None,None,0.741228
accuracy_score,7,RandomForest,combat_target,gse20194,meta_batch,None,None,0.70614
accuracy_score,8,RandomForest,combat_target,gse20194,meta_batch,None,None,0.75
accuracy_score,9,RandomForest,combat_target,gse20194,meta_batch,None,None,0.745614
roc_auc_score,0,HistGradientBoosting,combat_target,gse20194,meta_batch,None,None,0.965133
roc_auc_score,1,HistGradientBoosting,combat_target,gse20194,meta_batch,None,None,0.974821
roc_auc_score,2,HistGradientBoosting,combat_target,gse20194,meta_batch,None,None,0.962613
roc_auc_score,3,HistGradientBoosting,combat_target,gse20194,meta_batch,None,None,0.969879
roc_auc_score,4,HistGradientBoosting,combat_target,gse20194,meta_batch,None,None,0.95162
roc_auc_score,5,HistGradientBoosting,combat_target,gse20194,meta_batch,None,None,0.978266
roc_auc_score,6,HistGradientBoosting,combat_target,gse20194,meta_batch,None,None,0.953323
roc_auc_score,7,HistGradientBoosting,combat_target,gse20194,meta_batch,None,None,0.968433
roc_auc_score,8,HistGradientBoosting,combat_target,gse20194,meta_batch,None,None,0.96922
roc_auc_score,9,HistGradientBoosting,combat_target,gse20194,meta_batch,None,None,0.965614
mutual_info_score,0,HistGradientBoosting,combat_target,gse20194,meta_batch,None,None,0.60369
mutual_info_score,1,HistGradientBoosting,combat_target,gse20194,meta_batch,None,None,0.517358
mutual_info_score,2,HistGradientBoosting,combat_target,gse20194,meta_batch,None,None,0.628835
mutual_info_score,3,HistGradientBoosting,combat_target,gse20194,meta_batch,None,None,0.663861
mutual_info_score,4,HistGradientBoosting,combat_target,gse20194,meta_batch,None,None,0.509364
mutual_info_score,5,HistGradientBoosting,combat_target,gse20194,meta_batch,None,None,0.65208
mutual_info_score,6,HistGradientBoosting,combat_target,gse20194,meta_batch,None,None,0.53283
mutual_info_score,7,HistGradientBoosting,combat_target,gse20194,meta_batch,None,None,0.581135
mutual_info_score,8,HistGradientBoosting,combat_target,gse20194,meta_batch,None,None,0.628063
mutual_info_score,9,HistGradientBoosting,combat_target,gse20194,meta_batch,None,None,0.602648
accuracy_score,0,HistGradientBoosting,combat_target,gse20194,meta_batch,None,None,0.921053
accuracy_score,1,HistGradientBoosting,combat_target,gse20194,meta_batch,None,None,0.899123
accuracy_score,2,HistGradientBoosting,combat_target,gse20194,meta_batch,None,None,0.916667
accuracy_score,3,HistGradientBoosting,combat_target,gse20194,meta_batch,None,None,0.938596
accuracy_score,4,HistGradientBoosting,combat_target,gse20194,meta_batch,None,None,0.890351
accuracy_score,5,HistGradientBoosting,combat_target,gse20194,meta_batch,None,None,0.934211
accuracy_score,6,HistGradientBoosting,combat_target,gse20194,meta_batch,None,None,0.899123
accuracy_score,7,HistGradientBoosting,combat_target,gse20194,meta_batch,None,None,0.916667
accuracy_score,8,HistGradientBoosting,combat_target,gse20194,meta_batch,None,None,0.921053
accuracy_score,9,HistGradientBoosting,combat_target,gse20194,meta_batch,None,None,0.916667
roc_auc_score,0,RandomForest,npn,gse20194,meta_batch,None,None,0.078837
roc_auc_score,1,RandomForest,npn,gse20194,meta_batch,None,None,0.085615
roc_auc_score,2,RandomForest,npn,gse20194,meta_batch,None,None,0.087318
roc_auc_score,3,RandomForest,npn,gse20194,meta_batch,None,None,0.092482
roc_auc_score,4,RandomForest,npn,gse20194,meta_batch,None,None,0.054645
roc_auc_score,5,RandomForest,npn,gse20194,meta_batch,None,None,0.094687
roc_auc_score,6,RandomForest,npn,gse20194,meta_batch,None,None,0.08716
roc_auc_score,7,RandomForest,npn,gse20194,meta_batch,None,None,0.050811
roc_auc_score,8,RandomForest,npn,gse20194,meta_batch,None,None,0.067661
roc_auc_score,9,RandomForest,npn,gse20194,meta_batch,None,None,0.064688
mutual_info_score,0,RandomForest,npn,gse20194,meta_batch,None,None,0.218003
mutual_info_score,1,RandomForest,npn,gse20194,meta_batch,None,None,0.249832
mutual_info_score,2,RandomForest,npn,gse20194,meta_batch,None,None,0.226334
mutual_info_score,3,RandomForest,npn,gse20194,meta_batch,None,None,0.141065
mutual_info_score,4,RandomForest,npn,gse20194,meta_batch,None,None,0.249403
mutual_info_score,5,RandomForest,npn,gse20194,meta_batch,None,None,0.205978
mutual_info_score,6,RandomForest,npn,gse20194,meta_batch,None,None,0.161328
mutual_info_score,7,RandomForest,npn,gse20194,meta_batch,None,None,0.267873
mutual_info_score,8,RandomForest,npn,gse20194,meta_batch,None,None,0.209992
mutual_info_score,9,RandomForest,npn,gse20194,meta_batch,None,None,0.183087
accuracy_score,0,RandomForest,npn,gse20194,meta_batch,None,None,0.324561
accuracy_score,1,RandomForest,npn,gse20194,meta_batch,None,None,0.29386
accuracy_score,2,RandomForest,npn,gse20194,meta_batch,None,None,0.289474
accuracy_score,3,RandomForest,npn,gse20194,meta_batch,None,None,0.372807
accuracy_score,4,RandomForest,npn,gse20194,meta_batch,None,None,0.320175
accuracy_score,5,RandomForest,npn,gse20194,meta_batch,None,None,0.342105
accuracy_score,6,RandomForest,npn,gse20194,meta_batch,None,None,0.359649
accuracy_score,7,RandomForest,npn,gse20194,meta_batch,None,None,0.285088
accuracy_score,8,RandomForest,npn,gse20194,meta_batch,None,None,0.337719
accuracy_score,9,RandomForest,npn,gse20194,meta_batch,None,None,0.346491
roc_auc_score,0,HistGradientBoosting,npn,gse20194,meta_batch,None,None,0.806726
roc_auc_score,1,HistGradientBoosting,npn,gse20194,meta_batch,None,None,0.798116
roc_auc_score,2,HistGradientBoosting,npn,gse20194,meta_batch,None,None,0.830841
roc_auc_score,3,HistGradientBoosting,npn,gse20194,meta_batch,None,None,0.784056
roc_auc_score,4,HistGradientBoosting,npn,gse20194,meta_batch,None,None,0.80326
roc_auc_score,5,HistGradientBoosting,npn,gse20194,meta_batch,None,None,0.828863
roc_auc_score,6,HistGradientBoosting,npn,gse20194,meta_batch,None,None,0.854145
roc_auc_score,7,HistGradientBoosting,npn,gse20194,meta_batch,None,None,0.793851
roc_auc_score,8,HistGradientBoosting,npn,gse20194,meta_batch,None,None,0.804141
roc_auc_score,9,HistGradientBoosting,npn,gse20194,meta_batch,None,None,0.807365
mutual_info_score,0,HistGradientBoosting,npn,gse20194,meta_batch,None,None,0.282953
mutual_info_score,1,HistGradientBoosting,npn,gse20194,meta_batch,None,None,0.389559
mutual_info_score,2,HistGradientBoosting,npn,gse20194,meta_batch,None,None,0.357933
mutual_info_score,3,HistGradientBoosting,npn,gse20194,meta_batch,None,None,0.29691
mutual_info_score,4,HistGradientBoosting,npn,gse20194,meta_batch,None,None,0.342254
mutual_info_score,5,HistGradientBoosting,npn,gse20194,meta_batch,None,None,0.370402
mutual_info_score,6,HistGradientBoosting,npn,gse20194,meta_batch,None,None,0.400167
mutual_info_score,7,HistGradientBoosting,npn,gse20194,meta_batch,None,None,0.290274
mutual_info_score,8,HistGradientBoosting,npn,gse20194,meta_batch,None,None,0.390633
mutual_info_score,9,HistGradientBoosting,npn,gse20194,meta_batch,None,None,0.292633
accuracy_score,0,HistGradientBoosting,npn,gse20194,meta_batch,None,None,0.807018
accuracy_score,1,HistGradientBoosting,npn,gse20194,meta_batch,None,None,0.846491
accuracy_score,2,HistGradientBoosting,npn,gse20194,meta_batch,None,None,0.833333
accuracy_score,3,HistGradientBoosting,npn,gse20194,meta_batch,None,None,0.811404
accuracy_score,4,HistGradientBoosting,npn,gse20194,meta_batch,None,None,0.828947
accuracy_score,5,HistGradientBoosting,npn,gse20194,meta_batch,None,None,0.842105
accuracy_score,6,HistGradientBoosting,npn,gse20194,meta_batch,None,None,0.850877
accuracy_score,7,HistGradientBoosting,npn,gse20194,meta_batch,None,None,0.811404
accuracy_score,8,HistGradientBoosting,npn,gse20194,meta_batch,None,None,0.850877
accuracy_score,9,HistGradientBoosting,npn,gse20194,meta_batch,None,None,0.802632
roc_auc_score,0,RandomForest,limma,gse20194,meta_batch,None,None,0.999295
roc_auc_score,1,RandomForest,limma,gse20194,meta_batch,None,None,0.999648
roc_auc_score,2,RandomForest,limma,gse20194,meta_batch,None,None,1.0
roc_auc_score,3,RandomForest,limma,gse20194,meta_batch,None,None,0.999882
roc_auc_score,4,RandomForest,limma,gse20194,meta_batch,None,None,0.999413
roc_auc_score,5,RandomForest,limma,gse20194,meta_batch,None,None,1.0
roc_auc_score,6,RandomForest,limma,gse20194,meta_batch,None,None,0.999883
roc_auc_score,7,RandomForest,limma,gse20194,meta_batch,None,None,0.999883
roc_auc_score,8,RandomForest,limma,gse20194,meta_batch,None,None,1.0
roc_auc_score,9,RandomForest,limma,gse20194,meta_batch,None,None,1.0
mutual_info_score,0,RandomForest,limma,gse20194,meta_batch,None,None,0.847011
mutual_info_score,1,RandomForest,limma,gse20194,meta_batch,None,None,0.816952
mutual_info_score,2,RandomForest,limma,gse20194,meta_batch,None,None,0.92523
mutual_info_score,3,RandomForest,limma,gse20194,meta_batch,None,None,0.915035
mutual_info_score,4,RandomForest,limma,gse20194,meta_batch,None,None,0.801482
mutual_info_score,5,RandomForest,limma,gse20194,meta_batch,None,None,0.881802
mutual_info_score,6,RandomForest,limma,gse20194,meta_batch,None,None,0.793089
mutual_info_score,7,RandomForest,limma,gse20194,meta_batch,None,None,0.847296
mutual_info_score,8,RandomForest,limma,gse20194,meta_batch,None,None,0.95543
mutual_info_score,9,RandomForest,limma,gse20194,meta_batch,None,None,0.933858
accuracy_score,0,RandomForest,limma,gse20194,meta_batch,None,None,0.973684
accuracy_score,1,RandomForest,limma,gse20194,meta_batch,None,None,0.969298
accuracy_score,2,RandomForest,limma,gse20194,meta_batch,None,None,0.991228
accuracy_score,3,RandomForest,limma,gse20194,meta_batch,None,None,0.986842
accuracy_score,4,RandomForest,limma,gse20194,meta_batch,None,None,0.964912
accuracy_score,5,RandomForest,limma,gse20194,meta_batch,None,None,0.982456
accuracy_score,6,RandomForest,limma,gse20194,meta_batch,None,None,0.964912
accuracy_score,7,RandomForest,limma,gse20194,meta_batch,None,None,0.973684
accuracy_score,8,RandomForest,limma,gse20194,meta_batch,None,None,0.995614
accuracy_score,9,RandomForest,limma,gse20194,meta_batch,None,None,0.991228
roc_auc_score,0,HistGradientBoosting,limma,gse20194,meta_batch,None,None,0.998119
roc_auc_score,1,HistGradientBoosting,limma,gse20194,meta_batch,None,None,0.996229
roc_auc_score,2,HistGradientBoosting,limma,gse20194,meta_batch,None,None,0.997886
roc_auc_score,3,HistGradientBoosting,limma,gse20194,meta_batch,None,None,0.995513
roc_auc_score,4,HistGradientBoosting,limma,gse20194,meta_batch,None,None,0.996218
roc_auc_score,5,HistGradientBoosting,limma,gse20194,meta_batch,None,None,1.0
roc_auc_score,6,HistGradientBoosting,limma,gse20194,meta_batch,None,None,0.998121
roc_auc_score,7,HistGradientBoosting,limma,gse20194,meta_batch,None,None,0.999765
roc_auc_score,8,HistGradientBoosting,limma,gse20194,meta_batch,None,None,0.994597
roc_auc_score,9,HistGradientBoosting,limma,gse20194,meta_batch,None,None,0.997414
mutual_info_score,0,HistGradientBoosting,limma,gse20194,meta_batch,None,None,0.879242
mutual_info_score,1,HistGradientBoosting,limma,gse20194,meta_batch,None,None,0.876956
mutual_info_score,2,HistGradientBoosting,limma,gse20194,meta_batch,None,None,0.80235
mutual_info_score,3,HistGradientBoosting,limma,gse20194,meta_batch,None,None,0.761718
mutual_info_score,4,HistGradientBoosting,limma,gse20194,meta_batch,None,None,0.850555
mutual_info_score,5,HistGradientBoosting,limma,gse20194,meta_batch,None,None,0.898528
mutual_info_score,6,HistGradientBoosting,limma,gse20194,meta_batch,None,None,0.906922
mutual_info_score,7,HistGradientBoosting,limma,gse20194,meta_batch,None,None,0.879092
mutual_info_score,8,HistGradientBoosting,limma,gse20194,meta_batch,None,None,0.734622
mutual_info_score,9,HistGradientBoosting,limma,gse20194,meta_batch,None,None,0.748197
accuracy_score,0,HistGradientBoosting,limma,gse20194,meta_batch,None,None,0.982456
accuracy_score,1,HistGradientBoosting,limma,gse20194,meta_batch,None,None,0.982456
accuracy_score,2,HistGradientBoosting,limma,gse20194,meta_batch,None,None,0.969298
accuracy_score,3,HistGradientBoosting,limma,gse20194,meta_batch,None,None,0.960526
accuracy_score,4,HistGradientBoosting,limma,gse20194,meta_batch,None,None,0.969298
accuracy_score,5,HistGradientBoosting,limma,gse20194,meta_batch,None,None,0.986842
accuracy_score,6,HistGradientBoosting,limma,gse20194,meta_batch,None,None,0.986842
accuracy_score,7,HistGradientBoosting,limma,gse20194,meta_batch,None,None,0.982456
accuracy_score,8,HistGradientBoosting,limma,gse20194,meta_batch,None,None,0.942982
accuracy_score,9,HistGradientBoosting,limma,gse20194,meta_batch,None,None,0.95614
roc_auc_score,0,RandomForest,limma_target,gse20194,meta_batch,None,None,1.0
roc_auc_score,1,RandomForest,limma_target,gse20194,meta_batch,None,None,0.999765
roc_auc_score,2,RandomForest,limma_target,gse20194,meta_batch,None,None,0.999763
roc_auc_score,3,RandomForest,limma_target,gse20194,meta_batch,None,None,0.999763
roc_auc_score,4,RandomForest,limma_target,gse20194,meta_batch,None,None,0.999056
roc_auc_score,5,RandomForest,limma_target,gse20194,meta_batch,None,None,0.999883
roc_auc_score,6,RandomForest,limma_target,gse20194,meta_batch,None,None,0.999883
roc_auc_score,7,RandomForest,limma_target,gse20194,meta_batch,None,None,1.0
roc_auc_score,8,RandomForest,limma_target,gse20194,meta_batch,None,None,1.0
roc_auc_score,9,RandomForest,limma_target,gse20194,meta_batch,None,None,1.0
mutual_info_score,0,RandomForest,limma_target,gse20194,meta_batch,None,None,0.915457
mutual_info_score,1,RandomForest,limma_target,gse20194,meta_batch,None,None,0.838175
mutual_info_score,2,RandomForest,limma_target,gse20194,meta_batch,None,None,0.894886
mutual_info_score,3,RandomForest,limma_target,gse20194,meta_batch,None,None,0.933574
mutual_info_score,4,RandomForest,limma_target,gse20194,meta_batch,None,None,0.884835
mutual_info_score,5,RandomForest,limma_target,gse20194,meta_batch,None,None,0.925086
mutual_info_score,6,RandomForest,limma_target,gse20194,meta_batch,None,None,0.844861
mutual_info_score,7,RandomForest,limma_target,gse20194,meta_batch,None,None,0.863685
mutual_info_score,8,RandomForest,limma_target,gse20194,meta_batch,None,None,0.8332
mutual_info_score,9,RandomForest,limma_target,gse20194,meta_batch,None,None,0.8634
accuracy_score,0,RandomForest,limma_target,gse20194,meta_batch,None,None,0.986842
accuracy_score,1,RandomForest,limma_target,gse20194,meta_batch,None,None,0.973684
accuracy_score,2,RandomForest,limma_target,gse20194,meta_batch,None,None,0.986842
accuracy_score,3,RandomForest,limma_target,gse20194,meta_batch,None,None,0.991228
accuracy_score,4,RandomForest,limma_target,gse20194,meta_batch,None,None,0.982456
accuracy_score,5,RandomForest,limma_target,gse20194,meta_batch,None,None,0.991228
accuracy_score,6,RandomForest,limma_target,gse20194,meta_batch,None,None,0.973684
accuracy_score,7,RandomForest,limma_target,gse20194,meta_batch,None,None,0.97807
accuracy_score,8,RandomForest,limma_target,gse20194,meta_batch,None,None,0.973684
accuracy_score,9,RandomForest,limma_target,gse20194,meta_batch,None,None,0.97807
roc_auc_score,0,HistGradientBoosting,limma_target,gse20194,meta_batch,None,None,0.996232
roc_auc_score,1,HistGradientBoosting,limma_target,gse20194,meta_batch,None,None,0.999295
roc_auc_score,2,HistGradientBoosting,limma_target,gse20194,meta_batch,None,None,0.997179
roc_auc_score,3,HistGradientBoosting,limma_target,gse20194,meta_batch,None,None,0.994575
roc_auc_score,4,HistGradientBoosting,limma_target,gse20194,meta_batch,None,None,0.997886
roc_auc_score,5,HistGradientBoosting,limma_target,gse20194,meta_batch,None,None,0.998121
roc_auc_score,6,HistGradientBoosting,limma_target,gse20194,meta_batch,None,None,0.998356
roc_auc_score,7,HistGradientBoosting,limma_target,gse20194,meta_batch,None,None,0.997886
roc_auc_score,8,HistGradientBoosting,limma_target,gse20194,meta_batch,None,None,0.996711
roc_auc_score,9,HistGradientBoosting,limma_target,gse20194,meta_batch,None,None,0.998121
mutual_info_score,0,HistGradientBoosting,limma_target,gse20194,meta_batch,None,None,0.81904
mutual_info_score,1,HistGradientBoosting,limma_target,gse20194,meta_batch,None,None,0.898528
mutual_info_score,2,HistGradientBoosting,limma_target,gse20194,meta_batch,None,None,0.812297
mutual_info_score,3,HistGradientBoosting,limma_target,gse20194,meta_batch,None,None,0.84776
mutual_info_score,4,HistGradientBoosting,limma_target,gse20194,meta_batch,None,None,0.801059
mutual_info_score,5,HistGradientBoosting,limma_target,gse20194,meta_batch,None,None,0.828151
mutual_info_score,6,HistGradientBoosting,limma_target,gse20194,meta_batch,None,None,0.878567
mutual_info_score,7,HistGradientBoosting,limma_target,gse20194,meta_batch,None,None,0.905434
mutual_info_score,8,HistGradientBoosting,limma_target,gse20194,meta_batch,None,None,0.807739
mutual_info_score,9,HistGradientBoosting,limma_target,gse20194,meta_batch,None,None,0.782725
accuracy_score,0,HistGradientBoosting,limma_target,gse20194,meta_batch,None,None,0.973684
accuracy_score,1,HistGradientBoosting,limma_target,gse20194,meta_batch,None,None,0.986842
accuracy_score,2,HistGradientBoosting,limma_target,gse20194,meta_batch,None,None,0.969298
accuracy_score,3,HistGradientBoosting,limma_target,gse20194,meta_batch,None,None,0.973684
accuracy_score,4,HistGradientBoosting,limma_target,gse20194,meta_batch,None,None,0.969298
accuracy_score,5,HistGradientBoosting,limma_target,gse20194,meta_batch,None,None,0.973684
accuracy_score,6,HistGradientBoosting,limma_target,gse20194,meta_batch,None,None,0.982456
accuracy_score,7,HistGradientBoosting,limma_target,gse20194,meta_batch,None,None,0.982456
accuracy_score,8,HistGradientBoosting,limma_target,gse20194,meta_batch,None,None,0.964912
accuracy_score,9,HistGradientBoosting,limma_target,gse20194,meta_batch,None,None,0.964912
roc_auc_score,0,RandomForest,unadjusted,gse20194,meta_batch,None,None,0.98085
roc_auc_score,1,RandomForest,unadjusted,gse20194,meta_batch,None,None,0.982852
roc_auc_score,2,RandomForest,unadjusted,gse20194,meta_batch,None,None,0.98566
roc_auc_score,3,RandomForest,unadjusted,gse20194,meta_batch,None,None,0.984325
roc_auc_score,4,RandomForest,unadjusted,gse20194,meta_batch,None,None,0.981176
roc_auc_score,5,RandomForest,unadjusted,gse20194,meta_batch,None,None,0.984574
roc_auc_score,6,RandomForest,unadjusted,gse20194,meta_batch,None,None,0.985461
roc_auc_score,7,RandomForest,unadjusted,gse20194,meta_batch,None,None,0.979488
roc_auc_score,8,RandomForest,unadjusted,gse20194,meta_batch,None,None,0.984699
roc_auc_score,9,RandomForest,unadjusted,gse20194,meta_batch,None,None,0.98788
mutual_info_score,0,RandomForest,unadjusted,gse20194,meta_batch,None,None,0.63707
mutual_info_score,1,RandomForest,unadjusted,gse20194,meta_batch,None,None,0.724027
mutual_info_score,2,RandomForest,unadjusted,gse20194,meta_batch,None,None,0.760656
mutual_info_score,3,RandomForest,unadjusted,gse20194,meta_batch,None,None,0.62279
mutual_info_score,4,RandomForest,unadjusted,gse20194,meta_batch,None,None,0.666978
mutual_info_score,5,RandomForest,unadjusted,gse20194,meta_batch,None,None,0.719152
mutual_info_score,6,RandomForest,unadjusted,gse20194,meta_batch,None,None,0.647709
mutual_info_score,7,RandomForest,unadjusted,gse20194,meta_batch,None,None,0.66463
mutual_info_score,8,RandomForest,unadjusted,gse20194,meta_batch,None,None,0.677806
mutual_info_score,9,RandomForest,unadjusted,gse20194,meta_batch,None,None,0.707538
accuracy_score,0,RandomForest,unadjusted,gse20194,meta_batch,None,None,0.929825
accuracy_score,1,RandomForest,unadjusted,gse20194,meta_batch,None,None,0.951754
accuracy_score,2,RandomForest,unadjusted,gse20194,meta_batch,None,None,0.960526
accuracy_score,3,RandomForest,unadjusted,gse20194,meta_batch,None,None,0.925439
accuracy_score,4,RandomForest,unadjusted,gse20194,meta_batch,None,None,0.938596
accuracy_score,5,RandomForest,unadjusted,gse20194,meta_batch,None,None,0.951754
accuracy_score,6,RandomForest,unadjusted,gse20194,meta_batch,None,None,0.929825
accuracy_score,7,RandomForest,unadjusted,gse20194,meta_batch,None,None,0.934211
accuracy_score,8,RandomForest,unadjusted,gse20194,meta_batch,None,None,0.942982
accuracy_score,9,RandomForest,unadjusted,gse20194,meta_batch,None,None,0.947368
roc_auc_score,0,HistGradientBoosting,unadjusted,gse20194,meta_batch,None,None,0.981905
roc_auc_score,1,HistGradientBoosting,unadjusted,gse20194,meta_batch,None,None,0.982615
roc_auc_score,2,HistGradientBoosting,unadjusted,gse20194,meta_batch,None,None,0.98448
roc_auc_score,3,HistGradientBoosting,unadjusted,gse20194,meta_batch,None,None,0.984661
roc_auc_score,4,HistGradientBoosting,unadjusted,gse20194,meta_batch,None,None,0.982824
roc_auc_score,5,HistGradientBoosting,unadjusted,gse20194,meta_batch,None,None,0.986117
roc_auc_score,6,HistGradientBoosting,unadjusted,gse20194,meta_batch,None,None,0.98113
roc_auc_score,7,HistGradientBoosting,unadjusted,gse20194,meta_batch,None,None,0.980479
roc_auc_score,8,HistGradientBoosting,unadjusted,gse20194,meta_batch,None,None,0.98093
roc_auc_score,9,HistGradientBoosting,unadjusted,gse20194,meta_batch,None,None,0.98191
mutual_info_score,0,HistGradientBoosting,unadjusted,gse20194,meta_batch,None,None,0.623379
mutual_info_score,1,HistGradientBoosting,unadjusted,gse20194,meta_batch,None,None,0.701027
mutual_info_score,2,HistGradientBoosting,unadjusted,gse20194,meta_batch,None,None,0.759009
mutual_info_score,3,HistGradientBoosting,unadjusted,gse20194,meta_batch,None,None,0.712446
mutual_info_score,4,HistGradientBoosting,unadjusted,gse20194,meta_batch,None,None,0.664557
mutual_info_score,5,HistGradientBoosting,unadjusted,gse20194,meta_batch,None,None,0.701096
mutual_info_score,6,HistGradientBoosting,unadjusted,gse20194,meta_batch,None,None,0.613522
mutual_info_score,7,HistGradientBoosting,unadjusted,gse20194,meta_batch,None,None,0.63196
mutual_info_score,8,HistGradientBoosting,unadjusted,gse20194,meta_batch,None,None,0.645946
mutual_info_score,9,HistGradientBoosting,unadjusted,gse20194,meta_batch,None,None,0.702232
accuracy_score,0,HistGradientBoosting,unadjusted,gse20194,meta_batch,None,None,0.921053
accuracy_score,1,HistGradientBoosting,unadjusted,gse20194,meta_batch,None,None,0.947368
accuracy_score,2,HistGradientBoosting,unadjusted,gse20194,meta_batch,None,None,0.960526
accuracy_score,3,HistGradientBoosting,unadjusted,gse20194,meta_batch,None,None,0.951754
accuracy_score,4,HistGradientBoosting,unadjusted,gse20194,meta_batch,None,None,0.938596
accuracy_score,5,HistGradientBoosting,unadjusted,gse20194,meta_batch,None,None,0.947368
accuracy_score,6,HistGradientBoosting,unadjusted,gse20194,meta_batch,None,None,0.925439
accuracy_score,7,HistGradientBoosting,unadjusted,gse20194,meta_batch,None,None,0.929825
accuracy_score,8,HistGradientBoosting,unadjusted,gse20194,meta_batch,None,None,0.925439
accuracy_score,9,HistGradientBoosting,unadjusted,gse20194,meta_batch,None,None,0.942982
roc_auc_score,0,RandomForest,tampor,gse20194,meta_batch,None,None,0.9902
roc_auc_score,1,RandomForest,tampor,gse20194,meta_batch,None,None,0.990929
roc_auc_score,2,RandomForest,tampor,gse20194,meta_batch,None,None,0.985197
roc_auc_score,3,RandomForest,tampor,gse20194,meta_batch,None,None,0.992325
roc_auc_score,4,RandomForest,tampor,gse20194,meta_batch,None,None,0.984521
roc_auc_score,5,RandomForest,tampor,gse20194,meta_batch,None,None,0.994456
roc_auc_score,6,RandomForest,tampor,gse20194,meta_batch,None,None,0.992712
roc_auc_score,7,RandomForest,tampor,gse20194,meta_batch,None,None,0.98471
roc_auc_score,8,RandomForest,tampor,gse20194,meta_batch,None,None,0.992701
roc_auc_score,9,RandomForest,tampor,gse20194,meta_batch,None,None,0.991415
mutual_info_score,0,RandomForest,tampor,gse20194,meta_batch,None,None,0.761969
mutual_info_score,1,RandomForest,tampor,gse20194,meta_batch,None,None,0.702552
mutual_info_score,2,RandomForest,tampor,gse20194,meta_batch,None,None,0.653921
mutual_info_score,3,RandomForest,tampor,gse20194,meta_batch,None,None,0.656546
mutual_info_score,4,RandomForest,tampor,gse20194,meta_batch,None,None,0.70525
mutual_info_score,5,RandomForest,tampor,gse20194,meta_batch,None,None,0.714713
mutual_info_score,6,RandomForest,tampor,gse20194,meta_batch,None,None,0.723206
mutual_info_score,7,RandomForest,tampor,gse20194,meta_batch,None,None,0.67453
mutual_info_score,8,RandomForest,tampor,gse20194,meta_batch,None,None,0.608507
mutual_info_score,9,RandomForest,tampor,gse20194,meta_batch,None,None,0.723415
accuracy_score,0,RandomForest,tampor,gse20194,meta_batch,None,None,0.960526
accuracy_score,1,RandomForest,tampor,gse20194,meta_batch,None,None,0.947368
accuracy_score,2,RandomForest,tampor,gse20194,meta_batch,None,None,0.929825
accuracy_score,3,RandomForest,tampor,gse20194,meta_batch,None,None,0.934211
accuracy_score,4,RandomForest,tampor,gse20194,meta_batch,None,None,0.947368
accuracy_score,5,RandomForest,tampor,gse20194,meta_batch,None,None,0.938596
accuracy_score,6,RandomForest,tampor,gse20194,meta_batch,None,None,0.942982
accuracy_score,7,RandomForest,tampor,gse20194,meta_batch,None,None,0.925439
accuracy_score,8,RandomForest,tampor,gse20194,meta_batch,None,None,0.921053
accuracy_score,9,RandomForest,tampor,gse20194,meta_batch,None,None,0.947368
roc_auc_score,0,HistGradientBoosting,tampor,gse20194,meta_batch,None,None,0.984432
roc_auc_score,1,HistGradientBoosting,tampor,gse20194,meta_batch,None,None,0.991534
roc_auc_score,2,HistGradientBoosting,tampor,gse20194,meta_batch,None,None,0.970104
roc_auc_score,3,HistGradientBoosting,tampor,gse20194,meta_batch,None,None,0.992004
roc_auc_score,4,HistGradientBoosting,tampor,gse20194,meta_batch,None,None,0.945105
roc_auc_score,5,HistGradientBoosting,tampor,gse20194,meta_batch,None,None,0.978346
roc_auc_score,6,HistGradientBoosting,tampor,gse20194,meta_batch,None,None,0.985669
roc_auc_score,7,HistGradientBoosting,tampor,gse20194,meta_batch,None,None,0.97076
roc_auc_score,8,HistGradientBoosting,tampor,gse20194,meta_batch,None,None,0.96164
roc_auc_score,9,HistGradientBoosting,tampor,gse20194,meta_batch,None,None,0.976208
mutual_info_score,0,HistGradientBoosting,tampor,gse20194,meta_batch,None,None,0.636081
mutual_info_score,1,HistGradientBoosting,tampor,gse20194,meta_batch,None,None,0.724528
mutual_info_score,2,HistGradientBoosting,tampor,gse20194,meta_batch,None,None,0.644905
mutual_info_score,3,HistGradientBoosting,tampor,gse20194,meta_batch,None,None,0.770914
mutual_info_score,4,HistGradientBoosting,tampor,gse20194,meta_batch,None,None,0.487737
mutual_info_score,5,HistGradientBoosting,tampor,gse20194,meta_batch,None,None,0.542185
mutual_info_score,6,HistGradientBoosting,tampor,gse20194,meta_batch,None,None,0.766349
mutual_info_score,7,HistGradientBoosting,tampor,gse20194,meta_batch,None,None,0.546267
mutual_info_score,8,HistGradientBoosting,tampor,gse20194,meta_batch,None,None,0.42254
mutual_info_score,9,HistGradientBoosting,tampor,gse20194,meta_batch,None,None,0.597243
accuracy_score,0,HistGradientBoosting,tampor,gse20194,meta_batch,None,None,0.929825
accuracy_score,1,HistGradientBoosting,tampor,gse20194,meta_batch,None,None,0.947368
accuracy_score,2,HistGradientBoosting,tampor,gse20194,meta_batch,None,None,0.929825
accuracy_score,3,HistGradientBoosting,tampor,gse20194,meta_batch,None,None,0.960526
accuracy_score,4,HistGradientBoosting,tampor,gse20194,meta_batch,None,None,0.885965
accuracy_score,5,HistGradientBoosting,tampor,gse20194,meta_batch,None,None,0.894737
accuracy_score,6,HistGradientBoosting,tampor,gse20194,meta_batch,None,None,0.95614
accuracy_score,7,HistGradientBoosting,tampor,gse20194,meta_batch,None,None,0.903509
accuracy_score,8,HistGradientBoosting,tampor,gse20194,meta_batch,None,None,0.864035
accuracy_score,9,HistGradientBoosting,tampor,gse20194,meta_batch,None,None,0.921053
roc_auc_score,0,RandomForest,quantile,gse20194,meta_batch,None,None,0.409614
roc_auc_score,1,RandomForest,quantile,gse20194,meta_batch,None,None,0.434824
roc_auc_score,2,RandomForest,quantile,gse20194,meta_batch,None,None,0.504659
roc_auc_score,3,RandomForest,quantile,gse20194,meta_batch,None,None,0.486597
roc_auc_score,4,RandomForest,quantile,gse20194,meta_batch,None,None,0.435329
roc_auc_score,5,RandomForest,quantile,gse20194,meta_batch,None,None,0.482727
roc_auc_score,6,RandomForest,quantile,gse20194,meta_batch,None,None,0.481089
roc_auc_score,7,RandomForest,quantile,gse20194,meta_batch,None,None,0.424402
roc_auc_score,8,RandomForest,quantile,gse20194,meta_batch,None,None,0.469097
roc_auc_score,9,RandomForest,quantile,gse20194,meta_batch,None,None,0.476693
mutual_info_score,0,RandomForest,quantile,gse20194,meta_batch,None,None,0.015611
mutual_info_score,1,RandomForest,quantile,gse20194,meta_batch,None,None,0.011212
mutual_info_score,2,RandomForest,quantile,gse20194,meta_batch,None,None,0.009007
mutual_info_score,3,RandomForest,quantile,gse20194,meta_batch,None,None,0.010666
mutual_info_score,4,RandomForest,quantile,gse20194,meta_batch,None,None,0.003213
mutual_info_score,5,RandomForest,quantile,gse20194,meta_batch,None,None,0.003882
mutual_info_score,6,RandomForest,quantile,gse20194,meta_batch,None,None,0.00783
mutual_info_score,7,RandomForest,quantile,gse20194,meta_batch,None,None,0.007312
mutual_info_score,8,RandomForest,quantile,gse20194,meta_batch,None,None,0.006899
mutual_info_score,9,RandomForest,quantile,gse20194,meta_batch,None,None,0.014268
accuracy_score,0,RandomForest,quantile,gse20194,meta_batch,None,None,0.47807
accuracy_score,1,RandomForest,quantile,gse20194,meta_batch,None,None,0.482456
accuracy_score,2,RandomForest,quantile,gse20194,meta_batch,None,None,0.530702
accuracy_score,3,RandomForest,quantile,gse20194,meta_batch,None,None,0.530702
accuracy_score,4,RandomForest,quantile,gse20194,meta_batch,None,None,0.530702
accuracy_score,5,RandomForest,quantile,gse20194,meta_batch,None,None,0.54386
accuracy_score,6,RandomForest,quantile,gse20194,meta_batch,None,None,0.5
accuracy_score,7,RandomForest,quantile,gse20194,meta_batch,None,None,0.495614
accuracy_score,8,RandomForest,quantile,gse20194,meta_batch,None,None,0.52193
accuracy_score,9,RandomForest,quantile,gse20194,meta_batch,None,None,0.539474
roc_auc_score,0,HistGradientBoosting,quantile,gse20194,meta_batch,None,None,0.805627
roc_auc_score,1,HistGradientBoosting,quantile,gse20194,meta_batch,None,None,0.802282
roc_auc_score,2,HistGradientBoosting,quantile,gse20194,meta_batch,None,None,0.815526
roc_auc_score,3,HistGradientBoosting,quantile,gse20194,meta_batch,None,None,0.813249
roc_auc_score,4,HistGradientBoosting,quantile,gse20194,meta_batch,None,None,0.827976
roc_auc_score,5,HistGradientBoosting,quantile,gse20194,meta_batch,None,None,0.850838
roc_auc_score,6,HistGradientBoosting,quantile,gse20194,meta_batch,None,None,0.844559
roc_auc_score,7,HistGradientBoosting,quantile,gse20194,meta_batch,None,None,0.838092
roc_auc_score,8,HistGradientBoosting,quantile,gse20194,meta_batch,None,None,0.840364
roc_auc_score,9,HistGradientBoosting,quantile,gse20194,meta_batch,None,None,0.827595
mutual_info_score,0,HistGradientBoosting,quantile,gse20194,meta_batch,None,None,0.340215
mutual_info_score,1,HistGradientBoosting,quantile,gse20194,meta_batch,None,None,0.356497
mutual_info_score,2,HistGradientBoosting,quantile,gse20194,meta_batch,None,None,0.38092
mutual_info_score,3,HistGradientBoosting,quantile,gse20194,meta_batch,None,None,0.346459
mutual_info_score,4,HistGradientBoosting,quantile,gse20194,meta_batch,None,None,0.386437
mutual_info_score,5,HistGradientBoosting,quantile,gse20194,meta_batch,None,None,0.410312
mutual_info_score,6,HistGradientBoosting,quantile,gse20194,meta_batch,None,None,0.428165
mutual_info_score,7,HistGradientBoosting,quantile,gse20194,meta_batch,None,None,0.437325
mutual_info_score,8,HistGradientBoosting,quantile,gse20194,meta_batch,None,None,0.510189
mutual_info_score,9,HistGradientBoosting,quantile,gse20194,meta_batch,None,None,0.319946
accuracy_score,0,HistGradientBoosting,quantile,gse20194,meta_batch,None,None,0.828947
accuracy_score,1,HistGradientBoosting,quantile,gse20194,meta_batch,None,None,0.837719
accuracy_score,2,HistGradientBoosting,quantile,gse20194,meta_batch,None,None,0.842105
accuracy_score,3,HistGradientBoosting,quantile,gse20194,meta_batch,None,None,0.833333
accuracy_score,4,HistGradientBoosting,quantile,gse20194,meta_batch,None,None,0.842105
accuracy_score,5,HistGradientBoosting,quantile,gse20194,meta_batch,None,None,0.855263
accuracy_score,6,HistGradientBoosting,quantile,gse20194,meta_batch,None,None,0.859649
accuracy_score,7,HistGradientBoosting,quantile,gse20194,meta_batch,None,None,0.859649
accuracy_score,8,HistGradientBoosting,quantile,gse20194,meta_batch,None,None,0.881579
accuracy_score,9,HistGradientBoosting,quantile,gse20194,meta_batch,None,None,0.815789
roc_auc_score,0,RandomForest,autoclass,gse20194,meta_batch,None,None,0.807438
roc_auc_score,1,RandomForest,autoclass,gse20194,meta_batch,None,None,0.799276
roc_auc_score,2,RandomForest,autoclass,gse20194,meta_batch,None,None,0.781076
roc_auc_score,3,RandomForest,autoclass,gse20194,meta_batch,None,None,0.810897
roc_auc_score,4,RandomForest,autoclass,gse20194,meta_batch,None,None,0.805757
roc_auc_score,5,RandomForest,autoclass,gse20194,meta_batch,None,None,0.784545
roc_auc_score,6,RandomForest,autoclass,gse20194,meta_batch,None,None,0.802803
roc_auc_score,7,RandomForest,autoclass,gse20194,meta_batch,None,None,0.769528
roc_auc_score,8,RandomForest,autoclass,gse20194,meta_batch,None,None,0.77137
roc_auc_score,9,RandomForest,autoclass,gse20194,meta_batch,None,None,0.817461
mutual_info_score,0,RandomForest,autoclass,gse20194,meta_batch,None,None,0.139261
mutual_info_score,1,RandomForest,autoclass,gse20194,meta_batch,None,None,0.157997
mutual_info_score,2,RandomForest,autoclass,gse20194,meta_batch,None,None,0.075827
mutual_info_score,3,RandomForest,autoclass,gse20194,meta_batch,None,None,0.133775
mutual_info_score,4,RandomForest,autoclass,gse20194,meta_batch,None,None,0.146147
mutual_info_score,5,RandomForest,autoclass,gse20194,meta_batch,None,None,0.097821
mutual_info_score,6,RandomForest,autoclass,gse20194,meta_batch,None,None,0.151213
mutual_info_score,7,RandomForest,autoclass,gse20194,meta_batch,None,None,0.122391
mutual_info_score,8,RandomForest,autoclass,gse20194,meta_batch,None,None,0.097161
mutual_info_score,9,RandomForest,autoclass,gse20194,meta_batch,None,None,0.138694
accuracy_score,0,RandomForest,autoclass,gse20194,meta_batch,None,None,0.719298
accuracy_score,1,RandomForest,autoclass,gse20194,meta_batch,None,None,0.732456
accuracy_score,2,RandomForest,autoclass,gse20194,meta_batch,None,None,0.671053
accuracy_score,3,RandomForest,autoclass,gse20194,meta_batch,None,None,0.710526
accuracy_score,4,RandomForest,autoclass,gse20194,meta_batch,None,None,0.723684
accuracy_score,5,RandomForest,autoclass,gse20194,meta_batch,None,None,0.684211
accuracy_score,6,RandomForest,autoclass,gse20194,meta_batch,None,None,0.72807
accuracy_score,7,RandomForest,autoclass,gse20194,meta_batch,None,None,0.701754
accuracy_score,8,RandomForest,autoclass,gse20194,meta_batch,None,None,0.684211
accuracy_score,9,RandomForest,autoclass,gse20194,meta_batch,None,None,0.719298
roc_auc_score,0,HistGradientBoosting,autoclass,gse20194,meta_batch,None,None,0.87707
roc_auc_score,1,HistGradientBoosting,autoclass,gse20194,meta_batch,None,None,0.843122
roc_auc_score,2,HistGradientBoosting,autoclass,gse20194,meta_batch,None,None,0.84306
roc_auc_score,3,HistGradientBoosting,autoclass,gse20194,meta_batch,None,None,0.893082
roc_auc_score,4,HistGradientBoosting,autoclass,gse20194,meta_batch,None,None,0.881175
roc_auc_score,5,HistGradientBoosting,autoclass,gse20194,meta_batch,None,None,0.886131
roc_auc_score,6,HistGradientBoosting,autoclass,gse20194,meta_batch,None,None,0.866459
roc_auc_score,7,HistGradientBoosting,autoclass,gse20194,meta_batch,None,None,0.841988
roc_auc_score,8,HistGradientBoosting,autoclass,gse20194,meta_batch,None,None,0.850287
roc_auc_score,9,HistGradientBoosting,autoclass,gse20194,meta_batch,None,None,0.867879
mutual_info_score,0,HistGradientBoosting,autoclass,gse20194,meta_batch,None,None,0.256493
mutual_info_score,1,HistGradientBoosting,autoclass,gse20194,meta_batch,None,None,0.206624
mutual_info_score,2,HistGradientBoosting,autoclass,gse20194,meta_batch,None,None,0.229479
mutual_info_score,3,HistGradientBoosting,autoclass,gse20194,meta_batch,None,None,0.268682
mutual_info_score,4,HistGradientBoosting,autoclass,gse20194,meta_batch,None,None,0.290654
mutual_info_score,5,HistGradientBoosting,autoclass,gse20194,meta_batch,None,None,0.267666
mutual_info_score,6,HistGradientBoosting,autoclass,gse20194,meta_batch,None,None,0.291572
mutual_info_score,7,HistGradientBoosting,autoclass,gse20194,meta_batch,None,None,0.201777
mutual_info_score,8,HistGradientBoosting,autoclass,gse20194,meta_batch,None,None,0.255803
mutual_info_score,9,HistGradientBoosting,autoclass,gse20194,meta_batch,None,None,0.268748
accuracy_score,0,HistGradientBoosting,autoclass,gse20194,meta_batch,None,None,0.79386
accuracy_score,1,HistGradientBoosting,autoclass,gse20194,meta_batch,None,None,0.767544
accuracy_score,2,HistGradientBoosting,autoclass,gse20194,meta_batch,None,None,0.767544
accuracy_score,3,HistGradientBoosting,autoclass,gse20194,meta_batch,None,None,0.798246
accuracy_score,4,HistGradientBoosting,autoclass,gse20194,meta_batch,None,None,0.807018
accuracy_score,5,HistGradientBoosting,autoclass,gse20194,meta_batch,None,None,0.79386
accuracy_score,6,HistGradientBoosting,autoclass,gse20194,meta_batch,None,None,0.807018
accuracy_score,7,HistGradientBoosting,autoclass,gse20194,meta_batch,None,None,0.754386
accuracy_score,8,HistGradientBoosting,autoclass,gse20194,meta_batch,None,None,0.79386
accuracy_score,9,HistGradientBoosting,autoclass,gse20194,meta_batch,None,None,0.798246
roc_auc_score,0,RandomForest,icvae,gse20194,meta_batch,None,None,0.552901
roc_auc_score,1,RandomForest,icvae,gse20194,meta_batch,None,None,0.480045
roc_auc_score,2,RandomForest,icvae,gse20194,meta_batch,None,None,0.53228
roc_auc_score,3,RandomForest,icvae,gse20194,meta_batch,None,None,0.544975
roc_auc_score,4,RandomForest,icvae,gse20194,meta_batch,None,None,0.537413
roc_auc_score,5,RandomForest,icvae,gse20194,meta_batch,None,None,0.507091
roc_auc_score,6,RandomForest,icvae,gse20194,meta_batch,None,None,0.522236
roc_auc_score,7,RandomForest,icvae,gse20194,meta_batch,None,None,0.561904
roc_auc_score,8,RandomForest,icvae,gse20194,meta_batch,None,None,0.536381
roc_auc_score,9,RandomForest,icvae,gse20194,meta_batch,None,None,0.507332
mutual_info_score,0,RandomForest,icvae,gse20194,meta_batch,None,None,0.012386
mutual_info_score,1,RandomForest,icvae,gse20194,meta_batch,None,None,0.004287
mutual_info_score,2,RandomForest,icvae,gse20194,meta_batch,None,None,0.002385
mutual_info_score,3,RandomForest,icvae,gse20194,meta_batch,None,None,0.009572
mutual_info_score,4,RandomForest,icvae,gse20194,meta_batch,None,None,0.014294
mutual_info_score,5,RandomForest,icvae,gse20194,meta_batch,None,None,0.01577
mutual_info_score,6,RandomForest,icvae,gse20194,meta_batch,None,None,0.00447
mutual_info_score,7,RandomForest,icvae,gse20194,meta_batch,None,None,0.015644
mutual_info_score,8,RandomForest,icvae,gse20194,meta_batch,None,None,0.010441
mutual_info_score,9,RandomForest,icvae,gse20194,meta_batch,None,None,0.003921
accuracy_score,0,RandomForest,icvae,gse20194,meta_batch,None,None,0.583333
accuracy_score,1,RandomForest,icvae,gse20194,meta_batch,None,None,0.495614
accuracy_score,2,RandomForest,icvae,gse20194,meta_batch,None,None,0.535088
accuracy_score,3,RandomForest,icvae,gse20194,meta_batch,None,None,0.565789
accuracy_score,4,RandomForest,icvae,gse20194,meta_batch,None,None,0.561404
accuracy_score,5,RandomForest,icvae,gse20194,meta_batch,None,None,0.5
accuracy_score,6,RandomForest,icvae,gse20194,meta_batch,None,None,0.557018
accuracy_score,7,RandomForest,icvae,gse20194,meta_batch,None,None,0.583333
accuracy_score,8,RandomForest,icvae,gse20194,meta_batch,None,None,0.565789
accuracy_score,9,RandomForest,icvae,gse20194,meta_batch,None,None,0.508772
roc_auc_score,0,HistGradientBoosting,icvae,gse20194,meta_batch,None,None,0.51014
roc_auc_score,1,HistGradientBoosting,icvae,gse20194,meta_batch,None,None,0.500332
roc_auc_score,2,HistGradientBoosting,icvae,gse20194,meta_batch,None,None,0.468998
roc_auc_score,3,HistGradientBoosting,icvae,gse20194,meta_batch,None,None,0.540074
roc_auc_score,4,HistGradientBoosting,icvae,gse20194,meta_batch,None,None,0.474324
roc_auc_score,5,HistGradientBoosting,icvae,gse20194,meta_batch,None,None,0.516666
roc_auc_score,6,HistGradientBoosting,icvae,gse20194,meta_batch,None,None,0.523311
roc_auc_score,7,HistGradientBoosting,icvae,gse20194,meta_batch,None,None,0.550507
roc_auc_score,8,HistGradientBoosting,icvae,gse20194,meta_batch,None,None,0.530503
roc_auc_score,9,HistGradientBoosting,icvae,gse20194,meta_batch,None,None,0.48191
mutual_info_score,0,HistGradientBoosting,icvae,gse20194,meta_batch,None,None,0.007005
mutual_info_score,1,HistGradientBoosting,icvae,gse20194,meta_batch,None,None,0.00526
mutual_info_score,2,HistGradientBoosting,icvae,gse20194,meta_batch,None,None,0.000521
mutual_info_score,3,HistGradientBoosting,icvae,gse20194,meta_batch,None,None,0.004165
mutual_info_score,4,HistGradientBoosting,icvae,gse20194,meta_batch,None,None,0.003815
mutual_info_score,5,HistGradientBoosting,icvae,gse20194,meta_batch,None,None,0.008813
mutual_info_score,6,HistGradientBoosting,icvae,gse20194,meta_batch,None,None,0.00294
mutual_info_score,7,HistGradientBoosting,icvae,gse20194,meta_batch,None,None,0.006886
mutual_info_score,8,HistGradientBoosting,icvae,gse20194,meta_batch,None,None,0.005328
mutual_info_score,9,HistGradientBoosting,icvae,gse20194,meta_batch,None,None,0.010555
accuracy_score,0,HistGradientBoosting,icvae,gse20194,meta_batch,None,None,0.565789
accuracy_score,1,HistGradientBoosting,icvae,gse20194,meta_batch,None,None,0.517544
accuracy_score,2,HistGradientBoosting,icvae,gse20194,meta_batch,None,None,0.508772
accuracy_score,3,HistGradientBoosting,icvae,gse20194,meta_batch,None,None,0.539474
accuracy_score,4,HistGradientBoosting,icvae,gse20194,meta_batch,None,None,0.504386
accuracy_score,5,HistGradientBoosting,icvae,gse20194,meta_batch,None,None,0.539474
accuracy_score,6,HistGradientBoosting,icvae,gse20194,meta_batch,None,None,0.530702
accuracy_score,7,HistGradientBoosting,icvae,gse20194,meta_batch,None,None,0.561404
accuracy_score,8,HistGradientBoosting,icvae,gse20194,meta_batch,None,None,0.54386
accuracy_score,9,HistGradientBoosting,icvae,gse20194,meta_batch,None,None,0.526316
roc_auc_score,0,RandomForest,seurat_scaling,gse20194,meta_batch,None,None,0.999295
roc_auc_score,1,RandomForest,seurat_scaling,gse20194,meta_batch,None,None,0.999648
roc_auc_score,2,RandomForest,seurat_scaling,gse20194,meta_batch,None,None,1.0
roc_auc_score,3,RandomForest,seurat_scaling,gse20194,meta_batch,None,None,0.999882
roc_auc_score,4,RandomForest,seurat_scaling,gse20194,meta_batch,None,None,0.999413
roc_auc_score,5,RandomForest,seurat_scaling,gse20194,meta_batch,None,None,1.0
roc_auc_score,6,RandomForest,seurat_scaling,gse20194,meta_batch,None,None,0.999883
roc_auc_score,7,RandomForest,seurat_scaling,gse20194,meta_batch,None,None,0.999883
roc_auc_score,8,RandomForest,seurat_scaling,gse20194,meta_batch,None,None,1.0
roc_auc_score,9,RandomForest,seurat_scaling,gse20194,meta_batch,None,None,1.0
mutual_info_score,0,RandomForest,seurat_scaling,gse20194,meta_batch,None,None,0.847011
mutual_info_score,1,RandomForest,seurat_scaling,gse20194,meta_batch,None,None,0.816952
mutual_info_score,2,RandomForest,seurat_scaling,gse20194,meta_batch,None,None,0.92523
mutual_info_score,3,RandomForest,seurat_scaling,gse20194,meta_batch,None,None,0.915035
mutual_info_score,4,RandomForest,seurat_scaling,gse20194,meta_batch,None,None,0.801482
mutual_info_score,5,RandomForest,seurat_scaling,gse20194,meta_batch,None,None,0.881802
mutual_info_score,6,RandomForest,seurat_scaling,gse20194,meta_batch,None,None,0.793089
mutual_info_score,7,RandomForest,seurat_scaling,gse20194,meta_batch,None,None,0.847296
mutual_info_score,8,RandomForest,seurat_scaling,gse20194,meta_batch,None,None,0.95543
mutual_info_score,9,RandomForest,seurat_scaling,gse20194,meta_batch,None,None,0.933858
accuracy_score,0,RandomForest,seurat_scaling,gse20194,meta_batch,None,None,0.973684
accuracy_score,1,RandomForest,seurat_scaling,gse20194,meta_batch,None,None,0.969298
accuracy_score,2,RandomForest,seurat_scaling,gse20194,meta_batch,None,None,0.991228
accuracy_score,3,RandomForest,seurat_scaling,gse20194,meta_batch,None,None,0.986842
accuracy_score,4,RandomForest,seurat_scaling,gse20194,meta_batch,None,None,0.964912
accuracy_score,5,RandomForest,seurat_scaling,gse20194,meta_batch,None,None,0.982456
accuracy_score,6,RandomForest,seurat_scaling,gse20194,meta_batch,None,None,0.964912
accuracy_score,7,RandomForest,seurat_scaling,gse20194,meta_batch,None,None,0.973684
accuracy_score,8,RandomForest,seurat_scaling,gse20194,meta_batch,None,None,0.995614
accuracy_score,9,RandomForest,seurat_scaling,gse20194,meta_batch,None,None,0.991228
roc_auc_score,0,HistGradientBoosting,seurat_scaling,gse20194,meta_batch,None,None,0.998119
roc_auc_score,1,HistGradientBoosting,seurat_scaling,gse20194,meta_batch,None,None,0.996229
roc_auc_score,2,HistGradientBoosting,seurat_scaling,gse20194,meta_batch,None,None,0.997886
roc_auc_score,3,HistGradientBoosting,seurat_scaling,gse20194,meta_batch,None,None,0.995513
roc_auc_score,4,HistGradientBoosting,seurat_scaling,gse20194,meta_batch,None,None,0.996218
roc_auc_score,5,HistGradientBoosting,seurat_scaling,gse20194,meta_batch,None,None,1.0
roc_auc_score,6,HistGradientBoosting,seurat_scaling,gse20194,meta_batch,None,None,0.998121
roc_auc_score,7,HistGradientBoosting,seurat_scaling,gse20194,meta_batch,None,None,0.999765
roc_auc_score,8,HistGradientBoosting,seurat_scaling,gse20194,meta_batch,None,None,0.994597
roc_auc_score,9,HistGradientBoosting,seurat_scaling,gse20194,meta_batch,None,None,0.997414
mutual_info_score,0,HistGradientBoosting,seurat_scaling,gse20194,meta_batch,None,None,0.879242
mutual_info_score,1,HistGradientBoosting,seurat_scaling,gse20194,meta_batch,None,None,0.876956
mutual_info_score,2,HistGradientBoosting,seurat_scaling,gse20194,meta_batch,None,None,0.80235
mutual_info_score,3,HistGradientBoosting,seurat_scaling,gse20194,meta_batch,None,None,0.761718
mutual_info_score,4,HistGradientBoosting,seurat_scaling,gse20194,meta_batch,None,None,0.850555
mutual_info_score,5,HistGradientBoosting,seurat_scaling,gse20194,meta_batch,None,None,0.898528
mutual_info_score,6,HistGradientBoosting,seurat_scaling,gse20194,meta_batch,None,None,0.906922
mutual_info_score,7,HistGradientBoosting,seurat_scaling,gse20194,meta_batch,None,None,0.879092
mutual_info_score,8,HistGradientBoosting,seurat_scaling,gse20194,meta_batch,None,None,0.734622
mutual_info_score,9,HistGradientBoosting,seurat_scaling,gse20194,meta_batch,None,None,0.748197
accuracy_score,0,HistGradientBoosting,seurat_scaling,gse20194,meta_batch,None,None,0.982456
accuracy_score,1,HistGradientBoosting,seurat_scaling,gse20194,meta_batch,None,None,0.982456
accuracy_score,2,HistGradientBoosting,seurat_scaling,gse20194,meta_batch,None,None,0.969298
accuracy_score,3,HistGradientBoosting,seurat_scaling,gse20194,meta_batch,None,None,0.960526
accuracy_score,4,HistGradientBoosting,seurat_scaling,gse20194,meta_batch,None,None,0.969298
accuracy_score,5,HistGradientBoosting,seurat_scaling,gse20194,meta_batch,None,None,0.986842
accuracy_score,6,HistGradientBoosting,seurat_scaling,gse20194,meta_batch,None,None,0.986842
accuracy_score,7,HistGradientBoosting,seurat_scaling,gse20194,meta_batch,None,None,0.982456
accuracy_score,8,HistGradientBoosting,seurat_scaling,gse20194,meta_batch,None,None,0.942982
accuracy_score,9,HistGradientBoosting,seurat_scaling,gse20194,meta_batch,None,None,0.95614
roc_auc_score,0,RandomForest,seurat_integration,gse20194,meta_batch,None,None,0.985785
roc_auc_score,1,RandomForest,seurat_integration,gse20194,meta_batch,None,None,0.985553
roc_auc_score,2,RandomForest,seurat_integration,gse20194,meta_batch,None,None,0.984955
roc_auc_score,3,RandomForest,seurat_integration,gse20194,meta_batch,None,None,0.98822
roc_auc_score,4,RandomForest,seurat_integration,gse20194,meta_batch,None,None,0.983999
roc_auc_score,5,RandomForest,seurat_integration,gse20194,meta_batch,None,None,0.990113
roc_auc_score,6,RandomForest,seurat_integration,gse20194,meta_batch,None,None,0.987946
roc_auc_score,7,RandomForest,seurat_integration,gse20194,meta_batch,None,None,0.984797
roc_auc_score,8,RandomForest,seurat_integration,gse20194,meta_batch,None,None,0.985768
roc_auc_score,9,RandomForest,seurat_integration,gse20194,meta_batch,None,None,0.991532
mutual_info_score,0,RandomForest,seurat_integration,gse20194,meta_batch,None,None,0.702315
mutual_info_score,1,RandomForest,seurat_integration,gse20194,meta_batch,None,None,0.7216
mutual_info_score,2,RandomForest,seurat_integration,gse20194,meta_batch,None,None,0.694325
mutual_info_score,3,RandomForest,seurat_integration,gse20194,meta_batch,None,None,0.740827
mutual_info_score,4,RandomForest,seurat_integration,gse20194,meta_batch,None,None,0.713021
mutual_info_score,5,RandomForest,seurat_integration,gse20194,meta_batch,None,None,0.737554
mutual_info_score,6,RandomForest,seurat_integration,gse20194,meta_batch,None,None,0.676326
mutual_info_score,7,RandomForest,seurat_integration,gse20194,meta_batch,None,None,0.677958
mutual_info_score,8,RandomForest,seurat_integration,gse20194,meta_batch,None,None,0.695863
mutual_info_score,9,RandomForest,seurat_integration,gse20194,meta_batch,None,None,0.758024
accuracy_score,0,RandomForest,seurat_integration,gse20194,meta_batch,None,None,0.947368
accuracy_score,1,RandomForest,seurat_integration,gse20194,meta_batch,None,None,0.951754
accuracy_score,2,RandomForest,seurat_integration,gse20194,meta_batch,None,None,0.942982
accuracy_score,3,RandomForest,seurat_integration,gse20194,meta_batch,None,None,0.95614
accuracy_score,4,RandomForest,seurat_integration,gse20194,meta_batch,None,None,0.947368
accuracy_score,5,RandomForest,seurat_integration,gse20194,meta_batch,None,None,0.95614
accuracy_score,6,RandomForest,seurat_integration,gse20194,meta_batch,None,None,0.938596
accuracy_score,7,RandomForest,seurat_integration,gse20194,meta_batch,None,None,0.938596
accuracy_score,8,RandomForest,seurat_integration,gse20194,meta_batch,None,None,0.947368
accuracy_score,9,RandomForest,seurat_integration,gse20194,meta_batch,None,None,0.960526
roc_auc_score,0,HistGradientBoosting,seurat_integration,gse20194,meta_batch,None,None,0.979317
roc_auc_score,1,HistGradientBoosting,seurat_integration,gse20194,meta_batch,None,None,0.981437
roc_auc_score,2,HistGradientBoosting,seurat_integration,gse20194,meta_batch,None,None,0.987304
roc_auc_score,3,HistGradientBoosting,seurat_integration,gse20194,meta_batch,None,None,0.987733
roc_auc_score,4,HistGradientBoosting,seurat_integration,gse20194,meta_batch,None,None,0.9847
roc_auc_score,5,HistGradientBoosting,seurat_integration,gse20194,meta_batch,None,None,0.988477
roc_auc_score,6,HistGradientBoosting,seurat_integration,gse20194,meta_batch,None,None,0.982074
roc_auc_score,7,HistGradientBoosting,seurat_integration,gse20194,meta_batch,None,None,0.984711
roc_auc_score,8,HistGradientBoosting,seurat_integration,gse20194,meta_batch,None,None,0.983055
roc_auc_score,9,HistGradientBoosting,seurat_integration,gse20194,meta_batch,None,None,0.981912
mutual_info_score,0,HistGradientBoosting,seurat_integration,gse20194,meta_batch,None,None,0.596857
mutual_info_score,1,HistGradientBoosting,seurat_integration,gse20194,meta_batch,None,None,0.684834
mutual_info_score,2,HistGradientBoosting,seurat_integration,gse20194,meta_batch,None,None,0.798431
mutual_info_score,3,HistGradientBoosting,seurat_integration,gse20194,meta_batch,None,None,0.716969
mutual_info_score,4,HistGradientBoosting,seurat_integration,gse20194,meta_batch,None,None,0.599212
mutual_info_score,5,HistGradientBoosting,seurat_integration,gse20194,meta_batch,None,None,0.692324
mutual_info_score,6,HistGradientBoosting,seurat_integration,gse20194,meta_batch,None,None,0.647533
mutual_info_score,7,HistGradientBoosting,seurat_integration,gse20194,meta_batch,None,None,0.645196
mutual_info_score,8,HistGradientBoosting,seurat_integration,gse20194,meta_batch,None,None,0.672961
mutual_info_score,9,HistGradientBoosting,seurat_integration,gse20194,meta_batch,None,None,0.718899
accuracy_score,0,HistGradientBoosting,seurat_integration,gse20194,meta_batch,None,None,0.912281
accuracy_score,1,HistGradientBoosting,seurat_integration,gse20194,meta_batch,None,None,0.942982
accuracy_score,2,HistGradientBoosting,seurat_integration,gse20194,meta_batch,None,None,0.964912
accuracy_score,3,HistGradientBoosting,seurat_integration,gse20194,meta_batch,None,None,0.951754
accuracy_score,4,HistGradientBoosting,seurat_integration,gse20194,meta_batch,None,None,0.921053
accuracy_score,5,HistGradientBoosting,seurat_integration,gse20194,meta_batch,None,None,0.947368
accuracy_score,6,HistGradientBoosting,seurat_integration,gse20194,meta_batch,None,None,0.934211
accuracy_score,7,HistGradientBoosting,seurat_integration,gse20194,meta_batch,None,None,0.934211
accuracy_score,8,HistGradientBoosting,seurat_integration,gse20194,meta_batch,None,None,0.934211
accuracy_score,9,HistGradientBoosting,seurat_integration,gse20194,meta_batch,None,None,0.947368
roc_auc_score,0,RandomForest,fastMNN,gse20194,meta_batch,None,None,0.824146
roc_auc_score,1,RandomForest,fastMNN,gse20194,meta_batch,None,None,0.776879
roc_auc_score,2,RandomForest,fastMNN,gse20194,meta_batch,None,None,0.830981
roc_auc_score,3,RandomForest,fastMNN,gse20194,meta_batch,None,None,0.833314
roc_auc_score,4,RandomForest,fastMNN,gse20194,meta_batch,None,None,0.801972
roc_auc_score,5,RandomForest,fastMNN,gse20194,meta_batch,None,None,0.826438
roc_auc_score,6,RandomForest,fastMNN,gse20194,meta_batch,None,None,0.804194
roc_auc_score,7,RandomForest,fastMNN,gse20194,meta_batch,None,None,0.799821
roc_auc_score,8,RandomForest,fastMNN,gse20194,meta_batch,None,None,0.798496
roc_auc_score,9,RandomForest,fastMNN,gse20194,meta_batch,None,None,0.807284
mutual_info_score,0,RandomForest,fastMNN,gse20194,meta_batch,None,None,0.142501
mutual_info_score,1,RandomForest,fastMNN,gse20194,meta_batch,None,None,0.082618
mutual_info_score,2,RandomForest,fastMNN,gse20194,meta_batch,None,None,0.171467
mutual_info_score,3,RandomForest,fastMNN,gse20194,meta_batch,None,None,0.122984
mutual_info_score,4,RandomForest,fastMNN,gse20194,meta_batch,None,None,0.153708
mutual_info_score,5,RandomForest,fastMNN,gse20194,meta_batch,None,None,0.134363
mutual_info_score,6,RandomForest,fastMNN,gse20194,meta_batch,None,None,0.137127
mutual_info_score,7,RandomForest,fastMNN,gse20194,meta_batch,None,None,0.094065
mutual_info_score,8,RandomForest,fastMNN,gse20194,meta_batch,None,None,0.126179
mutual_info_score,9,RandomForest,fastMNN,gse20194,meta_batch,None,None,0.169963
accuracy_score,0,RandomForest,fastMNN,gse20194,meta_batch,None,None,0.723684
accuracy_score,1,RandomForest,fastMNN,gse20194,meta_batch,None,None,0.671053
accuracy_score,2,RandomForest,fastMNN,gse20194,meta_batch,None,None,0.741228
accuracy_score,3,RandomForest,fastMNN,gse20194,meta_batch,None,None,0.710526
accuracy_score,4,RandomForest,fastMNN,gse20194,meta_batch,None,None,0.723684
accuracy_score,5,RandomForest,fastMNN,gse20194,meta_batch,None,None,0.719298
accuracy_score,6,RandomForest,fastMNN,gse20194,meta_batch,None,None,0.723684
accuracy_score,7,RandomForest,fastMNN,gse20194,meta_batch,None,None,0.684211
accuracy_score,8,RandomForest,fastMNN,gse20194,meta_batch,None,None,0.714912
accuracy_score,9,RandomForest,fastMNN,gse20194,meta_batch,None,None,0.741228
roc_auc_score,0,HistGradientBoosting,fastMNN,gse20194,meta_batch,None,None,0.891757
roc_auc_score,1,HistGradientBoosting,fastMNN,gse20194,meta_batch,None,None,0.894971
roc_auc_score,2,HistGradientBoosting,fastMNN,gse20194,meta_batch,None,None,0.921286
roc_auc_score,3,HistGradientBoosting,fastMNN,gse20194,meta_batch,None,None,0.924892
roc_auc_score,4,HistGradientBoosting,fastMNN,gse20194,meta_batch,None,None,0.897843
roc_auc_score,5,HistGradientBoosting,fastMNN,gse20194,meta_batch,None,None,0.889718
roc_auc_score,6,HistGradientBoosting,fastMNN,gse20194,meta_batch,None,None,0.881702
roc_auc_score,7,HistGradientBoosting,fastMNN,gse20194,meta_batch,None,None,0.908054
roc_auc_score,8,HistGradientBoosting,fastMNN,gse20194,meta_batch,None,None,0.921591
roc_auc_score,9,HistGradientBoosting,fastMNN,gse20194,meta_batch,None,None,0.914553
mutual_info_score,0,HistGradientBoosting,fastMNN,gse20194,meta_batch,None,None,0.33288
mutual_info_score,1,HistGradientBoosting,fastMNN,gse20194,meta_batch,None,None,0.267049
mutual_info_score,2,HistGradientBoosting,fastMNN,gse20194,meta_batch,None,None,0.357619
mutual_info_score,3,HistGradientBoosting,fastMNN,gse20194,meta_batch,None,None,0.334836
mutual_info_score,4,HistGradientBoosting,fastMNN,gse20194,meta_batch,None,None,0.263894
mutual_info_score,5,HistGradientBoosting,fastMNN,gse20194,meta_batch,None,None,0.267874
mutual_info_score,6,HistGradientBoosting,fastMNN,gse20194,meta_batch,None,None,0.283048
mutual_info_score,7,HistGradientBoosting,fastMNN,gse20194,meta_batch,None,None,0.370337
mutual_info_score,8,HistGradientBoosting,fastMNN,gse20194,meta_batch,None,None,0.386189
mutual_info_score,9,HistGradientBoosting,fastMNN,gse20194,meta_batch,None,None,0.348792
accuracy_score,0,HistGradientBoosting,fastMNN,gse20194,meta_batch,None,None,0.828947
accuracy_score,1,HistGradientBoosting,fastMNN,gse20194,meta_batch,None,None,0.79386
accuracy_score,2,HistGradientBoosting,fastMNN,gse20194,meta_batch,None,None,0.833333
accuracy_score,3,HistGradientBoosting,fastMNN,gse20194,meta_batch,None,None,0.828947
accuracy_score,4,HistGradientBoosting,fastMNN,gse20194,meta_batch,None,None,0.789474
accuracy_score,5,HistGradientBoosting,fastMNN,gse20194,meta_batch,None,None,0.789474
accuracy_score,6,HistGradientBoosting,fastMNN,gse20194,meta_batch,None,None,0.802632
accuracy_score,7,HistGradientBoosting,fastMNN,gse20194,meta_batch,None,None,0.837719
accuracy_score,8,HistGradientBoosting,fastMNN,gse20194,meta_batch,None,None,0.846491
accuracy_score,9,HistGradientBoosting,fastMNN,gse20194,meta_batch,None,None,0.833333
roc_auc_score,0,RandomForest,liger,gse20194,meta_batch,None,None,0.980734
roc_auc_score,1,RandomForest,liger,gse20194,meta_batch,None,None,0.977082
roc_auc_score,2,RandomForest,liger,gse20194,meta_batch,None,None,0.984364
roc_auc_score,3,RandomForest,liger,gse20194,meta_batch,None,None,0.988096
roc_auc_score,4,RandomForest,liger,gse20194,meta_batch,None,None,0.982582
roc_auc_score,5,RandomForest,liger,gse20194,meta_batch,None,None,0.983263
roc_auc_score,6,RandomForest,liger,gse20194,meta_batch,None,None,0.981214
roc_auc_score,7,RandomForest,liger,gse20194,meta_batch,None,None,0.985277
roc_auc_score,8,RandomForest,liger,gse20194,meta_batch,None,None,0.982823
roc_auc_score,9,RandomForest,liger,gse20194,meta_batch,None,None,0.988708
mutual_info_score,0,RandomForest,liger,gse20194,meta_batch,None,None,0.66282
mutual_info_score,1,RandomForest,liger,gse20194,meta_batch,None,None,0.568185
mutual_info_score,2,RandomForest,liger,gse20194,meta_batch,None,None,0.660613
mutual_info_score,3,RandomForest,liger,gse20194,meta_batch,None,None,0.701324
mutual_info_score,4,RandomForest,liger,gse20194,meta_batch,None,None,0.656931
mutual_info_score,5,RandomForest,liger,gse20194,meta_batch,None,None,0.677597
mutual_info_score,6,RandomForest,liger,gse20194,meta_batch,None,None,0.692148
mutual_info_score,7,RandomForest,liger,gse20194,meta_batch,None,None,0.728245
mutual_info_score,8,RandomForest,liger,gse20194,meta_batch,None,None,0.665326
mutual_info_score,9,RandomForest,liger,gse20194,meta_batch,None,None,0.734298
accuracy_score,0,RandomForest,liger,gse20194,meta_batch,None,None,0.938596
accuracy_score,1,RandomForest,liger,gse20194,meta_batch,None,None,0.912281
accuracy_score,2,RandomForest,liger,gse20194,meta_batch,None,None,0.938596
accuracy_score,3,RandomForest,liger,gse20194,meta_batch,None,None,0.947368
accuracy_score,4,RandomForest,liger,gse20194,meta_batch,None,None,0.938596
accuracy_score,5,RandomForest,liger,gse20194,meta_batch,None,None,0.938596
accuracy_score,6,RandomForest,liger,gse20194,meta_batch,None,None,0.942982
accuracy_score,7,RandomForest,liger,gse20194,meta_batch,None,None,0.951754
accuracy_score,8,RandomForest,liger,gse20194,meta_batch,None,None,0.938596
accuracy_score,9,RandomForest,liger,gse20194,meta_batch,None,None,0.951754
roc_auc_score,0,HistGradientBoosting,liger,gse20194,meta_batch,None,None,0.980026
roc_auc_score,1,HistGradientBoosting,liger,gse20194,meta_batch,None,None,0.98379
roc_auc_score,2,HistGradientBoosting,liger,gse20194,meta_batch,None,None,0.984718
roc_auc_score,3,HistGradientBoosting,liger,gse20194,meta_batch,None,None,0.984667
roc_auc_score,4,HistGradientBoosting,liger,gse20194,meta_batch,None,None,0.984234
roc_auc_score,5,HistGradientBoosting,liger,gse20194,meta_batch,None,None,0.986592
roc_auc_score,6,HistGradientBoosting,liger,gse20194,meta_batch,None,None,0.98207
roc_auc_score,7,HistGradientBoosting,liger,gse20194,meta_batch,None,None,0.980954
roc_auc_score,8,HistGradientBoosting,liger,gse20194,meta_batch,None,None,0.98187
roc_auc_score,9,HistGradientBoosting,liger,gse20194,meta_batch,None,None,0.980503
mutual_info_score,0,HistGradientBoosting,liger,gse20194,meta_batch,None,None,0.592977
mutual_info_score,1,HistGradientBoosting,liger,gse20194,meta_batch,None,None,0.712503
mutual_info_score,2,HistGradientBoosting,liger,gse20194,meta_batch,None,None,0.766266
mutual_info_score,3,HistGradientBoosting,liger,gse20194,meta_batch,None,None,0.699997
mutual_info_score,4,HistGradientBoosting,liger,gse20194,meta_batch,None,None,0.633171
mutual_info_score,5,HistGradientBoosting,liger,gse20194,meta_batch,None,None,0.738036
mutual_info_score,6,HistGradientBoosting,liger,gse20194,meta_batch,None,None,0.594772
mutual_info_score,7,HistGradientBoosting,liger,gse20194,meta_batch,None,None,0.644639
mutual_info_score,8,HistGradientBoosting,liger,gse20194,meta_batch,None,None,0.631545
mutual_info_score,9,HistGradientBoosting,liger,gse20194,meta_batch,None,None,0.735604
accuracy_score,0,HistGradientBoosting,liger,gse20194,meta_batch,None,None,0.912281
accuracy_score,1,HistGradientBoosting,liger,gse20194,meta_batch,None,None,0.947368
accuracy_score,2,HistGradientBoosting,liger,gse20194,meta_batch,None,None,0.960526
accuracy_score,3,HistGradientBoosting,liger,gse20194,meta_batch,None,None,0.947368
accuracy_score,4,HistGradientBoosting,liger,gse20194,meta_batch,None,None,0.929825
accuracy_score,5,HistGradientBoosting,liger,gse20194,meta_batch,None,None,0.95614
accuracy_score,6,HistGradientBoosting,liger,gse20194,meta_batch,None,None,0.921053
accuracy_score,7,HistGradientBoosting,liger,gse20194,meta_batch,None,None,0.934211
accuracy_score,8,HistGradientBoosting,liger,gse20194,meta_batch,None,None,0.925439
accuracy_score,9,HistGradientBoosting,liger,gse20194,meta_batch,None,None,0.951754
roc_auc_score,0,RandomForest,wasserstein,gse20194,meta_batch,None,None,0.899535
roc_auc_score,1,RandomForest,wasserstein,gse20194,meta_batch,None,None,0.88137
roc_auc_score,2,RandomForest,wasserstein,gse20194,meta_batch,None,None,0.947434
roc_auc_score,3,RandomForest,wasserstein,gse20194,meta_batch,None,None,0.943972
roc_auc_score,4,RandomForest,wasserstein,gse20194,meta_batch,None,None,0.886644
roc_auc_score,5,RandomForest,wasserstein,gse20194,meta_batch,None,None,0.933612
roc_auc_score,6,RandomForest,wasserstein,gse20194,meta_batch,None,None,0.946691
roc_auc_score,7,RandomForest,wasserstein,gse20194,meta_batch,None,None,0.931882
roc_auc_score,8,RandomForest,wasserstein,gse20194,meta_batch,None,None,0.912579
roc_auc_score,9,RandomForest,wasserstein,gse20194,meta_batch,None,None,0.962193
mutual_info_score,0,RandomForest,wasserstein,gse20194,meta_batch,None,None,0.227546
mutual_info_score,1,RandomForest,wasserstein,gse20194,meta_batch,None,None,0.274801
mutual_info_score,2,RandomForest,wasserstein,gse20194,meta_batch,None,None,0.409883
mutual_info_score,3,RandomForest,wasserstein,gse20194,meta_batch,None,None,0.357042
mutual_info_score,4,RandomForest,wasserstein,gse20194,meta_batch,None,None,0.254695
mutual_info_score,5,RandomForest,wasserstein,gse20194,meta_batch,None,None,0.359746
mutual_info_score,6,RandomForest,wasserstein,gse20194,meta_batch,None,None,0.327932
mutual_info_score,7,RandomForest,wasserstein,gse20194,meta_batch,None,None,0.387309
mutual_info_score,8,RandomForest,wasserstein,gse20194,meta_batch,None,None,0.277999
mutual_info_score,9,RandomForest,wasserstein,gse20194,meta_batch,None,None,0.371738
accuracy_score,0,RandomForest,wasserstein,gse20194,meta_batch,None,None,0.758772
accuracy_score,1,RandomForest,wasserstein,gse20194,meta_batch,None,None,0.79386
accuracy_score,2,RandomForest,wasserstein,gse20194,meta_batch,None,None,0.855263
accuracy_score,3,RandomForest,wasserstein,gse20194,meta_batch,None,None,0.815789
accuracy_score,4,RandomForest,wasserstein,gse20194,meta_batch,None,None,0.77193
accuracy_score,5,RandomForest,wasserstein,gse20194,meta_batch,None,None,0.811404
accuracy_score,6,RandomForest,wasserstein,gse20194,meta_batch,None,None,0.807018
accuracy_score,7,RandomForest,wasserstein,gse20194,meta_batch,None,None,0.828947
accuracy_score,8,RandomForest,wasserstein,gse20194,meta_batch,None,None,0.79386
accuracy_score,9,RandomForest,wasserstein,gse20194,meta_batch,None,None,0.824561
roc_auc_score,0,HistGradientBoosting,wasserstein,gse20194,meta_batch,None,None,0.98236
roc_auc_score,1,HistGradientBoosting,wasserstein,gse20194,meta_batch,None,None,0.982127
roc_auc_score,2,HistGradientBoosting,wasserstein,gse20194,meta_batch,None,None,0.986816
roc_auc_score,3,HistGradientBoosting,wasserstein,gse20194,meta_batch,None,None,0.983081
roc_auc_score,4,HistGradientBoosting,wasserstein,gse20194,meta_batch,None,None,0.991048
roc_auc_score,5,HistGradientBoosting,wasserstein,gse20194,meta_batch,None,None,0.989853
roc_auc_score,6,HistGradientBoosting,wasserstein,gse20194,meta_batch,None,None,0.98612
roc_auc_score,7,HistGradientBoosting,wasserstein,gse20194,meta_batch,None,None,0.979715
roc_auc_score,8,HistGradientBoosting,wasserstein,gse20194,meta_batch,None,None,0.99056
roc_auc_score,9,HistGradientBoosting,wasserstein,gse20194,meta_batch,None,None,0.992244
mutual_info_score,0,HistGradientBoosting,wasserstein,gse20194,meta_batch,None,None,0.696614
mutual_info_score,1,HistGradientBoosting,wasserstein,gse20194,meta_batch,None,None,0.740827
mutual_info_score,2,HistGradientBoosting,wasserstein,gse20194,meta_batch,None,None,0.760615
mutual_info_score,3,HistGradientBoosting,wasserstein,gse20194,meta_batch,None,None,0.70438
mutual_info_score,4,HistGradientBoosting,wasserstein,gse20194,meta_batch,None,None,0.735514
mutual_info_score,5,HistGradientBoosting,wasserstein,gse20194,meta_batch,None,None,0.658929
mutual_info_score,6,HistGradientBoosting,wasserstein,gse20194,meta_batch,None,None,0.626596
mutual_info_score,7,HistGradientBoosting,wasserstein,gse20194,meta_batch,None,None,0.630179
mutual_info_score,8,HistGradientBoosting,wasserstein,gse20194,meta_batch,None,None,0.703456
mutual_info_score,9,HistGradientBoosting,wasserstein,gse20194,meta_batch,None,None,0.731656
accuracy_score,0,HistGradientBoosting,wasserstein,gse20194,meta_batch,None,None,0.942982
accuracy_score,1,HistGradientBoosting,wasserstein,gse20194,meta_batch,None,None,0.95614
accuracy_score,2,HistGradientBoosting,wasserstein,gse20194,meta_batch,None,None,0.960526
accuracy_score,3,HistGradientBoosting,wasserstein,gse20194,meta_batch,None,None,0.942982
accuracy_score,4,HistGradientBoosting,wasserstein,gse20194,meta_batch,None,None,0.951754
accuracy_score,5,HistGradientBoosting,wasserstein,gse20194,meta_batch,None,None,0.934211
accuracy_score,6,HistGradientBoosting,wasserstein,gse20194,meta_batch,None,None,0.929825
accuracy_score,7,HistGradientBoosting,wasserstein,gse20194,meta_batch,None,None,0.929825
accuracy_score,8,HistGradientBoosting,wasserstein,gse20194,meta_batch,None,None,0.947368
accuracy_score,9,HistGradientBoosting,wasserstein,gse20194,meta_batch,None,None,0.951754
roc_auc_score,0,RandomForest,monotonic,gse20194,meta_batch,None,None,0.980613
roc_auc_score,1,RandomForest,monotonic,gse20194,meta_batch,None,None,0.982968
roc_auc_score,2,RandomForest,monotonic,gse20194,meta_batch,None,None,0.986129
roc_auc_score,3,RandomForest,monotonic,gse20194,meta_batch,None,None,0.984444
roc_auc_score,4,RandomForest,monotonic,gse20194,meta_batch,None,None,0.980705
roc_auc_score,5,RandomForest,monotonic,gse20194,meta_batch,None,None,0.984692
roc_auc_score,6,RandomForest,monotonic,gse20194,meta_batch,None,None,0.985461
roc_auc_score,7,RandomForest,monotonic,gse20194,meta_batch,None,None,0.978779
roc_auc_score,8,RandomForest,monotonic,gse20194,meta_batch,None,None,0.984463
roc_auc_score,9,RandomForest,monotonic,gse20194,meta_batch,None,None,0.987763
mutual_info_score,0,RandomForest,monotonic,gse20194,meta_batch,None,None,0.620546
mutual_info_score,1,RandomForest,monotonic,gse20194,meta_batch,None,None,0.724027
mutual_info_score,2,RandomForest,monotonic,gse20194,meta_batch,None,None,0.760656
mutual_info_score,3,RandomForest,monotonic,gse20194,meta_batch,None,None,0.60878
mutual_info_score,4,RandomForest,monotonic,gse20194,meta_batch,None,None,0.666978
mutual_info_score,5,RandomForest,monotonic,gse20194,meta_batch,None,None,0.719152
mutual_info_score,6,RandomForest,monotonic,gse20194,meta_batch,None,None,0.66767
mutual_info_score,7,RandomForest,monotonic,gse20194,meta_batch,None,None,0.679554
mutual_info_score,8,RandomForest,monotonic,gse20194,meta_batch,None,None,0.677806
mutual_info_score,9,RandomForest,monotonic,gse20194,meta_batch,None,None,0.707538
accuracy_score,0,RandomForest,monotonic,gse20194,meta_batch,None,None,0.925439
accuracy_score,1,RandomForest,monotonic,gse20194,meta_batch,None,None,0.951754
accuracy_score,2,RandomForest,monotonic,gse20194,meta_batch,None,None,0.960526
accuracy_score,3,RandomForest,monotonic,gse20194,meta_batch,None,None,0.921053
accuracy_score,4,RandomForest,monotonic,gse20194,meta_batch,None,None,0.938596
accuracy_score,5,RandomForest,monotonic,gse20194,meta_batch,None,None,0.951754
accuracy_score,6,RandomForest,monotonic,gse20194,meta_batch,None,None,0.934211
accuracy_score,7,RandomForest,monotonic,gse20194,meta_batch,None,None,0.938596
accuracy_score,8,RandomForest,monotonic,gse20194,meta_batch,None,None,0.942982
accuracy_score,9,RandomForest,monotonic,gse20194,meta_batch,None,None,0.947368
roc_auc_score,0,HistGradientBoosting,monotonic,gse20194,meta_batch,None,None,0.981905
roc_auc_score,1,HistGradientBoosting,monotonic,gse20194,meta_batch,None,None,0.982615
roc_auc_score,2,HistGradientBoosting,monotonic,gse20194,meta_batch,None,None,0.984716
roc_auc_score,3,HistGradientBoosting,monotonic,gse20194,meta_batch,None,None,0.983957
roc_auc_score,4,HistGradientBoosting,monotonic,gse20194,meta_batch,None,None,0.982824
roc_auc_score,5,HistGradientBoosting,monotonic,gse20194,meta_batch,None,None,0.986117
roc_auc_score,6,HistGradientBoosting,monotonic,gse20194,meta_batch,None,None,0.981835
roc_auc_score,7,HistGradientBoosting,monotonic,gse20194,meta_batch,None,None,0.980479
roc_auc_score,8,HistGradientBoosting,monotonic,gse20194,meta_batch,None,None,0.981635
roc_auc_score,9,HistGradientBoosting,monotonic,gse20194,meta_batch,None,None,0.98191
mutual_info_score,0,HistGradientBoosting,monotonic,gse20194,meta_batch,None,None,0.623379
mutual_info_score,1,HistGradientBoosting,monotonic,gse20194,meta_batch,None,None,0.701027
mutual_info_score,2,HistGradientBoosting,monotonic,gse20194,meta_batch,None,None,0.759009
mutual_info_score,3,HistGradientBoosting,monotonic,gse20194,meta_batch,None,None,0.739968
mutual_info_score,4,HistGradientBoosting,monotonic,gse20194,meta_batch,None,None,0.664557
mutual_info_score,5,HistGradientBoosting,monotonic,gse20194,meta_batch,None,None,0.701096
mutual_info_score,6,HistGradientBoosting,monotonic,gse20194,meta_batch,None,None,0.601033
mutual_info_score,7,HistGradientBoosting,monotonic,gse20194,meta_batch,None,None,0.63196
mutual_info_score,8,HistGradientBoosting,monotonic,gse20194,meta_batch,None,None,0.658036
mutual_info_score,9,HistGradientBoosting,monotonic,gse20194,meta_batch,None,None,0.704221
accuracy_score,0,HistGradientBoosting,monotonic,gse20194,meta_batch,None,None,0.921053
accuracy_score,1,HistGradientBoosting,monotonic,gse20194,meta_batch,None,None,0.947368
accuracy_score,2,HistGradientBoosting,monotonic,gse20194,meta_batch,None,None,0.960526
accuracy_score,3,HistGradientBoosting,monotonic,gse20194,meta_batch,None,None,0.95614
accuracy_score,4,HistGradientBoosting,monotonic,gse20194,meta_batch,None,None,0.938596
accuracy_score,5,HistGradientBoosting,monotonic,gse20194,meta_batch,None,None,0.947368
accuracy_score,6,HistGradientBoosting,monotonic,gse20194,meta_batch,None,None,0.921053
accuracy_score,7,HistGradientBoosting,monotonic,gse20194,meta_batch,None,None,0.929825
accuracy_score,8,HistGradientBoosting,monotonic,gse20194,meta_batch,None,None,0.929825
accuracy_score,9,HistGradientBoosting,monotonic,gse20194,meta_batch,None,None,0.942982
roc_auc_score,0,RandomForest,non_monotonic,gse20194,meta_batch,None,None,0.95298
roc_auc_score,1,RandomForest,non_monotonic,gse20194,meta_batch,None,None,0.949813
roc_auc_score,2,RandomForest,non_monotonic,gse20194,meta_batch,None,None,0.955914
roc_auc_score,3,RandomForest,non_monotonic,gse20194,meta_batch,None,None,0.952343
roc_auc_score,4,RandomForest,non_monotonic,gse20194,meta_batch,None,None,0.956994
roc_auc_score,5,RandomForest,non_monotonic,gse20194,meta_batch,None,None,0.963869
roc_auc_score,6,RandomForest,non_monotonic,gse20194,meta_batch,None,None,0.953387
roc_auc_score,7,RandomForest,non_monotonic,gse20194,meta_batch,None,None,0.953935
roc_auc_score,8,RandomForest,non_monotonic,gse20194,meta_batch,None,None,0.94749
roc_auc_score,9,RandomForest,non_monotonic,gse20194,meta_batch,None,None,0.969979
mutual_info_score,0,RandomForest,non_monotonic,gse20194,meta_batch,None,None,0.582436
mutual_info_score,1,RandomForest,non_monotonic,gse20194,meta_batch,None,None,0.567505
mutual_info_score,2,RandomForest,non_monotonic,gse20194,meta_batch,None,None,0.597288
mutual_info_score,3,RandomForest,non_monotonic,gse20194,meta_batch,None,None,0.56252
mutual_info_score,4,RandomForest,non_monotonic,gse20194,meta_batch,None,None,0.552498
mutual_info_score,5,RandomForest,non_monotonic,gse20194,meta_batch,None,None,0.601258
mutual_info_score,6,RandomForest,non_monotonic,gse20194,meta_batch,None,None,0.602237
mutual_info_score,7,RandomForest,non_monotonic,gse20194,meta_batch,None,None,0.572548
mutual_info_score,8,RandomForest,non_monotonic,gse20194,meta_batch,None,None,0.603207
mutual_info_score,9,RandomForest,non_monotonic,gse20194,meta_batch,None,None,0.617118
accuracy_score,0,RandomForest,non_monotonic,gse20194,meta_batch,None,None,0.903509
accuracy_score,1,RandomForest,non_monotonic,gse20194,meta_batch,None,None,0.903509
accuracy_score,2,RandomForest,non_monotonic,gse20194,meta_batch,None,None,0.903509
accuracy_score,3,RandomForest,non_monotonic,gse20194,meta_batch,None,None,0.899123
accuracy_score,4,RandomForest,non_monotonic,gse20194,meta_batch,None,None,0.894737
accuracy_score,5,RandomForest,non_monotonic,gse20194,meta_batch,None,None,0.907895
accuracy_score,6,RandomForest,non_monotonic,gse20194,meta_batch,None,None,0.907895
accuracy_score,7,RandomForest,non_monotonic,gse20194,meta_batch,None,None,0.894737
accuracy_score,8,RandomForest,non_monotonic,gse20194,meta_batch,None,None,0.907895
accuracy_score,9,RandomForest,non_monotonic,gse20194,meta_batch,None,None,0.912281
roc_auc_score,0,HistGradientBoosting,non_monotonic,gse20194,meta_batch,None,None,0.955087
roc_auc_score,1,HistGradientBoosting,non_monotonic,gse20194,meta_batch,None,None,0.962859
roc_auc_score,2,HistGradientBoosting,non_monotonic,gse20194,meta_batch,None,None,0.955331
roc_auc_score,3,HistGradientBoosting,non_monotonic,gse20194,meta_batch,None,None,0.965654
roc_auc_score,4,HistGradientBoosting,non_monotonic,gse20194,meta_batch,None,None,0.973901
roc_auc_score,5,HistGradientBoosting,non_monotonic,gse20194,meta_batch,None,None,0.967535
roc_auc_score,6,HistGradientBoosting,non_monotonic,gse20194,meta_batch,None,None,0.967291
roc_auc_score,7,HistGradientBoosting,non_monotonic,gse20194,meta_batch,None,None,0.958346
roc_auc_score,8,HistGradientBoosting,non_monotonic,gse20194,meta_batch,None,None,0.965909
roc_auc_score,9,HistGradientBoosting,non_monotonic,gse20194,meta_batch,None,None,0.979517
mutual_info_score,0,HistGradientBoosting,non_monotonic,gse20194,meta_batch,None,None,0.538713
mutual_info_score,1,HistGradientBoosting,non_monotonic,gse20194,meta_batch,None,None,0.537857
mutual_info_score,2,HistGradientBoosting,non_monotonic,gse20194,meta_batch,None,None,0.545525
mutual_info_score,3,HistGradientBoosting,non_monotonic,gse20194,meta_batch,None,None,0.609975
mutual_info_score,4,HistGradientBoosting,non_monotonic,gse20194,meta_batch,None,None,0.628116
mutual_info_score,5,HistGradientBoosting,non_monotonic,gse20194,meta_batch,None,None,0.564698
mutual_info_score,6,HistGradientBoosting,non_monotonic,gse20194,meta_batch,None,None,0.561279
mutual_info_score,7,HistGradientBoosting,non_monotonic,gse20194,meta_batch,None,None,0.635755
mutual_info_score,8,HistGradientBoosting,non_monotonic,gse20194,meta_batch,None,None,0.617075
mutual_info_score,9,HistGradientBoosting,non_monotonic,gse20194,meta_batch,None,None,0.644723
accuracy_score,0,HistGradientBoosting,non_monotonic,gse20194,meta_batch,None,None,0.899123
accuracy_score,1,HistGradientBoosting,non_monotonic,gse20194,meta_batch,None,None,0.899123
accuracy_score,2,HistGradientBoosting,non_monotonic,gse20194,meta_batch,None,None,0.899123
accuracy_score,3,HistGradientBoosting,non_monotonic,gse20194,meta_batch,None,None,0.916667
accuracy_score,4,HistGradientBoosting,non_monotonic,gse20194,meta_batch,None,None,0.925439
accuracy_score,5,HistGradientBoosting,non_monotonic,gse20194,meta_batch,None,None,0.907895
accuracy_score,6,HistGradientBoosting,non_monotonic,gse20194,meta_batch,None,None,0.907895
accuracy_score,7,HistGradientBoosting,non_monotonic,gse20194,meta_batch,None,None,0.925439
accuracy_score,8,HistGradientBoosting,non_monotonic,gse20194,meta_batch,None,None,0.916667
accuracy_score,9,HistGradientBoosting,non_monotonic,gse20194,meta_batch,None,None,0.925439
roc_auc_score,0,RandomForest,combat,gse20194,meta_batch,None,None,0.799788
roc_auc_score,1,RandomForest,combat,gse20194,meta_batch,None,None,0.768983
roc_auc_score,2,RandomForest,combat,gse20194,meta_batch,None,None,0.83548
roc_auc_score,3,RandomForest,combat,gse20194,meta_batch,None,None,0.800682
roc_auc_score,4,RandomForest,combat,gse20194,meta_batch,None,None,0.775347
roc_auc_score,5,RandomForest,combat,gse20194,meta_batch,None,None,0.817787
roc_auc_score,6,RandomForest,combat,gse20194,meta_batch,None,None,0.837901
roc_auc_score,7,RandomForest,combat,gse20194,meta_batch,None,None,0.796932
roc_auc_score,8,RandomForest,combat,gse20194,meta_batch,None,None,0.776578
roc_auc_score,9,RandomForest,combat,gse20194,meta_batch,None,None,0.826701
mutual_info_score,0,RandomForest,combat,gse20194,meta_batch,None,None,0.083018
mutual_info_score,1,RandomForest,combat,gse20194,meta_batch,None,None,0.113992
mutual_info_score,2,RandomForest,combat,gse20194,meta_batch,None,None,0.180246
mutual_info_score,3,RandomForest,combat,gse20194,meta_batch,None,None,0.133479
mutual_info_score,4,RandomForest,combat,gse20194,meta_batch,None,None,0.12449
mutual_info_score,5,RandomForest,combat,gse20194,meta_batch,None,None,0.152027
mutual_info_score,6,RandomForest,combat,gse20194,meta_batch,None,None,0.122694
mutual_info_score,7,RandomForest,combat,gse20194,meta_batch,None,None,0.096036
mutual_info_score,8,RandomForest,combat,gse20194,meta_batch,None,None,0.095728
mutual_info_score,9,RandomForest,combat,gse20194,meta_batch,None,None,0.170177
accuracy_score,0,RandomForest,combat,gse20194,meta_batch,None,None,0.666667
accuracy_score,1,RandomForest,combat,gse20194,meta_batch,None,None,0.684211
accuracy_score,2,RandomForest,combat,gse20194,meta_batch,None,None,0.736842
accuracy_score,3,RandomForest,combat,gse20194,meta_batch,None,None,0.701754
accuracy_score,4,RandomForest,combat,gse20194,meta_batch,None,None,0.679825
accuracy_score,5,RandomForest,combat,gse20194,meta_batch,None,None,0.714912
accuracy_score,6,RandomForest,combat,gse20194,meta_batch,None,None,0.701754
accuracy_score,7,RandomForest,combat,gse20194,meta_batch,None,None,0.679825
accuracy_score,8,RandomForest,combat,gse20194,meta_batch,None,None,0.684211
accuracy_score,9,RandomForest,combat,gse20194,meta_batch,None,None,0.732456
roc_auc_score,0,HistGradientBoosting,combat,gse20194,meta_batch,None,None,0.972439
roc_auc_score,1,HistGradientBoosting,combat,gse20194,meta_batch,None,None,0.960706
roc_auc_score,2,HistGradientBoosting,combat,gse20194,meta_batch,None,None,0.96875
roc_auc_score,3,HistGradientBoosting,combat,gse20194,meta_batch,None,None,0.970824
roc_auc_score,4,HistGradientBoosting,combat,gse20194,meta_batch,None,None,0.959664
roc_auc_score,5,HistGradientBoosting,combat,gse20194,meta_batch,None,None,0.964924
roc_auc_score,6,HistGradientBoosting,combat,gse20194,meta_batch,None,None,0.958737
roc_auc_score,7,HistGradientBoosting,combat,gse20194,meta_batch,None,None,0.958766
roc_auc_score,8,HistGradientBoosting,combat,gse20194,meta_batch,None,None,0.974076
roc_auc_score,9,HistGradientBoosting,combat,gse20194,meta_batch,None,None,0.979519
mutual_info_score,0,HistGradientBoosting,combat,gse20194,meta_batch,None,None,0.629154
mutual_info_score,1,HistGradientBoosting,combat,gse20194,meta_batch,None,None,0.560633
mutual_info_score,2,HistGradientBoosting,combat,gse20194,meta_batch,None,None,0.629783
mutual_info_score,3,HistGradientBoosting,combat,gse20194,meta_batch,None,None,0.576967
mutual_info_score,4,HistGradientBoosting,combat,gse20194,meta_batch,None,None,0.45899
mutual_info_score,5,HistGradientBoosting,combat,gse20194,meta_batch,None,None,0.597957
mutual_info_score,6,HistGradientBoosting,combat,gse20194,meta_batch,None,None,0.564386
mutual_info_score,7,HistGradientBoosting,combat,gse20194,meta_batch,None,None,0.528343
mutual_info_score,8,HistGradientBoosting,combat,gse20194,meta_batch,None,None,0.548402
mutual_info_score,9,HistGradientBoosting,combat,gse20194,meta_batch,None,None,0.60485
accuracy_score,0,HistGradientBoosting,combat,gse20194,meta_batch,None,None,0.921053
accuracy_score,1,HistGradientBoosting,combat,gse20194,meta_batch,None,None,0.907895
accuracy_score,2,HistGradientBoosting,combat,gse20194,meta_batch,None,None,0.929825
accuracy_score,3,HistGradientBoosting,combat,gse20194,meta_batch,None,None,0.912281
accuracy_score,4,HistGradientBoosting,combat,gse20194,meta_batch,None,None,0.868421
accuracy_score,5,HistGradientBoosting,combat,gse20194,meta_batch,None,None,0.916667
accuracy_score,6,HistGradientBoosting,combat,gse20194,meta_batch,None,None,0.912281
accuracy_score,7,HistGradientBoosting,combat,gse20194,meta_batch,None,None,0.899123
accuracy_score,8,HistGradientBoosting,combat,gse20194,meta_batch,None,None,0.903509
accuracy_score,9,HistGradientBoosting,combat,gse20194,meta_batch,None,None,0.921053
roc_auc_score,0,RandomForest,combat_target,gse20194,meta_batch,None,None,0.812619
roc_auc_score,1,RandomForest,combat_target,gse20194,meta_batch,None,None,0.825367
roc_auc_score,2,RandomForest,combat_target,gse20194,meta_batch,None,None,0.857108
roc_auc_score,3,RandomForest,combat_target,gse20194,meta_batch,None,None,0.850692
roc_auc_score,4,RandomForest,combat_target,gse20194,meta_batch,None,None,0.842847
roc_auc_score,5,RandomForest,combat_target,gse20194,meta_batch,None,None,0.876601
roc_auc_score,6,RandomForest,combat_target,gse20194,meta_batch,None,None,0.870339
roc_auc_score,7,RandomForest,combat_target,gse20194,meta_batch,None,None,0.822778
roc_auc_score,8,RandomForest,combat_target,gse20194,meta_batch,None,None,0.840135
roc_auc_score,9,RandomForest,combat_target,gse20194,meta_batch,None,None,0.887837
mutual_info_score,0,RandomForest,combat_target,gse20194,meta_batch,None,None,0.1099
mutual_info_score,1,RandomForest,combat_target,gse20194,meta_batch,None,None,0.111147
mutual_info_score,2,RandomForest,combat_target,gse20194,meta_batch,None,None,0.1494
mutual_info_score,3,RandomForest,combat_target,gse20194,meta_batch,None,None,0.138175
mutual_info_score,4,RandomForest,combat_target,gse20194,meta_batch,None,None,0.213512
mutual_info_score,5,RandomForest,combat_target,gse20194,meta_batch,None,None,0.200572
mutual_info_score,6,RandomForest,combat_target,gse20194,meta_batch,None,None,0.187144
mutual_info_score,7,RandomForest,combat_target,gse20194,meta_batch,None,None,0.125726
mutual_info_score,8,RandomForest,combat_target,gse20194,meta_batch,None,None,0.213631
mutual_info_score,9,RandomForest,combat_target,gse20194,meta_batch,None,None,0.212812
accuracy_score,0,RandomForest,combat_target,gse20194,meta_batch,None,None,0.697368
accuracy_score,1,RandomForest,combat_target,gse20194,meta_batch,None,None,0.692982
accuracy_score,2,RandomForest,combat_target,gse20194,meta_batch,None,None,0.719298
accuracy_score,3,RandomForest,combat_target,gse20194,meta_batch,None,None,0.714912
accuracy_score,4,RandomForest,combat_target,gse20194,meta_batch,None,None,0.754386
accuracy_score,5,RandomForest,combat_target,gse20194,meta_batch,None,None,0.741228
accuracy_score,6,RandomForest,combat_target,gse20194,meta_batch,None,None,0.741228
accuracy_score,7,RandomForest,combat_target,gse20194,meta_batch,None,None,0.70614
accuracy_score,8,RandomForest,combat_target,gse20194,meta_batch,None,None,0.75
accuracy_score,9,RandomForest,combat_target,gse20194,meta_batch,None,None,0.745614
roc_auc_score,0,HistGradientBoosting,combat_target,gse20194,meta_batch,None,None,0.965133
roc_auc_score,1,HistGradientBoosting,combat_target,gse20194,meta_batch,None,None,0.974821
roc_auc_score,2,HistGradientBoosting,combat_target,gse20194,meta_batch,None,None,0.962613
roc_auc_score,3,HistGradientBoosting,combat_target,gse20194,meta_batch,None,None,0.969879
roc_auc_score,4,HistGradientBoosting,combat_target,gse20194,meta_batch,None,None,0.95162
roc_auc_score,5,HistGradientBoosting,combat_target,gse20194,meta_batch,None,None,0.978266
roc_auc_score,6,HistGradientBoosting,combat_target,gse20194,meta_batch,None,None,0.953323
roc_auc_score,7,HistGradientBoosting,combat_target,gse20194,meta_batch,None,None,0.968433
roc_auc_score,8,HistGradientBoosting,combat_target,gse20194,meta_batch,None,None,0.96922
roc_auc_score,9,HistGradientBoosting,combat_target,gse20194,meta_batch,None,None,0.965614
mutual_info_score,0,HistGradientBoosting,combat_target,gse20194,meta_batch,None,None,0.60369
mutual_info_score,1,HistGradientBoosting,combat_target,gse20194,meta_batch,None,None,0.517358
mutual_info_score,2,HistGradientBoosting,combat_target,gse20194,meta_batch,None,None,0.628835
mutual_info_score,3,HistGradientBoosting,combat_target,gse20194,meta_batch,None,None,0.663861
mutual_info_score,4,HistGradientBoosting,combat_target,gse20194,meta_batch,None,None,0.509364
mutual_info_score,5,HistGradientBoosting,combat_target,gse20194,meta_batch,None,None,0.65208
mutual_info_score,6,HistGradientBoosting,combat_target,gse20194,meta_batch,None,None,0.53283
mutual_info_score,7,HistGradientBoosting,combat_target,gse20194,meta_batch,None,None,0.581135
mutual_info_score,8,HistGradientBoosting,combat_target,gse20194,meta_batch,None,None,0.628063
mutual_info_score,9,HistGradientBoosting,combat_target,gse20194,meta_batch,None,None,0.602648
accuracy_score,0,HistGradientBoosting,combat_target,gse20194,meta_batch,None,None,0.921053
accuracy_score,1,HistGradientBoosting,combat_target,gse20194,meta_batch,None,None,0.899123
accuracy_score,2,HistGradientBoosting,combat_target,gse20194,meta_batch,None,None,0.916667
accuracy_score,3,HistGradientBoosting,combat_target,gse20194,meta_batch,None,None,0.938596
accuracy_score,4,HistGradientBoosting,combat_target,gse20194,meta_batch,None,None,0.890351
accuracy_score,5,HistGradientBoosting,combat_target,gse20194,meta_batch,None,None,0.934211
accuracy_score,6,HistGradientBoosting,combat_target,gse20194,meta_batch,None,None,0.899123
accuracy_score,7,HistGradientBoosting,combat_target,gse20194,meta_batch,None,None,0.916667
accuracy_score,8,HistGradientBoosting,combat_target,gse20194,meta_batch,None,None,0.921053
accuracy_score,9,HistGradientBoosting,combat_target,gse20194,meta_batch,None,None,0.916667
roc_auc_score,0,RandomForest,npn,gse20194,meta_batch,None,None,0.078837
roc_auc_score,1,RandomForest,npn,gse20194,meta_batch,None,None,0.085615
roc_auc_score,2,RandomForest,npn,gse20194,meta_batch,None,None,0.087318
roc_auc_score,3,RandomForest,npn,gse20194,meta_batch,None,None,0.092482
roc_auc_score,4,RandomForest,npn,gse20194,meta_batch,None,None,0.054645
roc_auc_score,5,RandomForest,npn,gse20194,meta_batch,None,None,0.094687
roc_auc_score,6,RandomForest,npn,gse20194,meta_batch,None,None,0.08716
roc_auc_score,7,RandomForest,npn,gse20194,meta_batch,None,None,0.050811
roc_auc_score,8,RandomForest,npn,gse20194,meta_batch,None,None,0.067661
roc_auc_score,9,RandomForest,npn,gse20194,meta_batch,None,None,0.064688
mutual_info_score,0,RandomForest,npn,gse20194,meta_batch,None,None,0.218003
mutual_info_score,1,RandomForest,npn,gse20194,meta_batch,None,None,0.249832
mutual_info_score,2,RandomForest,npn,gse20194,meta_batch,None,None,0.226334
mutual_info_score,3,RandomForest,npn,gse20194,meta_batch,None,None,0.141065
mutual_info_score,4,RandomForest,npn,gse20194,meta_batch,None,None,0.249403
mutual_info_score,5,RandomForest,npn,gse20194,meta_batch,None,None,0.205978
mutual_info_score,6,RandomForest,npn,gse20194,meta_batch,None,None,0.161328
mutual_info_score,7,RandomForest,npn,gse20194,meta_batch,None,None,0.267873
mutual_info_score,8,RandomForest,npn,gse20194,meta_batch,None,None,0.209992
mutual_info_score,9,RandomForest,npn,gse20194,meta_batch,None,None,0.183087
accuracy_score,0,RandomForest,npn,gse20194,meta_batch,None,None,0.324561
accuracy_score,1,RandomForest,npn,gse20194,meta_batch,None,None,0.29386
accuracy_score,2,RandomForest,npn,gse20194,meta_batch,None,None,0.289474
accuracy_score,3,RandomForest,npn,gse20194,meta_batch,None,None,0.372807
accuracy_score,4,RandomForest,npn,gse20194,meta_batch,None,None,0.320175
accuracy_score,5,RandomForest,npn,gse20194,meta_batch,None,None,0.342105
accuracy_score,6,RandomForest,npn,gse20194,meta_batch,None,None,0.359649
accuracy_score,7,RandomForest,npn,gse20194,meta_batch,None,None,0.285088
accuracy_score,8,RandomForest,npn,gse20194,meta_batch,None,None,0.337719
accuracy_score,9,RandomForest,npn,gse20194,meta_batch,None,None,0.346491
roc_auc_score,0,HistGradientBoosting,npn,gse20194,meta_batch,None,None,0.806726
roc_auc_score,1,HistGradientBoosting,npn,gse20194,meta_batch,None,None,0.798116
roc_auc_score,2,HistGradientBoosting,npn,gse20194,meta_batch,None,None,0.830841
roc_auc_score,3,HistGradientBoosting,npn,gse20194,meta_batch,None,None,0.784056
roc_auc_score,4,HistGradientBoosting,npn,gse20194,meta_batch,None,None,0.80326
roc_auc_score,5,HistGradientBoosting,npn,gse20194,meta_batch,None,None,0.828863
roc_auc_score,6,HistGradientBoosting,npn,gse20194,meta_batch,None,None,0.854145
roc_auc_score,7,HistGradientBoosting,npn,gse20194,meta_batch,None,None,0.793851
roc_auc_score,8,HistGradientBoosting,npn,gse20194,meta_batch,None,None,0.804141
roc_auc_score,9,HistGradientBoosting,npn,gse20194,meta_batch,None,None,0.807365
mutual_info_score,0,HistGradientBoosting,npn,gse20194,meta_batch,None,None,0.282953
mutual_info_score,1,HistGradientBoosting,npn,gse20194,meta_batch,None,None,0.389559
mutual_info_score,2,HistGradientBoosting,npn,gse20194,meta_batch,None,None,0.357933
mutual_info_score,3,HistGradientBoosting,npn,gse20194,meta_batch,None,None,0.29691
mutual_info_score,4,HistGradientBoosting,npn,gse20194,meta_batch,None,None,0.342254
mutual_info_score,5,HistGradientBoosting,npn,gse20194,meta_batch,None,None,0.370402
mutual_info_score,6,HistGradientBoosting,npn,gse20194,meta_batch,None,None,0.400167
mutual_info_score,7,HistGradientBoosting,npn,gse20194,meta_batch,None,None,0.290274
mutual_info_score,8,HistGradientBoosting,npn,gse20194,meta_batch,None,None,0.390633
mutual_info_score,9,HistGradientBoosting,npn,gse20194,meta_batch,None,None,0.292633
accuracy_score,0,HistGradientBoosting,npn,gse20194,meta_batch,None,None,0.807018
accuracy_score,1,HistGradientBoosting,npn,gse20194,meta_batch,None,None,0.846491
accuracy_score,2,HistGradientBoosting,npn,gse20194,meta_batch,None,None,0.833333
accuracy_score,3,HistGradientBoosting,npn,gse20194,meta_batch,None,None,0.811404
accuracy_score,4,HistGradientBoosting,npn,gse20194,meta_batch,None,None,0.828947
accuracy_score,5,HistGradientBoosting,npn,gse20194,meta_batch,None,None,0.842105
accuracy_score,6,HistGradientBoosting,npn,gse20194,meta_batch,None,None,0.850877
accuracy_score,7,HistGradientBoosting,npn,gse20194,meta_batch,None,None,0.811404
accuracy_score,8,HistGradientBoosting,npn,gse20194,meta_batch,None,None,0.850877
accuracy_score,9,HistGradientBoosting,npn,gse20194,meta_batch,None,None,0.802632
roc_auc_score,0,RandomForest,limma,gse20194,meta_batch,None,None,0.999295
roc_auc_score,1,RandomForest,limma,gse20194,meta_batch,None,None,0.999648
roc_auc_score,2,RandomForest,limma,gse20194,meta_batch,None,None,1.0
roc_auc_score,3,RandomForest,limma,gse20194,meta_batch,None,None,0.999882
roc_auc_score,4,RandomForest,limma,gse20194,meta_batch,None,None,0.999413
roc_auc_score,5,RandomForest,limma,gse20194,meta_batch,None,None,1.0
roc_auc_score,6,RandomForest,limma,gse20194,meta_batch,None,None,0.999883
roc_auc_score,7,RandomForest,limma,gse20194,meta_batch,None,None,0.999883
roc_auc_score,8,RandomForest,limma,gse20194,meta_batch,None,None,1.0
roc_auc_score,9,RandomForest,limma,gse20194,meta_batch,None,None,1.0
mutual_info_score,0,RandomForest,limma,gse20194,meta_batch,None,None,0.847011
mutual_info_score,1,RandomForest,limma,gse20194,meta_batch,None,None,0.816952
mutual_info_score,2,RandomForest,limma,gse20194,meta_batch,None,None,0.92523
mutual_info_score,3,RandomForest,limma,gse20194,meta_batch,None,None,0.915035
mutual_info_score,4,RandomForest,limma,gse20194,meta_batch,None,None,0.801482
mutual_info_score,5,RandomForest,limma,gse20194,meta_batch,None,None,0.881802
mutual_info_score,6,RandomForest,limma,gse20194,meta_batch,None,None,0.793089
mutual_info_score,7,RandomForest,limma,gse20194,meta_batch,None,None,0.847296
mutual_info_score,8,RandomForest,limma,gse20194,meta_batch,None,None,0.95543
mutual_info_score,9,RandomForest,limma,gse20194,meta_batch,None,None,0.933858
accuracy_score,0,RandomForest,limma,gse20194,meta_batch,None,None,0.973684
accuracy_score,1,RandomForest,limma,gse20194,meta_batch,None,None,0.969298
accuracy_score,2,RandomForest,limma,gse20194,meta_batch,None,None,0.991228
accuracy_score,3,RandomForest,limma,gse20194,meta_batch,None,None,0.986842
accuracy_score,4,RandomForest,limma,gse20194,meta_batch,None,None,0.964912
accuracy_score,5,RandomForest,limma,gse20194,meta_batch,None,None,0.982456
accuracy_score,6,RandomForest,limma,gse20194,meta_batch,None,None,0.964912
accuracy_score,7,RandomForest,limma,gse20194,meta_batch,None,None,0.973684
accuracy_score,8,RandomForest,limma,gse20194,meta_batch,None,None,0.995614
accuracy_score,9,RandomForest,limma,gse20194,meta_batch,None,None,0.991228
roc_auc_score,0,HistGradientBoosting,limma,gse20194,meta_batch,None,None,0.998119
roc_auc_score,1,HistGradientBoosting,limma,gse20194,meta_batch,None,None,0.996229
roc_auc_score,2,HistGradientBoosting,limma,gse20194,meta_batch,None,None,0.997886
roc_auc_score,3,HistGradientBoosting,limma,gse20194,meta_batch,None,None,0.995513
roc_auc_score,4,HistGradientBoosting,limma,gse20194,meta_batch,None,None,0.996218
roc_auc_score,5,HistGradientBoosting,limma,gse20194,meta_batch,None,None,1.0
roc_auc_score,6,HistGradientBoosting,limma,gse20194,meta_batch,None,None,0.998121
roc_auc_score,7,HistGradientBoosting,limma,gse20194,meta_batch,None,None,0.999765
roc_auc_score,8,HistGradientBoosting,limma,gse20194,meta_batch,None,None,0.994597
roc_auc_score,9,HistGradientBoosting,limma,gse20194,meta_batch,None,None,0.997414
mutual_info_score,0,HistGradientBoosting,limma,gse20194,meta_batch,None,None,0.879242
mutual_info_score,1,HistGradientBoosting,limma,gse20194,meta_batch,None,None,0.876956
mutual_info_score,2,HistGradientBoosting,limma,gse20194,meta_batch,None,None,0.80235
mutual_info_score,3,HistGradientBoosting,limma,gse20194,meta_batch,None,None,0.761718
mutual_info_score,4,HistGradientBoosting,limma,gse20194,meta_batch,None,None,0.850555
mutual_info_score,5,HistGradientBoosting,limma,gse20194,meta_batch,None,None,0.898528
mutual_info_score,6,HistGradientBoosting,limma,gse20194,meta_batch,None,None,0.906922
mutual_info_score,7,HistGradientBoosting,limma,gse20194,meta_batch,None,None,0.879092
mutual_info_score,8,HistGradientBoosting,limma,gse20194,meta_batch,None,None,0.734622
mutual_info_score,9,HistGradientBoosting,limma,gse20194,meta_batch,None,None,0.748197
accuracy_score,0,HistGradientBoosting,limma,gse20194,meta_batch,None,None,0.982456
accuracy_score,1,HistGradientBoosting,limma,gse20194,meta_batch,None,None,0.982456
accuracy_score,2,HistGradientBoosting,limma,gse20194,meta_batch,None,None,0.969298
accuracy_score,3,HistGradientBoosting,limma,gse20194,meta_batch,None,None,0.960526
accuracy_score,4,HistGradientBoosting,limma,gse20194,meta_batch,None,None,0.969298
accuracy_score,5,HistGradientBoosting,limma,gse20194,meta_batch,None,None,0.986842
accuracy_score,6,HistGradientBoosting,limma,gse20194,meta_batch,None,None,0.986842
accuracy_score,7,HistGradientBoosting,limma,gse20194,meta_batch,None,None,0.982456
accuracy_score,8,HistGradientBoosting,limma,gse20194,meta_batch,None,None,0.942982
accuracy_score,9,HistGradientBoosting,limma,gse20194,meta_batch,None,None,0.95614
roc_auc_score,0,RandomForest,limma_target,gse20194,meta_batch,None,None,1.0
roc_auc_score,1,RandomForest,limma_target,gse20194,meta_batch,None,None,0.999765
roc_auc_score,2,RandomForest,limma_target,gse20194,meta_batch,None,None,0.999763
roc_auc_score,3,RandomForest,limma_target,gse20194,meta_batch,None,None,0.999763
roc_auc_score,4,RandomForest,limma_target,gse20194,meta_batch,None,None,0.999056
roc_auc_score,5,RandomForest,limma_target,gse20194,meta_batch,None,None,0.999883
roc_auc_score,6,RandomForest,limma_target,gse20194,meta_batch,None,None,0.999883
roc_auc_score,7,RandomForest,limma_target,gse20194,meta_batch,None,None,1.0
roc_auc_score,8,RandomForest,limma_target,gse20194,meta_batch,None,None,1.0
roc_auc_score,9,RandomForest,limma_target,gse20194,meta_batch,None,None,1.0
mutual_info_score,0,RandomForest,limma_target,gse20194,meta_batch,None,None,0.915457
mutual_info_score,1,RandomForest,limma_target,gse20194,meta_batch,None,None,0.838175
mutual_info_score,2,RandomForest,limma_target,gse20194,meta_batch,None,None,0.894886
mutual_info_score,3,RandomForest,limma_target,gse20194,meta_batch,None,None,0.933574
mutual_info_score,4,RandomForest,limma_target,gse20194,meta_batch,None,None,0.884835
mutual_info_score,5,RandomForest,limma_target,gse20194,meta_batch,None,None,0.925086
mutual_info_score,6,RandomForest,limma_target,gse20194,meta_batch,None,None,0.844861
mutual_info_score,7,RandomForest,limma_target,gse20194,meta_batch,None,None,0.863685
mutual_info_score,8,RandomForest,limma_target,gse20194,meta_batch,None,None,0.8332
mutual_info_score,9,RandomForest,limma_target,gse20194,meta_batch,None,None,0.8634
accuracy_score,0,RandomForest,limma_target,gse20194,meta_batch,None,None,0.986842
accuracy_score,1,RandomForest,limma_target,gse20194,meta_batch,None,None,0.973684
accuracy_score,2,RandomForest,limma_target,gse20194,meta_batch,None,None,0.986842
accuracy_score,3,RandomForest,limma_target,gse20194,meta_batch,None,None,0.991228
accuracy_score,4,RandomForest,limma_target,gse20194,meta_batch,None,None,0.982456
accuracy_score,5,RandomForest,limma_target,gse20194,meta_batch,None,None,0.991228
accuracy_score,6,RandomForest,limma_target,gse20194,meta_batch,None,None,0.973684
accuracy_score,7,RandomForest,limma_target,gse20194,meta_batch,None,None,0.97807
accuracy_score,8,RandomForest,limma_target,gse20194,meta_batch,None,None,0.973684
accuracy_score,9,RandomForest,limma_target,gse20194,meta_batch,None,None,0.97807
roc_auc_score,0,HistGradientBoosting,limma_target,gse20194,meta_batch,None,None,0.996232
roc_auc_score,1,HistGradientBoosting,limma_target,gse20194,meta_batch,None,None,0.999295
roc_auc_score,2,HistGradientBoosting,limma_target,gse20194,meta_batch,None,None,0.997179
roc_auc_score,3,HistGradientBoosting,limma_target,gse20194,meta_batch,None,None,0.994575
roc_auc_score,4,HistGradientBoosting,limma_target,gse20194,meta_batch,None,None,0.997886
roc_auc_score,5,HistGradientBoosting,limma_target,gse20194,meta_batch,None,None,0.998121
roc_auc_score,6,HistGradientBoosting,limma_target,gse20194,meta_batch,None,None,0.998356
roc_auc_score,7,HistGradientBoosting,limma_target,gse20194,meta_batch,None,None,0.997886
roc_auc_score,8,HistGradientBoosting,limma_target,gse20194,meta_batch,None,None,0.996711
roc_auc_score,9,HistGradientBoosting,limma_target,gse20194,meta_batch,None,None,0.998121
mutual_info_score,0,HistGradientBoosting,limma_target,gse20194,meta_batch,None,None,0.81904
mutual_info_score,1,HistGradientBoosting,limma_target,gse20194,meta_batch,None,None,0.898528
mutual_info_score,2,HistGradientBoosting,limma_target,gse20194,meta_batch,None,None,0.812297
mutual_info_score,3,HistGradientBoosting,limma_target,gse20194,meta_batch,None,None,0.84776
mutual_info_score,4,HistGradientBoosting,limma_target,gse20194,meta_batch,None,None,0.801059
mutual_info_score,5,HistGradientBoosting,limma_target,gse20194,meta_batch,None,None,0.828151
mutual_info_score,6,HistGradientBoosting,limma_target,gse20194,meta_batch,None,None,0.878567
mutual_info_score,7,HistGradientBoosting,limma_target,gse20194,meta_batch,None,None,0.905434
mutual_info_score,8,HistGradientBoosting,limma_target,gse20194,meta_batch,None,None,0.807739
mutual_info_score,9,HistGradientBoosting,limma_target,gse20194,meta_batch,None,None,0.782725
accuracy_score,0,HistGradientBoosting,limma_target,gse20194,meta_batch,None,None,0.973684
accuracy_score,1,HistGradientBoosting,limma_target,gse20194,meta_batch,None,None,0.986842
accuracy_score,2,HistGradientBoosting,limma_target,gse20194,meta_batch,None,None,0.969298
accuracy_score,3,HistGradientBoosting,limma_target,gse20194,meta_batch,None,None,0.973684
accuracy_score,4,HistGradientBoosting,limma_target,gse20194,meta_batch,None,None,0.969298
accuracy_score,5,HistGradientBoosting,limma_target,gse20194,meta_batch,None,None,0.973684
accuracy_score,6,HistGradientBoosting,limma_target,gse20194,meta_batch,None,None,0.982456
accuracy_score,7,HistGradientBoosting,limma_target,gse20194,meta_batch,None,None,0.982456
accuracy_score,8,HistGradientBoosting,limma_target,gse20194,meta_batch,None,None,0.964912
accuracy_score,9,HistGradientBoosting,limma_target,gse20194,meta_batch,None,None,0.964912
roc_auc_score,0,RandomForest,unadjusted,gse20194,meta_batch,None,None,0.98085
roc_auc_score,1,RandomForest,unadjusted,gse20194,meta_batch,None,None,0.982852
roc_auc_score,2,RandomForest,unadjusted,gse20194,meta_batch,None,None,0.98566
roc_auc_score,3,RandomForest,unadjusted,gse20194,meta_batch,None,None,0.984325
roc_auc_score,4,RandomForest,unadjusted,gse20194,meta_batch,None,None,0.981176
roc_auc_score,5,RandomForest,unadjusted,gse20194,meta_batch,None,None,0.984574
roc_auc_score,6,RandomForest,unadjusted,gse20194,meta_batch,None,None,0.985461
roc_auc_score,7,RandomForest,unadjusted,gse20194,meta_batch,None,None,0.979488
roc_auc_score,8,RandomForest,unadjusted,gse20194,meta_batch,None,None,0.984699
roc_auc_score,9,RandomForest,unadjusted,gse20194,meta_batch,None,None,0.98788
mutual_info_score,0,RandomForest,unadjusted,gse20194,meta_batch,None,None,0.63707
mutual_info_score,1,RandomForest,unadjusted,gse20194,meta_batch,None,None,0.724027
mutual_info_score,2,RandomForest,unadjusted,gse20194,meta_batch,None,None,0.760656
mutual_info_score,3,RandomForest,unadjusted,gse20194,meta_batch,None,None,0.62279
mutual_info_score,4,RandomForest,unadjusted,gse20194,meta_batch,None,None,0.666978
mutual_info_score,5,RandomForest,unadjusted,gse20194,meta_batch,None,None,0.719152
mutual_info_score,6,RandomForest,unadjusted,gse20194,meta_batch,None,None,0.647709
mutual_info_score,7,RandomForest,unadjusted,gse20194,meta_batch,None,None,0.66463
mutual_info_score,8,RandomForest,unadjusted,gse20194,meta_batch,None,None,0.677806
mutual_info_score,9,RandomForest,unadjusted,gse20194,meta_batch,None,None,0.707538
accuracy_score,0,RandomForest,unadjusted,gse20194,meta_batch,None,None,0.929825
accuracy_score,1,RandomForest,unadjusted,gse20194,meta_batch,None,None,0.951754
accuracy_score,2,RandomForest,unadjusted,gse20194,meta_batch,None,None,0.960526
accuracy_score,3,RandomForest,unadjusted,gse20194,meta_batch,None,None,0.925439
accuracy_score,4,RandomForest,unadjusted,gse20194,meta_batch,None,None,0.938596
accuracy_score,5,RandomForest,unadjusted,gse20194,meta_batch,None,None,0.951754
accuracy_score,6,RandomForest,unadjusted,gse20194,meta_batch,None,None,0.929825
accuracy_score,7,RandomForest,unadjusted,gse20194,meta_batch,None,None,0.934211
accuracy_score,8,RandomForest,unadjusted,gse20194,meta_batch,None,None,0.942982
accuracy_score,9,RandomForest,unadjusted,gse20194,meta_batch,None,None,0.947368
roc_auc_score,0,HistGradientBoosting,unadjusted,gse20194,meta_batch,None,None,0.981905
roc_auc_score,1,HistGradientBoosting,unadjusted,gse20194,meta_batch,None,None,0.982615
roc_auc_score,2,HistGradientBoosting,unadjusted,gse20194,meta_batch,None,None,0.98448
roc_auc_score,3,HistGradientBoosting,unadjusted,gse20194,meta_batch,None,None,0.984661
roc_auc_score,4,HistGradientBoosting,unadjusted,gse20194,meta_batch,None,None,0.982824
roc_auc_score,5,HistGradientBoosting,unadjusted,gse20194,meta_batch,None,None,0.986117
roc_auc_score,6,HistGradientBoosting,unadjusted,gse20194,meta_batch,None,None,0.98113
roc_auc_score,7,HistGradientBoosting,unadjusted,gse20194,meta_batch,None,None,0.980479
roc_auc_score,8,HistGradientBoosting,unadjusted,gse20194,meta_batch,None,None,0.98093
roc_auc_score,9,HistGradientBoosting,unadjusted,gse20194,meta_batch,None,None,0.98191
mutual_info_score,0,HistGradientBoosting,unadjusted,gse20194,meta_batch,None,None,0.623379
mutual_info_score,1,HistGradientBoosting,unadjusted,gse20194,meta_batch,None,None,0.701027
mutual_info_score,2,HistGradientBoosting,unadjusted,gse20194,meta_batch,None,None,0.759009
mutual_info_score,3,HistGradientBoosting,unadjusted,gse20194,meta_batch,None,None,0.712446
mutual_info_score,4,HistGradientBoosting,unadjusted,gse20194,meta_batch,None,None,0.664557
mutual_info_score,5,HistGradientBoosting,unadjusted,gse20194,meta_batch,None,None,0.701096
mutual_info_score,6,HistGradientBoosting,unadjusted,gse20194,meta_batch,None,None,0.613522
mutual_info_score,7,HistGradientBoosting,unadjusted,gse20194,meta_batch,None,None,0.63196
mutual_info_score,8,HistGradientBoosting,unadjusted,gse20194,meta_batch,None,None,0.645946
mutual_info_score,9,HistGradientBoosting,unadjusted,gse20194,meta_batch,None,None,0.702232
accuracy_score,0,HistGradientBoosting,unadjusted,gse20194,meta_batch,None,None,0.921053
accuracy_score,1,HistGradientBoosting,unadjusted,gse20194,meta_batch,None,None,0.947368
accuracy_score,2,HistGradientBoosting,unadjusted,gse20194,meta_batch,None,None,0.960526
accuracy_score,3,HistGradientBoosting,unadjusted,gse20194,meta_batch,None,None,0.951754
accuracy_score,4,HistGradientBoosting,unadjusted,gse20194,meta_batch,None,None,0.938596
accuracy_score,5,HistGradientBoosting,unadjusted,gse20194,meta_batch,None,None,0.947368
accuracy_score,6,HistGradientBoosting,unadjusted,gse20194,meta_batch,None,None,0.925439
accuracy_score,7,HistGradientBoosting,unadjusted,gse20194,meta_batch,None,None,0.929825
accuracy_score,8,HistGradientBoosting,unadjusted,gse20194,meta_batch,None,None,0.925439
accuracy_score,9,HistGradientBoosting,unadjusted,gse20194,meta_batch,None,None,0.942982
roc_auc_score,0,RandomForest,tampor,gse20194,meta_batch,None,None,0.9902
roc_auc_score,1,RandomForest,tampor,gse20194,meta_batch,None,None,0.990929
roc_auc_score,2,RandomForest,tampor,gse20194,meta_batch,None,None,0.985197
roc_auc_score,3,RandomForest,tampor,gse20194,meta_batch,None,None,0.992325
roc_auc_score,4,RandomForest,tampor,gse20194,meta_batch,None,None,0.984521
roc_auc_score,5,RandomForest,tampor,gse20194,meta_batch,None,None,0.994456
roc_auc_score,6,RandomForest,tampor,gse20194,meta_batch,None,None,0.992712
roc_auc_score,7,RandomForest,tampor,gse20194,meta_batch,None,None,0.98471
roc_auc_score,8,RandomForest,tampor,gse20194,meta_batch,None,None,0.992701
roc_auc_score,9,RandomForest,tampor,gse20194,meta_batch,None,None,0.991415
mutual_info_score,0,RandomForest,tampor,gse20194,meta_batch,None,None,0.761969
mutual_info_score,1,RandomForest,tampor,gse20194,meta_batch,None,None,0.702552
mutual_info_score,2,RandomForest,tampor,gse20194,meta_batch,None,None,0.653921
mutual_info_score,3,RandomForest,tampor,gse20194,meta_batch,None,None,0.656546
mutual_info_score,4,RandomForest,tampor,gse20194,meta_batch,None,None,0.70525
mutual_info_score,5,RandomForest,tampor,gse20194,meta_batch,None,None,0.714713
mutual_info_score,6,RandomForest,tampor,gse20194,meta_batch,None,None,0.723206
mutual_info_score,7,RandomForest,tampor,gse20194,meta_batch,None,None,0.67453
mutual_info_score,8,RandomForest,tampor,gse20194,meta_batch,None,None,0.608507
mutual_info_score,9,RandomForest,tampor,gse20194,meta_batch,None,None,0.723415
accuracy_score,0,RandomForest,tampor,gse20194,meta_batch,None,None,0.960526
accuracy_score,1,RandomForest,tampor,gse20194,meta_batch,None,None,0.947368
accuracy_score,2,RandomForest,tampor,gse20194,meta_batch,None,None,0.929825
accuracy_score,3,RandomForest,tampor,gse20194,meta_batch,None,None,0.934211
accuracy_score,4,RandomForest,tampor,gse20194,meta_batch,None,None,0.947368
accuracy_score,5,RandomForest,tampor,gse20194,meta_batch,None,None,0.938596
accuracy_score,6,RandomForest,tampor,gse20194,meta_batch,None,None,0.942982
accuracy_score,7,RandomForest,tampor,gse20194,meta_batch,None,None,0.925439
accuracy_score,8,RandomForest,tampor,gse20194,meta_batch,None,None,0.921053
accuracy_score,9,RandomForest,tampor,gse20194,meta_batch,None,None,0.947368
roc_auc_score,0,HistGradientBoosting,tampor,gse20194,meta_batch,None,None,0.984432
roc_auc_score,1,HistGradientBoosting,tampor,gse20194,meta_batch,None,None,0.991534
roc_auc_score,2,HistGradientBoosting,tampor,gse20194,meta_batch,None,None,0.970104
roc_auc_score,3,HistGradientBoosting,tampor,gse20194,meta_batch,None,None,0.992004
roc_auc_score,4,HistGradientBoosting,tampor,gse20194,meta_batch,None,None,0.945105
roc_auc_score,5,HistGradientBoosting,tampor,gse20194,meta_batch,None,None,0.978346
roc_auc_score,6,HistGradientBoosting,tampor,gse20194,meta_batch,None,None,0.985669
roc_auc_score,7,HistGradientBoosting,tampor,gse20194,meta_batch,None,None,0.97076
roc_auc_score,8,HistGradientBoosting,tampor,gse20194,meta_batch,None,None,0.96164
roc_auc_score,9,HistGradientBoosting,tampor,gse20194,meta_batch,None,None,0.976208
mutual_info_score,0,HistGradientBoosting,tampor,gse20194,meta_batch,None,None,0.636081
mutual_info_score,1,HistGradientBoosting,tampor,gse20194,meta_batch,None,None,0.724528
mutual_info_score,2,HistGradientBoosting,tampor,gse20194,meta_batch,None,None,0.644905
mutual_info_score,3,HistGradientBoosting,tampor,gse20194,meta_batch,None,None,0.770914
mutual_info_score,4,HistGradientBoosting,tampor,gse20194,meta_batch,None,None,0.487737
mutual_info_score,5,HistGradientBoosting,tampor,gse20194,meta_batch,None,None,0.542185
mutual_info_score,6,HistGradientBoosting,tampor,gse20194,meta_batch,None,None,0.766349
mutual_info_score,7,HistGradientBoosting,tampor,gse20194,meta_batch,None,None,0.546267
mutual_info_score,8,HistGradientBoosting,tampor,gse20194,meta_batch,None,None,0.42254
mutual_info_score,9,HistGradientBoosting,tampor,gse20194,meta_batch,None,None,0.597243
accuracy_score,0,HistGradientBoosting,tampor,gse20194,meta_batch,None,None,0.929825
accuracy_score,1,HistGradientBoosting,tampor,gse20194,meta_batch,None,None,0.947368
accuracy_score,2,HistGradientBoosting,tampor,gse20194,meta_batch,None,None,0.929825
accuracy_score,3,HistGradientBoosting,tampor,gse20194,meta_batch,None,None,0.960526
accuracy_score,4,HistGradientBoosting,tampor,gse20194,meta_batch,None,None,0.885965
accuracy_score,5,HistGradientBoosting,tampor,gse20194,meta_batch,None,None,0.894737
accuracy_score,6,HistGradientBoosting,tampor,gse20194,meta_batch,None,None,0.95614
accuracy_score,7,HistGradientBoosting,tampor,gse20194,meta_batch,None,None,0.903509
accuracy_score,8,HistGradientBoosting,tampor,gse20194,meta_batch,None,None,0.864035
accuracy_score,9,HistGradientBoosting,tampor,gse20194,meta_batch,None,None,0.921053
roc_auc_score,0,RandomForest,quantile,gse20194,meta_batch,None,None,0.409614
roc_auc_score,1,RandomForest,quantile,gse20194,meta_batch,None,None,0.434824
roc_auc_score,2,RandomForest,quantile,gse20194,meta_batch,None,None,0.504659
roc_auc_score,3,RandomForest,quantile,gse20194,meta_batch,None,None,0.486597
roc_auc_score,4,RandomForest,quantile,gse20194,meta_batch,None,None,0.435329
roc_auc_score,5,RandomForest,quantile,gse20194,meta_batch,None,None,0.482727
roc_auc_score,6,RandomForest,quantile,gse20194,meta_batch,None,None,0.481089
roc_auc_score,7,RandomForest,quantile,gse20194,meta_batch,None,None,0.424402
roc_auc_score,8,RandomForest,quantile,gse20194,meta_batch,None,None,0.469097
roc_auc_score,9,RandomForest,quantile,gse20194,meta_batch,None,None,0.476693
mutual_info_score,0,RandomForest,quantile,gse20194,meta_batch,None,None,0.015611
mutual_info_score,1,RandomForest,quantile,gse20194,meta_batch,None,None,0.011212
mutual_info_score,2,RandomForest,quantile,gse20194,meta_batch,None,None,0.009007
mutual_info_score,3,RandomForest,quantile,gse20194,meta_batch,None,None,0.010666
mutual_info_score,4,RandomForest,quantile,gse20194,meta_batch,None,None,0.003213
mutual_info_score,5,RandomForest,quantile,gse20194,meta_batch,None,None,0.003882
mutual_info_score,6,RandomForest,quantile,gse20194,meta_batch,None,None,0.00783
mutual_info_score,7,RandomForest,quantile,gse20194,meta_batch,None,None,0.007312
mutual_info_score,8,RandomForest,quantile,gse20194,meta_batch,None,None,0.006899
mutual_info_score,9,RandomForest,quantile,gse20194,meta_batch,None,None,0.014268
accuracy_score,0,RandomForest,quantile,gse20194,meta_batch,None,None,0.47807
accuracy_score,1,RandomForest,quantile,gse20194,meta_batch,None,None,0.482456
accuracy_score,2,RandomForest,quantile,gse20194,meta_batch,None,None,0.530702
accuracy_score,3,RandomForest,quantile,gse20194,meta_batch,None,None,0.530702
accuracy_score,4,RandomForest,quantile,gse20194,meta_batch,None,None,0.530702
accuracy_score,5,RandomForest,quantile,gse20194,meta_batch,None,None,0.54386
accuracy_score,6,RandomForest,quantile,gse20194,meta_batch,None,None,0.5
accuracy_score,7,RandomForest,quantile,gse20194,meta_batch,None,None,0.495614
accuracy_score,8,RandomForest,quantile,gse20194,meta_batch,None,None,0.52193
accuracy_score,9,RandomForest,quantile,gse20194,meta_batch,None,None,0.539474
roc_auc_score,0,HistGradientBoosting,quantile,gse20194,meta_batch,None,None,0.805627
roc_auc_score,1,HistGradientBoosting,quantile,gse20194,meta_batch,None,None,0.802282
roc_auc_score,2,HistGradientBoosting,quantile,gse20194,meta_batch,None,None,0.815526
roc_auc_score,3,HistGradientBoosting,quantile,gse20194,meta_batch,None,None,0.813249
roc_auc_score,4,HistGradientBoosting,quantile,gse20194,meta_batch,None,None,0.827976
roc_auc_score,5,HistGradientBoosting,quantile,gse20194,meta_batch,None,None,0.850838
roc_auc_score,6,HistGradientBoosting,quantile,gse20194,meta_batch,None,None,0.844559
roc_auc_score,7,HistGradientBoosting,quantile,gse20194,meta_batch,None,None,0.838092
roc_auc_score,8,HistGradientBoosting,quantile,gse20194,meta_batch,None,None,0.840364
roc_auc_score,9,HistGradientBoosting,quantile,gse20194,meta_batch,None,None,0.827595
mutual_info_score,0,HistGradientBoosting,quantile,gse20194,meta_batch,None,None,0.340215
mutual_info_score,1,HistGradientBoosting,quantile,gse20194,meta_batch,None,None,0.356497
mutual_info_score,2,HistGradientBoosting,quantile,gse20194,meta_batch,None,None,0.38092
mutual_info_score,3,HistGradientBoosting,quantile,gse20194,meta_batch,None,None,0.346459
mutual_info_score,4,HistGradientBoosting,quantile,gse20194,meta_batch,None,None,0.386437
mutual_info_score,5,HistGradientBoosting,quantile,gse20194,meta_batch,None,None,0.410312
mutual_info_score,6,HistGradientBoosting,quantile,gse20194,meta_batch,None,None,0.428165
mutual_info_score,7,HistGradientBoosting,quantile,gse20194,meta_batch,None,None,0.437325
mutual_info_score,8,HistGradientBoosting,quantile,gse20194,meta_batch,None,None,0.510189
mutual_info_score,9,HistGradientBoosting,quantile,gse20194,meta_batch,None,None,0.319946
accuracy_score,0,HistGradientBoosting,quantile,gse20194,meta_batch,None,None,0.828947
accuracy_score,1,HistGradientBoosting,quantile,gse20194,meta_batch,None,None,0.837719
accuracy_score,2,HistGradientBoosting,quantile,gse20194,meta_batch,None,None,0.842105
accuracy_score,3,HistGradientBoosting,quantile,gse20194,meta_batch,None,None,0.833333
accuracy_score,4,HistGradientBoosting,quantile,gse20194,meta_batch,None,None,0.842105
accuracy_score,5,HistGradientBoosting,quantile,gse20194,meta_batch,None,None,0.855263
accuracy_score,6,HistGradientBoosting,quantile,gse20194,meta_batch,None,None,0.859649
accuracy_score,7,HistGradientBoosting,quantile,gse20194,meta_batch,None,None,0.859649
accuracy_score,8,HistGradientBoosting,quantile,gse20194,meta_batch,None,None,0.881579
accuracy_score,9,HistGradientBoosting,quantile,gse20194,meta_batch,None,None,0.815789
roc_auc_score,0,RandomForest,autoclass,gse20194,meta_batch,None,None,0.807438
roc_auc_score,1,RandomForest,autoclass,gse20194,meta_batch,None,None,0.799276
roc_auc_score,2,RandomForest,autoclass,gse20194,meta_batch,None,None,0.781076
roc_auc_score,3,RandomForest,autoclass,gse20194,meta_batch,None,None,0.810897
roc_auc_score,4,RandomForest,autoclass,gse20194,meta_batch,None,None,0.805757
roc_auc_score,5,RandomForest,autoclass,gse20194,meta_batch,None,None,0.784545
roc_auc_score,6,RandomForest,autoclass,gse20194,meta_batch,None,None,0.802803
roc_auc_score,7,RandomForest,autoclass,gse20194,meta_batch,None,None,0.769528
roc_auc_score,8,RandomForest,autoclass,gse20194,meta_batch,None,None,0.77137
roc_auc_score,9,RandomForest,autoclass,gse20194,meta_batch,None,None,0.817461
mutual_info_score,0,RandomForest,autoclass,gse20194,meta_batch,None,None,0.139261
mutual_info_score,1,RandomForest,autoclass,gse20194,meta_batch,None,None,0.157997
mutual_info_score,2,RandomForest,autoclass,gse20194,meta_batch,None,None,0.075827
mutual_info_score,3,RandomForest,autoclass,gse20194,meta_batch,None,None,0.133775
mutual_info_score,4,RandomForest,autoclass,gse20194,meta_batch,None,None,0.146147
mutual_info_score,5,RandomForest,autoclass,gse20194,meta_batch,None,None,0.097821
mutual_info_score,6,RandomForest,autoclass,gse20194,meta_batch,None,None,0.151213
mutual_info_score,7,RandomForest,autoclass,gse20194,meta_batch,None,None,0.122391
mutual_info_score,8,RandomForest,autoclass,gse20194,meta_batch,None,None,0.097161
mutual_info_score,9,RandomForest,autoclass,gse20194,meta_batch,None,None,0.138694
accuracy_score,0,RandomForest,autoclass,gse20194,meta_batch,None,None,0.719298
accuracy_score,1,RandomForest,autoclass,gse20194,meta_batch,None,None,0.732456
accuracy_score,2,RandomForest,autoclass,gse20194,meta_batch,None,None,0.671053
accuracy_score,3,RandomForest,autoclass,gse20194,meta_batch,None,None,0.710526
accuracy_score,4,RandomForest,autoclass,gse20194,meta_batch,None,None,0.723684
accuracy_score,5,RandomForest,autoclass,gse20194,meta_batch,None,None,0.684211
accuracy_score,6,RandomForest,autoclass,gse20194,meta_batch,None,None,0.72807
accuracy_score,7,RandomForest,autoclass,gse20194,meta_batch,None,None,0.701754
accuracy_score,8,RandomForest,autoclass,gse20194,meta_batch,None,None,0.684211
accuracy_score,9,RandomForest,autoclass,gse20194,meta_batch,None,None,0.719298
roc_auc_score,0,HistGradientBoosting,autoclass,gse20194,meta_batch,None,None,0.87707
roc_auc_score,1,HistGradientBoosting,autoclass,gse20194,meta_batch,None,None,0.843122
roc_auc_score,2,HistGradientBoosting,autoclass,gse20194,meta_batch,None,None,0.84306
roc_auc_score,3,HistGradientBoosting,autoclass,gse20194,meta_batch,None,None,0.893082
roc_auc_score,4,HistGradientBoosting,autoclass,gse20194,meta_batch,None,None,0.881175
roc_auc_score,5,HistGradientBoosting,autoclass,gse20194,meta_batch,None,None,0.886131
roc_auc_score,6,HistGradientBoosting,autoclass,gse20194,meta_batch,None,None,0.866459
roc_auc_score,7,HistGradientBoosting,autoclass,gse20194,meta_batch,None,None,0.841988
roc_auc_score,8,HistGradientBoosting,autoclass,gse20194,meta_batch,None,None,0.850287
roc_auc_score,9,HistGradientBoosting,autoclass,gse20194,meta_batch,None,None,0.867879
mutual_info_score,0,HistGradientBoosting,autoclass,gse20194,meta_batch,None,None,0.256493
mutual_info_score,1,HistGradientBoosting,autoclass,gse20194,meta_batch,None,None,0.206624
mutual_info_score,2,HistGradientBoosting,autoclass,gse20194,meta_batch,None,None,0.229479
mutual_info_score,3,HistGradientBoosting,autoclass,gse20194,meta_batch,None,None,0.268682
mutual_info_score,4,HistGradientBoosting,autoclass,gse20194,meta_batch,None,None,0.290654
mutual_info_score,5,HistGradientBoosting,autoclass,gse20194,meta_batch,None,None,0.267666
mutual_info_score,6,HistGradientBoosting,autoclass,gse20194,meta_batch,None,None,0.291572
mutual_info_score,7,HistGradientBoosting,autoclass,gse20194,meta_batch,None,None,0.201777
mutual_info_score,8,HistGradientBoosting,autoclass,gse20194,meta_batch,None,None,0.255803
mutual_info_score,9,HistGradientBoosting,autoclass,gse20194,meta_batch,None,None,0.268748
accuracy_score,0,HistGradientBoosting,autoclass,gse20194,meta_batch,None,None,0.79386
accuracy_score,1,HistGradientBoosting,autoclass,gse20194,meta_batch,None,None,0.767544
accuracy_score,2,HistGradientBoosting,autoclass,gse20194,meta_batch,None,None,0.767544
accuracy_score,3,HistGradientBoosting,autoclass,gse20194,meta_batch,None,None,0.798246
accuracy_score,4,HistGradientBoosting,autoclass,gse20194,meta_batch,None,None,0.807018
accuracy_score,5,HistGradientBoosting,autoclass,gse20194,meta_batch,None,None,0.79386
accuracy_score,6,HistGradientBoosting,autoclass,gse20194,meta_batch,None,None,0.807018
accuracy_score,7,HistGradientBoosting,autoclass,gse20194,meta_batch,None,None,0.754386
accuracy_score,8,HistGradientBoosting,autoclass,gse20194,meta_batch,None,None,0.79386
accuracy_score,9,HistGradientBoosting,autoclass,gse20194,meta_batch,None,None,0.798246
roc_auc_score,0,RandomForest,icvae,gse20194,meta_batch,None,None,0.552901
roc_auc_score,1,RandomForest,icvae,gse20194,meta_batch,None,None,0.480045
roc_auc_score,2,RandomForest,icvae,gse20194,meta_batch,None,None,0.53228
roc_auc_score,3,RandomForest,icvae,gse20194,meta_batch,None,None,0.544975
roc_auc_score,4,RandomForest,icvae,gse20194,meta_batch,None,None,0.537413
roc_auc_score,5,RandomForest,icvae,gse20194,meta_batch,None,None,0.507091
roc_auc_score,6,RandomForest,icvae,gse20194,meta_batch,None,None,0.522236
roc_auc_score,7,RandomForest,icvae,gse20194,meta_batch,None,None,0.561904
roc_auc_score,8,RandomForest,icvae,gse20194,meta_batch,None,None,0.536381
roc_auc_score,9,RandomForest,icvae,gse20194,meta_batch,None,None,0.507332
mutual_info_score,0,RandomForest,icvae,gse20194,meta_batch,None,None,0.012386
mutual_info_score,1,RandomForest,icvae,gse20194,meta_batch,None,None,0.004287
mutual_info_score,2,RandomForest,icvae,gse20194,meta_batch,None,None,0.002385
mutual_info_score,3,RandomForest,icvae,gse20194,meta_batch,None,None,0.009572
mutual_info_score,4,RandomForest,icvae,gse20194,meta_batch,None,None,0.014294
mutual_info_score,5,RandomForest,icvae,gse20194,meta_batch,None,None,0.01577
mutual_info_score,6,RandomForest,icvae,gse20194,meta_batch,None,None,0.00447
mutual_info_score,7,RandomForest,icvae,gse20194,meta_batch,None,None,0.015644
mutual_info_score,8,RandomForest,icvae,gse20194,meta_batch,None,None,0.010441
mutual_info_score,9,RandomForest,icvae,gse20194,meta_batch,None,None,0.003921
accuracy_score,0,RandomForest,icvae,gse20194,meta_batch,None,None,0.583333
accuracy_score,1,RandomForest,icvae,gse20194,meta_batch,None,None,0.495614
accuracy_score,2,RandomForest,icvae,gse20194,meta_batch,None,None,0.535088
accuracy_score,3,RandomForest,icvae,gse20194,meta_batch,None,None,0.565789
accuracy_score,4,RandomForest,icvae,gse20194,meta_batch,None,None,0.561404
accuracy_score,5,RandomForest,icvae,gse20194,meta_batch,None,None,0.5
accuracy_score,6,RandomForest,icvae,gse20194,meta_batch,None,None,0.557018
accuracy_score,7,RandomForest,icvae,gse20194,meta_batch,None,None,0.583333
accuracy_score,8,RandomForest,icvae,gse20194,meta_batch,None,None,0.565789
accuracy_score,9,RandomForest,icvae,gse20194,meta_batch,None,None,0.508772
roc_auc_score,0,HistGradientBoosting,icvae,gse20194,meta_batch,None,None,0.51014
roc_auc_score,1,HistGradientBoosting,icvae,gse20194,meta_batch,None,None,0.500332
roc_auc_score,2,HistGradientBoosting,icvae,gse20194,meta_batch,None,None,0.468998
roc_auc_score,3,HistGradientBoosting,icvae,gse20194,meta_batch,None,None,0.540074
roc_auc_score,4,HistGradientBoosting,icvae,gse20194,meta_batch,None,None,0.474324
roc_auc_score,5,HistGradientBoosting,icvae,gse20194,meta_batch,None,None,0.516666
roc_auc_score,6,HistGradientBoosting,icvae,gse20194,meta_batch,None,None,0.523311
roc_auc_score,7,HistGradientBoosting,icvae,gse20194,meta_batch,None,None,0.550507
roc_auc_score,8,HistGradientBoosting,icvae,gse20194,meta_batch,None,None,0.530503
roc_auc_score,9,HistGradientBoosting,icvae,gse20194,meta_batch,None,None,0.48191
mutual_info_score,0,HistGradientBoosting,icvae,gse20194,meta_batch,None,None,0.007005
mutual_info_score,1,HistGradientBoosting,icvae,gse20194,meta_batch,None,None,0.00526
mutual_info_score,2,HistGradientBoosting,icvae,gse20194,meta_batch,None,None,0.000521
mutual_info_score,3,HistGradientBoosting,icvae,gse20194,meta_batch,None,None,0.004165
mutual_info_score,4,HistGradientBoosting,icvae,gse20194,meta_batch,None,None,0.003815
mutual_info_score,5,HistGradientBoosting,icvae,gse20194,meta_batch,None,None,0.008813
mutual_info_score,6,HistGradientBoosting,icvae,gse20194,meta_batch,None,None,0.00294
mutual_info_score,7,HistGradientBoosting,icvae,gse20194,meta_batch,None,None,0.006886
mutual_info_score,8,HistGradientBoosting,icvae,gse20194,meta_batch,None,None,0.005328
mutual_info_score,9,HistGradientBoosting,icvae,gse20194,meta_batch,None,None,0.010555
accuracy_score,0,HistGradientBoosting,icvae,gse20194,meta_batch,None,None,0.565789
accuracy_score,1,HistGradientBoosting,icvae,gse20194,meta_batch,None,None,0.517544
accuracy_score,2,HistGradientBoosting,icvae,gse20194,meta_batch,None,None,0.508772
accuracy_score,3,HistGradientBoosting,icvae,gse20194,meta_batch,None,None,0.539474
accuracy_score,4,HistGradientBoosting,icvae,gse20194,meta_batch,None,None,0.504386
accuracy_score,5,HistGradientBoosting,icvae,gse20194,meta_batch,None,None,0.539474
accuracy_score,6,HistGradientBoosting,icvae,gse20194,meta_batch,None,None,0.530702
accuracy_score,7,HistGradientBoosting,icvae,gse20194,meta_batch,None,None,0.561404
accuracy_score,8,HistGradientBoosting,icvae,gse20194,meta_batch,None,None,0.54386
accuracy_score,9,HistGradientBoosting,icvae,gse20194,meta_batch,None,None,0.526316
roc_auc_score,0,RandomForest,seurat_scaling,gse20194,meta_batch,None,None,0.999295
roc_auc_score,1,RandomForest,seurat_scaling,gse20194,meta_batch,None,None,0.999648
roc_auc_score,2,RandomForest,seurat_scaling,gse20194,meta_batch,None,None,1.0
roc_auc_score,3,RandomForest,seurat_scaling,gse20194,meta_batch,None,None,0.999882
roc_auc_score,4,RandomForest,seurat_scaling,gse20194,meta_batch,None,None,0.999413
roc_auc_score,5,RandomForest,seurat_scaling,gse20194,meta_batch,None,None,1.0
roc_auc_score,6,RandomForest,seurat_scaling,gse20194,meta_batch,None,None,0.999883
roc_auc_score,7,RandomForest,seurat_scaling,gse20194,meta_batch,None,None,0.999883
roc_auc_score,8,RandomForest,seurat_scaling,gse20194,meta_batch,None,None,1.0
roc_auc_score,9,RandomForest,seurat_scaling,gse20194,meta_batch,None,None,1.0
mutual_info_score,0,RandomForest,seurat_scaling,gse20194,meta_batch,None,None,0.847011
mutual_info_score,1,RandomForest,seurat_scaling,gse20194,meta_batch,None,None,0.816952
mutual_info_score,2,RandomForest,seurat_scaling,gse20194,meta_batch,None,None,0.92523
mutual_info_score,3,RandomForest,seurat_scaling,gse20194,meta_batch,None,None,0.915035
mutual_info_score,4,RandomForest,seurat_scaling,gse20194,meta_batch,None,None,0.801482
mutual_info_score,5,RandomForest,seurat_scaling,gse20194,meta_batch,None,None,0.881802
mutual_info_score,6,RandomForest,seurat_scaling,gse20194,meta_batch,None,None,0.793089
mutual_info_score,7,RandomForest,seurat_scaling,gse20194,meta_batch,None,None,0.847296
mutual_info_score,8,RandomForest,seurat_scaling,gse20194,meta_batch,None,None,0.95543
mutual_info_score,9,RandomForest,seurat_scaling,gse20194,meta_batch,None,None,0.933858
accuracy_score,0,RandomForest,seurat_scaling,gse20194,meta_batch,None,None,0.973684
accuracy_score,1,RandomForest,seurat_scaling,gse20194,meta_batch,None,None,0.969298
accuracy_score,2,RandomForest,seurat_scaling,gse20194,meta_batch,None,None,0.991228
accuracy_score,3,RandomForest,seurat_scaling,gse20194,meta_batch,None,None,0.986842
accuracy_score,4,RandomForest,seurat_scaling,gse20194,meta_batch,None,None,0.964912
accuracy_score,5,RandomForest,seurat_scaling,gse20194,meta_batch,None,None,0.982456
accuracy_score,6,RandomForest,seurat_scaling,gse20194,meta_batch,None,None,0.964912
accuracy_score,7,RandomForest,seurat_scaling,gse20194,meta_batch,None,None,0.973684
accuracy_score,8,RandomForest,seurat_scaling,gse20194,meta_batch,None,None,0.995614
accuracy_score,9,RandomForest,seurat_scaling,gse20194,meta_batch,None,None,0.991228
roc_auc_score,0,HistGradientBoosting,seurat_scaling,gse20194,meta_batch,None,None,0.998119
roc_auc_score,1,HistGradientBoosting,seurat_scaling,gse20194,meta_batch,None,None,0.996229
roc_auc_score,2,HistGradientBoosting,seurat_scaling,gse20194,meta_batch,None,None,0.997886
roc_auc_score,3,HistGradientBoosting,seurat_scaling,gse20194,meta_batch,None,None,0.995513
roc_auc_score,4,HistGradientBoosting,seurat_scaling,gse20194,meta_batch,None,None,0.996218
roc_auc_score,5,HistGradientBoosting,seurat_scaling,gse20194,meta_batch,None,None,1.0
roc_auc_score,6,HistGradientBoosting,seurat_scaling,gse20194,meta_batch,None,None,0.998121
roc_auc_score,7,HistGradientBoosting,seurat_scaling,gse20194,meta_batch,None,None,0.999765
roc_auc_score,8,HistGradientBoosting,seurat_scaling,gse20194,meta_batch,None,None,0.994597
roc_auc_score,9,HistGradientBoosting,seurat_scaling,gse20194,meta_batch,None,None,0.997414
mutual_info_score,0,HistGradientBoosting,seurat_scaling,gse20194,meta_batch,None,None,0.879242
mutual_info_score,1,HistGradientBoosting,seurat_scaling,gse20194,meta_batch,None,None,0.876956
mutual_info_score,2,HistGradientBoosting,seurat_scaling,gse20194,meta_batch,None,None,0.80235
mutual_info_score,3,HistGradientBoosting,seurat_scaling,gse20194,meta_batch,None,None,0.761718
mutual_info_score,4,HistGradientBoosting,seurat_scaling,gse20194,meta_batch,None,None,0.850555
mutual_info_score,5,HistGradientBoosting,seurat_scaling,gse20194,meta_batch,None,None,0.898528
mutual_info_score,6,HistGradientBoosting,seurat_scaling,gse20194,meta_batch,None,None,0.906922
mutual_info_score,7,HistGradientBoosting,seurat_scaling,gse20194,meta_batch,None,None,0.879092
mutual_info_score,8,HistGradientBoosting,seurat_scaling,gse20194,meta_batch,None,None,0.734622
mutual_info_score,9,HistGradientBoosting,seurat_scaling,gse20194,meta_batch,None,None,0.748197
accuracy_score,0,HistGradientBoosting,seurat_scaling,gse20194,meta_batch,None,None,0.982456
accuracy_score,1,HistGradientBoosting,seurat_scaling,gse20194,meta_batch,None,None,0.982456
accuracy_score,2,HistGradientBoosting,seurat_scaling,gse20194,meta_batch,None,None,0.969298
accuracy_score,3,HistGradientBoosting,seurat_scaling,gse20194,meta_batch,None,None,0.960526
accuracy_score,4,HistGradientBoosting,seurat_scaling,gse20194,meta_batch,None,None,0.969298
accuracy_score,5,HistGradientBoosting,seurat_scaling,gse20194,meta_batch,None,None,0.986842
accuracy_score,6,HistGradientBoosting,seurat_scaling,gse20194,meta_batch,None,None,0.986842
accuracy_score,7,HistGradientBoosting,seurat_scaling,gse20194,meta_batch,None,None,0.982456
accuracy_score,8,HistGradientBoosting,seurat_scaling,gse20194,meta_batch,None,None,0.942982
accuracy_score,9,HistGradientBoosting,seurat_scaling,gse20194,meta_batch,None,None,0.95614
roc_auc_score,0,RandomForest,seurat_integration,gse20194,meta_batch,None,None,0.985785
roc_auc_score,1,RandomForest,seurat_integration,gse20194,meta_batch,None,None,0.985553
roc_auc_score,2,RandomForest,seurat_integration,gse20194,meta_batch,None,None,0.984955
roc_auc_score,3,RandomForest,seurat_integration,gse20194,meta_batch,None,None,0.98822
roc_auc_score,4,RandomForest,seurat_integration,gse20194,meta_batch,None,None,0.983999
roc_auc_score,5,RandomForest,seurat_integration,gse20194,meta_batch,None,None,0.990113
roc_auc_score,6,RandomForest,seurat_integration,gse20194,meta_batch,None,None,0.987946
roc_auc_score,7,RandomForest,seurat_integration,gse20194,meta_batch,None,None,0.984797
roc_auc_score,8,RandomForest,seurat_integration,gse20194,meta_batch,None,None,0.985768
roc_auc_score,9,RandomForest,seurat_integration,gse20194,meta_batch,None,None,0.991532
mutual_info_score,0,RandomForest,seurat_integration,gse20194,meta_batch,None,None,0.702315
mutual_info_score,1,RandomForest,seurat_integration,gse20194,meta_batch,None,None,0.7216
mutual_info_score,2,RandomForest,seurat_integration,gse20194,meta_batch,None,None,0.694325
mutual_info_score,3,RandomForest,seurat_integration,gse20194,meta_batch,None,None,0.740827
mutual_info_score,4,RandomForest,seurat_integration,gse20194,meta_batch,None,None,0.713021
mutual_info_score,5,RandomForest,seurat_integration,gse20194,meta_batch,None,None,0.737554
mutual_info_score,6,RandomForest,seurat_integration,gse20194,meta_batch,None,None,0.676326
mutual_info_score,7,RandomForest,seurat_integration,gse20194,meta_batch,None,None,0.677958
mutual_info_score,8,RandomForest,seurat_integration,gse20194,meta_batch,None,None,0.695863
mutual_info_score,9,RandomForest,seurat_integration,gse20194,meta_batch,None,None,0.758024
accuracy_score,0,RandomForest,seurat_integration,gse20194,meta_batch,None,None,0.947368
accuracy_score,1,RandomForest,seurat_integration,gse20194,meta_batch,None,None,0.951754
accuracy_score,2,RandomForest,seurat_integration,gse20194,meta_batch,None,None,0.942982
accuracy_score,3,RandomForest,seurat_integration,gse20194,meta_batch,None,None,0.95614
accuracy_score,4,RandomForest,seurat_integration,gse20194,meta_batch,None,None,0.947368
accuracy_score,5,RandomForest,seurat_integration,gse20194,meta_batch,None,None,0.95614
accuracy_score,6,RandomForest,seurat_integration,gse20194,meta_batch,None,None,0.938596
accuracy_score,7,RandomForest,seurat_integration,gse20194,meta_batch,None,None,0.938596
accuracy_score,8,RandomForest,seurat_integration,gse20194,meta_batch,None,None,0.947368
accuracy_score,9,RandomForest,seurat_integration,gse20194,meta_batch,None,None,0.960526
roc_auc_score,0,HistGradientBoosting,seurat_integration,gse20194,meta_batch,None,None,0.979317
roc_auc_score,1,HistGradientBoosting,seurat_integration,gse20194,meta_batch,None,None,0.981437
roc_auc_score,2,HistGradientBoosting,seurat_integration,gse20194,meta_batch,None,None,0.987304
roc_auc_score,3,HistGradientBoosting,seurat_integration,gse20194,meta_batch,None,None,0.987733
roc_auc_score,4,HistGradientBoosting,seurat_integration,gse20194,meta_batch,None,None,0.9847
roc_auc_score,5,HistGradientBoosting,seurat_integration,gse20194,meta_batch,None,None,0.988477
roc_auc_score,6,HistGradientBoosting,seurat_integration,gse20194,meta_batch,None,None,0.982074
roc_auc_score,7,HistGradientBoosting,seurat_integration,gse20194,meta_batch,None,None,0.984711
roc_auc_score,8,HistGradientBoosting,seurat_integration,gse20194,meta_batch,None,None,0.983055
roc_auc_score,9,HistGradientBoosting,seurat_integration,gse20194,meta_batch,None,None,0.981912
mutual_info_score,0,HistGradientBoosting,seurat_integration,gse20194,meta_batch,None,None,0.596857
mutual_info_score,1,HistGradientBoosting,seurat_integration,gse20194,meta_batch,None,None,0.684834
mutual_info_score,2,HistGradientBoosting,seurat_integration,gse20194,meta_batch,None,None,0.798431
mutual_info_score,3,HistGradientBoosting,seurat_integration,gse20194,meta_batch,None,None,0.716969
mutual_info_score,4,HistGradientBoosting,seurat_integration,gse20194,meta_batch,None,None,0.599212
mutual_info_score,5,HistGradientBoosting,seurat_integration,gse20194,meta_batch,None,None,0.692324
mutual_info_score,6,HistGradientBoosting,seurat_integration,gse20194,meta_batch,None,None,0.647533
mutual_info_score,7,HistGradientBoosting,seurat_integration,gse20194,meta_batch,None,None,0.645196
mutual_info_score,8,HistGradientBoosting,seurat_integration,gse20194,meta_batch,None,None,0.672961
mutual_info_score,9,HistGradientBoosting,seurat_integration,gse20194,meta_batch,None,None,0.718899
accuracy_score,0,HistGradientBoosting,seurat_integration,gse20194,meta_batch,None,None,0.912281
accuracy_score,1,HistGradientBoosting,seurat_integration,gse20194,meta_batch,None,None,0.942982
accuracy_score,2,HistGradientBoosting,seurat_integration,gse20194,meta_batch,None,None,0.964912
accuracy_score,3,HistGradientBoosting,seurat_integration,gse20194,meta_batch,None,None,0.951754
accuracy_score,4,HistGradientBoosting,seurat_integration,gse20194,meta_batch,None,None,0.921053
accuracy_score,5,HistGradientBoosting,seurat_integration,gse20194,meta_batch,None,None,0.947368
accuracy_score,6,HistGradientBoosting,seurat_integration,gse20194,meta_batch,None,None,0.934211
accuracy_score,7,HistGradientBoosting,seurat_integration,gse20194,meta_batch,None,None,0.934211
accuracy_score,8,HistGradientBoosting,seurat_integration,gse20194,meta_batch,None,None,0.934211
accuracy_score,9,HistGradientBoosting,seurat_integration,gse20194,meta_batch,None,None,0.947368
roc_auc_score,0,RandomForest,fastMNN,gse20194,meta_batch,None,None,0.824146
roc_auc_score,1,RandomForest,fastMNN,gse20194,meta_batch,None,None,0.776879
roc_auc_score,2,RandomForest,fastMNN,gse20194,meta_batch,None,None,0.830981
roc_auc_score,3,RandomForest,fastMNN,gse20194,meta_batch,None,None,0.833314
roc_auc_score,4,RandomForest,fastMNN,gse20194,meta_batch,None,None,0.801972
roc_auc_score,5,RandomForest,fastMNN,gse20194,meta_batch,None,None,0.826438
roc_auc_score,6,RandomForest,fastMNN,gse20194,meta_batch,None,None,0.804194
roc_auc_score,7,RandomForest,fastMNN,gse20194,meta_batch,None,None,0.799821
roc_auc_score,8,RandomForest,fastMNN,gse20194,meta_batch,None,None,0.798496
roc_auc_score,9,RandomForest,fastMNN,gse20194,meta_batch,None,None,0.807284
mutual_info_score,0,RandomForest,fastMNN,gse20194,meta_batch,None,None,0.142501
mutual_info_score,1,RandomForest,fastMNN,gse20194,meta_batch,None,None,0.082618
mutual_info_score,2,RandomForest,fastMNN,gse20194,meta_batch,None,None,0.171467
mutual_info_score,3,RandomForest,fastMNN,gse20194,meta_batch,None,None,0.122984
mutual_info_score,4,RandomForest,fastMNN,gse20194,meta_batch,None,None,0.153708
mutual_info_score,5,RandomForest,fastMNN,gse20194,meta_batch,None,None,0.134363
mutual_info_score,6,RandomForest,fastMNN,gse20194,meta_batch,None,None,0.137127
mutual_info_score,7,RandomForest,fastMNN,gse20194,meta_batch,None,None,0.094065
mutual_info_score,8,RandomForest,fastMNN,gse20194,meta_batch,None,None,0.126179
mutual_info_score,9,RandomForest,fastMNN,gse20194,meta_batch,None,None,0.169963
accuracy_score,0,RandomForest,fastMNN,gse20194,meta_batch,None,None,0.723684
accuracy_score,1,RandomForest,fastMNN,gse20194,meta_batch,None,None,0.671053
accuracy_score,2,RandomForest,fastMNN,gse20194,meta_batch,None,None,0.741228
accuracy_score,3,RandomForest,fastMNN,gse20194,meta_batch,None,None,0.710526
accuracy_score,4,RandomForest,fastMNN,gse20194,meta_batch,None,None,0.723684
accuracy_score,5,RandomForest,fastMNN,gse20194,meta_batch,None,None,0.719298
accuracy_score,6,RandomForest,fastMNN,gse20194,meta_batch,None,None,0.723684
accuracy_score,7,RandomForest,fastMNN,gse20194,meta_batch,None,None,0.684211
accuracy_score,8,RandomForest,fastMNN,gse20194,meta_batch,None,None,0.714912
accuracy_score,9,RandomForest,fastMNN,gse20194,meta_batch,None,None,0.741228
roc_auc_score,0,HistGradientBoosting,fastMNN,gse20194,meta_batch,None,None,0.891757
roc_auc_score,1,HistGradientBoosting,fastMNN,gse20194,meta_batch,None,None,0.894971
roc_auc_score,2,HistGradientBoosting,fastMNN,gse20194,meta_batch,None,None,0.921286
roc_auc_score,3,HistGradientBoosting,fastMNN,gse20194,meta_batch,None,None,0.924892
roc_auc_score,4,HistGradientBoosting,fastMNN,gse20194,meta_batch,None,None,0.897843
roc_auc_score,5,HistGradientBoosting,fastMNN,gse20194,meta_batch,None,None,0.889718
roc_auc_score,6,HistGradientBoosting,fastMNN,gse20194,meta_batch,None,None,0.881702
roc_auc_score,7,HistGradientBoosting,fastMNN,gse20194,meta_batch,None,None,0.908054
roc_auc_score,8,HistGradientBoosting,fastMNN,gse20194,meta_batch,None,None,0.921591
roc_auc_score,9,HistGradientBoosting,fastMNN,gse20194,meta_batch,None,None,0.914553
mutual_info_score,0,HistGradientBoosting,fastMNN,gse20194,meta_batch,None,None,0.33288
mutual_info_score,1,HistGradientBoosting,fastMNN,gse20194,meta_batch,None,None,0.267049
mutual_info_score,2,HistGradientBoosting,fastMNN,gse20194,meta_batch,None,None,0.357619
mutual_info_score,3,HistGradientBoosting,fastMNN,gse20194,meta_batch,None,None,0.334836
mutual_info_score,4,HistGradientBoosting,fastMNN,gse20194,meta_batch,None,None,0.263894
mutual_info_score,5,HistGradientBoosting,fastMNN,gse20194,meta_batch,None,None,0.267874
mutual_info_score,6,HistGradientBoosting,fastMNN,gse20194,meta_batch,None,None,0.283048
mutual_info_score,7,HistGradientBoosting,fastMNN,gse20194,meta_batch,None,None,0.370337
mutual_info_score,8,HistGradientBoosting,fastMNN,gse20194,meta_batch,None,None,0.386189
mutual_info_score,9,HistGradientBoosting,fastMNN,gse20194,meta_batch,None,None,0.348792
accuracy_score,0,HistGradientBoosting,fastMNN,gse20194,meta_batch,None,None,0.828947
accuracy_score,1,HistGradientBoosting,fastMNN,gse20194,meta_batch,None,None,0.79386
accuracy_score,2,HistGradientBoosting,fastMNN,gse20194,meta_batch,None,None,0.833333
accuracy_score,3,HistGradientBoosting,fastMNN,gse20194,meta_batch,None,None,0.828947
accuracy_score,4,HistGradientBoosting,fastMNN,gse20194,meta_batch,None,None,0.789474
accuracy_score,5,HistGradientBoosting,fastMNN,gse20194,meta_batch,None,None,0.789474
accuracy_score,6,HistGradientBoosting,fastMNN,gse20194,meta_batch,None,None,0.802632
accuracy_score,7,HistGradientBoosting,fastMNN,gse20194,meta_batch,None,None,0.837719
accuracy_score,8,HistGradientBoosting,fastMNN,gse20194,meta_batch,None,None,0.846491
accuracy_score,9,HistGradientBoosting,fastMNN,gse20194,meta_batch,None,None,0.833333
roc_auc_score,0,RandomForest,liger,gse20194,meta_batch,None,None,0.980734
roc_auc_score,1,RandomForest,liger,gse20194,meta_batch,None,None,0.977082
roc_auc_score,2,RandomForest,liger,gse20194,meta_batch,None,None,0.984364
roc_auc_score,3,RandomForest,liger,gse20194,meta_batch,None,None,0.988096
roc_auc_score,4,RandomForest,liger,gse20194,meta_batch,None,None,0.982582
roc_auc_score,5,RandomForest,liger,gse20194,meta_batch,None,None,0.983263
roc_auc_score,6,RandomForest,liger,gse20194,meta_batch,None,None,0.981214
roc_auc_score,7,RandomForest,liger,gse20194,meta_batch,None,None,0.985277
roc_auc_score,8,RandomForest,liger,gse20194,meta_batch,None,None,0.982823
roc_auc_score,9,RandomForest,liger,gse20194,meta_batch,None,None,0.988708
mutual_info_score,0,RandomForest,liger,gse20194,meta_batch,None,None,0.66282
mutual_info_score,1,RandomForest,liger,gse20194,meta_batch,None,None,0.568185
mutual_info_score,2,RandomForest,liger,gse20194,meta_batch,None,None,0.660613
mutual_info_score,3,RandomForest,liger,gse20194,meta_batch,None,None,0.701324
mutual_info_score,4,RandomForest,liger,gse20194,meta_batch,None,None,0.656931
mutual_info_score,5,RandomForest,liger,gse20194,meta_batch,None,None,0.677597
mutual_info_score,6,RandomForest,liger,gse20194,meta_batch,None,None,0.692148
mutual_info_score,7,RandomForest,liger,gse20194,meta_batch,None,None,0.728245
mutual_info_score,8,RandomForest,liger,gse20194,meta_batch,None,None,0.665326
mutual_info_score,9,RandomForest,liger,gse20194,meta_batch,None,None,0.734298
accuracy_score,0,RandomForest,liger,gse20194,meta_batch,None,None,0.938596
accuracy_score,1,RandomForest,liger,gse20194,meta_batch,None,None,0.912281
accuracy_score,2,RandomForest,liger,gse20194,meta_batch,None,None,0.938596
accuracy_score,3,RandomForest,liger,gse20194,meta_batch,None,None,0.947368
accuracy_score,4,RandomForest,liger,gse20194,meta_batch,None,None,0.938596
accuracy_score,5,RandomForest,liger,gse20194,meta_batch,None,None,0.938596
accuracy_score,6,RandomForest,liger,gse20194,meta_batch,None,None,0.942982
accuracy_score,7,RandomForest,liger,gse20194,meta_batch,None,None,0.951754
accuracy_score,8,RandomForest,liger,gse20194,meta_batch,None,None,0.938596
accuracy_score,9,RandomForest,liger,gse20194,meta_batch,None,None,0.951754
roc_auc_score,0,HistGradientBoosting,liger,gse20194,meta_batch,None,None,0.980026
roc_auc_score,1,HistGradientBoosting,liger,gse20194,meta_batch,None,None,0.98379
roc_auc_score,2,HistGradientBoosting,liger,gse20194,meta_batch,None,None,0.984718
roc_auc_score,3,HistGradientBoosting,liger,gse20194,meta_batch,None,None,0.984667
roc_auc_score,4,HistGradientBoosting,liger,gse20194,meta_batch,None,None,0.984234
roc_auc_score,5,HistGradientBoosting,liger,gse20194,meta_batch,None,None,0.986592
roc_auc_score,6,HistGradientBoosting,liger,gse20194,meta_batch,None,None,0.98207
roc_auc_score,7,HistGradientBoosting,liger,gse20194,meta_batch,None,None,0.980954
roc_auc_score,8,HistGradientBoosting,liger,gse20194,meta_batch,None,None,0.98187
roc_auc_score,9,HistGradientBoosting,liger,gse20194,meta_batch,None,None,0.980503
mutual_info_score,0,HistGradientBoosting,liger,gse20194,meta_batch,None,None,0.592977
mutual_info_score,1,HistGradientBoosting,liger,gse20194,meta_batch,None,None,0.712503
mutual_info_score,2,HistGradientBoosting,liger,gse20194,meta_batch,None,None,0.766266
mutual_info_score,3,HistGradientBoosting,liger,gse20194,meta_batch,None,None,0.699997
mutual_info_score,4,HistGradientBoosting,liger,gse20194,meta_batch,None,None,0.633171
mutual_info_score,5,HistGradientBoosting,liger,gse20194,meta_batch,None,None,0.738036
mutual_info_score,6,HistGradientBoosting,liger,gse20194,meta_batch,None,None,0.594772
mutual_info_score,7,HistGradientBoosting,liger,gse20194,meta_batch,None,None,0.644639
mutual_info_score,8,HistGradientBoosting,liger,gse20194,meta_batch,None,None,0.631545
mutual_info_score,9,HistGradientBoosting,liger,gse20194,meta_batch,None,None,0.735604
accuracy_score,0,HistGradientBoosting,liger,gse20194,meta_batch,None,None,0.912281
accuracy_score,1,HistGradientBoosting,liger,gse20194,meta_batch,None,None,0.947368
accuracy_score,2,HistGradientBoosting,liger,gse20194,meta_batch,None,None,0.960526
accuracy_score,3,HistGradientBoosting,liger,gse20194,meta_batch,None,None,0.947368
accuracy_score,4,HistGradientBoosting,liger,gse20194,meta_batch,None,None,0.929825
accuracy_score,5,HistGradientBoosting,liger,gse20194,meta_batch,None,None,0.95614
accuracy_score,6,HistGradientBoosting,liger,gse20194,meta_batch,None,None,0.921053
accuracy_score,7,HistGradientBoosting,liger,gse20194,meta_batch,None,None,0.934211
accuracy_score,8,HistGradientBoosting,liger,gse20194,meta_batch,None,None,0.925439
accuracy_score,9,HistGradientBoosting,liger,gse20194,meta_batch,None,None,0.951754
roc_auc_score,0,RandomForest,wasserstein,gse20194,meta_batch,None,None,0.899535
roc_auc_score,1,RandomForest,wasserstein,gse20194,meta_batch,None,None,0.88137
roc_auc_score,2,RandomForest,wasserstein,gse20194,meta_batch,None,None,0.947434
roc_auc_score,3,RandomForest,wasserstein,gse20194,meta_batch,None,None,0.943972
roc_auc_score,4,RandomForest,wasserstein,gse20194,meta_batch,None,None,0.886644
roc_auc_score,5,RandomForest,wasserstein,gse20194,meta_batch,None,None,0.933612
roc_auc_score,6,RandomForest,wasserstein,gse20194,meta_batch,None,None,0.946691
roc_auc_score,7,RandomForest,wasserstein,gse20194,meta_batch,None,None,0.931882
roc_auc_score,8,RandomForest,wasserstein,gse20194,meta_batch,None,None,0.912579
roc_auc_score,9,RandomForest,wasserstein,gse20194,meta_batch,None,None,0.962193
mutual_info_score,0,RandomForest,wasserstein,gse20194,meta_batch,None,None,0.227546
mutual_info_score,1,RandomForest,wasserstein,gse20194,meta_batch,None,None,0.274801
mutual_info_score,2,RandomForest,wasserstein,gse20194,meta_batch,None,None,0.409883
mutual_info_score,3,RandomForest,wasserstein,gse20194,meta_batch,None,None,0.357042
mutual_info_score,4,RandomForest,wasserstein,gse20194,meta_batch,None,None,0.254695
mutual_info_score,5,RandomForest,wasserstein,gse20194,meta_batch,None,None,0.359746
mutual_info_score,6,RandomForest,wasserstein,gse20194,meta_batch,None,None,0.327932
mutual_info_score,7,RandomForest,wasserstein,gse20194,meta_batch,None,None,0.387309
mutual_info_score,8,RandomForest,wasserstein,gse20194,meta_batch,None,None,0.277999
mutual_info_score,9,RandomForest,wasserstein,gse20194,meta_batch,None,None,0.371738
accuracy_score,0,RandomForest,wasserstein,gse20194,meta_batch,None,None,0.758772
accuracy_score,1,RandomForest,wasserstein,gse20194,meta_batch,None,None,0.79386
accuracy_score,2,RandomForest,wasserstein,gse20194,meta_batch,None,None,0.855263
accuracy_score,3,RandomForest,wasserstein,gse20194,meta_batch,None,None,0.815789
accuracy_score,4,RandomForest,wasserstein,gse20194,meta_batch,None,None,0.77193
accuracy_score,5,RandomForest,wasserstein,gse20194,meta_batch,None,None,0.811404
accuracy_score,6,RandomForest,wasserstein,gse20194,meta_batch,None,None,0.807018
accuracy_score,7,RandomForest,wasserstein,gse20194,meta_batch,None,None,0.828947
accuracy_score,8,RandomForest,wasserstein,gse20194,meta_batch,None,None,0.79386
accuracy_score,9,RandomForest,wasserstein,gse20194,meta_batch,None,None,0.824561
roc_auc_score,0,HistGradientBoosting,wasserstein,gse20194,meta_batch,None,None,0.98236
roc_auc_score,1,HistGradientBoosting,wasserstein,gse20194,meta_batch,None,None,0.982127
roc_auc_score,2,HistGradientBoosting,wasserstein,gse20194,meta_batch,None,None,0.986816
roc_auc_score,3,HistGradientBoosting,wasserstein,gse20194,meta_batch,None,None,0.983081
roc_auc_score,4,HistGradientBoosting,wasserstein,gse20194,meta_batch,None,None,0.991048
roc_auc_score,5,HistGradientBoosting,wasserstein,gse20194,meta_batch,None,None,0.989853
roc_auc_score,6,HistGradientBoosting,wasserstein,gse20194,meta_batch,None,None,0.98612
roc_auc_score,7,HistGradientBoosting,wasserstein,gse20194,meta_batch,None,None,0.979715
roc_auc_score,8,HistGradientBoosting,wasserstein,gse20194,meta_batch,None,None,0.99056
roc_auc_score,9,HistGradientBoosting,wasserstein,gse20194,meta_batch,None,None,0.992244
mutual_info_score,0,HistGradientBoosting,wasserstein,gse20194,meta_batch,None,None,0.696614
mutual_info_score,1,HistGradientBoosting,wasserstein,gse20194,meta_batch,None,None,0.740827
mutual_info_score,2,HistGradientBoosting,wasserstein,gse20194,meta_batch,None,None,0.760615
mutual_info_score,3,HistGradientBoosting,wasserstein,gse20194,meta_batch,None,None,0.70438
mutual_info_score,4,HistGradientBoosting,wasserstein,gse20194,meta_batch,None,None,0.735514
mutual_info_score,5,HistGradientBoosting,wasserstein,gse20194,meta_batch,None,None,0.658929
mutual_info_score,6,HistGradientBoosting,wasserstein,gse20194,meta_batch,None,None,0.626596
mutual_info_score,7,HistGradientBoosting,wasserstein,gse20194,meta_batch,None,None,0.630179
mutual_info_score,8,HistGradientBoosting,wasserstein,gse20194,meta_batch,None,None,0.703456
mutual_info_score,9,HistGradientBoosting,wasserstein,gse20194,meta_batch,None,None,0.731656
accuracy_score,0,HistGradientBoosting,wasserstein,gse20194,meta_batch,None,None,0.942982
accuracy_score,1,HistGradientBoosting,wasserstein,gse20194,meta_batch,None,None,0.95614
accuracy_score,2,HistGradientBoosting,wasserstein,gse20194,meta_batch,None,None,0.960526
accuracy_score,3,HistGradientBoosting,wasserstein,gse20194,meta_batch,None,None,0.942982
accuracy_score,4,HistGradientBoosting,wasserstein,gse20194,meta_batch,None,None,0.951754
accuracy_score,5,HistGradientBoosting,wasserstein,gse20194,meta_batch,None,None,0.934211
accuracy_score,6,HistGradientBoosting,wasserstein,gse20194,meta_batch,None,None,0.929825
accuracy_score,7,HistGradientBoosting,wasserstein,gse20194,meta_batch,None,None,0.929825
accuracy_score,8,HistGradientBoosting,wasserstein,gse20194,meta_batch,None,None,0.947368
accuracy_score,9,HistGradientBoosting,wasserstein,gse20194,meta_batch,None,None,0.951754
roc_auc_score,0,RandomForest,monotonic,gse20194,meta_batch,None,None,0.980613
roc_auc_score,1,RandomForest,monotonic,gse20194,meta_batch,None,None,0.982968
roc_auc_score,2,RandomForest,monotonic,gse20194,meta_batch,None,None,0.986129
roc_auc_score,3,RandomForest,monotonic,gse20194,meta_batch,None,None,0.984444
roc_auc_score,4,RandomForest,monotonic,gse20194,meta_batch,None,None,0.980705
roc_auc_score,5,RandomForest,monotonic,gse20194,meta_batch,None,None,0.984692
roc_auc_score,6,RandomForest,monotonic,gse20194,meta_batch,None,None,0.985461
roc_auc_score,7,RandomForest,monotonic,gse20194,meta_batch,None,None,0.978779
roc_auc_score,8,RandomForest,monotonic,gse20194,meta_batch,None,None,0.984463
roc_auc_score,9,RandomForest,monotonic,gse20194,meta_batch,None,None,0.987763
mutual_info_score,0,RandomForest,monotonic,gse20194,meta_batch,None,None,0.620546
mutual_info_score,1,RandomForest,monotonic,gse20194,meta_batch,None,None,0.724027
mutual_info_score,2,RandomForest,monotonic,gse20194,meta_batch,None,None,0.760656
mutual_info_score,3,RandomForest,monotonic,gse20194,meta_batch,None,None,0.60878
mutual_info_score,4,RandomForest,monotonic,gse20194,meta_batch,None,None,0.666978
mutual_info_score,5,RandomForest,monotonic,gse20194,meta_batch,None,None,0.719152
mutual_info_score,6,RandomForest,monotonic,gse20194,meta_batch,None,None,0.66767
mutual_info_score,7,RandomForest,monotonic,gse20194,meta_batch,None,None,0.679554
mutual_info_score,8,RandomForest,monotonic,gse20194,meta_batch,None,None,0.677806
mutual_info_score,9,RandomForest,monotonic,gse20194,meta_batch,None,None,0.707538
accuracy_score,0,RandomForest,monotonic,gse20194,meta_batch,None,None,0.925439
accuracy_score,1,RandomForest,monotonic,gse20194,meta_batch,None,None,0.951754
accuracy_score,2,RandomForest,monotonic,gse20194,meta_batch,None,None,0.960526
accuracy_score,3,RandomForest,monotonic,gse20194,meta_batch,None,None,0.921053
accuracy_score,4,RandomForest,monotonic,gse20194,meta_batch,None,None,0.938596
accuracy_score,5,RandomForest,monotonic,gse20194,meta_batch,None,None,0.951754
accuracy_score,6,RandomForest,monotonic,gse20194,meta_batch,None,None,0.934211
accuracy_score,7,RandomForest,monotonic,gse20194,meta_batch,None,None,0.938596
accuracy_score,8,RandomForest,monotonic,gse20194,meta_batch,None,None,0.942982
accuracy_score,9,RandomForest,monotonic,gse20194,meta_batch,None,None,0.947368
roc_auc_score,0,HistGradientBoosting,monotonic,gse20194,meta_batch,None,None,0.981905
roc_auc_score,1,HistGradientBoosting,monotonic,gse20194,meta_batch,None,None,0.982615
roc_auc_score,2,HistGradientBoosting,monotonic,gse20194,meta_batch,None,None,0.984716
roc_auc_score,3,HistGradientBoosting,monotonic,gse20194,meta_batch,None,None,0.983957
roc_auc_score,4,HistGradientBoosting,monotonic,gse20194,meta_batch,None,None,0.982824
roc_auc_score,5,HistGradientBoosting,monotonic,gse20194,meta_batch,None,None,0.986117
roc_auc_score,6,HistGradientBoosting,monotonic,gse20194,meta_batch,None,None,0.981835
roc_auc_score,7,HistGradientBoosting,monotonic,gse20194,meta_batch,None,None,0.980479
roc_auc_score,8,HistGradientBoosting,monotonic,gse20194,meta_batch,None,None,0.981635
roc_auc_score,9,HistGradientBoosting,monotonic,gse20194,meta_batch,None,None,0.98191
mutual_info_score,0,HistGradientBoosting,monotonic,gse20194,meta_batch,None,None,0.623379
mutual_info_score,1,HistGradientBoosting,monotonic,gse20194,meta_batch,None,None,0.701027
mutual_info_score,2,HistGradientBoosting,monotonic,gse20194,meta_batch,None,None,0.759009
mutual_info_score,3,HistGradientBoosting,monotonic,gse20194,meta_batch,None,None,0.739968
mutual_info_score,4,HistGradientBoosting,monotonic,gse20194,meta_batch,None,None,0.664557
mutual_info_score,5,HistGradientBoosting,monotonic,gse20194,meta_batch,None,None,0.701096
mutual_info_score,6,HistGradientBoosting,monotonic,gse20194,meta_batch,None,None,0.601033
mutual_info_score,7,HistGradientBoosting,monotonic,gse20194,meta_batch,None,None,0.63196
mutual_info_score,8,HistGradientBoosting,monotonic,gse20194,meta_batch,None,None,0.658036
mutual_info_score,9,HistGradientBoosting,monotonic,gse20194,meta_batch,None,None,0.704221
accuracy_score,0,HistGradientBoosting,monotonic,gse20194,meta_batch,None,None,0.921053
accuracy_score,1,HistGradientBoosting,monotonic,gse20194,meta_batch,None,None,0.947368
accuracy_score,2,HistGradientBoosting,monotonic,gse20194,meta_batch,None,None,0.960526
accuracy_score,3,HistGradientBoosting,monotonic,gse20194,meta_batch,None,None,0.95614
accuracy_score,4,HistGradientBoosting,monotonic,gse20194,meta_batch,None,None,0.938596
accuracy_score,5,HistGradientBoosting,monotonic,gse20194,meta_batch,None,None,0.947368
accuracy_score,6,HistGradientBoosting,monotonic,gse20194,meta_batch,None,None,0.921053
accuracy_score,7,HistGradientBoosting,monotonic,gse20194,meta_batch,None,None,0.929825
accuracy_score,8,HistGradientBoosting,monotonic,gse20194,meta_batch,None,None,0.929825
accuracy_score,9,HistGradientBoosting,monotonic,gse20194,meta_batch,None,None,0.942982
roc_auc_score,0,RandomForest,non_monotonic,gse20194,meta_batch,None,None,0.95298
roc_auc_score,1,RandomForest,non_monotonic,gse20194,meta_batch,None,None,0.949813
roc_auc_score,2,RandomForest,non_monotonic,gse20194,meta_batch,None,None,0.955914
roc_auc_score,3,RandomForest,non_monotonic,gse20194,meta_batch,None,None,0.952343
roc_auc_score,4,RandomForest,non_monotonic,gse20194,meta_batch,None,None,0.956994
roc_auc_score,5,RandomForest,non_monotonic,gse20194,meta_batch,None,None,0.963869
roc_auc_score,6,RandomForest,non_monotonic,gse20194,meta_batch,None,None,0.953387
roc_auc_score,7,RandomForest,non_monotonic,gse20194,meta_batch,None,None,0.953935
roc_auc_score,8,RandomForest,non_monotonic,gse20194,meta_batch,None,None,0.94749
roc_auc_score,9,RandomForest,non_monotonic,gse20194,meta_batch,None,None,0.969979
mutual_info_score,0,RandomForest,non_monotonic,gse20194,meta_batch,None,None,0.582436
mutual_info_score,1,RandomForest,non_monotonic,gse20194,meta_batch,None,None,0.567505
mutual_info_score,2,RandomForest,non_monotonic,gse20194,meta_batch,None,None,0.597288
mutual_info_score,3,RandomForest,non_monotonic,gse20194,meta_batch,None,None,0.56252
mutual_info_score,4,RandomForest,non_monotonic,gse20194,meta_batch,None,None,0.552498
mutual_info_score,5,RandomForest,non_monotonic,gse20194,meta_batch,None,None,0.601258
mutual_info_score,6,RandomForest,non_monotonic,gse20194,meta_batch,None,None,0.602237
mutual_info_score,7,RandomForest,non_monotonic,gse20194,meta_batch,None,None,0.572548
mutual_info_score,8,RandomForest,non_monotonic,gse20194,meta_batch,None,None,0.603207
mutual_info_score,9,RandomForest,non_monotonic,gse20194,meta_batch,None,None,0.617118
accuracy_score,0,RandomForest,non_monotonic,gse20194,meta_batch,None,None,0.903509
accuracy_score,1,RandomForest,non_monotonic,gse20194,meta_batch,None,None,0.903509
accuracy_score,2,RandomForest,non_monotonic,gse20194,meta_batch,None,None,0.903509
accuracy_score,3,RandomForest,non_monotonic,gse20194,meta_batch,None,None,0.899123
accuracy_score,4,RandomForest,non_monotonic,gse20194,meta_batch,None,None,0.894737
accuracy_score,5,RandomForest,non_monotonic,gse20194,meta_batch,None,None,0.907895
accuracy_score,6,RandomForest,non_monotonic,gse20194,meta_batch,None,None,0.907895
accuracy_score,7,RandomForest,non_monotonic,gse20194,meta_batch,None,None,0.894737
accuracy_score,8,RandomForest,non_monotonic,gse20194,meta_batch,None,None,0.907895
accuracy_score,9,RandomForest,non_monotonic,gse20194,meta_batch,None,None,0.912281
roc_auc_score,0,HistGradientBoosting,non_monotonic,gse20194,meta_batch,None,None,0.955087
roc_auc_score,1,HistGradientBoosting,non_monotonic,gse20194,meta_batch,None,None,0.962859
roc_auc_score,2,HistGradientBoosting,non_monotonic,gse20194,meta_batch,None,None,0.955331
roc_auc_score,3,HistGradientBoosting,non_monotonic,gse20194,meta_batch,None,None,0.965654
roc_auc_score,4,HistGradientBoosting,non_monotonic,gse20194,meta_batch,None,None,0.973901
roc_auc_score,5,HistGradientBoosting,non_monotonic,gse20194,meta_batch,None,None,0.967535
roc_auc_score,6,HistGradientBoosting,non_monotonic,gse20194,meta_batch,None,None,0.967291
roc_auc_score,7,HistGradientBoosting,non_monotonic,gse20194,meta_batch,None,None,0.958346
roc_auc_score,8,HistGradientBoosting,non_monotonic,gse20194,meta_batch,None,None,0.965909
roc_auc_score,9,HistGradientBoosting,non_monotonic,gse20194,meta_batch,None,None,0.979517
mutual_info_score,0,HistGradientBoosting,non_monotonic,gse20194,meta_batch,None,None,0.538713
mutual_info_score,1,HistGradientBoosting,non_monotonic,gse20194,meta_batch,None,None,0.537857
mutual_info_score,2,HistGradientBoosting,non_monotonic,gse20194,meta_batch,None,None,0.545525
mutual_info_score,3,HistGradientBoosting,non_monotonic,gse20194,meta_batch,None,None,0.609975
mutual_info_score,4,HistGradientBoosting,non_monotonic,gse20194,meta_batch,None,None,0.628116
mutual_info_score,5,HistGradientBoosting,non_monotonic,gse20194,meta_batch,None,None,0.564698
mutual_info_score,6,HistGradientBoosting,non_monotonic,gse20194,meta_batch,None,None,0.561279
mutual_info_score,7,HistGradientBoosting,non_monotonic,gse20194,meta_batch,None,None,0.635755
mutual_info_score,8,HistGradientBoosting,non_monotonic,gse20194,meta_batch,None,None,0.617075
mutual_info_score,9,HistGradientBoosting,non_monotonic,gse20194,meta_batch,None,None,0.644723
accuracy_score,0,HistGradientBoosting,non_monotonic,gse20194,meta_batch,None,None,0.899123
accuracy_score,1,HistGradientBoosting,non_monotonic,gse20194,meta_batch,None,None,0.899123
accuracy_score,2,HistGradientBoosting,non_monotonic,gse20194,meta_batch,None,None,0.899123
accuracy_score,3,HistGradientBoosting,non_monotonic,gse20194,meta_batch,None,None,0.916667
accuracy_score,4,HistGradientBoosting,non_monotonic,gse20194,meta_batch,None,None,0.925439
accuracy_score,5,HistGradientBoosting,non_monotonic,gse20194,meta_batch,None,None,0.907895
accuracy_score,6,HistGradientBoosting,non_monotonic,gse20194,meta_batch,None,None,0.907895
accuracy_score,7,HistGradientBoosting,non_monotonic,gse20194,meta_batch,None,None,0.925439
accuracy_score,8,HistGradientBoosting,non_monotonic,gse20194,meta_batch,None,None,0.916667
accuracy_score,9,HistGradientBoosting,non_monotonic,gse20194,meta_batch,None,None,0.925439
roc_auc_score,0,RandomForest,combat,gse20194,meta_batch,None,None,0.799788
roc_auc_score,1,RandomForest,combat,gse20194,meta_batch,None,None,0.768983
roc_auc_score,2,RandomForest,combat,gse20194,meta_batch,None,None,0.83548
roc_auc_score,3,RandomForest,combat,gse20194,meta_batch,None,None,0.800682
roc_auc_score,4,RandomForest,combat,gse20194,meta_batch,None,None,0.775347
roc_auc_score,5,RandomForest,combat,gse20194,meta_batch,None,None,0.817787
roc_auc_score,6,RandomForest,combat,gse20194,meta_batch,None,None,0.837901
roc_auc_score,7,RandomForest,combat,gse20194,meta_batch,None,None,0.796932
roc_auc_score,8,RandomForest,combat,gse20194,meta_batch,None,None,0.776578
roc_auc_score,9,RandomForest,combat,gse20194,meta_batch,None,None,0.826701
mutual_info_score,0,RandomForest,combat,gse20194,meta_batch,None,None,0.083018
mutual_info_score,1,RandomForest,combat,gse20194,meta_batch,None,None,0.113992
mutual_info_score,2,RandomForest,combat,gse20194,meta_batch,None,None,0.180246
mutual_info_score,3,RandomForest,combat,gse20194,meta_batch,None,None,0.133479
mutual_info_score,4,RandomForest,combat,gse20194,meta_batch,None,None,0.12449
mutual_info_score,5,RandomForest,combat,gse20194,meta_batch,None,None,0.152027
mutual_info_score,6,RandomForest,combat,gse20194,meta_batch,None,None,0.122694
mutual_info_score,7,RandomForest,combat,gse20194,meta_batch,None,None,0.096036
mutual_info_score,8,RandomForest,combat,gse20194,meta_batch,None,None,0.095728
mutual_info_score,9,RandomForest,combat,gse20194,meta_batch,None,None,0.170177
accuracy_score,0,RandomForest,combat,gse20194,meta_batch,None,None,0.666667
accuracy_score,1,RandomForest,combat,gse20194,meta_batch,None,None,0.684211
accuracy_score,2,RandomForest,combat,gse20194,meta_batch,None,None,0.736842
accuracy_score,3,RandomForest,combat,gse20194,meta_batch,None,None,0.701754
accuracy_score,4,RandomForest,combat,gse20194,meta_batch,None,None,0.679825
accuracy_score,5,RandomForest,combat,gse20194,meta_batch,None,None,0.714912
accuracy_score,6,RandomForest,combat,gse20194,meta_batch,None,None,0.701754
accuracy_score,7,RandomForest,combat,gse20194,meta_batch,None,None,0.679825
accuracy_score,8,RandomForest,combat,gse20194,meta_batch,None,None,0.684211
accuracy_score,9,RandomForest,combat,gse20194,meta_batch,None,None,0.732456
roc_auc_score,0,HistGradientBoosting,combat,gse20194,meta_batch,None,None,0.972439
roc_auc_score,1,HistGradientBoosting,combat,gse20194,meta_batch,None,None,0.960706
roc_auc_score,2,HistGradientBoosting,combat,gse20194,meta_batch,None,None,0.96875
roc_auc_score,3,HistGradientBoosting,combat,gse20194,meta_batch,None,None,0.970824
roc_auc_score,4,HistGradientBoosting,combat,gse20194,meta_batch,None,None,0.959664
roc_auc_score,5,HistGradientBoosting,combat,gse20194,meta_batch,None,None,0.964924
roc_auc_score,6,HistGradientBoosting,combat,gse20194,meta_batch,None,None,0.958737
roc_auc_score,7,HistGradientBoosting,combat,gse20194,meta_batch,None,None,0.958766
roc_auc_score,8,HistGradientBoosting,combat,gse20194,meta_batch,None,None,0.974076
roc_auc_score,9,HistGradientBoosting,combat,gse20194,meta_batch,None,None,0.979519
mutual_info_score,0,HistGradientBoosting,combat,gse20194,meta_batch,None,None,0.629154
mutual_info_score,1,HistGradientBoosting,combat,gse20194,meta_batch,None,None,0.560633
mutual_info_score,2,HistGradientBoosting,combat,gse20194,meta_batch,None,None,0.629783
mutual_info_score,3,HistGradientBoosting,combat,gse20194,meta_batch,None,None,0.576967
mutual_info_score,4,HistGradientBoosting,combat,gse20194,meta_batch,None,None,0.45899
mutual_info_score,5,HistGradientBoosting,combat,gse20194,meta_batch,None,None,0.597957
mutual_info_score,6,HistGradientBoosting,combat,gse20194,meta_batch,None,None,0.564386
mutual_info_score,7,HistGradientBoosting,combat,gse20194,meta_batch,None,None,0.528343
mutual_info_score,8,HistGradientBoosting,combat,gse20194,meta_batch,None,None,0.548402
mutual_info_score,9,HistGradientBoosting,combat,gse20194,meta_batch,None,None,0.60485
accuracy_score,0,HistGradientBoosting,combat,gse20194,meta_batch,None,None,0.921053
accuracy_score,1,HistGradientBoosting,combat,gse20194,meta_batch,None,None,0.907895
accuracy_score,2,HistGradientBoosting,combat,gse20194,meta_batch,None,None,0.929825
accuracy_score,3,HistGradientBoosting,combat,gse20194,meta_batch,None,None,0.912281
accuracy_score,4,HistGradientBoosting,combat,gse20194,meta_batch,None,None,0.868421
accuracy_score,5,HistGradientBoosting,combat,gse20194,meta_batch,None,None,0.916667
accuracy_score,6,HistGradientBoosting,combat,gse20194,meta_batch,None,None,0.912281
accuracy_score,7,HistGradientBoosting,combat,gse20194,meta_batch,None,None,0.899123
accuracy_score,8,HistGradientBoosting,combat,gse20194,meta_batch,None,None,0.903509
accuracy_score,9,HistGradientBoosting,combat,gse20194,meta_batch,None,None,0.921053
roc_auc_score,0,RandomForest,combat_target,gse20194,meta_batch,None,None,0.812619
roc_auc_score,1,RandomForest,combat_target,gse20194,meta_batch,None,None,0.825367
roc_auc_score,2,RandomForest,combat_target,gse20194,meta_batch,None,None,0.857108
roc_auc_score,3,RandomForest,combat_target,gse20194,meta_batch,None,None,0.850692
roc_auc_score,4,RandomForest,combat_target,gse20194,meta_batch,None,None,0.842847
roc_auc_score,5,RandomForest,combat_target,gse20194,meta_batch,None,None,0.876601
roc_auc_score,6,RandomForest,combat_target,gse20194,meta_batch,None,None,0.870339
roc_auc_score,7,RandomForest,combat_target,gse20194,meta_batch,None,None,0.822778
roc_auc_score,8,RandomForest,combat_target,gse20194,meta_batch,None,None,0.840135
roc_auc_score,9,RandomForest,combat_target,gse20194,meta_batch,None,None,0.887837
mutual_info_score,0,RandomForest,combat_target,gse20194,meta_batch,None,None,0.1099
mutual_info_score,1,RandomForest,combat_target,gse20194,meta_batch,None,None,0.111147
mutual_info_score,2,RandomForest,combat_target,gse20194,meta_batch,None,None,0.1494
mutual_info_score,3,RandomForest,combat_target,gse20194,meta_batch,None,None,0.138175
mutual_info_score,4,RandomForest,combat_target,gse20194,meta_batch,None,None,0.213512
mutual_info_score,5,RandomForest,combat_target,gse20194,meta_batch,None,None,0.200572
mutual_info_score,6,RandomForest,combat_target,gse20194,meta_batch,None,None,0.187144
mutual_info_score,7,RandomForest,combat_target,gse20194,meta_batch,None,None,0.125726
mutual_info_score,8,RandomForest,combat_target,gse20194,meta_batch,None,None,0.213631
mutual_info_score,9,RandomForest,combat_target,gse20194,meta_batch,None,None,0.212812
accuracy_score,0,RandomForest,combat_target,gse20194,meta_batch,None,None,0.697368
accuracy_score,1,RandomForest,combat_target,gse20194,meta_batch,None,None,0.692982
accuracy_score,2,RandomForest,combat_target,gse20194,meta_batch,None,None,0.719298
accuracy_score,3,RandomForest,combat_target,gse20194,meta_batch,None,None,0.714912
accuracy_score,4,RandomForest,combat_target,gse20194,meta_batch,None,None,0.754386
accuracy_score,5,RandomForest,combat_target,gse20194,meta_batch,None,None,0.741228
accuracy_score,6,RandomForest,combat_target,gse20194,meta_batch,None,None,0.741228
accuracy_score,7,RandomForest,combat_target,gse20194,meta_batch,None,None,0.70614
accuracy_score,8,RandomForest,combat_target,gse20194,meta_batch,None,None,0.75
accuracy_score,9,RandomForest,combat_target,gse20194,meta_batch,None,None,0.745614
roc_auc_score,0,HistGradientBoosting,combat_target,gse20194,meta_batch,None,None,0.965133
roc_auc_score,1,HistGradientBoosting,combat_target,gse20194,meta_batch,None,None,0.974821
roc_auc_score,2,HistGradientBoosting,combat_target,gse20194,meta_batch,None,None,0.962613
roc_auc_score,3,HistGradientBoosting,combat_target,gse20194,meta_batch,None,None,0.969879
roc_auc_score,4,HistGradientBoosting,combat_target,gse20194,meta_batch,None,None,0.95162
roc_auc_score,5,HistGradientBoosting,combat_target,gse20194,meta_batch,None,None,0.978266
roc_auc_score,6,HistGradientBoosting,combat_target,gse20194,meta_batch,None,None,0.953323
roc_auc_score,7,HistGradientBoosting,combat_target,gse20194,meta_batch,None,None,0.968433
roc_auc_score,8,HistGradientBoosting,combat_target,gse20194,meta_batch,None,None,0.96922
roc_auc_score,9,HistGradientBoosting,combat_target,gse20194,meta_batch,None,None,0.965614
mutual_info_score,0,HistGradientBoosting,combat_target,gse20194,meta_batch,None,None,0.60369
mutual_info_score,1,HistGradientBoosting,combat_target,gse20194,meta_batch,None,None,0.517358
mutual_info_score,2,HistGradientBoosting,combat_target,gse20194,meta_batch,None,None,0.628835
mutual_info_score,3,HistGradientBoosting,combat_target,gse20194,meta_batch,None,None,0.663861
mutual_info_score,4,HistGradientBoosting,combat_target,gse20194,meta_batch,None,None,0.509364
mutual_info_score,5,HistGradientBoosting,combat_target,gse20194,meta_batch,None,None,0.65208
mutual_info_score,6,HistGradientBoosting,combat_target,gse20194,meta_batch,None,None,0.53283
mutual_info_score,7,HistGradientBoosting,combat_target,gse20194,meta_batch,None,None,0.581135
mutual_info_score,8,HistGradientBoosting,combat_target,gse20194,meta_batch,None,None,0.628063
mutual_info_score,9,HistGradientBoosting,combat_target,gse20194,meta_batch,None,None,0.602648
accuracy_score,0,HistGradientBoosting,combat_target,gse20194,meta_batch,None,None,0.921053
accuracy_score,1,HistGradientBoosting,combat_target,gse20194,meta_batch,None,None,0.899123
accuracy_score,2,HistGradientBoosting,combat_target,gse20194,meta_batch,None,None,0.916667
accuracy_score,3,HistGradientBoosting,combat_target,gse20194,meta_batch,None,None,0.938596
accuracy_score,4,HistGradientBoosting,combat_target,gse20194,meta_batch,None,None,0.890351
accuracy_score,5,HistGradientBoosting,combat_target,gse20194,meta_batch,None,None,0.934211
accuracy_score,6,HistGradientBoosting,combat_target,gse20194,meta_batch,None,None,0.899123
accuracy_score,7,HistGradientBoosting,combat_target,gse20194,meta_batch,None,None,0.916667
accuracy_score,8,HistGradientBoosting,combat_target,gse20194,meta_batch,None,None,0.921053
accuracy_score,9,HistGradientBoosting,combat_target,gse20194,meta_batch,None,None,0.916667
roc_auc_score,0,RandomForest,npn,gse20194,meta_batch,None,None,0.078837
roc_auc_score,1,RandomForest,npn,gse20194,meta_batch,None,None,0.085615
roc_auc_score,2,RandomForest,npn,gse20194,meta_batch,None,None,0.087318
roc_auc_score,3,RandomForest,npn,gse20194,meta_batch,None,None,0.092482
roc_auc_score,4,RandomForest,npn,gse20194,meta_batch,None,None,0.054645
roc_auc_score,5,RandomForest,npn,gse20194,meta_batch,None,None,0.094687
roc_auc_score,6,RandomForest,npn,gse20194,meta_batch,None,None,0.08716
roc_auc_score,7,RandomForest,npn,gse20194,meta_batch,None,None,0.050811
roc_auc_score,8,RandomForest,npn,gse20194,meta_batch,None,None,0.067661
roc_auc_score,9,RandomForest,npn,gse20194,meta_batch,None,None,0.064688
mutual_info_score,0,RandomForest,npn,gse20194,meta_batch,None,None,0.218003
mutual_info_score,1,RandomForest,npn,gse20194,meta_batch,None,None,0.249832
mutual_info_score,2,RandomForest,npn,gse20194,meta_batch,None,None,0.226334
mutual_info_score,3,RandomForest,npn,gse20194,meta_batch,None,None,0.141065
mutual_info_score,4,RandomForest,npn,gse20194,meta_batch,None,None,0.249403
mutual_info_score,5,RandomForest,npn,gse20194,meta_batch,None,None,0.205978
mutual_info_score,6,RandomForest,npn,gse20194,meta_batch,None,None,0.161328
mutual_info_score,7,RandomForest,npn,gse20194,meta_batch,None,None,0.267873
mutual_info_score,8,RandomForest,npn,gse20194,meta_batch,None,None,0.209992
mutual_info_score,9,RandomForest,npn,gse20194,meta_batch,None,None,0.183087
accuracy_score,0,RandomForest,npn,gse20194,meta_batch,None,None,0.324561
accuracy_score,1,RandomForest,npn,gse20194,meta_batch,None,None,0.29386
accuracy_score,2,RandomForest,npn,gse20194,meta_batch,None,None,0.289474
accuracy_score,3,RandomForest,npn,gse20194,meta_batch,None,None,0.372807
accuracy_score,4,RandomForest,npn,gse20194,meta_batch,None,None,0.320175
accuracy_score,5,RandomForest,npn,gse20194,meta_batch,None,None,0.342105
accuracy_score,6,RandomForest,npn,gse20194,meta_batch,None,None,0.359649
accuracy_score,7,RandomForest,npn,gse20194,meta_batch,None,None,0.285088
accuracy_score,8,RandomForest,npn,gse20194,meta_batch,None,None,0.337719
accuracy_score,9,RandomForest,npn,gse20194,meta_batch,None,None,0.346491
roc_auc_score,0,HistGradientBoosting,npn,gse20194,meta_batch,None,None,0.806726
roc_auc_score,1,HistGradientBoosting,npn,gse20194,meta_batch,None,None,0.798116
roc_auc_score,2,HistGradientBoosting,npn,gse20194,meta_batch,None,None,0.830841
roc_auc_score,3,HistGradientBoosting,npn,gse20194,meta_batch,None,None,0.784056
roc_auc_score,4,HistGradientBoosting,npn,gse20194,meta_batch,None,None,0.80326
roc_auc_score,5,HistGradientBoosting,npn,gse20194,meta_batch,None,None,0.828863
roc_auc_score,6,HistGradientBoosting,npn,gse20194,meta_batch,None,None,0.854145
roc_auc_score,7,HistGradientBoosting,npn,gse20194,meta_batch,None,None,0.793851
roc_auc_score,8,HistGradientBoosting,npn,gse20194,meta_batch,None,None,0.804141
roc_auc_score,9,HistGradientBoosting,npn,gse20194,meta_batch,None,None,0.807365
mutual_info_score,0,HistGradientBoosting,npn,gse20194,meta_batch,None,None,0.282953
mutual_info_score,1,HistGradientBoosting,npn,gse20194,meta_batch,None,None,0.389559
mutual_info_score,2,HistGradientBoosting,npn,gse20194,meta_batch,None,None,0.357933
mutual_info_score,3,HistGradientBoosting,npn,gse20194,meta_batch,None,None,0.29691
mutual_info_score,4,HistGradientBoosting,npn,gse20194,meta_batch,None,None,0.342254
mutual_info_score,5,HistGradientBoosting,npn,gse20194,meta_batch,None,None,0.370402
mutual_info_score,6,HistGradientBoosting,npn,gse20194,meta_batch,None,None,0.400167
mutual_info_score,7,HistGradientBoosting,npn,gse20194,meta_batch,None,None,0.290274
mutual_info_score,8,HistGradientBoosting,npn,gse20194,meta_batch,None,None,0.390633
mutual_info_score,9,HistGradientBoosting,npn,gse20194,meta_batch,None,None,0.292633
accuracy_score,0,HistGradientBoosting,npn,gse20194,meta_batch,None,None,0.807018
accuracy_score,1,HistGradientBoosting,npn,gse20194,meta_batch,None,None,0.846491
accuracy_score,2,HistGradientBoosting,npn,gse20194,meta_batch,None,None,0.833333
accuracy_score,3,HistGradientBoosting,npn,gse20194,meta_batch,None,None,0.811404
accuracy_score,4,HistGradientBoosting,npn,gse20194,meta_batch,None,None,0.828947
accuracy_score,5,HistGradientBoosting,npn,gse20194,meta_batch,None,None,0.842105
accuracy_score,6,HistGradientBoosting,npn,gse20194,meta_batch,None,None,0.850877
accuracy_score,7,HistGradientBoosting,npn,gse20194,meta_batch,None,None,0.811404
accuracy_score,8,HistGradientBoosting,npn,gse20194,meta_batch,None,None,0.850877
accuracy_score,9,HistGradientBoosting,npn,gse20194,meta_batch,None,None,0.802632
roc_auc_score,0,RandomForest,limma,gse20194,meta_batch,None,None,0.999295
roc_auc_score,1,RandomForest,limma,gse20194,meta_batch,None,None,0.999648
roc_auc_score,2,RandomForest,limma,gse20194,meta_batch,None,None,1.0
roc_auc_score,3,RandomForest,limma,gse20194,meta_batch,None,None,0.999882
roc_auc_score,4,RandomForest,limma,gse20194,meta_batch,None,None,0.999413
roc_auc_score,5,RandomForest,limma,gse20194,meta_batch,None,None,1.0
roc_auc_score,6,RandomForest,limma,gse20194,meta_batch,None,None,0.999883
roc_auc_score,7,RandomForest,limma,gse20194,meta_batch,None,None,0.999883
roc_auc_score,8,RandomForest,limma,gse20194,meta_batch,None,None,1.0
roc_auc_score,9,RandomForest,limma,gse20194,meta_batch,None,None,1.0
mutual_info_score,0,RandomForest,limma,gse20194,meta_batch,None,None,0.847011
mutual_info_score,1,RandomForest,limma,gse20194,meta_batch,None,None,0.816952
mutual_info_score,2,RandomForest,limma,gse20194,meta_batch,None,None,0.92523
mutual_info_score,3,RandomForest,limma,gse20194,meta_batch,None,None,0.915035
mutual_info_score,4,RandomForest,limma,gse20194,meta_batch,None,None,0.801482
mutual_info_score,5,RandomForest,limma,gse20194,meta_batch,None,None,0.881802
mutual_info_score,6,RandomForest,limma,gse20194,meta_batch,None,None,0.793089
mutual_info_score,7,RandomForest,limma,gse20194,meta_batch,None,None,0.847296
mutual_info_score,8,RandomForest,limma,gse20194,meta_batch,None,None,0.95543
mutual_info_score,9,RandomForest,limma,gse20194,meta_batch,None,None,0.933858
accuracy_score,0,RandomForest,limma,gse20194,meta_batch,None,None,0.973684
accuracy_score,1,RandomForest,limma,gse20194,meta_batch,None,None,0.969298
accuracy_score,2,RandomForest,limma,gse20194,meta_batch,None,None,0.991228
accuracy_score,3,RandomForest,limma,gse20194,meta_batch,None,None,0.986842
accuracy_score,4,RandomForest,limma,gse20194,meta_batch,None,None,0.964912
accuracy_score,5,RandomForest,limma,gse20194,meta_batch,None,None,0.982456
accuracy_score,6,RandomForest,limma,gse20194,meta_batch,None,None,0.964912
accuracy_score,7,RandomForest,limma,gse20194,meta_batch,None,None,0.973684
accuracy_score,8,RandomForest,limma,gse20194,meta_batch,None,None,0.995614
accuracy_score,9,RandomForest,limma,gse20194,meta_batch,None,None,0.991228
roc_auc_score,0,HistGradientBoosting,limma,gse20194,meta_batch,None,None,0.998119
roc_auc_score,1,HistGradientBoosting,limma,gse20194,meta_batch,None,None,0.996229
roc_auc_score,2,HistGradientBoosting,limma,gse20194,meta_batch,None,None,0.997886
roc_auc_score,3,HistGradientBoosting,limma,gse20194,meta_batch,None,None,0.995513
roc_auc_score,4,HistGradientBoosting,limma,gse20194,meta_batch,None,None,0.996218
roc_auc_score,5,HistGradientBoosting,limma,gse20194,meta_batch,None,None,1.0
roc_auc_score,6,HistGradientBoosting,limma,gse20194,meta_batch,None,None,0.998121
roc_auc_score,7,HistGradientBoosting,limma,gse20194,meta_batch,None,None,0.999765
roc_auc_score,8,HistGradientBoosting,limma,gse20194,meta_batch,None,None,0.994597
roc_auc_score,9,HistGradientBoosting,limma,gse20194,meta_batch,None,None,0.997414
mutual_info_score,0,HistGradientBoosting,limma,gse20194,meta_batch,None,None,0.879242
mutual_info_score,1,HistGradientBoosting,limma,gse20194,meta_batch,None,None,0.876956
mutual_info_score,2,HistGradientBoosting,limma,gse20194,meta_batch,None,None,0.80235
mutual_info_score,3,HistGradientBoosting,limma,gse20194,meta_batch,None,None,0.761718
mutual_info_score,4,HistGradientBoosting,limma,gse20194,meta_batch,None,None,0.850555
mutual_info_score,5,HistGradientBoosting,limma,gse20194,meta_batch,None,None,0.898528
mutual_info_score,6,HistGradientBoosting,limma,gse20194,meta_batch,None,None,0.906922
mutual_info_score,7,HistGradientBoosting,limma,gse20194,meta_batch,None,None,0.879092
mutual_info_score,8,HistGradientBoosting,limma,gse20194,meta_batch,None,None,0.734622
mutual_info_score,9,HistGradientBoosting,limma,gse20194,meta_batch,None,None,0.748197
accuracy_score,0,HistGradientBoosting,limma,gse20194,meta_batch,None,None,0.982456
accuracy_score,1,HistGradientBoosting,limma,gse20194,meta_batch,None,None,0.982456
accuracy_score,2,HistGradientBoosting,limma,gse20194,meta_batch,None,None,0.969298
accuracy_score,3,HistGradientBoosting,limma,gse20194,meta_batch,None,None,0.960526
accuracy_score,4,HistGradientBoosting,limma,gse20194,meta_batch,None,None,0.969298
accuracy_score,5,HistGradientBoosting,limma,gse20194,meta_batch,None,None,0.986842
accuracy_score,6,HistGradientBoosting,limma,gse20194,meta_batch,None,None,0.986842
accuracy_score,7,HistGradientBoosting,limma,gse20194,meta_batch,None,None,0.982456
accuracy_score,8,HistGradientBoosting,limma,gse20194,meta_batch,None,None,0.942982
accuracy_score,9,HistGradientBoosting,limma,gse20194,meta_batch,None,None,0.95614
roc_auc_score,0,RandomForest,limma_target,gse20194,meta_batch,None,None,1.0
roc_auc_score,1,RandomForest,limma_target,gse20194,meta_batch,None,None,0.999765
roc_auc_score,2,RandomForest,limma_target,gse20194,meta_batch,None,None,0.999763
roc_auc_score,3,RandomForest,limma_target,gse20194,meta_batch,None,None,0.999763
roc_auc_score,4,RandomForest,limma_target,gse20194,meta_batch,None,None,0.999056
roc_auc_score,5,RandomForest,limma_target,gse20194,meta_batch,None,None,0.999883
roc_auc_score,6,RandomForest,limma_target,gse20194,meta_batch,None,None,0.999883
roc_auc_score,7,RandomForest,limma_target,gse20194,meta_batch,None,None,1.0
roc_auc_score,8,RandomForest,limma_target,gse20194,meta_batch,None,None,1.0
roc_auc_score,9,RandomForest,limma_target,gse20194,meta_batch,None,None,1.0
mutual_info_score,0,RandomForest,limma_target,gse20194,meta_batch,None,None,0.915457
mutual_info_score,1,RandomForest,limma_target,gse20194,meta_batch,None,None,0.838175
mutual_info_score,2,RandomForest,limma_target,gse20194,meta_batch,None,None,0.894886
mutual_info_score,3,RandomForest,limma_target,gse20194,meta_batch,None,None,0.933574
mutual_info_score,4,RandomForest,limma_target,gse20194,meta_batch,None,None,0.884835
mutual_info_score,5,RandomForest,limma_target,gse20194,meta_batch,None,None,0.925086
mutual_info_score,6,RandomForest,limma_target,gse20194,meta_batch,None,None,0.844861
mutual_info_score,7,RandomForest,limma_target,gse20194,meta_batch,None,None,0.863685
mutual_info_score,8,RandomForest,limma_target,gse20194,meta_batch,None,None,0.8332
mutual_info_score,9,RandomForest,limma_target,gse20194,meta_batch,None,None,0.8634
accuracy_score,0,RandomForest,limma_target,gse20194,meta_batch,None,None,0.986842
accuracy_score,1,RandomForest,limma_target,gse20194,meta_batch,None,None,0.973684
accuracy_score,2,RandomForest,limma_target,gse20194,meta_batch,None,None,0.986842
accuracy_score,3,RandomForest,limma_target,gse20194,meta_batch,None,None,0.991228
accuracy_score,4,RandomForest,limma_target,gse20194,meta_batch,None,None,0.982456
accuracy_score,5,RandomForest,limma_target,gse20194,meta_batch,None,None,0.991228
accuracy_score,6,RandomForest,limma_target,gse20194,meta_batch,None,None,0.973684
accuracy_score,7,RandomForest,limma_target,gse20194,meta_batch,None,None,0.97807
accuracy_score,8,RandomForest,limma_target,gse20194,meta_batch,None,None,0.973684
accuracy_score,9,RandomForest,limma_target,gse20194,meta_batch,None,None,0.97807
roc_auc_score,0,HistGradientBoosting,limma_target,gse20194,meta_batch,None,None,0.996232
roc_auc_score,1,HistGradientBoosting,limma_target,gse20194,meta_batch,None,None,0.999295
roc_auc_score,2,HistGradientBoosting,limma_target,gse20194,meta_batch,None,None,0.997179
roc_auc_score,3,HistGradientBoosting,limma_target,gse20194,meta_batch,None,None,0.994575
roc_auc_score,4,HistGradientBoosting,limma_target,gse20194,meta_batch,None,None,0.997886
roc_auc_score,5,HistGradientBoosting,limma_target,gse20194,meta_batch,None,None,0.998121
roc_auc_score,6,HistGradientBoosting,limma_target,gse20194,meta_batch,None,None,0.998356
roc_auc_score,7,HistGradientBoosting,limma_target,gse20194,meta_batch,None,None,0.997886
roc_auc_score,8,HistGradientBoosting,limma_target,gse20194,meta_batch,None,None,0.996711
roc_auc_score,9,HistGradientBoosting,limma_target,gse20194,meta_batch,None,None,0.998121
mutual_info_score,0,HistGradientBoosting,limma_target,gse20194,meta_batch,None,None,0.81904
mutual_info_score,1,HistGradientBoosting,limma_target,gse20194,meta_batch,None,None,0.898528
mutual_info_score,2,HistGradientBoosting,limma_target,gse20194,meta_batch,None,None,0.812297
mutual_info_score,3,HistGradientBoosting,limma_target,gse20194,meta_batch,None,None,0.84776
mutual_info_score,4,HistGradientBoosting,limma_target,gse20194,meta_batch,None,None,0.801059
mutual_info_score,5,HistGradientBoosting,limma_target,gse20194,meta_batch,None,None,0.828151
mutual_info_score,6,HistGradientBoosting,limma_target,gse20194,meta_batch,None,None,0.878567
mutual_info_score,7,HistGradientBoosting,limma_target,gse20194,meta_batch,None,None,0.905434
mutual_info_score,8,HistGradientBoosting,limma_target,gse20194,meta_batch,None,None,0.807739
mutual_info_score,9,HistGradientBoosting,limma_target,gse20194,meta_batch,None,None,0.782725
accuracy_score,0,HistGradientBoosting,limma_target,gse20194,meta_batch,None,None,0.973684
accuracy_score,1,HistGradientBoosting,limma_target,gse20194,meta_batch,None,None,0.986842
accuracy_score,2,HistGradientBoosting,limma_target,gse20194,meta_batch,None,None,0.969298
accuracy_score,3,HistGradientBoosting,limma_target,gse20194,meta_batch,None,None,0.973684
accuracy_score,4,HistGradientBoosting,limma_target,gse20194,meta_batch,None,None,0.969298
accuracy_score,5,HistGradientBoosting,limma_target,gse20194,meta_batch,None,None,0.973684
accuracy_score,6,HistGradientBoosting,limma_target,gse20194,meta_batch,None,None,0.982456
accuracy_score,7,HistGradientBoosting,limma_target,gse20194,meta_batch,None,None,0.982456
accuracy_score,8,HistGradientBoosting,limma_target,gse20194,meta_batch,None,None,0.964912
accuracy_score,9,HistGradientBoosting,limma_target,gse20194,meta_batch,None,None,0.964912
roc_auc_score,0,RandomForest,unadjusted,gse20194,meta_batch,None,None,0.98085
roc_auc_score,1,RandomForest,unadjusted,gse20194,meta_batch,None,None,0.982852
roc_auc_score,2,RandomForest,unadjusted,gse20194,meta_batch,None,None,0.98566
roc_auc_score,3,RandomForest,unadjusted,gse20194,meta_batch,None,None,0.984325
roc_auc_score,4,RandomForest,unadjusted,gse20194,meta_batch,None,None,0.981176
roc_auc_score,5,RandomForest,unadjusted,gse20194,meta_batch,None,None,0.984574
roc_auc_score,6,RandomForest,unadjusted,gse20194,meta_batch,None,None,0.985461
roc_auc_score,7,RandomForest,unadjusted,gse20194,meta_batch,None,None,0.979488
roc_auc_score,8,RandomForest,unadjusted,gse20194,meta_batch,None,None,0.984699
roc_auc_score,9,RandomForest,unadjusted,gse20194,meta_batch,None,None,0.98788
mutual_info_score,0,RandomForest,unadjusted,gse20194,meta_batch,None,None,0.63707
mutual_info_score,1,RandomForest,unadjusted,gse20194,meta_batch,None,None,0.724027
mutual_info_score,2,RandomForest,unadjusted,gse20194,meta_batch,None,None,0.760656
mutual_info_score,3,RandomForest,unadjusted,gse20194,meta_batch,None,None,0.62279
mutual_info_score,4,RandomForest,unadjusted,gse20194,meta_batch,None,None,0.666978
mutual_info_score,5,RandomForest,unadjusted,gse20194,meta_batch,None,None,0.719152
mutual_info_score,6,RandomForest,unadjusted,gse20194,meta_batch,None,None,0.647709
mutual_info_score,7,RandomForest,unadjusted,gse20194,meta_batch,None,None,0.66463
mutual_info_score,8,RandomForest,unadjusted,gse20194,meta_batch,None,None,0.677806
mutual_info_score,9,RandomForest,unadjusted,gse20194,meta_batch,None,None,0.707538
accuracy_score,0,RandomForest,unadjusted,gse20194,meta_batch,None,None,0.929825
accuracy_score,1,RandomForest,unadjusted,gse20194,meta_batch,None,None,0.951754
accuracy_score,2,RandomForest,unadjusted,gse20194,meta_batch,None,None,0.960526
accuracy_score,3,RandomForest,unadjusted,gse20194,meta_batch,None,None,0.925439
accuracy_score,4,RandomForest,unadjusted,gse20194,meta_batch,None,None,0.938596
accuracy_score,5,RandomForest,unadjusted,gse20194,meta_batch,None,None,0.951754
accuracy_score,6,RandomForest,unadjusted,gse20194,meta_batch,None,None,0.929825
accuracy_score,7,RandomForest,unadjusted,gse20194,meta_batch,None,None,0.934211
accuracy_score,8,RandomForest,unadjusted,gse20194,meta_batch,None,None,0.942982
accuracy_score,9,RandomForest,unadjusted,gse20194,meta_batch,None,None,0.947368
roc_auc_score,0,HistGradientBoosting,unadjusted,gse20194,meta_batch,None,None,0.981905
roc_auc_score,1,HistGradientBoosting,unadjusted,gse20194,meta_batch,None,None,0.982615
roc_auc_score,2,HistGradientBoosting,unadjusted,gse20194,meta_batch,None,None,0.98448
roc_auc_score,3,HistGradientBoosting,unadjusted,gse20194,meta_batch,None,None,0.984661
roc_auc_score,4,HistGradientBoosting,unadjusted,gse20194,meta_batch,None,None,0.982824
roc_auc_score,5,HistGradientBoosting,unadjusted,gse20194,meta_batch,None,None,0.986117
roc_auc_score,6,HistGradientBoosting,unadjusted,gse20194,meta_batch,None,None,0.98113
roc_auc_score,7,HistGradientBoosting,unadjusted,gse20194,meta_batch,None,None,0.980479
roc_auc_score,8,HistGradientBoosting,unadjusted,gse20194,meta_batch,None,None,0.98093
roc_auc_score,9,HistGradientBoosting,unadjusted,gse20194,meta_batch,None,None,0.98191
mutual_info_score,0,HistGradientBoosting,unadjusted,gse20194,meta_batch,None,None,0.623379
mutual_info_score,1,HistGradientBoosting,unadjusted,gse20194,meta_batch,None,None,0.701027
mutual_info_score,2,HistGradientBoosting,unadjusted,gse20194,meta_batch,None,None,0.759009
mutual_info_score,3,HistGradientBoosting,unadjusted,gse20194,meta_batch,None,None,0.712446
mutual_info_score,4,HistGradientBoosting,unadjusted,gse20194,meta_batch,None,None,0.664557
mutual_info_score,5,HistGradientBoosting,unadjusted,gse20194,meta_batch,None,None,0.701096
mutual_info_score,6,HistGradientBoosting,unadjusted,gse20194,meta_batch,None,None,0.613522
mutual_info_score,7,HistGradientBoosting,unadjusted,gse20194,meta_batch,None,None,0.63196
mutual_info_score,8,HistGradientBoosting,unadjusted,gse20194,meta_batch,None,None,0.645946
mutual_info_score,9,HistGradientBoosting,unadjusted,gse20194,meta_batch,None,None,0.702232
accuracy_score,0,HistGradientBoosting,unadjusted,gse20194,meta_batch,None,None,0.921053
accuracy_score,1,HistGradientBoosting,unadjusted,gse20194,meta_batch,None,None,0.947368
accuracy_score,2,HistGradientBoosting,unadjusted,gse20194,meta_batch,None,None,0.960526
accuracy_score,3,HistGradientBoosting,unadjusted,gse20194,meta_batch,None,None,0.951754
accuracy_score,4,HistGradientBoosting,unadjusted,gse20194,meta_batch,None,None,0.938596
accuracy_score,5,HistGradientBoosting,unadjusted,gse20194,meta_batch,None,None,0.947368
accuracy_score,6,HistGradientBoosting,unadjusted,gse20194,meta_batch,None,None,0.925439
accuracy_score,7,HistGradientBoosting,unadjusted,gse20194,meta_batch,None,None,0.929825
accuracy_score,8,HistGradientBoosting,unadjusted,gse20194,meta_batch,None,None,0.925439
accuracy_score,9,HistGradientBoosting,unadjusted,gse20194,meta_batch,None,None,0.942982
roc_auc_score,0,RandomForest,tampor,gse20194,meta_batch,None,None,0.9902
roc_auc_score,1,RandomForest,tampor,gse20194,meta_batch,None,None,0.990929
roc_auc_score,2,RandomForest,tampor,gse20194,meta_batch,None,None,0.985197
roc_auc_score,3,RandomForest,tampor,gse20194,meta_batch,None,None,0.992325
roc_auc_score,4,RandomForest,tampor,gse20194,meta_batch,None,None,0.984521
roc_auc_score,5,RandomForest,tampor,gse20194,meta_batch,None,None,0.994456
roc_auc_score,6,RandomForest,tampor,gse20194,meta_batch,None,None,0.992712
roc_auc_score,7,RandomForest,tampor,gse20194,meta_batch,None,None,0.98471
roc_auc_score,8,RandomForest,tampor,gse20194,meta_batch,None,None,0.992701
roc_auc_score,9,RandomForest,tampor,gse20194,meta_batch,None,None,0.991415
mutual_info_score,0,RandomForest,tampor,gse20194,meta_batch,None,None,0.761969
mutual_info_score,1,RandomForest,tampor,gse20194,meta_batch,None,None,0.702552
mutual_info_score,2,RandomForest,tampor,gse20194,meta_batch,None,None,0.653921
mutual_info_score,3,RandomForest,tampor,gse20194,meta_batch,None,None,0.656546
mutual_info_score,4,RandomForest,tampor,gse20194,meta_batch,None,None,0.70525
mutual_info_score,5,RandomForest,tampor,gse20194,meta_batch,None,None,0.714713
mutual_info_score,6,RandomForest,tampor,gse20194,meta_batch,None,None,0.723206
mutual_info_score,7,RandomForest,tampor,gse20194,meta_batch,None,None,0.67453
mutual_info_score,8,RandomForest,tampor,gse20194,meta_batch,None,None,0.608507
mutual_info_score,9,RandomForest,tampor,gse20194,meta_batch,None,None,0.723415
accuracy_score,0,RandomForest,tampor,gse20194,meta_batch,None,None,0.960526
accuracy_score,1,RandomForest,tampor,gse20194,meta_batch,None,None,0.947368
accuracy_score,2,RandomForest,tampor,gse20194,meta_batch,None,None,0.929825
accuracy_score,3,RandomForest,tampor,gse20194,meta_batch,None,None,0.934211
accuracy_score,4,RandomForest,tampor,gse20194,meta_batch,None,None,0.947368
accuracy_score,5,RandomForest,tampor,gse20194,meta_batch,None,None,0.938596
accuracy_score,6,RandomForest,tampor,gse20194,meta_batch,None,None,0.942982
accuracy_score,7,RandomForest,tampor,gse20194,meta_batch,None,None,0.925439
accuracy_score,8,RandomForest,tampor,gse20194,meta_batch,None,None,0.921053
accuracy_score,9,RandomForest,tampor,gse20194,meta_batch,None,None,0.947368
roc_auc_score,0,HistGradientBoosting,tampor,gse20194,meta_batch,None,None,0.984432
roc_auc_score,1,HistGradientBoosting,tampor,gse20194,meta_batch,None,None,0.991534
roc_auc_score,2,HistGradientBoosting,tampor,gse20194,meta_batch,None,None,0.970104
roc_auc_score,3,HistGradientBoosting,tampor,gse20194,meta_batch,None,None,0.992004
roc_auc_score,4,HistGradientBoosting,tampor,gse20194,meta_batch,None,None,0.945105
roc_auc_score,5,HistGradientBoosting,tampor,gse20194,meta_batch,None,None,0.978346
roc_auc_score,6,HistGradientBoosting,tampor,gse20194,meta_batch,None,None,0.985669
roc_auc_score,7,HistGradientBoosting,tampor,gse20194,meta_batch,None,None,0.97076
roc_auc_score,8,HistGradientBoosting,tampor,gse20194,meta_batch,None,None,0.96164
roc_auc_score,9,HistGradientBoosting,tampor,gse20194,meta_batch,None,None,0.976208
mutual_info_score,0,HistGradientBoosting,tampor,gse20194,meta_batch,None,None,0.636081
mutual_info_score,1,HistGradientBoosting,tampor,gse20194,meta_batch,None,None,0.724528
mutual_info_score,2,HistGradientBoosting,tampor,gse20194,meta_batch,None,None,0.644905
mutual_info_score,3,HistGradientBoosting,tampor,gse20194,meta_batch,None,None,0.770914
mutual_info_score,4,HistGradientBoosting,tampor,gse20194,meta_batch,None,None,0.487737
mutual_info_score,5,HistGradientBoosting,tampor,gse20194,meta_batch,None,None,0.542185
mutual_info_score,6,HistGradientBoosting,tampor,gse20194,meta_batch,None,None,0.766349
mutual_info_score,7,HistGradientBoosting,tampor,gse20194,meta_batch,None,None,0.546267
mutual_info_score,8,HistGradientBoosting,tampor,gse20194,meta_batch,None,None,0.42254
mutual_info_score,9,HistGradientBoosting,tampor,gse20194,meta_batch,None,None,0.597243
accuracy_score,0,HistGradientBoosting,tampor,gse20194,meta_batch,None,None,0.929825
accuracy_score,1,HistGradientBoosting,tampor,gse20194,meta_batch,None,None,0.947368
accuracy_score,2,HistGradientBoosting,tampor,gse20194,meta_batch,None,None,0.929825
accuracy_score,3,HistGradientBoosting,tampor,gse20194,meta_batch,None,None,0.960526
accuracy_score,4,HistGradientBoosting,tampor,gse20194,meta_batch,None,None,0.885965
accuracy_score,5,HistGradientBoosting,tampor,gse20194,meta_batch,None,None,0.894737
accuracy_score,6,HistGradientBoosting,tampor,gse20194,meta_batch,None,None,0.95614
accuracy_score,7,HistGradientBoosting,tampor,gse20194,meta_batch,None,None,0.903509
accuracy_score,8,HistGradientBoosting,tampor,gse20194,meta_batch,None,None,0.864035
accuracy_score,9,HistGradientBoosting,tampor,gse20194,meta_batch,None,None,0.921053
roc_auc_score,0,RandomForest,quantile,gse20194,meta_batch,None,None,0.409614
roc_auc_score,1,RandomForest,quantile,gse20194,meta_batch,None,None,0.434824
roc_auc_score,2,RandomForest,quantile,gse20194,meta_batch,None,None,0.504659
roc_auc_score,3,RandomForest,quantile,gse20194,meta_batch,None,None,0.486597
roc_auc_score,4,RandomForest,quantile,gse20194,meta_batch,None,None,0.435329
roc_auc_score,5,RandomForest,quantile,gse20194,meta_batch,None,None,0.482727
roc_auc_score,6,RandomForest,quantile,gse20194,meta_batch,None,None,0.481089
roc_auc_score,7,RandomForest,quantile,gse20194,meta_batch,None,None,0.424402
roc_auc_score,8,RandomForest,quantile,gse20194,meta_batch,None,None,0.469097
roc_auc_score,9,RandomForest,quantile,gse20194,meta_batch,None,None,0.476693
mutual_info_score,0,RandomForest,quantile,gse20194,meta_batch,None,None,0.015611
mutual_info_score,1,RandomForest,quantile,gse20194,meta_batch,None,None,0.011212
mutual_info_score,2,RandomForest,quantile,gse20194,meta_batch,None,None,0.009007
mutual_info_score,3,RandomForest,quantile,gse20194,meta_batch,None,None,0.010666
mutual_info_score,4,RandomForest,quantile,gse20194,meta_batch,None,None,0.003213
mutual_info_score,5,RandomForest,quantile,gse20194,meta_batch,None,None,0.003882
mutual_info_score,6,RandomForest,quantile,gse20194,meta_batch,None,None,0.00783
mutual_info_score,7,RandomForest,quantile,gse20194,meta_batch,None,None,0.007312
mutual_info_score,8,RandomForest,quantile,gse20194,meta_batch,None,None,0.006899
mutual_info_score,9,RandomForest,quantile,gse20194,meta_batch,None,None,0.014268
accuracy_score,0,RandomForest,quantile,gse20194,meta_batch,None,None,0.47807
accuracy_score,1,RandomForest,quantile,gse20194,meta_batch,None,None,0.482456
accuracy_score,2,RandomForest,quantile,gse20194,meta_batch,None,None,0.530702
accuracy_score,3,RandomForest,quantile,gse20194,meta_batch,None,None,0.530702
accuracy_score,4,RandomForest,quantile,gse20194,meta_batch,None,None,0.530702
accuracy_score,5,RandomForest,quantile,gse20194,meta_batch,None,None,0.54386
accuracy_score,6,RandomForest,quantile,gse20194,meta_batch,None,None,0.5
accuracy_score,7,RandomForest,quantile,gse20194,meta_batch,None,None,0.495614
accuracy_score,8,RandomForest,quantile,gse20194,meta_batch,None,None,0.52193
accuracy_score,9,RandomForest,quantile,gse20194,meta_batch,None,None,0.539474
roc_auc_score,0,HistGradientBoosting,quantile,gse20194,meta_batch,None,None,0.805627
roc_auc_score,1,HistGradientBoosting,quantile,gse20194,meta_batch,None,None,0.802282
roc_auc_score,2,HistGradientBoosting,quantile,gse20194,meta_batch,None,None,0.815526
roc_auc_score,3,HistGradientBoosting,quantile,gse20194,meta_batch,None,None,0.813249
roc_auc_score,4,HistGradientBoosting,quantile,gse20194,meta_batch,None,None,0.827976
roc_auc_score,5,HistGradientBoosting,quantile,gse20194,meta_batch,None,None,0.850838
roc_auc_score,6,HistGradientBoosting,quantile,gse20194,meta_batch,None,None,0.844559
roc_auc_score,7,HistGradientBoosting,quantile,gse20194,meta_batch,None,None,0.838092
roc_auc_score,8,HistGradientBoosting,quantile,gse20194,meta_batch,None,None,0.840364
roc_auc_score,9,HistGradientBoosting,quantile,gse20194,meta_batch,None,None,0.827595
mutual_info_score,0,HistGradientBoosting,quantile,gse20194,meta_batch,None,None,0.340215
mutual_info_score,1,HistGradientBoosting,quantile,gse20194,meta_batch,None,None,0.356497
mutual_info_score,2,HistGradientBoosting,quantile,gse20194,meta_batch,None,None,0.38092
mutual_info_score,3,HistGradientBoosting,quantile,gse20194,meta_batch,None,None,0.346459
mutual_info_score,4,HistGradientBoosting,quantile,gse20194,meta_batch,None,None,0.386437
mutual_info_score,5,HistGradientBoosting,quantile,gse20194,meta_batch,None,None,0.410312
mutual_info_score,6,HistGradientBoosting,quantile,gse20194,meta_batch,None,None,0.428165
mutual_info_score,7,HistGradientBoosting,quantile,gse20194,meta_batch,None,None,0.437325
mutual_info_score,8,HistGradientBoosting,quantile,gse20194,meta_batch,None,None,0.510189
mutual_info_score,9,HistGradientBoosting,quantile,gse20194,meta_batch,None,None,0.319946
accuracy_score,0,HistGradientBoosting,quantile,gse20194,meta_batch,None,None,0.828947
accuracy_score,1,HistGradientBoosting,quantile,gse20194,meta_batch,None,None,0.837719
accuracy_score,2,HistGradientBoosting,quantile,gse20194,meta_batch,None,None,0.842105
accuracy_score,3,HistGradientBoosting,quantile,gse20194,meta_batch,None,None,0.833333
accuracy_score,4,HistGradientBoosting,quantile,gse20194,meta_batch,None,None,0.842105
accuracy_score,5,HistGradientBoosting,quantile,gse20194,meta_batch,None,None,0.855263
accuracy_score,6,HistGradientBoosting,quantile,gse20194,meta_batch,None,None,0.859649
accuracy_score,7,HistGradientBoosting,quantile,gse20194,meta_batch,None,None,0.859649
accuracy_score,8,HistGradientBoosting,quantile,gse20194,meta_batch,None,None,0.881579
accuracy_score,9,HistGradientBoosting,quantile,gse20194,meta_batch,None,None,0.815789
roc_auc_score,0,RandomForest,autoclass,gse20194,meta_batch,None,None,0.807438
roc_auc_score,1,RandomForest,autoclass,gse20194,meta_batch,None,None,0.799276
roc_auc_score,2,RandomForest,autoclass,gse20194,meta_batch,None,None,0.781076
roc_auc_score,3,RandomForest,autoclass,gse20194,meta_batch,None,None,0.810897
roc_auc_score,4,RandomForest,autoclass,gse20194,meta_batch,None,None,0.805757
roc_auc_score,5,RandomForest,autoclass,gse20194,meta_batch,None,None,0.784545
roc_auc_score,6,RandomForest,autoclass,gse20194,meta_batch,None,None,0.802803
roc_auc_score,7,RandomForest,autoclass,gse20194,meta_batch,None,None,0.769528
roc_auc_score,8,RandomForest,autoclass,gse20194,meta_batch,None,None,0.77137
roc_auc_score,9,RandomForest,autoclass,gse20194,meta_batch,None,None,0.817461
mutual_info_score,0,RandomForest,autoclass,gse20194,meta_batch,None,None,0.139261
mutual_info_score,1,RandomForest,autoclass,gse20194,meta_batch,None,None,0.157997
mutual_info_score,2,RandomForest,autoclass,gse20194,meta_batch,None,None,0.075827
mutual_info_score,3,RandomForest,autoclass,gse20194,meta_batch,None,None,0.133775
mutual_info_score,4,RandomForest,autoclass,gse20194,meta_batch,None,None,0.146147
mutual_info_score,5,RandomForest,autoclass,gse20194,meta_batch,None,None,0.097821
mutual_info_score,6,RandomForest,autoclass,gse20194,meta_batch,None,None,0.151213
mutual_info_score,7,RandomForest,autoclass,gse20194,meta_batch,None,None,0.122391
mutual_info_score,8,RandomForest,autoclass,gse20194,meta_batch,None,None,0.097161
mutual_info_score,9,RandomForest,autoclass,gse20194,meta_batch,None,None,0.138694
accuracy_score,0,RandomForest,autoclass,gse20194,meta_batch,None,None,0.719298
accuracy_score,1,RandomForest,autoclass,gse20194,meta_batch,None,None,0.732456
accuracy_score,2,RandomForest,autoclass,gse20194,meta_batch,None,None,0.671053
accuracy_score,3,RandomForest,autoclass,gse20194,meta_batch,None,None,0.710526
accuracy_score,4,RandomForest,autoclass,gse20194,meta_batch,None,None,0.723684
accuracy_score,5,RandomForest,autoclass,gse20194,meta_batch,None,None,0.684211
accuracy_score,6,RandomForest,autoclass,gse20194,meta_batch,None,None,0.72807
accuracy_score,7,RandomForest,autoclass,gse20194,meta_batch,None,None,0.701754
accuracy_score,8,RandomForest,autoclass,gse20194,meta_batch,None,None,0.684211
accuracy_score,9,RandomForest,autoclass,gse20194,meta_batch,None,None,0.719298
roc_auc_score,0,HistGradientBoosting,autoclass,gse20194,meta_batch,None,None,0.87707
roc_auc_score,1,HistGradientBoosting,autoclass,gse20194,meta_batch,None,None,0.843122
roc_auc_score,2,HistGradientBoosting,autoclass,gse20194,meta_batch,None,None,0.84306
roc_auc_score,3,HistGradientBoosting,autoclass,gse20194,meta_batch,None,None,0.893082
roc_auc_score,4,HistGradientBoosting,autoclass,gse20194,meta_batch,None,None,0.881175
roc_auc_score,5,HistGradientBoosting,autoclass,gse20194,meta_batch,None,None,0.886131
roc_auc_score,6,HistGradientBoosting,autoclass,gse20194,meta_batch,None,None,0.866459
roc_auc_score,7,HistGradientBoosting,autoclass,gse20194,meta_batch,None,None,0.841988
roc_auc_score,8,HistGradientBoosting,autoclass,gse20194,meta_batch,None,None,0.850287
roc_auc_score,9,HistGradientBoosting,autoclass,gse20194,meta_batch,None,None,0.867879
mutual_info_score,0,HistGradientBoosting,autoclass,gse20194,meta_batch,None,None,0.256493
mutual_info_score,1,HistGradientBoosting,autoclass,gse20194,meta_batch,None,None,0.206624
mutual_info_score,2,HistGradientBoosting,autoclass,gse20194,meta_batch,None,None,0.229479
mutual_info_score,3,HistGradientBoosting,autoclass,gse20194,meta_batch,None,None,0.268682
mutual_info_score,4,HistGradientBoosting,autoclass,gse20194,meta_batch,None,None,0.290654
mutual_info_score,5,HistGradientBoosting,autoclass,gse20194,meta_batch,None,None,0.267666
mutual_info_score,6,HistGradientBoosting,autoclass,gse20194,meta_batch,None,None,0.291572
mutual_info_score,7,HistGradientBoosting,autoclass,gse20194,meta_batch,None,None,0.201777
mutual_info_score,8,HistGradientBoosting,autoclass,gse20194,meta_batch,None,None,0.255803
mutual_info_score,9,HistGradientBoosting,autoclass,gse20194,meta_batch,None,None,0.268748
accuracy_score,0,HistGradientBoosting,autoclass,gse20194,meta_batch,None,None,0.79386
accuracy_score,1,HistGradientBoosting,autoclass,gse20194,meta_batch,None,None,0.767544
accuracy_score,2,HistGradientBoosting,autoclass,gse20194,meta_batch,None,None,0.767544
accuracy_score,3,HistGradientBoosting,autoclass,gse20194,meta_batch,None,None,0.798246
accuracy_score,4,HistGradientBoosting,autoclass,gse20194,meta_batch,None,None,0.807018
accuracy_score,5,HistGradientBoosting,autoclass,gse20194,meta_batch,None,None,0.79386
accuracy_score,6,HistGradientBoosting,autoclass,gse20194,meta_batch,None,None,0.807018
accuracy_score,7,HistGradientBoosting,autoclass,gse20194,meta_batch,None,None,0.754386
accuracy_score,8,HistGradientBoosting,autoclass,gse20194,meta_batch,None,None,0.79386
accuracy_score,9,HistGradientBoosting,autoclass,gse20194,meta_batch,None,None,0.798246
roc_auc_score,0,RandomForest,icvae,gse20194,meta_batch,None,None,0.552901
roc_auc_score,1,RandomForest,icvae,gse20194,meta_batch,None,None,0.480045
roc_auc_score,2,RandomForest,icvae,gse20194,meta_batch,None,None,0.53228
roc_auc_score,3,RandomForest,icvae,gse20194,meta_batch,None,None,0.544975
roc_auc_score,4,RandomForest,icvae,gse20194,meta_batch,None,None,0.537413
roc_auc_score,5,RandomForest,icvae,gse20194,meta_batch,None,None,0.507091
roc_auc_score,6,RandomForest,icvae,gse20194,meta_batch,None,None,0.522236
roc_auc_score,7,RandomForest,icvae,gse20194,meta_batch,None,None,0.561904
roc_auc_score,8,RandomForest,icvae,gse20194,meta_batch,None,None,0.536381
roc_auc_score,9,RandomForest,icvae,gse20194,meta_batch,None,None,0.507332
mutual_info_score,0,RandomForest,icvae,gse20194,meta_batch,None,None,0.012386
mutual_info_score,1,RandomForest,icvae,gse20194,meta_batch,None,None,0.004287
mutual_info_score,2,RandomForest,icvae,gse20194,meta_batch,None,None,0.002385
mutual_info_score,3,RandomForest,icvae,gse20194,meta_batch,None,None,0.009572
mutual_info_score,4,RandomForest,icvae,gse20194,meta_batch,None,None,0.014294
mutual_info_score,5,RandomForest,icvae,gse20194,meta_batch,None,None,0.01577
mutual_info_score,6,RandomForest,icvae,gse20194,meta_batch,None,None,0.00447
mutual_info_score,7,RandomForest,icvae,gse20194,meta_batch,None,None,0.015644
mutual_info_score,8,RandomForest,icvae,gse20194,meta_batch,None,None,0.010441
mutual_info_score,9,RandomForest,icvae,gse20194,meta_batch,None,None,0.003921
accuracy_score,0,RandomForest,icvae,gse20194,meta_batch,None,None,0.583333
accuracy_score,1,RandomForest,icvae,gse20194,meta_batch,None,None,0.495614
accuracy_score,2,RandomForest,icvae,gse20194,meta_batch,None,None,0.535088
accuracy_score,3,RandomForest,icvae,gse20194,meta_batch,None,None,0.565789
accuracy_score,4,RandomForest,icvae,gse20194,meta_batch,None,None,0.561404
accuracy_score,5,RandomForest,icvae,gse20194,meta_batch,None,None,0.5
accuracy_score,6,RandomForest,icvae,gse20194,meta_batch,None,None,0.557018
accuracy_score,7,RandomForest,icvae,gse20194,meta_batch,None,None,0.583333
accuracy_score,8,RandomForest,icvae,gse20194,meta_batch,None,None,0.565789
accuracy_score,9,RandomForest,icvae,gse20194,meta_batch,None,None,0.508772
roc_auc_score,0,HistGradientBoosting,icvae,gse20194,meta_batch,None,None,0.51014
roc_auc_score,1,HistGradientBoosting,icvae,gse20194,meta_batch,None,None,0.500332
roc_auc_score,2,HistGradientBoosting,icvae,gse20194,meta_batch,None,None,0.468998
roc_auc_score,3,HistGradientBoosting,icvae,gse20194,meta_batch,None,None,0.540074
roc_auc_score,4,HistGradientBoosting,icvae,gse20194,meta_batch,None,None,0.474324
roc_auc_score,5,HistGradientBoosting,icvae,gse20194,meta_batch,None,None,0.516666
roc_auc_score,6,HistGradientBoosting,icvae,gse20194,meta_batch,None,None,0.523311
roc_auc_score,7,HistGradientBoosting,icvae,gse20194,meta_batch,None,None,0.550507
roc_auc_score,8,HistGradientBoosting,icvae,gse20194,meta_batch,None,None,0.530503
roc_auc_score,9,HistGradientBoosting,icvae,gse20194,meta_batch,None,None,0.48191
mutual_info_score,0,HistGradientBoosting,icvae,gse20194,meta_batch,None,None,0.007005
mutual_info_score,1,HistGradientBoosting,icvae,gse20194,meta_batch,None,None,0.00526
mutual_info_score,2,HistGradientBoosting,icvae,gse20194,meta_batch,None,None,0.000521
mutual_info_score,3,HistGradientBoosting,icvae,gse20194,meta_batch,None,None,0.004165
mutual_info_score,4,HistGradientBoosting,icvae,gse20194,meta_batch,None,None,0.003815
mutual_info_score,5,HistGradientBoosting,icvae,gse20194,meta_batch,None,None,0.008813
mutual_info_score,6,HistGradientBoosting,icvae,gse20194,meta_batch,None,None,0.00294
mutual_info_score,7,HistGradientBoosting,icvae,gse20194,meta_batch,None,None,0.006886
mutual_info_score,8,HistGradientBoosting,icvae,gse20194,meta_batch,None,None,0.005328
mutual_info_score,9,HistGradientBoosting,icvae,gse20194,meta_batch,None,None,0.010555
accuracy_score,0,HistGradientBoosting,icvae,gse20194,meta_batch,None,None,0.565789
accuracy_score,1,HistGradientBoosting,icvae,gse20194,meta_batch,None,None,0.517544
accuracy_score,2,HistGradientBoosting,icvae,gse20194,meta_batch,None,None,0.508772
accuracy_score,3,HistGradientBoosting,icvae,gse20194,meta_batch,None,None,0.539474
accuracy_score,4,HistGradientBoosting,icvae,gse20194,meta_batch,None,None,0.504386
accuracy_score,5,HistGradientBoosting,icvae,gse20194,meta_batch,None,None,0.539474
accuracy_score,6,HistGradientBoosting,icvae,gse20194,meta_batch,None,None,0.530702
accuracy_score,7,HistGradientBoosting,icvae,gse20194,meta_batch,None,None,0.561404
accuracy_score,8,HistGradientBoosting,icvae,gse20194,meta_batch,None,None,0.54386
accuracy_score,9,HistGradientBoosting,icvae,gse20194,meta_batch,None,None,0.526316
roc_auc_score,0,RandomForest,seurat_scaling,gse20194,meta_batch,None,None,0.999295
roc_auc_score,1,RandomForest,seurat_scaling,gse20194,meta_batch,None,None,0.999648
roc_auc_score,2,RandomForest,seurat_scaling,gse20194,meta_batch,None,None,1.0
roc_auc_score,3,RandomForest,seurat_scaling,gse20194,meta_batch,None,None,0.999882
roc_auc_score,4,RandomForest,seurat_scaling,gse20194,meta_batch,None,None,0.999413
roc_auc_score,5,RandomForest,seurat_scaling,gse20194,meta_batch,None,None,1.0
roc_auc_score,6,RandomForest,seurat_scaling,gse20194,meta_batch,None,None,0.999883
roc_auc_score,7,RandomForest,seurat_scaling,gse20194,meta_batch,None,None,0.999883
roc_auc_score,8,RandomForest,seurat_scaling,gse20194,meta_batch,None,None,1.0
roc_auc_score,9,RandomForest,seurat_scaling,gse20194,meta_batch,None,None,1.0
mutual_info_score,0,RandomForest,seurat_scaling,gse20194,meta_batch,None,None,0.847011
mutual_info_score,1,RandomForest,seurat_scaling,gse20194,meta_batch,None,None,0.816952
mutual_info_score,2,RandomForest,seurat_scaling,gse20194,meta_batch,None,None,0.92523
mutual_info_score,3,RandomForest,seurat_scaling,gse20194,meta_batch,None,None,0.915035
mutual_info_score,4,RandomForest,seurat_scaling,gse20194,meta_batch,None,None,0.801482
mutual_info_score,5,RandomForest,seurat_scaling,gse20194,meta_batch,None,None,0.881802
mutual_info_score,6,RandomForest,seurat_scaling,gse20194,meta_batch,None,None,0.793089
mutual_info_score,7,RandomForest,seurat_scaling,gse20194,meta_batch,None,None,0.847296
mutual_info_score,8,RandomForest,seurat_scaling,gse20194,meta_batch,None,None,0.95543
mutual_info_score,9,RandomForest,seurat_scaling,gse20194,meta_batch,None,None,0.933858
accuracy_score,0,RandomForest,seurat_scaling,gse20194,meta_batch,None,None,0.973684
accuracy_score,1,RandomForest,seurat_scaling,gse20194,meta_batch,None,None,0.969298
accuracy_score,2,RandomForest,seurat_scaling,gse20194,meta_batch,None,None,0.991228
accuracy_score,3,RandomForest,seurat_scaling,gse20194,meta_batch,None,None,0.986842
accuracy_score,4,RandomForest,seurat_scaling,gse20194,meta_batch,None,None,0.964912
accuracy_score,5,RandomForest,seurat_scaling,gse20194,meta_batch,None,None,0.982456
accuracy_score,6,RandomForest,seurat_scaling,gse20194,meta_batch,None,None,0.964912
accuracy_score,7,RandomForest,seurat_scaling,gse20194,meta_batch,None,None,0.973684
accuracy_score,8,RandomForest,seurat_scaling,gse20194,meta_batch,None,None,0.995614
accuracy_score,9,RandomForest,seurat_scaling,gse20194,meta_batch,None,None,0.991228
roc_auc_score,0,HistGradientBoosting,seurat_scaling,gse20194,meta_batch,None,None,0.998119
roc_auc_score,1,HistGradientBoosting,seurat_scaling,gse20194,meta_batch,None,None,0.996229
roc_auc_score,2,HistGradientBoosting,seurat_scaling,gse20194,meta_batch,None,None,0.997886
roc_auc_score,3,HistGradientBoosting,seurat_scaling,gse20194,meta_batch,None,None,0.995513
roc_auc_score,4,HistGradientBoosting,seurat_scaling,gse20194,meta_batch,None,None,0.996218
roc_auc_score,5,HistGradientBoosting,seurat_scaling,gse20194,meta_batch,None,None,1.0
roc_auc_score,6,HistGradientBoosting,seurat_scaling,gse20194,meta_batch,None,None,0.998121
roc_auc_score,7,HistGradientBoosting,seurat_scaling,gse20194,meta_batch,None,None,0.999765
roc_auc_score,8,HistGradientBoosting,seurat_scaling,gse20194,meta_batch,None,None,0.994597
roc_auc_score,9,HistGradientBoosting,seurat_scaling,gse20194,meta_batch,None,None,0.997414
mutual_info_score,0,HistGradientBoosting,seurat_scaling,gse20194,meta_batch,None,None,0.879242
mutual_info_score,1,HistGradientBoosting,seurat_scaling,gse20194,meta_batch,None,None,0.876956
mutual_info_score,2,HistGradientBoosting,seurat_scaling,gse20194,meta_batch,None,None,0.80235
mutual_info_score,3,HistGradientBoosting,seurat_scaling,gse20194,meta_batch,None,None,0.761718
mutual_info_score,4,HistGradientBoosting,seurat_scaling,gse20194,meta_batch,None,None,0.850555
mutual_info_score,5,HistGradientBoosting,seurat_scaling,gse20194,meta_batch,None,None,0.898528
mutual_info_score,6,HistGradientBoosting,seurat_scaling,gse20194,meta_batch,None,None,0.906922
mutual_info_score,7,HistGradientBoosting,seurat_scaling,gse20194,meta_batch,None,None,0.879092
mutual_info_score,8,HistGradientBoosting,seurat_scaling,gse20194,meta_batch,None,None,0.734622
mutual_info_score,9,HistGradientBoosting,seurat_scaling,gse20194,meta_batch,None,None,0.748197
accuracy_score,0,HistGradientBoosting,seurat_scaling,gse20194,meta_batch,None,None,0.982456
accuracy_score,1,HistGradientBoosting,seurat_scaling,gse20194,meta_batch,None,None,0.982456
accuracy_score,2,HistGradientBoosting,seurat_scaling,gse20194,meta_batch,None,None,0.969298
accuracy_score,3,HistGradientBoosting,seurat_scaling,gse20194,meta_batch,None,None,0.960526
accuracy_score,4,HistGradientBoosting,seurat_scaling,gse20194,meta_batch,None,None,0.969298
accuracy_score,5,HistGradientBoosting,seurat_scaling,gse20194,meta_batch,None,None,0.986842
accuracy_score,6,HistGradientBoosting,seurat_scaling,gse20194,meta_batch,None,None,0.986842
accuracy_score,7,HistGradientBoosting,seurat_scaling,gse20194,meta_batch,None,None,0.982456
accuracy_score,8,HistGradientBoosting,seurat_scaling,gse20194,meta_batch,None,None,0.942982
accuracy_score,9,HistGradientBoosting,seurat_scaling,gse20194,meta_batch,None,None,0.95614
roc_auc_score,0,RandomForest,seurat_integration,gse20194,meta_batch,None,None,0.985785
roc_auc_score,1,RandomForest,seurat_integration,gse20194,meta_batch,None,None,0.985553
roc_auc_score,2,RandomForest,seurat_integration,gse20194,meta_batch,None,None,0.984955
roc_auc_score,3,RandomForest,seurat_integration,gse20194,meta_batch,None,None,0.98822
roc_auc_score,4,RandomForest,seurat_integration,gse20194,meta_batch,None,None,0.983999
roc_auc_score,5,RandomForest,seurat_integration,gse20194,meta_batch,None,None,0.990113
roc_auc_score,6,RandomForest,seurat_integration,gse20194,meta_batch,None,None,0.987946
roc_auc_score,7,RandomForest,seurat_integration,gse20194,meta_batch,None,None,0.984797
roc_auc_score,8,RandomForest,seurat_integration,gse20194,meta_batch,None,None,0.985768
roc_auc_score,9,RandomForest,seurat_integration,gse20194,meta_batch,None,None,0.991532
mutual_info_score,0,RandomForest,seurat_integration,gse20194,meta_batch,None,None,0.702315
mutual_info_score,1,RandomForest,seurat_integration,gse20194,meta_batch,None,None,0.7216
mutual_info_score,2,RandomForest,seurat_integration,gse20194,meta_batch,None,None,0.694325
mutual_info_score,3,RandomForest,seurat_integration,gse20194,meta_batch,None,None,0.740827
mutual_info_score,4,RandomForest,seurat_integration,gse20194,meta_batch,None,None,0.713021
mutual_info_score,5,RandomForest,seurat_integration,gse20194,meta_batch,None,None,0.737554
mutual_info_score,6,RandomForest,seurat_integration,gse20194,meta_batch,None,None,0.676326
mutual_info_score,7,RandomForest,seurat_integration,gse20194,meta_batch,None,None,0.677958
mutual_info_score,8,RandomForest,seurat_integration,gse20194,meta_batch,None,None,0.695863
mutual_info_score,9,RandomForest,seurat_integration,gse20194,meta_batch,None,None,0.758024
accuracy_score,0,RandomForest,seurat_integration,gse20194,meta_batch,None,None,0.947368
accuracy_score,1,RandomForest,seurat_integration,gse20194,meta_batch,None,None,0.951754
accuracy_score,2,RandomForest,seurat_integration,gse20194,meta_batch,None,None,0.942982
accuracy_score,3,RandomForest,seurat_integration,gse20194,meta_batch,None,None,0.95614
accuracy_score,4,RandomForest,seurat_integration,gse20194,meta_batch,None,None,0.947368
accuracy_score,5,RandomForest,seurat_integration,gse20194,meta_batch,None,None,0.95614
accuracy_score,6,RandomForest,seurat_integration,gse20194,meta_batch,None,None,0.938596
accuracy_score,7,RandomForest,seurat_integration,gse20194,meta_batch,None,None,0.938596
accuracy_score,8,RandomForest,seurat_integration,gse20194,meta_batch,None,None,0.947368
accuracy_score,9,RandomForest,seurat_integration,gse20194,meta_batch,None,None,0.960526
roc_auc_score,0,HistGradientBoosting,seurat_integration,gse20194,meta_batch,None,None,0.979317
roc_auc_score,1,HistGradientBoosting,seurat_integration,gse20194,meta_batch,None,None,0.981437
roc_auc_score,2,HistGradientBoosting,seurat_integration,gse20194,meta_batch,None,None,0.987304
roc_auc_score,3,HistGradientBoosting,seurat_integration,gse20194,meta_batch,None,None,0.987733
roc_auc_score,4,HistGradientBoosting,seurat_integration,gse20194,meta_batch,None,None,0.9847
roc_auc_score,5,HistGradientBoosting,seurat_integration,gse20194,meta_batch,None,None,0.988477
roc_auc_score,6,HistGradientBoosting,seurat_integration,gse20194,meta_batch,None,None,0.982074
roc_auc_score,7,HistGradientBoosting,seurat_integration,gse20194,meta_batch,None,None,0.984711
roc_auc_score,8,HistGradientBoosting,seurat_integration,gse20194,meta_batch,None,None,0.983055
roc_auc_score,9,HistGradientBoosting,seurat_integration,gse20194,meta_batch,None,None,0.981912
mutual_info_score,0,HistGradientBoosting,seurat_integration,gse20194,meta_batch,None,None,0.596857
mutual_info_score,1,HistGradientBoosting,seurat_integration,gse20194,meta_batch,None,None,0.684834
mutual_info_score,2,HistGradientBoosting,seurat_integration,gse20194,meta_batch,None,None,0.798431
mutual_info_score,3,HistGradientBoosting,seurat_integration,gse20194,meta_batch,None,None,0.716969
mutual_info_score,4,HistGradientBoosting,seurat_integration,gse20194,meta_batch,None,None,0.599212
mutual_info_score,5,HistGradientBoosting,seurat_integration,gse20194,meta_batch,None,None,0.692324
mutual_info_score,6,HistGradientBoosting,seurat_integration,gse20194,meta_batch,None,None,0.647533
mutual_info_score,7,HistGradientBoosting,seurat_integration,gse20194,meta_batch,None,None,0.645196
mutual_info_score,8,HistGradientBoosting,seurat_integration,gse20194,meta_batch,None,None,0.672961
mutual_info_score,9,HistGradientBoosting,seurat_integration,gse20194,meta_batch,None,None,0.718899
accuracy_score,0,HistGradientBoosting,seurat_integration,gse20194,meta_batch,None,None,0.912281
accuracy_score,1,HistGradientBoosting,seurat_integration,gse20194,meta_batch,None,None,0.942982
accuracy_score,2,HistGradientBoosting,seurat_integration,gse20194,meta_batch,None,None,0.964912
accuracy_score,3,HistGradientBoosting,seurat_integration,gse20194,meta_batch,None,None,0.951754
accuracy_score,4,HistGradientBoosting,seurat_integration,gse20194,meta_batch,None,None,0.921053
accuracy_score,5,HistGradientBoosting,seurat_integration,gse20194,meta_batch,None,None,0.947368
accuracy_score,6,HistGradientBoosting,seurat_integration,gse20194,meta_batch,None,None,0.934211
accuracy_score,7,HistGradientBoosting,seurat_integration,gse20194,meta_batch,None,None,0.934211
accuracy_score,8,HistGradientBoosting,seurat_integration,gse20194,meta_batch,None,None,0.934211
accuracy_score,9,HistGradientBoosting,seurat_integration,gse20194,meta_batch,None,None,0.947368
roc_auc_score,0,RandomForest,fastMNN,gse20194,meta_batch,None,None,0.824146
roc_auc_score,1,RandomForest,fastMNN,gse20194,meta_batch,None,None,0.776879
roc_auc_score,2,RandomForest,fastMNN,gse20194,meta_batch,None,None,0.830981
roc_auc_score,3,RandomForest,fastMNN,gse20194,meta_batch,None,None,0.833314
roc_auc_score,4,RandomForest,fastMNN,gse20194,meta_batch,None,None,0.801972
roc_auc_score,5,RandomForest,fastMNN,gse20194,meta_batch,None,None,0.826438
roc_auc_score,6,RandomForest,fastMNN,gse20194,meta_batch,None,None,0.804194
roc_auc_score,7,RandomForest,fastMNN,gse20194,meta_batch,None,None,0.799821
roc_auc_score,8,RandomForest,fastMNN,gse20194,meta_batch,None,None,0.798496
roc_auc_score,9,RandomForest,fastMNN,gse20194,meta_batch,None,None,0.807284
mutual_info_score,0,RandomForest,fastMNN,gse20194,meta_batch,None,None,0.142501
mutual_info_score,1,RandomForest,fastMNN,gse20194,meta_batch,None,None,0.082618
mutual_info_score,2,RandomForest,fastMNN,gse20194,meta_batch,None,None,0.171467
mutual_info_score,3,RandomForest,fastMNN,gse20194,meta_batch,None,None,0.122984
mutual_info_score,4,RandomForest,fastMNN,gse20194,meta_batch,None,None,0.153708
mutual_info_score,5,RandomForest,fastMNN,gse20194,meta_batch,None,None,0.134363
mutual_info_score,6,RandomForest,fastMNN,gse20194,meta_batch,None,None,0.137127
mutual_info_score,7,RandomForest,fastMNN,gse20194,meta_batch,None,None,0.094065
mutual_info_score,8,RandomForest,fastMNN,gse20194,meta_batch,None,None,0.126179
mutual_info_score,9,RandomForest,fastMNN,gse20194,meta_batch,None,None,0.169963
accuracy_score,0,RandomForest,fastMNN,gse20194,meta_batch,None,None,0.723684
accuracy_score,1,RandomForest,fastMNN,gse20194,meta_batch,None,None,0.671053
accuracy_score,2,RandomForest,fastMNN,gse20194,meta_batch,None,None,0.741228
accuracy_score,3,RandomForest,fastMNN,gse20194,meta_batch,None,None,0.710526
accuracy_score,4,RandomForest,fastMNN,gse20194,meta_batch,None,None,0.723684
accuracy_score,5,RandomForest,fastMNN,gse20194,meta_batch,None,None,0.719298
accuracy_score,6,RandomForest,fastMNN,gse20194,meta_batch,None,None,0.723684
accuracy_score,7,RandomForest,fastMNN,gse20194,meta_batch,None,None,0.684211
accuracy_score,8,RandomForest,fastMNN,gse20194,meta_batch,None,None,0.714912
accuracy_score,9,RandomForest,fastMNN,gse20194,meta_batch,None,None,0.741228
roc_auc_score,0,HistGradientBoosting,fastMNN,gse20194,meta_batch,None,None,0.891757
roc_auc_score,1,HistGradientBoosting,fastMNN,gse20194,meta_batch,None,None,0.894971
roc_auc_score,2,HistGradientBoosting,fastMNN,gse20194,meta_batch,None,None,0.921286
roc_auc_score,3,HistGradientBoosting,fastMNN,gse20194,meta_batch,None,None,0.924892
roc_auc_score,4,HistGradientBoosting,fastMNN,gse20194,meta_batch,None,None,0.897843
roc_auc_score,5,HistGradientBoosting,fastMNN,gse20194,meta_batch,None,None,0.889718
roc_auc_score,6,HistGradientBoosting,fastMNN,gse20194,meta_batch,None,None,0.881702
roc_auc_score,7,HistGradientBoosting,fastMNN,gse20194,meta_batch,None,None,0.908054
roc_auc_score,8,HistGradientBoosting,fastMNN,gse20194,meta_batch,None,None,0.921591
roc_auc_score,9,HistGradientBoosting,fastMNN,gse20194,meta_batch,None,None,0.914553
mutual_info_score,0,HistGradientBoosting,fastMNN,gse20194,meta_batch,None,None,0.33288
mutual_info_score,1,HistGradientBoosting,fastMNN,gse20194,meta_batch,None,None,0.267049
mutual_info_score,2,HistGradientBoosting,fastMNN,gse20194,meta_batch,None,None,0.357619
mutual_info_score,3,HistGradientBoosting,fastMNN,gse20194,meta_batch,None,None,0.334836
mutual_info_score,4,HistGradientBoosting,fastMNN,gse20194,meta_batch,None,None,0.263894
mutual_info_score,5,HistGradientBoosting,fastMNN,gse20194,meta_batch,None,None,0.267874
mutual_info_score,6,HistGradientBoosting,fastMNN,gse20194,meta_batch,None,None,0.283048
mutual_info_score,7,HistGradientBoosting,fastMNN,gse20194,meta_batch,None,None,0.370337
mutual_info_score,8,HistGradientBoosting,fastMNN,gse20194,meta_batch,None,None,0.386189
mutual_info_score,9,HistGradientBoosting,fastMNN,gse20194,meta_batch,None,None,0.348792
accuracy_score,0,HistGradientBoosting,fastMNN,gse20194,meta_batch,None,None,0.828947
accuracy_score,1,HistGradientBoosting,fastMNN,gse20194,meta_batch,None,None,0.79386
accuracy_score,2,HistGradientBoosting,fastMNN,gse20194,meta_batch,None,None,0.833333
accuracy_score,3,HistGradientBoosting,fastMNN,gse20194,meta_batch,None,None,0.828947
accuracy_score,4,HistGradientBoosting,fastMNN,gse20194,meta_batch,None,None,0.789474
accuracy_score,5,HistGradientBoosting,fastMNN,gse20194,meta_batch,None,None,0.789474
accuracy_score,6,HistGradientBoosting,fastMNN,gse20194,meta_batch,None,None,0.802632
accuracy_score,7,HistGradientBoosting,fastMNN,gse20194,meta_batch,None,None,0.837719
accuracy_score,8,HistGradientBoosting,fastMNN,gse20194,meta_batch,None,None,0.846491
accuracy_score,9,HistGradientBoosting,fastMNN,gse20194,meta_batch,None,None,0.833333
roc_auc_score,0,RandomForest,liger,gse20194,meta_batch,None,None,0.980734
roc_auc_score,1,RandomForest,liger,gse20194,meta_batch,None,None,0.977082
roc_auc_score,2,RandomForest,liger,gse20194,meta_batch,None,None,0.984364
roc_auc_score,3,RandomForest,liger,gse20194,meta_batch,None,None,0.988096
roc_auc_score,4,RandomForest,liger,gse20194,meta_batch,None,None,0.982582
roc_auc_score,5,RandomForest,liger,gse20194,meta_batch,None,None,0.983263
roc_auc_score,6,RandomForest,liger,gse20194,meta_batch,None,None,0.981214
roc_auc_score,7,RandomForest,liger,gse20194,meta_batch,None,None,0.985277
roc_auc_score,8,RandomForest,liger,gse20194,meta_batch,None,None,0.982823
roc_auc_score,9,RandomForest,liger,gse20194,meta_batch,None,None,0.988708
mutual_info_score,0,RandomForest,liger,gse20194,meta_batch,None,None,0.66282
mutual_info_score,1,RandomForest,liger,gse20194,meta_batch,None,None,0.568185
mutual_info_score,2,RandomForest,liger,gse20194,meta_batch,None,None,0.660613
mutual_info_score,3,RandomForest,liger,gse20194,meta_batch,None,None,0.701324
mutual_info_score,4,RandomForest,liger,gse20194,meta_batch,None,None,0.656931
mutual_info_score,5,RandomForest,liger,gse20194,meta_batch,None,None,0.677597
mutual_info_score,6,RandomForest,liger,gse20194,meta_batch,None,None,0.692148
mutual_info_score,7,RandomForest,liger,gse20194,meta_batch,None,None,0.728245
mutual_info_score,8,RandomForest,liger,gse20194,meta_batch,None,None,0.665326
mutual_info_score,9,RandomForest,liger,gse20194,meta_batch,None,None,0.734298
accuracy_score,0,RandomForest,liger,gse20194,meta_batch,None,None,0.938596
accuracy_score,1,RandomForest,liger,gse20194,meta_batch,None,None,0.912281
accuracy_score,2,RandomForest,liger,gse20194,meta_batch,None,None,0.938596
accuracy_score,3,RandomForest,liger,gse20194,meta_batch,None,None,0.947368
accuracy_score,4,RandomForest,liger,gse20194,meta_batch,None,None,0.938596
accuracy_score,5,RandomForest,liger,gse20194,meta_batch,None,None,0.938596
accuracy_score,6,RandomForest,liger,gse20194,meta_batch,None,None,0.942982
accuracy_score,7,RandomForest,liger,gse20194,meta_batch,None,None,0.951754
accuracy_score,8,RandomForest,liger,gse20194,meta_batch,None,None,0.938596
accuracy_score,9,RandomForest,liger,gse20194,meta_batch,None,None,0.951754
roc_auc_score,0,HistGradientBoosting,liger,gse20194,meta_batch,None,None,0.980026
roc_auc_score,1,HistGradientBoosting,liger,gse20194,meta_batch,None,None,0.98379
roc_auc_score,2,HistGradientBoosting,liger,gse20194,meta_batch,None,None,0.984718
roc_auc_score,3,HistGradientBoosting,liger,gse20194,meta_batch,None,None,0.984667
roc_auc_score,4,HistGradientBoosting,liger,gse20194,meta_batch,None,None,0.984234
roc_auc_score,5,HistGradientBoosting,liger,gse20194,meta_batch,None,None,0.986592
roc_auc_score,6,HistGradientBoosting,liger,gse20194,meta_batch,None,None,0.98207
roc_auc_score,7,HistGradientBoosting,liger,gse20194,meta_batch,None,None,0.980954
roc_auc_score,8,HistGradientBoosting,liger,gse20194,meta_batch,None,None,0.98187
roc_auc_score,9,HistGradientBoosting,liger,gse20194,meta_batch,None,None,0.980503
mutual_info_score,0,HistGradientBoosting,liger,gse20194,meta_batch,None,None,0.592977
mutual_info_score,1,HistGradientBoosting,liger,gse20194,meta_batch,None,None,0.712503
mutual_info_score,2,HistGradientBoosting,liger,gse20194,meta_batch,None,None,0.766266
mutual_info_score,3,HistGradientBoosting,liger,gse20194,meta_batch,None,None,0.699997
mutual_info_score,4,HistGradientBoosting,liger,gse20194,meta_batch,None,None,0.633171
mutual_info_score,5,HistGradientBoosting,liger,gse20194,meta_batch,None,None,0.738036
mutual_info_score,6,HistGradientBoosting,liger,gse20194,meta_batch,None,None,0.594772
mutual_info_score,7,HistGradientBoosting,liger,gse20194,meta_batch,None,None,0.644639
mutual_info_score,8,HistGradientBoosting,liger,gse20194,meta_batch,None,None,0.631545
mutual_info_score,9,HistGradientBoosting,liger,gse20194,meta_batch,None,None,0.735604
accuracy_score,0,HistGradientBoosting,liger,gse20194,meta_batch,None,None,0.912281
accuracy_score,1,HistGradientBoosting,liger,gse20194,meta_batch,None,None,0.947368
accuracy_score,2,HistGradientBoosting,liger,gse20194,meta_batch,None,None,0.960526
accuracy_score,3,HistGradientBoosting,liger,gse20194,meta_batch,None,None,0.947368
accuracy_score,4,HistGradientBoosting,liger,gse20194,meta_batch,None,None,0.929825
accuracy_score,5,HistGradientBoosting,liger,gse20194,meta_batch,None,None,0.95614
accuracy_score,6,HistGradientBoosting,liger,gse20194,meta_batch,None,None,0.921053
accuracy_score,7,HistGradientBoosting,liger,gse20194,meta_batch,None,None,0.934211
accuracy_score,8,HistGradientBoosting,liger,gse20194,meta_batch,None,None,0.925439
accuracy_score,9,HistGradientBoosting,liger,gse20194,meta_batch,None,None,0.951754
roc_auc_score,0,RandomForest,wasserstein,gse20194,meta_batch,None,None,0.899535
roc_auc_score,1,RandomForest,wasserstein,gse20194,meta_batch,None,None,0.88137
roc_auc_score,2,RandomForest,wasserstein,gse20194,meta_batch,None,None,0.947434
roc_auc_score,3,RandomForest,wasserstein,gse20194,meta_batch,None,None,0.943972
roc_auc_score,4,RandomForest,wasserstein,gse20194,meta_batch,None,None,0.886644
roc_auc_score,5,RandomForest,wasserstein,gse20194,meta_batch,None,None,0.933612
roc_auc_score,6,RandomForest,wasserstein,gse20194,meta_batch,None,None,0.946691
roc_auc_score,7,RandomForest,wasserstein,gse20194,meta_batch,None,None,0.931882
roc_auc_score,8,RandomForest,wasserstein,gse20194,meta_batch,None,None,0.912579
roc_auc_score,9,RandomForest,wasserstein,gse20194,meta_batch,None,None,0.962193
mutual_info_score,0,RandomForest,wasserstein,gse20194,meta_batch,None,None,0.227546
mutual_info_score,1,RandomForest,wasserstein,gse20194,meta_batch,None,None,0.274801
mutual_info_score,2,RandomForest,wasserstein,gse20194,meta_batch,None,None,0.409883
mutual_info_score,3,RandomForest,wasserstein,gse20194,meta_batch,None,None,0.357042
mutual_info_score,4,RandomForest,wasserstein,gse20194,meta_batch,None,None,0.254695
mutual_info_score,5,RandomForest,wasserstein,gse20194,meta_batch,None,None,0.359746
mutual_info_score,6,RandomForest,wasserstein,gse20194,meta_batch,None,None,0.327932
mutual_info_score,7,RandomForest,wasserstein,gse20194,meta_batch,None,None,0.387309
mutual_info_score,8,RandomForest,wasserstein,gse20194,meta_batch,None,None,0.277999
mutual_info_score,9,RandomForest,wasserstein,gse20194,meta_batch,None,None,0.371738
accuracy_score,0,RandomForest,wasserstein,gse20194,meta_batch,None,None,0.758772
accuracy_score,1,RandomForest,wasserstein,gse20194,meta_batch,None,None,0.79386
accuracy_score,2,RandomForest,wasserstein,gse20194,meta_batch,None,None,0.855263
accuracy_score,3,RandomForest,wasserstein,gse20194,meta_batch,None,None,0.815789
accuracy_score,4,RandomForest,wasserstein,gse20194,meta_batch,None,None,0.77193
accuracy_score,5,RandomForest,wasserstein,gse20194,meta_batch,None,None,0.811404
accuracy_score,6,RandomForest,wasserstein,gse20194,meta_batch,None,None,0.807018
accuracy_score,7,RandomForest,wasserstein,gse20194,meta_batch,None,None,0.828947
accuracy_score,8,RandomForest,wasserstein,gse20194,meta_batch,None,None,0.79386
accuracy_score,9,RandomForest,wasserstein,gse20194,meta_batch,None,None,0.824561
roc_auc_score,0,HistGradientBoosting,wasserstein,gse20194,meta_batch,None,None,0.98236
roc_auc_score,1,HistGradientBoosting,wasserstein,gse20194,meta_batch,None,None,0.982127
roc_auc_score,2,HistGradientBoosting,wasserstein,gse20194,meta_batch,None,None,0.986816
roc_auc_score,3,HistGradientBoosting,wasserstein,gse20194,meta_batch,None,None,0.983081
roc_auc_score,4,HistGradientBoosting,wasserstein,gse20194,meta_batch,None,None,0.991048
roc_auc_score,5,HistGradientBoosting,wasserstein,gse20194,meta_batch,None,None,0.989853
roc_auc_score,6,HistGradientBoosting,wasserstein,gse20194,meta_batch,None,None,0.98612
roc_auc_score,7,HistGradientBoosting,wasserstein,gse20194,meta_batch,None,None,0.979715
roc_auc_score,8,HistGradientBoosting,wasserstein,gse20194,meta_batch,None,None,0.99056
roc_auc_score,9,HistGradientBoosting,wasserstein,gse20194,meta_batch,None,None,0.992244
mutual_info_score,0,HistGradientBoosting,wasserstein,gse20194,meta_batch,None,None,0.696614
mutual_info_score,1,HistGradientBoosting,wasserstein,gse20194,meta_batch,None,None,0.740827
mutual_info_score,2,HistGradientBoosting,wasserstein,gse20194,meta_batch,None,None,0.760615
mutual_info_score,3,HistGradientBoosting,wasserstein,gse20194,meta_batch,None,None,0.70438
mutual_info_score,4,HistGradientBoosting,wasserstein,gse20194,meta_batch,None,None,0.735514
mutual_info_score,5,HistGradientBoosting,wasserstein,gse20194,meta_batch,None,None,0.658929
mutual_info_score,6,HistGradientBoosting,wasserstein,gse20194,meta_batch,None,None,0.626596
mutual_info_score,7,HistGradientBoosting,wasserstein,gse20194,meta_batch,None,None,0.630179
mutual_info_score,8,HistGradientBoosting,wasserstein,gse20194,meta_batch,None,None,0.703456
mutual_info_score,9,HistGradientBoosting,wasserstein,gse20194,meta_batch,None,None,0.731656
accuracy_score,0,HistGradientBoosting,wasserstein,gse20194,meta_batch,None,None,0.942982
accuracy_score,1,HistGradientBoosting,wasserstein,gse20194,meta_batch,None,None,0.95614
accuracy_score,2,HistGradientBoosting,wasserstein,gse20194,meta_batch,None,None,0.960526
accuracy_score,3,HistGradientBoosting,wasserstein,gse20194,meta_batch,None,None,0.942982
accuracy_score,4,HistGradientBoosting,wasserstein,gse20194,meta_batch,None,None,0.951754
accuracy_score,5,HistGradientBoosting,wasserstein,gse20194,meta_batch,None,None,0.934211
accuracy_score,6,HistGradientBoosting,wasserstein,gse20194,meta_batch,None,None,0.929825
accuracy_score,7,HistGradientBoosting,wasserstein,gse20194,meta_batch,None,None,0.929825
accuracy_score,8,HistGradientBoosting,wasserstein,gse20194,meta_batch,None,None,0.947368
accuracy_score,9,HistGradientBoosting,wasserstein,gse20194,meta_batch,None,None,0.951754
roc_auc_score,0,RandomForest,monotonic,gse20194,meta_batch,None,None,0.980613
roc_auc_score,1,RandomForest,monotonic,gse20194,meta_batch,None,None,0.982968
roc_auc_score,2,RandomForest,monotonic,gse20194,meta_batch,None,None,0.986129
roc_auc_score,3,RandomForest,monotonic,gse20194,meta_batch,None,None,0.984444
roc_auc_score,4,RandomForest,monotonic,gse20194,meta_batch,None,None,0.980705
roc_auc_score,5,RandomForest,monotonic,gse20194,meta_batch,None,None,0.984692
roc_auc_score,6,RandomForest,monotonic,gse20194,meta_batch,None,None,0.985461
roc_auc_score,7,RandomForest,monotonic,gse20194,meta_batch,None,None,0.978779
roc_auc_score,8,RandomForest,monotonic,gse20194,meta_batch,None,None,0.984463
roc_auc_score,9,RandomForest,monotonic,gse20194,meta_batch,None,None,0.987763
mutual_info_score,0,RandomForest,monotonic,gse20194,meta_batch,None,None,0.620546
mutual_info_score,1,RandomForest,monotonic,gse20194,meta_batch,None,None,0.724027
mutual_info_score,2,RandomForest,monotonic,gse20194,meta_batch,None,None,0.760656
mutual_info_score,3,RandomForest,monotonic,gse20194,meta_batch,None,None,0.60878
mutual_info_score,4,RandomForest,monotonic,gse20194,meta_batch,None,None,0.666978
mutual_info_score,5,RandomForest,monotonic,gse20194,meta_batch,None,None,0.719152
mutual_info_score,6,RandomForest,monotonic,gse20194,meta_batch,None,None,0.66767
mutual_info_score,7,RandomForest,monotonic,gse20194,meta_batch,None,None,0.679554
mutual_info_score,8,RandomForest,monotonic,gse20194,meta_batch,None,None,0.677806
mutual_info_score,9,RandomForest,monotonic,gse20194,meta_batch,None,None,0.707538
accuracy_score,0,RandomForest,monotonic,gse20194,meta_batch,None,None,0.925439
accuracy_score,1,RandomForest,monotonic,gse20194,meta_batch,None,None,0.951754
accuracy_score,2,RandomForest,monotonic,gse20194,meta_batch,None,None,0.960526
accuracy_score,3,RandomForest,monotonic,gse20194,meta_batch,None,None,0.921053
accuracy_score,4,RandomForest,monotonic,gse20194,meta_batch,None,None,0.938596
accuracy_score,5,RandomForest,monotonic,gse20194,meta_batch,None,None,0.951754
accuracy_score,6,RandomForest,monotonic,gse20194,meta_batch,None,None,0.934211
accuracy_score,7,RandomForest,monotonic,gse20194,meta_batch,None,None,0.938596
accuracy_score,8,RandomForest,monotonic,gse20194,meta_batch,None,None,0.942982
accuracy_score,9,RandomForest,monotonic,gse20194,meta_batch,None,None,0.947368
roc_auc_score,0,HistGradientBoosting,monotonic,gse20194,meta_batch,None,None,0.981905
roc_auc_score,1,HistGradientBoosting,monotonic,gse20194,meta_batch,None,None,0.982615
roc_auc_score,2,HistGradientBoosting,monotonic,gse20194,meta_batch,None,None,0.984716
roc_auc_score,3,HistGradientBoosting,monotonic,gse20194,meta_batch,None,None,0.983957
roc_auc_score,4,HistGradientBoosting,monotonic,gse20194,meta_batch,None,None,0.982824
roc_auc_score,5,HistGradientBoosting,monotonic,gse20194,meta_batch,None,None,0.986117
roc_auc_score,6,HistGradientBoosting,monotonic,gse20194,meta_batch,None,None,0.981835
roc_auc_score,7,HistGradientBoosting,monotonic,gse20194,meta_batch,None,None,0.980479
roc_auc_score,8,HistGradientBoosting,monotonic,gse20194,meta_batch,None,None,0.981635
roc_auc_score,9,HistGradientBoosting,monotonic,gse20194,meta_batch,None,None,0.98191
mutual_info_score,0,HistGradientBoosting,monotonic,gse20194,meta_batch,None,None,0.623379
mutual_info_score,1,HistGradientBoosting,monotonic,gse20194,meta_batch,None,None,0.701027
mutual_info_score,2,HistGradientBoosting,monotonic,gse20194,meta_batch,None,None,0.759009
mutual_info_score,3,HistGradientBoosting,monotonic,gse20194,meta_batch,None,None,0.739968
mutual_info_score,4,HistGradientBoosting,monotonic,gse20194,meta_batch,None,None,0.664557
mutual_info_score,5,HistGradientBoosting,monotonic,gse20194,meta_batch,None,None,0.701096
mutual_info_score,6,HistGradientBoosting,monotonic,gse20194,meta_batch,None,None,0.601033
mutual_info_score,7,HistGradientBoosting,monotonic,gse20194,meta_batch,None,None,0.63196
mutual_info_score,8,HistGradientBoosting,monotonic,gse20194,meta_batch,None,None,0.658036
mutual_info_score,9,HistGradientBoosting,monotonic,gse20194,meta_batch,None,None,0.704221
accuracy_score,0,HistGradientBoosting,monotonic,gse20194,meta_batch,None,None,0.921053
accuracy_score,1,HistGradientBoosting,monotonic,gse20194,meta_batch,None,None,0.947368
accuracy_score,2,HistGradientBoosting,monotonic,gse20194,meta_batch,None,None,0.960526
accuracy_score,3,HistGradientBoosting,monotonic,gse20194,meta_batch,None,None,0.95614
accuracy_score,4,HistGradientBoosting,monotonic,gse20194,meta_batch,None,None,0.938596
accuracy_score,5,HistGradientBoosting,monotonic,gse20194,meta_batch,None,None,0.947368
accuracy_score,6,HistGradientBoosting,monotonic,gse20194,meta_batch,None,None,0.921053
accuracy_score,7,HistGradientBoosting,monotonic,gse20194,meta_batch,None,None,0.929825
accuracy_score,8,HistGradientBoosting,monotonic,gse20194,meta_batch,None,None,0.929825
accuracy_score,9,HistGradientBoosting,monotonic,gse20194,meta_batch,None,None,0.942982
roc_auc_score,0,RandomForest,non_monotonic,gse20194,meta_batch,None,None,0.95298
roc_auc_score,1,RandomForest,non_monotonic,gse20194,meta_batch,None,None,0.949813
roc_auc_score,2,RandomForest,non_monotonic,gse20194,meta_batch,None,None,0.955914
roc_auc_score,3,RandomForest,non_monotonic,gse20194,meta_batch,None,None,0.952343
roc_auc_score,4,RandomForest,non_monotonic,gse20194,meta_batch,None,None,0.956994
roc_auc_score,5,RandomForest,non_monotonic,gse20194,meta_batch,None,None,0.963869
roc_auc_score,6,RandomForest,non_monotonic,gse20194,meta_batch,None,None,0.953387
roc_auc_score,7,RandomForest,non_monotonic,gse20194,meta_batch,None,None,0.953935
roc_auc_score,8,RandomForest,non_monotonic,gse20194,meta_batch,None,None,0.94749
roc_auc_score,9,RandomForest,non_monotonic,gse20194,meta_batch,None,None,0.969979
mutual_info_score,0,RandomForest,non_monotonic,gse20194,meta_batch,None,None,0.582436
mutual_info_score,1,RandomForest,non_monotonic,gse20194,meta_batch,None,None,0.567505
mutual_info_score,2,RandomForest,non_monotonic,gse20194,meta_batch,None,None,0.597288
mutual_info_score,3,RandomForest,non_monotonic,gse20194,meta_batch,None,None,0.56252
mutual_info_score,4,RandomForest,non_monotonic,gse20194,meta_batch,None,None,0.552498
mutual_info_score,5,RandomForest,non_monotonic,gse20194,meta_batch,None,None,0.601258
mutual_info_score,6,RandomForest,non_monotonic,gse20194,meta_batch,None,None,0.602237
mutual_info_score,7,RandomForest,non_monotonic,gse20194,meta_batch,None,None,0.572548
mutual_info_score,8,RandomForest,non_monotonic,gse20194,meta_batch,None,None,0.603207
mutual_info_score,9,RandomForest,non_monotonic,gse20194,meta_batch,None,None,0.617118
accuracy_score,0,RandomForest,non_monotonic,gse20194,meta_batch,None,None,0.903509
accuracy_score,1,RandomForest,non_monotonic,gse20194,meta_batch,None,None,0.903509
accuracy_score,2,RandomForest,non_monotonic,gse20194,meta_batch,None,None,0.903509
accuracy_score,3,RandomForest,non_monotonic,gse20194,meta_batch,None,None,0.899123
accuracy_score,4,RandomForest,non_monotonic,gse20194,meta_batch,None,None,0.894737
accuracy_score,5,RandomForest,non_monotonic,gse20194,meta_batch,None,None,0.907895
accuracy_score,6,RandomForest,non_monotonic,gse20194,meta_batch,None,None,0.907895
accuracy_score,7,RandomForest,non_monotonic,gse20194,meta_batch,None,None,0.894737
accuracy_score,8,RandomForest,non_monotonic,gse20194,meta_batch,None,None,0.907895
accuracy_score,9,RandomForest,non_monotonic,gse20194,meta_batch,None,None,0.912281
roc_auc_score,0,HistGradientBoosting,non_monotonic,gse20194,meta_batch,None,None,0.955087
roc_auc_score,1,HistGradientBoosting,non_monotonic,gse20194,meta_batch,None,None,0.962859
roc_auc_score,2,HistGradientBoosting,non_monotonic,gse20194,meta_batch,None,None,0.955331
roc_auc_score,3,HistGradientBoosting,non_monotonic,gse20194,meta_batch,None,None,0.965654
roc_auc_score,4,HistGradientBoosting,non_monotonic,gse20194,meta_batch,None,None,0.973901
roc_auc_score,5,HistGradientBoosting,non_monotonic,gse20194,meta_batch,None,None,0.967535
roc_auc_score,6,HistGradientBoosting,non_monotonic,gse20194,meta_batch,None,None,0.967291
roc_auc_score,7,HistGradientBoosting,non_monotonic,gse20194,meta_batch,None,None,0.958346
roc_auc_score,8,HistGradientBoosting,non_monotonic,gse20194,meta_batch,None,None,0.965909
roc_auc_score,9,HistGradientBoosting,non_monotonic,gse20194,meta_batch,None,None,0.979517
mutual_info_score,0,HistGradientBoosting,non_monotonic,gse20194,meta_batch,None,None,0.538713
mutual_info_score,1,HistGradientBoosting,non_monotonic,gse20194,meta_batch,None,None,0.537857
mutual_info_score,2,HistGradientBoosting,non_monotonic,gse20194,meta_batch,None,None,0.545525
mutual_info_score,3,HistGradientBoosting,non_monotonic,gse20194,meta_batch,None,None,0.609975
mutual_info_score,4,HistGradientBoosting,non_monotonic,gse20194,meta_batch,None,None,0.628116
mutual_info_score,5,HistGradientBoosting,non_monotonic,gse20194,meta_batch,None,None,0.564698
mutual_info_score,6,HistGradientBoosting,non_monotonic,gse20194,meta_batch,None,None,0.561279
mutual_info_score,7,HistGradientBoosting,non_monotonic,gse20194,meta_batch,None,None,0.635755
mutual_info_score,8,HistGradientBoosting,non_monotonic,gse20194,meta_batch,None,None,0.617075
mutual_info_score,9,HistGradientBoosting,non_monotonic,gse20194,meta_batch,None,None,0.644723
accuracy_score,0,HistGradientBoosting,non_monotonic,gse20194,meta_batch,None,None,0.899123
accuracy_score,1,HistGradientBoosting,non_monotonic,gse20194,meta_batch,None,None,0.899123
accuracy_score,2,HistGradientBoosting,non_monotonic,gse20194,meta_batch,None,None,0.899123
accuracy_score,3,HistGradientBoosting,non_monotonic,gse20194,meta_batch,None,None,0.916667
accuracy_score,4,HistGradientBoosting,non_monotonic,gse20194,meta_batch,None,None,0.925439
accuracy_score,5,HistGradientBoosting,non_monotonic,gse20194,meta_batch,None,None,0.907895
accuracy_score,6,HistGradientBoosting,non_monotonic,gse20194,meta_batch,None,None,0.907895
accuracy_score,7,HistGradientBoosting,non_monotonic,gse20194,meta_batch,None,None,0.925439
accuracy_score,8,HistGradientBoosting,non_monotonic,gse20194,meta_batch,None,None,0.916667
accuracy_score,9,HistGradientBoosting,non_monotonic,gse20194,meta_batch,None,None,0.925439
roc_auc_score,0,RandomForest,combat,gse24080,meta_batch,None,None,0.676915
roc_auc_score,1,RandomForest,combat,gse24080,meta_batch,None,None,0.741857
roc_auc_score,2,RandomForest,combat,gse24080,meta_batch,None,None,0.716595
roc_auc_score,3,RandomForest,combat,gse24080,meta_batch,None,None,0.698102
roc_auc_score,4,RandomForest,combat,gse24080,meta_batch,None,None,0.702456
roc_auc_score,5,RandomForest,combat,gse24080,meta_batch,None,None,0.727199
roc_auc_score,6,RandomForest,combat,gse24080,meta_batch,None,None,0.724426
roc_auc_score,7,RandomForest,combat,gse24080,meta_batch,None,None,0.685716
roc_auc_score,8,RandomForest,combat,gse24080,meta_batch,None,None,0.73544
roc_auc_score,9,RandomForest,combat,gse24080,meta_batch,None,None,0.700317
mutual_info_score,0,RandomForest,combat,gse24080,meta_batch,None,None,0.031125
mutual_info_score,1,RandomForest,combat,gse24080,meta_batch,None,None,0.084257
mutual_info_score,2,RandomForest,combat,gse24080,meta_batch,None,None,0.062913
mutual_info_score,3,RandomForest,combat,gse24080,meta_batch,None,None,0.039078
mutual_info_score,4,RandomForest,combat,gse24080,meta_batch,None,None,0.061483
mutual_info_score,5,RandomForest,combat,gse24080,meta_batch,None,None,0.067419
mutual_info_score,6,RandomForest,combat,gse24080,meta_batch,None,None,0.049976
mutual_info_score,7,RandomForest,combat,gse24080,meta_batch,None,None,0.046964
mutual_info_score,8,RandomForest,combat,gse24080,meta_batch,None,None,0.052643
mutual_info_score,9,RandomForest,combat,gse24080,meta_batch,None,None,0.027065
accuracy_score,0,RandomForest,combat,gse24080,meta_batch,None,None,0.650999
accuracy_score,1,RandomForest,combat,gse24080,meta_batch,None,None,0.692617
accuracy_score,2,RandomForest,combat,gse24080,meta_batch,None,None,0.669056
accuracy_score,3,RandomForest,combat,gse24080,meta_batch,None,None,0.65282
accuracy_score,4,RandomForest,combat,gse24080,meta_batch,None,None,0.67451
accuracy_score,5,RandomForest,combat,gse24080,meta_batch,None,None,0.679916
accuracy_score,6,RandomForest,combat,gse24080,meta_batch,None,None,0.66366
accuracy_score,7,RandomForest,combat,gse24080,meta_batch,None,None,0.661908
accuracy_score,8,RandomForest,combat,gse24080,meta_batch,None,None,0.669056
accuracy_score,9,RandomForest,combat,gse24080,meta_batch,None,None,0.647385
roc_auc_score,0,HistGradientBoosting,combat,gse24080,meta_batch,None,None,0.927581
roc_auc_score,1,HistGradientBoosting,combat,gse24080,meta_batch,None,None,0.914135
roc_auc_score,2,HistGradientBoosting,combat,gse24080,meta_batch,None,None,0.921347
roc_auc_score,3,HistGradientBoosting,combat,gse24080,meta_batch,None,None,0.886187
roc_auc_score,4,HistGradientBoosting,combat,gse24080,meta_batch,None,None,0.910948
roc_auc_score,5,HistGradientBoosting,combat,gse24080,meta_batch,None,None,0.900678
roc_auc_score,6,HistGradientBoosting,combat,gse24080,meta_batch,None,None,0.889136
roc_auc_score,7,HistGradientBoosting,combat,gse24080,meta_batch,None,None,0.903489
roc_auc_score,8,HistGradientBoosting,combat,gse24080,meta_batch,None,None,0.892875
roc_auc_score,9,HistGradientBoosting,combat,gse24080,meta_batch,None,None,0.884363
mutual_info_score,0,HistGradientBoosting,combat,gse24080,meta_batch,None,None,0.310096
mutual_info_score,1,HistGradientBoosting,combat,gse24080,meta_batch,None,None,0.273918
mutual_info_score,2,HistGradientBoosting,combat,gse24080,meta_batch,None,None,0.293802
mutual_info_score,3,HistGradientBoosting,combat,gse24080,meta_batch,None,None,0.274161
mutual_info_score,4,HistGradientBoosting,combat,gse24080,meta_batch,None,None,0.262364
mutual_info_score,5,HistGradientBoosting,combat,gse24080,meta_batch,None,None,0.299848
mutual_info_score,6,HistGradientBoosting,combat,gse24080,meta_batch,None,None,0.261404
mutual_info_score,7,HistGradientBoosting,combat,gse24080,meta_batch,None,None,0.265131
mutual_info_score,8,HistGradientBoosting,combat,gse24080,meta_batch,None,None,0.265206
mutual_info_score,9,HistGradientBoosting,combat,gse24080,meta_batch,None,None,0.272659
accuracy_score,0,HistGradientBoosting,combat,gse24080,meta_batch,None,None,0.829994
accuracy_score,1,HistGradientBoosting,combat,gse24080,meta_batch,None,None,0.813778
accuracy_score,2,HistGradientBoosting,combat,gse24080,meta_batch,None,None,0.821005
accuracy_score,3,HistGradientBoosting,combat,gse24080,meta_batch,None,None,0.811986
accuracy_score,4,HistGradientBoosting,combat,gse24080,meta_batch,None,None,0.806532
accuracy_score,5,HistGradientBoosting,combat,gse24080,meta_batch,None,None,0.822758
accuracy_score,6,HistGradientBoosting,combat,gse24080,meta_batch,None,None,0.804788
accuracy_score,7,HistGradientBoosting,combat,gse24080,meta_batch,None,None,0.808333
accuracy_score,8,HistGradientBoosting,combat,gse24080,meta_batch,None,None,0.808265
accuracy_score,9,HistGradientBoosting,combat,gse24080,meta_batch,None,None,0.813758
roc_auc_score,0,RandomForest,combat_target,gse24080,meta_batch,None,None,0.689866
roc_auc_score,1,RandomForest,combat_target,gse24080,meta_batch,None,None,0.738621
roc_auc_score,2,RandomForest,combat_target,gse24080,meta_batch,None,None,0.712592
roc_auc_score,3,RandomForest,combat_target,gse24080,meta_batch,None,None,0.730681
roc_auc_score,4,RandomForest,combat_target,gse24080,meta_batch,None,None,0.720893
roc_auc_score,5,RandomForest,combat_target,gse24080,meta_batch,None,None,0.735012
roc_auc_score,6,RandomForest,combat_target,gse24080,meta_batch,None,None,0.708376
roc_auc_score,7,RandomForest,combat_target,gse24080,meta_batch,None,None,0.709277
roc_auc_score,8,RandomForest,combat_target,gse24080,meta_batch,None,None,0.744753
roc_auc_score,9,RandomForest,combat_target,gse24080,meta_batch,None,None,0.741436
mutual_info_score,0,RandomForest,combat_target,gse24080,meta_batch,None,None,0.034855
mutual_info_score,1,RandomForest,combat_target,gse24080,meta_batch,None,None,0.068979
mutual_info_score,2,RandomForest,combat_target,gse24080,meta_batch,None,None,0.032304
mutual_info_score,3,RandomForest,combat_target,gse24080,meta_batch,None,None,0.041326
mutual_info_score,4,RandomForest,combat_target,gse24080,meta_batch,None,None,0.049145
mutual_info_score,5,RandomForest,combat_target,gse24080,meta_batch,None,None,0.06598
mutual_info_score,6,RandomForest,combat_target,gse24080,meta_batch,None,None,0.033217
mutual_info_score,7,RandomForest,combat_target,gse24080,meta_batch,None,None,0.037811
mutual_info_score,8,RandomForest,combat_target,gse24080,meta_batch,None,None,0.051769
mutual_info_score,9,RandomForest,combat_target,gse24080,meta_batch,None,None,0.046968
accuracy_score,0,RandomForest,combat_target,gse24080,meta_batch,None,None,0.654642
accuracy_score,1,RandomForest,combat_target,gse24080,meta_batch,None,None,0.679975
accuracy_score,2,RandomForest,combat_target,gse24080,meta_batch,None,None,0.650979
accuracy_score,3,RandomForest,combat_target,gse24080,meta_batch,None,None,0.658235
accuracy_score,4,RandomForest,combat_target,gse24080,meta_batch,None,None,0.658226
accuracy_score,5,RandomForest,combat_target,gse24080,meta_batch,None,None,0.672669
accuracy_score,6,RandomForest,combat_target,gse24080,meta_batch,None,None,0.652781
accuracy_score,7,RandomForest,combat_target,gse24080,meta_batch,None,None,0.647454
accuracy_score,8,RandomForest,combat_target,gse24080,meta_batch,None,None,0.667254
accuracy_score,9,RandomForest,combat_target,gse24080,meta_batch,None,None,0.66366
roc_auc_score,0,HistGradientBoosting,combat_target,gse24080,meta_batch,None,None,0.90884
roc_auc_score,1,HistGradientBoosting,combat_target,gse24080,meta_batch,None,None,0.898373
roc_auc_score,2,HistGradientBoosting,combat_target,gse24080,meta_batch,None,None,0.898376
roc_auc_score,3,HistGradientBoosting,combat_target,gse24080,meta_batch,None,None,0.888172
roc_auc_score,4,HistGradientBoosting,combat_target,gse24080,meta_batch,None,None,0.900397
roc_auc_score,5,HistGradientBoosting,combat_target,gse24080,meta_batch,None,None,0.90343
roc_auc_score,6,HistGradientBoosting,combat_target,gse24080,meta_batch,None,None,0.890714
roc_auc_score,7,HistGradientBoosting,combat_target,gse24080,meta_batch,None,None,0.885493
roc_auc_score,8,HistGradientBoosting,combat_target,gse24080,meta_batch,None,None,0.902483
roc_auc_score,9,HistGradientBoosting,combat_target,gse24080,meta_batch,None,None,0.895337
mutual_info_score,0,HistGradientBoosting,combat_target,gse24080,meta_batch,None,None,0.327894
mutual_info_score,1,HistGradientBoosting,combat_target,gse24080,meta_batch,None,None,0.291775
mutual_info_score,2,HistGradientBoosting,combat_target,gse24080,meta_batch,None,None,0.250807
mutual_info_score,3,HistGradientBoosting,combat_target,gse24080,meta_batch,None,None,0.21369
mutual_info_score,4,HistGradientBoosting,combat_target,gse24080,meta_batch,None,None,0.2794
mutual_info_score,5,HistGradientBoosting,combat_target,gse24080,meta_batch,None,None,0.266125
mutual_info_score,6,HistGradientBoosting,combat_target,gse24080,meta_batch,None,None,0.243795
mutual_info_score,7,HistGradientBoosting,combat_target,gse24080,meta_batch,None,None,0.259723
mutual_info_score,8,HistGradientBoosting,combat_target,gse24080,meta_batch,None,None,0.253825
mutual_info_score,9,HistGradientBoosting,combat_target,gse24080,meta_batch,None,None,0.285694
accuracy_score,0,HistGradientBoosting,combat_target,gse24080,meta_batch,None,None,0.833686
accuracy_score,1,HistGradientBoosting,combat_target,gse24080,meta_batch,None,None,0.821063
accuracy_score,2,HistGradientBoosting,combat_target,gse24080,meta_batch,None,None,0.802948
accuracy_score,3,HistGradientBoosting,combat_target,gse24080,meta_batch,None,None,0.783
accuracy_score,4,HistGradientBoosting,combat_target,gse24080,meta_batch,None,None,0.815609
accuracy_score,5,HistGradientBoosting,combat_target,gse24080,meta_batch,None,None,0.810145
accuracy_score,6,HistGradientBoosting,combat_target,gse24080,meta_batch,None,None,0.801097
accuracy_score,7,HistGradientBoosting,combat_target,gse24080,meta_batch,None,None,0.80471
accuracy_score,8,HistGradientBoosting,combat_target,gse24080,meta_batch,None,None,0.802869
accuracy_score,9,HistGradientBoosting,combat_target,gse24080,meta_batch,None,None,0.819213
roc_auc_score,0,RandomForest,npn,gse24080,meta_batch,None,None,0.229278
roc_auc_score,1,RandomForest,npn,gse24080,meta_batch,None,None,0.209854
roc_auc_score,2,RandomForest,npn,gse24080,meta_batch,None,None,0.2125
roc_auc_score,3,RandomForest,npn,gse24080,meta_batch,None,None,0.194851
roc_auc_score,4,RandomForest,npn,gse24080,meta_batch,None,None,0.205907
roc_auc_score,5,RandomForest,npn,gse24080,meta_batch,None,None,0.19868
roc_auc_score,6,RandomForest,npn,gse24080,meta_batch,None,None,0.221158
roc_auc_score,7,RandomForest,npn,gse24080,meta_batch,None,None,0.207766
roc_auc_score,8,RandomForest,npn,gse24080,meta_batch,None,None,0.196436
roc_auc_score,9,RandomForest,npn,gse24080,meta_batch,None,None,0.227211
mutual_info_score,0,RandomForest,npn,gse24080,meta_batch,None,None,0.019226
mutual_info_score,1,RandomForest,npn,gse24080,meta_batch,None,None,0.031114
mutual_info_score,2,RandomForest,npn,gse24080,meta_batch,None,None,0.00769
mutual_info_score,3,RandomForest,npn,gse24080,meta_batch,None,None,0.015026
mutual_info_score,4,RandomForest,npn,gse24080,meta_batch,None,None,0.023123
mutual_info_score,5,RandomForest,npn,gse24080,meta_batch,None,None,0.018113
mutual_info_score,6,RandomForest,npn,gse24080,meta_batch,None,None,0.020483
mutual_info_score,7,RandomForest,npn,gse24080,meta_batch,None,None,0.032997
mutual_info_score,8,RandomForest,npn,gse24080,meta_batch,None,None,0.019408
mutual_info_score,9,RandomForest,npn,gse24080,meta_batch,None,None,0.038736
accuracy_score,0,RandomForest,npn,gse24080,meta_batch,None,None,0.537094
accuracy_score,1,RandomForest,npn,gse24080,meta_batch,None,None,0.533451
accuracy_score,2,RandomForest,npn,gse24080,meta_batch,None,None,0.569624
accuracy_score,3,RandomForest,npn,gse24080,meta_batch,None,None,0.556962
accuracy_score,4,RandomForest,npn,gse24080,meta_batch,None,None,0.551557
accuracy_score,5,RandomForest,npn,gse24080,meta_batch,None,None,0.558774
accuracy_score,6,RandomForest,npn,gse24080,meta_batch,None,None,0.537084
accuracy_score,7,RandomForest,npn,gse24080,meta_batch,None,None,0.529877
accuracy_score,8,RandomForest,npn,gse24080,meta_batch,None,None,0.544281
accuracy_score,9,RandomForest,npn,gse24080,meta_batch,None,None,0.527987
roc_auc_score,0,HistGradientBoosting,npn,gse24080,meta_batch,None,None,0.168617
roc_auc_score,1,HistGradientBoosting,npn,gse24080,meta_batch,None,None,0.142529
roc_auc_score,2,HistGradientBoosting,npn,gse24080,meta_batch,None,None,0.163713
roc_auc_score,3,HistGradientBoosting,npn,gse24080,meta_batch,None,None,0.14184
roc_auc_score,4,HistGradientBoosting,npn,gse24080,meta_batch,None,None,0.146047
roc_auc_score,5,HistGradientBoosting,npn,gse24080,meta_batch,None,None,0.16056
roc_auc_score,6,HistGradientBoosting,npn,gse24080,meta_batch,None,None,0.15946
roc_auc_score,7,HistGradientBoosting,npn,gse24080,meta_batch,None,None,0.128907
roc_auc_score,8,HistGradientBoosting,npn,gse24080,meta_batch,None,None,0.167966
roc_auc_score,9,HistGradientBoosting,npn,gse24080,meta_batch,None,None,0.139565
mutual_info_score,0,HistGradientBoosting,npn,gse24080,meta_batch,None,None,0.11153
mutual_info_score,1,HistGradientBoosting,npn,gse24080,meta_batch,None,None,0.116021
mutual_info_score,2,HistGradientBoosting,npn,gse24080,meta_batch,None,None,0.107831
mutual_info_score,3,HistGradientBoosting,npn,gse24080,meta_batch,None,None,0.14184
mutual_info_score,4,HistGradientBoosting,npn,gse24080,meta_batch,None,None,0.114522
mutual_info_score,5,HistGradientBoosting,npn,gse24080,meta_batch,None,None,0.118797
mutual_info_score,6,HistGradientBoosting,npn,gse24080,meta_batch,None,None,0.123655
mutual_info_score,7,HistGradientBoosting,npn,gse24080,meta_batch,None,None,0.15354
mutual_info_score,8,HistGradientBoosting,npn,gse24080,meta_batch,None,None,0.113436
mutual_info_score,9,HistGradientBoosting,npn,gse24080,meta_batch,None,None,0.143722
accuracy_score,0,HistGradientBoosting,npn,gse24080,meta_batch,None,None,0.417734
accuracy_score,1,HistGradientBoosting,npn,gse24080,meta_batch,None,None,0.399657
accuracy_score,2,HistGradientBoosting,npn,gse24080,meta_batch,None,None,0.404984
accuracy_score,3,HistGradientBoosting,npn,gse24080,meta_batch,None,None,0.387005
accuracy_score,4,HistGradientBoosting,npn,gse24080,meta_batch,None,None,0.394291
accuracy_score,5,HistGradientBoosting,npn,gse24080,meta_batch,None,None,0.410576
accuracy_score,6,HistGradientBoosting,npn,gse24080,meta_batch,None,None,0.414052
accuracy_score,7,HistGradientBoosting,npn,gse24080,meta_batch,None,None,0.39059
accuracy_score,8,HistGradientBoosting,npn,gse24080,meta_batch,None,None,0.415893
accuracy_score,9,HistGradientBoosting,npn,gse24080,meta_batch,None,None,0.381502
roc_auc_score,0,RandomForest,limma,gse24080,meta_batch,None,None,0.968715
roc_auc_score,1,RandomForest,limma,gse24080,meta_batch,None,None,0.972825
roc_auc_score,2,RandomForest,limma,gse24080,meta_batch,None,None,0.969353
roc_auc_score,3,RandomForest,limma,gse24080,meta_batch,None,None,0.973383
roc_auc_score,4,RandomForest,limma,gse24080,meta_batch,None,None,0.977316
roc_auc_score,5,RandomForest,limma,gse24080,meta_batch,None,None,0.980265
roc_auc_score,6,RandomForest,limma,gse24080,meta_batch,None,None,0.977902
roc_auc_score,7,RandomForest,limma,gse24080,meta_batch,None,None,0.967498
roc_auc_score,8,RandomForest,limma,gse24080,meta_batch,None,None,0.972479
roc_auc_score,9,RandomForest,limma,gse24080,meta_batch,None,None,0.974862
mutual_info_score,0,RandomForest,limma,gse24080,meta_batch,None,None,0.422633
mutual_info_score,1,RandomForest,limma,gse24080,meta_batch,None,None,0.483286
mutual_info_score,2,RandomForest,limma,gse24080,meta_batch,None,None,0.433278
mutual_info_score,3,RandomForest,limma,gse24080,meta_batch,None,None,0.506879
mutual_info_score,4,RandomForest,limma,gse24080,meta_batch,None,None,0.486136
mutual_info_score,5,RandomForest,limma,gse24080,meta_batch,None,None,0.531766
mutual_info_score,6,RandomForest,limma,gse24080,meta_batch,None,None,0.463662
mutual_info_score,7,RandomForest,limma,gse24080,meta_batch,None,None,0.45315
mutual_info_score,8,RandomForest,limma,gse24080,meta_batch,None,None,0.47868
mutual_info_score,9,RandomForest,limma,gse24080,meta_batch,None,None,0.48034
accuracy_score,0,RandomForest,limma,gse24080,meta_batch,None,None,0.867989
accuracy_score,1,RandomForest,limma,gse24080,meta_batch,None,None,0.891549
accuracy_score,2,RandomForest,limma,gse24080,meta_batch,None,None,0.871622
accuracy_score,3,RandomForest,limma,gse24080,meta_batch,None,None,0.895143
accuracy_score,4,RandomForest,limma,gse24080,meta_batch,None,None,0.889708
accuracy_score,5,RandomForest,limma,gse24080,meta_batch,None,None,0.902331
accuracy_score,6,RandomForest,limma,gse24080,meta_batch,None,None,0.882481
accuracy_score,7,RandomForest,limma,gse24080,meta_batch,None,None,0.877056
accuracy_score,8,RandomForest,limma,gse24080,meta_batch,None,None,0.889659
accuracy_score,9,RandomForest,limma,gse24080,meta_batch,None,None,0.886105
roc_auc_score,0,HistGradientBoosting,limma,gse24080,meta_batch,None,None,0.986468
roc_auc_score,1,HistGradientBoosting,limma,gse24080,meta_batch,None,None,0.991252
roc_auc_score,2,HistGradientBoosting,limma,gse24080,meta_batch,None,None,0.992923
roc_auc_score,3,HistGradientBoosting,limma,gse24080,meta_batch,None,None,0.990434
roc_auc_score,4,HistGradientBoosting,limma,gse24080,meta_batch,None,None,0.991227
roc_auc_score,5,HistGradientBoosting,limma,gse24080,meta_batch,None,None,0.992497
roc_auc_score,6,HistGradientBoosting,limma,gse24080,meta_batch,None,None,0.988902
roc_auc_score,7,HistGradientBoosting,limma,gse24080,meta_batch,None,None,0.987358
roc_auc_score,8,HistGradientBoosting,limma,gse24080,meta_batch,None,None,0.992336
roc_auc_score,9,HistGradientBoosting,limma,gse24080,meta_batch,None,None,0.993921
mutual_info_score,0,HistGradientBoosting,limma,gse24080,meta_batch,None,None,0.683127
mutual_info_score,1,HistGradientBoosting,limma,gse24080,meta_batch,None,None,0.673516
mutual_info_score,2,HistGradientBoosting,limma,gse24080,meta_batch,None,None,0.734937
mutual_info_score,3,HistGradientBoosting,limma,gse24080,meta_batch,None,None,0.690772
mutual_info_score,4,HistGradientBoosting,limma,gse24080,meta_batch,None,None,0.672819
mutual_info_score,5,HistGradientBoosting,limma,gse24080,meta_batch,None,None,0.696556
mutual_info_score,6,HistGradientBoosting,limma,gse24080,meta_batch,None,None,0.687081
mutual_info_score,7,HistGradientBoosting,limma,gse24080,meta_batch,None,None,0.661828
mutual_info_score,8,HistGradientBoosting,limma,gse24080,meta_batch,None,None,0.712012
mutual_info_score,9,HistGradientBoosting,limma,gse24080,meta_batch,None,None,0.689364
accuracy_score,0,HistGradientBoosting,limma,gse24080,meta_batch,None,None,0.949373
accuracy_score,1,HistGradientBoosting,limma,gse24080,meta_batch,None,None,0.947523
accuracy_score,2,HistGradientBoosting,limma,gse24080,meta_batch,None,None,0.962005
accuracy_score,3,HistGradientBoosting,limma,gse24080,meta_batch,None,None,0.951214
accuracy_score,4,HistGradientBoosting,limma,gse24080,meta_batch,None,None,0.947562
accuracy_score,5,HistGradientBoosting,limma,gse24080,meta_batch,None,None,0.952967
accuracy_score,6,HistGradientBoosting,limma,gse24080,meta_batch,None,None,0.951165
accuracy_score,7,HistGradientBoosting,limma,gse24080,meta_batch,None,None,0.943909
accuracy_score,8,HistGradientBoosting,limma,gse24080,meta_batch,None,None,0.95659
accuracy_score,9,HistGradientBoosting,limma,gse24080,meta_batch,None,None,0.951146
roc_auc_score,0,RandomForest,limma_target,gse24080,meta_batch,None,None,0.972566
roc_auc_score,1,RandomForest,limma_target,gse24080,meta_batch,None,None,0.975041
roc_auc_score,2,RandomForest,limma_target,gse24080,meta_batch,None,None,0.981682
roc_auc_score,3,RandomForest,limma_target,gse24080,meta_batch,None,None,0.982617
roc_auc_score,4,RandomForest,limma_target,gse24080,meta_batch,None,None,0.983452
roc_auc_score,5,RandomForest,limma_target,gse24080,meta_batch,None,None,0.982747
roc_auc_score,6,RandomForest,limma_target,gse24080,meta_batch,None,None,0.982051
roc_auc_score,7,RandomForest,limma_target,gse24080,meta_batch,None,None,0.968299
roc_auc_score,8,RandomForest,limma_target,gse24080,meta_batch,None,None,0.974044
roc_auc_score,9,RandomForest,limma_target,gse24080,meta_batch,None,None,0.979558
mutual_info_score,0,RandomForest,limma_target,gse24080,meta_batch,None,None,0.411674
mutual_info_score,1,RandomForest,limma_target,gse24080,meta_batch,None,None,0.464113
mutual_info_score,2,RandomForest,limma_target,gse24080,meta_batch,None,None,0.508256
mutual_info_score,3,RandomForest,limma_target,gse24080,meta_batch,None,None,0.518423
mutual_info_score,4,RandomForest,limma_target,gse24080,meta_batch,None,None,0.508523
mutual_info_score,5,RandomForest,limma_target,gse24080,meta_batch,None,None,0.502847
mutual_info_score,6,RandomForest,limma_target,gse24080,meta_batch,None,None,0.519465
mutual_info_score,7,RandomForest,limma_target,gse24080,meta_batch,None,None,0.448211
mutual_info_score,8,RandomForest,limma_target,gse24080,meta_batch,None,None,0.462303
mutual_info_score,9,RandomForest,limma_target,gse24080,meta_batch,None,None,0.470636
accuracy_score,0,RandomForest,limma_target,gse24080,meta_batch,None,None,0.862613
accuracy_score,1,RandomForest,limma_target,gse24080,meta_batch,None,None,0.886085
accuracy_score,2,RandomForest,limma_target,gse24080,meta_batch,None,None,0.889738
accuracy_score,3,RandomForest,limma_target,gse24080,meta_batch,None,None,0.898747
accuracy_score,4,RandomForest,limma_target,gse24080,meta_batch,None,None,0.893341
accuracy_score,5,RandomForest,limma_target,gse24080,meta_batch,None,None,0.887808
accuracy_score,6,RandomForest,limma_target,gse24080,meta_batch,None,None,0.900607
accuracy_score,7,RandomForest,limma_target,gse24080,meta_batch,None,None,0.875245
accuracy_score,8,RandomForest,limma_target,gse24080,meta_batch,None,None,0.886065
accuracy_score,9,RandomForest,limma_target,gse24080,meta_batch,None,None,0.882481
roc_auc_score,0,HistGradientBoosting,limma_target,gse24080,meta_batch,None,None,0.990037
roc_auc_score,1,HistGradientBoosting,limma_target,gse24080,meta_batch,None,None,0.991843
roc_auc_score,2,HistGradientBoosting,limma_target,gse24080,meta_batch,None,None,0.987231
roc_auc_score,3,HistGradientBoosting,limma_target,gse24080,meta_batch,None,None,0.989299
roc_auc_score,4,HistGradientBoosting,limma_target,gse24080,meta_batch,None,None,0.990847
roc_auc_score,5,HistGradientBoosting,limma_target,gse24080,meta_batch,None,None,0.992702
roc_auc_score,6,HistGradientBoosting,limma_target,gse24080,meta_batch,None,None,0.989194
roc_auc_score,7,HistGradientBoosting,limma_target,gse24080,meta_batch,None,None,0.98484
roc_auc_score,8,HistGradientBoosting,limma_target,gse24080,meta_batch,None,None,0.992493
roc_auc_score,9,HistGradientBoosting,limma_target,gse24080,meta_batch,None,None,0.994831
mutual_info_score,0,HistGradientBoosting,limma_target,gse24080,meta_batch,None,None,0.697853
mutual_info_score,1,HistGradientBoosting,limma_target,gse24080,meta_batch,None,None,0.711005
mutual_info_score,2,HistGradientBoosting,limma_target,gse24080,meta_batch,None,None,0.684518
mutual_info_score,3,HistGradientBoosting,limma_target,gse24080,meta_batch,None,None,0.737038
mutual_info_score,4,HistGradientBoosting,limma_target,gse24080,meta_batch,None,None,0.728729
mutual_info_score,5,HistGradientBoosting,limma_target,gse24080,meta_batch,None,None,0.721264
mutual_info_score,6,HistGradientBoosting,limma_target,gse24080,meta_batch,None,None,0.695127
mutual_info_score,7,HistGradientBoosting,limma_target,gse24080,meta_batch,None,None,0.669182
mutual_info_score,8,HistGradientBoosting,limma_target,gse24080,meta_batch,None,None,0.710345
mutual_info_score,9,HistGradientBoosting,limma_target,gse24080,meta_batch,None,None,0.686803
accuracy_score,0,HistGradientBoosting,limma_target,gse24080,meta_batch,None,None,0.953016
accuracy_score,1,HistGradientBoosting,limma_target,gse24080,meta_batch,None,None,0.95658
accuracy_score,2,HistGradientBoosting,limma_target,gse24080,meta_batch,None,None,0.951165
accuracy_score,3,HistGradientBoosting,limma_target,gse24080,meta_batch,None,None,0.962035
accuracy_score,4,HistGradientBoosting,limma_target,gse24080,meta_batch,None,None,0.95658
accuracy_score,5,HistGradientBoosting,limma_target,gse24080,meta_batch,None,None,0.956571
accuracy_score,6,HistGradientBoosting,limma_target,gse24080,meta_batch,None,None,0.951175
accuracy_score,7,HistGradientBoosting,limma_target,gse24080,meta_batch,None,None,0.94574
accuracy_score,8,HistGradientBoosting,limma_target,gse24080,meta_batch,None,None,0.954759
accuracy_score,9,HistGradientBoosting,limma_target,gse24080,meta_batch,None,None,0.949373
roc_auc_score,0,RandomForest,unadjusted,gse24080,meta_batch,None,None,0.974297
roc_auc_score,1,RandomForest,unadjusted,gse24080,meta_batch,None,None,0.971418
roc_auc_score,2,RandomForest,unadjusted,gse24080,meta_batch,None,None,0.97711
roc_auc_score,3,RandomForest,unadjusted,gse24080,meta_batch,None,None,0.974597
roc_auc_score,4,RandomForest,unadjusted,gse24080,meta_batch,None,None,0.974951
roc_auc_score,5,RandomForest,unadjusted,gse24080,meta_batch,None,None,0.975929
roc_auc_score,6,RandomForest,unadjusted,gse24080,meta_batch,None,None,0.976561
roc_auc_score,7,RandomForest,unadjusted,gse24080,meta_batch,None,None,0.974514
roc_auc_score,8,RandomForest,unadjusted,gse24080,meta_batch,None,None,0.972083
roc_auc_score,9,RandomForest,unadjusted,gse24080,meta_batch,None,None,0.975921
mutual_info_score,0,RandomForest,unadjusted,gse24080,meta_batch,None,None,0.548669
mutual_info_score,1,RandomForest,unadjusted,gse24080,meta_batch,None,None,0.538367
mutual_info_score,2,RandomForest,unadjusted,gse24080,meta_batch,None,None,0.562085
mutual_info_score,3,RandomForest,unadjusted,gse24080,meta_batch,None,None,0.555879
mutual_info_score,4,RandomForest,unadjusted,gse24080,meta_batch,None,None,0.55082
mutual_info_score,5,RandomForest,unadjusted,gse24080,meta_batch,None,None,0.52281
mutual_info_score,6,RandomForest,unadjusted,gse24080,meta_batch,None,None,0.543379
mutual_info_score,7,RandomForest,unadjusted,gse24080,meta_batch,None,None,0.563156
mutual_info_score,8,RandomForest,unadjusted,gse24080,meta_batch,None,None,0.51926
mutual_info_score,9,RandomForest,unadjusted,gse24080,meta_batch,None,None,0.559582
accuracy_score,0,RandomForest,unadjusted,gse24080,meta_batch,None,None,0.915002
accuracy_score,1,RandomForest,unadjusted,gse24080,meta_batch,None,None,0.909557
accuracy_score,2,RandomForest,unadjusted,gse24080,meta_batch,None,None,0.918586
accuracy_score,3,RandomForest,unadjusted,gse24080,meta_batch,None,None,0.916814
accuracy_score,4,RandomForest,unadjusted,gse24080,meta_batch,None,None,0.915012
accuracy_score,5,RandomForest,unadjusted,gse24080,meta_batch,None,None,0.907785
accuracy_score,6,RandomForest,unadjusted,gse24080,meta_batch,None,None,0.91319
accuracy_score,7,RandomForest,unadjusted,gse24080,meta_batch,None,None,0.918635
accuracy_score,8,RandomForest,unadjusted,gse24080,meta_batch,None,None,0.905954
accuracy_score,9,RandomForest,unadjusted,gse24080,meta_batch,None,None,0.9132
roc_auc_score,0,HistGradientBoosting,unadjusted,gse24080,meta_batch,None,None,0.993073
roc_auc_score,1,HistGradientBoosting,unadjusted,gse24080,meta_batch,None,None,0.994613
roc_auc_score,2,HistGradientBoosting,unadjusted,gse24080,meta_batch,None,None,0.994196
roc_auc_score,3,HistGradientBoosting,unadjusted,gse24080,meta_batch,None,None,0.994534
roc_auc_score,4,HistGradientBoosting,unadjusted,gse24080,meta_batch,None,None,0.992691
roc_auc_score,5,HistGradientBoosting,unadjusted,gse24080,meta_batch,None,None,0.995924
roc_auc_score,6,HistGradientBoosting,unadjusted,gse24080,meta_batch,None,None,0.994827
roc_auc_score,7,HistGradientBoosting,unadjusted,gse24080,meta_batch,None,None,0.992989
roc_auc_score,8,HistGradientBoosting,unadjusted,gse24080,meta_batch,None,None,0.994337
roc_auc_score,9,HistGradientBoosting,unadjusted,gse24080,meta_batch,None,None,0.995076
mutual_info_score,0,HistGradientBoosting,unadjusted,gse24080,meta_batch,None,None,0.766093
mutual_info_score,1,HistGradientBoosting,unadjusted,gse24080,meta_batch,None,None,0.78635
mutual_info_score,2,HistGradientBoosting,unadjusted,gse24080,meta_batch,None,None,0.726854
mutual_info_score,3,HistGradientBoosting,unadjusted,gse24080,meta_batch,None,None,0.694265
mutual_info_score,4,HistGradientBoosting,unadjusted,gse24080,meta_batch,None,None,0.716741
mutual_info_score,5,HistGradientBoosting,unadjusted,gse24080,meta_batch,None,None,0.750568
mutual_info_score,6,HistGradientBoosting,unadjusted,gse24080,meta_batch,None,None,0.732181
mutual_info_score,7,HistGradientBoosting,unadjusted,gse24080,meta_batch,None,None,0.717871
mutual_info_score,8,HistGradientBoosting,unadjusted,gse24080,meta_batch,None,None,0.711081
mutual_info_score,9,HistGradientBoosting,unadjusted,gse24080,meta_batch,None,None,0.754153
accuracy_score,0,HistGradientBoosting,unadjusted,gse24080,meta_batch,None,None,0.967411
accuracy_score,1,HistGradientBoosting,unadjusted,gse24080,meta_batch,None,None,0.972875
accuracy_score,2,HistGradientBoosting,unadjusted,gse24080,meta_batch,None,None,0.958382
accuracy_score,3,HistGradientBoosting,unadjusted,gse24080,meta_batch,None,None,0.952967
accuracy_score,4,HistGradientBoosting,unadjusted,gse24080,meta_batch,None,None,0.958431
accuracy_score,5,HistGradientBoosting,unadjusted,gse24080,meta_batch,None,None,0.965648
accuracy_score,6,HistGradientBoosting,unadjusted,gse24080,meta_batch,None,None,0.962015
accuracy_score,7,HistGradientBoosting,unadjusted,gse24080,meta_batch,None,None,0.958421
accuracy_score,8,HistGradientBoosting,unadjusted,gse24080,meta_batch,None,None,0.95662
accuracy_score,9,HistGradientBoosting,unadjusted,gse24080,meta_batch,None,None,0.965648
roc_auc_score,0,RandomForest,tampor,gse24080,meta_batch,None,None,0.976896
roc_auc_score,1,RandomForest,tampor,gse24080,meta_batch,None,None,0.972498
roc_auc_score,2,RandomForest,tampor,gse24080,meta_batch,None,None,0.981478
roc_auc_score,3,RandomForest,tampor,gse24080,meta_batch,None,None,0.978769
roc_auc_score,4,RandomForest,tampor,gse24080,meta_batch,None,None,0.975829
roc_auc_score,5,RandomForest,tampor,gse24080,meta_batch,None,None,0.976038
roc_auc_score,6,RandomForest,tampor,gse24080,meta_batch,None,None,0.976146
roc_auc_score,7,RandomForest,tampor,gse24080,meta_batch,None,None,0.96737
roc_auc_score,8,RandomForest,tampor,gse24080,meta_batch,None,None,0.981538
roc_auc_score,9,RandomForest,tampor,gse24080,meta_batch,None,None,0.979013
mutual_info_score,0,RandomForest,tampor,gse24080,meta_batch,None,None,0.541101
mutual_info_score,1,RandomForest,tampor,gse24080,meta_batch,None,None,0.585773
mutual_info_score,2,RandomForest,tampor,gse24080,meta_batch,None,None,0.540863
mutual_info_score,3,RandomForest,tampor,gse24080,meta_batch,None,None,0.550616
mutual_info_score,4,RandomForest,tampor,gse24080,meta_batch,None,None,0.567915
mutual_info_score,5,RandomForest,tampor,gse24080,meta_batch,None,None,0.496322
mutual_info_score,6,RandomForest,tampor,gse24080,meta_batch,None,None,0.500025
mutual_info_score,7,RandomForest,tampor,gse24080,meta_batch,None,None,0.477347
mutual_info_score,8,RandomForest,tampor,gse24080,meta_batch,None,None,0.586484
mutual_info_score,9,RandomForest,tampor,gse24080,meta_batch,None,None,0.569751
accuracy_score,0,RandomForest,tampor,gse24080,meta_batch,None,None,0.905924
accuracy_score,1,RandomForest,tampor,gse24080,meta_batch,None,None,0.918586
accuracy_score,2,RandomForest,tampor,gse24080,meta_batch,None,None,0.900558
accuracy_score,3,RandomForest,tampor,gse24080,meta_batch,None,None,0.907834
accuracy_score,4,RandomForest,tampor,gse24080,meta_batch,None,None,0.909646
accuracy_score,5,RandomForest,tampor,gse24080,meta_batch,None,None,0.893302
accuracy_score,6,RandomForest,tampor,gse24080,meta_batch,None,None,0.895143
accuracy_score,7,RandomForest,tampor,gse24080,meta_batch,None,None,0.884254
accuracy_score,8,RandomForest,tampor,gse24080,meta_batch,None,None,0.918615
accuracy_score,9,RandomForest,tampor,gse24080,meta_batch,None,None,0.915031
roc_auc_score,0,HistGradientBoosting,tampor,gse24080,meta_batch,None,None,0.992111
roc_auc_score,1,HistGradientBoosting,tampor,gse24080,meta_batch,None,None,0.988052
roc_auc_score,2,HistGradientBoosting,tampor,gse24080,meta_batch,None,None,0.991983
roc_auc_score,3,HistGradientBoosting,tampor,gse24080,meta_batch,None,None,0.98757
roc_auc_score,4,HistGradientBoosting,tampor,gse24080,meta_batch,None,None,0.986849
roc_auc_score,5,HistGradientBoosting,tampor,gse24080,meta_batch,None,None,0.989648
roc_auc_score,6,HistGradientBoosting,tampor,gse24080,meta_batch,None,None,0.987583
roc_auc_score,7,HistGradientBoosting,tampor,gse24080,meta_batch,None,None,0.987558
roc_auc_score,8,HistGradientBoosting,tampor,gse24080,meta_batch,None,None,0.989064
roc_auc_score,9,HistGradientBoosting,tampor,gse24080,meta_batch,None,None,0.992602
mutual_info_score,0,HistGradientBoosting,tampor,gse24080,meta_batch,None,None,0.721855
mutual_info_score,1,HistGradientBoosting,tampor,gse24080,meta_batch,None,None,0.67842
mutual_info_score,2,HistGradientBoosting,tampor,gse24080,meta_batch,None,None,0.73493
mutual_info_score,3,HistGradientBoosting,tampor,gse24080,meta_batch,None,None,0.672496
mutual_info_score,4,HistGradientBoosting,tampor,gse24080,meta_batch,None,None,0.7341
mutual_info_score,5,HistGradientBoosting,tampor,gse24080,meta_batch,None,None,0.713104
mutual_info_score,6,HistGradientBoosting,tampor,gse24080,meta_batch,None,None,0.759646
mutual_info_score,7,HistGradientBoosting,tampor,gse24080,meta_batch,None,None,0.67047
mutual_info_score,8,HistGradientBoosting,tampor,gse24080,meta_batch,None,None,0.75514
mutual_info_score,9,HistGradientBoosting,tampor,gse24080,meta_batch,None,None,0.75597
accuracy_score,0,HistGradientBoosting,tampor,gse24080,meta_batch,None,None,0.95658
accuracy_score,1,HistGradientBoosting,tampor,gse24080,meta_batch,None,None,0.943909
accuracy_score,2,HistGradientBoosting,tampor,gse24080,meta_batch,None,None,0.960223
accuracy_score,3,HistGradientBoosting,tampor,gse24080,meta_batch,None,None,0.943987
accuracy_score,4,HistGradientBoosting,tampor,gse24080,meta_batch,None,None,0.960223
accuracy_score,5,HistGradientBoosting,tampor,gse24080,meta_batch,None,None,0.954798
accuracy_score,6,HistGradientBoosting,tampor,gse24080,meta_batch,None,None,0.965619
accuracy_score,7,HistGradientBoosting,tampor,gse24080,meta_batch,None,None,0.942098
accuracy_score,8,HistGradientBoosting,tampor,gse24080,meta_batch,None,None,0.963807
accuracy_score,9,HistGradientBoosting,tampor,gse24080,meta_batch,None,None,0.963856
roc_auc_score,0,RandomForest,quantile,gse24080,meta_batch,None,None,0.424931
roc_auc_score,1,RandomForest,quantile,gse24080,meta_batch,None,None,0.438065
roc_auc_score,2,RandomForest,quantile,gse24080,meta_batch,None,None,0.42409
roc_auc_score,3,RandomForest,quantile,gse24080,meta_batch,None,None,0.436024
roc_auc_score,4,RandomForest,quantile,gse24080,meta_batch,None,None,0.430179
roc_auc_score,5,RandomForest,quantile,gse24080,meta_batch,None,None,0.436353
roc_auc_score,6,RandomForest,quantile,gse24080,meta_batch,None,None,0.443105
roc_auc_score,7,RandomForest,quantile,gse24080,meta_batch,None,None,0.4254
roc_auc_score,8,RandomForest,quantile,gse24080,meta_batch,None,None,0.423279
roc_auc_score,9,RandomForest,quantile,gse24080,meta_batch,None,None,0.422542
mutual_info_score,0,RandomForest,quantile,gse24080,meta_batch,None,None,0.001323
mutual_info_score,1,RandomForest,quantile,gse24080,meta_batch,None,None,0.001847
mutual_info_score,2,RandomForest,quantile,gse24080,meta_batch,None,None,0.003356
mutual_info_score,3,RandomForest,quantile,gse24080,meta_batch,None,None,0.003316
mutual_info_score,4,RandomForest,quantile,gse24080,meta_batch,None,None,0.006062
mutual_info_score,5,RandomForest,quantile,gse24080,meta_batch,None,None,0.004134
mutual_info_score,6,RandomForest,quantile,gse24080,meta_batch,None,None,0.002464
mutual_info_score,7,RandomForest,quantile,gse24080,meta_batch,None,None,0.000833
mutual_info_score,8,RandomForest,quantile,gse24080,meta_batch,None,None,0.012205
mutual_info_score,9,RandomForest,quantile,gse24080,meta_batch,None,None,0.005294
accuracy_score,0,RandomForest,quantile,gse24080,meta_batch,None,None,0.576812
accuracy_score,1,RandomForest,quantile,gse24080,meta_batch,None,None,0.567763
accuracy_score,2,RandomForest,quantile,gse24080,meta_batch,None,None,0.587652
accuracy_score,3,RandomForest,quantile,gse24080,meta_batch,None,None,0.594967
accuracy_score,4,RandomForest,quantile,gse24080,meta_batch,None,None,0.59671
accuracy_score,5,RandomForest,quantile,gse24080,meta_batch,None,None,0.589542
accuracy_score,6,RandomForest,quantile,gse24080,meta_batch,None,None,0.594976
accuracy_score,7,RandomForest,quantile,gse24080,meta_batch,None,None,0.573237
accuracy_score,8,RandomForest,quantile,gse24080,meta_batch,None,None,0.571387
accuracy_score,9,RandomForest,quantile,gse24080,meta_batch,None,None,0.59668
roc_auc_score,0,HistGradientBoosting,quantile,gse24080,meta_batch,None,None,0.288079
roc_auc_score,1,HistGradientBoosting,quantile,gse24080,meta_batch,None,None,0.333284
roc_auc_score,2,HistGradientBoosting,quantile,gse24080,meta_batch,None,None,0.328776
roc_auc_score,3,HistGradientBoosting,quantile,gse24080,meta_batch,None,None,0.328195
roc_auc_score,4,HistGradientBoosting,quantile,gse24080,meta_batch,None,None,0.340586
roc_auc_score,5,HistGradientBoosting,quantile,gse24080,meta_batch,None,None,0.342154
roc_auc_score,6,HistGradientBoosting,quantile,gse24080,meta_batch,None,None,0.313765
roc_auc_score,7,HistGradientBoosting,quantile,gse24080,meta_batch,None,None,0.31685
roc_auc_score,8,HistGradientBoosting,quantile,gse24080,meta_batch,None,None,0.303105
roc_auc_score,9,HistGradientBoosting,quantile,gse24080,meta_batch,None,None,0.330892
mutual_info_score,0,HistGradientBoosting,quantile,gse24080,meta_batch,None,None,0.028469
mutual_info_score,1,HistGradientBoosting,quantile,gse24080,meta_batch,None,None,0.018845
mutual_info_score,2,HistGradientBoosting,quantile,gse24080,meta_batch,None,None,0.02298
mutual_info_score,3,HistGradientBoosting,quantile,gse24080,meta_batch,None,None,0.028936
mutual_info_score,4,HistGradientBoosting,quantile,gse24080,meta_batch,None,None,0.030677
mutual_info_score,5,HistGradientBoosting,quantile,gse24080,meta_batch,None,None,0.013952
mutual_info_score,6,HistGradientBoosting,quantile,gse24080,meta_batch,None,None,0.022696
mutual_info_score,7,HistGradientBoosting,quantile,gse24080,meta_batch,None,None,0.028703
mutual_info_score,8,HistGradientBoosting,quantile,gse24080,meta_batch,None,None,0.033624
mutual_info_score,9,HistGradientBoosting,quantile,gse24080,meta_batch,None,None,0.021177
accuracy_score,0,HistGradientBoosting,quantile,gse24080,meta_batch,None,None,0.480993
accuracy_score,1,HistGradientBoosting,quantile,gse24080,meta_batch,None,None,0.502703
accuracy_score,2,HistGradientBoosting,quantile,gse24080,meta_batch,None,None,0.504446
accuracy_score,3,HistGradientBoosting,quantile,gse24080,meta_batch,None,None,0.486398
accuracy_score,4,HistGradientBoosting,quantile,gse24080,meta_batch,None,None,0.4901
accuracy_score,5,HistGradientBoosting,quantile,gse24080,meta_batch,None,None,0.515433
accuracy_score,6,HistGradientBoosting,quantile,gse24080,meta_batch,None,None,0.4901
accuracy_score,7,HistGradientBoosting,quantile,gse24080,meta_batch,None,None,0.488337
accuracy_score,8,HistGradientBoosting,quantile,gse24080,meta_batch,None,None,0.486349
accuracy_score,9,HistGradientBoosting,quantile,gse24080,meta_batch,None,None,0.50096
roc_auc_score,0,RandomForest,autoclass,gse24080,meta_batch,None,None,0.901194
roc_auc_score,1,RandomForest,autoclass,gse24080,meta_batch,None,None,0.897768
roc_auc_score,2,RandomForest,autoclass,gse24080,meta_batch,None,None,0.908507
roc_auc_score,3,RandomForest,autoclass,gse24080,meta_batch,None,None,0.892445
roc_auc_score,4,RandomForest,autoclass,gse24080,meta_batch,None,None,0.887169
roc_auc_score,5,RandomForest,autoclass,gse24080,meta_batch,None,None,0.900109
roc_auc_score,6,RandomForest,autoclass,gse24080,meta_batch,None,None,0.912579
roc_auc_score,7,RandomForest,autoclass,gse24080,meta_batch,None,None,0.889064
roc_auc_score,8,RandomForest,autoclass,gse24080,meta_batch,None,None,0.875667
roc_auc_score,9,RandomForest,autoclass,gse24080,meta_batch,None,None,0.9018
mutual_info_score,0,RandomForest,autoclass,gse24080,meta_batch,None,None,0.269555
mutual_info_score,1,RandomForest,autoclass,gse24080,meta_batch,None,None,0.289633
mutual_info_score,2,RandomForest,autoclass,gse24080,meta_batch,None,None,0.285002
mutual_info_score,3,RandomForest,autoclass,gse24080,meta_batch,None,None,0.291867
mutual_info_score,4,RandomForest,autoclass,gse24080,meta_batch,None,None,0.292488
mutual_info_score,5,RandomForest,autoclass,gse24080,meta_batch,None,None,0.282789
mutual_info_score,6,RandomForest,autoclass,gse24080,meta_batch,None,None,0.294957
mutual_info_score,7,RandomForest,autoclass,gse24080,meta_batch,None,None,0.282484
mutual_info_score,8,RandomForest,autoclass,gse24080,meta_batch,None,None,0.261127
mutual_info_score,9,RandomForest,autoclass,gse24080,meta_batch,None,None,0.301102
accuracy_score,0,RandomForest,autoclass,gse24080,meta_batch,None,None,0.810096
accuracy_score,1,RandomForest,autoclass,gse24080,meta_batch,None,None,0.817401
accuracy_score,2,RandomForest,autoclass,gse24080,meta_batch,None,None,0.817342
accuracy_score,3,RandomForest,autoclass,gse24080,meta_batch,None,None,0.822787
accuracy_score,4,RandomForest,autoclass,gse24080,meta_batch,None,None,0.821014
accuracy_score,5,RandomForest,autoclass,gse24080,meta_batch,None,None,0.817372
accuracy_score,6,RandomForest,autoclass,gse24080,meta_batch,None,None,0.819085
accuracy_score,7,RandomForest,autoclass,gse24080,meta_batch,None,None,0.819193
accuracy_score,8,RandomForest,autoclass,gse24080,meta_batch,None,None,0.808324
accuracy_score,9,RandomForest,autoclass,gse24080,meta_batch,None,None,0.822767
roc_auc_score,0,HistGradientBoosting,autoclass,gse24080,meta_batch,None,None,0.950473
roc_auc_score,1,HistGradientBoosting,autoclass,gse24080,meta_batch,None,None,0.94761
roc_auc_score,2,HistGradientBoosting,autoclass,gse24080,meta_batch,None,None,0.954789
roc_auc_score,3,HistGradientBoosting,autoclass,gse24080,meta_batch,None,None,0.947237
roc_auc_score,4,HistGradientBoosting,autoclass,gse24080,meta_batch,None,None,0.944351
roc_auc_score,5,HistGradientBoosting,autoclass,gse24080,meta_batch,None,None,0.94196
roc_auc_score,6,HistGradientBoosting,autoclass,gse24080,meta_batch,None,None,0.944476
roc_auc_score,7,HistGradientBoosting,autoclass,gse24080,meta_batch,None,None,0.942138
roc_auc_score,8,HistGradientBoosting,autoclass,gse24080,meta_batch,None,None,0.928865
roc_auc_score,9,HistGradientBoosting,autoclass,gse24080,meta_batch,None,None,0.948329
mutual_info_score,0,HistGradientBoosting,autoclass,gse24080,meta_batch,None,None,0.466341
mutual_info_score,1,HistGradientBoosting,autoclass,gse24080,meta_batch,None,None,0.396818
mutual_info_score,2,HistGradientBoosting,autoclass,gse24080,meta_batch,None,None,0.442819
mutual_info_score,3,HistGradientBoosting,autoclass,gse24080,meta_batch,None,None,0.453717
mutual_info_score,4,HistGradientBoosting,autoclass,gse24080,meta_batch,None,None,0.422967
mutual_info_score,5,HistGradientBoosting,autoclass,gse24080,meta_batch,None,None,0.397441
mutual_info_score,6,HistGradientBoosting,autoclass,gse24080,meta_batch,None,None,0.450397
mutual_info_score,7,HistGradientBoosting,autoclass,gse24080,meta_batch,None,None,0.410751
mutual_info_score,8,HistGradientBoosting,autoclass,gse24080,meta_batch,None,None,0.385059
mutual_info_score,9,HistGradientBoosting,autoclass,gse24080,meta_batch,None,None,0.435301
accuracy_score,0,HistGradientBoosting,autoclass,gse24080,meta_batch,None,None,0.889669
accuracy_score,1,HistGradientBoosting,autoclass,gse24080,meta_batch,None,None,0.862573
accuracy_score,2,HistGradientBoosting,autoclass,gse24080,meta_batch,None,None,0.878839
accuracy_score,3,HistGradientBoosting,autoclass,gse24080,meta_batch,None,None,0.884283
accuracy_score,4,HistGradientBoosting,autoclass,gse24080,meta_batch,None,None,0.871612
accuracy_score,5,HistGradientBoosting,autoclass,gse24080,meta_batch,None,None,0.864375
accuracy_score,6,HistGradientBoosting,autoclass,gse24080,meta_batch,None,None,0.882423
accuracy_score,7,HistGradientBoosting,autoclass,gse24080,meta_batch,None,None,0.86981
accuracy_score,8,HistGradientBoosting,autoclass,gse24080,meta_batch,None,None,0.85894
accuracy_score,9,HistGradientBoosting,autoclass,gse24080,meta_batch,None,None,0.873394
roc_auc_score,0,RandomForest,icvae,gse24080,meta_batch,None,None,0.558498
roc_auc_score,1,RandomForest,icvae,gse24080,meta_batch,None,None,0.508824
roc_auc_score,2,RandomForest,icvae,gse24080,meta_batch,None,None,0.48915
roc_auc_score,3,RandomForest,icvae,gse24080,meta_batch,None,None,0.529124
roc_auc_score,4,RandomForest,icvae,gse24080,meta_batch,None,None,0.502605
roc_auc_score,5,RandomForest,icvae,gse24080,meta_batch,None,None,0.498213
roc_auc_score,6,RandomForest,icvae,gse24080,meta_batch,None,None,0.492991
roc_auc_score,7,RandomForest,icvae,gse24080,meta_batch,None,None,0.519468
roc_auc_score,8,RandomForest,icvae,gse24080,meta_batch,None,None,0.49104
roc_auc_score,9,RandomForest,icvae,gse24080,meta_batch,None,None,0.522577
mutual_info_score,0,RandomForest,icvae,gse24080,meta_batch,None,None,0.007345
mutual_info_score,1,RandomForest,icvae,gse24080,meta_batch,None,None,0.001841
mutual_info_score,2,RandomForest,icvae,gse24080,meta_batch,None,None,0.001063
mutual_info_score,3,RandomForest,icvae,gse24080,meta_batch,None,None,0.003471
mutual_info_score,4,RandomForest,icvae,gse24080,meta_batch,None,None,0.006819
mutual_info_score,5,RandomForest,icvae,gse24080,meta_batch,None,None,0.001438
mutual_info_score,6,RandomForest,icvae,gse24080,meta_batch,None,None,0.003274
mutual_info_score,7,RandomForest,icvae,gse24080,meta_batch,None,None,0.002912
mutual_info_score,8,RandomForest,icvae,gse24080,meta_batch,None,None,0.002713
mutual_info_score,9,RandomForest,icvae,gse24080,meta_batch,None,None,0.002291
accuracy_score,0,RandomForest,icvae,gse24080,meta_batch,None,None,0.591344
accuracy_score,1,RandomForest,icvae,gse24080,meta_batch,None,None,0.575078
accuracy_score,2,RandomForest,icvae,gse24080,meta_batch,None,None,0.571445
accuracy_score,3,RandomForest,icvae,gse24080,meta_batch,None,None,0.596778
accuracy_score,4,RandomForest,icvae,gse24080,meta_batch,None,None,0.574971
accuracy_score,5,RandomForest,icvae,gse24080,meta_batch,None,None,0.578623
accuracy_score,6,RandomForest,icvae,gse24080,meta_batch,None,None,0.556904
accuracy_score,7,RandomForest,icvae,gse24080,meta_batch,None,None,0.591383
accuracy_score,8,RandomForest,icvae,gse24080,meta_batch,None,None,0.571436
accuracy_score,9,RandomForest,icvae,gse24080,meta_batch,None,None,0.582266
roc_auc_score,0,HistGradientBoosting,icvae,gse24080,meta_batch,None,None,0.551272
roc_auc_score,1,HistGradientBoosting,icvae,gse24080,meta_batch,None,None,0.505568
roc_auc_score,2,HistGradientBoosting,icvae,gse24080,meta_batch,None,None,0.491595
roc_auc_score,3,HistGradientBoosting,icvae,gse24080,meta_batch,None,None,0.526175
roc_auc_score,4,HistGradientBoosting,icvae,gse24080,meta_batch,None,None,0.512533
roc_auc_score,5,HistGradientBoosting,icvae,gse24080,meta_batch,None,None,0.512653
roc_auc_score,6,HistGradientBoosting,icvae,gse24080,meta_batch,None,None,0.475718
roc_auc_score,7,HistGradientBoosting,icvae,gse24080,meta_batch,None,None,0.516064
roc_auc_score,8,HistGradientBoosting,icvae,gse24080,meta_batch,None,None,0.509042
roc_auc_score,9,HistGradientBoosting,icvae,gse24080,meta_batch,None,None,0.482843
mutual_info_score,0,HistGradientBoosting,icvae,gse24080,meta_batch,None,None,0.00694
mutual_info_score,1,HistGradientBoosting,icvae,gse24080,meta_batch,None,None,0.003821
mutual_info_score,2,HistGradientBoosting,icvae,gse24080,meta_batch,None,None,0.00222
mutual_info_score,3,HistGradientBoosting,icvae,gse24080,meta_batch,None,None,0.006112
mutual_info_score,4,HistGradientBoosting,icvae,gse24080,meta_batch,None,None,0.005703
mutual_info_score,5,HistGradientBoosting,icvae,gse24080,meta_batch,None,None,0.010058
mutual_info_score,6,HistGradientBoosting,icvae,gse24080,meta_batch,None,None,0.002619
mutual_info_score,7,HistGradientBoosting,icvae,gse24080,meta_batch,None,None,0.006309
mutual_info_score,8,HistGradientBoosting,icvae,gse24080,meta_batch,None,None,0.000694
mutual_info_score,9,HistGradientBoosting,icvae,gse24080,meta_batch,None,None,0.007707
accuracy_score,0,HistGradientBoosting,icvae,gse24080,meta_batch,None,None,0.575127
accuracy_score,1,HistGradientBoosting,icvae,gse24080,meta_batch,None,None,0.535292
accuracy_score,2,HistGradientBoosting,icvae,gse24080,meta_batch,None,None,0.546161
accuracy_score,3,HistGradientBoosting,icvae,gse24080,meta_batch,None,None,0.580425
accuracy_score,4,HistGradientBoosting,icvae,gse24080,meta_batch,None,None,0.571426
accuracy_score,5,HistGradientBoosting,icvae,gse24080,meta_batch,None,None,0.535155
accuracy_score,6,HistGradientBoosting,icvae,gse24080,meta_batch,None,None,0.5533
accuracy_score,7,HistGradientBoosting,icvae,gse24080,meta_batch,None,None,0.560674
accuracy_score,8,HistGradientBoosting,icvae,gse24080,meta_batch,None,None,0.544271
accuracy_score,9,HistGradientBoosting,icvae,gse24080,meta_batch,None,None,0.533392
roc_auc_score,0,RandomForest,seurat_scaling,gse24080,meta_batch,None,None,0.968715
roc_auc_score,1,RandomForest,seurat_scaling,gse24080,meta_batch,None,None,0.972721
roc_auc_score,2,RandomForest,seurat_scaling,gse24080,meta_batch,None,None,0.969353
roc_auc_score,3,RandomForest,seurat_scaling,gse24080,meta_batch,None,None,0.973383
roc_auc_score,4,RandomForest,seurat_scaling,gse24080,meta_batch,None,None,0.977316
roc_auc_score,5,RandomForest,seurat_scaling,gse24080,meta_batch,None,None,0.980265
roc_auc_score,6,RandomForest,seurat_scaling,gse24080,meta_batch,None,None,0.977902
roc_auc_score,7,RandomForest,seurat_scaling,gse24080,meta_batch,None,None,0.967498
roc_auc_score,8,RandomForest,seurat_scaling,gse24080,meta_batch,None,None,0.972479
roc_auc_score,9,RandomForest,seurat_scaling,gse24080,meta_batch,None,None,0.974634
mutual_info_score,0,RandomForest,seurat_scaling,gse24080,meta_batch,None,None,0.422633
mutual_info_score,1,RandomForest,seurat_scaling,gse24080,meta_batch,None,None,0.483286
mutual_info_score,2,RandomForest,seurat_scaling,gse24080,meta_batch,None,None,0.433278
mutual_info_score,3,RandomForest,seurat_scaling,gse24080,meta_batch,None,None,0.506879
mutual_info_score,4,RandomForest,seurat_scaling,gse24080,meta_batch,None,None,0.486136
mutual_info_score,5,RandomForest,seurat_scaling,gse24080,meta_batch,None,None,0.531766
mutual_info_score,6,RandomForest,seurat_scaling,gse24080,meta_batch,None,None,0.463662
mutual_info_score,7,RandomForest,seurat_scaling,gse24080,meta_batch,None,None,0.45315
mutual_info_score,8,RandomForest,seurat_scaling,gse24080,meta_batch,None,None,0.47868
mutual_info_score,9,RandomForest,seurat_scaling,gse24080,meta_batch,None,None,0.475222
accuracy_score,0,RandomForest,seurat_scaling,gse24080,meta_batch,None,None,0.867989
accuracy_score,1,RandomForest,seurat_scaling,gse24080,meta_batch,None,None,0.891549
accuracy_score,2,RandomForest,seurat_scaling,gse24080,meta_batch,None,None,0.871622
accuracy_score,3,RandomForest,seurat_scaling,gse24080,meta_batch,None,None,0.895143
accuracy_score,4,RandomForest,seurat_scaling,gse24080,meta_batch,None,None,0.889708
accuracy_score,5,RandomForest,seurat_scaling,gse24080,meta_batch,None,None,0.902331
accuracy_score,6,RandomForest,seurat_scaling,gse24080,meta_batch,None,None,0.882481
accuracy_score,7,RandomForest,seurat_scaling,gse24080,meta_batch,None,None,0.877056
accuracy_score,8,RandomForest,seurat_scaling,gse24080,meta_batch,None,None,0.889659
accuracy_score,9,RandomForest,seurat_scaling,gse24080,meta_batch,None,None,0.884293
roc_auc_score,0,HistGradientBoosting,seurat_scaling,gse24080,meta_batch,None,None,0.986385
roc_auc_score,1,HistGradientBoosting,seurat_scaling,gse24080,meta_batch,None,None,0.991252
roc_auc_score,2,HistGradientBoosting,seurat_scaling,gse24080,meta_batch,None,None,0.992923
roc_auc_score,3,HistGradientBoosting,seurat_scaling,gse24080,meta_batch,None,None,0.990434
roc_auc_score,4,HistGradientBoosting,seurat_scaling,gse24080,meta_batch,None,None,0.991227
roc_auc_score,5,HistGradientBoosting,seurat_scaling,gse24080,meta_batch,None,None,0.992497
roc_auc_score,6,HistGradientBoosting,seurat_scaling,gse24080,meta_batch,None,None,0.988902
roc_auc_score,7,HistGradientBoosting,seurat_scaling,gse24080,meta_batch,None,None,0.987358
roc_auc_score,8,HistGradientBoosting,seurat_scaling,gse24080,meta_batch,None,None,0.992336
roc_auc_score,9,HistGradientBoosting,seurat_scaling,gse24080,meta_batch,None,None,0.993921
mutual_info_score,0,HistGradientBoosting,seurat_scaling,gse24080,meta_batch,None,None,0.683127
mutual_info_score,1,HistGradientBoosting,seurat_scaling,gse24080,meta_batch,None,None,0.673516
mutual_info_score,2,HistGradientBoosting,seurat_scaling,gse24080,meta_batch,None,None,0.734937
mutual_info_score,3,HistGradientBoosting,seurat_scaling,gse24080,meta_batch,None,None,0.690772
mutual_info_score,4,HistGradientBoosting,seurat_scaling,gse24080,meta_batch,None,None,0.672819
mutual_info_score,5,HistGradientBoosting,seurat_scaling,gse24080,meta_batch,None,None,0.696556
mutual_info_score,6,HistGradientBoosting,seurat_scaling,gse24080,meta_batch,None,None,0.687081
mutual_info_score,7,HistGradientBoosting,seurat_scaling,gse24080,meta_batch,None,None,0.661828
mutual_info_score,8,HistGradientBoosting,seurat_scaling,gse24080,meta_batch,None,None,0.712012
mutual_info_score,9,HistGradientBoosting,seurat_scaling,gse24080,meta_batch,None,None,0.689364
accuracy_score,0,HistGradientBoosting,seurat_scaling,gse24080,meta_batch,None,None,0.949373
accuracy_score,1,HistGradientBoosting,seurat_scaling,gse24080,meta_batch,None,None,0.947523
accuracy_score,2,HistGradientBoosting,seurat_scaling,gse24080,meta_batch,None,None,0.962005
accuracy_score,3,HistGradientBoosting,seurat_scaling,gse24080,meta_batch,None,None,0.951214
accuracy_score,4,HistGradientBoosting,seurat_scaling,gse24080,meta_batch,None,None,0.947562
accuracy_score,5,HistGradientBoosting,seurat_scaling,gse24080,meta_batch,None,None,0.952967
accuracy_score,6,HistGradientBoosting,seurat_scaling,gse24080,meta_batch,None,None,0.951165
accuracy_score,7,HistGradientBoosting,seurat_scaling,gse24080,meta_batch,None,None,0.943909
accuracy_score,8,HistGradientBoosting,seurat_scaling,gse24080,meta_batch,None,None,0.95659
accuracy_score,9,HistGradientBoosting,seurat_scaling,gse24080,meta_batch,None,None,0.951146
roc_auc_score,0,RandomForest,seurat_integration,gse24080,meta_batch,None,None,0.973228
roc_auc_score,1,RandomForest,seurat_integration,gse24080,meta_batch,None,None,0.97338
roc_auc_score,2,RandomForest,seurat_integration,gse24080,meta_batch,None,None,0.973422
roc_auc_score,3,RandomForest,seurat_integration,gse24080,meta_batch,None,None,0.974301
roc_auc_score,4,RandomForest,seurat_integration,gse24080,meta_batch,None,None,0.977878
roc_auc_score,5,RandomForest,seurat_integration,gse24080,meta_batch,None,None,0.97326
roc_auc_score,6,RandomForest,seurat_integration,gse24080,meta_batch,None,None,0.972263
roc_auc_score,7,RandomForest,seurat_integration,gse24080,meta_batch,None,None,0.97562
roc_auc_score,8,RandomForest,seurat_integration,gse24080,meta_batch,None,None,0.971162
roc_auc_score,9,RandomForest,seurat_integration,gse24080,meta_batch,None,None,0.975689
mutual_info_score,0,RandomForest,seurat_integration,gse24080,meta_batch,None,None,0.526144
mutual_info_score,1,RandomForest,seurat_integration,gse24080,meta_batch,None,None,0.537387
mutual_info_score,2,RandomForest,seurat_integration,gse24080,meta_batch,None,None,0.526229
mutual_info_score,3,RandomForest,seurat_integration,gse24080,meta_batch,None,None,0.546843
mutual_info_score,4,RandomForest,seurat_integration,gse24080,meta_batch,None,None,0.586
mutual_info_score,5,RandomForest,seurat_integration,gse24080,meta_batch,None,None,0.555196
mutual_info_score,6,RandomForest,seurat_integration,gse24080,meta_batch,None,None,0.524855
mutual_info_score,7,RandomForest,seurat_integration,gse24080,meta_batch,None,None,0.550769
mutual_info_score,8,RandomForest,seurat_integration,gse24080,meta_batch,None,None,0.491359
mutual_info_score,9,RandomForest,seurat_integration,gse24080,meta_batch,None,None,0.552198
accuracy_score,0,RandomForest,seurat_integration,gse24080,meta_batch,None,None,0.907746
accuracy_score,1,RandomForest,seurat_integration,gse24080,meta_batch,None,None,0.911389
accuracy_score,2,RandomForest,seurat_integration,gse24080,meta_batch,None,None,0.905924
accuracy_score,3,RandomForest,seurat_integration,gse24080,meta_batch,None,None,0.913161
accuracy_score,4,RandomForest,seurat_integration,gse24080,meta_batch,None,None,0.92405
accuracy_score,5,RandomForest,seurat_integration,gse24080,meta_batch,None,None,0.916843
accuracy_score,6,RandomForest,seurat_integration,gse24080,meta_batch,None,None,0.905934
accuracy_score,7,RandomForest,seurat_integration,gse24080,meta_batch,None,None,0.915002
accuracy_score,8,RandomForest,seurat_integration,gse24080,meta_batch,None,None,0.896896
accuracy_score,9,RandomForest,seurat_integration,gse24080,meta_batch,None,None,0.911398
roc_auc_score,0,HistGradientBoosting,seurat_integration,gse24080,meta_batch,None,None,0.990911
roc_auc_score,1,HistGradientBoosting,seurat_integration,gse24080,meta_batch,None,None,0.991665
roc_auc_score,2,HistGradientBoosting,seurat_integration,gse24080,meta_batch,None,None,0.988723
roc_auc_score,3,HistGradientBoosting,seurat_integration,gse24080,meta_batch,None,None,0.993194
roc_auc_score,4,HistGradientBoosting,seurat_integration,gse24080,meta_batch,None,None,0.994341
roc_auc_score,5,HistGradientBoosting,seurat_integration,gse24080,meta_batch,None,None,0.992089
roc_auc_score,6,HistGradientBoosting,seurat_integration,gse24080,meta_batch,None,None,0.992382
roc_auc_score,7,HistGradientBoosting,seurat_integration,gse24080,meta_batch,None,None,0.990593
roc_auc_score,8,HistGradientBoosting,seurat_integration,gse24080,meta_batch,None,None,0.992956
roc_auc_score,9,HistGradientBoosting,seurat_integration,gse24080,meta_batch,None,None,0.990795
mutual_info_score,0,HistGradientBoosting,seurat_integration,gse24080,meta_batch,None,None,0.702482
mutual_info_score,1,HistGradientBoosting,seurat_integration,gse24080,meta_batch,None,None,0.706285
mutual_info_score,2,HistGradientBoosting,seurat_integration,gse24080,meta_batch,None,None,0.652758
mutual_info_score,3,HistGradientBoosting,seurat_integration,gse24080,meta_batch,None,None,0.699819
mutual_info_score,4,HistGradientBoosting,seurat_integration,gse24080,meta_batch,None,None,0.688547
mutual_info_score,5,HistGradientBoosting,seurat_integration,gse24080,meta_batch,None,None,0.726654
mutual_info_score,6,HistGradientBoosting,seurat_integration,gse24080,meta_batch,None,None,0.711826
mutual_info_score,7,HistGradientBoosting,seurat_integration,gse24080,meta_batch,None,None,0.716535
mutual_info_score,8,HistGradientBoosting,seurat_integration,gse24080,meta_batch,None,None,0.747235
mutual_info_score,9,HistGradientBoosting,seurat_integration,gse24080,meta_batch,None,None,0.686232
accuracy_score,0,HistGradientBoosting,seurat_integration,gse24080,meta_batch,None,None,0.952938
accuracy_score,1,HistGradientBoosting,seurat_integration,gse24080,meta_batch,None,None,0.951214
accuracy_score,2,HistGradientBoosting,seurat_integration,gse24080,meta_batch,None,None,0.942088
accuracy_score,3,HistGradientBoosting,seurat_integration,gse24080,meta_batch,None,None,0.952967
accuracy_score,4,HistGradientBoosting,seurat_integration,gse24080,meta_batch,None,None,0.951214
accuracy_score,5,HistGradientBoosting,seurat_integration,gse24080,meta_batch,None,None,0.960233
accuracy_score,6,HistGradientBoosting,seurat_integration,gse24080,meta_batch,None,None,0.956571
accuracy_score,7,HistGradientBoosting,seurat_integration,gse24080,meta_batch,None,None,0.9566
accuracy_score,8,HistGradientBoosting,seurat_integration,gse24080,meta_batch,None,None,0.963827
accuracy_score,9,HistGradientBoosting,seurat_integration,gse24080,meta_batch,None,None,0.951165
roc_auc_score,0,RandomForest,fastMNN,gse24080,meta_batch,None,None,0.624674
roc_auc_score,1,RandomForest,fastMNN,gse24080,meta_batch,None,None,0.630751
roc_auc_score,2,RandomForest,fastMNN,gse24080,meta_batch,None,None,0.607132
roc_auc_score,3,RandomForest,fastMNN,gse24080,meta_batch,None,None,0.616604
roc_auc_score,4,RandomForest,fastMNN,gse24080,meta_batch,None,None,0.606854
roc_auc_score,5,RandomForest,fastMNN,gse24080,meta_batch,None,None,0.600105
roc_auc_score,6,RandomForest,fastMNN,gse24080,meta_batch,None,None,0.615802
roc_auc_score,7,RandomForest,fastMNN,gse24080,meta_batch,None,None,0.60629
roc_auc_score,8,RandomForest,fastMNN,gse24080,meta_batch,None,None,0.598419
roc_auc_score,9,RandomForest,fastMNN,gse24080,meta_batch,None,None,0.605383
mutual_info_score,0,RandomForest,fastMNN,gse24080,meta_batch,None,None,0.016519
mutual_info_score,1,RandomForest,fastMNN,gse24080,meta_batch,None,None,0.032738
mutual_info_score,2,RandomForest,fastMNN,gse24080,meta_batch,None,None,0.027621
mutual_info_score,3,RandomForest,fastMNN,gse24080,meta_batch,None,None,0.010569
mutual_info_score,4,RandomForest,fastMNN,gse24080,meta_batch,None,None,0.009846
mutual_info_score,5,RandomForest,fastMNN,gse24080,meta_batch,None,None,0.019437
mutual_info_score,6,RandomForest,fastMNN,gse24080,meta_batch,None,None,0.014689
mutual_info_score,7,RandomForest,fastMNN,gse24080,meta_batch,None,None,0.033516
mutual_info_score,8,RandomForest,fastMNN,gse24080,meta_batch,None,None,0.012257
mutual_info_score,9,RandomForest,fastMNN,gse24080,meta_batch,None,None,0.023981
accuracy_score,0,RandomForest,fastMNN,gse24080,meta_batch,None,None,0.614747
accuracy_score,1,RandomForest,fastMNN,gse24080,meta_batch,None,None,0.647405
accuracy_score,2,RandomForest,fastMNN,gse24080,meta_batch,None,None,0.634734
accuracy_score,3,RandomForest,fastMNN,gse24080,meta_batch,None,None,0.611203
accuracy_score,4,RandomForest,fastMNN,gse24080,meta_batch,None,None,0.613043
accuracy_score,5,RandomForest,fastMNN,gse24080,meta_batch,None,None,0.627487
accuracy_score,6,RandomForest,fastMNN,gse24080,meta_batch,None,None,0.613004
accuracy_score,7,RandomForest,fastMNN,gse24080,meta_batch,None,None,0.645515
accuracy_score,8,RandomForest,fastMNN,gse24080,meta_batch,None,None,0.614796
accuracy_score,9,RandomForest,fastMNN,gse24080,meta_batch,None,None,0.634734
roc_auc_score,0,HistGradientBoosting,fastMNN,gse24080,meta_batch,None,None,0.653558
roc_auc_score,1,HistGradientBoosting,fastMNN,gse24080,meta_batch,None,None,0.656112
roc_auc_score,2,HistGradientBoosting,fastMNN,gse24080,meta_batch,None,None,0.628064
roc_auc_score,3,HistGradientBoosting,fastMNN,gse24080,meta_batch,None,None,0.623523
roc_auc_score,4,HistGradientBoosting,fastMNN,gse24080,meta_batch,None,None,0.657997
roc_auc_score,5,HistGradientBoosting,fastMNN,gse24080,meta_batch,None,None,0.64788
roc_auc_score,6,HistGradientBoosting,fastMNN,gse24080,meta_batch,None,None,0.658444
roc_auc_score,7,HistGradientBoosting,fastMNN,gse24080,meta_batch,None,None,0.627521
roc_auc_score,8,HistGradientBoosting,fastMNN,gse24080,meta_batch,None,None,0.662557
roc_auc_score,9,HistGradientBoosting,fastMNN,gse24080,meta_batch,None,None,0.677623
mutual_info_score,0,HistGradientBoosting,fastMNN,gse24080,meta_batch,None,None,0.02873
mutual_info_score,1,HistGradientBoosting,fastMNN,gse24080,meta_batch,None,None,0.030868
mutual_info_score,2,HistGradientBoosting,fastMNN,gse24080,meta_batch,None,None,0.017405
mutual_info_score,3,HistGradientBoosting,fastMNN,gse24080,meta_batch,None,None,0.037254
mutual_info_score,4,HistGradientBoosting,fastMNN,gse24080,meta_batch,None,None,0.030171
mutual_info_score,5,HistGradientBoosting,fastMNN,gse24080,meta_batch,None,None,0.019145
mutual_info_score,6,HistGradientBoosting,fastMNN,gse24080,meta_batch,None,None,0.038919
mutual_info_score,7,HistGradientBoosting,fastMNN,gse24080,meta_batch,None,None,0.031343
mutual_info_score,8,HistGradientBoosting,fastMNN,gse24080,meta_batch,None,None,0.045805
mutual_info_score,9,HistGradientBoosting,fastMNN,gse24080,meta_batch,None,None,0.028497
accuracy_score,0,HistGradientBoosting,fastMNN,gse24080,meta_batch,None,None,0.638318
accuracy_score,1,HistGradientBoosting,fastMNN,gse24080,meta_batch,None,None,0.636614
accuracy_score,2,HistGradientBoosting,fastMNN,gse24080,meta_batch,None,None,0.611183
accuracy_score,3,HistGradientBoosting,fastMNN,gse24080,meta_batch,None,None,0.647327
accuracy_score,4,HistGradientBoosting,fastMNN,gse24080,meta_batch,None,None,0.640168
accuracy_score,5,HistGradientBoosting,fastMNN,gse24080,meta_batch,None,None,0.623864
accuracy_score,6,HistGradientBoosting,fastMNN,gse24080,meta_batch,None,None,0.643694
accuracy_score,7,HistGradientBoosting,fastMNN,gse24080,meta_batch,None,None,0.640149
accuracy_score,8,HistGradientBoosting,fastMNN,gse24080,meta_batch,None,None,0.65472
accuracy_score,9,HistGradientBoosting,fastMNN,gse24080,meta_batch,None,None,0.636496
roc_auc_score,0,RandomForest,liger,gse24080,meta_batch,None,None,0.971579
roc_auc_score,1,RandomForest,liger,gse24080,meta_batch,None,None,0.971056
roc_auc_score,2,RandomForest,liger,gse24080,meta_batch,None,None,0.973938
roc_auc_score,3,RandomForest,liger,gse24080,meta_batch,None,None,0.969699
roc_auc_score,4,RandomForest,liger,gse24080,meta_batch,None,None,0.972681
roc_auc_score,5,RandomForest,liger,gse24080,meta_batch,None,None,0.972175
roc_auc_score,6,RandomForest,liger,gse24080,meta_batch,None,None,0.970978
roc_auc_score,7,RandomForest,liger,gse24080,meta_batch,None,None,0.968525
roc_auc_score,8,RandomForest,liger,gse24080,meta_batch,None,None,0.970847
roc_auc_score,9,RandomForest,liger,gse24080,meta_batch,None,None,0.973795
mutual_info_score,0,RandomForest,liger,gse24080,meta_batch,None,None,0.52019
mutual_info_score,1,RandomForest,liger,gse24080,meta_batch,None,None,0.584064
mutual_info_score,2,RandomForest,liger,gse24080,meta_batch,None,None,0.525324
mutual_info_score,3,RandomForest,liger,gse24080,meta_batch,None,None,0.484735
mutual_info_score,4,RandomForest,liger,gse24080,meta_batch,None,None,0.552474
mutual_info_score,5,RandomForest,liger,gse24080,meta_batch,None,None,0.530322
mutual_info_score,6,RandomForest,liger,gse24080,meta_batch,None,None,0.499432
mutual_info_score,7,RandomForest,liger,gse24080,meta_batch,None,None,0.503286
mutual_info_score,8,RandomForest,liger,gse24080,meta_batch,None,None,0.514017
mutual_info_score,9,RandomForest,liger,gse24080,meta_batch,None,None,0.562631
accuracy_score,0,RandomForest,liger,gse24080,meta_batch,None,None,0.905944
accuracy_score,1,RandomForest,liger,gse24080,meta_batch,None,None,0.922229
accuracy_score,2,RandomForest,liger,gse24080,meta_batch,None,None,0.907756
accuracy_score,3,RandomForest,liger,gse24080,meta_batch,None,None,0.895084
accuracy_score,4,RandomForest,liger,gse24080,meta_batch,None,None,0.916804
accuracy_score,5,RandomForest,liger,gse24080,meta_batch,None,None,0.909567
accuracy_score,6,RandomForest,liger,gse24080,meta_batch,None,None,0.898668
accuracy_score,7,RandomForest,liger,gse24080,meta_batch,None,None,0.900539
accuracy_score,8,RandomForest,liger,gse24080,meta_batch,None,None,0.90235
accuracy_score,9,RandomForest,liger,gse24080,meta_batch,None,None,0.915022
roc_auc_score,0,HistGradientBoosting,liger,gse24080,meta_batch,None,None,0.991726
roc_auc_score,1,HistGradientBoosting,liger,gse24080,meta_batch,None,None,0.991097
roc_auc_score,2,HistGradientBoosting,liger,gse24080,meta_batch,None,None,0.990453
roc_auc_score,3,HistGradientBoosting,liger,gse24080,meta_batch,None,None,0.993017
roc_auc_score,4,HistGradientBoosting,liger,gse24080,meta_batch,None,None,0.99256
roc_auc_score,5,HistGradientBoosting,liger,gse24080,meta_batch,None,None,0.994133
roc_auc_score,6,HistGradientBoosting,liger,gse24080,meta_batch,None,None,0.993056
roc_auc_score,7,HistGradientBoosting,liger,gse24080,meta_batch,None,None,0.992088
roc_auc_score,8,HistGradientBoosting,liger,gse24080,meta_batch,None,None,0.990697
roc_auc_score,9,HistGradientBoosting,liger,gse24080,meta_batch,None,None,0.993669
mutual_info_score,0,HistGradientBoosting,liger,gse24080,meta_batch,None,None,0.748267
mutual_info_score,1,HistGradientBoosting,liger,gse24080,meta_batch,None,None,0.702025
mutual_info_score,2,HistGradientBoosting,liger,gse24080,meta_batch,None,None,0.704555
mutual_info_score,3,HistGradientBoosting,liger,gse24080,meta_batch,None,None,0.712217
mutual_info_score,4,HistGradientBoosting,liger,gse24080,meta_batch,None,None,0.758962
mutual_info_score,5,HistGradientBoosting,liger,gse24080,meta_batch,None,None,0.70991
mutual_info_score,6,HistGradientBoosting,liger,gse24080,meta_batch,None,None,0.740625
mutual_info_score,7,HistGradientBoosting,liger,gse24080,meta_batch,None,None,0.709437
mutual_info_score,8,HistGradientBoosting,liger,gse24080,meta_batch,None,None,0.709987
mutual_info_score,9,HistGradientBoosting,liger,gse24080,meta_batch,None,None,0.727617
accuracy_score,0,HistGradientBoosting,liger,gse24080,meta_batch,None,None,0.963817
accuracy_score,1,HistGradientBoosting,liger,gse24080,meta_batch,None,None,0.954779
accuracy_score,2,HistGradientBoosting,liger,gse24080,meta_batch,None,None,0.954759
accuracy_score,3,HistGradientBoosting,liger,gse24080,meta_batch,None,None,0.95661
accuracy_score,4,HistGradientBoosting,liger,gse24080,meta_batch,None,None,0.96745
accuracy_score,5,HistGradientBoosting,liger,gse24080,meta_batch,None,None,0.956629
accuracy_score,6,HistGradientBoosting,liger,gse24080,meta_batch,None,None,0.962015
accuracy_score,7,HistGradientBoosting,liger,gse24080,meta_batch,None,None,0.95661
accuracy_score,8,HistGradientBoosting,liger,gse24080,meta_batch,None,None,0.954779
accuracy_score,9,HistGradientBoosting,liger,gse24080,meta_batch,None,None,0.960204
roc_auc_score,0,RandomForest,wasserstein,gse24080,meta_batch,None,None,0.890594
roc_auc_score,1,RandomForest,wasserstein,gse24080,meta_batch,None,None,0.901616
roc_auc_score,2,RandomForest,wasserstein,gse24080,meta_batch,None,None,0.905571
roc_auc_score,3,RandomForest,wasserstein,gse24080,meta_batch,None,None,0.90954
roc_auc_score,4,RandomForest,wasserstein,gse24080,meta_batch,None,None,0.911091
roc_auc_score,5,RandomForest,wasserstein,gse24080,meta_batch,None,None,0.90446
roc_auc_score,6,RandomForest,wasserstein,gse24080,meta_batch,None,None,0.905213
roc_auc_score,7,RandomForest,wasserstein,gse24080,meta_batch,None,None,0.901299
roc_auc_score,8,RandomForest,wasserstein,gse24080,meta_batch,None,None,0.906852
roc_auc_score,9,RandomForest,wasserstein,gse24080,meta_batch,None,None,0.904
mutual_info_score,0,RandomForest,wasserstein,gse24080,meta_batch,None,None,0.292765
mutual_info_score,1,RandomForest,wasserstein,gse24080,meta_batch,None,None,0.360615
mutual_info_score,2,RandomForest,wasserstein,gse24080,meta_batch,None,None,0.331982
mutual_info_score,3,RandomForest,wasserstein,gse24080,meta_batch,None,None,0.349299
mutual_info_score,4,RandomForest,wasserstein,gse24080,meta_batch,None,None,0.34454
mutual_info_score,5,RandomForest,wasserstein,gse24080,meta_batch,None,None,0.35936
mutual_info_score,6,RandomForest,wasserstein,gse24080,meta_batch,None,None,0.350502
mutual_info_score,7,RandomForest,wasserstein,gse24080,meta_batch,None,None,0.341435
mutual_info_score,8,RandomForest,wasserstein,gse24080,meta_batch,None,None,0.390256
mutual_info_score,9,RandomForest,wasserstein,gse24080,meta_batch,None,None,0.371266
accuracy_score,0,RandomForest,wasserstein,gse24080,meta_batch,None,None,0.822748
accuracy_score,1,RandomForest,wasserstein,gse24080,meta_batch,None,None,0.851753
accuracy_score,2,RandomForest,wasserstein,gse24080,meta_batch,None,None,0.839081
accuracy_score,3,RandomForest,wasserstein,gse24080,meta_batch,None,None,0.844555
accuracy_score,4,RandomForest,wasserstein,gse24080,meta_batch,None,None,0.839013
accuracy_score,5,RandomForest,wasserstein,gse24080,meta_batch,None,None,0.849863
accuracy_score,6,RandomForest,wasserstein,gse24080,meta_batch,None,None,0.842744
accuracy_score,7,RandomForest,wasserstein,gse24080,meta_batch,None,None,0.842665
accuracy_score,8,RandomForest,wasserstein,gse24080,meta_batch,None,None,0.858882
accuracy_score,9,RandomForest,wasserstein,gse24080,meta_batch,None,None,0.855347
roc_auc_score,0,HistGradientBoosting,wasserstein,gse24080,meta_batch,None,None,0.945052
roc_auc_score,1,HistGradientBoosting,wasserstein,gse24080,meta_batch,None,None,0.938264
roc_auc_score,2,HistGradientBoosting,wasserstein,gse24080,meta_batch,None,None,0.953829
roc_auc_score,3,HistGradientBoosting,wasserstein,gse24080,meta_batch,None,None,0.944026
roc_auc_score,4,HistGradientBoosting,wasserstein,gse24080,meta_batch,None,None,0.942496
roc_auc_score,5,HistGradientBoosting,wasserstein,gse24080,meta_batch,None,None,0.942337
roc_auc_score,6,HistGradientBoosting,wasserstein,gse24080,meta_batch,None,None,0.940335
roc_auc_score,7,HistGradientBoosting,wasserstein,gse24080,meta_batch,None,None,0.949716
roc_auc_score,8,HistGradientBoosting,wasserstein,gse24080,meta_batch,None,None,0.94223
roc_auc_score,9,HistGradientBoosting,wasserstein,gse24080,meta_batch,None,None,0.938361
mutual_info_score,0,HistGradientBoosting,wasserstein,gse24080,meta_batch,None,None,0.411199
mutual_info_score,1,HistGradientBoosting,wasserstein,gse24080,meta_batch,None,None,0.442599
mutual_info_score,2,HistGradientBoosting,wasserstein,gse24080,meta_batch,None,None,0.470283
mutual_info_score,3,HistGradientBoosting,wasserstein,gse24080,meta_batch,None,None,0.405967
mutual_info_score,4,HistGradientBoosting,wasserstein,gse24080,meta_batch,None,None,0.423226
mutual_info_score,5,HistGradientBoosting,wasserstein,gse24080,meta_batch,None,None,0.390018
mutual_info_score,6,HistGradientBoosting,wasserstein,gse24080,meta_batch,None,None,0.368123
mutual_info_score,7,HistGradientBoosting,wasserstein,gse24080,meta_batch,None,None,0.461198
mutual_info_score,8,HistGradientBoosting,wasserstein,gse24080,meta_batch,None,None,0.43722
mutual_info_score,9,HistGradientBoosting,wasserstein,gse24080,meta_batch,None,None,0.431416
accuracy_score,0,HistGradientBoosting,wasserstein,gse24080,meta_batch,None,None,0.871612
accuracy_score,1,HistGradientBoosting,wasserstein,gse24080,meta_batch,None,None,0.882462
accuracy_score,2,HistGradientBoosting,wasserstein,gse24080,meta_batch,None,None,0.891481
accuracy_score,3,HistGradientBoosting,wasserstein,gse24080,meta_batch,None,None,0.86982
accuracy_score,4,HistGradientBoosting,wasserstein,gse24080,meta_batch,None,None,0.875225
accuracy_score,5,HistGradientBoosting,wasserstein,gse24080,meta_batch,None,None,0.862505
accuracy_score,6,HistGradientBoosting,wasserstein,gse24080,meta_batch,None,None,0.853535
accuracy_score,7,HistGradientBoosting,wasserstein,gse24080,meta_batch,None,None,0.887867
accuracy_score,8,HistGradientBoosting,wasserstein,gse24080,meta_batch,None,None,0.875176
accuracy_score,9,HistGradientBoosting,wasserstein,gse24080,meta_batch,None,None,0.878868
roc_auc_score,0,RandomForest,combat,gse20194,meta_batch,None,None,0.799788
roc_auc_score,1,RandomForest,combat,gse20194,meta_batch,None,None,0.768983
roc_auc_score,2,RandomForest,combat,gse20194,meta_batch,None,None,0.83548
roc_auc_score,3,RandomForest,combat,gse20194,meta_batch,None,None,0.800682
roc_auc_score,4,RandomForest,combat,gse20194,meta_batch,None,None,0.775347
roc_auc_score,5,RandomForest,combat,gse20194,meta_batch,None,None,0.817787
roc_auc_score,6,RandomForest,combat,gse20194,meta_batch,None,None,0.837901
roc_auc_score,7,RandomForest,combat,gse20194,meta_batch,None,None,0.796932
roc_auc_score,8,RandomForest,combat,gse20194,meta_batch,None,None,0.776578
roc_auc_score,9,RandomForest,combat,gse20194,meta_batch,None,None,0.826701
mutual_info_score,0,RandomForest,combat,gse20194,meta_batch,None,None,0.083018
mutual_info_score,1,RandomForest,combat,gse20194,meta_batch,None,None,0.113992
mutual_info_score,2,RandomForest,combat,gse20194,meta_batch,None,None,0.180246
mutual_info_score,3,RandomForest,combat,gse20194,meta_batch,None,None,0.133479
mutual_info_score,4,RandomForest,combat,gse20194,meta_batch,None,None,0.12449
mutual_info_score,5,RandomForest,combat,gse20194,meta_batch,None,None,0.152027
mutual_info_score,6,RandomForest,combat,gse20194,meta_batch,None,None,0.122694
mutual_info_score,7,RandomForest,combat,gse20194,meta_batch,None,None,0.096036
mutual_info_score,8,RandomForest,combat,gse20194,meta_batch,None,None,0.095728
mutual_info_score,9,RandomForest,combat,gse20194,meta_batch,None,None,0.170177
accuracy_score,0,RandomForest,combat,gse20194,meta_batch,None,None,0.666667
accuracy_score,1,RandomForest,combat,gse20194,meta_batch,None,None,0.684211
accuracy_score,2,RandomForest,combat,gse20194,meta_batch,None,None,0.736842
accuracy_score,3,RandomForest,combat,gse20194,meta_batch,None,None,0.701754
accuracy_score,4,RandomForest,combat,gse20194,meta_batch,None,None,0.679825
accuracy_score,5,RandomForest,combat,gse20194,meta_batch,None,None,0.714912
accuracy_score,6,RandomForest,combat,gse20194,meta_batch,None,None,0.701754
accuracy_score,7,RandomForest,combat,gse20194,meta_batch,None,None,0.679825
accuracy_score,8,RandomForest,combat,gse20194,meta_batch,None,None,0.684211
accuracy_score,9,RandomForest,combat,gse20194,meta_batch,None,None,0.732456
roc_auc_score,0,HistGradientBoosting,combat,gse20194,meta_batch,None,None,0.972439
roc_auc_score,1,HistGradientBoosting,combat,gse20194,meta_batch,None,None,0.960706
roc_auc_score,2,HistGradientBoosting,combat,gse20194,meta_batch,None,None,0.96875
roc_auc_score,3,HistGradientBoosting,combat,gse20194,meta_batch,None,None,0.970824
roc_auc_score,4,HistGradientBoosting,combat,gse20194,meta_batch,None,None,0.959664
roc_auc_score,5,HistGradientBoosting,combat,gse20194,meta_batch,None,None,0.964924
roc_auc_score,6,HistGradientBoosting,combat,gse20194,meta_batch,None,None,0.958737
roc_auc_score,7,HistGradientBoosting,combat,gse20194,meta_batch,None,None,0.958766
roc_auc_score,8,HistGradientBoosting,combat,gse20194,meta_batch,None,None,0.974076
roc_auc_score,9,HistGradientBoosting,combat,gse20194,meta_batch,None,None,0.979519
mutual_info_score,0,HistGradientBoosting,combat,gse20194,meta_batch,None,None,0.629154
mutual_info_score,1,HistGradientBoosting,combat,gse20194,meta_batch,None,None,0.560633
mutual_info_score,2,HistGradientBoosting,combat,gse20194,meta_batch,None,None,0.629783
mutual_info_score,3,HistGradientBoosting,combat,gse20194,meta_batch,None,None,0.576967
mutual_info_score,4,HistGradientBoosting,combat,gse20194,meta_batch,None,None,0.45899
mutual_info_score,5,HistGradientBoosting,combat,gse20194,meta_batch,None,None,0.597957
mutual_info_score,6,HistGradientBoosting,combat,gse20194,meta_batch,None,None,0.564386
mutual_info_score,7,HistGradientBoosting,combat,gse20194,meta_batch,None,None,0.528343
mutual_info_score,8,HistGradientBoosting,combat,gse20194,meta_batch,None,None,0.548402
mutual_info_score,9,HistGradientBoosting,combat,gse20194,meta_batch,None,None,0.60485
accuracy_score,0,HistGradientBoosting,combat,gse20194,meta_batch,None,None,0.921053
accuracy_score,1,HistGradientBoosting,combat,gse20194,meta_batch,None,None,0.907895
accuracy_score,2,HistGradientBoosting,combat,gse20194,meta_batch,None,None,0.929825
accuracy_score,3,HistGradientBoosting,combat,gse20194,meta_batch,None,None,0.912281
accuracy_score,4,HistGradientBoosting,combat,gse20194,meta_batch,None,None,0.868421
accuracy_score,5,HistGradientBoosting,combat,gse20194,meta_batch,None,None,0.916667
accuracy_score,6,HistGradientBoosting,combat,gse20194,meta_batch,None,None,0.912281
accuracy_score,7,HistGradientBoosting,combat,gse20194,meta_batch,None,None,0.899123
accuracy_score,8,HistGradientBoosting,combat,gse20194,meta_batch,None,None,0.903509
accuracy_score,9,HistGradientBoosting,combat,gse20194,meta_batch,None,None,0.921053
roc_auc_score,0,RandomForest,combat_target,gse20194,meta_batch,None,None,0.812619
roc_auc_score,1,RandomForest,combat_target,gse20194,meta_batch,None,None,0.825367
roc_auc_score,2,RandomForest,combat_target,gse20194,meta_batch,None,None,0.857108
roc_auc_score,3,RandomForest,combat_target,gse20194,meta_batch,None,None,0.850692
roc_auc_score,4,RandomForest,combat_target,gse20194,meta_batch,None,None,0.842847
roc_auc_score,5,RandomForest,combat_target,gse20194,meta_batch,None,None,0.876601
roc_auc_score,6,RandomForest,combat_target,gse20194,meta_batch,None,None,0.870339
roc_auc_score,7,RandomForest,combat_target,gse20194,meta_batch,None,None,0.822778
roc_auc_score,8,RandomForest,combat_target,gse20194,meta_batch,None,None,0.840135
roc_auc_score,9,RandomForest,combat_target,gse20194,meta_batch,None,None,0.887837
mutual_info_score,0,RandomForest,combat_target,gse20194,meta_batch,None,None,0.1099
mutual_info_score,1,RandomForest,combat_target,gse20194,meta_batch,None,None,0.111147
mutual_info_score,2,RandomForest,combat_target,gse20194,meta_batch,None,None,0.1494
mutual_info_score,3,RandomForest,combat_target,gse20194,meta_batch,None,None,0.138175
mutual_info_score,4,RandomForest,combat_target,gse20194,meta_batch,None,None,0.213512
mutual_info_score,5,RandomForest,combat_target,gse20194,meta_batch,None,None,0.200572
mutual_info_score,6,RandomForest,combat_target,gse20194,meta_batch,None,None,0.187144
mutual_info_score,7,RandomForest,combat_target,gse20194,meta_batch,None,None,0.125726
mutual_info_score,8,RandomForest,combat_target,gse20194,meta_batch,None,None,0.213631
mutual_info_score,9,RandomForest,combat_target,gse20194,meta_batch,None,None,0.212812
accuracy_score,0,RandomForest,combat_target,gse20194,meta_batch,None,None,0.697368
accuracy_score,1,RandomForest,combat_target,gse20194,meta_batch,None,None,0.692982
accuracy_score,2,RandomForest,combat_target,gse20194,meta_batch,None,None,0.719298
accuracy_score,3,RandomForest,combat_target,gse20194,meta_batch,None,None,0.714912
accuracy_score,4,RandomForest,combat_target,gse20194,meta_batch,None,None,0.754386
accuracy_score,5,RandomForest,combat_target,gse20194,meta_batch,None,None,0.741228
accuracy_score,6,RandomForest,combat_target,gse20194,meta_batch,None,None,0.741228
accuracy_score,7,RandomForest,combat_target,gse20194,meta_batch,None,None,0.70614
accuracy_score,8,RandomForest,combat_target,gse20194,meta_batch,None,None,0.75
accuracy_score,9,RandomForest,combat_target,gse20194,meta_batch,None,None,0.745614
roc_auc_score,0,HistGradientBoosting,combat_target,gse20194,meta_batch,None,None,0.965133
roc_auc_score,1,HistGradientBoosting,combat_target,gse20194,meta_batch,None,None,0.974821
roc_auc_score,2,HistGradientBoosting,combat_target,gse20194,meta_batch,None,None,0.962613
roc_auc_score,3,HistGradientBoosting,combat_target,gse20194,meta_batch,None,None,0.969879
roc_auc_score,4,HistGradientBoosting,combat_target,gse20194,meta_batch,None,None,0.95162
roc_auc_score,5,HistGradientBoosting,combat_target,gse20194,meta_batch,None,None,0.978266
roc_auc_score,6,HistGradientBoosting,combat_target,gse20194,meta_batch,None,None,0.953323
roc_auc_score,7,HistGradientBoosting,combat_target,gse20194,meta_batch,None,None,0.968433
roc_auc_score,8,HistGradientBoosting,combat_target,gse20194,meta_batch,None,None,0.96922
roc_auc_score,9,HistGradientBoosting,combat_target,gse20194,meta_batch,None,None,0.965614
mutual_info_score,0,HistGradientBoosting,combat_target,gse20194,meta_batch,None,None,0.60369
mutual_info_score,1,HistGradientBoosting,combat_target,gse20194,meta_batch,None,None,0.517358
mutual_info_score,2,HistGradientBoosting,combat_target,gse20194,meta_batch,None,None,0.628835
mutual_info_score,3,HistGradientBoosting,combat_target,gse20194,meta_batch,None,None,0.663861
mutual_info_score,4,HistGradientBoosting,combat_target,gse20194,meta_batch,None,None,0.509364
mutual_info_score,5,HistGradientBoosting,combat_target,gse20194,meta_batch,None,None,0.65208
mutual_info_score,6,HistGradientBoosting,combat_target,gse20194,meta_batch,None,None,0.53283
mutual_info_score,7,HistGradientBoosting,combat_target,gse20194,meta_batch,None,None,0.581135
mutual_info_score,8,HistGradientBoosting,combat_target,gse20194,meta_batch,None,None,0.628063
mutual_info_score,9,HistGradientBoosting,combat_target,gse20194,meta_batch,None,None,0.602648
accuracy_score,0,HistGradientBoosting,combat_target,gse20194,meta_batch,None,None,0.921053
accuracy_score,1,HistGradientBoosting,combat_target,gse20194,meta_batch,None,None,0.899123
accuracy_score,2,HistGradientBoosting,combat_target,gse20194,meta_batch,None,None,0.916667
accuracy_score,3,HistGradientBoosting,combat_target,gse20194,meta_batch,None,None,0.938596
accuracy_score,4,HistGradientBoosting,combat_target,gse20194,meta_batch,None,None,0.890351
accuracy_score,5,HistGradientBoosting,combat_target,gse20194,meta_batch,None,None,0.934211
accuracy_score,6,HistGradientBoosting,combat_target,gse20194,meta_batch,None,None,0.899123
accuracy_score,7,HistGradientBoosting,combat_target,gse20194,meta_batch,None,None,0.916667
accuracy_score,8,HistGradientBoosting,combat_target,gse20194,meta_batch,None,None,0.921053
accuracy_score,9,HistGradientBoosting,combat_target,gse20194,meta_batch,None,None,0.916667
roc_auc_score,0,RandomForest,npn,gse20194,meta_batch,None,None,0.078837
roc_auc_score,1,RandomForest,npn,gse20194,meta_batch,None,None,0.085615
roc_auc_score,2,RandomForest,npn,gse20194,meta_batch,None,None,0.087318
roc_auc_score,3,RandomForest,npn,gse20194,meta_batch,None,None,0.092482
roc_auc_score,4,RandomForest,npn,gse20194,meta_batch,None,None,0.054645
roc_auc_score,5,RandomForest,npn,gse20194,meta_batch,None,None,0.094687
roc_auc_score,6,RandomForest,npn,gse20194,meta_batch,None,None,0.08716
roc_auc_score,7,RandomForest,npn,gse20194,meta_batch,None,None,0.050811
roc_auc_score,8,RandomForest,npn,gse20194,meta_batch,None,None,0.067661
roc_auc_score,9,RandomForest,npn,gse20194,meta_batch,None,None,0.064688
mutual_info_score,0,RandomForest,npn,gse20194,meta_batch,None,None,0.218003
mutual_info_score,1,RandomForest,npn,gse20194,meta_batch,None,None,0.249832
mutual_info_score,2,RandomForest,npn,gse20194,meta_batch,None,None,0.226334
mutual_info_score,3,RandomForest,npn,gse20194,meta_batch,None,None,0.141065
mutual_info_score,4,RandomForest,npn,gse20194,meta_batch,None,None,0.249403
mutual_info_score,5,RandomForest,npn,gse20194,meta_batch,None,None,0.205978
mutual_info_score,6,RandomForest,npn,gse20194,meta_batch,None,None,0.161328
mutual_info_score,7,RandomForest,npn,gse20194,meta_batch,None,None,0.267873
mutual_info_score,8,RandomForest,npn,gse20194,meta_batch,None,None,0.209992
mutual_info_score,9,RandomForest,npn,gse20194,meta_batch,None,None,0.183087
accuracy_score,0,RandomForest,npn,gse20194,meta_batch,None,None,0.324561
accuracy_score,1,RandomForest,npn,gse20194,meta_batch,None,None,0.29386
accuracy_score,2,RandomForest,npn,gse20194,meta_batch,None,None,0.289474
accuracy_score,3,RandomForest,npn,gse20194,meta_batch,None,None,0.372807
accuracy_score,4,RandomForest,npn,gse20194,meta_batch,None,None,0.320175
accuracy_score,5,RandomForest,npn,gse20194,meta_batch,None,None,0.342105
accuracy_score,6,RandomForest,npn,gse20194,meta_batch,None,None,0.359649
accuracy_score,7,RandomForest,npn,gse20194,meta_batch,None,None,0.285088
accuracy_score,8,RandomForest,npn,gse20194,meta_batch,None,None,0.337719
accuracy_score,9,RandomForest,npn,gse20194,meta_batch,None,None,0.346491
roc_auc_score,0,HistGradientBoosting,npn,gse20194,meta_batch,None,None,0.806726
roc_auc_score,1,HistGradientBoosting,npn,gse20194,meta_batch,None,None,0.798116
roc_auc_score,2,HistGradientBoosting,npn,gse20194,meta_batch,None,None,0.830841
roc_auc_score,3,HistGradientBoosting,npn,gse20194,meta_batch,None,None,0.784056
roc_auc_score,4,HistGradientBoosting,npn,gse20194,meta_batch,None,None,0.80326
roc_auc_score,5,HistGradientBoosting,npn,gse20194,meta_batch,None,None,0.828863
roc_auc_score,6,HistGradientBoosting,npn,gse20194,meta_batch,None,None,0.854145
roc_auc_score,7,HistGradientBoosting,npn,gse20194,meta_batch,None,None,0.793851
roc_auc_score,8,HistGradientBoosting,npn,gse20194,meta_batch,None,None,0.804141
roc_auc_score,9,HistGradientBoosting,npn,gse20194,meta_batch,None,None,0.807365
mutual_info_score,0,HistGradientBoosting,npn,gse20194,meta_batch,None,None,0.282953
mutual_info_score,1,HistGradientBoosting,npn,gse20194,meta_batch,None,None,0.389559
mutual_info_score,2,HistGradientBoosting,npn,gse20194,meta_batch,None,None,0.357933
mutual_info_score,3,HistGradientBoosting,npn,gse20194,meta_batch,None,None,0.29691
mutual_info_score,4,HistGradientBoosting,npn,gse20194,meta_batch,None,None,0.342254
mutual_info_score,5,HistGradientBoosting,npn,gse20194,meta_batch,None,None,0.370402
mutual_info_score,6,HistGradientBoosting,npn,gse20194,meta_batch,None,None,0.400167
mutual_info_score,7,HistGradientBoosting,npn,gse20194,meta_batch,None,None,0.290274
mutual_info_score,8,HistGradientBoosting,npn,gse20194,meta_batch,None,None,0.390633
mutual_info_score,9,HistGradientBoosting,npn,gse20194,meta_batch,None,None,0.292633
accuracy_score,0,HistGradientBoosting,npn,gse20194,meta_batch,None,None,0.807018
accuracy_score,1,HistGradientBoosting,npn,gse20194,meta_batch,None,None,0.846491
accuracy_score,2,HistGradientBoosting,npn,gse20194,meta_batch,None,None,0.833333
accuracy_score,3,HistGradientBoosting,npn,gse20194,meta_batch,None,None,0.811404
accuracy_score,4,HistGradientBoosting,npn,gse20194,meta_batch,None,None,0.828947
accuracy_score,5,HistGradientBoosting,npn,gse20194,meta_batch,None,None,0.842105
accuracy_score,6,HistGradientBoosting,npn,gse20194,meta_batch,None,None,0.850877
accuracy_score,7,HistGradientBoosting,npn,gse20194,meta_batch,None,None,0.811404
accuracy_score,8,HistGradientBoosting,npn,gse20194,meta_batch,None,None,0.850877
accuracy_score,9,HistGradientBoosting,npn,gse20194,meta_batch,None,None,0.802632
roc_auc_score,0,RandomForest,limma,gse20194,meta_batch,None,None,0.999295
roc_auc_score,1,RandomForest,limma,gse20194,meta_batch,None,None,0.999648
roc_auc_score,2,RandomForest,limma,gse20194,meta_batch,None,None,1.0
roc_auc_score,3,RandomForest,limma,gse20194,meta_batch,None,None,0.999882
roc_auc_score,4,RandomForest,limma,gse20194,meta_batch,None,None,0.999413
roc_auc_score,5,RandomForest,limma,gse20194,meta_batch,None,None,1.0
roc_auc_score,6,RandomForest,limma,gse20194,meta_batch,None,None,0.999883
roc_auc_score,7,RandomForest,limma,gse20194,meta_batch,None,None,0.999883
roc_auc_score,8,RandomForest,limma,gse20194,meta_batch,None,None,1.0
roc_auc_score,9,RandomForest,limma,gse20194,meta_batch,None,None,1.0
mutual_info_score,0,RandomForest,limma,gse20194,meta_batch,None,None,0.847011
mutual_info_score,1,RandomForest,limma,gse20194,meta_batch,None,None,0.816952
mutual_info_score,2,RandomForest,limma,gse20194,meta_batch,None,None,0.92523
mutual_info_score,3,RandomForest,limma,gse20194,meta_batch,None,None,0.915035
mutual_info_score,4,RandomForest,limma,gse20194,meta_batch,None,None,0.801482
mutual_info_score,5,RandomForest,limma,gse20194,meta_batch,None,None,0.881802
mutual_info_score,6,RandomForest,limma,gse20194,meta_batch,None,None,0.793089
mutual_info_score,7,RandomForest,limma,gse20194,meta_batch,None,None,0.847296
mutual_info_score,8,RandomForest,limma,gse20194,meta_batch,None,None,0.95543
mutual_info_score,9,RandomForest,limma,gse20194,meta_batch,None,None,0.933858
accuracy_score,0,RandomForest,limma,gse20194,meta_batch,None,None,0.973684
accuracy_score,1,RandomForest,limma,gse20194,meta_batch,None,None,0.969298
accuracy_score,2,RandomForest,limma,gse20194,meta_batch,None,None,0.991228
accuracy_score,3,RandomForest,limma,gse20194,meta_batch,None,None,0.986842
accuracy_score,4,RandomForest,limma,gse20194,meta_batch,None,None,0.964912
accuracy_score,5,RandomForest,limma,gse20194,meta_batch,None,None,0.982456
accuracy_score,6,RandomForest,limma,gse20194,meta_batch,None,None,0.964912
accuracy_score,7,RandomForest,limma,gse20194,meta_batch,None,None,0.973684
accuracy_score,8,RandomForest,limma,gse20194,meta_batch,None,None,0.995614
accuracy_score,9,RandomForest,limma,gse20194,meta_batch,None,None,0.991228
roc_auc_score,0,HistGradientBoosting,limma,gse20194,meta_batch,None,None,0.998119
roc_auc_score,1,HistGradientBoosting,limma,gse20194,meta_batch,None,None,0.996229
roc_auc_score,2,HistGradientBoosting,limma,gse20194,meta_batch,None,None,0.997886
roc_auc_score,3,HistGradientBoosting,limma,gse20194,meta_batch,None,None,0.995513
roc_auc_score,4,HistGradientBoosting,limma,gse20194,meta_batch,None,None,0.996218
roc_auc_score,5,HistGradientBoosting,limma,gse20194,meta_batch,None,None,1.0
roc_auc_score,6,HistGradientBoosting,limma,gse20194,meta_batch,None,None,0.998121
roc_auc_score,7,HistGradientBoosting,limma,gse20194,meta_batch,None,None,0.999765
roc_auc_score,8,HistGradientBoosting,limma,gse20194,meta_batch,None,None,0.994597
roc_auc_score,9,HistGradientBoosting,limma,gse20194,meta_batch,None,None,0.997414
mutual_info_score,0,HistGradientBoosting,limma,gse20194,meta_batch,None,None,0.879242
mutual_info_score,1,HistGradientBoosting,limma,gse20194,meta_batch,None,None,0.876956
mutual_info_score,2,HistGradientBoosting,limma,gse20194,meta_batch,None,None,0.80235
mutual_info_score,3,HistGradientBoosting,limma,gse20194,meta_batch,None,None,0.761718
mutual_info_score,4,HistGradientBoosting,limma,gse20194,meta_batch,None,None,0.850555
mutual_info_score,5,HistGradientBoosting,limma,gse20194,meta_batch,None,None,0.898528
mutual_info_score,6,HistGradientBoosting,limma,gse20194,meta_batch,None,None,0.906922
mutual_info_score,7,HistGradientBoosting,limma,gse20194,meta_batch,None,None,0.879092
mutual_info_score,8,HistGradientBoosting,limma,gse20194,meta_batch,None,None,0.734622
mutual_info_score,9,HistGradientBoosting,limma,gse20194,meta_batch,None,None,0.748197
accuracy_score,0,HistGradientBoosting,limma,gse20194,meta_batch,None,None,0.982456
accuracy_score,1,HistGradientBoosting,limma,gse20194,meta_batch,None,None,0.982456
accuracy_score,2,HistGradientBoosting,limma,gse20194,meta_batch,None,None,0.969298
accuracy_score,3,HistGradientBoosting,limma,gse20194,meta_batch,None,None,0.960526
accuracy_score,4,HistGradientBoosting,limma,gse20194,meta_batch,None,None,0.969298
accuracy_score,5,HistGradientBoosting,limma,gse20194,meta_batch,None,None,0.986842
accuracy_score,6,HistGradientBoosting,limma,gse20194,meta_batch,None,None,0.986842
accuracy_score,7,HistGradientBoosting,limma,gse20194,meta_batch,None,None,0.982456
accuracy_score,8,HistGradientBoosting,limma,gse20194,meta_batch,None,None,0.942982
accuracy_score,9,HistGradientBoosting,limma,gse20194,meta_batch,None,None,0.95614
roc_auc_score,0,RandomForest,limma_target,gse20194,meta_batch,None,None,1.0
roc_auc_score,1,RandomForest,limma_target,gse20194,meta_batch,None,None,0.999765
roc_auc_score,2,RandomForest,limma_target,gse20194,meta_batch,None,None,0.999763
roc_auc_score,3,RandomForest,limma_target,gse20194,meta_batch,None,None,0.999763
roc_auc_score,4,RandomForest,limma_target,gse20194,meta_batch,None,None,0.999056
roc_auc_score,5,RandomForest,limma_target,gse20194,meta_batch,None,None,0.999883
roc_auc_score,6,RandomForest,limma_target,gse20194,meta_batch,None,None,0.999883
roc_auc_score,7,RandomForest,limma_target,gse20194,meta_batch,None,None,1.0
roc_auc_score,8,RandomForest,limma_target,gse20194,meta_batch,None,None,1.0
roc_auc_score,9,RandomForest,limma_target,gse20194,meta_batch,None,None,1.0
mutual_info_score,0,RandomForest,limma_target,gse20194,meta_batch,None,None,0.915457
mutual_info_score,1,RandomForest,limma_target,gse20194,meta_batch,None,None,0.838175
mutual_info_score,2,RandomForest,limma_target,gse20194,meta_batch,None,None,0.894886
mutual_info_score,3,RandomForest,limma_target,gse20194,meta_batch,None,None,0.933574
mutual_info_score,4,RandomForest,limma_target,gse20194,meta_batch,None,None,0.884835
mutual_info_score,5,RandomForest,limma_target,gse20194,meta_batch,None,None,0.925086
mutual_info_score,6,RandomForest,limma_target,gse20194,meta_batch,None,None,0.844861
mutual_info_score,7,RandomForest,limma_target,gse20194,meta_batch,None,None,0.863685
mutual_info_score,8,RandomForest,limma_target,gse20194,meta_batch,None,None,0.8332
mutual_info_score,9,RandomForest,limma_target,gse20194,meta_batch,None,None,0.8634
accuracy_score,0,RandomForest,limma_target,gse20194,meta_batch,None,None,0.986842
accuracy_score,1,RandomForest,limma_target,gse20194,meta_batch,None,None,0.973684
accuracy_score,2,RandomForest,limma_target,gse20194,meta_batch,None,None,0.986842
accuracy_score,3,RandomForest,limma_target,gse20194,meta_batch,None,None,0.991228
accuracy_score,4,RandomForest,limma_target,gse20194,meta_batch,None,None,0.982456
accuracy_score,5,RandomForest,limma_target,gse20194,meta_batch,None,None,0.991228
accuracy_score,6,RandomForest,limma_target,gse20194,meta_batch,None,None,0.973684
accuracy_score,7,RandomForest,limma_target,gse20194,meta_batch,None,None,0.97807
accuracy_score,8,RandomForest,limma_target,gse20194,meta_batch,None,None,0.973684
accuracy_score,9,RandomForest,limma_target,gse20194,meta_batch,None,None,0.97807
roc_auc_score,0,HistGradientBoosting,limma_target,gse20194,meta_batch,None,None,0.996232
roc_auc_score,1,HistGradientBoosting,limma_target,gse20194,meta_batch,None,None,0.999295
roc_auc_score,2,HistGradientBoosting,limma_target,gse20194,meta_batch,None,None,0.997179
roc_auc_score,3,HistGradientBoosting,limma_target,gse20194,meta_batch,None,None,0.994575
roc_auc_score,4,HistGradientBoosting,limma_target,gse20194,meta_batch,None,None,0.997886
roc_auc_score,5,HistGradientBoosting,limma_target,gse20194,meta_batch,None,None,0.998121
roc_auc_score,6,HistGradientBoosting,limma_target,gse20194,meta_batch,None,None,0.998356
roc_auc_score,7,HistGradientBoosting,limma_target,gse20194,meta_batch,None,None,0.997886
roc_auc_score,8,HistGradientBoosting,limma_target,gse20194,meta_batch,None,None,0.996711
roc_auc_score,9,HistGradientBoosting,limma_target,gse20194,meta_batch,None,None,0.998121
mutual_info_score,0,HistGradientBoosting,limma_target,gse20194,meta_batch,None,None,0.81904
mutual_info_score,1,HistGradientBoosting,limma_target,gse20194,meta_batch,None,None,0.898528
mutual_info_score,2,HistGradientBoosting,limma_target,gse20194,meta_batch,None,None,0.812297
mutual_info_score,3,HistGradientBoosting,limma_target,gse20194,meta_batch,None,None,0.84776
mutual_info_score,4,HistGradientBoosting,limma_target,gse20194,meta_batch,None,None,0.801059
mutual_info_score,5,HistGradientBoosting,limma_target,gse20194,meta_batch,None,None,0.828151
mutual_info_score,6,HistGradientBoosting,limma_target,gse20194,meta_batch,None,None,0.878567
mutual_info_score,7,HistGradientBoosting,limma_target,gse20194,meta_batch,None,None,0.905434
mutual_info_score,8,HistGradientBoosting,limma_target,gse20194,meta_batch,None,None,0.807739
mutual_info_score,9,HistGradientBoosting,limma_target,gse20194,meta_batch,None,None,0.782725
accuracy_score,0,HistGradientBoosting,limma_target,gse20194,meta_batch,None,None,0.973684
accuracy_score,1,HistGradientBoosting,limma_target,gse20194,meta_batch,None,None,0.986842
accuracy_score,2,HistGradientBoosting,limma_target,gse20194,meta_batch,None,None,0.969298
accuracy_score,3,HistGradientBoosting,limma_target,gse20194,meta_batch,None,None,0.973684
accuracy_score,4,HistGradientBoosting,limma_target,gse20194,meta_batch,None,None,0.969298
accuracy_score,5,HistGradientBoosting,limma_target,gse20194,meta_batch,None,None,0.973684
accuracy_score,6,HistGradientBoosting,limma_target,gse20194,meta_batch,None,None,0.982456
accuracy_score,7,HistGradientBoosting,limma_target,gse20194,meta_batch,None,None,0.982456
accuracy_score,8,HistGradientBoosting,limma_target,gse20194,meta_batch,None,None,0.964912
accuracy_score,9,HistGradientBoosting,limma_target,gse20194,meta_batch,None,None,0.964912
roc_auc_score,0,RandomForest,unadjusted,gse20194,meta_batch,None,None,0.98085
roc_auc_score,1,RandomForest,unadjusted,gse20194,meta_batch,None,None,0.982852
roc_auc_score,2,RandomForest,unadjusted,gse20194,meta_batch,None,None,0.98566
roc_auc_score,3,RandomForest,unadjusted,gse20194,meta_batch,None,None,0.984325
roc_auc_score,4,RandomForest,unadjusted,gse20194,meta_batch,None,None,0.981176
roc_auc_score,5,RandomForest,unadjusted,gse20194,meta_batch,None,None,0.984574
roc_auc_score,6,RandomForest,unadjusted,gse20194,meta_batch,None,None,0.985461
roc_auc_score,7,RandomForest,unadjusted,gse20194,meta_batch,None,None,0.979488
roc_auc_score,8,RandomForest,unadjusted,gse20194,meta_batch,None,None,0.984699
roc_auc_score,9,RandomForest,unadjusted,gse20194,meta_batch,None,None,0.98788
mutual_info_score,0,RandomForest,unadjusted,gse20194,meta_batch,None,None,0.63707
mutual_info_score,1,RandomForest,unadjusted,gse20194,meta_batch,None,None,0.724027
mutual_info_score,2,RandomForest,unadjusted,gse20194,meta_batch,None,None,0.760656
mutual_info_score,3,RandomForest,unadjusted,gse20194,meta_batch,None,None,0.62279
mutual_info_score,4,RandomForest,unadjusted,gse20194,meta_batch,None,None,0.666978
mutual_info_score,5,RandomForest,unadjusted,gse20194,meta_batch,None,None,0.719152
mutual_info_score,6,RandomForest,unadjusted,gse20194,meta_batch,None,None,0.647709
mutual_info_score,7,RandomForest,unadjusted,gse20194,meta_batch,None,None,0.66463
mutual_info_score,8,RandomForest,unadjusted,gse20194,meta_batch,None,None,0.677806
mutual_info_score,9,RandomForest,unadjusted,gse20194,meta_batch,None,None,0.707538
accuracy_score,0,RandomForest,unadjusted,gse20194,meta_batch,None,None,0.929825
accuracy_score,1,RandomForest,unadjusted,gse20194,meta_batch,None,None,0.951754
accuracy_score,2,RandomForest,unadjusted,gse20194,meta_batch,None,None,0.960526
accuracy_score,3,RandomForest,unadjusted,gse20194,meta_batch,None,None,0.925439
accuracy_score,4,RandomForest,unadjusted,gse20194,meta_batch,None,None,0.938596
accuracy_score,5,RandomForest,unadjusted,gse20194,meta_batch,None,None,0.951754
accuracy_score,6,RandomForest,unadjusted,gse20194,meta_batch,None,None,0.929825
accuracy_score,7,RandomForest,unadjusted,gse20194,meta_batch,None,None,0.934211
accuracy_score,8,RandomForest,unadjusted,gse20194,meta_batch,None,None,0.942982
accuracy_score,9,RandomForest,unadjusted,gse20194,meta_batch,None,None,0.947368
roc_auc_score,0,RandomForest,combat,gse20194,meta_batch,None,None,0.799788
roc_auc_score,1,RandomForest,combat,gse20194,meta_batch,None,None,0.768983
roc_auc_score,2,RandomForest,combat,gse20194,meta_batch,None,None,0.83548
roc_auc_score,3,RandomForest,combat,gse20194,meta_batch,None,None,0.800682
roc_auc_score,4,RandomForest,combat,gse20194,meta_batch,None,None,0.775347
roc_auc_score,5,RandomForest,combat,gse20194,meta_batch,None,None,0.817787
roc_auc_score,6,RandomForest,combat,gse20194,meta_batch,None,None,0.837901
roc_auc_score,7,RandomForest,combat,gse20194,meta_batch,None,None,0.796932
roc_auc_score,8,RandomForest,combat,gse20194,meta_batch,None,None,0.776578
roc_auc_score,9,RandomForest,combat,gse20194,meta_batch,None,None,0.826701
mutual_info_score,0,RandomForest,combat,gse20194,meta_batch,None,None,0.083018
mutual_info_score,1,RandomForest,combat,gse20194,meta_batch,None,None,0.113992
mutual_info_score,2,RandomForest,combat,gse20194,meta_batch,None,None,0.180246
mutual_info_score,3,RandomForest,combat,gse20194,meta_batch,None,None,0.133479
mutual_info_score,4,RandomForest,combat,gse20194,meta_batch,None,None,0.12449
mutual_info_score,5,RandomForest,combat,gse20194,meta_batch,None,None,0.152027
mutual_info_score,6,RandomForest,combat,gse20194,meta_batch,None,None,0.122694
mutual_info_score,7,RandomForest,combat,gse20194,meta_batch,None,None,0.096036
mutual_info_score,8,RandomForest,combat,gse20194,meta_batch,None,None,0.095728
mutual_info_score,9,RandomForest,combat,gse20194,meta_batch,None,None,0.170177
accuracy_score,0,RandomForest,combat,gse20194,meta_batch,None,None,0.666667
accuracy_score,1,RandomForest,combat,gse20194,meta_batch,None,None,0.684211
accuracy_score,2,RandomForest,combat,gse20194,meta_batch,None,None,0.736842
accuracy_score,3,RandomForest,combat,gse20194,meta_batch,None,None,0.701754
accuracy_score,4,RandomForest,combat,gse20194,meta_batch,None,None,0.679825
accuracy_score,5,RandomForest,combat,gse20194,meta_batch,None,None,0.714912
accuracy_score,6,RandomForest,combat,gse20194,meta_batch,None,None,0.701754
accuracy_score,7,RandomForest,combat,gse20194,meta_batch,None,None,0.679825
accuracy_score,8,RandomForest,combat,gse20194,meta_batch,None,None,0.684211
accuracy_score,9,RandomForest,combat,gse20194,meta_batch,None,None,0.732456
roc_auc_score,0,RandomForest,combat,gse20194,meta_batch,None,None,0.799788
roc_auc_score,1,RandomForest,combat,gse20194,meta_batch,None,None,0.768983
roc_auc_score,2,RandomForest,combat,gse20194,meta_batch,None,None,0.83548
roc_auc_score,3,RandomForest,combat,gse20194,meta_batch,None,None,0.800682
roc_auc_score,4,RandomForest,combat,gse20194,meta_batch,None,None,0.775347
roc_auc_score,5,RandomForest,combat,gse20194,meta_batch,None,None,0.817787
roc_auc_score,6,RandomForest,combat,gse20194,meta_batch,None,None,0.837901
roc_auc_score,7,RandomForest,combat,gse20194,meta_batch,None,None,0.796932
roc_auc_score,8,RandomForest,combat,gse20194,meta_batch,None,None,0.776578
roc_auc_score,9,RandomForest,combat,gse20194,meta_batch,None,None,0.826701
mutual_info_score,0,RandomForest,combat,gse20194,meta_batch,None,None,0.083018
mutual_info_score,1,RandomForest,combat,gse20194,meta_batch,None,None,0.113992
mutual_info_score,2,RandomForest,combat,gse20194,meta_batch,None,None,0.180246
mutual_info_score,3,RandomForest,combat,gse20194,meta_batch,None,None,0.133479
mutual_info_score,4,RandomForest,combat,gse20194,meta_batch,None,None,0.12449
mutual_info_score,5,RandomForest,combat,gse20194,meta_batch,None,None,0.152027
mutual_info_score,6,RandomForest,combat,gse20194,meta_batch,None,None,0.122694
mutual_info_score,7,RandomForest,combat,gse20194,meta_batch,None,None,0.096036
mutual_info_score,8,RandomForest,combat,gse20194,meta_batch,None,None,0.095728
mutual_info_score,9,RandomForest,combat,gse20194,meta_batch,None,None,0.170177
accuracy_score,0,RandomForest,combat,gse20194,meta_batch,None,None,0.666667
accuracy_score,1,RandomForest,combat,gse20194,meta_batch,None,None,0.684211
accuracy_score,2,RandomForest,combat,gse20194,meta_batch,None,None,0.736842
accuracy_score,3,RandomForest,combat,gse20194,meta_batch,None,None,0.701754
accuracy_score,4,RandomForest,combat,gse20194,meta_batch,None,None,0.679825
accuracy_score,5,RandomForest,combat,gse20194,meta_batch,None,None,0.714912
accuracy_score,6,RandomForest,combat,gse20194,meta_batch,None,None,0.701754
accuracy_score,7,RandomForest,combat,gse20194,meta_batch,None,None,0.679825
accuracy_score,8,RandomForest,combat,gse20194,meta_batch,None,None,0.684211
accuracy_score,9,RandomForest,combat,gse20194,meta_batch,None,None,0.732456
roc_auc_score,0,HistGradientBoosting,combat,gse20194,meta_batch,None,None,0.972439
roc_auc_score,1,HistGradientBoosting,combat,gse20194,meta_batch,None,None,0.960706
roc_auc_score,2,HistGradientBoosting,combat,gse20194,meta_batch,None,None,0.96875
roc_auc_score,3,HistGradientBoosting,combat,gse20194,meta_batch,None,None,0.970824
roc_auc_score,4,HistGradientBoosting,combat,gse20194,meta_batch,None,None,0.959664
roc_auc_score,5,HistGradientBoosting,combat,gse20194,meta_batch,None,None,0.964924
roc_auc_score,6,HistGradientBoosting,combat,gse20194,meta_batch,None,None,0.958737
roc_auc_score,7,HistGradientBoosting,combat,gse20194,meta_batch,None,None,0.958766
roc_auc_score,8,HistGradientBoosting,combat,gse20194,meta_batch,None,None,0.974076
roc_auc_score,9,HistGradientBoosting,combat,gse20194,meta_batch,None,None,0.979519
mutual_info_score,0,HistGradientBoosting,combat,gse20194,meta_batch,None,None,0.629154
mutual_info_score,1,HistGradientBoosting,combat,gse20194,meta_batch,None,None,0.560633
mutual_info_score,2,HistGradientBoosting,combat,gse20194,meta_batch,None,None,0.629783
mutual_info_score,3,HistGradientBoosting,combat,gse20194,meta_batch,None,None,0.576967
mutual_info_score,4,HistGradientBoosting,combat,gse20194,meta_batch,None,None,0.45899
mutual_info_score,5,HistGradientBoosting,combat,gse20194,meta_batch,None,None,0.597957
mutual_info_score,6,HistGradientBoosting,combat,gse20194,meta_batch,None,None,0.564386
mutual_info_score,7,HistGradientBoosting,combat,gse20194,meta_batch,None,None,0.528343
mutual_info_score,8,HistGradientBoosting,combat,gse20194,meta_batch,None,None,0.548402
mutual_info_score,9,HistGradientBoosting,combat,gse20194,meta_batch,None,None,0.60485
accuracy_score,0,HistGradientBoosting,combat,gse20194,meta_batch,None,None,0.921053
accuracy_score,1,HistGradientBoosting,combat,gse20194,meta_batch,None,None,0.907895
accuracy_score,2,HistGradientBoosting,combat,gse20194,meta_batch,None,None,0.929825
accuracy_score,3,HistGradientBoosting,combat,gse20194,meta_batch,None,None,0.912281
accuracy_score,4,HistGradientBoosting,combat,gse20194,meta_batch,None,None,0.868421
accuracy_score,5,HistGradientBoosting,combat,gse20194,meta_batch,None,None,0.916667
accuracy_score,6,HistGradientBoosting,combat,gse20194,meta_batch,None,None,0.912281
accuracy_score,7,HistGradientBoosting,combat,gse20194,meta_batch,None,None,0.899123
accuracy_score,8,HistGradientBoosting,combat,gse20194,meta_batch,None,None,0.903509
accuracy_score,9,HistGradientBoosting,combat,gse20194,meta_batch,None,None,0.921053
roc_auc_score,0,RandomForest,combat_target,gse20194,meta_batch,None,None,0.812619
roc_auc_score,1,RandomForest,combat_target,gse20194,meta_batch,None,None,0.825367
roc_auc_score,2,RandomForest,combat_target,gse20194,meta_batch,None,None,0.857108
roc_auc_score,3,RandomForest,combat_target,gse20194,meta_batch,None,None,0.850692
roc_auc_score,4,RandomForest,combat_target,gse20194,meta_batch,None,None,0.842847
roc_auc_score,5,RandomForest,combat_target,gse20194,meta_batch,None,None,0.876601
roc_auc_score,6,RandomForest,combat_target,gse20194,meta_batch,None,None,0.870339
roc_auc_score,7,RandomForest,combat_target,gse20194,meta_batch,None,None,0.822778
roc_auc_score,8,RandomForest,combat_target,gse20194,meta_batch,None,None,0.840135
roc_auc_score,9,RandomForest,combat_target,gse20194,meta_batch,None,None,0.887837
mutual_info_score,0,RandomForest,combat_target,gse20194,meta_batch,None,None,0.1099
mutual_info_score,1,RandomForest,combat_target,gse20194,meta_batch,None,None,0.111147
mutual_info_score,2,RandomForest,combat_target,gse20194,meta_batch,None,None,0.1494
mutual_info_score,3,RandomForest,combat_target,gse20194,meta_batch,None,None,0.138175
mutual_info_score,4,RandomForest,combat_target,gse20194,meta_batch,None,None,0.213512
mutual_info_score,5,RandomForest,combat_target,gse20194,meta_batch,None,None,0.200572
mutual_info_score,6,RandomForest,combat_target,gse20194,meta_batch,None,None,0.187144
mutual_info_score,7,RandomForest,combat_target,gse20194,meta_batch,None,None,0.125726
mutual_info_score,8,RandomForest,combat_target,gse20194,meta_batch,None,None,0.213631
mutual_info_score,9,RandomForest,combat_target,gse20194,meta_batch,None,None,0.212812
accuracy_score,0,RandomForest,combat_target,gse20194,meta_batch,None,None,0.697368
accuracy_score,1,RandomForest,combat_target,gse20194,meta_batch,None,None,0.692982
accuracy_score,2,RandomForest,combat_target,gse20194,meta_batch,None,None,0.719298
accuracy_score,3,RandomForest,combat_target,gse20194,meta_batch,None,None,0.714912
accuracy_score,4,RandomForest,combat_target,gse20194,meta_batch,None,None,0.754386
accuracy_score,5,RandomForest,combat_target,gse20194,meta_batch,None,None,0.741228
accuracy_score,6,RandomForest,combat_target,gse20194,meta_batch,None,None,0.741228
accuracy_score,7,RandomForest,combat_target,gse20194,meta_batch,None,None,0.70614
accuracy_score,8,RandomForest,combat_target,gse20194,meta_batch,None,None,0.75
accuracy_score,9,RandomForest,combat_target,gse20194,meta_batch,None,None,0.745614
roc_auc_score,0,HistGradientBoosting,combat_target,gse20194,meta_batch,None,None,0.965133
roc_auc_score,1,HistGradientBoosting,combat_target,gse20194,meta_batch,None,None,0.974821
roc_auc_score,2,HistGradientBoosting,combat_target,gse20194,meta_batch,None,None,0.962613
roc_auc_score,3,HistGradientBoosting,combat_target,gse20194,meta_batch,None,None,0.969879
roc_auc_score,4,HistGradientBoosting,combat_target,gse20194,meta_batch,None,None,0.95162
roc_auc_score,5,HistGradientBoosting,combat_target,gse20194,meta_batch,None,None,0.978266
roc_auc_score,6,HistGradientBoosting,combat_target,gse20194,meta_batch,None,None,0.953323
roc_auc_score,7,HistGradientBoosting,combat_target,gse20194,meta_batch,None,None,0.968433
roc_auc_score,8,HistGradientBoosting,combat_target,gse20194,meta_batch,None,None,0.96922
roc_auc_score,9,HistGradientBoosting,combat_target,gse20194,meta_batch,None,None,0.965614
mutual_info_score,0,HistGradientBoosting,combat_target,gse20194,meta_batch,None,None,0.60369
mutual_info_score,1,HistGradientBoosting,combat_target,gse20194,meta_batch,None,None,0.517358
mutual_info_score,2,HistGradientBoosting,combat_target,gse20194,meta_batch,None,None,0.628835
mutual_info_score,3,HistGradientBoosting,combat_target,gse20194,meta_batch,None,None,0.663861
mutual_info_score,4,HistGradientBoosting,combat_target,gse20194,meta_batch,None,None,0.509364
mutual_info_score,5,HistGradientBoosting,combat_target,gse20194,meta_batch,None,None,0.65208
mutual_info_score,6,HistGradientBoosting,combat_target,gse20194,meta_batch,None,None,0.53283
mutual_info_score,7,HistGradientBoosting,combat_target,gse20194,meta_batch,None,None,0.581135
mutual_info_score,8,HistGradientBoosting,combat_target,gse20194,meta_batch,None,None,0.628063
mutual_info_score,9,HistGradientBoosting,combat_target,gse20194,meta_batch,None,None,0.602648
accuracy_score,0,HistGradientBoosting,combat_target,gse20194,meta_batch,None,None,0.921053
accuracy_score,1,HistGradientBoosting,combat_target,gse20194,meta_batch,None,None,0.899123
accuracy_score,2,HistGradientBoosting,combat_target,gse20194,meta_batch,None,None,0.916667
accuracy_score,3,HistGradientBoosting,combat_target,gse20194,meta_batch,None,None,0.938596
accuracy_score,4,HistGradientBoosting,combat_target,gse20194,meta_batch,None,None,0.890351
accuracy_score,5,HistGradientBoosting,combat_target,gse20194,meta_batch,None,None,0.934211
accuracy_score,6,HistGradientBoosting,combat_target,gse20194,meta_batch,None,None,0.899123
accuracy_score,7,HistGradientBoosting,combat_target,gse20194,meta_batch,None,None,0.916667
accuracy_score,8,HistGradientBoosting,combat_target,gse20194,meta_batch,None,None,0.921053
accuracy_score,9,HistGradientBoosting,combat_target,gse20194,meta_batch,None,None,0.916667
roc_auc_score,0,RandomForest,npn,gse20194,meta_batch,None,None,0.078837
roc_auc_score,1,RandomForest,npn,gse20194,meta_batch,None,None,0.085615
roc_auc_score,2,RandomForest,npn,gse20194,meta_batch,None,None,0.087318
roc_auc_score,3,RandomForest,npn,gse20194,meta_batch,None,None,0.092482
roc_auc_score,4,RandomForest,npn,gse20194,meta_batch,None,None,0.054645
roc_auc_score,5,RandomForest,npn,gse20194,meta_batch,None,None,0.094687
roc_auc_score,6,RandomForest,npn,gse20194,meta_batch,None,None,0.08716
roc_auc_score,7,RandomForest,npn,gse20194,meta_batch,None,None,0.050811
roc_auc_score,8,RandomForest,npn,gse20194,meta_batch,None,None,0.067661
roc_auc_score,9,RandomForest,npn,gse20194,meta_batch,None,None,0.064688
mutual_info_score,0,RandomForest,npn,gse20194,meta_batch,None,None,0.218003
mutual_info_score,1,RandomForest,npn,gse20194,meta_batch,None,None,0.249832
mutual_info_score,2,RandomForest,npn,gse20194,meta_batch,None,None,0.226334
mutual_info_score,3,RandomForest,npn,gse20194,meta_batch,None,None,0.141065
mutual_info_score,4,RandomForest,npn,gse20194,meta_batch,None,None,0.249403
mutual_info_score,5,RandomForest,npn,gse20194,meta_batch,None,None,0.205978
mutual_info_score,6,RandomForest,npn,gse20194,meta_batch,None,None,0.161328
mutual_info_score,7,RandomForest,npn,gse20194,meta_batch,None,None,0.267873
mutual_info_score,8,RandomForest,npn,gse20194,meta_batch,None,None,0.209992
mutual_info_score,9,RandomForest,npn,gse20194,meta_batch,None,None,0.183087
accuracy_score,0,RandomForest,npn,gse20194,meta_batch,None,None,0.324561
accuracy_score,1,RandomForest,npn,gse20194,meta_batch,None,None,0.29386
accuracy_score,2,RandomForest,npn,gse20194,meta_batch,None,None,0.289474
accuracy_score,3,RandomForest,npn,gse20194,meta_batch,None,None,0.372807
accuracy_score,4,RandomForest,npn,gse20194,meta_batch,None,None,0.320175
accuracy_score,5,RandomForest,npn,gse20194,meta_batch,None,None,0.342105
accuracy_score,6,RandomForest,npn,gse20194,meta_batch,None,None,0.359649
accuracy_score,7,RandomForest,npn,gse20194,meta_batch,None,None,0.285088
accuracy_score,8,RandomForest,npn,gse20194,meta_batch,None,None,0.337719
accuracy_score,9,RandomForest,npn,gse20194,meta_batch,None,None,0.346491
roc_auc_score,0,HistGradientBoosting,npn,gse20194,meta_batch,None,None,0.806726
roc_auc_score,1,HistGradientBoosting,npn,gse20194,meta_batch,None,None,0.798116
roc_auc_score,2,HistGradientBoosting,npn,gse20194,meta_batch,None,None,0.830841
roc_auc_score,3,HistGradientBoosting,npn,gse20194,meta_batch,None,None,0.784056
roc_auc_score,4,HistGradientBoosting,npn,gse20194,meta_batch,None,None,0.80326
roc_auc_score,5,HistGradientBoosting,npn,gse20194,meta_batch,None,None,0.828863
roc_auc_score,6,HistGradientBoosting,npn,gse20194,meta_batch,None,None,0.854145
roc_auc_score,7,HistGradientBoosting,npn,gse20194,meta_batch,None,None,0.793851
roc_auc_score,8,HistGradientBoosting,npn,gse20194,meta_batch,None,None,0.804141
roc_auc_score,9,HistGradientBoosting,npn,gse20194,meta_batch,None,None,0.807365
mutual_info_score,0,HistGradientBoosting,npn,gse20194,meta_batch,None,None,0.282953
mutual_info_score,1,HistGradientBoosting,npn,gse20194,meta_batch,None,None,0.389559
mutual_info_score,2,HistGradientBoosting,npn,gse20194,meta_batch,None,None,0.357933
mutual_info_score,3,HistGradientBoosting,npn,gse20194,meta_batch,None,None,0.29691
mutual_info_score,4,HistGradientBoosting,npn,gse20194,meta_batch,None,None,0.342254
mutual_info_score,5,HistGradientBoosting,npn,gse20194,meta_batch,None,None,0.370402
mutual_info_score,6,HistGradientBoosting,npn,gse20194,meta_batch,None,None,0.400167
mutual_info_score,7,HistGradientBoosting,npn,gse20194,meta_batch,None,None,0.290274
mutual_info_score,8,HistGradientBoosting,npn,gse20194,meta_batch,None,None,0.390633
mutual_info_score,9,HistGradientBoosting,npn,gse20194,meta_batch,None,None,0.292633
accuracy_score,0,HistGradientBoosting,npn,gse20194,meta_batch,None,None,0.807018
accuracy_score,1,HistGradientBoosting,npn,gse20194,meta_batch,None,None,0.846491
accuracy_score,2,HistGradientBoosting,npn,gse20194,meta_batch,None,None,0.833333
accuracy_score,3,HistGradientBoosting,npn,gse20194,meta_batch,None,None,0.811404
accuracy_score,4,HistGradientBoosting,npn,gse20194,meta_batch,None,None,0.828947
accuracy_score,5,HistGradientBoosting,npn,gse20194,meta_batch,None,None,0.842105
accuracy_score,6,HistGradientBoosting,npn,gse20194,meta_batch,None,None,0.850877
accuracy_score,7,HistGradientBoosting,npn,gse20194,meta_batch,None,None,0.811404
accuracy_score,8,HistGradientBoosting,npn,gse20194,meta_batch,None,None,0.850877
accuracy_score,9,HistGradientBoosting,npn,gse20194,meta_batch,None,None,0.802632
roc_auc_score,0,RandomForest,limma,gse20194,meta_batch,None,None,0.999295
roc_auc_score,1,RandomForest,limma,gse20194,meta_batch,None,None,0.999648
roc_auc_score,2,RandomForest,limma,gse20194,meta_batch,None,None,1.0
roc_auc_score,3,RandomForest,limma,gse20194,meta_batch,None,None,0.999882
roc_auc_score,4,RandomForest,limma,gse20194,meta_batch,None,None,0.999413
roc_auc_score,5,RandomForest,limma,gse20194,meta_batch,None,None,1.0
roc_auc_score,6,RandomForest,limma,gse20194,meta_batch,None,None,0.999883
roc_auc_score,7,RandomForest,limma,gse20194,meta_batch,None,None,0.999883
roc_auc_score,8,RandomForest,limma,gse20194,meta_batch,None,None,1.0
roc_auc_score,9,RandomForest,limma,gse20194,meta_batch,None,None,1.0
mutual_info_score,0,RandomForest,limma,gse20194,meta_batch,None,None,0.847011
mutual_info_score,1,RandomForest,limma,gse20194,meta_batch,None,None,0.816952
mutual_info_score,2,RandomForest,limma,gse20194,meta_batch,None,None,0.92523
mutual_info_score,3,RandomForest,limma,gse20194,meta_batch,None,None,0.915035
mutual_info_score,4,RandomForest,limma,gse20194,meta_batch,None,None,0.801482
mutual_info_score,5,RandomForest,limma,gse20194,meta_batch,None,None,0.881802
mutual_info_score,6,RandomForest,limma,gse20194,meta_batch,None,None,0.793089
mutual_info_score,7,RandomForest,limma,gse20194,meta_batch,None,None,0.847296
mutual_info_score,8,RandomForest,limma,gse20194,meta_batch,None,None,0.95543
mutual_info_score,9,RandomForest,limma,gse20194,meta_batch,None,None,0.933858
accuracy_score,0,RandomForest,limma,gse20194,meta_batch,None,None,0.973684
accuracy_score,1,RandomForest,limma,gse20194,meta_batch,None,None,0.969298
accuracy_score,2,RandomForest,limma,gse20194,meta_batch,None,None,0.991228
accuracy_score,3,RandomForest,limma,gse20194,meta_batch,None,None,0.986842
accuracy_score,4,RandomForest,limma,gse20194,meta_batch,None,None,0.964912
accuracy_score,5,RandomForest,limma,gse20194,meta_batch,None,None,0.982456
accuracy_score,6,RandomForest,limma,gse20194,meta_batch,None,None,0.964912
accuracy_score,7,RandomForest,limma,gse20194,meta_batch,None,None,0.973684
accuracy_score,8,RandomForest,limma,gse20194,meta_batch,None,None,0.995614
accuracy_score,9,RandomForest,limma,gse20194,meta_batch,None,None,0.991228
roc_auc_score,0,RandomForest,combat,gse20194,meta_batch,None,None,0.799788
roc_auc_score,1,RandomForest,combat,gse20194,meta_batch,None,None,0.768983
roc_auc_score,2,RandomForest,combat,gse20194,meta_batch,None,None,0.83548
roc_auc_score,3,RandomForest,combat,gse20194,meta_batch,None,None,0.800682
roc_auc_score,4,RandomForest,combat,gse20194,meta_batch,None,None,0.775347
roc_auc_score,5,RandomForest,combat,gse20194,meta_batch,None,None,0.817787
roc_auc_score,6,RandomForest,combat,gse20194,meta_batch,None,None,0.837901
roc_auc_score,7,RandomForest,combat,gse20194,meta_batch,None,None,0.796932
roc_auc_score,8,RandomForest,combat,gse20194,meta_batch,None,None,0.776578
roc_auc_score,9,RandomForest,combat,gse20194,meta_batch,None,None,0.826701
mutual_info_score,0,RandomForest,combat,gse20194,meta_batch,None,None,0.083018
mutual_info_score,1,RandomForest,combat,gse20194,meta_batch,None,None,0.113992
mutual_info_score,2,RandomForest,combat,gse20194,meta_batch,None,None,0.180246
mutual_info_score,3,RandomForest,combat,gse20194,meta_batch,None,None,0.133479
mutual_info_score,4,RandomForest,combat,gse20194,meta_batch,None,None,0.12449
mutual_info_score,5,RandomForest,combat,gse20194,meta_batch,None,None,0.152027
mutual_info_score,6,RandomForest,combat,gse20194,meta_batch,None,None,0.122694
mutual_info_score,7,RandomForest,combat,gse20194,meta_batch,None,None,0.096036
mutual_info_score,8,RandomForest,combat,gse20194,meta_batch,None,None,0.095728
mutual_info_score,9,RandomForest,combat,gse20194,meta_batch,None,None,0.170177
accuracy_score,0,RandomForest,combat,gse20194,meta_batch,None,None,0.666667
accuracy_score,1,RandomForest,combat,gse20194,meta_batch,None,None,0.684211
accuracy_score,2,RandomForest,combat,gse20194,meta_batch,None,None,0.736842
accuracy_score,3,RandomForest,combat,gse20194,meta_batch,None,None,0.701754
accuracy_score,4,RandomForest,combat,gse20194,meta_batch,None,None,0.679825
accuracy_score,5,RandomForest,combat,gse20194,meta_batch,None,None,0.714912
accuracy_score,6,RandomForest,combat,gse20194,meta_batch,None,None,0.701754
accuracy_score,7,RandomForest,combat,gse20194,meta_batch,None,None,0.679825
accuracy_score,8,RandomForest,combat,gse20194,meta_batch,None,None,0.684211
accuracy_score,9,RandomForest,combat,gse20194,meta_batch,None,None,0.732456
roc_auc_score,0,HistGradientBoosting,combat,gse20194,meta_batch,None,None,0.972439
roc_auc_score,1,HistGradientBoosting,combat,gse20194,meta_batch,None,None,0.960706
roc_auc_score,2,HistGradientBoosting,combat,gse20194,meta_batch,None,None,0.96875
roc_auc_score,3,HistGradientBoosting,combat,gse20194,meta_batch,None,None,0.970824
roc_auc_score,4,HistGradientBoosting,combat,gse20194,meta_batch,None,None,0.959664
roc_auc_score,5,HistGradientBoosting,combat,gse20194,meta_batch,None,None,0.964924
roc_auc_score,6,HistGradientBoosting,combat,gse20194,meta_batch,None,None,0.958737
roc_auc_score,7,HistGradientBoosting,combat,gse20194,meta_batch,None,None,0.958766
roc_auc_score,8,HistGradientBoosting,combat,gse20194,meta_batch,None,None,0.974076
roc_auc_score,9,HistGradientBoosting,combat,gse20194,meta_batch,None,None,0.979519
mutual_info_score,0,HistGradientBoosting,combat,gse20194,meta_batch,None,None,0.629154
mutual_info_score,1,HistGradientBoosting,combat,gse20194,meta_batch,None,None,0.560633
mutual_info_score,2,HistGradientBoosting,combat,gse20194,meta_batch,None,None,0.629783
mutual_info_score,3,HistGradientBoosting,combat,gse20194,meta_batch,None,None,0.576967
mutual_info_score,4,HistGradientBoosting,combat,gse20194,meta_batch,None,None,0.45899
mutual_info_score,5,HistGradientBoosting,combat,gse20194,meta_batch,None,None,0.597957
mutual_info_score,6,HistGradientBoosting,combat,gse20194,meta_batch,None,None,0.564386
mutual_info_score,7,HistGradientBoosting,combat,gse20194,meta_batch,None,None,0.528343
mutual_info_score,8,HistGradientBoosting,combat,gse20194,meta_batch,None,None,0.548402
mutual_info_score,9,HistGradientBoosting,combat,gse20194,meta_batch,None,None,0.60485
accuracy_score,0,HistGradientBoosting,combat,gse20194,meta_batch,None,None,0.921053
accuracy_score,1,HistGradientBoosting,combat,gse20194,meta_batch,None,None,0.907895
accuracy_score,2,HistGradientBoosting,combat,gse20194,meta_batch,None,None,0.929825
accuracy_score,3,HistGradientBoosting,combat,gse20194,meta_batch,None,None,0.912281
accuracy_score,4,HistGradientBoosting,combat,gse20194,meta_batch,None,None,0.868421
accuracy_score,5,HistGradientBoosting,combat,gse20194,meta_batch,None,None,0.916667
accuracy_score,6,HistGradientBoosting,combat,gse20194,meta_batch,None,None,0.912281
accuracy_score,7,HistGradientBoosting,combat,gse20194,meta_batch,None,None,0.899123
accuracy_score,8,HistGradientBoosting,combat,gse20194,meta_batch,None,None,0.903509
accuracy_score,9,HistGradientBoosting,combat,gse20194,meta_batch,None,None,0.921053
roc_auc_score,0,RandomForest,combat_target,gse20194,meta_batch,None,None,0.812619
roc_auc_score,1,RandomForest,combat_target,gse20194,meta_batch,None,None,0.825367
roc_auc_score,2,RandomForest,combat_target,gse20194,meta_batch,None,None,0.857108
roc_auc_score,3,RandomForest,combat_target,gse20194,meta_batch,None,None,0.850692
roc_auc_score,4,RandomForest,combat_target,gse20194,meta_batch,None,None,0.842847
roc_auc_score,5,RandomForest,combat_target,gse20194,meta_batch,None,None,0.876601
roc_auc_score,6,RandomForest,combat_target,gse20194,meta_batch,None,None,0.870339
roc_auc_score,7,RandomForest,combat_target,gse20194,meta_batch,None,None,0.822778
roc_auc_score,8,RandomForest,combat_target,gse20194,meta_batch,None,None,0.840135
roc_auc_score,9,RandomForest,combat_target,gse20194,meta_batch,None,None,0.887837
mutual_info_score,0,RandomForest,combat_target,gse20194,meta_batch,None,None,0.1099
mutual_info_score,1,RandomForest,combat_target,gse20194,meta_batch,None,None,0.111147
mutual_info_score,2,RandomForest,combat_target,gse20194,meta_batch,None,None,0.1494
mutual_info_score,3,RandomForest,combat_target,gse20194,meta_batch,None,None,0.138175
mutual_info_score,4,RandomForest,combat_target,gse20194,meta_batch,None,None,0.213512
mutual_info_score,5,RandomForest,combat_target,gse20194,meta_batch,None,None,0.200572
mutual_info_score,6,RandomForest,combat_target,gse20194,meta_batch,None,None,0.187144
mutual_info_score,7,RandomForest,combat_target,gse20194,meta_batch,None,None,0.125726
mutual_info_score,8,RandomForest,combat_target,gse20194,meta_batch,None,None,0.213631
mutual_info_score,9,RandomForest,combat_target,gse20194,meta_batch,None,None,0.212812
accuracy_score,0,RandomForest,combat_target,gse20194,meta_batch,None,None,0.697368
accuracy_score,1,RandomForest,combat_target,gse20194,meta_batch,None,None,0.692982
accuracy_score,2,RandomForest,combat_target,gse20194,meta_batch,None,None,0.719298
accuracy_score,3,RandomForest,combat_target,gse20194,meta_batch,None,None,0.714912
accuracy_score,4,RandomForest,combat_target,gse20194,meta_batch,None,None,0.754386
accuracy_score,5,RandomForest,combat_target,gse20194,meta_batch,None,None,0.741228
accuracy_score,6,RandomForest,combat_target,gse20194,meta_batch,None,None,0.741228
accuracy_score,7,RandomForest,combat_target,gse20194,meta_batch,None,None,0.70614
accuracy_score,8,RandomForest,combat_target,gse20194,meta_batch,None,None,0.75
accuracy_score,9,RandomForest,combat_target,gse20194,meta_batch,None,None,0.745614
roc_auc_score,0,RandomForest,non_monotonic,gse24080,meta_batch,None,None,0.971083
roc_auc_score,1,RandomForest,non_monotonic,gse24080,meta_batch,None,None,0.974302
roc_auc_score,2,RandomForest,non_monotonic,gse24080,meta_batch,None,None,0.974866
roc_auc_score,3,RandomForest,non_monotonic,gse24080,meta_batch,None,None,0.973475
roc_auc_score,4,RandomForest,non_monotonic,gse24080,meta_batch,None,None,0.976389
roc_auc_score,5,RandomForest,non_monotonic,gse24080,meta_batch,None,None,0.975928
roc_auc_score,6,RandomForest,non_monotonic,gse24080,meta_batch,None,None,0.975344
roc_auc_score,7,RandomForest,non_monotonic,gse24080,meta_batch,None,None,0.973446
roc_auc_score,8,RandomForest,non_monotonic,gse24080,meta_batch,None,None,0.974037
roc_auc_score,9,RandomForest,non_monotonic,gse24080,meta_batch,None,None,0.976998
mutual_info_score,0,RandomForest,non_monotonic,gse24080,meta_batch,None,None,0.62767
mutual_info_score,1,RandomForest,non_monotonic,gse24080,meta_batch,None,None,0.651071
mutual_info_score,2,RandomForest,non_monotonic,gse24080,meta_batch,None,None,0.616794
mutual_info_score,3,RandomForest,non_monotonic,gse24080,meta_batch,None,None,0.640356
mutual_info_score,4,RandomForest,non_monotonic,gse24080,meta_batch,None,None,0.612261
mutual_info_score,5,RandomForest,non_monotonic,gse24080,meta_batch,None,None,0.612872
mutual_info_score,6,RandomForest,non_monotonic,gse24080,meta_batch,None,None,0.567307
mutual_info_score,7,RandomForest,non_monotonic,gse24080,meta_batch,None,None,0.647613
mutual_info_score,8,RandomForest,non_monotonic,gse24080,meta_batch,None,None,0.600489
mutual_info_score,9,RandomForest,non_monotonic,gse24080,meta_batch,None,None,0.615335
accuracy_score,0,RandomForest,non_monotonic,gse24080,meta_batch,None,None,0.920417
accuracy_score,1,RandomForest,non_monotonic,gse24080,meta_batch,None,None,0.92405
accuracy_score,2,RandomForest,non_monotonic,gse24080,meta_batch,None,None,0.918635
accuracy_score,3,RandomForest,non_monotonic,gse24080,meta_batch,None,None,0.922229
accuracy_score,4,RandomForest,non_monotonic,gse24080,meta_batch,None,None,0.915031
accuracy_score,5,RandomForest,non_monotonic,gse24080,meta_batch,None,None,0.911349
accuracy_score,6,RandomForest,non_monotonic,gse24080,meta_batch,None,None,0.904191
accuracy_score,7,RandomForest,non_monotonic,gse24080,meta_batch,None,None,0.920407
accuracy_score,8,RandomForest,non_monotonic,gse24080,meta_batch,None,None,0.911447
accuracy_score,9,RandomForest,non_monotonic,gse24080,meta_batch,None,None,0.911349
roc_auc_score,0,HistGradientBoosting,non_monotonic,gse24080,meta_batch,None,None,0.981839
roc_auc_score,1,HistGradientBoosting,non_monotonic,gse24080,meta_batch,None,None,0.979896
roc_auc_score,2,HistGradientBoosting,non_monotonic,gse24080,meta_batch,None,None,0.984409
roc_auc_score,3,HistGradientBoosting,non_monotonic,gse24080,meta_batch,None,None,0.989373
roc_auc_score,4,HistGradientBoosting,non_monotonic,gse24080,meta_batch,None,None,0.988991
roc_auc_score,5,HistGradientBoosting,non_monotonic,gse24080,meta_batch,None,None,0.989421
roc_auc_score,6,HistGradientBoosting,non_monotonic,gse24080,meta_batch,None,None,0.984437
roc_auc_score,7,HistGradientBoosting,non_monotonic,gse24080,meta_batch,None,None,0.984005
roc_auc_score,8,HistGradientBoosting,non_monotonic,gse24080,meta_batch,None,None,0.984791
roc_auc_score,9,HistGradientBoosting,non_monotonic,gse24080,meta_batch,None,None,0.986355
mutual_info_score,0,HistGradientBoosting,non_monotonic,gse24080,meta_batch,None,None,0.65044
mutual_info_score,1,HistGradientBoosting,non_monotonic,gse24080,meta_batch,None,None,0.651034
mutual_info_score,2,HistGradientBoosting,non_monotonic,gse24080,meta_batch,None,None,0.651352
mutual_info_score,3,HistGradientBoosting,non_monotonic,gse24080,meta_batch,None,None,0.677158
mutual_info_score,4,HistGradientBoosting,non_monotonic,gse24080,meta_batch,None,None,0.681511
mutual_info_score,5,HistGradientBoosting,non_monotonic,gse24080,meta_batch,None,None,0.703564
mutual_info_score,6,HistGradientBoosting,non_monotonic,gse24080,meta_batch,None,None,0.663799
mutual_info_score,7,HistGradientBoosting,non_monotonic,gse24080,meta_batch,None,None,0.658779
mutual_info_score,8,HistGradientBoosting,non_monotonic,gse24080,meta_batch,None,None,0.675396
mutual_info_score,9,HistGradientBoosting,non_monotonic,gse24080,meta_batch,None,None,0.686361
accuracy_score,0,HistGradientBoosting,non_monotonic,gse24080,meta_batch,None,None,0.936673
accuracy_score,1,HistGradientBoosting,non_monotonic,gse24080,meta_batch,None,None,0.934881
accuracy_score,2,HistGradientBoosting,non_monotonic,gse24080,meta_batch,None,None,0.938523
accuracy_score,3,HistGradientBoosting,non_monotonic,gse24080,meta_batch,None,None,0.938514
accuracy_score,4,HistGradientBoosting,non_monotonic,gse24080,meta_batch,None,None,0.94575
accuracy_score,5,HistGradientBoosting,non_monotonic,gse24080,meta_batch,None,None,0.949354
accuracy_score,6,HistGradientBoosting,non_monotonic,gse24080,meta_batch,None,None,0.933118
accuracy_score,7,HistGradientBoosting,non_monotonic,gse24080,meta_batch,None,None,0.936702
accuracy_score,8,HistGradientBoosting,non_monotonic,gse24080,meta_batch,None,None,0.940374
accuracy_score,9,HistGradientBoosting,non_monotonic,gse24080,meta_batch,None,None,0.945731
roc_auc_score,0,RandomForest,min_mean,gse49711,meta_Class,None,None,1.0
roc_auc_score,1,RandomForest,min_mean,gse49711,meta_Class,None,None,1.0
roc_auc_score,2,RandomForest,min_mean,gse49711,meta_Class,None,None,1.0
roc_auc_score,3,RandomForest,min_mean,gse49711,meta_Class,None,None,1.0
roc_auc_score,4,RandomForest,min_mean,gse49711,meta_Class,None,None,1.0
roc_auc_score,5,RandomForest,min_mean,gse49711,meta_Class,None,None,1.0
roc_auc_score,6,RandomForest,min_mean,gse49711,meta_Class,None,None,1.0
roc_auc_score,7,RandomForest,min_mean,gse49711,meta_Class,None,None,1.0
roc_auc_score,8,RandomForest,min_mean,gse49711,meta_Class,None,None,1.0
roc_auc_score,9,RandomForest,min_mean,gse49711,meta_Class,None,None,1.0
mutual_info_score,0,RandomForest,min_mean,gse49711,meta_Class,None,None,0.919444
mutual_info_score,1,RandomForest,min_mean,gse49711,meta_Class,None,None,0.919444
mutual_info_score,2,RandomForest,min_mean,gse49711,meta_Class,None,None,0.919444
mutual_info_score,3,RandomForest,min_mean,gse49711,meta_Class,None,None,0.919444
mutual_info_score,4,RandomForest,min_mean,gse49711,meta_Class,None,None,0.919444
mutual_info_score,5,RandomForest,min_mean,gse49711,meta_Class,None,None,0.919444
mutual_info_score,6,RandomForest,min_mean,gse49711,meta_Class,None,None,0.919444
mutual_info_score,7,RandomForest,min_mean,gse49711,meta_Class,None,None,0.919444
mutual_info_score,8,RandomForest,min_mean,gse49711,meta_Class,None,None,0.919444
mutual_info_score,9,RandomForest,min_mean,gse49711,meta_Class,None,None,0.919444
accuracy_score,0,RandomForest,min_mean,gse49711,meta_Class,None,None,1.0
accuracy_score,1,RandomForest,min_mean,gse49711,meta_Class,None,None,1.0
accuracy_score,2,RandomForest,min_mean,gse49711,meta_Class,None,None,1.0
accuracy_score,3,RandomForest,min_mean,gse49711,meta_Class,None,None,1.0
accuracy_score,4,RandomForest,min_mean,gse49711,meta_Class,None,None,1.0
accuracy_score,5,RandomForest,min_mean,gse49711,meta_Class,None,None,1.0
accuracy_score,6,RandomForest,min_mean,gse49711,meta_Class,None,None,1.0
accuracy_score,7,RandomForest,min_mean,gse49711,meta_Class,None,None,1.0
accuracy_score,8,RandomForest,min_mean,gse49711,meta_Class,None,None,1.0
accuracy_score,9,RandomForest,min_mean,gse49711,meta_Class,None,None,1.0
roc_auc_score,0,HistGradientBoosting,min_mean,gse49711,meta_Class,None,None,1.0
roc_auc_score,1,HistGradientBoosting,min_mean,gse49711,meta_Class,None,None,1.0
roc_auc_score,2,HistGradientBoosting,min_mean,gse49711,meta_Class,None,None,1.0
roc_auc_score,3,HistGradientBoosting,min_mean,gse49711,meta_Class,None,None,1.0
roc_auc_score,4,HistGradientBoosting,min_mean,gse49711,meta_Class,None,None,1.0
roc_auc_score,5,HistGradientBoosting,min_mean,gse49711,meta_Class,None,None,1.0
roc_auc_score,6,HistGradientBoosting,min_mean,gse49711,meta_Class,None,None,1.0
roc_auc_score,7,HistGradientBoosting,min_mean,gse49711,meta_Class,None,None,1.0
roc_auc_score,8,HistGradientBoosting,min_mean,gse49711,meta_Class,None,None,1.0
roc_auc_score,9,HistGradientBoosting,min_mean,gse49711,meta_Class,None,None,1.0
mutual_info_score,0,HistGradientBoosting,min_mean,gse49711,meta_Class,None,None,0.919444
mutual_info_score,1,HistGradientBoosting,min_mean,gse49711,meta_Class,None,None,0.919444
mutual_info_score,2,HistGradientBoosting,min_mean,gse49711,meta_Class,None,None,0.919444
mutual_info_score,3,HistGradientBoosting,min_mean,gse49711,meta_Class,None,None,0.919444
mutual_info_score,4,HistGradientBoosting,min_mean,gse49711,meta_Class,None,None,0.919444
mutual_info_score,5,HistGradientBoosting,min_mean,gse49711,meta_Class,None,None,0.919444
mutual_info_score,6,HistGradientBoosting,min_mean,gse49711,meta_Class,None,None,0.919444
mutual_info_score,7,HistGradientBoosting,min_mean,gse49711,meta_Class,None,None,0.919444
mutual_info_score,8,HistGradientBoosting,min_mean,gse49711,meta_Class,None,None,0.919444
mutual_info_score,9,HistGradientBoosting,min_mean,gse49711,meta_Class,None,None,0.919444
accuracy_score,0,HistGradientBoosting,min_mean,gse49711,meta_Class,None,None,1.0
accuracy_score,1,HistGradientBoosting,min_mean,gse49711,meta_Class,None,None,1.0
accuracy_score,2,HistGradientBoosting,min_mean,gse49711,meta_Class,None,None,1.0
accuracy_score,3,HistGradientBoosting,min_mean,gse49711,meta_Class,None,None,1.0
accuracy_score,4,HistGradientBoosting,min_mean,gse49711,meta_Class,None,None,1.0
accuracy_score,5,HistGradientBoosting,min_mean,gse49711,meta_Class,None,None,1.0
accuracy_score,6,HistGradientBoosting,min_mean,gse49711,meta_Class,None,None,1.0
accuracy_score,7,HistGradientBoosting,min_mean,gse49711,meta_Class,None,None,1.0
accuracy_score,8,HistGradientBoosting,min_mean,gse49711,meta_Class,None,None,1.0
accuracy_score,9,HistGradientBoosting,min_mean,gse49711,meta_Class,None,None,1.0
roc_auc_score,0,RandomForest,combat,gse49711,meta_Class,None,None,1.0
roc_auc_score,1,RandomForest,combat,gse49711,meta_Class,None,None,1.0
roc_auc_score,2,RandomForest,combat,gse49711,meta_Class,None,None,1.0
roc_auc_score,3,RandomForest,combat,gse49711,meta_Class,None,None,1.0
roc_auc_score,4,RandomForest,combat,gse49711,meta_Class,None,None,1.0
roc_auc_score,5,RandomForest,combat,gse49711,meta_Class,None,None,1.0
roc_auc_score,6,RandomForest,combat,gse49711,meta_Class,None,None,1.0
roc_auc_score,7,RandomForest,combat,gse49711,meta_Class,None,None,1.0
roc_auc_score,8,RandomForest,combat,gse49711,meta_Class,None,None,1.0
roc_auc_score,9,RandomForest,combat,gse49711,meta_Class,None,None,1.0
mutual_info_score,0,RandomForest,combat,gse49711,meta_Class,None,None,0.919444
mutual_info_score,1,RandomForest,combat,gse49711,meta_Class,None,None,0.919444
mutual_info_score,2,RandomForest,combat,gse49711,meta_Class,None,None,0.919444
mutual_info_score,3,RandomForest,combat,gse49711,meta_Class,None,None,0.919444
mutual_info_score,4,RandomForest,combat,gse49711,meta_Class,None,None,0.919444
mutual_info_score,5,RandomForest,combat,gse49711,meta_Class,None,None,0.919444
mutual_info_score,6,RandomForest,combat,gse49711,meta_Class,None,None,0.919444
mutual_info_score,7,RandomForest,combat,gse49711,meta_Class,None,None,0.919444
mutual_info_score,8,RandomForest,combat,gse49711,meta_Class,None,None,0.919444
mutual_info_score,9,RandomForest,combat,gse49711,meta_Class,None,None,0.919444
accuracy_score,0,RandomForest,combat,gse49711,meta_Class,None,None,1.0
accuracy_score,1,RandomForest,combat,gse49711,meta_Class,None,None,1.0
accuracy_score,2,RandomForest,combat,gse49711,meta_Class,None,None,1.0
accuracy_score,3,RandomForest,combat,gse49711,meta_Class,None,None,1.0
accuracy_score,4,RandomForest,combat,gse49711,meta_Class,None,None,1.0
accuracy_score,5,RandomForest,combat,gse49711,meta_Class,None,None,1.0
accuracy_score,6,RandomForest,combat,gse49711,meta_Class,None,None,1.0
accuracy_score,7,RandomForest,combat,gse49711,meta_Class,None,None,1.0
accuracy_score,8,RandomForest,combat,gse49711,meta_Class,None,None,1.0
accuracy_score,9,RandomForest,combat,gse49711,meta_Class,None,None,1.0
roc_auc_score,0,HistGradientBoosting,combat,gse49711,meta_Class,None,None,0.999818
roc_auc_score,1,HistGradientBoosting,combat,gse49711,meta_Class,None,None,0.999636
roc_auc_score,2,HistGradientBoosting,combat,gse49711,meta_Class,None,None,1.0
roc_auc_score,3,HistGradientBoosting,combat,gse49711,meta_Class,None,None,1.0
roc_auc_score,4,HistGradientBoosting,combat,gse49711,meta_Class,None,None,1.0
roc_auc_score,5,HistGradientBoosting,combat,gse49711,meta_Class,None,None,1.0
roc_auc_score,6,HistGradientBoosting,combat,gse49711,meta_Class,None,None,0.999818
roc_auc_score,7,HistGradientBoosting,combat,gse49711,meta_Class,None,None,0.999821
roc_auc_score,8,HistGradientBoosting,combat,gse49711,meta_Class,None,None,1.0
roc_auc_score,9,HistGradientBoosting,combat,gse49711,meta_Class,None,None,1.0
mutual_info_score,0,HistGradientBoosting,combat,gse49711,meta_Class,None,None,0.892392
mutual_info_score,1,HistGradientBoosting,combat,gse49711,meta_Class,None,None,0.842344
mutual_info_score,2,HistGradientBoosting,combat,gse49711,meta_Class,None,None,0.872234
mutual_info_score,3,HistGradientBoosting,combat,gse49711,meta_Class,None,None,0.919444
mutual_info_score,4,HistGradientBoosting,combat,gse49711,meta_Class,None,None,0.892392
mutual_info_score,5,HistGradientBoosting,combat,gse49711,meta_Class,None,None,0.919444
mutual_info_score,6,HistGradientBoosting,combat,gse49711,meta_Class,None,None,0.86931
mutual_info_score,7,HistGradientBoosting,combat,gse49711,meta_Class,None,None,0.892479
mutual_info_score,8,HistGradientBoosting,combat,gse49711,meta_Class,None,None,0.919444
mutual_info_score,9,HistGradientBoosting,combat,gse49711,meta_Class,None,None,0.892479
accuracy_score,0,HistGradientBoosting,combat,gse49711,meta_Class,None,None,0.996337
accuracy_score,1,HistGradientBoosting,combat,gse49711,meta_Class,None,None,0.989011
accuracy_score,2,HistGradientBoosting,combat,gse49711,meta_Class,None,None,0.992593
accuracy_score,3,HistGradientBoosting,combat,gse49711,meta_Class,None,None,1.0
accuracy_score,4,HistGradientBoosting,combat,gse49711,meta_Class,None,None,0.996337
accuracy_score,5,HistGradientBoosting,combat,gse49711,meta_Class,None,None,1.0
accuracy_score,6,HistGradientBoosting,combat,gse49711,meta_Class,None,None,0.992674
accuracy_score,7,HistGradientBoosting,combat,gse49711,meta_Class,None,None,0.996337
accuracy_score,8,HistGradientBoosting,combat,gse49711,meta_Class,None,None,1.0
accuracy_score,9,HistGradientBoosting,combat,gse49711,meta_Class,None,None,0.996337
roc_auc_score,0,RandomForest,combat_target,gse49711,meta_Class,None,None,1.0
roc_auc_score,1,RandomForest,combat_target,gse49711,meta_Class,None,None,1.0
roc_auc_score,2,RandomForest,combat_target,gse49711,meta_Class,None,None,1.0
roc_auc_score,3,RandomForest,combat_target,gse49711,meta_Class,None,None,1.0
roc_auc_score,4,RandomForest,combat_target,gse49711,meta_Class,None,None,1.0
roc_auc_score,5,RandomForest,combat_target,gse49711,meta_Class,None,None,1.0
roc_auc_score,6,RandomForest,combat_target,gse49711,meta_Class,None,None,1.0
roc_auc_score,7,RandomForest,combat_target,gse49711,meta_Class,None,None,1.0
roc_auc_score,8,RandomForest,combat_target,gse49711,meta_Class,None,None,1.0
roc_auc_score,9,RandomForest,combat_target,gse49711,meta_Class,None,None,1.0
mutual_info_score,0,RandomForest,combat_target,gse49711,meta_Class,None,None,0.919444
mutual_info_score,1,RandomForest,combat_target,gse49711,meta_Class,None,None,0.919444
mutual_info_score,2,RandomForest,combat_target,gse49711,meta_Class,None,None,0.919444
mutual_info_score,3,RandomForest,combat_target,gse49711,meta_Class,None,None,0.892392
mutual_info_score,4,RandomForest,combat_target,gse49711,meta_Class,None,None,0.919444
mutual_info_score,5,RandomForest,combat_target,gse49711,meta_Class,None,None,0.919444
mutual_info_score,6,RandomForest,combat_target,gse49711,meta_Class,None,None,0.919444
mutual_info_score,7,RandomForest,combat_target,gse49711,meta_Class,None,None,0.919444
mutual_info_score,8,RandomForest,combat_target,gse49711,meta_Class,None,None,0.892479
mutual_info_score,9,RandomForest,combat_target,gse49711,meta_Class,None,None,0.919444
accuracy_score,0,RandomForest,combat_target,gse49711,meta_Class,None,None,1.0
accuracy_score,1,RandomForest,combat_target,gse49711,meta_Class,None,None,1.0
accuracy_score,2,RandomForest,combat_target,gse49711,meta_Class,None,None,1.0
accuracy_score,3,RandomForest,combat_target,gse49711,meta_Class,None,None,0.996337
accuracy_score,4,RandomForest,combat_target,gse49711,meta_Class,None,None,1.0
accuracy_score,5,RandomForest,combat_target,gse49711,meta_Class,None,None,1.0
accuracy_score,6,RandomForest,combat_target,gse49711,meta_Class,None,None,1.0
accuracy_score,7,RandomForest,combat_target,gse49711,meta_Class,None,None,1.0
accuracy_score,8,RandomForest,combat_target,gse49711,meta_Class,None,None,0.996337
accuracy_score,9,RandomForest,combat_target,gse49711,meta_Class,None,None,1.0
roc_auc_score,0,HistGradientBoosting,combat_target,gse49711,meta_Class,None,None,1.0
roc_auc_score,1,HistGradientBoosting,combat_target,gse49711,meta_Class,None,None,1.0
roc_auc_score,2,HistGradientBoosting,combat_target,gse49711,meta_Class,None,None,0.999821
roc_auc_score,3,HistGradientBoosting,combat_target,gse49711,meta_Class,None,None,1.0
roc_auc_score,4,HistGradientBoosting,combat_target,gse49711,meta_Class,None,None,1.0
roc_auc_score,5,HistGradientBoosting,combat_target,gse49711,meta_Class,None,None,1.0
roc_auc_score,6,HistGradientBoosting,combat_target,gse49711,meta_Class,None,None,1.0
roc_auc_score,7,HistGradientBoosting,combat_target,gse49711,meta_Class,None,None,1.0
roc_auc_score,8,HistGradientBoosting,combat_target,gse49711,meta_Class,None,None,1.0
roc_auc_score,9,HistGradientBoosting,combat_target,gse49711,meta_Class,None,None,1.0
mutual_info_score,0,HistGradientBoosting,combat_target,gse49711,meta_Class,None,None,0.892392
mutual_info_score,1,HistGradientBoosting,combat_target,gse49711,meta_Class,None,None,0.801221
mutual_info_score,2,HistGradientBoosting,combat_target,gse49711,meta_Class,None,None,0.892479
mutual_info_score,3,HistGradientBoosting,combat_target,gse49711,meta_Class,None,None,0.919444
mutual_info_score,4,HistGradientBoosting,combat_target,gse49711,meta_Class,None,None,0.919444
mutual_info_score,5,HistGradientBoosting,combat_target,gse49711,meta_Class,None,None,0.892179
mutual_info_score,6,HistGradientBoosting,combat_target,gse49711,meta_Class,None,None,0.892479
mutual_info_score,7,HistGradientBoosting,combat_target,gse49711,meta_Class,None,None,0.865214
mutual_info_score,8,HistGradientBoosting,combat_target,gse49711,meta_Class,None,None,0.865127
mutual_info_score,9,HistGradientBoosting,combat_target,gse49711,meta_Class,None,None,0.892479
accuracy_score,0,HistGradientBoosting,combat_target,gse49711,meta_Class,None,None,0.996337
accuracy_score,1,HistGradientBoosting,combat_target,gse49711,meta_Class,None,None,0.981644
accuracy_score,2,HistGradientBoosting,combat_target,gse49711,meta_Class,None,None,0.996337
accuracy_score,3,HistGradientBoosting,combat_target,gse49711,meta_Class,None,None,1.0
accuracy_score,4,HistGradientBoosting,combat_target,gse49711,meta_Class,None,None,1.0
accuracy_score,5,HistGradientBoosting,combat_target,gse49711,meta_Class,None,None,0.996296
accuracy_score,6,HistGradientBoosting,combat_target,gse49711,meta_Class,None,None,0.996337
accuracy_score,7,HistGradientBoosting,combat_target,gse49711,meta_Class,None,None,0.992633
accuracy_score,8,HistGradientBoosting,combat_target,gse49711,meta_Class,None,None,0.992633
accuracy_score,9,HistGradientBoosting,combat_target,gse49711,meta_Class,None,None,0.996337
roc_auc_score,0,RandomForest,npn,gse49711,meta_Class,None,None,1.0
roc_auc_score,1,RandomForest,npn,gse49711,meta_Class,None,None,1.0
roc_auc_score,2,RandomForest,npn,gse49711,meta_Class,None,None,1.0
roc_auc_score,3,RandomForest,npn,gse49711,meta_Class,None,None,1.0
roc_auc_score,4,RandomForest,npn,gse49711,meta_Class,None,None,1.0
roc_auc_score,5,RandomForest,npn,gse49711,meta_Class,None,None,1.0
roc_auc_score,6,RandomForest,npn,gse49711,meta_Class,None,None,1.0
roc_auc_score,7,RandomForest,npn,gse49711,meta_Class,None,None,1.0
roc_auc_score,8,RandomForest,npn,gse49711,meta_Class,None,None,1.0
roc_auc_score,9,RandomForest,npn,gse49711,meta_Class,None,None,1.0
mutual_info_score,0,RandomForest,npn,gse49711,meta_Class,None,None,0.919444
mutual_info_score,1,RandomForest,npn,gse49711,meta_Class,None,None,0.919444
mutual_info_score,2,RandomForest,npn,gse49711,meta_Class,None,None,0.919444
mutual_info_score,3,RandomForest,npn,gse49711,meta_Class,None,None,0.919444
mutual_info_score,4,RandomForest,npn,gse49711,meta_Class,None,None,0.919444
mutual_info_score,5,RandomForest,npn,gse49711,meta_Class,None,None,0.919444
mutual_info_score,6,RandomForest,npn,gse49711,meta_Class,None,None,0.919444
mutual_info_score,7,RandomForest,npn,gse49711,meta_Class,None,None,0.919444
mutual_info_score,8,RandomForest,npn,gse49711,meta_Class,None,None,0.919444
mutual_info_score,9,RandomForest,npn,gse49711,meta_Class,None,None,0.919444
accuracy_score,0,RandomForest,npn,gse49711,meta_Class,None,None,1.0
accuracy_score,1,RandomForest,npn,gse49711,meta_Class,None,None,1.0
accuracy_score,2,RandomForest,npn,gse49711,meta_Class,None,None,1.0
accuracy_score,3,RandomForest,npn,gse49711,meta_Class,None,None,1.0
accuracy_score,4,RandomForest,npn,gse49711,meta_Class,None,None,1.0
accuracy_score,5,RandomForest,npn,gse49711,meta_Class,None,None,1.0
accuracy_score,6,RandomForest,npn,gse49711,meta_Class,None,None,1.0
accuracy_score,7,RandomForest,npn,gse49711,meta_Class,None,None,1.0
accuracy_score,8,RandomForest,npn,gse49711,meta_Class,None,None,1.0
accuracy_score,9,RandomForest,npn,gse49711,meta_Class,None,None,1.0
roc_auc_score,0,HistGradientBoosting,npn,gse49711,meta_Class,None,None,0.999277
roc_auc_score,1,HistGradientBoosting,npn,gse49711,meta_Class,None,None,0.999456
roc_auc_score,2,HistGradientBoosting,npn,gse49711,meta_Class,None,None,0.998387
roc_auc_score,3,HistGradientBoosting,npn,gse49711,meta_Class,None,None,0.996724
roc_auc_score,4,HistGradientBoosting,npn,gse49711,meta_Class,None,None,1.0
roc_auc_score,5,HistGradientBoosting,npn,gse49711,meta_Class,None,None,0.997832
roc_auc_score,6,HistGradientBoosting,npn,gse49711,meta_Class,None,None,0.998196
roc_auc_score,7,HistGradientBoosting,npn,gse49711,meta_Class,None,None,0.999642
roc_auc_score,8,HistGradientBoosting,npn,gse49711,meta_Class,None,None,0.994639
roc_auc_score,9,HistGradientBoosting,npn,gse49711,meta_Class,None,None,0.999447
mutual_info_score,0,HistGradientBoosting,npn,gse49711,meta_Class,None,None,0.795536
mutual_info_score,1,HistGradientBoosting,npn,gse49711,meta_Class,None,None,0.798625
mutual_info_score,2,HistGradientBoosting,npn,gse49711,meta_Class,None,None,0.804776
mutual_info_score,3,HistGradientBoosting,npn,gse49711,meta_Class,None,None,0.720337
mutual_info_score,4,HistGradientBoosting,npn,gse49711,meta_Class,None,None,0.845616
mutual_info_score,5,HistGradientBoosting,npn,gse49711,meta_Class,None,None,0.818436
mutual_info_score,6,HistGradientBoosting,npn,gse49711,meta_Class,None,None,0.758763
mutual_info_score,7,HistGradientBoosting,npn,gse49711,meta_Class,None,None,0.818436
mutual_info_score,8,HistGradientBoosting,npn,gse49711,meta_Class,None,None,0.742813
mutual_info_score,9,HistGradientBoosting,npn,gse49711,meta_Class,None,None,0.818351
accuracy_score,0,HistGradientBoosting,npn,gse49711,meta_Class,None,None,0.981644
accuracy_score,1,HistGradientBoosting,npn,gse49711,meta_Class,None,None,0.981644
accuracy_score,2,HistGradientBoosting,npn,gse49711,meta_Class,None,None,0.981563
accuracy_score,3,HistGradientBoosting,npn,gse49711,meta_Class,None,None,0.966952
accuracy_score,4,HistGradientBoosting,npn,gse49711,meta_Class,None,None,0.989011
accuracy_score,5,HistGradientBoosting,npn,gse49711,meta_Class,None,None,0.985307
accuracy_score,6,HistGradientBoosting,npn,gse49711,meta_Class,None,None,0.974318
accuracy_score,7,HistGradientBoosting,npn,gse49711,meta_Class,None,None,0.985307
accuracy_score,8,HistGradientBoosting,npn,gse49711,meta_Class,None,None,0.970492
accuracy_score,9,HistGradientBoosting,npn,gse49711,meta_Class,None,None,0.985307
roc_auc_score,0,RandomForest,limma,gse49711,meta_Class,None,None,1.0
roc_auc_score,1,RandomForest,limma,gse49711,meta_Class,None,None,1.0
roc_auc_score,2,RandomForest,limma,gse49711,meta_Class,None,None,1.0
roc_auc_score,3,RandomForest,limma,gse49711,meta_Class,None,None,1.0
roc_auc_score,4,RandomForest,limma,gse49711,meta_Class,None,None,1.0
roc_auc_score,5,RandomForest,limma,gse49711,meta_Class,None,None,1.0
roc_auc_score,6,RandomForest,limma,gse49711,meta_Class,None,None,1.0
roc_auc_score,7,RandomForest,limma,gse49711,meta_Class,None,None,1.0
roc_auc_score,8,RandomForest,limma,gse49711,meta_Class,None,None,1.0
roc_auc_score,9,RandomForest,limma,gse49711,meta_Class,None,None,1.0
mutual_info_score,0,RandomForest,limma,gse49711,meta_Class,None,None,0.919444
mutual_info_score,1,RandomForest,limma,gse49711,meta_Class,None,None,0.919444
mutual_info_score,2,RandomForest,limma,gse49711,meta_Class,None,None,0.919444
mutual_info_score,3,RandomForest,limma,gse49711,meta_Class,None,None,0.919444
mutual_info_score,4,RandomForest,limma,gse49711,meta_Class,None,None,0.919444
mutual_info_score,5,RandomForest,limma,gse49711,meta_Class,None,None,0.919444
mutual_info_score,6,RandomForest,limma,gse49711,meta_Class,None,None,0.919444
mutual_info_score,7,RandomForest,limma,gse49711,meta_Class,None,None,0.919444
mutual_info_score,8,RandomForest,limma,gse49711,meta_Class,None,None,0.919444
mutual_info_score,9,RandomForest,limma,gse49711,meta_Class,None,None,0.919444
accuracy_score,0,RandomForest,limma,gse49711,meta_Class,None,None,1.0
accuracy_score,1,RandomForest,limma,gse49711,meta_Class,None,None,1.0
accuracy_score,2,RandomForest,limma,gse49711,meta_Class,None,None,1.0
accuracy_score,3,RandomForest,limma,gse49711,meta_Class,None,None,1.0
accuracy_score,4,RandomForest,limma,gse49711,meta_Class,None,None,1.0
accuracy_score,5,RandomForest,limma,gse49711,meta_Class,None,None,1.0
accuracy_score,6,RandomForest,limma,gse49711,meta_Class,None,None,1.0
accuracy_score,7,RandomForest,limma,gse49711,meta_Class,None,None,1.0
accuracy_score,8,RandomForest,limma,gse49711,meta_Class,None,None,1.0
accuracy_score,9,RandomForest,limma,gse49711,meta_Class,None,None,1.0
roc_auc_score,0,HistGradientBoosting,limma,gse49711,meta_Class,None,None,0.973118
roc_auc_score,1,HistGradientBoosting,limma,gse49711,meta_Class,None,None,1.0
roc_auc_score,2,HistGradientBoosting,limma,gse49711,meta_Class,None,None,1.0
roc_auc_score,3,HistGradientBoosting,limma,gse49711,meta_Class,None,None,1.0
roc_auc_score,4,HistGradientBoosting,limma,gse49711,meta_Class,None,None,0.973118
roc_auc_score,5,HistGradientBoosting,limma,gse49711,meta_Class,None,None,1.0
roc_auc_score,6,HistGradientBoosting,limma,gse49711,meta_Class,None,None,1.0
roc_auc_score,7,HistGradientBoosting,limma,gse49711,meta_Class,None,None,1.0
roc_auc_score,8,HistGradientBoosting,limma,gse49711,meta_Class,None,None,1.0
roc_auc_score,9,HistGradientBoosting,limma,gse49711,meta_Class,None,None,1.0
mutual_info_score,0,HistGradientBoosting,limma,gse49711,meta_Class,None,None,0.826291
mutual_info_score,1,HistGradientBoosting,limma,gse49711,meta_Class,None,None,0.845269
mutual_info_score,2,HistGradientBoosting,limma,gse49711,meta_Class,None,None,0.892392
mutual_info_score,3,HistGradientBoosting,limma,gse49711,meta_Class,None,None,0.892479
mutual_info_score,4,HistGradientBoosting,limma,gse49711,meta_Class,None,None,0.826291
mutual_info_score,5,HistGradientBoosting,limma,gse49711,meta_Class,None,None,0.919444
mutual_info_score,6,HistGradientBoosting,limma,gse49711,meta_Class,None,None,0.919444
mutual_info_score,7,HistGradientBoosting,limma,gse49711,meta_Class,None,None,0.892479
mutual_info_score,8,HistGradientBoosting,limma,gse49711,meta_Class,None,None,0.865127
mutual_info_score,9,HistGradientBoosting,limma,gse49711,meta_Class,None,None,0.892179
accuracy_score,0,HistGradientBoosting,limma,gse49711,meta_Class,None,None,0.981685
accuracy_score,1,HistGradientBoosting,limma,gse49711,meta_Class,None,None,0.98893
accuracy_score,2,HistGradientBoosting,limma,gse49711,meta_Class,None,None,0.996337
accuracy_score,3,HistGradientBoosting,limma,gse49711,meta_Class,None,None,0.996337
accuracy_score,4,HistGradientBoosting,limma,gse49711,meta_Class,None,None,0.981685
accuracy_score,5,HistGradientBoosting,limma,gse49711,meta_Class,None,None,1.0
accuracy_score,6,HistGradientBoosting,limma,gse49711,meta_Class,None,None,1.0
accuracy_score,7,HistGradientBoosting,limma,gse49711,meta_Class,None,None,0.996337
accuracy_score,8,HistGradientBoosting,limma,gse49711,meta_Class,None,None,0.992633
accuracy_score,9,HistGradientBoosting,limma,gse49711,meta_Class,None,None,0.996296
roc_auc_score,0,RandomForest,limma_target,gse49711,meta_Class,None,None,1.0
roc_auc_score,1,RandomForest,limma_target,gse49711,meta_Class,None,None,1.0
roc_auc_score,2,RandomForest,limma_target,gse49711,meta_Class,None,None,1.0
roc_auc_score,3,RandomForest,limma_target,gse49711,meta_Class,None,None,1.0
roc_auc_score,4,RandomForest,limma_target,gse49711,meta_Class,None,None,1.0
roc_auc_score,5,RandomForest,limma_target,gse49711,meta_Class,None,None,1.0
roc_auc_score,6,RandomForest,limma_target,gse49711,meta_Class,None,None,1.0
roc_auc_score,7,RandomForest,limma_target,gse49711,meta_Class,None,None,1.0
roc_auc_score,8,RandomForest,limma_target,gse49711,meta_Class,None,None,1.0
roc_auc_score,9,RandomForest,limma_target,gse49711,meta_Class,None,None,1.0
mutual_info_score,0,RandomForest,limma_target,gse49711,meta_Class,None,None,0.919444
mutual_info_score,1,RandomForest,limma_target,gse49711,meta_Class,None,None,0.919444
mutual_info_score,2,RandomForest,limma_target,gse49711,meta_Class,None,None,0.919444
mutual_info_score,3,RandomForest,limma_target,gse49711,meta_Class,None,None,0.919444
mutual_info_score,4,RandomForest,limma_target,gse49711,meta_Class,None,None,0.919444
mutual_info_score,5,RandomForest,limma_target,gse49711,meta_Class,None,None,0.919444
mutual_info_score,6,RandomForest,limma_target,gse49711,meta_Class,None,None,0.919444
mutual_info_score,7,RandomForest,limma_target,gse49711,meta_Class,None,None,0.919444
mutual_info_score,8,RandomForest,limma_target,gse49711,meta_Class,None,None,0.919444
mutual_info_score,9,RandomForest,limma_target,gse49711,meta_Class,None,None,0.919444
accuracy_score,0,RandomForest,limma_target,gse49711,meta_Class,None,None,1.0
accuracy_score,1,RandomForest,limma_target,gse49711,meta_Class,None,None,1.0
accuracy_score,2,RandomForest,limma_target,gse49711,meta_Class,None,None,1.0
accuracy_score,3,RandomForest,limma_target,gse49711,meta_Class,None,None,1.0
accuracy_score,4,RandomForest,limma_target,gse49711,meta_Class,None,None,1.0
accuracy_score,5,RandomForest,limma_target,gse49711,meta_Class,None,None,1.0
accuracy_score,6,RandomForest,limma_target,gse49711,meta_Class,None,None,1.0
accuracy_score,7,RandomForest,limma_target,gse49711,meta_Class,None,None,1.0
accuracy_score,8,RandomForest,limma_target,gse49711,meta_Class,None,None,1.0
accuracy_score,9,RandomForest,limma_target,gse49711,meta_Class,None,None,1.0
roc_auc_score,0,HistGradientBoosting,limma_target,gse49711,meta_Class,None,None,0.973118
roc_auc_score,1,HistGradientBoosting,limma_target,gse49711,meta_Class,None,None,1.0
roc_auc_score,2,HistGradientBoosting,limma_target,gse49711,meta_Class,None,None,1.0
roc_auc_score,3,HistGradientBoosting,limma_target,gse49711,meta_Class,None,None,1.0
roc_auc_score,4,HistGradientBoosting,limma_target,gse49711,meta_Class,None,None,0.973118
roc_auc_score,5,HistGradientBoosting,limma_target,gse49711,meta_Class,None,None,1.0
roc_auc_score,6,HistGradientBoosting,limma_target,gse49711,meta_Class,None,None,1.0
roc_auc_score,7,HistGradientBoosting,limma_target,gse49711,meta_Class,None,None,1.0
roc_auc_score,8,HistGradientBoosting,limma_target,gse49711,meta_Class,None,None,1.0
roc_auc_score,9,HistGradientBoosting,limma_target,gse49711,meta_Class,None,None,1.0
mutual_info_score,0,HistGradientBoosting,limma_target,gse49711,meta_Class,None,None,0.826291
mutual_info_score,1,HistGradientBoosting,limma_target,gse49711,meta_Class,None,None,0.919444
mutual_info_score,2,HistGradientBoosting,limma_target,gse49711,meta_Class,None,None,0.919444
mutual_info_score,3,HistGradientBoosting,limma_target,gse49711,meta_Class,None,None,0.919444
mutual_info_score,4,HistGradientBoosting,limma_target,gse49711,meta_Class,None,None,0.826291
mutual_info_score,5,HistGradientBoosting,limma_target,gse49711,meta_Class,None,None,0.919444
mutual_info_score,6,HistGradientBoosting,limma_target,gse49711,meta_Class,None,None,0.919444
mutual_info_score,7,HistGradientBoosting,limma_target,gse49711,meta_Class,None,None,0.919444
mutual_info_score,8,HistGradientBoosting,limma_target,gse49711,meta_Class,None,None,0.919444
mutual_info_score,9,HistGradientBoosting,limma_target,gse49711,meta_Class,None,None,0.919444
accuracy_score,0,HistGradientBoosting,limma_target,gse49711,meta_Class,None,None,0.981685
accuracy_score,1,HistGradientBoosting,limma_target,gse49711,meta_Class,None,None,1.0
accuracy_score,2,HistGradientBoosting,limma_target,gse49711,meta_Class,None,None,1.0
accuracy_score,3,HistGradientBoosting,limma_target,gse49711,meta_Class,None,None,1.0
accuracy_score,4,HistGradientBoosting,limma_target,gse49711,meta_Class,None,None,0.981685
accuracy_score,5,HistGradientBoosting,limma_target,gse49711,meta_Class,None,None,1.0
accuracy_score,6,HistGradientBoosting,limma_target,gse49711,meta_Class,None,None,1.0
accuracy_score,7,HistGradientBoosting,limma_target,gse49711,meta_Class,None,None,1.0
accuracy_score,8,HistGradientBoosting,limma_target,gse49711,meta_Class,None,None,1.0
accuracy_score,9,HistGradientBoosting,limma_target,gse49711,meta_Class,None,None,1.0
roc_auc_score,0,RandomForest,unadjusted,gse49711,meta_Class,None,None,0.989931
roc_auc_score,1,RandomForest,unadjusted,gse49711,meta_Class,None,None,0.989052
roc_auc_score,2,RandomForest,unadjusted,gse49711,meta_Class,None,None,0.985956
roc_auc_score,3,RandomForest,unadjusted,gse49711,meta_Class,None,None,0.988249
roc_auc_score,4,RandomForest,unadjusted,gse49711,meta_Class,None,None,0.990058
roc_auc_score,5,RandomForest,unadjusted,gse49711,meta_Class,None,None,0.991362
roc_auc_score,6,RandomForest,unadjusted,gse49711,meta_Class,None,None,0.989529
roc_auc_score,7,RandomForest,unadjusted,gse49711,meta_Class,None,None,0.986639
roc_auc_score,8,RandomForest,unadjusted,gse49711,meta_Class,None,None,0.987811
roc_auc_score,9,RandomForest,unadjusted,gse49711,meta_Class,None,None,0.990538
mutual_info_score,0,RandomForest,unadjusted,gse49711,meta_Class,None,None,0.693734
mutual_info_score,1,RandomForest,unadjusted,gse49711,meta_Class,None,None,0.677589
mutual_info_score,2,RandomForest,unadjusted,gse49711,meta_Class,None,None,0.609694
mutual_info_score,3,RandomForest,unadjusted,gse49711,meta_Class,None,None,0.659271
mutual_info_score,4,RandomForest,unadjusted,gse49711,meta_Class,None,None,0.687782
mutual_info_score,5,RandomForest,unadjusted,gse49711,meta_Class,None,None,0.746581
mutual_info_score,6,RandomForest,unadjusted,gse49711,meta_Class,None,None,0.646736
mutual_info_score,7,RandomForest,unadjusted,gse49711,meta_Class,None,None,0.668165
mutual_info_score,8,RandomForest,unadjusted,gse49711,meta_Class,None,None,0.621898
mutual_info_score,9,RandomForest,unadjusted,gse49711,meta_Class,None,None,0.711711
accuracy_score,0,RandomForest,unadjusted,gse49711,meta_Class,None,None,0.959626
accuracy_score,1,RandomForest,unadjusted,gse49711,meta_Class,None,None,0.9558
accuracy_score,2,RandomForest,unadjusted,gse49711,meta_Class,None,None,0.941107
accuracy_score,3,RandomForest,unadjusted,gse49711,meta_Class,None,None,0.952137
accuracy_score,4,RandomForest,unadjusted,gse49711,meta_Class,None,None,0.959503
accuracy_score,5,RandomForest,unadjusted,gse49711,meta_Class,None,None,0.966992
accuracy_score,6,RandomForest,unadjusted,gse49711,meta_Class,None,None,0.948596
accuracy_score,7,RandomForest,unadjusted,gse49711,meta_Class,None,None,0.955963
accuracy_score,8,RandomForest,unadjusted,gse49711,meta_Class,None,None,0.944851
accuracy_score,9,RandomForest,unadjusted,gse49711,meta_Class,None,None,0.963248
roc_auc_score,0,HistGradientBoosting,unadjusted,gse49711,meta_Class,None,None,0.991677
roc_auc_score,1,HistGradientBoosting,unadjusted,gse49711,meta_Class,None,None,0.983776
roc_auc_score,2,HistGradientBoosting,unadjusted,gse49711,meta_Class,None,None,0.984343
roc_auc_score,3,HistGradientBoosting,unadjusted,gse49711,meta_Class,None,None,0.976378
roc_auc_score,4,HistGradientBoosting,unadjusted,gse49711,meta_Class,None,None,0.991111
roc_auc_score,5,HistGradientBoosting,unadjusted,gse49711,meta_Class,None,None,0.982659
roc_auc_score,6,HistGradientBoosting,unadjusted,gse49711,meta_Class,None,None,0.987938
roc_auc_score,7,HistGradientBoosting,unadjusted,gse49711,meta_Class,None,None,0.980733
roc_auc_score,8,HistGradientBoosting,unadjusted,gse49711,meta_Class,None,None,0.98771
roc_auc_score,9,HistGradientBoosting,unadjusted,gse49711,meta_Class,None,None,0.991001
mutual_info_score,0,HistGradientBoosting,unadjusted,gse49711,meta_Class,None,None,0.709403
mutual_info_score,1,HistGradientBoosting,unadjusted,gse49711,meta_Class,None,None,0.646499
mutual_info_score,2,HistGradientBoosting,unadjusted,gse49711,meta_Class,None,None,0.612097
mutual_info_score,3,HistGradientBoosting,unadjusted,gse49711,meta_Class,None,None,0.599576
mutual_info_score,4,HistGradientBoosting,unadjusted,gse49711,meta_Class,None,None,0.732798
mutual_info_score,5,HistGradientBoosting,unadjusted,gse49711,meta_Class,None,None,0.668122
mutual_info_score,6,HistGradientBoosting,unadjusted,gse49711,meta_Class,None,None,0.699884
mutual_info_score,7,HistGradientBoosting,unadjusted,gse49711,meta_Class,None,None,0.657644
mutual_info_score,8,HistGradientBoosting,unadjusted,gse49711,meta_Class,None,None,0.690934
mutual_info_score,9,HistGradientBoosting,unadjusted,gse49711,meta_Class,None,None,0.668341
accuracy_score,0,HistGradientBoosting,unadjusted,gse49711,meta_Class,None,None,0.963289
accuracy_score,1,HistGradientBoosting,unadjusted,gse49711,meta_Class,None,None,0.948433
accuracy_score,2,HistGradientBoosting,unadjusted,gse49711,meta_Class,None,None,0.937648
accuracy_score,3,HistGradientBoosting,unadjusted,gse49711,meta_Class,None,None,0.941148
accuracy_score,4,HistGradientBoosting,unadjusted,gse49711,meta_Class,None,None,0.970574
accuracy_score,5,HistGradientBoosting,unadjusted,gse49711,meta_Class,None,None,0.952259
accuracy_score,6,HistGradientBoosting,unadjusted,gse49711,meta_Class,None,None,0.959544
accuracy_score,7,HistGradientBoosting,unadjusted,gse49711,meta_Class,None,None,0.952259
accuracy_score,8,HistGradientBoosting,unadjusted,gse49711,meta_Class,None,None,0.955922
accuracy_score,9,HistGradientBoosting,unadjusted,gse49711,meta_Class,None,None,0.9523
roc_auc_score,0,RandomForest,tampor,gse49711,meta_Class,None,None,0.653176
roc_auc_score,1,RandomForest,tampor,gse49711,meta_Class,None,None,0.6783
roc_auc_score,2,RandomForest,tampor,gse49711,meta_Class,None,None,0.644021
roc_auc_score,3,RandomForest,tampor,gse49711,meta_Class,None,None,0.667373
roc_auc_score,4,RandomForest,tampor,gse49711,meta_Class,None,None,0.690588
roc_auc_score,5,RandomForest,tampor,gse49711,meta_Class,None,None,0.667691
roc_auc_score,6,RandomForest,tampor,gse49711,meta_Class,None,None,0.65083
roc_auc_score,7,RandomForest,tampor,gse49711,meta_Class,None,None,0.7019
roc_auc_score,8,RandomForest,tampor,gse49711,meta_Class,None,None,0.690291
roc_auc_score,9,RandomForest,tampor,gse49711,meta_Class,None,None,0.660107
mutual_info_score,0,RandomForest,tampor,gse49711,meta_Class,None,None,0.016371
mutual_info_score,1,RandomForest,tampor,gse49711,meta_Class,None,None,0.028138
mutual_info_score,2,RandomForest,tampor,gse49711,meta_Class,None,None,0.022131
mutual_info_score,3,RandomForest,tampor,gse49711,meta_Class,None,None,0.04428
mutual_info_score,4,RandomForest,tampor,gse49711,meta_Class,None,None,0.028573
mutual_info_score,5,RandomForest,tampor,gse49711,meta_Class,None,None,0.034205
mutual_info_score,6,RandomForest,tampor,gse49711,meta_Class,None,None,0.035109
mutual_info_score,7,RandomForest,tampor,gse49711,meta_Class,None,None,0.03099
mutual_info_score,8,RandomForest,tampor,gse49711,meta_Class,None,None,0.026217
mutual_info_score,9,RandomForest,tampor,gse49711,meta_Class,None,None,0.011749
accuracy_score,0,RandomForest,tampor,gse49711,meta_Class,None,None,0.661905
accuracy_score,1,RandomForest,tampor,gse49711,meta_Class,None,None,0.683923
accuracy_score,2,RandomForest,tampor,gse49711,meta_Class,None,None,0.672812
accuracy_score,3,RandomForest,tampor,gse49711,meta_Class,None,None,0.694953
accuracy_score,4,RandomForest,tampor,gse49711,meta_Class,None,None,0.687586
accuracy_score,5,RandomForest,tampor,gse49711,meta_Class,None,None,0.683842
accuracy_score,6,RandomForest,tampor,gse49711,meta_Class,None,None,0.687586
accuracy_score,7,RandomForest,tampor,gse49711,meta_Class,None,None,0.691127
accuracy_score,8,RandomForest,tampor,gse49711,meta_Class,None,None,0.680016
accuracy_score,9,RandomForest,tampor,gse49711,meta_Class,None,None,0.665527
roc_auc_score,0,HistGradientBoosting,tampor,gse49711,meta_Class,None,None,0.922411
roc_auc_score,1,HistGradientBoosting,tampor,gse49711,meta_Class,None,None,0.932923
roc_auc_score,2,HistGradientBoosting,tampor,gse49711,meta_Class,None,None,0.92313
roc_auc_score,3,HistGradientBoosting,tampor,gse49711,meta_Class,None,None,0.917804
roc_auc_score,4,HistGradientBoosting,tampor,gse49711,meta_Class,None,None,0.943324
roc_auc_score,5,HistGradientBoosting,tampor,gse49711,meta_Class,None,None,0.930736
roc_auc_score,6,HistGradientBoosting,tampor,gse49711,meta_Class,None,None,0.937331
roc_auc_score,7,HistGradientBoosting,tampor,gse49711,meta_Class,None,None,0.93577
roc_auc_score,8,HistGradientBoosting,tampor,gse49711,meta_Class,None,None,0.93651
roc_auc_score,9,HistGradientBoosting,tampor,gse49711,meta_Class,None,None,0.938494
mutual_info_score,0,HistGradientBoosting,tampor,gse49711,meta_Class,None,None,0.359838
mutual_info_score,1,HistGradientBoosting,tampor,gse49711,meta_Class,None,None,0.399218
mutual_info_score,2,HistGradientBoosting,tampor,gse49711,meta_Class,None,None,0.433259
mutual_info_score,3,HistGradientBoosting,tampor,gse49711,meta_Class,None,None,0.368295
mutual_info_score,4,HistGradientBoosting,tampor,gse49711,meta_Class,None,None,0.446366
mutual_info_score,5,HistGradientBoosting,tampor,gse49711,meta_Class,None,None,0.411289
mutual_info_score,6,HistGradientBoosting,tampor,gse49711,meta_Class,None,None,0.408962
mutual_info_score,7,HistGradientBoosting,tampor,gse49711,meta_Class,None,None,0.433775
mutual_info_score,8,HistGradientBoosting,tampor,gse49711,meta_Class,None,None,0.439989
mutual_info_score,9,HistGradientBoosting,tampor,gse49711,meta_Class,None,None,0.45161
accuracy_score,0,HistGradientBoosting,tampor,gse49711,meta_Class,None,None,0.867684
accuracy_score,1,HistGradientBoosting,tampor,gse49711,meta_Class,None,None,0.874725
accuracy_score,2,HistGradientBoosting,tampor,gse49711,meta_Class,None,None,0.889703
accuracy_score,3,HistGradientBoosting,tampor,gse49711,meta_Class,None,None,0.867603
accuracy_score,4,HistGradientBoosting,tampor,gse49711,meta_Class,None,None,0.89711
accuracy_score,5,HistGradientBoosting,tampor,gse49711,meta_Class,None,None,0.885999
accuracy_score,6,HistGradientBoosting,tampor,gse49711,meta_Class,None,None,0.885999
accuracy_score,7,HistGradientBoosting,tampor,gse49711,meta_Class,None,None,0.893366
accuracy_score,8,HistGradientBoosting,tampor,gse49711,meta_Class,None,None,0.889662
accuracy_score,9,HistGradientBoosting,tampor,gse49711,meta_Class,None,None,0.897151
roc_auc_score,0,RandomForest,quantile,gse49711,meta_Class,None,None,1.0
roc_auc_score,1,RandomForest,quantile,gse49711,meta_Class,None,None,1.0
roc_auc_score,2,RandomForest,quantile,gse49711,meta_Class,None,None,1.0
roc_auc_score,3,RandomForest,quantile,gse49711,meta_Class,None,None,1.0
roc_auc_score,4,RandomForest,quantile,gse49711,meta_Class,None,None,1.0
roc_auc_score,5,RandomForest,quantile,gse49711,meta_Class,None,None,1.0
roc_auc_score,6,RandomForest,quantile,gse49711,meta_Class,None,None,1.0
roc_auc_score,7,RandomForest,quantile,gse49711,meta_Class,None,None,1.0
roc_auc_score,8,RandomForest,quantile,gse49711,meta_Class,None,None,1.0
roc_auc_score,9,RandomForest,quantile,gse49711,meta_Class,None,None,1.0
mutual_info_score,0,RandomForest,quantile,gse49711,meta_Class,None,None,0.919444
mutual_info_score,1,RandomForest,quantile,gse49711,meta_Class,None,None,0.919444
mutual_info_score,2,RandomForest,quantile,gse49711,meta_Class,None,None,0.919444
mutual_info_score,3,RandomForest,quantile,gse49711,meta_Class,None,None,0.919444
mutual_info_score,4,RandomForest,quantile,gse49711,meta_Class,None,None,0.919444
mutual_info_score,5,RandomForest,quantile,gse49711,meta_Class,None,None,0.919444
mutual_info_score,6,RandomForest,quantile,gse49711,meta_Class,None,None,0.919444
mutual_info_score,7,RandomForest,quantile,gse49711,meta_Class,None,None,0.919444
mutual_info_score,8,RandomForest,quantile,gse49711,meta_Class,None,None,0.919444
mutual_info_score,9,RandomForest,quantile,gse49711,meta_Class,None,None,0.919444
accuracy_score,0,RandomForest,quantile,gse49711,meta_Class,None,None,1.0
accuracy_score,1,RandomForest,quantile,gse49711,meta_Class,None,None,1.0
accuracy_score,2,RandomForest,quantile,gse49711,meta_Class,None,None,1.0
accuracy_score,3,RandomForest,quantile,gse49711,meta_Class,None,None,1.0
accuracy_score,4,RandomForest,quantile,gse49711,meta_Class,None,None,1.0
accuracy_score,5,RandomForest,quantile,gse49711,meta_Class,None,None,1.0
accuracy_score,6,RandomForest,quantile,gse49711,meta_Class,None,None,1.0
accuracy_score,7,RandomForest,quantile,gse49711,meta_Class,None,None,1.0
accuracy_score,8,RandomForest,quantile,gse49711,meta_Class,None,None,1.0
accuracy_score,9,RandomForest,quantile,gse49711,meta_Class,None,None,1.0
roc_auc_score,0,HistGradientBoosting,quantile,gse49711,meta_Class,None,None,0.999089
roc_auc_score,1,HistGradientBoosting,quantile,gse49711,meta_Class,None,None,0.999456
roc_auc_score,2,HistGradientBoosting,quantile,gse49711,meta_Class,None,None,0.999462
roc_auc_score,3,HistGradientBoosting,quantile,gse49711,meta_Class,None,None,0.998187
roc_auc_score,4,HistGradientBoosting,quantile,gse49711,meta_Class,None,None,0.998922
roc_auc_score,5,HistGradientBoosting,quantile,gse49711,meta_Class,None,None,0.998904
roc_auc_score,6,HistGradientBoosting,quantile,gse49711,meta_Class,None,None,0.999271
roc_auc_score,7,HistGradientBoosting,quantile,gse49711,meta_Class,None,None,0.99963
roc_auc_score,8,HistGradientBoosting,quantile,gse49711,meta_Class,None,None,0.998713
roc_auc_score,9,HistGradientBoosting,quantile,gse49711,meta_Class,None,None,0.998725
mutual_info_score,0,HistGradientBoosting,quantile,gse49711,meta_Class,None,None,0.686411
mutual_info_score,1,HistGradientBoosting,quantile,gse49711,meta_Class,None,None,0.781276
mutual_info_score,2,HistGradientBoosting,quantile,gse49711,meta_Class,None,None,0.808307
mutual_info_score,3,HistGradientBoosting,quantile,gse49711,meta_Class,None,None,0.696517
mutual_info_score,4,HistGradientBoosting,quantile,gse49711,meta_Class,None,None,0.729169
mutual_info_score,5,HistGradientBoosting,quantile,gse49711,meta_Class,None,None,0.761444
mutual_info_score,6,HistGradientBoosting,quantile,gse49711,meta_Class,None,None,0.711934
mutual_info_score,7,HistGradientBoosting,quantile,gse49711,meta_Class,None,None,0.733371
mutual_info_score,8,HistGradientBoosting,quantile,gse49711,meta_Class,None,None,0.78117
mutual_info_score,9,HistGradientBoosting,quantile,gse49711,meta_Class,None,None,0.697047
accuracy_score,0,HistGradientBoosting,quantile,gse49711,meta_Class,None,None,0.955963
accuracy_score,1,HistGradientBoosting,quantile,gse49711,meta_Class,None,None,0.977941
accuracy_score,2,HistGradientBoosting,quantile,gse49711,meta_Class,None,None,0.981563
accuracy_score,3,HistGradientBoosting,quantile,gse49711,meta_Class,None,None,0.959585
accuracy_score,4,HistGradientBoosting,quantile,gse49711,meta_Class,None,None,0.966952
accuracy_score,5,HistGradientBoosting,quantile,gse49711,meta_Class,None,None,0.974237
accuracy_score,6,HistGradientBoosting,quantile,gse49711,meta_Class,None,None,0.963248
accuracy_score,7,HistGradientBoosting,quantile,gse49711,meta_Class,None,None,0.96687
accuracy_score,8,HistGradientBoosting,quantile,gse49711,meta_Class,None,None,0.9779
accuracy_score,9,HistGradientBoosting,quantile,gse49711,meta_Class,None,None,0.955718
roc_auc_score,0,RandomForest,autoclass,gse49711,meta_Class,None,None,0.808448
roc_auc_score,1,RandomForest,autoclass,gse49711,meta_Class,None,None,0.798722
roc_auc_score,2,RandomForest,autoclass,gse49711,meta_Class,None,None,0.824661
roc_auc_score,3,RandomForest,autoclass,gse49711,meta_Class,None,None,0.860516
roc_auc_score,4,RandomForest,autoclass,gse49711,meta_Class,None,None,0.862441
roc_auc_score,5,RandomForest,autoclass,gse49711,meta_Class,None,None,0.867351
roc_auc_score,6,RandomForest,autoclass,gse49711,meta_Class,None,None,0.82307
roc_auc_score,7,RandomForest,autoclass,gse49711,meta_Class,None,None,0.785753
roc_auc_score,8,RandomForest,autoclass,gse49711,meta_Class,None,None,0.835264
roc_auc_score,9,RandomForest,autoclass,gse49711,meta_Class,None,None,0.872945
mutual_info_score,0,RandomForest,autoclass,gse49711,meta_Class,None,None,0.218995
mutual_info_score,1,RandomForest,autoclass,gse49711,meta_Class,None,None,0.173076
mutual_info_score,2,RandomForest,autoclass,gse49711,meta_Class,None,None,0.226359
mutual_info_score,3,RandomForest,autoclass,gse49711,meta_Class,None,None,0.192546
mutual_info_score,4,RandomForest,autoclass,gse49711,meta_Class,None,None,0.254526
mutual_info_score,5,RandomForest,autoclass,gse49711,meta_Class,None,None,0.211809
mutual_info_score,6,RandomForest,autoclass,gse49711,meta_Class,None,None,0.198476
mutual_info_score,7,RandomForest,autoclass,gse49711,meta_Class,None,None,0.155899
mutual_info_score,8,RandomForest,autoclass,gse49711,meta_Class,None,None,0.178126
mutual_info_score,9,RandomForest,autoclass,gse49711,meta_Class,None,None,0.214691
accuracy_score,0,RandomForest,autoclass,gse49711,meta_Class,None,None,0.805291
accuracy_score,1,RandomForest,autoclass,gse49711,meta_Class,None,None,0.786813
accuracy_score,2,RandomForest,autoclass,gse49711,meta_Class,None,None,0.804965
accuracy_score,3,RandomForest,autoclass,gse49711,meta_Class,None,None,0.786854
accuracy_score,4,RandomForest,autoclass,gse49711,meta_Class,None,None,0.816199
accuracy_score,5,RandomForest,autoclass,gse49711,meta_Class,None,None,0.801506
accuracy_score,6,RandomForest,autoclass,gse49711,meta_Class,None,None,0.794261
accuracy_score,7,RandomForest,autoclass,gse49711,meta_Class,None,None,0.775702
accuracy_score,8,RandomForest,autoclass,gse49711,meta_Class,None,None,0.77965
accuracy_score,9,RandomForest,autoclass,gse49711,meta_Class,None,None,0.80521
roc_auc_score,0,HistGradientBoosting,autoclass,gse49711,meta_Class,None,None,0.94171
roc_auc_score,1,HistGradientBoosting,autoclass,gse49711,meta_Class,None,None,0.944382
roc_auc_score,2,HistGradientBoosting,autoclass,gse49711,meta_Class,None,None,0.929321
roc_auc_score,3,HistGradientBoosting,autoclass,gse49711,meta_Class,None,None,0.942097
roc_auc_score,4,HistGradientBoosting,autoclass,gse49711,meta_Class,None,None,0.942665
roc_auc_score,5,HistGradientBoosting,autoclass,gse49711,meta_Class,None,None,0.959585
roc_auc_score,6,HistGradientBoosting,autoclass,gse49711,meta_Class,None,None,0.943981
roc_auc_score,7,HistGradientBoosting,autoclass,gse49711,meta_Class,None,None,0.951896
roc_auc_score,8,HistGradientBoosting,autoclass,gse49711,meta_Class,None,None,0.9446
roc_auc_score,9,HistGradientBoosting,autoclass,gse49711,meta_Class,None,None,0.947664
mutual_info_score,0,HistGradientBoosting,autoclass,gse49711,meta_Class,None,None,0.474012
mutual_info_score,1,HistGradientBoosting,autoclass,gse49711,meta_Class,None,None,0.478677
mutual_info_score,2,HistGradientBoosting,autoclass,gse49711,meta_Class,None,None,0.458647
mutual_info_score,3,HistGradientBoosting,autoclass,gse49711,meta_Class,None,None,0.499006
mutual_info_score,4,HistGradientBoosting,autoclass,gse49711,meta_Class,None,None,0.411799
mutual_info_score,5,HistGradientBoosting,autoclass,gse49711,meta_Class,None,None,0.535506
mutual_info_score,6,HistGradientBoosting,autoclass,gse49711,meta_Class,None,None,0.507449
mutual_info_score,7,HistGradientBoosting,autoclass,gse49711,meta_Class,None,None,0.497141
mutual_info_score,8,HistGradientBoosting,autoclass,gse49711,meta_Class,None,None,0.49626
mutual_info_score,9,HistGradientBoosting,autoclass,gse49711,meta_Class,None,None,0.47284
accuracy_score,0,HistGradientBoosting,autoclass,gse49711,meta_Class,None,None,0.904436
accuracy_score,1,HistGradientBoosting,autoclass,gse49711,meta_Class,None,None,0.904314
accuracy_score,2,HistGradientBoosting,autoclass,gse49711,meta_Class,None,None,0.897029
accuracy_score,3,HistGradientBoosting,autoclass,gse49711,meta_Class,None,None,0.908181
accuracy_score,4,HistGradientBoosting,autoclass,gse49711,meta_Class,None,None,0.88604
accuracy_score,5,HistGradientBoosting,autoclass,gse49711,meta_Class,None,None,0.922792
accuracy_score,6,HistGradientBoosting,autoclass,gse49711,meta_Class,None,None,0.915507
accuracy_score,7,HistGradientBoosting,autoclass,gse49711,meta_Class,None,None,0.907937
accuracy_score,8,HistGradientBoosting,autoclass,gse49711,meta_Class,None,None,0.904314
accuracy_score,9,HistGradientBoosting,autoclass,gse49711,meta_Class,None,None,0.904396
roc_auc_score,0,RandomForest,icvae,gse49711,meta_Class,None,None,0.6053
roc_auc_score,1,RandomForest,icvae,gse49711,meta_Class,None,None,0.608662
roc_auc_score,2,RandomForest,icvae,gse49711,meta_Class,None,None,0.571674
roc_auc_score,3,RandomForest,icvae,gse49711,meta_Class,None,None,0.590329
roc_auc_score,4,RandomForest,icvae,gse49711,meta_Class,None,None,0.625025
roc_auc_score,5,RandomForest,icvae,gse49711,meta_Class,None,None,0.617672
roc_auc_score,6,RandomForest,icvae,gse49711,meta_Class,None,None,0.596141
roc_auc_score,7,RandomForest,icvae,gse49711,meta_Class,None,None,0.611826
roc_auc_score,8,RandomForest,icvae,gse49711,meta_Class,None,None,0.593312
roc_auc_score,9,RandomForest,icvae,gse49711,meta_Class,None,None,0.588652
mutual_info_score,0,RandomForest,icvae,gse49711,meta_Class,None,None,0.025465
mutual_info_score,1,RandomForest,icvae,gse49711,meta_Class,None,None,0.021439
mutual_info_score,2,RandomForest,icvae,gse49711,meta_Class,None,None,0.015831
mutual_info_score,3,RandomForest,icvae,gse49711,meta_Class,None,None,0.021395
mutual_info_score,4,RandomForest,icvae,gse49711,meta_Class,None,None,0.025384
mutual_info_score,5,RandomForest,icvae,gse49711,meta_Class,None,None,0.050449
mutual_info_score,6,RandomForest,icvae,gse49711,meta_Class,None,None,0.037116
mutual_info_score,7,RandomForest,icvae,gse49711,meta_Class,None,None,0.013424
mutual_info_score,8,RandomForest,icvae,gse49711,meta_Class,None,None,0.021742
mutual_info_score,9,RandomForest,icvae,gse49711,meta_Class,None,None,0.01662
accuracy_score,0,RandomForest,icvae,gse49711,meta_Class,None,None,0.680138
accuracy_score,1,RandomForest,icvae,gse49711,meta_Class,None,None,0.669271
accuracy_score,2,RandomForest,icvae,gse49711,meta_Class,None,None,0.650794
accuracy_score,3,RandomForest,icvae,gse49711,meta_Class,None,None,0.676435
accuracy_score,4,RandomForest,icvae,gse49711,meta_Class,None,None,0.680138
accuracy_score,5,RandomForest,icvae,gse49711,meta_Class,None,None,0.694912
accuracy_score,6,RandomForest,icvae,gse49711,meta_Class,None,None,0.672934
accuracy_score,7,RandomForest,icvae,gse49711,meta_Class,None,None,0.665446
accuracy_score,8,RandomForest,icvae,gse49711,meta_Class,None,None,0.676557
accuracy_score,9,RandomForest,icvae,gse49711,meta_Class,None,None,0.668987
roc_auc_score,0,HistGradientBoosting,icvae,gse49711,meta_Class,None,None,0.920154
roc_auc_score,1,HistGradientBoosting,icvae,gse49711,meta_Class,None,None,0.941322
roc_auc_score,2,HistGradientBoosting,icvae,gse49711,meta_Class,None,None,0.924222
roc_auc_score,3,HistGradientBoosting,icvae,gse49711,meta_Class,None,None,0.921052
roc_auc_score,4,HistGradientBoosting,icvae,gse49711,meta_Class,None,None,0.93184
roc_auc_score,5,HistGradientBoosting,icvae,gse49711,meta_Class,None,None,0.928684
roc_auc_score,6,HistGradientBoosting,icvae,gse49711,meta_Class,None,None,0.930379
roc_auc_score,7,HistGradientBoosting,icvae,gse49711,meta_Class,None,None,0.92409
roc_auc_score,8,HistGradientBoosting,icvae,gse49711,meta_Class,None,None,0.940154
roc_auc_score,9,HistGradientBoosting,icvae,gse49711,meta_Class,None,None,0.931579
mutual_info_score,0,HistGradientBoosting,icvae,gse49711,meta_Class,None,None,0.452384
mutual_info_score,1,HistGradientBoosting,icvae,gse49711,meta_Class,None,None,0.459936
mutual_info_score,2,HistGradientBoosting,icvae,gse49711,meta_Class,None,None,0.441603
mutual_info_score,3,HistGradientBoosting,icvae,gse49711,meta_Class,None,None,0.429723
mutual_info_score,4,HistGradientBoosting,icvae,gse49711,meta_Class,None,None,0.444334
mutual_info_score,5,HistGradientBoosting,icvae,gse49711,meta_Class,None,None,0.495563
mutual_info_score,6,HistGradientBoosting,icvae,gse49711,meta_Class,None,None,0.467297
mutual_info_score,7,HistGradientBoosting,icvae,gse49711,meta_Class,None,None,0.458101
mutual_info_score,8,HistGradientBoosting,icvae,gse49711,meta_Class,None,None,0.398259
mutual_info_score,9,HistGradientBoosting,icvae,gse49711,meta_Class,None,None,0.392588
accuracy_score,0,HistGradientBoosting,icvae,gse49711,meta_Class,None,None,0.89711
accuracy_score,1,HistGradientBoosting,icvae,gse49711,meta_Class,None,None,0.900692
accuracy_score,2,HistGradientBoosting,icvae,gse49711,meta_Class,None,None,0.893447
accuracy_score,3,HistGradientBoosting,icvae,gse49711,meta_Class,None,None,0.889662
accuracy_score,4,HistGradientBoosting,icvae,gse49711,meta_Class,None,None,0.893488
accuracy_score,5,HistGradientBoosting,icvae,gse49711,meta_Class,None,None,0.911803
accuracy_score,6,HistGradientBoosting,icvae,gse49711,meta_Class,None,None,0.904436
accuracy_score,7,HistGradientBoosting,icvae,gse49711,meta_Class,None,None,0.897029
accuracy_score,8,HistGradientBoosting,icvae,gse49711,meta_Class,None,None,0.875051
accuracy_score,9,HistGradientBoosting,icvae,gse49711,meta_Class,None,None,0.874969
roc_auc_score,0,RandomForest,seurat_scaling,gse49711,meta_Class,None,None,1.0
roc_auc_score,1,RandomForest,seurat_scaling,gse49711,meta_Class,None,None,1.0
roc_auc_score,2,RandomForest,seurat_scaling,gse49711,meta_Class,None,None,1.0
roc_auc_score,3,RandomForest,seurat_scaling,gse49711,meta_Class,None,None,1.0
roc_auc_score,4,RandomForest,seurat_scaling,gse49711,meta_Class,None,None,1.0
roc_auc_score,5,RandomForest,seurat_scaling,gse49711,meta_Class,None,None,1.0
roc_auc_score,6,RandomForest,seurat_scaling,gse49711,meta_Class,None,None,1.0
roc_auc_score,7,RandomForest,seurat_scaling,gse49711,meta_Class,None,None,1.0
roc_auc_score,8,RandomForest,seurat_scaling,gse49711,meta_Class,None,None,1.0
roc_auc_score,9,RandomForest,seurat_scaling,gse49711,meta_Class,None,None,1.0
mutual_info_score,0,RandomForest,seurat_scaling,gse49711,meta_Class,None,None,0.919444
mutual_info_score,1,RandomForest,seurat_scaling,gse49711,meta_Class,None,None,0.919444
mutual_info_score,2,RandomForest,seurat_scaling,gse49711,meta_Class,None,None,0.919444
mutual_info_score,3,RandomForest,seurat_scaling,gse49711,meta_Class,None,None,0.919444
mutual_info_score,4,RandomForest,seurat_scaling,gse49711,meta_Class,None,None,0.919444
mutual_info_score,5,RandomForest,seurat_scaling,gse49711,meta_Class,None,None,0.919444
mutual_info_score,6,RandomForest,seurat_scaling,gse49711,meta_Class,None,None,0.919444
mutual_info_score,7,RandomForest,seurat_scaling,gse49711,meta_Class,None,None,0.919444
mutual_info_score,8,RandomForest,seurat_scaling,gse49711,meta_Class,None,None,0.919444
mutual_info_score,9,RandomForest,seurat_scaling,gse49711,meta_Class,None,None,0.919444
accuracy_score,0,RandomForest,seurat_scaling,gse49711,meta_Class,None,None,1.0
accuracy_score,1,RandomForest,seurat_scaling,gse49711,meta_Class,None,None,1.0
accuracy_score,2,RandomForest,seurat_scaling,gse49711,meta_Class,None,None,1.0
accuracy_score,3,RandomForest,seurat_scaling,gse49711,meta_Class,None,None,1.0
accuracy_score,4,RandomForest,seurat_scaling,gse49711,meta_Class,None,None,1.0
accuracy_score,5,RandomForest,seurat_scaling,gse49711,meta_Class,None,None,1.0
accuracy_score,6,RandomForest,seurat_scaling,gse49711,meta_Class,None,None,1.0
accuracy_score,7,RandomForest,seurat_scaling,gse49711,meta_Class,None,None,1.0
accuracy_score,8,RandomForest,seurat_scaling,gse49711,meta_Class,None,None,1.0
accuracy_score,9,RandomForest,seurat_scaling,gse49711,meta_Class,None,None,1.0
roc_auc_score,0,HistGradientBoosting,seurat_scaling,gse49711,meta_Class,None,None,0.973118
roc_auc_score,1,HistGradientBoosting,seurat_scaling,gse49711,meta_Class,None,None,1.0
roc_auc_score,2,HistGradientBoosting,seurat_scaling,gse49711,meta_Class,None,None,1.0
roc_auc_score,3,HistGradientBoosting,seurat_scaling,gse49711,meta_Class,None,None,1.0
roc_auc_score,4,HistGradientBoosting,seurat_scaling,gse49711,meta_Class,None,None,0.973118
roc_auc_score,5,HistGradientBoosting,seurat_scaling,gse49711,meta_Class,None,None,1.0
roc_auc_score,6,HistGradientBoosting,seurat_scaling,gse49711,meta_Class,None,None,1.0
roc_auc_score,7,HistGradientBoosting,seurat_scaling,gse49711,meta_Class,None,None,1.0
roc_auc_score,8,HistGradientBoosting,seurat_scaling,gse49711,meta_Class,None,None,1.0
roc_auc_score,9,HistGradientBoosting,seurat_scaling,gse49711,meta_Class,None,None,1.0
mutual_info_score,0,HistGradientBoosting,seurat_scaling,gse49711,meta_Class,None,None,0.826291
mutual_info_score,1,HistGradientBoosting,seurat_scaling,gse49711,meta_Class,None,None,0.865214
mutual_info_score,2,HistGradientBoosting,seurat_scaling,gse49711,meta_Class,None,None,0.892392
mutual_info_score,3,HistGradientBoosting,seurat_scaling,gse49711,meta_Class,None,None,0.892479
mutual_info_score,4,HistGradientBoosting,seurat_scaling,gse49711,meta_Class,None,None,0.826291
mutual_info_score,5,HistGradientBoosting,seurat_scaling,gse49711,meta_Class,None,None,0.919444
mutual_info_score,6,HistGradientBoosting,seurat_scaling,gse49711,meta_Class,None,None,0.892479
mutual_info_score,7,HistGradientBoosting,seurat_scaling,gse49711,meta_Class,None,None,0.892479
mutual_info_score,8,HistGradientBoosting,seurat_scaling,gse49711,meta_Class,None,None,0.892179
mutual_info_score,9,HistGradientBoosting,seurat_scaling,gse49711,meta_Class,None,None,0.892179
accuracy_score,0,HistGradientBoosting,seurat_scaling,gse49711,meta_Class,None,None,0.981685
accuracy_score,1,HistGradientBoosting,seurat_scaling,gse49711,meta_Class,None,None,0.992633
accuracy_score,2,HistGradientBoosting,seurat_scaling,gse49711,meta_Class,None,None,0.996337
accuracy_score,3,HistGradientBoosting,seurat_scaling,gse49711,meta_Class,None,None,0.996337
accuracy_score,4,HistGradientBoosting,seurat_scaling,gse49711,meta_Class,None,None,0.981685
accuracy_score,5,HistGradientBoosting,seurat_scaling,gse49711,meta_Class,None,None,1.0
accuracy_score,6,HistGradientBoosting,seurat_scaling,gse49711,meta_Class,None,None,0.996337
accuracy_score,7,HistGradientBoosting,seurat_scaling,gse49711,meta_Class,None,None,0.996337
accuracy_score,8,HistGradientBoosting,seurat_scaling,gse49711,meta_Class,None,None,0.996296
accuracy_score,9,HistGradientBoosting,seurat_scaling,gse49711,meta_Class,None,None,0.996296
roc_auc_score,0,RandomForest,seurat_integration,gse49711,meta_Class,None,None,0.983187
roc_auc_score,1,RandomForest,seurat_integration,gse49711,meta_Class,None,None,0.982164
roc_auc_score,2,RandomForest,seurat_integration,gse49711,meta_Class,None,None,0.976326
roc_auc_score,3,RandomForest,seurat_integration,gse49711,meta_Class,None,None,0.986233
roc_auc_score,4,RandomForest,seurat_integration,gse49711,meta_Class,None,None,0.983252
roc_auc_score,5,RandomForest,seurat_integration,gse49711,meta_Class,None,None,0.982747
roc_auc_score,6,RandomForest,seurat_integration,gse49711,meta_Class,None,None,0.980248
roc_auc_score,7,RandomForest,seurat_integration,gse49711,meta_Class,None,None,0.987159
roc_auc_score,8,RandomForest,seurat_integration,gse49711,meta_Class,None,None,0.980934
roc_auc_score,9,RandomForest,seurat_integration,gse49711,meta_Class,None,None,0.982632
mutual_info_score,0,RandomForest,seurat_integration,gse49711,meta_Class,None,None,0.504651
mutual_info_score,1,RandomForest,seurat_integration,gse49711,meta_Class,None,None,0.521803
mutual_info_score,2,RandomForest,seurat_integration,gse49711,meta_Class,None,None,0.469073
mutual_info_score,3,RandomForest,seurat_integration,gse49711,meta_Class,None,None,0.56939
mutual_info_score,4,RandomForest,seurat_integration,gse49711,meta_Class,None,None,0.450155
mutual_info_score,5,RandomForest,seurat_integration,gse49711,meta_Class,None,None,0.521669
mutual_info_score,6,RandomForest,seurat_integration,gse49711,meta_Class,None,None,0.462386
mutual_info_score,7,RandomForest,seurat_integration,gse49711,meta_Class,None,None,0.531705
mutual_info_score,8,RandomForest,seurat_integration,gse49711,meta_Class,None,None,0.550324
mutual_info_score,9,RandomForest,seurat_integration,gse49711,meta_Class,None,None,0.51918
accuracy_score,0,RandomForest,seurat_integration,gse49711,meta_Class,None,None,0.911803
accuracy_score,1,RandomForest,seurat_integration,gse49711,meta_Class,None,None,0.915507
accuracy_score,2,RandomForest,seurat_integration,gse49711,meta_Class,None,None,0.897192
accuracy_score,3,RandomForest,seurat_integration,gse49711,meta_Class,None,None,0.926374
accuracy_score,4,RandomForest,seurat_integration,gse49711,meta_Class,None,None,0.889581
accuracy_score,5,RandomForest,seurat_integration,gse49711,meta_Class,None,None,0.911966
accuracy_score,6,RandomForest,seurat_integration,gse49711,meta_Class,None,None,0.889947
accuracy_score,7,RandomForest,seurat_integration,gse49711,meta_Class,None,None,0.919048
accuracy_score,8,RandomForest,seurat_integration,gse49711,meta_Class,None,None,0.922792
accuracy_score,9,RandomForest,seurat_integration,gse49711,meta_Class,None,None,0.915425
roc_auc_score,0,HistGradientBoosting,seurat_integration,gse49711,meta_Class,None,None,0.999283
roc_auc_score,1,HistGradientBoosting,seurat_integration,gse49711,meta_Class,None,None,0.999815
roc_auc_score,2,HistGradientBoosting,seurat_integration,gse49711,meta_Class,None,None,0.998919
roc_auc_score,3,HistGradientBoosting,seurat_integration,gse49711,meta_Class,None,None,0.999821
roc_auc_score,4,HistGradientBoosting,seurat_integration,gse49711,meta_Class,None,None,1.0
roc_auc_score,5,HistGradientBoosting,seurat_integration,gse49711,meta_Class,None,None,1.0
roc_auc_score,6,HistGradientBoosting,seurat_integration,gse49711,meta_Class,None,None,1.0
roc_auc_score,7,HistGradientBoosting,seurat_integration,gse49711,meta_Class,None,None,0.999821
roc_auc_score,8,HistGradientBoosting,seurat_integration,gse49711,meta_Class,None,None,0.999268
roc_auc_score,9,HistGradientBoosting,seurat_integration,gse49711,meta_Class,None,None,0.999821
mutual_info_score,0,HistGradientBoosting,seurat_integration,gse49711,meta_Class,None,None,0.872753
mutual_info_score,1,HistGradientBoosting,seurat_integration,gse49711,meta_Class,None,None,0.865214
mutual_info_score,2,HistGradientBoosting,seurat_integration,gse49711,meta_Class,None,None,0.753473
mutual_info_score,3,HistGradientBoosting,seurat_integration,gse49711,meta_Class,None,None,0.808497
mutual_info_score,4,HistGradientBoosting,seurat_integration,gse49711,meta_Class,None,None,0.892479
mutual_info_score,5,HistGradientBoosting,seurat_integration,gse49711,meta_Class,None,None,0.865127
mutual_info_score,6,HistGradientBoosting,seurat_integration,gse49711,meta_Class,None,None,0.868874
mutual_info_score,7,HistGradientBoosting,seurat_integration,gse49711,meta_Class,None,None,0.869221
mutual_info_score,8,HistGradientBoosting,seurat_integration,gse49711,meta_Class,None,None,0.818351
mutual_info_score,9,HistGradientBoosting,seurat_integration,gse49711,meta_Class,None,None,0.892479
accuracy_score,0,HistGradientBoosting,seurat_integration,gse49711,meta_Class,None,None,0.992674
accuracy_score,1,HistGradientBoosting,seurat_integration,gse49711,meta_Class,None,None,0.992633
accuracy_score,2,HistGradientBoosting,seurat_integration,gse49711,meta_Class,None,None,0.970574
accuracy_score,3,HistGradientBoosting,seurat_integration,gse49711,meta_Class,None,None,0.981604
accuracy_score,4,HistGradientBoosting,seurat_integration,gse49711,meta_Class,None,None,0.996337
accuracy_score,5,HistGradientBoosting,seurat_integration,gse49711,meta_Class,None,None,0.992633
accuracy_score,6,HistGradientBoosting,seurat_integration,gse49711,meta_Class,None,None,0.992633
accuracy_score,7,HistGradientBoosting,seurat_integration,gse49711,meta_Class,None,None,0.992674
accuracy_score,8,HistGradientBoosting,seurat_integration,gse49711,meta_Class,None,None,0.985307
accuracy_score,9,HistGradientBoosting,seurat_integration,gse49711,meta_Class,None,None,0.996337
roc_auc_score,0,RandomForest,fastMNN,gse49711,meta_Class,None,None,0.528529
roc_auc_score,1,RandomForest,fastMNN,gse49711,meta_Class,None,None,0.499683
roc_auc_score,2,RandomForest,fastMNN,gse49711,meta_Class,None,None,0.515734
roc_auc_score,3,RandomForest,fastMNN,gse49711,meta_Class,None,None,0.493124
roc_auc_score,4,RandomForest,fastMNN,gse49711,meta_Class,None,None,0.60006
roc_auc_score,5,RandomForest,fastMNN,gse49711,meta_Class,None,None,0.551103
roc_auc_score,6,RandomForest,fastMNN,gse49711,meta_Class,None,None,0.565345
roc_auc_score,7,RandomForest,fastMNN,gse49711,meta_Class,None,None,0.518826
roc_auc_score,8,RandomForest,fastMNN,gse49711,meta_Class,None,None,0.594189
roc_auc_score,9,RandomForest,fastMNN,gse49711,meta_Class,None,None,0.583212
mutual_info_score,0,RandomForest,fastMNN,gse49711,meta_Class,None,None,0.007292
mutual_info_score,1,RandomForest,fastMNN,gse49711,meta_Class,None,None,0.001053
mutual_info_score,2,RandomForest,fastMNN,gse49711,meta_Class,None,None,0.004128
mutual_info_score,3,RandomForest,fastMNN,gse49711,meta_Class,None,None,0.004781
mutual_info_score,4,RandomForest,fastMNN,gse49711,meta_Class,None,None,0.002567
mutual_info_score,5,RandomForest,fastMNN,gse49711,meta_Class,None,None,0.007806
mutual_info_score,6,RandomForest,fastMNN,gse49711,meta_Class,None,None,0.009603
mutual_info_score,7,RandomForest,fastMNN,gse49711,meta_Class,None,None,0.018931
mutual_info_score,8,RandomForest,fastMNN,gse49711,meta_Class,None,None,0.009185
mutual_info_score,9,RandomForest,fastMNN,gse49711,meta_Class,None,None,0.024793
accuracy_score,0,RandomForest,fastMNN,gse49711,meta_Class,None,None,0.617542
accuracy_score,1,RandomForest,fastMNN,gse49711,meta_Class,None,None,0.632316
accuracy_score,2,RandomForest,fastMNN,gse49711,meta_Class,None,None,0.617542
accuracy_score,3,RandomForest,fastMNN,gse49711,meta_Class,None,None,0.628775
accuracy_score,4,RandomForest,fastMNN,gse49711,meta_Class,None,None,0.628734
accuracy_score,5,RandomForest,fastMNN,gse49711,meta_Class,None,None,0.647171
accuracy_score,6,RandomForest,fastMNN,gse49711,meta_Class,None,None,0.654375
accuracy_score,7,RandomForest,fastMNN,gse49711,meta_Class,None,None,0.599349
accuracy_score,8,RandomForest,fastMNN,gse49711,meta_Class,None,None,0.639764
accuracy_score,9,RandomForest,fastMNN,gse49711,meta_Class,None,None,0.636264
roc_auc_score,0,HistGradientBoosting,fastMNN,gse49711,meta_Class,None,None,0.925608
roc_auc_score,1,HistGradientBoosting,fastMNN,gse49711,meta_Class,None,None,0.934816
roc_auc_score,2,HistGradientBoosting,fastMNN,gse49711,meta_Class,None,None,0.93633
roc_auc_score,3,HistGradientBoosting,fastMNN,gse49711,meta_Class,None,None,0.933634
roc_auc_score,4,HistGradientBoosting,fastMNN,gse49711,meta_Class,None,None,0.949336
roc_auc_score,5,HistGradientBoosting,fastMNN,gse49711,meta_Class,None,None,0.939944
roc_auc_score,6,HistGradientBoosting,fastMNN,gse49711,meta_Class,None,None,0.942465
roc_auc_score,7,HistGradientBoosting,fastMNN,gse49711,meta_Class,None,None,0.939559
roc_auc_score,8,HistGradientBoosting,fastMNN,gse49711,meta_Class,None,None,0.929159
roc_auc_score,9,HistGradientBoosting,fastMNN,gse49711,meta_Class,None,None,0.944558
mutual_info_score,0,HistGradientBoosting,fastMNN,gse49711,meta_Class,None,None,0.358193
mutual_info_score,1,HistGradientBoosting,fastMNN,gse49711,meta_Class,None,None,0.401888
mutual_info_score,2,HistGradientBoosting,fastMNN,gse49711,meta_Class,None,None,0.408988
mutual_info_score,3,HistGradientBoosting,fastMNN,gse49711,meta_Class,None,None,0.424027
mutual_info_score,4,HistGradientBoosting,fastMNN,gse49711,meta_Class,None,None,0.427085
mutual_info_score,5,HistGradientBoosting,fastMNN,gse49711,meta_Class,None,None,0.392871
mutual_info_score,6,HistGradientBoosting,fastMNN,gse49711,meta_Class,None,None,0.390921
mutual_info_score,7,HistGradientBoosting,fastMNN,gse49711,meta_Class,None,None,0.456811
mutual_info_score,8,HistGradientBoosting,fastMNN,gse49711,meta_Class,None,None,0.394451
mutual_info_score,9,HistGradientBoosting,fastMNN,gse49711,meta_Class,None,None,0.436548
accuracy_score,0,HistGradientBoosting,fastMNN,gse49711,meta_Class,None,None,0.864103
accuracy_score,1,HistGradientBoosting,fastMNN,gse49711,meta_Class,None,None,0.882295
accuracy_score,2,HistGradientBoosting,fastMNN,gse49711,meta_Class,None,None,0.882377
accuracy_score,3,HistGradientBoosting,fastMNN,gse49711,meta_Class,None,None,0.889621
accuracy_score,4,HistGradientBoosting,fastMNN,gse49711,meta_Class,None,None,0.889662
accuracy_score,5,HistGradientBoosting,fastMNN,gse49711,meta_Class,None,None,0.878714
accuracy_score,6,HistGradientBoosting,fastMNN,gse49711,meta_Class,None,None,0.878755
accuracy_score,7,HistGradientBoosting,fastMNN,gse49711,meta_Class,None,None,0.900692
accuracy_score,8,HistGradientBoosting,fastMNN,gse49711,meta_Class,None,None,0.874929
accuracy_score,9,HistGradientBoosting,fastMNN,gse49711,meta_Class,None,None,0.893447
roc_auc_score,0,RandomForest,liger,gse49711,meta_Class,None,None,0.9876
roc_auc_score,1,RandomForest,liger,gse49711,meta_Class,None,None,0.988982
roc_auc_score,2,RandomForest,liger,gse49711,meta_Class,None,None,0.985857
roc_auc_score,3,RandomForest,liger,gse49711,meta_Class,None,None,0.985306
roc_auc_score,4,RandomForest,liger,gse49711,meta_Class,None,None,0.988316
roc_auc_score,5,RandomForest,liger,gse49711,meta_Class,None,None,0.991078
roc_auc_score,6,RandomForest,liger,gse49711,meta_Class,None,None,0.988518
roc_auc_score,7,RandomForest,liger,gse49711,meta_Class,None,None,0.99052
roc_auc_score,8,RandomForest,liger,gse49711,meta_Class,None,None,0.987589
roc_auc_score,9,RandomForest,liger,gse49711,meta_Class,None,None,0.991467
mutual_info_score,0,RandomForest,liger,gse49711,meta_Class,None,None,0.693734
mutual_info_score,1,RandomForest,liger,gse49711,meta_Class,None,None,0.663426
mutual_info_score,2,RandomForest,liger,gse49711,meta_Class,None,None,0.622754
mutual_info_score,3,RandomForest,liger,gse49711,meta_Class,None,None,0.62762
mutual_info_score,4,RandomForest,liger,gse49711,meta_Class,None,None,0.654289
mutual_info_score,5,RandomForest,liger,gse49711,meta_Class,None,None,0.703432
mutual_info_score,6,RandomForest,liger,gse49711,meta_Class,None,None,0.68566
mutual_info_score,7,RandomForest,liger,gse49711,meta_Class,None,None,0.725554
mutual_info_score,8,RandomForest,liger,gse49711,meta_Class,None,None,0.676498
mutual_info_score,9,RandomForest,liger,gse49711,meta_Class,None,None,0.679658
accuracy_score,0,RandomForest,liger,gse49711,meta_Class,None,None,0.959626
accuracy_score,1,RandomForest,liger,gse49711,meta_Class,None,None,0.952137
accuracy_score,2,RandomForest,liger,gse49711,meta_Class,None,None,0.944811
accuracy_score,3,RandomForest,liger,gse49711,meta_Class,None,None,0.944851
accuracy_score,4,RandomForest,liger,gse49711,meta_Class,None,None,0.952137
accuracy_score,5,RandomForest,liger,gse49711,meta_Class,None,None,0.959626
accuracy_score,6,RandomForest,liger,gse49711,meta_Class,None,None,0.955963
accuracy_score,7,RandomForest,liger,gse49711,meta_Class,None,None,0.966952
accuracy_score,8,RandomForest,liger,gse49711,meta_Class,None,None,0.955922
accuracy_score,9,RandomForest,liger,gse49711,meta_Class,None,None,0.952177
roc_auc_score,0,HistGradientBoosting,liger,gse49711,meta_Class,None,None,0.97985
roc_auc_score,1,HistGradientBoosting,liger,gse49711,meta_Class,None,None,0.983842
roc_auc_score,2,HistGradientBoosting,liger,gse49711,meta_Class,None,None,0.983206
roc_auc_score,3,HistGradientBoosting,liger,gse49711,meta_Class,None,None,0.98197
roc_auc_score,4,HistGradientBoosting,liger,gse49711,meta_Class,None,None,0.985176
roc_auc_score,5,HistGradientBoosting,liger,gse49711,meta_Class,None,None,0.979592
roc_auc_score,6,HistGradientBoosting,liger,gse49711,meta_Class,None,None,0.977163
roc_auc_score,7,HistGradientBoosting,liger,gse49711,meta_Class,None,None,0.982696
roc_auc_score,8,HistGradientBoosting,liger,gse49711,meta_Class,None,None,0.97214
roc_auc_score,9,HistGradientBoosting,liger,gse49711,meta_Class,None,None,0.978812
mutual_info_score,0,HistGradientBoosting,liger,gse49711,meta_Class,None,None,0.678411
mutual_info_score,1,HistGradientBoosting,liger,gse49711,meta_Class,None,None,0.638278
mutual_info_score,2,HistGradientBoosting,liger,gse49711,meta_Class,None,None,0.673712
mutual_info_score,3,HistGradientBoosting,liger,gse49711,meta_Class,None,None,0.598026
mutual_info_score,4,HistGradientBoosting,liger,gse49711,meta_Class,None,None,0.746245
mutual_info_score,5,HistGradientBoosting,liger,gse49711,meta_Class,None,None,0.671726
mutual_info_score,6,HistGradientBoosting,liger,gse49711,meta_Class,None,None,0.608338
mutual_info_score,7,HistGradientBoosting,liger,gse49711,meta_Class,None,None,0.691346
mutual_info_score,8,HistGradientBoosting,liger,gse49711,meta_Class,None,None,0.616216
mutual_info_score,9,HistGradientBoosting,liger,gse49711,meta_Class,None,None,0.696304
accuracy_score,0,HistGradientBoosting,liger,gse49711,meta_Class,None,None,0.955963
accuracy_score,1,HistGradientBoosting,liger,gse49711,meta_Class,None,None,0.948474
accuracy_score,2,HistGradientBoosting,liger,gse49711,meta_Class,None,None,0.955922
accuracy_score,3,HistGradientBoosting,liger,gse49711,meta_Class,None,None,0.937485
accuracy_score,4,HistGradientBoosting,liger,gse49711,meta_Class,None,None,0.970533
accuracy_score,5,HistGradientBoosting,liger,gse49711,meta_Class,None,None,0.955922
accuracy_score,6,HistGradientBoosting,liger,gse49711,meta_Class,None,None,0.941148
accuracy_score,7,HistGradientBoosting,liger,gse49711,meta_Class,None,None,0.959626
accuracy_score,8,HistGradientBoosting,liger,gse49711,meta_Class,None,None,0.941188
accuracy_score,9,HistGradientBoosting,liger,gse49711,meta_Class,None,None,0.959626
roc_auc_score,0,RandomForest,wasserstein,gse49711,meta_Class,None,None,1.0
roc_auc_score,1,RandomForest,wasserstein,gse49711,meta_Class,None,None,1.0
roc_auc_score,2,RandomForest,wasserstein,gse49711,meta_Class,None,None,1.0
roc_auc_score,3,RandomForest,wasserstein,gse49711,meta_Class,None,None,1.0
roc_auc_score,4,RandomForest,wasserstein,gse49711,meta_Class,None,None,1.0
roc_auc_score,5,RandomForest,wasserstein,gse49711,meta_Class,None,None,1.0
roc_auc_score,6,RandomForest,wasserstein,gse49711,meta_Class,None,None,1.0
roc_auc_score,7,RandomForest,wasserstein,gse49711,meta_Class,None,None,1.0
roc_auc_score,8,RandomForest,wasserstein,gse49711,meta_Class,None,None,1.0
roc_auc_score,9,RandomForest,wasserstein,gse49711,meta_Class,None,None,1.0
mutual_info_score,0,RandomForest,wasserstein,gse49711,meta_Class,None,None,0.919444
mutual_info_score,1,RandomForest,wasserstein,gse49711,meta_Class,None,None,0.919444
mutual_info_score,2,RandomForest,wasserstein,gse49711,meta_Class,None,None,0.919444
mutual_info_score,3,RandomForest,wasserstein,gse49711,meta_Class,None,None,0.919444
mutual_info_score,4,RandomForest,wasserstein,gse49711,meta_Class,None,None,0.919444
mutual_info_score,5,RandomForest,wasserstein,gse49711,meta_Class,None,None,0.919444
mutual_info_score,6,RandomForest,wasserstein,gse49711,meta_Class,None,None,0.919444
mutual_info_score,7,RandomForest,wasserstein,gse49711,meta_Class,None,None,0.919444
mutual_info_score,8,RandomForest,wasserstein,gse49711,meta_Class,None,None,0.919444
mutual_info_score,9,RandomForest,wasserstein,gse49711,meta_Class,None,None,0.919444
accuracy_score,0,RandomForest,wasserstein,gse49711,meta_Class,None,None,1.0
accuracy_score,1,RandomForest,wasserstein,gse49711,meta_Class,None,None,1.0
accuracy_score,2,RandomForest,wasserstein,gse49711,meta_Class,None,None,1.0
accuracy_score,3,RandomForest,wasserstein,gse49711,meta_Class,None,None,1.0
accuracy_score,4,RandomForest,wasserstein,gse49711,meta_Class,None,None,1.0
accuracy_score,5,RandomForest,wasserstein,gse49711,meta_Class,None,None,1.0
accuracy_score,6,RandomForest,wasserstein,gse49711,meta_Class,None,None,1.0
accuracy_score,7,RandomForest,wasserstein,gse49711,meta_Class,None,None,1.0
accuracy_score,8,RandomForest,wasserstein,gse49711,meta_Class,None,None,1.0
accuracy_score,9,RandomForest,wasserstein,gse49711,meta_Class,None,None,1.0
roc_auc_score,0,HistGradientBoosting,wasserstein,gse49711,meta_Class,None,None,0.973118
roc_auc_score,1,HistGradientBoosting,wasserstein,gse49711,meta_Class,None,None,1.0
roc_auc_score,2,HistGradientBoosting,wasserstein,gse49711,meta_Class,None,None,1.0
roc_auc_score,3,HistGradientBoosting,wasserstein,gse49711,meta_Class,None,None,1.0
roc_auc_score,4,HistGradientBoosting,wasserstein,gse49711,meta_Class,None,None,0.973118
roc_auc_score,5,HistGradientBoosting,wasserstein,gse49711,meta_Class,None,None,1.0
roc_auc_score,6,HistGradientBoosting,wasserstein,gse49711,meta_Class,None,None,1.0
roc_auc_score,7,HistGradientBoosting,wasserstein,gse49711,meta_Class,None,None,1.0
roc_auc_score,8,HistGradientBoosting,wasserstein,gse49711,meta_Class,None,None,1.0
roc_auc_score,9,HistGradientBoosting,wasserstein,gse49711,meta_Class,None,None,1.0
mutual_info_score,0,HistGradientBoosting,wasserstein,gse49711,meta_Class,None,None,0.826291
mutual_info_score,1,HistGradientBoosting,wasserstein,gse49711,meta_Class,None,None,0.845269
mutual_info_score,2,HistGradientBoosting,wasserstein,gse49711,meta_Class,None,None,0.892179
mutual_info_score,3,HistGradientBoosting,wasserstein,gse49711,meta_Class,None,None,0.892479
mutual_info_score,4,HistGradientBoosting,wasserstein,gse49711,meta_Class,None,None,0.826291
mutual_info_score,5,HistGradientBoosting,wasserstein,gse49711,meta_Class,None,None,0.892479
mutual_info_score,6,HistGradientBoosting,wasserstein,gse49711,meta_Class,None,None,0.872753
mutual_info_score,7,HistGradientBoosting,wasserstein,gse49711,meta_Class,None,None,0.892479
mutual_info_score,8,HistGradientBoosting,wasserstein,gse49711,meta_Class,None,None,0.892179
mutual_info_score,9,HistGradientBoosting,wasserstein,gse49711,meta_Class,None,None,0.892179
accuracy_score,0,HistGradientBoosting,wasserstein,gse49711,meta_Class,None,None,0.981685
accuracy_score,1,HistGradientBoosting,wasserstein,gse49711,meta_Class,None,None,0.98893
accuracy_score,2,HistGradientBoosting,wasserstein,gse49711,meta_Class,None,None,0.996296
accuracy_score,3,HistGradientBoosting,wasserstein,gse49711,meta_Class,None,None,0.996337
accuracy_score,4,HistGradientBoosting,wasserstein,gse49711,meta_Class,None,None,0.981685
accuracy_score,5,HistGradientBoosting,wasserstein,gse49711,meta_Class,None,None,0.996337
accuracy_score,6,HistGradientBoosting,wasserstein,gse49711,meta_Class,None,None,0.992674
accuracy_score,7,HistGradientBoosting,wasserstein,gse49711,meta_Class,None,None,0.996337
accuracy_score,8,HistGradientBoosting,wasserstein,gse49711,meta_Class,None,None,0.996296
accuracy_score,9,HistGradientBoosting,wasserstein,gse49711,meta_Class,None,None,0.996296
roc_auc_score,0,RandomForest,non_monotonic,gse49711,meta_Class,None,None,0.995747
roc_auc_score,1,RandomForest,non_monotonic,gse49711,meta_Class,None,None,0.996545
roc_auc_score,2,RandomForest,non_monotonic,gse49711,meta_Class,None,None,0.995057
roc_auc_score,3,RandomForest,non_monotonic,gse49711,meta_Class,None,None,0.995008
roc_auc_score,4,RandomForest,non_monotonic,gse49711,meta_Class,None,None,0.99549
roc_auc_score,5,RandomForest,non_monotonic,gse49711,meta_Class,None,None,0.995726
roc_auc_score,6,RandomForest,non_monotonic,gse49711,meta_Class,None,None,0.997802
roc_auc_score,7,RandomForest,non_monotonic,gse49711,meta_Class,None,None,0.995886
roc_auc_score,8,RandomForest,non_monotonic,gse49711,meta_Class,None,None,0.996058
roc_auc_score,9,RandomForest,non_monotonic,gse49711,meta_Class,None,None,0.994637
mutual_info_score,0,RandomForest,non_monotonic,gse49711,meta_Class,None,None,0.788632
mutual_info_score,1,RandomForest,non_monotonic,gse49711,meta_Class,None,None,0.75898
mutual_info_score,2,RandomForest,non_monotonic,gse49711,meta_Class,None,None,0.769457
mutual_info_score,3,RandomForest,non_monotonic,gse49711,meta_Class,None,None,0.772721
mutual_info_score,4,RandomForest,non_monotonic,gse49711,meta_Class,None,None,0.779466
mutual_info_score,5,RandomForest,non_monotonic,gse49711,meta_Class,None,None,0.764563
mutual_info_score,6,RandomForest,non_monotonic,gse49711,meta_Class,None,None,0.772731
mutual_info_score,7,RandomForest,non_monotonic,gse49711,meta_Class,None,None,0.780098
mutual_info_score,8,RandomForest,non_monotonic,gse49711,meta_Class,None,None,0.776998
mutual_info_score,9,RandomForest,non_monotonic,gse49711,meta_Class,None,None,0.765027
accuracy_score,0,RandomForest,non_monotonic,gse49711,meta_Class,None,None,0.970696
accuracy_score,1,RandomForest,non_monotonic,gse49711,meta_Class,None,None,0.966911
accuracy_score,2,RandomForest,non_monotonic,gse49711,meta_Class,None,None,0.966952
accuracy_score,3,RandomForest,non_monotonic,gse49711,meta_Class,None,None,0.970615
accuracy_score,4,RandomForest,non_monotonic,gse49711,meta_Class,None,None,0.970615
accuracy_score,5,RandomForest,non_monotonic,gse49711,meta_Class,None,None,0.96687
accuracy_score,6,RandomForest,non_monotonic,gse49711,meta_Class,None,None,0.970574
accuracy_score,7,RandomForest,non_monotonic,gse49711,meta_Class,None,None,0.970615
accuracy_score,8,RandomForest,non_monotonic,gse49711,meta_Class,None,None,0.970533
accuracy_score,9,RandomForest,non_monotonic,gse49711,meta_Class,None,None,0.966992
roc_auc_score,0,HistGradientBoosting,non_monotonic,gse49711,meta_Class,None,None,0.993164
roc_auc_score,1,HistGradientBoosting,non_monotonic,gse49711,meta_Class,None,None,0.9971
roc_auc_score,2,HistGradientBoosting,non_monotonic,gse49711,meta_Class,None,None,0.989506
roc_auc_score,3,HistGradientBoosting,non_monotonic,gse49711,meta_Class,None,None,0.989632
roc_auc_score,4,HistGradientBoosting,non_monotonic,gse49711,meta_Class,None,None,0.985557
roc_auc_score,5,HistGradientBoosting,non_monotonic,gse49711,meta_Class,None,None,0.996031
roc_auc_score,6,HistGradientBoosting,non_monotonic,gse49711,meta_Class,None,None,0.993968
roc_auc_score,7,HistGradientBoosting,non_monotonic,gse49711,meta_Class,None,None,0.977433
roc_auc_score,8,HistGradientBoosting,non_monotonic,gse49711,meta_Class,None,None,0.987483
roc_auc_score,9,HistGradientBoosting,non_monotonic,gse49711,meta_Class,None,None,0.99656
mutual_info_score,0,HistGradientBoosting,non_monotonic,gse49711,meta_Class,None,None,0.735342
mutual_info_score,1,HistGradientBoosting,non_monotonic,gse49711,meta_Class,None,None,0.802827
mutual_info_score,2,HistGradientBoosting,non_monotonic,gse49711,meta_Class,None,None,0.726969
mutual_info_score,3,HistGradientBoosting,non_monotonic,gse49711,meta_Class,None,None,0.786472
mutual_info_score,4,HistGradientBoosting,non_monotonic,gse49711,meta_Class,None,None,0.752731
mutual_info_score,5,HistGradientBoosting,non_monotonic,gse49711,meta_Class,None,None,0.750698
mutual_info_score,6,HistGradientBoosting,non_monotonic,gse49711,meta_Class,None,None,0.772731
mutual_info_score,7,HistGradientBoosting,non_monotonic,gse49711,meta_Class,None,None,0.73729
mutual_info_score,8,HistGradientBoosting,non_monotonic,gse49711,meta_Class,None,None,0.762655
mutual_info_score,9,HistGradientBoosting,non_monotonic,gse49711,meta_Class,None,None,0.765027
accuracy_score,0,HistGradientBoosting,non_monotonic,gse49711,meta_Class,None,None,0.963329
accuracy_score,1,HistGradientBoosting,non_monotonic,gse49711,meta_Class,None,None,0.977941
accuracy_score,2,HistGradientBoosting,non_monotonic,gse49711,meta_Class,None,None,0.963289
accuracy_score,3,HistGradientBoosting,non_monotonic,gse49711,meta_Class,None,None,0.974278
accuracy_score,4,HistGradientBoosting,non_monotonic,gse49711,meta_Class,None,None,0.966911
accuracy_score,5,HistGradientBoosting,non_monotonic,gse49711,meta_Class,None,None,0.966911
accuracy_score,6,HistGradientBoosting,non_monotonic,gse49711,meta_Class,None,None,0.970574
accuracy_score,7,HistGradientBoosting,non_monotonic,gse49711,meta_Class,None,None,0.963289
accuracy_score,8,HistGradientBoosting,non_monotonic,gse49711,meta_Class,None,None,0.966829
accuracy_score,9,HistGradientBoosting,non_monotonic,gse49711,meta_Class,None,None,0.966992
roc_auc_score,0,RandomForest,min_mean,gse20194,meta_batch,None,None,0.953521
roc_auc_score,1,RandomForest,min_mean,gse20194,meta_batch,None,None,0.943274
roc_auc_score,2,RandomForest,min_mean,gse20194,meta_batch,None,None,0.971369
roc_auc_score,3,RandomForest,min_mean,gse20194,meta_batch,None,None,0.962176
roc_auc_score,4,RandomForest,min_mean,gse20194,meta_batch,None,None,0.969391
roc_auc_score,5,RandomForest,min_mean,gse20194,meta_batch,None,None,0.985282
roc_auc_score,6,RandomForest,min_mean,gse20194,meta_batch,None,None,0.975478
roc_auc_score,7,RandomForest,min_mean,gse20194,meta_batch,None,None,0.975427
roc_auc_score,8,RandomForest,min_mean,gse20194,meta_batch,None,None,0.968991
roc_auc_score,9,RandomForest,min_mean,gse20194,meta_batch,None,None,0.976207
mutual_info_score,0,RandomForest,min_mean,gse20194,meta_batch,None,None,0.340784
mutual_info_score,1,RandomForest,min_mean,gse20194,meta_batch,None,None,0.370269
mutual_info_score,2,RandomForest,min_mean,gse20194,meta_batch,None,None,0.565934
mutual_info_score,3,RandomForest,min_mean,gse20194,meta_batch,None,None,0.440803
mutual_info_score,4,RandomForest,min_mean,gse20194,meta_batch,None,None,0.470548
mutual_info_score,5,RandomForest,min_mean,gse20194,meta_batch,None,None,0.518315
mutual_info_score,6,RandomForest,min_mean,gse20194,meta_batch,None,None,0.469714
mutual_info_score,7,RandomForest,min_mean,gse20194,meta_batch,None,None,0.48402
mutual_info_score,8,RandomForest,min_mean,gse20194,meta_batch,None,None,0.384137
mutual_info_score,9,RandomForest,min_mean,gse20194,meta_batch,None,None,0.464008
accuracy_score,0,RandomForest,min_mean,gse20194,meta_batch,None,None,0.824561
accuracy_score,1,RandomForest,min_mean,gse20194,meta_batch,None,None,0.828947
accuracy_score,2,RandomForest,min_mean,gse20194,meta_batch,None,None,0.899123
accuracy_score,3,RandomForest,min_mean,gse20194,meta_batch,None,None,0.859649
accuracy_score,4,RandomForest,min_mean,gse20194,meta_batch,None,None,0.868421
accuracy_score,5,RandomForest,min_mean,gse20194,meta_batch,None,None,0.872807
accuracy_score,6,RandomForest,min_mean,gse20194,meta_batch,None,None,0.864035
accuracy_score,7,RandomForest,min_mean,gse20194,meta_batch,None,None,0.872807
accuracy_score,8,RandomForest,min_mean,gse20194,meta_batch,None,None,0.837719
accuracy_score,9,RandomForest,min_mean,gse20194,meta_batch,None,None,0.877193
roc_auc_score,0,HistGradientBoosting,min_mean,gse20194,meta_batch,None,None,0.957654
roc_auc_score,1,HistGradientBoosting,min_mean,gse20194,meta_batch,None,None,0.982079
roc_auc_score,2,HistGradientBoosting,min_mean,gse20194,meta_batch,None,None,0.989899
roc_auc_score,3,HistGradientBoosting,min_mean,gse20194,meta_batch,None,None,0.972158
roc_auc_score,4,HistGradientBoosting,min_mean,gse20194,meta_batch,None,None,0.981158
roc_auc_score,5,HistGradientBoosting,min_mean,gse20194,meta_batch,None,None,0.990543
roc_auc_score,6,HistGradientBoosting,min_mean,gse20194,meta_batch,None,None,0.983021
roc_auc_score,7,HistGradientBoosting,min_mean,gse20194,meta_batch,None,None,0.981374
roc_auc_score,8,HistGradientBoosting,min_mean,gse20194,meta_batch,None,None,0.99528
roc_auc_score,9,HistGradientBoosting,min_mean,gse20194,meta_batch,None,None,0.986818
mutual_info_score,0,HistGradientBoosting,min_mean,gse20194,meta_batch,None,None,0.580954
mutual_info_score,1,HistGradientBoosting,min_mean,gse20194,meta_batch,None,None,0.627234
mutual_info_score,2,HistGradientBoosting,min_mean,gse20194,meta_batch,None,None,0.711666
mutual_info_score,3,HistGradientBoosting,min_mean,gse20194,meta_batch,None,None,0.610735
mutual_info_score,4,HistGradientBoosting,min_mean,gse20194,meta_batch,None,None,0.608775
mutual_info_score,5,HistGradientBoosting,min_mean,gse20194,meta_batch,None,None,0.749527
mutual_info_score,6,HistGradientBoosting,min_mean,gse20194,meta_batch,None,None,0.706588
mutual_info_score,7,HistGradientBoosting,min_mean,gse20194,meta_batch,None,None,0.671881
mutual_info_score,8,HistGradientBoosting,min_mean,gse20194,meta_batch,None,None,0.745489
mutual_info_score,9,HistGradientBoosting,min_mean,gse20194,meta_batch,None,None,0.677353
accuracy_score,0,HistGradientBoosting,min_mean,gse20194,meta_batch,None,None,0.912281
accuracy_score,1,HistGradientBoosting,min_mean,gse20194,meta_batch,None,None,0.921053
accuracy_score,2,HistGradientBoosting,min_mean,gse20194,meta_batch,None,None,0.938596
accuracy_score,3,HistGradientBoosting,min_mean,gse20194,meta_batch,None,None,0.921053
accuracy_score,4,HistGradientBoosting,min_mean,gse20194,meta_batch,None,None,0.921053
accuracy_score,5,HistGradientBoosting,min_mean,gse20194,meta_batch,None,None,0.95614
accuracy_score,6,HistGradientBoosting,min_mean,gse20194,meta_batch,None,None,0.947368
accuracy_score,7,HistGradientBoosting,min_mean,gse20194,meta_batch,None,None,0.938596
accuracy_score,8,HistGradientBoosting,min_mean,gse20194,meta_batch,None,None,0.951754
accuracy_score,9,HistGradientBoosting,min_mean,gse20194,meta_batch,None,None,0.938596
roc_auc_score,0,RandomForest,min_mean,gse24080,meta_batch,None,None,0.997469
roc_auc_score,1,RandomForest,min_mean,gse24080,meta_batch,None,None,0.999253
roc_auc_score,2,RandomForest,min_mean,gse24080,meta_batch,None,None,0.997783
roc_auc_score,3,RandomForest,min_mean,gse24080,meta_batch,None,None,0.999774
roc_auc_score,4,RandomForest,min_mean,gse24080,meta_batch,None,None,0.99805
roc_auc_score,5,RandomForest,min_mean,gse24080,meta_batch,None,None,0.994599
roc_auc_score,6,RandomForest,min_mean,gse24080,meta_batch,None,None,0.999214
roc_auc_score,7,RandomForest,min_mean,gse24080,meta_batch,None,None,0.996847
roc_auc_score,8,RandomForest,min_mean,gse24080,meta_batch,None,None,0.997112
roc_auc_score,9,RandomForest,min_mean,gse24080,meta_batch,None,None,0.998489
mutual_info_score,0,RandomForest,min_mean,gse24080,meta_batch,None,None,0.729793
mutual_info_score,1,RandomForest,min_mean,gse24080,meta_batch,None,None,0.892859
mutual_info_score,2,RandomForest,min_mean,gse24080,meta_batch,None,None,0.787774
mutual_info_score,3,RandomForest,min_mean,gse24080,meta_batch,None,None,0.799664
mutual_info_score,4,RandomForest,min_mean,gse24080,meta_batch,None,None,0.779845
mutual_info_score,5,RandomForest,min_mean,gse24080,meta_batch,None,None,0.772719
mutual_info_score,6,RandomForest,min_mean,gse24080,meta_batch,None,None,0.797767
mutual_info_score,7,RandomForest,min_mean,gse24080,meta_batch,None,None,0.750217
mutual_info_score,8,RandomForest,min_mean,gse24080,meta_batch,None,None,0.805222
mutual_info_score,9,RandomForest,min_mean,gse24080,meta_batch,None,None,0.811469
accuracy_score,0,RandomForest,min_mean,gse24080,meta_batch,None,None,0.958392
accuracy_score,1,RandomForest,min_mean,gse24080,meta_batch,None,None,0.990952
accuracy_score,2,RandomForest,min_mean,gse24080,meta_batch,None,None,0.971063
accuracy_score,3,RandomForest,min_mean,gse24080,meta_batch,None,None,0.972865
accuracy_score,4,RandomForest,min_mean,gse24080,meta_batch,None,None,0.969281
accuracy_score,5,RandomForest,min_mean,gse24080,meta_batch,None,None,0.96743
accuracy_score,6,RandomForest,min_mean,gse24080,meta_batch,None,None,0.972865
accuracy_score,7,RandomForest,min_mean,gse24080,meta_batch,None,None,0.961996
accuracy_score,8,RandomForest,min_mean,gse24080,meta_batch,None,None,0.971024
accuracy_score,9,RandomForest,min_mean,gse24080,meta_batch,None,None,0.974657
roc_auc_score,0,HistGradientBoosting,min_mean,gse24080,meta_batch,None,None,0.990895
roc_auc_score,1,HistGradientBoosting,min_mean,gse24080,meta_batch,None,None,0.997055
roc_auc_score,2,HistGradientBoosting,min_mean,gse24080,meta_batch,None,None,0.99288
roc_auc_score,3,HistGradientBoosting,min_mean,gse24080,meta_batch,None,None,0.993329
roc_auc_score,4,HistGradientBoosting,min_mean,gse24080,meta_batch,None,None,0.992787
roc_auc_score,5,HistGradientBoosting,min_mean,gse24080,meta_batch,None,None,0.99679
roc_auc_score,6,HistGradientBoosting,min_mean,gse24080,meta_batch,None,None,0.995003
roc_auc_score,7,HistGradientBoosting,min_mean,gse24080,meta_batch,None,None,0.992459
roc_auc_score,8,HistGradientBoosting,min_mean,gse24080,meta_batch,None,None,0.994211
roc_auc_score,9,HistGradientBoosting,min_mean,gse24080,meta_batch,None,None,0.991474
mutual_info_score,0,HistGradientBoosting,min_mean,gse24080,meta_batch,None,None,0.688615
mutual_info_score,1,HistGradientBoosting,min_mean,gse24080,meta_batch,None,None,0.80118
mutual_info_score,2,HistGradientBoosting,min_mean,gse24080,meta_batch,None,None,0.704916
mutual_info_score,3,HistGradientBoosting,min_mean,gse24080,meta_batch,None,None,0.734526
mutual_info_score,4,HistGradientBoosting,min_mean,gse24080,meta_batch,None,None,0.684325
mutual_info_score,5,HistGradientBoosting,min_mean,gse24080,meta_batch,None,None,0.778047
mutual_info_score,6,HistGradientBoosting,min_mean,gse24080,meta_batch,None,None,0.72421
mutual_info_score,7,HistGradientBoosting,min_mean,gse24080,meta_batch,None,None,0.686154
mutual_info_score,8,HistGradientBoosting,min_mean,gse24080,meta_batch,None,None,0.732601
mutual_info_score,9,HistGradientBoosting,min_mean,gse24080,meta_batch,None,None,0.661648
accuracy_score,0,HistGradientBoosting,min_mean,gse24080,meta_batch,None,None,0.951214
accuracy_score,1,HistGradientBoosting,min_mean,gse24080,meta_batch,None,None,0.974667
accuracy_score,2,HistGradientBoosting,min_mean,gse24080,meta_batch,None,None,0.954779
accuracy_score,3,HistGradientBoosting,min_mean,gse24080,meta_batch,None,None,0.962015
accuracy_score,4,HistGradientBoosting,min_mean,gse24080,meta_batch,None,None,0.949344
accuracy_score,5,HistGradientBoosting,min_mean,gse24080,meta_batch,None,None,0.971093
accuracy_score,6,HistGradientBoosting,min_mean,gse24080,meta_batch,None,None,0.960223
accuracy_score,7,HistGradientBoosting,min_mean,gse24080,meta_batch,None,None,0.949373
accuracy_score,8,HistGradientBoosting,min_mean,gse24080,meta_batch,None,None,0.962035
accuracy_score,9,HistGradientBoosting,min_mean,gse24080,meta_batch,None,None,0.942098
